Che1860: Cherokee New Testament (1860) with Sequoyah transliterated forms

== Genesis 1 ==
1. 
2. 
3. 
4. 
5. 
6. 
7. 
8. 
9. 
10. 
11. 
12. 
13. 
14. 
15. 
16. 
17. 
18. 
19. 
20. 
21. 
22. 
23. 
24. 
25. 
26. 
27. 
28. 
29. 
30. 
31. 

== Genesis 2 ==
1. 
2. 
3. 
4. 
5. 
6. 
7. 
8. 
9. 
10. 
11. 
12. 
13. 
14. 
15. 
16. 
17. 
18. 
19. 
20. 
21. 
22. 
23. 
24. 
25. 

== Genesis 3 ==
1. 
2. 
3. 
4. 
5. 
6. 
7. 
8. 
9. 
10. 
11. 
12. 
13. 
14. 
15. 
16. 
17. 
18. 
19. 
20. 
21. 
22. 
23. 
24. 

== Genesis 4 ==
1. 
2. 
3. 
4. 
5. 
6. 
7. 
8. 
9. 
10. 
11. 
12. 
13. 
14. 
15. 
16. 
17. 
18. 
19. 
20. 
21. 
22. 
23. 
24. 
25. 
26. 

== Genesis 5 ==
1. 
2. 
3. 
4. 
5. 
6. 
7. 
8. 
9. 
10. 
11. 
12. 
13. 
14. 
15. 
16. 
17. 
18. 
19. 
20. 
21. 
22. 
23. 
24. 
25. 
26. 
27. 
28. 
29. 
30. 
31. 
32. 

== Genesis 6 ==
1. 
2. 
3. 
4. 
5. 
6. 
7. 
8. 
9. 
10. 
11. 
12. 
13. 
14. 
15. 
16. 
17. 
18. 
19. 
20. 
21. 
22. 

== Genesis 7 ==
1. 
2. 
3. 
4. 
5. 
6. 
7. 
8. 
9. 
10. 
11. 
12. 
13. 
14. 
15. 
16. 
17. 
18. 
19. 
20. 
21. 
22. 
23. 
24. 

== Genesis 8 ==
1. 
2. 
3. 
4. 
5. 
6. 
7. 
8. 
9. 
10. 
11. 
12. 
13. 
14. 
15. 
16. 
17. 
18. 
19. 
20. 
21. 
22. 

== Genesis 9 ==
1. 
2. 
3. 
4. 
5. 
6. 
7. 
8. 
9. 
10. 
11. 
12. 
13. 
14. 
15. 
16. 
17. 
18. 
19. 
20. 
21. 
22. 
23. 
24. 
25. 
26. 
27. 
28. 
29. 

== Genesis 10 ==
1. 
2. 
3. 
4. 
5. 
6. 
7. 
8. 
9. 
10. 
11. 
12. 
13. 
14. 
15. 
16. 
17. 
18. 
19. 
20. 
21. 
22. 
23. 
24. 
25. 
26. 
27. 
28. 
29. 
30. 
31. 
32. 

== Genesis 11 ==
1. 
2. 
3. 
4. 
5. 
6. 
7. 
8. 
9. 
10. 
11. 
12. 
13. 
14. 
15. 
16. 
17. 
18. 
19. 
20. 
21. 
22. 
23. 
24. 
25. 
26. 
27. 
28. 
29. 
30. 
31. 
32. 

== Genesis 12 ==
1. 
2. 
3. 
4. 
5. 
6. 
7. 
8. 
9. 
10. 
11. 
12. 
13. 
14. 
15. 
16. 
17. 
18. 
19. 
20. 

== Genesis 13 ==
1. 
2. 
3. 
4. 
5. 
6. 
7. 
8. 
9. 
10. 
11. 
12. 
13. 
14. 
15. 
16. 
17. 
18. 

== Genesis 14 ==
1. 
2. 
3. 
4. 
5. 
6. 
7. 
8. 
9. 
10. 
11. 
12. 
13. 
14. 
15. 
16. 
17. 
18. 
19. 
20. 
21. 
22. 
23. 
24. 

== Genesis 15 ==
1. 
2. 
3. 
4. 
5. 
6. 
7. 
8. 
9. 
10. 
11. 
12. 
13. 
14. 
15. 
16. 
17. 
18. 
19. 
20. 
21. 

== Genesis 16 ==
1. 
2. 
3. 
4. 
5. 
6. 
7. 
8. 
9. 
10. 
11. 
12. 
13. 
14. 
15. 
16. 

== Genesis 17 ==
1. 
2. 
3. 
4. 
5. 
6. 
7. 
8. 
9. 
10. 
11. 
12. 
13. 
14. 
15. 
16. 
17. 
18. 
19. 
20. 
21. 
22. 
23. 
24. 
25. 
26. 
27. 

== Genesis 18 ==
1. 
2. 
3. 
4. 
5. 
6. 
7. 
8. 
9. 
10. 
11. 
12. 
13. 
14. 
15. 
16. 
17. 
18. 
19. 
20. 
21. 
22. 
23. 
24. 
25. 
26. 
27. 
28. 
29. 
30. 
31. 
32. 
33. 

== Genesis 19 ==
1. 
2. 
3. 
4. 
5. 
6. 
7. 
8. 
9. 
10. 
11. 
12. 
13. 
14. 
15. 
16. 
17. 
18. 
19. 
20. 
21. 
22. 
23. 
24. 
25. 
26. 
27. 
28. 
29. 
30. 
31. 
32. 
33. 
34. 
35. 
36. 
37. 
38. 

== Genesis 20 ==
1. 
2. 
3. 
4. 
5. 
6. 
7. 
8. 
9. 
10. 
11. 
12. 
13. 
14. 
15. 
16. 
17. 
18. 

== Genesis 21 ==
1. 
2. 
3. 
4. 
5. 
6. 
7. 
8. 
9. 
10. 
11. 
12. 
13. 
14. 
15. 
16. 
17. 
18. 
19. 
20. 
21. 
22. 
23. 
24. 
25. 
26. 
27. 
28. 
29. 
30. 
31. 
32. 
33. 
34. 

== Genesis 22 ==
1. 
2. 
3. 
4. 
5. 
6. 
7. 
8. 
9. 
10. 
11. 
12. 
13. 
14. 
15. 
16. 
17. 
18. 
19. 
20. 
21. 
22. 
23. 
24. 

== Genesis 23 ==
1. 
2. 
3. 
4. 
5. 
6. 
7. 
8. 
9. 
10. 
11. 
12. 
13. 
14. 
15. 
16. 
17. 
18. 
19. 
20. 

== Genesis 24 ==
1. 
2. 
3. 
4. 
5. 
6. 
7. 
8. 
9. 
10. 
11. 
12. 
13. 
14. 
15. 
16. 
17. 
18. 
19. 
20. 
21. 
22. 
23. 
24. 
25. 
26. 
27. 
28. 
29. 
30. 
31. 
32. 
33. 
34. 
35. 
36. 
37. 
38. 
39. 
40. 
41. 
42. 
43. 
44. 
45. 
46. 
47. 
48. 
49. 
50. 
51. 
52. 
53. 
54. 
55. 
56. 
57. 
58. 
59. 
60. 
61. 
62. 
63. 
64. 
65. 
66. 
67. 

== Genesis 25 ==
1. 
2. 
3. 
4. 
5. 
6. 
7. 
8. 
9. 
10. 
11. 
12. 
13. 
14. 
15. 
16. 
17. 
18. 
19. 
20. 
21. 
22. 
23. 
24. 
25. 
26. 
27. 
28. 
29. 
30. 
31. 
32. 
33. 
34. 

== Genesis 26 ==
1. 
2. 
3. 
4. 
5. 
6. 
7. 
8. 
9. 
10. 
11. 
12. 
13. 
14. 
15. 
16. 
17. 
18. 
19. 
20. 
21. 
22. 
23. 
24. 
25. 
26. 
27. 
28. 
29. 
30. 
31. 
32. 
33. 
34. 
35. 

== Genesis 27 ==
1. 
2. 
3. 
4. 
5. 
6. 
7. 
8. 
9. 
10. 
11. 
12. 
13. 
14. 
15. 
16. 
17. 
18. 
19. 
20. 
21. 
22. 
23. 
24. 
25. 
26. 
27. 
28. 
29. 
30. 
31. 
32. 
33. 
34. 
35. 
36. 
37. 
38. 
39. 
40. 
41. 
42. 
43. 
44. 
45. 
46. 

== Genesis 28 ==
1. 
2. 
3. 
4. 
5. 
6. 
7. 
8. 
9. 
10. 
11. 
12. 
13. 
14. 
15. 
16. 
17. 
18. 
19. 
20. 
21. 
22. 

== Genesis 29 ==
1. 
2. 
3. 
4. 
5. 
6. 
7. 
8. 
9. 
10. 
11. 
12. 
13. 
14. 
15. 
16. 
17. 
18. 
19. 
20. 
21. 
22. 
23. 
24. 
25. 
26. 
27. 
28. 
29. 
30. 
31. 
32. 
33. 
34. 
35. 

== Genesis 30 ==
1. 
2. 
3. 
4. 
5. 
6. 
7. 
8. 
9. 
10. 
11. 
12. 
13. 
14. 
15. 
16. 
17. 
18. 
19. 
20. 
21. 
22. 
23. 
24. 
25. 
26. 
27. 
28. 
29. 
30. 
31. 
32. 
33. 
34. 
35. 
36. 
37. 
38. 
39. 
40. 
41. 
42. 
43. 

== Genesis 31 ==
1. 
2. 
3. 
4. 
5. 
6. 
7. 
8. 
9. 
10. 
11. 
12. 
13. 
14. 
15. 
16. 
17. 
18. 
19. 
20. 
21. 
22. 
23. 
24. 
25. 
26. 
27. 
28. 
29. 
30. 
31. 
32. 
33. 
34. 
35. 
36. 
37. 
38. 
39. 
40. 
41. 
42. 
43. 
44. 
45. 
46. 
47. 
48. 
49. 
50. 
51. 
52. 
53. 
54. 
55. 

== Genesis 32 ==
1. 
2. 
3. 
4. 
5. 
6. 
7. 
8. 
9. 
10. 
11. 
12. 
13. 
14. 
15. 
16. 
17. 
18. 
19. 
20. 
21. 
22. 
23. 
24. 
25. 
26. 
27. 
28. 
29. 
30. 
31. 
32. 

== Genesis 33 ==
1. 
2. 
3. 
4. 
5. 
6. 
7. 
8. 
9. 
10. 
11. 
12. 
13. 
14. 
15. 
16. 
17. 
18. 
19. 
20. 

== Genesis 34 ==
1. 
2. 
3. 
4. 
5. 
6. 
7. 
8. 
9. 
10. 
11. 
12. 
13. 
14. 
15. 
16. 
17. 
18. 
19. 
20. 
21. 
22. 
23. 
24. 
25. 
26. 
27. 
28. 
29. 
30. 
31. 

== Genesis 35 ==
1. 
2. 
3. 
4. 
5. 
6. 
7. 
8. 
9. 
10. 
11. 
12. 
13. 
14. 
15. 
16. 
17. 
18. 
19. 
20. 
21. 
22. 
23. 
24. 
25. 
26. 
27. 
28. 
29. 

== Genesis 36 ==
1. 
2. 
3. 
4. 
5. 
6. 
7. 
8. 
9. 
10. 
11. 
12. 
13. 
14. 
15. 
16. 
17. 
18. 
19. 
20. 
21. 
22. 
23. 
24. 
25. 
26. 
27. 
28. 
29. 
30. 
31. 
32. 
33. 
34. 
35. 
36. 
37. 
38. 
39. 
40. 
41. 
42. 
43. 

== Genesis 37 ==
1. 
2. 
3. 
4. 
5. 
6. 
7. 
8. 
9. 
10. 
11. 
12. 
13. 
14. 
15. 
16. 
17. 
18. 
19. 
20. 
21. 
22. 
23. 
24. 
25. 
26. 
27. 
28. 
29. 
30. 
31. 
32. 
33. 
34. 
35. 
36. 

== Genesis 38 ==
1. 
2. 
3. 
4. 
5. 
6. 
7. 
8. 
9. 
10. 
11. 
12. 
13. 
14. 
15. 
16. 
17. 
18. 
19. 
20. 
21. 
22. 
23. 
24. 
25. 
26. 
27. 
28. 
29. 
30. 

== Genesis 39 ==
1. 
2. 
3. 
4. 
5. 
6. 
7. 
8. 
9. 
10. 
11. 
12. 
13. 
14. 
15. 
16. 
17. 
18. 
19. 
20. 
21. 
22. 
23. 

== Genesis 40 ==
1. 
2. 
3. 
4. 
5. 
6. 
7. 
8. 
9. 
10. 
11. 
12. 
13. 
14. 
15. 
16. 
17. 
18. 
19. 
20. 
21. 
22. 
23. 

== Genesis 41 ==
1. 
2. 
3. 
4. 
5. 
6. 
7. 
8. 
9. 
10. 
11. 
12. 
13. 
14. 
15. 
16. 
17. 
18. 
19. 
20. 
21. 
22. 
23. 
24. 
25. 
26. 
27. 
28. 
29. 
30. 
31. 
32. 
33. 
34. 
35. 
36. 
37. 
38. 
39. 
40. 
41. 
42. 
43. 
44. 
45. 
46. 
47. 
48. 
49. 
50. 
51. 
52. 
53. 
54. 
55. 
56. 
57. 

== Genesis 42 ==
1. 
2. 
3. 
4. 
5. 
6. 
7. 
8. 
9. 
10. 
11. 
12. 
13. 
14. 
15. 
16. 
17. 
18. 
19. 
20. 
21. 
22. 
23. 
24. 
25. 
26. 
27. 
28. 
29. 
30. 
31. 
32. 
33. 
34. 
35. 
36. 
37. 
38. 

== Genesis 43 ==
1. 
2. 
3. 
4. 
5. 
6. 
7. 
8. 
9. 
10. 
11. 
12. 
13. 
14. 
15. 
16. 
17. 
18. 
19. 
20. 
21. 
22. 
23. 
24. 
25. 
26. 
27. 
28. 
29. 
30. 
31. 
32. 
33. 
34. 

== Genesis 44 ==
1. 
2. 
3. 
4. 
5. 
6. 
7. 
8. 
9. 
10. 
11. 
12. 
13. 
14. 
15. 
16. 
17. 
18. 
19. 
20. 
21. 
22. 
23. 
24. 
25. 
26. 
27. 
28. 
29. 
30. 
31. 
32. 
33. 
34. 

== Genesis 45 ==
1. 
2. 
3. 
4. 
5. 
6. 
7. 
8. 
9. 
10. 
11. 
12. 
13. 
14. 
15. 
16. 
17. 
18. 
19. 
20. 
21. 
22. 
23. 
24. 
25. 
26. 
27. 
28. 

== Genesis 46 ==
1. 
2. 
3. 
4. 
5. 
6. 
7. 
8. 
9. 
10. 
11. 
12. 
13. 
14. 
15. 
16. 
17. 
18. 
19. 
20. 
21. 
22. 
23. 
24. 
25. 
26. 
27. 
28. 
29. 
30. 
31. 
32. 
33. 
34. 

== Genesis 47 ==
1. 
2. 
3. 
4. 
5. 
6. 
7. 
8. 
9. 
10. 
11. 
12. 
13. 
14. 
15. 
16. 
17. 
18. 
19. 
20. 
21. 
22. 
23. 
24. 
25. 
26. 
27. 
28. 
29. 
30. 
31. 

== Genesis 48 ==
1. 
2. 
3. 
4. 
5. 
6. 
7. 
8. 
9. 
10. 
11. 
12. 
13. 
14. 
15. 
16. 
17. 
18. 
19. 
20. 
21. 
22. 

== Genesis 49 ==
1. 
2. 
3. 
4. 
5. 
6. 
7. 
8. 
9. 
10. 
11. 
12. 
13. 
14. 
15. 
16. 
17. 
18. 
19. 
20. 
21. 
22. 
23. 
24. 
25. 
26. 
27. 
28. 
29. 
30. 
31. 
32. 
33. 

== Genesis 50 ==
1. 
2. 
3. 
4. 
5. 
6. 
7. 
8. 
9. 
10. 
11. 
12. 
13. 
14. 
15. 
16. 
17. 
18. 
19. 
20. 
21. 
22. 
23. 
24. 
25. 
26. 

== Exodus 1 ==
1. 
2. 
3. 
4. 
5. 
6. 
7. 
8. 
9. 
10. 
11. 
12. 
13. 
14. 
15. 
16. 
17. 
18. 
19. 
20. 
21. 
22. 

== Exodus 2 ==
1. 
2. 
3. 
4. 
5. 
6. 
7. 
8. 
9. 
10. 
11. 
12. 
13. 
14. 
15. 
16. 
17. 
18. 
19. 
20. 
21. 
22. 
23. 
24. 
25. 

== Exodus 3 ==
1. 
2. 
3. 
4. 
5. 
6. 
7. 
8. 
9. 
10. 
11. 
12. 
13. 
14. 
15. 
16. 
17. 
18. 
19. 
20. 
21. 
22. 

== Exodus 4 ==
1. 
2. 
3. 
4. 
5. 
6. 
7. 
8. 
9. 
10. 
11. 
12. 
13. 
14. 
15. 
16. 
17. 
18. 
19. 
20. 
21. 
22. 
23. 
24. 
25. 
26. 
27. 
28. 
29. 
30. 
31. 

== Exodus 5 ==
1. 
2. 
3. 
4. 
5. 
6. 
7. 
8. 
9. 
10. 
11. 
12. 
13. 
14. 
15. 
16. 
17. 
18. 
19. 
20. 
21. 
22. 
23. 

== Exodus 6 ==
1. 
2. 
3. 
4. 
5. 
6. 
7. 
8. 
9. 
10. 
11. 
12. 
13. 
14. 
15. 
16. 
17. 
18. 
19. 
20. 
21. 
22. 
23. 
24. 
25. 
26. 
27. 
28. 
29. 
30. 

== Exodus 7 ==
1. 
2. 
3. 
4. 
5. 
6. 
7. 
8. 
9. 
10. 
11. 
12. 
13. 
14. 
15. 
16. 
17. 
18. 
19. 
20. 
21. 
22. 
23. 
24. 
25. 

== Exodus 8 ==
1. 
2. 
3. 
4. 
5. 
6. 
7. 
8. 
9. 
10. 
11. 
12. 
13. 
14. 
15. 
16. 
17. 
18. 
19. 
20. 
21. 
22. 
23. 
24. 
25. 
26. 
27. 
28. 
29. 
30. 
31. 
32. 

== Exodus 9 ==
1. 
2. 
3. 
4. 
5. 
6. 
7. 
8. 
9. 
10. 
11. 
12. 
13. 
14. 
15. 
16. 
17. 
18. 
19. 
20. 
21. 
22. 
23. 
24. 
25. 
26. 
27. 
28. 
29. 
30. 
31. 
32. 
33. 
34. 
35. 

== Exodus 10 ==
1. 
2. 
3. 
4. 
5. 
6. 
7. 
8. 
9. 
10. 
11. 
12. 
13. 
14. 
15. 
16. 
17. 
18. 
19. 
20. 
21. 
22. 
23. 
24. 
25. 
26. 
27. 
28. 
29. 

== Exodus 11 ==
1. 
2. 
3. 
4. 
5. 
6. 
7. 
8. 
9. 
10. 

== Exodus 12 ==
1. 
2. 
3. 
4. 
5. 
6. 
7. 
8. 
9. 
10. 
11. 
12. 
13. 
14. 
15. 
16. 
17. 
18. 
19. 
20. 
21. 
22. 
23. 
24. 
25. 
26. 
27. 
28. 
29. 
30. 
31. 
32. 
33. 
34. 
35. 
36. 
37. 
38. 
39. 
40. 
41. 
42. 
43. 
44. 
45. 
46. 
47. 
48. 
49. 
50. 
51. 

== Exodus 13 ==
1. 
2. 
3. 
4. 
5. 
6. 
7. 
8. 
9. 
10. 
11. 
12. 
13. 
14. 
15. 
16. 
17. 
18. 
19. 
20. 
21. 
22. 

== Exodus 14 ==
1. 
2. 
3. 
4. 
5. 
6. 
7. 
8. 
9. 
10. 
11. 
12. 
13. 
14. 
15. 
16. 
17. 
18. 
19. 
20. 
21. 
22. 
23. 
24. 
25. 
26. 
27. 
28. 
29. 
30. 
31. 

== Exodus 15 ==
1. 
2. 
3. 
4. 
5. 
6. 
7. 
8. 
9. 
10. 
11. 
12. 
13. 
14. 
15. 
16. 
17. 
18. 
19. 
20. 
21. 
22. 
23. 
24. 
25. 
26. 
27. 

== Exodus 16 ==
1. 
2. 
3. 
4. 
5. 
6. 
7. 
8. 
9. 
10. 
11. 
12. 
13. 
14. 
15. 
16. 
17. 
18. 
19. 
20. 
21. 
22. 
23. 
24. 
25. 
26. 
27. 
28. 
29. 
30. 
31. 
32. 
33. 
34. 
35. 
36. 

== Exodus 17 ==
1. 
2. 
3. 
4. 
5. 
6. 
7. 
8. 
9. 
10. 
11. 
12. 
13. 
14. 
15. 
16. 

== Exodus 18 ==
1. 
2. 
3. 
4. 
5. 
6. 
7. 
8. 
9. 
10. 
11. 
12. 
13. 
14. 
15. 
16. 
17. 
18. 
19. 
20. 
21. 
22. 
23. 
24. 
25. 
26. 
27. 

== Exodus 19 ==
1. 
2. 
3. 
4. 
5. 
6. 
7. 
8. 
9. 
10. 
11. 
12. 
13. 
14. 
15. 
16. 
17. 
18. 
19. 
20. 
21. 
22. 
23. 
24. 
25. 

== Exodus 20 ==
1. 
2. 
3. 
4. 
5. 
6. 
7. 
8. 
9. 
10. 
11. 
12. 
13. 
14. 
15. 
16. 
17. 
18. 
19. 
20. 
21. 
22. 
23. 
24. 
25. 
26. 

== Exodus 21 ==
1. 
2. 
3. 
4. 
5. 
6. 
7. 
8. 
9. 
10. 
11. 
12. 
13. 
14. 
15. 
16. 
17. 
18. 
19. 
20. 
21. 
22. 
23. 
24. 
25. 
26. 
27. 
28. 
29. 
30. 
31. 
32. 
33. 
34. 
35. 
36. 

== Exodus 22 ==
1. 
2. 
3. 
4. 
5. 
6. 
7. 
8. 
9. 
10. 
11. 
12. 
13. 
14. 
15. 
16. 
17. 
18. 
19. 
20. 
21. 
22. 
23. 
24. 
25. 
26. 
27. 
28. 
29. 
30. 
31. 

== Exodus 23 ==
1. 
2. 
3. 
4. 
5. 
6. 
7. 
8. 
9. 
10. 
11. 
12. 
13. 
14. 
15. 
16. 
17. 
18. 
19. 
20. 
21. 
22. 
23. 
24. 
25. 
26. 
27. 
28. 
29. 
30. 
31. 
32. 
33. 

== Exodus 24 ==
1. 
2. 
3. 
4. 
5. 
6. 
7. 
8. 
9. 
10. 
11. 
12. 
13. 
14. 
15. 
16. 
17. 
18. 

== Exodus 25 ==
1. 
2. 
3. 
4. 
5. 
6. 
7. 
8. 
9. 
10. 
11. 
12. 
13. 
14. 
15. 
16. 
17. 
18. 
19. 
20. 
21. 
22. 
23. 
24. 
25. 
26. 
27. 
28. 
29. 
30. 
31. 
32. 
33. 
34. 
35. 
36. 
37. 
38. 
39. 
40. 

== Exodus 26 ==
1. 
2. 
3. 
4. 
5. 
6. 
7. 
8. 
9. 
10. 
11. 
12. 
13. 
14. 
15. 
16. 
17. 
18. 
19. 
20. 
21. 
22. 
23. 
24. 
25. 
26. 
27. 
28. 
29. 
30. 
31. 
32. 
33. 
34. 
35. 
36. 
37. 

== Exodus 27 ==
1. 
2. 
3. 
4. 
5. 
6. 
7. 
8. 
9. 
10. 
11. 
12. 
13. 
14. 
15. 
16. 
17. 
18. 
19. 
20. 
21. 

== Exodus 28 ==
1. 
2. 
3. 
4. 
5. 
6. 
7. 
8. 
9. 
10. 
11. 
12. 
13. 
14. 
15. 
16. 
17. 
18. 
19. 
20. 
21. 
22. 
23. 
24. 
25. 
26. 
27. 
28. 
29. 
30. 
31. 
32. 
33. 
34. 
35. 
36. 
37. 
38. 
39. 
40. 
41. 
42. 
43. 

== Exodus 29 ==
1. 
2. 
3. 
4. 
5. 
6. 
7. 
8. 
9. 
10. 
11. 
12. 
13. 
14. 
15. 
16. 
17. 
18. 
19. 
20. 
21. 
22. 
23. 
24. 
25. 
26. 
27. 
28. 
29. 
30. 
31. 
32. 
33. 
34. 
35. 
36. 
37. 
38. 
39. 
40. 
41. 
42. 
43. 
44. 
45. 
46. 

== Exodus 30 ==
1. 
2. 
3. 
4. 
5. 
6. 
7. 
8. 
9. 
10. 
11. 
12. 
13. 
14. 
15. 
16. 
17. 
18. 
19. 
20. 
21. 
22. 
23. 
24. 
25. 
26. 
27. 
28. 
29. 
30. 
31. 
32. 
33. 
34. 
35. 
36. 
37. 
38. 

== Exodus 31 ==
1. 
2. 
3. 
4. 
5. 
6. 
7. 
8. 
9. 
10. 
11. 
12. 
13. 
14. 
15. 
16. 
17. 
18. 

== Exodus 32 ==
1. 
2. 
3. 
4. 
5. 
6. 
7. 
8. 
9. 
10. 
11. 
12. 
13. 
14. 
15. 
16. 
17. 
18. 
19. 
20. 
21. 
22. 
23. 
24. 
25. 
26. 
27. 
28. 
29. 
30. 
31. 
32. 
33. 
34. 
35. 

== Exodus 33 ==
1. 
2. 
3. 
4. 
5. 
6. 
7. 
8. 
9. 
10. 
11. 
12. 
13. 
14. 
15. 
16. 
17. 
18. 
19. 
20. 
21. 
22. 
23. 

== Exodus 34 ==
1. 
2. 
3. 
4. 
5. 
6. 
7. 
8. 
9. 
10. 
11. 
12. 
13. 
14. 
15. 
16. 
17. 
18. 
19. 
20. 
21. 
22. 
23. 
24. 
25. 
26. 
27. 
28. 
29. 
30. 
31. 
32. 
33. 
34. 
35. 

== Exodus 35 ==
1. 
2. 
3. 
4. 
5. 
6. 
7. 
8. 
9. 
10. 
11. 
12. 
13. 
14. 
15. 
16. 
17. 
18. 
19. 
20. 
21. 
22. 
23. 
24. 
25. 
26. 
27. 
28. 
29. 
30. 
31. 
32. 
33. 
34. 
35. 

== Exodus 36 ==
1. 
2. 
3. 
4. 
5. 
6. 
7. 
8. 
9. 
10. 
11. 
12. 
13. 
14. 
15. 
16. 
17. 
18. 
19. 
20. 
21. 
22. 
23. 
24. 
25. 
26. 
27. 
28. 
29. 
30. 
31. 
32. 
33. 
34. 
35. 
36. 
37. 
38. 

== Exodus 37 ==
1. 
2. 
3. 
4. 
5. 
6. 
7. 
8. 
9. 
10. 
11. 
12. 
13. 
14. 
15. 
16. 
17. 
18. 
19. 
20. 
21. 
22. 
23. 
24. 
25. 
26. 
27. 
28. 
29. 

== Exodus 38 ==
1. 
2. 
3. 
4. 
5. 
6. 
7. 
8. 
9. 
10. 
11. 
12. 
13. 
14. 
15. 
16. 
17. 
18. 
19. 
20. 
21. 
22. 
23. 
24. 
25. 
26. 
27. 
28. 
29. 
30. 
31. 

== Exodus 39 ==
1. 
2. 
3. 
4. 
5. 
6. 
7. 
8. 
9. 
10. 
11. 
12. 
13. 
14. 
15. 
16. 
17. 
18. 
19. 
20. 
21. 
22. 
23. 
24. 
25. 
26. 
27. 
28. 
29. 
30. 
31. 
32. 
33. 
34. 
35. 
36. 
37. 
38. 
39. 
40. 
41. 
42. 
43. 

== Exodus 40 ==
1. 
2. 
3. 
4. 
5. 
6. 
7. 
8. 
9. 
10. 
11. 
12. 
13. 
14. 
15. 
16. 
17. 
18. 
19. 
20. 
21. 
22. 
23. 
24. 
25. 
26. 
27. 
28. 
29. 
30. 
31. 
32. 
33. 
34. 
35. 
36. 
37. 
38. 

== Leviticus 1 ==
1. 
2. 
3. 
4. 
5. 
6. 
7. 
8. 
9. 
10. 
11. 
12. 
13. 
14. 
15. 
16. 
17. 

== Leviticus 2 ==
1. 
2. 
3. 
4. 
5. 
6. 
7. 
8. 
9. 
10. 
11. 
12. 
13. 
14. 
15. 
16. 

== Leviticus 3 ==
1. 
2. 
3. 
4. 
5. 
6. 
7. 
8. 
9. 
10. 
11. 
12. 
13. 
14. 
15. 
16. 
17. 

== Leviticus 4 ==
1. 
2. 
3. 
4. 
5. 
6. 
7. 
8. 
9. 
10. 
11. 
12. 
13. 
14. 
15. 
16. 
17. 
18. 
19. 
20. 
21. 
22. 
23. 
24. 
25. 
26. 
27. 
28. 
29. 
30. 
31. 
32. 
33. 
34. 
35. 

== Leviticus 5 ==
1. 
2. 
3. 
4. 
5. 
6. 
7. 
8. 
9. 
10. 
11. 
12. 
13. 
14. 
15. 
16. 
17. 
18. 
19. 

== Leviticus 6 ==
1. 
2. 
3. 
4. 
5. 
6. 
7. 
8. 
9. 
10. 
11. 
12. 
13. 
14. 
15. 
16. 
17. 
18. 
19. 
20. 
21. 
22. 
23. 
24. 
25. 
26. 
27. 
28. 
29. 
30. 

== Leviticus 7 ==
1. 
2. 
3. 
4. 
5. 
6. 
7. 
8. 
9. 
10. 
11. 
12. 
13. 
14. 
15. 
16. 
17. 
18. 
19. 
20. 
21. 
22. 
23. 
24. 
25. 
26. 
27. 
28. 
29. 
30. 
31. 
32. 
33. 
34. 
35. 
36. 
37. 
38. 

== Leviticus 8 ==
1. 
2. 
3. 
4. 
5. 
6. 
7. 
8. 
9. 
10. 
11. 
12. 
13. 
14. 
15. 
16. 
17. 
18. 
19. 
20. 
21. 
22. 
23. 
24. 
25. 
26. 
27. 
28. 
29. 
30. 
31. 
32. 
33. 
34. 
35. 
36. 

== Leviticus 9 ==
1. 
2. 
3. 
4. 
5. 
6. 
7. 
8. 
9. 
10. 
11. 
12. 
13. 
14. 
15. 
16. 
17. 
18. 
19. 
20. 
21. 
22. 
23. 
24. 

== Leviticus 10 ==
1. 
2. 
3. 
4. 
5. 
6. 
7. 
8. 
9. 
10. 
11. 
12. 
13. 
14. 
15. 
16. 
17. 
18. 
19. 
20. 

== Leviticus 11 ==
1. 
2. 
3. 
4. 
5. 
6. 
7. 
8. 
9. 
10. 
11. 
12. 
13. 
14. 
15. 
16. 
17. 
18. 
19. 
20. 
21. 
22. 
23. 
24. 
25. 
26. 
27. 
28. 
29. 
30. 
31. 
32. 
33. 
34. 
35. 
36. 
37. 
38. 
39. 
40. 
41. 
42. 
43. 
44. 
45. 
46. 
47. 

== Leviticus 12 ==
1. 
2. 
3. 
4. 
5. 
6. 
7. 
8. 

== Leviticus 13 ==
1. 
2. 
3. 
4. 
5. 
6. 
7. 
8. 
9. 
10. 
11. 
12. 
13. 
14. 
15. 
16. 
17. 
18. 
19. 
20. 
21. 
22. 
23. 
24. 
25. 
26. 
27. 
28. 
29. 
30. 
31. 
32. 
33. 
34. 
35. 
36. 
37. 
38. 
39. 
40. 
41. 
42. 
43. 
44. 
45. 
46. 
47. 
48. 
49. 
50. 
51. 
52. 
53. 
54. 
55. 
56. 
57. 
58. 
59. 

== Leviticus 14 ==
1. 
2. 
3. 
4. 
5. 
6. 
7. 
8. 
9. 
10. 
11. 
12. 
13. 
14. 
15. 
16. 
17. 
18. 
19. 
20. 
21. 
22. 
23. 
24. 
25. 
26. 
27. 
28. 
29. 
30. 
31. 
32. 
33. 
34. 
35. 
36. 
37. 
38. 
39. 
40. 
41. 
42. 
43. 
44. 
45. 
46. 
47. 
48. 
49. 
50. 
51. 
52. 
53. 
54. 
55. 
56. 
57. 

== Leviticus 15 ==
1. 
2. 
3. 
4. 
5. 
6. 
7. 
8. 
9. 
10. 
11. 
12. 
13. 
14. 
15. 
16. 
17. 
18. 
19. 
20. 
21. 
22. 
23. 
24. 
25. 
26. 
27. 
28. 
29. 
30. 
31. 
32. 
33. 

== Leviticus 16 ==
1. 
2. 
3. 
4. 
5. 
6. 
7. 
8. 
9. 
10. 
11. 
12. 
13. 
14. 
15. 
16. 
17. 
18. 
19. 
20. 
21. 
22. 
23. 
24. 
25. 
26. 
27. 
28. 
29. 
30. 
31. 
32. 
33. 
34. 

== Leviticus 17 ==
1. 
2. 
3. 
4. 
5. 
6. 
7. 
8. 
9. 
10. 
11. 
12. 
13. 
14. 
15. 
16. 

== Leviticus 18 ==
1. 
2. 
3. 
4. 
5. 
6. 
7. 
8. 
9. 
10. 
11. 
12. 
13. 
14. 
15. 
16. 
17. 
18. 
19. 
20. 
21. 
22. 
23. 
24. 
25. 
26. 
27. 
28. 
29. 
30. 

== Leviticus 19 ==
1. 
2. 
3. 
4. 
5. 
6. 
7. 
8. 
9. 
10. 
11. 
12. 
13. 
14. 
15. 
16. 
17. 
18. 
19. 
20. 
21. 
22. 
23. 
24. 
25. 
26. 
27. 
28. 
29. 
30. 
31. 
32. 
33. 
34. 
35. 
36. 
37. 

== Leviticus 20 ==
1. 
2. 
3. 
4. 
5. 
6. 
7. 
8. 
9. 
10. 
11. 
12. 
13. 
14. 
15. 
16. 
17. 
18. 
19. 
20. 
21. 
22. 
23. 
24. 
25. 
26. 
27. 

== Leviticus 21 ==
1. 
2. 
3. 
4. 
5. 
6. 
7. 
8. 
9. 
10. 
11. 
12. 
13. 
14. 
15. 
16. 
17. 
18. 
19. 
20. 
21. 
22. 
23. 
24. 

== Leviticus 22 ==
1. 
2. 
3. 
4. 
5. 
6. 
7. 
8. 
9. 
10. 
11. 
12. 
13. 
14. 
15. 
16. 
17. 
18. 
19. 
20. 
21. 
22. 
23. 
24. 
25. 
26. 
27. 
28. 
29. 
30. 
31. 
32. 
33. 

== Leviticus 23 ==
1. 
2. 
3. 
4. 
5. 
6. 
7. 
8. 
9. 
10. 
11. 
12. 
13. 
14. 
15. 
16. 
17. 
18. 
19. 
20. 
21. 
22. 
23. 
24. 
25. 
26. 
27. 
28. 
29. 
30. 
31. 
32. 
33. 
34. 
35. 
36. 
37. 
38. 
39. 
40. 
41. 
42. 
43. 
44. 

== Leviticus 24 ==
1. 
2. 
3. 
4. 
5. 
6. 
7. 
8. 
9. 
10. 
11. 
12. 
13. 
14. 
15. 
16. 
17. 
18. 
19. 
20. 
21. 
22. 
23. 

== Leviticus 25 ==
1. 
2. 
3. 
4. 
5. 
6. 
7. 
8. 
9. 
10. 
11. 
12. 
13. 
14. 
15. 
16. 
17. 
18. 
19. 
20. 
21. 
22. 
23. 
24. 
25. 
26. 
27. 
28. 
29. 
30. 
31. 
32. 
33. 
34. 
35. 
36. 
37. 
38. 
39. 
40. 
41. 
42. 
43. 
44. 
45. 
46. 
47. 
48. 
49. 
50. 
51. 
52. 
53. 
54. 
55. 

== Leviticus 26 ==
1. 
2. 
3. 
4. 
5. 
6. 
7. 
8. 
9. 
10. 
11. 
12. 
13. 
14. 
15. 
16. 
17. 
18. 
19. 
20. 
21. 
22. 
23. 
24. 
25. 
26. 
27. 
28. 
29. 
30. 
31. 
32. 
33. 
34. 
35. 
36. 
37. 
38. 
39. 
40. 
41. 
42. 
43. 
44. 
45. 
46. 

== Leviticus 27 ==
1. 
2. 
3. 
4. 
5. 
6. 
7. 
8. 
9. 
10. 
11. 
12. 
13. 
14. 
15. 
16. 
17. 
18. 
19. 
20. 
21. 
22. 
23. 
24. 
25. 
26. 
27. 
28. 
29. 
30. 
31. 
32. 
33. 
34. 

== Numbers 1 ==
1. 
2. 
3. 
4. 
5. 
6. 
7. 
8. 
9. 
10. 
11. 
12. 
13. 
14. 
15. 
16. 
17. 
18. 
19. 
20. 
21. 
22. 
23. 
24. 
25. 
26. 
27. 
28. 
29. 
30. 
31. 
32. 
33. 
34. 
35. 
36. 
37. 
38. 
39. 
40. 
41. 
42. 
43. 
44. 
45. 
46. 
47. 
48. 
49. 
50. 
51. 
52. 
53. 
54. 

== Numbers 2 ==
1. 
2. 
3. 
4. 
5. 
6. 
7. 
8. 
9. 
10. 
11. 
12. 
13. 
14. 
15. 
16. 
17. 
18. 
19. 
20. 
21. 
22. 
23. 
24. 
25. 
26. 
27. 
28. 
29. 
30. 
31. 
32. 
33. 
34. 

== Numbers 3 ==
1. 
2. 
3. 
4. 
5. 
6. 
7. 
8. 
9. 
10. 
11. 
12. 
13. 
14. 
15. 
16. 
17. 
18. 
19. 
20. 
21. 
22. 
23. 
24. 
25. 
26. 
27. 
28. 
29. 
30. 
31. 
32. 
33. 
34. 
35. 
36. 
37. 
38. 
39. 
40. 
41. 
42. 
43. 
44. 
45. 
46. 
47. 
48. 
49. 
50. 
51. 

== Numbers 4 ==
1. 
2. 
3. 
4. 
5. 
6. 
7. 
8. 
9. 
10. 
11. 
12. 
13. 
14. 
15. 
16. 
17. 
18. 
19. 
20. 
21. 
22. 
23. 
24. 
25. 
26. 
27. 
28. 
29. 
30. 
31. 
32. 
33. 
34. 
35. 
36. 
37. 
38. 
39. 
40. 
41. 
42. 
43. 
44. 
45. 
46. 
47. 
48. 
49. 

== Numbers 5 ==
1. 
2. 
3. 
4. 
5. 
6. 
7. 
8. 
9. 
10. 
11. 
12. 
13. 
14. 
15. 
16. 
17. 
18. 
19. 
20. 
21. 
22. 
23. 
24. 
25. 
26. 
27. 
28. 
29. 
30. 
31. 

== Numbers 6 ==
1. 
2. 
3. 
4. 
5. 
6. 
7. 
8. 
9. 
10. 
11. 
12. 
13. 
14. 
15. 
16. 
17. 
18. 
19. 
20. 
21. 
22. 
23. 
24. 
25. 
26. 
27. 

== Numbers 7 ==
1. 
2. 
3. 
4. 
5. 
6. 
7. 
8. 
9. 
10. 
11. 
12. 
13. 
14. 
15. 
16. 
17. 
18. 
19. 
20. 
21. 
22. 
23. 
24. 
25. 
26. 
27. 
28. 
29. 
30. 
31. 
32. 
33. 
34. 
35. 
36. 
37. 
38. 
39. 
40. 
41. 
42. 
43. 
44. 
45. 
46. 
47. 
48. 
49. 
50. 
51. 
52. 
53. 
54. 
55. 
56. 
57. 
58. 
59. 
60. 
61. 
62. 
63. 
64. 
65. 
66. 
67. 
68. 
69. 
70. 
71. 
72. 
73. 
74. 
75. 
76. 
77. 
78. 
79. 
80. 
81. 
82. 
83. 
84. 
85. 
86. 
87. 
88. 
89. 

== Numbers 8 ==
1. 
2. 
3. 
4. 
5. 
6. 
7. 
8. 
9. 
10. 
11. 
12. 
13. 
14. 
15. 
16. 
17. 
18. 
19. 
20. 
21. 
22. 
23. 
24. 
25. 
26. 

== Numbers 9 ==
1. 
2. 
3. 
4. 
5. 
6. 
7. 
8. 
9. 
10. 
11. 
12. 
13. 
14. 
15. 
16. 
17. 
18. 
19. 
20. 
21. 
22. 
23. 

== Numbers 10 ==
1. 
2. 
3. 
4. 
5. 
6. 
7. 
8. 
9. 
10. 
11. 
12. 
13. 
14. 
15. 
16. 
17. 
18. 
19. 
20. 
21. 
22. 
23. 
24. 
25. 
26. 
27. 
28. 
29. 
30. 
31. 
32. 
33. 
34. 
35. 
36. 

== Numbers 11 ==
1. 
2. 
3. 
4. 
5. 
6. 
7. 
8. 
9. 
10. 
11. 
12. 
13. 
14. 
15. 
16. 
17. 
18. 
19. 
20. 
21. 
22. 
23. 
24. 
25. 
26. 
27. 
28. 
29. 
30. 
31. 
32. 
33. 
34. 
35. 

== Numbers 12 ==
1. 
2. 
3. 
4. 
5. 
6. 
7. 
8. 
9. 
10. 
11. 
12. 
13. 
14. 
15. 
16. 

== Numbers 13 ==
1. 
2. 
3. 
4. 
5. 
6. 
7. 
8. 
9. 
10. 
11. 
12. 
13. 
14. 
15. 
16. 
17. 
18. 
19. 
20. 
21. 
22. 
23. 
24. 
25. 
26. 
27. 
28. 
29. 
30. 
31. 
32. 
33. 

== Numbers 14 ==
1. 
2. 
3. 
4. 
5. 
6. 
7. 
8. 
9. 
10. 
11. 
12. 
13. 
14. 
15. 
16. 
17. 
18. 
19. 
20. 
21. 
22. 
23. 
24. 
25. 
26. 
27. 
28. 
29. 
30. 
31. 
32. 
33. 
34. 
35. 
36. 
37. 
38. 
39. 
40. 
41. 
42. 
43. 
44. 
45. 

== Numbers 15 ==
1. 
2. 
3. 
4. 
5. 
6. 
7. 
8. 
9. 
10. 
11. 
12. 
13. 
14. 
15. 
16. 
17. 
18. 
19. 
20. 
21. 
22. 
23. 
24. 
25. 
26. 
27. 
28. 
29. 
30. 
31. 
32. 
33. 
34. 
35. 
36. 
37. 
38. 
39. 
40. 
41. 

== Numbers 16 ==
1. 
2. 
3. 
4. 
5. 
6. 
7. 
8. 
9. 
10. 
11. 
12. 
13. 
14. 
15. 
16. 
17. 
18. 
19. 
20. 
21. 
22. 
23. 
24. 
25. 
26. 
27. 
28. 
29. 
30. 
31. 
32. 
33. 
34. 
35. 
36. 
37. 
38. 
39. 
40. 
41. 
42. 
43. 
44. 
45. 
46. 
47. 
48. 
49. 
50. 

== Numbers 17 ==
1. 
2. 
3. 
4. 
5. 
6. 
7. 
8. 
9. 
10. 
11. 
12. 
13. 

== Numbers 18 ==
1. 
2. 
3. 
4. 
5. 
6. 
7. 
8. 
9. 
10. 
11. 
12. 
13. 
14. 
15. 
16. 
17. 
18. 
19. 
20. 
21. 
22. 
23. 
24. 
25. 
26. 
27. 
28. 
29. 
30. 
31. 
32. 

== Numbers 19 ==
1. 
2. 
3. 
4. 
5. 
6. 
7. 
8. 
9. 
10. 
11. 
12. 
13. 
14. 
15. 
16. 
17. 
18. 
19. 
20. 
21. 
22. 

== Numbers 20 ==
1. 
2. 
3. 
4. 
5. 
6. 
7. 
8. 
9. 
10. 
11. 
12. 
13. 
14. 
15. 
16. 
17. 
18. 
19. 
20. 
21. 
22. 
23. 
24. 
25. 
26. 
27. 
28. 
29. 

== Numbers 21 ==
1. 
2. 
3. 
4. 
5. 
6. 
7. 
8. 
9. 
10. 
11. 
12. 
13. 
14. 
15. 
16. 
17. 
18. 
19. 
20. 
21. 
22. 
23. 
24. 
25. 
26. 
27. 
28. 
29. 
30. 
31. 
32. 
33. 
34. 
35. 

== Numbers 22 ==
1. 
2. 
3. 
4. 
5. 
6. 
7. 
8. 
9. 
10. 
11. 
12. 
13. 
14. 
15. 
16. 
17. 
18. 
19. 
20. 
21. 
22. 
23. 
24. 
25. 
26. 
27. 
28. 
29. 
30. 
31. 
32. 
33. 
34. 
35. 
36. 
37. 
38. 
39. 
40. 
41. 

== Numbers 23 ==
1. 
2. 
3. 
4. 
5. 
6. 
7. 
8. 
9. 
10. 
11. 
12. 
13. 
14. 
15. 
16. 
17. 
18. 
19. 
20. 
21. 
22. 
23. 
24. 
25. 
26. 
27. 
28. 
29. 
30. 

== Numbers 24 ==
1. 
2. 
3. 
4. 
5. 
6. 
7. 
8. 
9. 
10. 
11. 
12. 
13. 
14. 
15. 
16. 
17. 
18. 
19. 
20. 
21. 
22. 
23. 
24. 
25. 

== Numbers 25 ==
1. 
2. 
3. 
4. 
5. 
6. 
7. 
8. 
9. 
10. 
11. 
12. 
13. 
14. 
15. 
16. 
17. 
18. 

== Numbers 26 ==
1. 
2. 
3. 
4. 
5. 
6. 
7. 
8. 
9. 
10. 
11. 
12. 
13. 
14. 
15. 
16. 
17. 
18. 
19. 
20. 
21. 
22. 
23. 
24. 
25. 
26. 
27. 
28. 
29. 
30. 
31. 
32. 
33. 
34. 
35. 
36. 
37. 
38. 
39. 
40. 
41. 
42. 
43. 
44. 
45. 
46. 
47. 
48. 
49. 
50. 
51. 
52. 
53. 
54. 
55. 
56. 
57. 
58. 
59. 
60. 
61. 
62. 
63. 
64. 
65. 

== Numbers 27 ==
1. 
2. 
3. 
4. 
5. 
6. 
7. 
8. 
9. 
10. 
11. 
12. 
13. 
14. 
15. 
16. 
17. 
18. 
19. 
20. 
21. 
22. 
23. 

== Numbers 28 ==
1. 
2. 
3. 
4. 
5. 
6. 
7. 
8. 
9. 
10. 
11. 
12. 
13. 
14. 
15. 
16. 
17. 
18. 
19. 
20. 
21. 
22. 
23. 
24. 
25. 
26. 
27. 
28. 
29. 
30. 
31. 

== Numbers 29 ==
1. 
2. 
3. 
4. 
5. 
6. 
7. 
8. 
9. 
10. 
11. 
12. 
13. 
14. 
15. 
16. 
17. 
18. 
19. 
20. 
21. 
22. 
23. 
24. 
25. 
26. 
27. 
28. 
29. 
30. 
31. 
32. 
33. 
34. 
35. 
36. 
37. 
38. 
39. 
40. 

== Numbers 30 ==
1. 
2. 
3. 
4. 
5. 
6. 
7. 
8. 
9. 
10. 
11. 
12. 
13. 
14. 
15. 
16. 

== Numbers 31 ==
1. 
2. 
3. 
4. 
5. 
6. 
7. 
8. 
9. 
10. 
11. 
12. 
13. 
14. 
15. 
16. 
17. 
18. 
19. 
20. 
21. 
22. 
23. 
24. 
25. 
26. 
27. 
28. 
29. 
30. 
31. 
32. 
33. 
34. 
35. 
36. 
37. 
38. 
39. 
40. 
41. 
42. 
43. 
44. 
45. 
46. 
47. 
48. 
49. 
50. 
51. 
52. 
53. 
54. 

== Numbers 32 ==
1. 
2. 
3. 
4. 
5. 
6. 
7. 
8. 
9. 
10. 
11. 
12. 
13. 
14. 
15. 
16. 
17. 
18. 
19. 
20. 
21. 
22. 
23. 
24. 
25. 
26. 
27. 
28. 
29. 
30. 
31. 
32. 
33. 
34. 
35. 
36. 
37. 
38. 
39. 
40. 
41. 
42. 

== Numbers 33 ==
1. 
2. 
3. 
4. 
5. 
6. 
7. 
8. 
9. 
10. 
11. 
12. 
13. 
14. 
15. 
16. 
17. 
18. 
19. 
20. 
21. 
22. 
23. 
24. 
25. 
26. 
27. 
28. 
29. 
30. 
31. 
32. 
33. 
34. 
35. 
36. 
37. 
38. 
39. 
40. 
41. 
42. 
43. 
44. 
45. 
46. 
47. 
48. 
49. 
50. 
51. 
52. 
53. 
54. 
55. 
56. 

== Numbers 34 ==
1. 
2. 
3. 
4. 
5. 
6. 
7. 
8. 
9. 
10. 
11. 
12. 
13. 
14. 
15. 
16. 
17. 
18. 
19. 
20. 
21. 
22. 
23. 
24. 
25. 
26. 
27. 
28. 
29. 

== Numbers 35 ==
1. 
2. 
3. 
4. 
5. 
6. 
7. 
8. 
9. 
10. 
11. 
12. 
13. 
14. 
15. 
16. 
17. 
18. 
19. 
20. 
21. 
22. 
23. 
24. 
25. 
26. 
27. 
28. 
29. 
30. 
31. 
32. 
33. 
34. 

== Numbers 36 ==
1. 
2. 
3. 
4. 
5. 
6. 
7. 
8. 
9. 
10. 
11. 
12. 
13. 

== Deuteronomy 1 ==
1. 
2. 
3. 
4. 
5. 
6. 
7. 
8. 
9. 
10. 
11. 
12. 
13. 
14. 
15. 
16. 
17. 
18. 
19. 
20. 
21. 
22. 
23. 
24. 
25. 
26. 
27. 
28. 
29. 
30. 
31. 
32. 
33. 
34. 
35. 
36. 
37. 
38. 
39. 
40. 
41. 
42. 
43. 
44. 
45. 
46. 

== Deuteronomy 2 ==
1. 
2. 
3. 
4. 
5. 
6. 
7. 
8. 
9. 
10. 
11. 
12. 
13. 
14. 
15. 
16. 
17. 
18. 
19. 
20. 
21. 
22. 
23. 
24. 
25. 
26. 
27. 
28. 
29. 
30. 
31. 
32. 
33. 
34. 
35. 
36. 
37. 

== Deuteronomy 3 ==
1. 
2. 
3. 
4. 
5. 
6. 
7. 
8. 
9. 
10. 
11. 
12. 
13. 
14. 
15. 
16. 
17. 
18. 
19. 
20. 
21. 
22. 
23. 
24. 
25. 
26. 
27. 
28. 
29. 

== Deuteronomy 4 ==
1. 
2. 
3. 
4. 
5. 
6. 
7. 
8. 
9. 
10. 
11. 
12. 
13. 
14. 
15. 
16. 
17. 
18. 
19. 
20. 
21. 
22. 
23. 
24. 
25. 
26. 
27. 
28. 
29. 
30. 
31. 
32. 
33. 
34. 
35. 
36. 
37. 
38. 
39. 
40. 
41. 
42. 
43. 
44. 
45. 
46. 
47. 
48. 
49. 

== Deuteronomy 5 ==
1. 
2. 
3. 
4. 
5. 
6. 
7. 
8. 
9. 
10. 
11. 
12. 
13. 
14. 
15. 
16. 
17. 
18. 
19. 
20. 
21. 
22. 
23. 
24. 
25. 
26. 
27. 
28. 
29. 
30. 
31. 
32. 
33. 

== Deuteronomy 6 ==
1. 
2. 
3. 
4. 
5. 
6. 
7. 
8. 
9. 
10. 
11. 
12. 
13. 
14. 
15. 
16. 
17. 
18. 
19. 
20. 
21. 
22. 
23. 
24. 
25. 

== Deuteronomy 7 ==
1. 
2. 
3. 
4. 
5. 
6. 
7. 
8. 
9. 
10. 
11. 
12. 
13. 
14. 
15. 
16. 
17. 
18. 
19. 
20. 
21. 
22. 
23. 
24. 
25. 
26. 

== Deuteronomy 8 ==
1. 
2. 
3. 
4. 
5. 
6. 
7. 
8. 
9. 
10. 
11. 
12. 
13. 
14. 
15. 
16. 
17. 
18. 
19. 
20. 

== Deuteronomy 9 ==
1. 
2. 
3. 
4. 
5. 
6. 
7. 
8. 
9. 
10. 
11. 
12. 
13. 
14. 
15. 
16. 
17. 
18. 
19. 
20. 
21. 
22. 
23. 
24. 
25. 
26. 
27. 
28. 
29. 

== Deuteronomy 10 ==
1. 
2. 
3. 
4. 
5. 
6. 
7. 
8. 
9. 
10. 
11. 
12. 
13. 
14. 
15. 
16. 
17. 
18. 
19. 
20. 
21. 
22. 

== Deuteronomy 11 ==
1. 
2. 
3. 
4. 
5. 
6. 
7. 
8. 
9. 
10. 
11. 
12. 
13. 
14. 
15. 
16. 
17. 
18. 
19. 
20. 
21. 
22. 
23. 
24. 
25. 
26. 
27. 
28. 
29. 
30. 
31. 
32. 

== Deuteronomy 12 ==
1. 
2. 
3. 
4. 
5. 
6. 
7. 
8. 
9. 
10. 
11. 
12. 
13. 
14. 
15. 
16. 
17. 
18. 
19. 
20. 
21. 
22. 
23. 
24. 
25. 
26. 
27. 
28. 
29. 
30. 
31. 
32. 

== Deuteronomy 13 ==
1. 
2. 
3. 
4. 
5. 
6. 
7. 
8. 
9. 
10. 
11. 
12. 
13. 
14. 
15. 
16. 
17. 
18. 

== Deuteronomy 14 ==
1. 
2. 
3. 
4. 
5. 
6. 
7. 
8. 
9. 
10. 
11. 
12. 
13. 
14. 
15. 
16. 
17. 
18. 
19. 
20. 
21. 
22. 
23. 
24. 
25. 
26. 
27. 
28. 
29. 

== Deuteronomy 15 ==
1. 
2. 
3. 
4. 
5. 
6. 
7. 
8. 
9. 
10. 
11. 
12. 
13. 
14. 
15. 
16. 
17. 
18. 
19. 
20. 
21. 
22. 
23. 

== Deuteronomy 16 ==
1. 
2. 
3. 
4. 
5. 
6. 
7. 
8. 
9. 
10. 
11. 
12. 
13. 
14. 
15. 
16. 
17. 
18. 
19. 
20. 
21. 
22. 

== Deuteronomy 17 ==
1. 
2. 
3. 
4. 
5. 
6. 
7. 
8. 
9. 
10. 
11. 
12. 
13. 
14. 
15. 
16. 
17. 
18. 
19. 
20. 

== Deuteronomy 18 ==
1. 
2. 
3. 
4. 
5. 
6. 
7. 
8. 
9. 
10. 
11. 
12. 
13. 
14. 
15. 
16. 
17. 
18. 
19. 
20. 
21. 
22. 

== Deuteronomy 19 ==
1. 
2. 
3. 
4. 
5. 
6. 
7. 
8. 
9. 
10. 
11. 
12. 
13. 
14. 
15. 
16. 
17. 
18. 
19. 
20. 
21. 

== Deuteronomy 20 ==
1. 
2. 
3. 
4. 
5. 
6. 
7. 
8. 
9. 
10. 
11. 
12. 
13. 
14. 
15. 
16. 
17. 
18. 
19. 
20. 

== Deuteronomy 21 ==
1. 
2. 
3. 
4. 
5. 
6. 
7. 
8. 
9. 
10. 
11. 
12. 
13. 
14. 
15. 
16. 
17. 
18. 
19. 
20. 
21. 
22. 
23. 

== Deuteronomy 22 ==
1. 
2. 
3. 
4. 
5. 
6. 
7. 
8. 
9. 
10. 
11. 
12. 
13. 
14. 
15. 
16. 
17. 
18. 
19. 
20. 
21. 
22. 
23. 
24. 
25. 
26. 
27. 
28. 
29. 
30. 

== Deuteronomy 23 ==
1. 
2. 
3. 
4. 
5. 
6. 
7. 
8. 
9. 
10. 
11. 
12. 
13. 
14. 
15. 
16. 
17. 
18. 
19. 
20. 
21. 
22. 
23. 
24. 
25. 

== Deuteronomy 24 ==
1. 
2. 
3. 
4. 
5. 
6. 
7. 
8. 
9. 
10. 
11. 
12. 
13. 
14. 
15. 
16. 
17. 
18. 
19. 
20. 
21. 
22. 

== Deuteronomy 25 ==
1. 
2. 
3. 
4. 
5. 
6. 
7. 
8. 
9. 
10. 
11. 
12. 
13. 
14. 
15. 
16. 
17. 
18. 
19. 

== Deuteronomy 26 ==
1. 
2. 
3. 
4. 
5. 
6. 
7. 
8. 
9. 
10. 
11. 
12. 
13. 
14. 
15. 
16. 
17. 
18. 
19. 

== Deuteronomy 27 ==
1. 
2. 
3. 
4. 
5. 
6. 
7. 
8. 
9. 
10. 
11. 
12. 
13. 
14. 
15. 
16. 
17. 
18. 
19. 
20. 
21. 
22. 
23. 
24. 
25. 
26. 

== Deuteronomy 28 ==
1. 
2. 
3. 
4. 
5. 
6. 
7. 
8. 
9. 
10. 
11. 
12. 
13. 
14. 
15. 
16. 
17. 
18. 
19. 
20. 
21. 
22. 
23. 
24. 
25. 
26. 
27. 
28. 
29. 
30. 
31. 
32. 
33. 
34. 
35. 
36. 
37. 
38. 
39. 
40. 
41. 
42. 
43. 
44. 
45. 
46. 
47. 
48. 
49. 
50. 
51. 
52. 
53. 
54. 
55. 
56. 
57. 
58. 
59. 
60. 
61. 
62. 
63. 
64. 
65. 
66. 
67. 
68. 

== Deuteronomy 29 ==
1. 
2. 
3. 
4. 
5. 
6. 
7. 
8. 
9. 
10. 
11. 
12. 
13. 
14. 
15. 
16. 
17. 
18. 
19. 
20. 
21. 
22. 
23. 
24. 
25. 
26. 
27. 
28. 
29. 

== Deuteronomy 30 ==
1. 
2. 
3. 
4. 
5. 
6. 
7. 
8. 
9. 
10. 
11. 
12. 
13. 
14. 
15. 
16. 
17. 
18. 
19. 
20. 

== Deuteronomy 31 ==
1. 
2. 
3. 
4. 
5. 
6. 
7. 
8. 
9. 
10. 
11. 
12. 
13. 
14. 
15. 
16. 
17. 
18. 
19. 
20. 
21. 
22. 
23. 
24. 
25. 
26. 
27. 
28. 
29. 
30. 

== Deuteronomy 32 ==
1. 
2. 
3. 
4. 
5. 
6. 
7. 
8. 
9. 
10. 
11. 
12. 
13. 
14. 
15. 
16. 
17. 
18. 
19. 
20. 
21. 
22. 
23. 
24. 
25. 
26. 
27. 
28. 
29. 
30. 
31. 
32. 
33. 
34. 
35. 
36. 
37. 
38. 
39. 
40. 
41. 
42. 
43. 
44. 
45. 
46. 
47. 
48. 
49. 
50. 
51. 
52. 

== Deuteronomy 33 ==
1. 
2. 
3. 
4. 
5. 
6. 
7. 
8. 
9. 
10. 
11. 
12. 
13. 
14. 
15. 
16. 
17. 
18. 
19. 
20. 
21. 
22. 
23. 
24. 
25. 
26. 
27. 
28. 
29. 

== Deuteronomy 34 ==
1. 
2. 
3. 
4. 
5. 
6. 
7. 
8. 
9. 
10. 
11. 
12. 

== Joshua 1 ==
1. 
2. 
3. 
4. 
5. 
6. 
7. 
8. 
9. 
10. 
11. 
12. 
13. 
14. 
15. 
16. 
17. 
18. 

== Joshua 2 ==
1. 
2. 
3. 
4. 
5. 
6. 
7. 
8. 
9. 
10. 
11. 
12. 
13. 
14. 
15. 
16. 
17. 
18. 
19. 
20. 
21. 
22. 
23. 
24. 

== Joshua 3 ==
1. 
2. 
3. 
4. 
5. 
6. 
7. 
8. 
9. 
10. 
11. 
12. 
13. 
14. 
15. 
16. 
17. 

== Joshua 4 ==
1. 
2. 
3. 
4. 
5. 
6. 
7. 
8. 
9. 
10. 
11. 
12. 
13. 
14. 
15. 
16. 
17. 
18. 
19. 
20. 
21. 
22. 
23. 
24. 

== Joshua 5 ==
1. 
2. 
3. 
4. 
5. 
6. 
7. 
8. 
9. 
10. 
11. 
12. 
13. 
14. 
15. 

== Joshua 6 ==
1. 
2. 
3. 
4. 
5. 
6. 
7. 
8. 
9. 
10. 
11. 
12. 
13. 
14. 
15. 
16. 
17. 
18. 
19. 
20. 
21. 
22. 
23. 
24. 
25. 
26. 
27. 

== Joshua 7 ==
1. 
2. 
3. 
4. 
5. 
6. 
7. 
8. 
9. 
10. 
11. 
12. 
13. 
14. 
15. 
16. 
17. 
18. 
19. 
20. 
21. 
22. 
23. 
24. 
25. 
26. 

== Joshua 8 ==
1. 
2. 
3. 
4. 
5. 
6. 
7. 
8. 
9. 
10. 
11. 
12. 
13. 
14. 
15. 
16. 
17. 
18. 
19. 
20. 
21. 
22. 
23. 
24. 
25. 
26. 
27. 
28. 
29. 
30. 
31. 
32. 
33. 
34. 
35. 

== Joshua 9 ==
1. 
2. 
3. 
4. 
5. 
6. 
7. 
8. 
9. 
10. 
11. 
12. 
13. 
14. 
15. 
16. 
17. 
18. 
19. 
20. 
21. 
22. 
23. 
24. 
25. 
26. 
27. 

== Joshua 10 ==
1. 
2. 
3. 
4. 
5. 
6. 
7. 
8. 
9. 
10. 
11. 
12. 
13. 
14. 
15. 
16. 
17. 
18. 
19. 
20. 
21. 
22. 
23. 
24. 
25. 
26. 
27. 
28. 
29. 
30. 
31. 
32. 
33. 
34. 
35. 
36. 
37. 
38. 
39. 
40. 
41. 
42. 
43. 

== Joshua 11 ==
1. 
2. 
3. 
4. 
5. 
6. 
7. 
8. 
9. 
10. 
11. 
12. 
13. 
14. 
15. 
16. 
17. 
18. 
19. 
20. 
21. 
22. 
23. 

== Joshua 12 ==
1. 
2. 
3. 
4. 
5. 
6. 
7. 
8. 
9. 
10. 
11. 
12. 
13. 
14. 
15. 
16. 
17. 
18. 
19. 
20. 
21. 
22. 
23. 
24. 

== Joshua 13 ==
1. 
2. 
3. 
4. 
5. 
6. 
7. 
8. 
9. 
10. 
11. 
12. 
13. 
14. 
15. 
16. 
17. 
18. 
19. 
20. 
21. 
22. 
23. 
24. 
25. 
26. 
27. 
28. 
29. 
30. 
31. 
32. 
33. 

== Joshua 14 ==
1. 
2. 
3. 
4. 
5. 
6. 
7. 
8. 
9. 
10. 
11. 
12. 
13. 
14. 
15. 

== Joshua 15 ==
1. 
2. 
3. 
4. 
5. 
6. 
7. 
8. 
9. 
10. 
11. 
12. 
13. 
14. 
15. 
16. 
17. 
18. 
19. 
20. 
21. 
22. 
23. 
24. 
25. 
26. 
27. 
28. 
29. 
30. 
31. 
32. 
33. 
34. 
35. 
36. 
37. 
38. 
39. 
40. 
41. 
42. 
43. 
44. 
45. 
46. 
47. 
48. 
49. 
50. 
51. 
52. 
53. 
54. 
55. 
56. 
57. 
58. 
59. 
60. 
61. 
62. 
63. 

== Joshua 16 ==
1. 
2. 
3. 
4. 
5. 
6. 
7. 
8. 
9. 
10. 

== Joshua 17 ==
1. 
2. 
3. 
4. 
5. 
6. 
7. 
8. 
9. 
10. 
11. 
12. 
13. 
14. 
15. 
16. 
17. 
18. 

== Joshua 18 ==
1. 
2. 
3. 
4. 
5. 
6. 
7. 
8. 
9. 
10. 
11. 
12. 
13. 
14. 
15. 
16. 
17. 
18. 
19. 
20. 
21. 
22. 
23. 
24. 
25. 
26. 
27. 
28. 

== Joshua 19 ==
1. 
2. 
3. 
4. 
5. 
6. 
7. 
8. 
9. 
10. 
11. 
12. 
13. 
14. 
15. 
16. 
17. 
18. 
19. 
20. 
21. 
22. 
23. 
24. 
25. 
26. 
27. 
28. 
29. 
30. 
31. 
32. 
33. 
34. 
35. 
36. 
37. 
38. 
39. 
40. 
41. 
42. 
43. 
44. 
45. 
46. 
47. 
48. 
49. 
50. 
51. 

== Joshua 20 ==
1. 
2. 
3. 
4. 
5. 
6. 
7. 
8. 
9. 

== Joshua 21 ==
1. 
2. 
3. 
4. 
5. 
6. 
7. 
8. 
9. 
10. 
11. 
12. 
13. 
14. 
15. 
16. 
17. 
18. 
19. 
20. 
21. 
22. 
23. 
24. 
25. 
26. 
27. 
28. 
29. 
30. 
31. 
32. 
33. 
34. 
35. 
36. 
37. 
38. 
39. 
40. 
41. 
42. 
43. 
44. 
45. 

== Joshua 22 ==
1. 
2. 
3. 
4. 
5. 
6. 
7. 
8. 
9. 
10. 
11. 
12. 
13. 
14. 
15. 
16. 
17. 
18. 
19. 
20. 
21. 
22. 
23. 
24. 
25. 
26. 
27. 
28. 
29. 
30. 
31. 
32. 
33. 
34. 

== Joshua 23 ==
1. 
2. 
3. 
4. 
5. 
6. 
7. 
8. 
9. 
10. 
11. 
12. 
13. 
14. 
15. 
16. 

== Joshua 24 ==
1. 
2. 
3. 
4. 
5. 
6. 
7. 
8. 
9. 
10. 
11. 
12. 
13. 
14. 
15. 
16. 
17. 
18. 
19. 
20. 
21. 
22. 
23. 
24. 
25. 
26. 
27. 
28. 
29. 
30. 
31. 
32. 
33. 

== Judges 1 ==
1. 
2. 
3. 
4. 
5. 
6. 
7. 
8. 
9. 
10. 
11. 
12. 
13. 
14. 
15. 
16. 
17. 
18. 
19. 
20. 
21. 
22. 
23. 
24. 
25. 
26. 
27. 
28. 
29. 
30. 
31. 
32. 
33. 
34. 
35. 
36. 

== Judges 2 ==
1. 
2. 
3. 
4. 
5. 
6. 
7. 
8. 
9. 
10. 
11. 
12. 
13. 
14. 
15. 
16. 
17. 
18. 
19. 
20. 
21. 
22. 
23. 

== Judges 3 ==
1. 
2. 
3. 
4. 
5. 
6. 
7. 
8. 
9. 
10. 
11. 
12. 
13. 
14. 
15. 
16. 
17. 
18. 
19. 
20. 
21. 
22. 
23. 
24. 
25. 
26. 
27. 
28. 
29. 
30. 
31. 

== Judges 4 ==
1. 
2. 
3. 
4. 
5. 
6. 
7. 
8. 
9. 
10. 
11. 
12. 
13. 
14. 
15. 
16. 
17. 
18. 
19. 
20. 
21. 
22. 
23. 
24. 

== Judges 5 ==
1. 
2. 
3. 
4. 
5. 
6. 
7. 
8. 
9. 
10. 
11. 
12. 
13. 
14. 
15. 
16. 
17. 
18. 
19. 
20. 
21. 
22. 
23. 
24. 
25. 
26. 
27. 
28. 
29. 
30. 
31. 

== Judges 6 ==
1. 
2. 
3. 
4. 
5. 
6. 
7. 
8. 
9. 
10. 
11. 
12. 
13. 
14. 
15. 
16. 
17. 
18. 
19. 
20. 
21. 
22. 
23. 
24. 
25. 
26. 
27. 
28. 
29. 
30. 
31. 
32. 
33. 
34. 
35. 
36. 
37. 
38. 
39. 
40. 

== Judges 7 ==
1. 
2. 
3. 
4. 
5. 
6. 
7. 
8. 
9. 
10. 
11. 
12. 
13. 
14. 
15. 
16. 
17. 
18. 
19. 
20. 
21. 
22. 
23. 
24. 
25. 

== Judges 8 ==
1. 
2. 
3. 
4. 
5. 
6. 
7. 
8. 
9. 
10. 
11. 
12. 
13. 
14. 
15. 
16. 
17. 
18. 
19. 
20. 
21. 
22. 
23. 
24. 
25. 
26. 
27. 
28. 
29. 
30. 
31. 
32. 
33. 
34. 
35. 

== Judges 9 ==
1. 
2. 
3. 
4. 
5. 
6. 
7. 
8. 
9. 
10. 
11. 
12. 
13. 
14. 
15. 
16. 
17. 
18. 
19. 
20. 
21. 
22. 
23. 
24. 
25. 
26. 
27. 
28. 
29. 
30. 
31. 
32. 
33. 
34. 
35. 
36. 
37. 
38. 
39. 
40. 
41. 
42. 
43. 
44. 
45. 
46. 
47. 
48. 
49. 
50. 
51. 
52. 
53. 
54. 
55. 
56. 
57. 

== Judges 10 ==
1. 
2. 
3. 
4. 
5. 
6. 
7. 
8. 
9. 
10. 
11. 
12. 
13. 
14. 
15. 
16. 
17. 
18. 

== Judges 11 ==
1. 
2. 
3. 
4. 
5. 
6. 
7. 
8. 
9. 
10. 
11. 
12. 
13. 
14. 
15. 
16. 
17. 
18. 
19. 
20. 
21. 
22. 
23. 
24. 
25. 
26. 
27. 
28. 
29. 
30. 
31. 
32. 
33. 
34. 
35. 
36. 
37. 
38. 
39. 
40. 

== Judges 12 ==
1. 
2. 
3. 
4. 
5. 
6. 
7. 
8. 
9. 
10. 
11. 
12. 
13. 
14. 
15. 

== Judges 13 ==
1. 
2. 
3. 
4. 
5. 
6. 
7. 
8. 
9. 
10. 
11. 
12. 
13. 
14. 
15. 
16. 
17. 
18. 
19. 
20. 
21. 
22. 
23. 
24. 
25. 

== Judges 14 ==
1. 
2. 
3. 
4. 
5. 
6. 
7. 
8. 
9. 
10. 
11. 
12. 
13. 
14. 
15. 
16. 
17. 
18. 
19. 
20. 

== Judges 15 ==
1. 
2. 
3. 
4. 
5. 
6. 
7. 
8. 
9. 
10. 
11. 
12. 
13. 
14. 
15. 
16. 
17. 
18. 
19. 
20. 

== Judges 16 ==
1. 
2. 
3. 
4. 
5. 
6. 
7. 
8. 
9. 
10. 
11. 
12. 
13. 
14. 
15. 
16. 
17. 
18. 
19. 
20. 
21. 
22. 
23. 
24. 
25. 
26. 
27. 
28. 
29. 
30. 
31. 

== Judges 17 ==
1. 
2. 
3. 
4. 
5. 
6. 
7. 
8. 
9. 
10. 
11. 
12. 
13. 

== Judges 18 ==
1. 
2. 
3. 
4. 
5. 
6. 
7. 
8. 
9. 
10. 
11. 
12. 
13. 
14. 
15. 
16. 
17. 
18. 
19. 
20. 
21. 
22. 
23. 
24. 
25. 
26. 
27. 
28. 
29. 
30. 
31. 

== Judges 19 ==
1. 
2. 
3. 
4. 
5. 
6. 
7. 
8. 
9. 
10. 
11. 
12. 
13. 
14. 
15. 
16. 
17. 
18. 
19. 
20. 
21. 
22. 
23. 
24. 
25. 
26. 
27. 
28. 
29. 
30. 

== Judges 20 ==
1. 
2. 
3. 
4. 
5. 
6. 
7. 
8. 
9. 
10. 
11. 
12. 
13. 
14. 
15. 
16. 
17. 
18. 
19. 
20. 
21. 
22. 
23. 
24. 
25. 
26. 
27. 
28. 
29. 
30. 
31. 
32. 
33. 
34. 
35. 
36. 
37. 
38. 
39. 
40. 
41. 
42. 
43. 
44. 
45. 
46. 
47. 
48. 

== Judges 21 ==
1. 
2. 
3. 
4. 
5. 
6. 
7. 
8. 
9. 
10. 
11. 
12. 
13. 
14. 
15. 
16. 
17. 
18. 
19. 
20. 
21. 
22. 
23. 
24. 
25. 

== Ruth 1 ==
1. 
2. 
3. 
4. 
5. 
6. 
7. 
8. 
9. 
10. 
11. 
12. 
13. 
14. 
15. 
16. 
17. 
18. 
19. 
20. 
21. 
22. 

== Ruth 2 ==
1. 
2. 
3. 
4. 
5. 
6. 
7. 
8. 
9. 
10. 
11. 
12. 
13. 
14. 
15. 
16. 
17. 
18. 
19. 
20. 
21. 
22. 
23. 

== Ruth 3 ==
1. 
2. 
3. 
4. 
5. 
6. 
7. 
8. 
9. 
10. 
11. 
12. 
13. 
14. 
15. 
16. 
17. 
18. 

== Ruth 4 ==
1. 
2. 
3. 
4. 
5. 
6. 
7. 
8. 
9. 
10. 
11. 
12. 
13. 
14. 
15. 
16. 
17. 
18. 
19. 
20. 
21. 
22. 

== I Samuel 1 ==
1. 
2. 
3. 
4. 
5. 
6. 
7. 
8. 
9. 
10. 
11. 
12. 
13. 
14. 
15. 
16. 
17. 
18. 
19. 
20. 
21. 
22. 
23. 
24. 
25. 
26. 
27. 
28. 

== I Samuel 2 ==
1. 
2. 
3. 
4. 
5. 
6. 
7. 
8. 
9. 
10. 
11. 
12. 
13. 
14. 
15. 
16. 
17. 
18. 
19. 
20. 
21. 
22. 
23. 
24. 
25. 
26. 
27. 
28. 
29. 
30. 
31. 
32. 
33. 
34. 
35. 
36. 

== I Samuel 3 ==
1. 
2. 
3. 
4. 
5. 
6. 
7. 
8. 
9. 
10. 
11. 
12. 
13. 
14. 
15. 
16. 
17. 
18. 
19. 
20. 
21. 

== I Samuel 4 ==
1. 
2. 
3. 
4. 
5. 
6. 
7. 
8. 
9. 
10. 
11. 
12. 
13. 
14. 
15. 
16. 
17. 
18. 
19. 
20. 
21. 
22. 

== I Samuel 5 ==
1. 
2. 
3. 
4. 
5. 
6. 
7. 
8. 
9. 
10. 
11. 
12. 

== I Samuel 6 ==
1. 
2. 
3. 
4. 
5. 
6. 
7. 
8. 
9. 
10. 
11. 
12. 
13. 
14. 
15. 
16. 
17. 
18. 
19. 
20. 
21. 

== I Samuel 7 ==
1. 
2. 
3. 
4. 
5. 
6. 
7. 
8. 
9. 
10. 
11. 
12. 
13. 
14. 
15. 
16. 
17. 

== I Samuel 8 ==
1. 
2. 
3. 
4. 
5. 
6. 
7. 
8. 
9. 
10. 
11. 
12. 
13. 
14. 
15. 
16. 
17. 
18. 
19. 
20. 
21. 
22. 

== I Samuel 9 ==
1. 
2. 
3. 
4. 
5. 
6. 
7. 
8. 
9. 
10. 
11. 
12. 
13. 
14. 
15. 
16. 
17. 
18. 
19. 
20. 
21. 
22. 
23. 
24. 
25. 
26. 
27. 

== I Samuel 10 ==
1. 
2. 
3. 
4. 
5. 
6. 
7. 
8. 
9. 
10. 
11. 
12. 
13. 
14. 
15. 
16. 
17. 
18. 
19. 
20. 
21. 
22. 
23. 
24. 
25. 
26. 
27. 

== I Samuel 11 ==
1. 
2. 
3. 
4. 
5. 
6. 
7. 
8. 
9. 
10. 
11. 
12. 
13. 
14. 
15. 

== I Samuel 12 ==
1. 
2. 
3. 
4. 
5. 
6. 
7. 
8. 
9. 
10. 
11. 
12. 
13. 
14. 
15. 
16. 
17. 
18. 
19. 
20. 
21. 
22. 
23. 
24. 
25. 

== I Samuel 13 ==
1. 
2. 
3. 
4. 
5. 
6. 
7. 
8. 
9. 
10. 
11. 
12. 
13. 
14. 
15. 
16. 
17. 
18. 
19. 
20. 
21. 
22. 
23. 

== I Samuel 14 ==
1. 
2. 
3. 
4. 
5. 
6. 
7. 
8. 
9. 
10. 
11. 
12. 
13. 
14. 
15. 
16. 
17. 
18. 
19. 
20. 
21. 
22. 
23. 
24. 
25. 
26. 
27. 
28. 
29. 
30. 
31. 
32. 
33. 
34. 
35. 
36. 
37. 
38. 
39. 
40. 
41. 
42. 
43. 
44. 
45. 
46. 
47. 
48. 
49. 
50. 
51. 
52. 

== I Samuel 15 ==
1. 
2. 
3. 
4. 
5. 
6. 
7. 
8. 
9. 
10. 
11. 
12. 
13. 
14. 
15. 
16. 
17. 
18. 
19. 
20. 
21. 
22. 
23. 
24. 
25. 
26. 
27. 
28. 
29. 
30. 
31. 
32. 
33. 
34. 
35. 

== I Samuel 16 ==
1. 
2. 
3. 
4. 
5. 
6. 
7. 
8. 
9. 
10. 
11. 
12. 
13. 
14. 
15. 
16. 
17. 
18. 
19. 
20. 
21. 
22. 
23. 

== I Samuel 17 ==
1. 
2. 
3. 
4. 
5. 
6. 
7. 
8. 
9. 
10. 
11. 
12. 
13. 
14. 
15. 
16. 
17. 
18. 
19. 
20. 
21. 
22. 
23. 
24. 
25. 
26. 
27. 
28. 
29. 
30. 
31. 
32. 
33. 
34. 
35. 
36. 
37. 
38. 
39. 
40. 
41. 
42. 
43. 
44. 
45. 
46. 
47. 
48. 
49. 
50. 
51. 
52. 
53. 
54. 
55. 
56. 
57. 
58. 

== I Samuel 18 ==
1. 
2. 
3. 
4. 
5. 
6. 
7. 
8. 
9. 
10. 
11. 
12. 
13. 
14. 
15. 
16. 
17. 
18. 
19. 
20. 
21. 
22. 
23. 
24. 
25. 
26. 
27. 
28. 
29. 
30. 

== I Samuel 19 ==
1. 
2. 
3. 
4. 
5. 
6. 
7. 
8. 
9. 
10. 
11. 
12. 
13. 
14. 
15. 
16. 
17. 
18. 
19. 
20. 
21. 
22. 
23. 
24. 

== I Samuel 20 ==
1. 
2. 
3. 
4. 
5. 
6. 
7. 
8. 
9. 
10. 
11. 
12. 
13. 
14. 
15. 
16. 
17. 
18. 
19. 
20. 
21. 
22. 
23. 
24. 
25. 
26. 
27. 
28. 
29. 
30. 
31. 
32. 
33. 
34. 
35. 
36. 
37. 
38. 
39. 
40. 
41. 
42. 

== I Samuel 21 ==
1. 
2. 
3. 
4. 
5. 
6. 
7. 
8. 
9. 
10. 
11. 
12. 
13. 
14. 
15. 

== I Samuel 22 ==
1. 
2. 
3. 
4. 
5. 
6. 
7. 
8. 
9. 
10. 
11. 
12. 
13. 
14. 
15. 
16. 
17. 
18. 
19. 
20. 
21. 
22. 
23. 

== I Samuel 23 ==
1. 
2. 
3. 
4. 
5. 
6. 
7. 
8. 
9. 
10. 
11. 
12. 
13. 
14. 
15. 
16. 
17. 
18. 
19. 
20. 
21. 
22. 
23. 
24. 
25. 
26. 
27. 
28. 
29. 

== I Samuel 24 ==
1. 
2. 
3. 
4. 
5. 
6. 
7. 
8. 
9. 
10. 
11. 
12. 
13. 
14. 
15. 
16. 
17. 
18. 
19. 
20. 
21. 
22. 

== I Samuel 25 ==
1. 
2. 
3. 
4. 
5. 
6. 
7. 
8. 
9. 
10. 
11. 
12. 
13. 
14. 
15. 
16. 
17. 
18. 
19. 
20. 
21. 
22. 
23. 
24. 
25. 
26. 
27. 
28. 
29. 
30. 
31. 
32. 
33. 
34. 
35. 
36. 
37. 
38. 
39. 
40. 
41. 
42. 
43. 
44. 

== I Samuel 26 ==
1. 
2. 
3. 
4. 
5. 
6. 
7. 
8. 
9. 
10. 
11. 
12. 
13. 
14. 
15. 
16. 
17. 
18. 
19. 
20. 
21. 
22. 
23. 
24. 
25. 

== I Samuel 27 ==
1. 
2. 
3. 
4. 
5. 
6. 
7. 
8. 
9. 
10. 
11. 
12. 

== I Samuel 28 ==
1. 
2. 
3. 
4. 
5. 
6. 
7. 
8. 
9. 
10. 
11. 
12. 
13. 
14. 
15. 
16. 
17. 
18. 
19. 
20. 
21. 
22. 
23. 
24. 
25. 

== I Samuel 29 ==
1. 
2. 
3. 
4. 
5. 
6. 
7. 
8. 
9. 
10. 
11. 

== I Samuel 30 ==
1. 
2. 
3. 
4. 
5. 
6. 
7. 
8. 
9. 
10. 
11. 
12. 
13. 
14. 
15. 
16. 
17. 
18. 
19. 
20. 
21. 
22. 
23. 
24. 
25. 
26. 
27. 
28. 
29. 
30. 
31. 

== I Samuel 31 ==
1. 
2. 
3. 
4. 
5. 
6. 
7. 
8. 
9. 
10. 
11. 
12. 
13. 

== II Samuel 1 ==
1. 
2. 
3. 
4. 
5. 
6. 
7. 
8. 
9. 
10. 
11. 
12. 
13. 
14. 
15. 
16. 
17. 
18. 
19. 
20. 
21. 
22. 
23. 
24. 
25. 
26. 
27. 

== II Samuel 2 ==
1. 
2. 
3. 
4. 
5. 
6. 
7. 
8. 
9. 
10. 
11. 
12. 
13. 
14. 
15. 
16. 
17. 
18. 
19. 
20. 
21. 
22. 
23. 
24. 
25. 
26. 
27. 
28. 
29. 
30. 
31. 
32. 

== II Samuel 3 ==
1. 
2. 
3. 
4. 
5. 
6. 
7. 
8. 
9. 
10. 
11. 
12. 
13. 
14. 
15. 
16. 
17. 
18. 
19. 
20. 
21. 
22. 
23. 
24. 
25. 
26. 
27. 
28. 
29. 
30. 
31. 
32. 
33. 
34. 
35. 
36. 
37. 
38. 
39. 

== II Samuel 4 ==
1. 
2. 
3. 
4. 
5. 
6. 
7. 
8. 
9. 
10. 
11. 
12. 

== II Samuel 5 ==
1. 
2. 
3. 
4. 
5. 
6. 
7. 
8. 
9. 
10. 
11. 
12. 
13. 
14. 
15. 
16. 
17. 
18. 
19. 
20. 
21. 
22. 
23. 
24. 
25. 

== II Samuel 6 ==
1. 
2. 
3. 
4. 
5. 
6. 
7. 
8. 
9. 
10. 
11. 
12. 
13. 
14. 
15. 
16. 
17. 
18. 
19. 
20. 
21. 
22. 
23. 

== II Samuel 7 ==
1. 
2. 
3. 
4. 
5. 
6. 
7. 
8. 
9. 
10. 
11. 
12. 
13. 
14. 
15. 
16. 
17. 
18. 
19. 
20. 
21. 
22. 
23. 
24. 
25. 
26. 
27. 
28. 
29. 

== II Samuel 8 ==
1. 
2. 
3. 
4. 
5. 
6. 
7. 
8. 
9. 
10. 
11. 
12. 
13. 
14. 
15. 
16. 
17. 
18. 

== II Samuel 9 ==
1. 
2. 
3. 
4. 
5. 
6. 
7. 
8. 
9. 
10. 
11. 
12. 
13. 

== II Samuel 10 ==
1. 
2. 
3. 
4. 
5. 
6. 
7. 
8. 
9. 
10. 
11. 
12. 
13. 
14. 
15. 
16. 
17. 
18. 
19. 

== II Samuel 11 ==
1. 
2. 
3. 
4. 
5. 
6. 
7. 
8. 
9. 
10. 
11. 
12. 
13. 
14. 
15. 
16. 
17. 
18. 
19. 
20. 
21. 
22. 
23. 
24. 
25. 
26. 
27. 

== II Samuel 12 ==
1. 
2. 
3. 
4. 
5. 
6. 
7. 
8. 
9. 
10. 
11. 
12. 
13. 
14. 
15. 
16. 
17. 
18. 
19. 
20. 
21. 
22. 
23. 
24. 
25. 
26. 
27. 
28. 
29. 
30. 
31. 

== II Samuel 13 ==
1. 
2. 
3. 
4. 
5. 
6. 
7. 
8. 
9. 
10. 
11. 
12. 
13. 
14. 
15. 
16. 
17. 
18. 
19. 
20. 
21. 
22. 
23. 
24. 
25. 
26. 
27. 
28. 
29. 
30. 
31. 
32. 
33. 
34. 
35. 
36. 
37. 
38. 
39. 

== II Samuel 14 ==
1. 
2. 
3. 
4. 
5. 
6. 
7. 
8. 
9. 
10. 
11. 
12. 
13. 
14. 
15. 
16. 
17. 
18. 
19. 
20. 
21. 
22. 
23. 
24. 
25. 
26. 
27. 
28. 
29. 
30. 
31. 
32. 
33. 

== II Samuel 15 ==
1. 
2. 
3. 
4. 
5. 
6. 
7. 
8. 
9. 
10. 
11. 
12. 
13. 
14. 
15. 
16. 
17. 
18. 
19. 
20. 
21. 
22. 
23. 
24. 
25. 
26. 
27. 
28. 
29. 
30. 
31. 
32. 
33. 
34. 
35. 
36. 
37. 

== II Samuel 16 ==
1. 
2. 
3. 
4. 
5. 
6. 
7. 
8. 
9. 
10. 
11. 
12. 
13. 
14. 
15. 
16. 
17. 
18. 
19. 
20. 
21. 
22. 
23. 

== II Samuel 17 ==
1. 
2. 
3. 
4. 
5. 
6. 
7. 
8. 
9. 
10. 
11. 
12. 
13. 
14. 
15. 
16. 
17. 
18. 
19. 
20. 
21. 
22. 
23. 
24. 
25. 
26. 
27. 
28. 
29. 

== II Samuel 18 ==
1. 
2. 
3. 
4. 
5. 
6. 
7. 
8. 
9. 
10. 
11. 
12. 
13. 
14. 
15. 
16. 
17. 
18. 
19. 
20. 
21. 
22. 
23. 
24. 
25. 
26. 
27. 
28. 
29. 
30. 
31. 
32. 
33. 

== II Samuel 19 ==
1. 
2. 
3. 
4. 
5. 
6. 
7. 
8. 
9. 
10. 
11. 
12. 
13. 
14. 
15. 
16. 
17. 
18. 
19. 
20. 
21. 
22. 
23. 
24. 
25. 
26. 
27. 
28. 
29. 
30. 
31. 
32. 
33. 
34. 
35. 
36. 
37. 
38. 
39. 
40. 
41. 
42. 
43. 

== II Samuel 20 ==
1. 
2. 
3. 
4. 
5. 
6. 
7. 
8. 
9. 
10. 
11. 
12. 
13. 
14. 
15. 
16. 
17. 
18. 
19. 
20. 
21. 
22. 
23. 
24. 
25. 
26. 

== II Samuel 21 ==
1. 
2. 
3. 
4. 
5. 
6. 
7. 
8. 
9. 
10. 
11. 
12. 
13. 
14. 
15. 
16. 
17. 
18. 
19. 
20. 
21. 
22. 

== II Samuel 22 ==
1. 
2. 
3. 
4. 
5. 
6. 
7. 
8. 
9. 
10. 
11. 
12. 
13. 
14. 
15. 
16. 
17. 
18. 
19. 
20. 
21. 
22. 
23. 
24. 
25. 
26. 
27. 
28. 
29. 
30. 
31. 
32. 
33. 
34. 
35. 
36. 
37. 
38. 
39. 
40. 
41. 
42. 
43. 
44. 
45. 
46. 
47. 
48. 
49. 
50. 
51. 

== II Samuel 23 ==
1. 
2. 
3. 
4. 
5. 
6. 
7. 
8. 
9. 
10. 
11. 
12. 
13. 
14. 
15. 
16. 
17. 
18. 
19. 
20. 
21. 
22. 
23. 
24. 
25. 
26. 
27. 
28. 
29. 
30. 
31. 
32. 
33. 
34. 
35. 
36. 
37. 
38. 
39. 

== II Samuel 24 ==
1. 
2. 
3. 
4. 
5. 
6. 
7. 
8. 
9. 
10. 
11. 
12. 
13. 
14. 
15. 
16. 
17. 
18. 
19. 
20. 
21. 
22. 
23. 
24. 
25. 

== I Kings 1 ==
1. 
2. 
3. 
4. 
5. 
6. 
7. 
8. 
9. 
10. 
11. 
12. 
13. 
14. 
15. 
16. 
17. 
18. 
19. 
20. 
21. 
22. 
23. 
24. 
25. 
26. 
27. 
28. 
29. 
30. 
31. 
32. 
33. 
34. 
35. 
36. 
37. 
38. 
39. 
40. 
41. 
42. 
43. 
44. 
45. 
46. 
47. 
48. 
49. 
50. 
51. 
52. 
53. 

== I Kings 2 ==
1. 
2. 
3. 
4. 
5. 
6. 
7. 
8. 
9. 
10. 
11. 
12. 
13. 
14. 
15. 
16. 
17. 
18. 
19. 
20. 
21. 
22. 
23. 
24. 
25. 
26. 
27. 
28. 
29. 
30. 
31. 
32. 
33. 
34. 
35. 
36. 
37. 
38. 
39. 
40. 
41. 
42. 
43. 
44. 
45. 
46. 

== I Kings 3 ==
1. 
2. 
3. 
4. 
5. 
6. 
7. 
8. 
9. 
10. 
11. 
12. 
13. 
14. 
15. 
16. 
17. 
18. 
19. 
20. 
21. 
22. 
23. 
24. 
25. 
26. 
27. 
28. 

== I Kings 4 ==
1. 
2. 
3. 
4. 
5. 
6. 
7. 
8. 
9. 
10. 
11. 
12. 
13. 
14. 
15. 
16. 
17. 
18. 
19. 
20. 
21. 
22. 
23. 
24. 
25. 
26. 
27. 
28. 
29. 
30. 
31. 
32. 
33. 
34. 

== I Kings 5 ==
1. 
2. 
3. 
4. 
5. 
6. 
7. 
8. 
9. 
10. 
11. 
12. 
13. 
14. 
15. 
16. 
17. 
18. 

== I Kings 6 ==
1. 
2. 
3. 
4. 
5. 
6. 
7. 
8. 
9. 
10. 
11. 
12. 
13. 
14. 
15. 
16. 
17. 
18. 
19. 
20. 
21. 
22. 
23. 
24. 
25. 
26. 
27. 
28. 
29. 
30. 
31. 
32. 
33. 
34. 
35. 
36. 
37. 
38. 

== I Kings 7 ==
1. 
2. 
3. 
4. 
5. 
6. 
7. 
8. 
9. 
10. 
11. 
12. 
13. 
14. 
15. 
16. 
17. 
18. 
19. 
20. 
21. 
22. 
23. 
24. 
25. 
26. 
27. 
28. 
29. 
30. 
31. 
32. 
33. 
34. 
35. 
36. 
37. 
38. 
39. 
40. 
41. 
42. 
43. 
44. 
45. 
46. 
47. 
48. 
49. 
50. 
51. 

== I Kings 8 ==
1. 
2. 
3. 
4. 
5. 
6. 
7. 
8. 
9. 
10. 
11. 
12. 
13. 
14. 
15. 
16. 
17. 
18. 
19. 
20. 
21. 
22. 
23. 
24. 
25. 
26. 
27. 
28. 
29. 
30. 
31. 
32. 
33. 
34. 
35. 
36. 
37. 
38. 
39. 
40. 
41. 
42. 
43. 
44. 
45. 
46. 
47. 
48. 
49. 
50. 
51. 
52. 
53. 
54. 
55. 
56. 
57. 
58. 
59. 
60. 
61. 
62. 
63. 
64. 
65. 
66. 

== I Kings 9 ==
1. 
2. 
3. 
4. 
5. 
6. 
7. 
8. 
9. 
10. 
11. 
12. 
13. 
14. 
15. 
16. 
17. 
18. 
19. 
20. 
21. 
22. 
23. 
24. 
25. 
26. 
27. 
28. 

== I Kings 10 ==
1. 
2. 
3. 
4. 
5. 
6. 
7. 
8. 
9. 
10. 
11. 
12. 
13. 
14. 
15. 
16. 
17. 
18. 
19. 
20. 
21. 
22. 
23. 
24. 
25. 
26. 
27. 
28. 
29. 

== I Kings 11 ==
1. 
2. 
3. 
4. 
5. 
6. 
7. 
8. 
9. 
10. 
11. 
12. 
13. 
14. 
15. 
16. 
17. 
18. 
19. 
20. 
21. 
22. 
23. 
24. 
25. 
26. 
27. 
28. 
29. 
30. 
31. 
32. 
33. 
34. 
35. 
36. 
37. 
38. 
39. 
40. 
41. 
42. 
43. 

== I Kings 12 ==
1. 
2. 
3. 
4. 
5. 
6. 
7. 
8. 
9. 
10. 
11. 
12. 
13. 
14. 
15. 
16. 
17. 
18. 
19. 
20. 
21. 
22. 
23. 
24. 
25. 
26. 
27. 
28. 
29. 
30. 
31. 
32. 
33. 

== I Kings 13 ==
1. 
2. 
3. 
4. 
5. 
6. 
7. 
8. 
9. 
10. 
11. 
12. 
13. 
14. 
15. 
16. 
17. 
18. 
19. 
20. 
21. 
22. 
23. 
24. 
25. 
26. 
27. 
28. 
29. 
30. 
31. 
32. 
33. 
34. 

== I Kings 14 ==
1. 
2. 
3. 
4. 
5. 
6. 
7. 
8. 
9. 
10. 
11. 
12. 
13. 
14. 
15. 
16. 
17. 
18. 
19. 
20. 
21. 
22. 
23. 
24. 
25. 
26. 
27. 
28. 
29. 
30. 
31. 

== I Kings 15 ==
1. 
2. 
3. 
4. 
5. 
6. 
7. 
8. 
9. 
10. 
11. 
12. 
13. 
14. 
15. 
16. 
17. 
18. 
19. 
20. 
21. 
22. 
23. 
24. 
25. 
26. 
27. 
28. 
29. 
30. 
31. 
32. 
33. 
34. 

== I Kings 16 ==
1. 
2. 
3. 
4. 
5. 
6. 
7. 
8. 
9. 
10. 
11. 
12. 
13. 
14. 
15. 
16. 
17. 
18. 
19. 
20. 
21. 
22. 
23. 
24. 
25. 
26. 
27. 
28. 
29. 
30. 
31. 
32. 
33. 
34. 

== I Kings 17 ==
1. 
2. 
3. 
4. 
5. 
6. 
7. 
8. 
9. 
10. 
11. 
12. 
13. 
14. 
15. 
16. 
17. 
18. 
19. 
20. 
21. 
22. 
23. 
24. 

== I Kings 18 ==
1. 
2. 
3. 
4. 
5. 
6. 
7. 
8. 
9. 
10. 
11. 
12. 
13. 
14. 
15. 
16. 
17. 
18. 
19. 
20. 
21. 
22. 
23. 
24. 
25. 
26. 
27. 
28. 
29. 
30. 
31. 
32. 
33. 
34. 
35. 
36. 
37. 
38. 
39. 
40. 
41. 
42. 
43. 
44. 
45. 
46. 

== I Kings 19 ==
1. 
2. 
3. 
4. 
5. 
6. 
7. 
8. 
9. 
10. 
11. 
12. 
13. 
14. 
15. 
16. 
17. 
18. 
19. 
20. 
21. 

== I Kings 20 ==
1. 
2. 
3. 
4. 
5. 
6. 
7. 
8. 
9. 
10. 
11. 
12. 
13. 
14. 
15. 
16. 
17. 
18. 
19. 
20. 
21. 
22. 
23. 
24. 
25. 
26. 
27. 
28. 
29. 
30. 
31. 
32. 
33. 
34. 
35. 
36. 
37. 
38. 
39. 
40. 
41. 
42. 
43. 

== I Kings 21 ==
1. 
2. 
3. 
4. 
5. 
6. 
7. 
8. 
9. 
10. 
11. 
12. 
13. 
14. 
15. 
16. 
17. 
18. 
19. 
20. 
21. 
22. 
23. 
24. 
25. 
26. 
27. 
28. 
29. 

== I Kings 22 ==
1. 
2. 
3. 
4. 
5. 
6. 
7. 
8. 
9. 
10. 
11. 
12. 
13. 
14. 
15. 
16. 
17. 
18. 
19. 
20. 
21. 
22. 
23. 
24. 
25. 
26. 
27. 
28. 
29. 
30. 
31. 
32. 
33. 
34. 
35. 
36. 
37. 
38. 
39. 
40. 
41. 
42. 
43. 
44. 
45. 
46. 
47. 
48. 
49. 
50. 
51. 
52. 
53. 

== II Kings 1 ==
1. 
2. 
3. 
4. 
5. 
6. 
7. 
8. 
9. 
10. 
11. 
12. 
13. 
14. 
15. 
16. 
17. 
18. 

== II Kings 2 ==
1. 
2. 
3. 
4. 
5. 
6. 
7. 
8. 
9. 
10. 
11. 
12. 
13. 
14. 
15. 
16. 
17. 
18. 
19. 
20. 
21. 
22. 
23. 
24. 
25. 

== II Kings 3 ==
1. 
2. 
3. 
4. 
5. 
6. 
7. 
8. 
9. 
10. 
11. 
12. 
13. 
14. 
15. 
16. 
17. 
18. 
19. 
20. 
21. 
22. 
23. 
24. 
25. 
26. 
27. 

== II Kings 4 ==
1. 
2. 
3. 
4. 
5. 
6. 
7. 
8. 
9. 
10. 
11. 
12. 
13. 
14. 
15. 
16. 
17. 
18. 
19. 
20. 
21. 
22. 
23. 
24. 
25. 
26. 
27. 
28. 
29. 
30. 
31. 
32. 
33. 
34. 
35. 
36. 
37. 
38. 
39. 
40. 
41. 
42. 
43. 
44. 

== II Kings 5 ==
1. 
2. 
3. 
4. 
5. 
6. 
7. 
8. 
9. 
10. 
11. 
12. 
13. 
14. 
15. 
16. 
17. 
18. 
19. 
20. 
21. 
22. 
23. 
24. 
25. 
26. 
27. 

== II Kings 6 ==
1. 
2. 
3. 
4. 
5. 
6. 
7. 
8. 
9. 
10. 
11. 
12. 
13. 
14. 
15. 
16. 
17. 
18. 
19. 
20. 
21. 
22. 
23. 
24. 
25. 
26. 
27. 
28. 
29. 
30. 
31. 
32. 
33. 

== II Kings 7 ==
1. 
2. 
3. 
4. 
5. 
6. 
7. 
8. 
9. 
10. 
11. 
12. 
13. 
14. 
15. 
16. 
17. 
18. 
19. 
20. 

== II Kings 8 ==
1. 
2. 
3. 
4. 
5. 
6. 
7. 
8. 
9. 
10. 
11. 
12. 
13. 
14. 
15. 
16. 
17. 
18. 
19. 
20. 
21. 
22. 
23. 
24. 
25. 
26. 
27. 
28. 
29. 

== II Kings 9 ==
1. 
2. 
3. 
4. 
5. 
6. 
7. 
8. 
9. 
10. 
11. 
12. 
13. 
14. 
15. 
16. 
17. 
18. 
19. 
20. 
21. 
22. 
23. 
24. 
25. 
26. 
27. 
28. 
29. 
30. 
31. 
32. 
33. 
34. 
35. 
36. 
37. 

== II Kings 10 ==
1. 
2. 
3. 
4. 
5. 
6. 
7. 
8. 
9. 
10. 
11. 
12. 
13. 
14. 
15. 
16. 
17. 
18. 
19. 
20. 
21. 
22. 
23. 
24. 
25. 
26. 
27. 
28. 
29. 
30. 
31. 
32. 
33. 
34. 
35. 
36. 

== II Kings 11 ==
1. 
2. 
3. 
4. 
5. 
6. 
7. 
8. 
9. 
10. 
11. 
12. 
13. 
14. 
15. 
16. 
17. 
18. 
19. 
20. 
21. 

== II Kings 12 ==
1. 
2. 
3. 
4. 
5. 
6. 
7. 
8. 
9. 
10. 
11. 
12. 
13. 
14. 
15. 
16. 
17. 
18. 
19. 
20. 
21. 

== II Kings 13 ==
1. 
2. 
3. 
4. 
5. 
6. 
7. 
8. 
9. 
10. 
11. 
12. 
13. 
14. 
15. 
16. 
17. 
18. 
19. 
20. 
21. 
22. 
23. 
24. 
25. 

== II Kings 14 ==
1. 
2. 
3. 
4. 
5. 
6. 
7. 
8. 
9. 
10. 
11. 
12. 
13. 
14. 
15. 
16. 
17. 
18. 
19. 
20. 
21. 
22. 
23. 
24. 
25. 
26. 
27. 
28. 
29. 

== II Kings 15 ==
1. 
2. 
3. 
4. 
5. 
6. 
7. 
8. 
9. 
10. 
11. 
12. 
13. 
14. 
15. 
16. 
17. 
18. 
19. 
20. 
21. 
22. 
23. 
24. 
25. 
26. 
27. 
28. 
29. 
30. 
31. 
32. 
33. 
34. 
35. 
36. 
37. 
38. 

== II Kings 16 ==
1. 
2. 
3. 
4. 
5. 
6. 
7. 
8. 
9. 
10. 
11. 
12. 
13. 
14. 
15. 
16. 
17. 
18. 
19. 
20. 

== II Kings 17 ==
1. 
2. 
3. 
4. 
5. 
6. 
7. 
8. 
9. 
10. 
11. 
12. 
13. 
14. 
15. 
16. 
17. 
18. 
19. 
20. 
21. 
22. 
23. 
24. 
25. 
26. 
27. 
28. 
29. 
30. 
31. 
32. 
33. 
34. 
35. 
36. 
37. 
38. 
39. 
40. 
41. 

== II Kings 18 ==
1. 
2. 
3. 
4. 
5. 
6. 
7. 
8. 
9. 
10. 
11. 
12. 
13. 
14. 
15. 
16. 
17. 
18. 
19. 
20. 
21. 
22. 
23. 
24. 
25. 
26. 
27. 
28. 
29. 
30. 
31. 
32. 
33. 
34. 
35. 
36. 
37. 

== II Kings 19 ==
1. 
2. 
3. 
4. 
5. 
6. 
7. 
8. 
9. 
10. 
11. 
12. 
13. 
14. 
15. 
16. 
17. 
18. 
19. 
20. 
21. 
22. 
23. 
24. 
25. 
26. 
27. 
28. 
29. 
30. 
31. 
32. 
33. 
34. 
35. 
36. 
37. 

== II Kings 20 ==
1. 
2. 
3. 
4. 
5. 
6. 
7. 
8. 
9. 
10. 
11. 
12. 
13. 
14. 
15. 
16. 
17. 
18. 
19. 
20. 
21. 

== II Kings 21 ==
1. 
2. 
3. 
4. 
5. 
6. 
7. 
8. 
9. 
10. 
11. 
12. 
13. 
14. 
15. 
16. 
17. 
18. 
19. 
20. 
21. 
22. 
23. 
24. 
25. 
26. 

== II Kings 22 ==
1. 
2. 
3. 
4. 
5. 
6. 
7. 
8. 
9. 
10. 
11. 
12. 
13. 
14. 
15. 
16. 
17. 
18. 
19. 
20. 

== II Kings 23 ==
1. 
2. 
3. 
4. 
5. 
6. 
7. 
8. 
9. 
10. 
11. 
12. 
13. 
14. 
15. 
16. 
17. 
18. 
19. 
20. 
21. 
22. 
23. 
24. 
25. 
26. 
27. 
28. 
29. 
30. 
31. 
32. 
33. 
34. 
35. 
36. 
37. 

== II Kings 24 ==
1. 
2. 
3. 
4. 
5. 
6. 
7. 
8. 
9. 
10. 
11. 
12. 
13. 
14. 
15. 
16. 
17. 
18. 
19. 
20. 

== II Kings 25 ==
1. 
2. 
3. 
4. 
5. 
6. 
7. 
8. 
9. 
10. 
11. 
12. 
13. 
14. 
15. 
16. 
17. 
18. 
19. 
20. 
21. 
22. 
23. 
24. 
25. 
26. 
27. 
28. 
29. 
30. 

== I Chronicles 1 ==
1. 
2. 
3. 
4. 
5. 
6. 
7. 
8. 
9. 
10. 
11. 
12. 
13. 
14. 
15. 
16. 
17. 
18. 
19. 
20. 
21. 
22. 
23. 
24. 
25. 
26. 
27. 
28. 
29. 
30. 
31. 
32. 
33. 
34. 
35. 
36. 
37. 
38. 
39. 
40. 
41. 
42. 
43. 
44. 
45. 
46. 
47. 
48. 
49. 
50. 
51. 
52. 
53. 
54. 

== I Chronicles 2 ==
1. 
2. 
3. 
4. 
5. 
6. 
7. 
8. 
9. 
10. 
11. 
12. 
13. 
14. 
15. 
16. 
17. 
18. 
19. 
20. 
21. 
22. 
23. 
24. 
25. 
26. 
27. 
28. 
29. 
30. 
31. 
32. 
33. 
34. 
35. 
36. 
37. 
38. 
39. 
40. 
41. 
42. 
43. 
44. 
45. 
46. 
47. 
48. 
49. 
50. 
51. 
52. 
53. 
54. 
55. 

== I Chronicles 3 ==
1. 
2. 
3. 
4. 
5. 
6. 
7. 
8. 
9. 
10. 
11. 
12. 
13. 
14. 
15. 
16. 
17. 
18. 
19. 
20. 
21. 
22. 
23. 
24. 

== I Chronicles 4 ==
1. 
2. 
3. 
4. 
5. 
6. 
7. 
8. 
9. 
10. 
11. 
12. 
13. 
14. 
15. 
16. 
17. 
18. 
19. 
20. 
21. 
22. 
23. 
24. 
25. 
26. 
27. 
28. 
29. 
30. 
31. 
32. 
33. 
34. 
35. 
36. 
37. 
38. 
39. 
40. 
41. 
42. 
43. 

== I Chronicles 5 ==
1. 
2. 
3. 
4. 
5. 
6. 
7. 
8. 
9. 
10. 
11. 
12. 
13. 
14. 
15. 
16. 
17. 
18. 
19. 
20. 
21. 
22. 
23. 
24. 
25. 
26. 

== I Chronicles 6 ==
1. 
2. 
3. 
4. 
5. 
6. 
7. 
8. 
9. 
10. 
11. 
12. 
13. 
14. 
15. 
16. 
17. 
18. 
19. 
20. 
21. 
22. 
23. 
24. 
25. 
26. 
27. 
28. 
29. 
30. 
31. 
32. 
33. 
34. 
35. 
36. 
37. 
38. 
39. 
40. 
41. 
42. 
43. 
44. 
45. 
46. 
47. 
48. 
49. 
50. 
51. 
52. 
53. 
54. 
55. 
56. 
57. 
58. 
59. 
60. 
61. 
62. 
63. 
64. 
65. 
66. 
67. 
68. 
69. 
70. 
71. 
72. 
73. 
74. 
75. 
76. 
77. 
78. 
79. 
80. 
81. 

== I Chronicles 7 ==
1. 
2. 
3. 
4. 
5. 
6. 
7. 
8. 
9. 
10. 
11. 
12. 
13. 
14. 
15. 
16. 
17. 
18. 
19. 
20. 
21. 
22. 
23. 
24. 
25. 
26. 
27. 
28. 
29. 
30. 
31. 
32. 
33. 
34. 
35. 
36. 
37. 
38. 
39. 
40. 

== I Chronicles 8 ==
1. 
2. 
3. 
4. 
5. 
6. 
7. 
8. 
9. 
10. 
11. 
12. 
13. 
14. 
15. 
16. 
17. 
18. 
19. 
20. 
21. 
22. 
23. 
24. 
25. 
26. 
27. 
28. 
29. 
30. 
31. 
32. 
33. 
34. 
35. 
36. 
37. 
38. 
39. 
40. 

== I Chronicles 9 ==
1. 
2. 
3. 
4. 
5. 
6. 
7. 
8. 
9. 
10. 
11. 
12. 
13. 
14. 
15. 
16. 
17. 
18. 
19. 
20. 
21. 
22. 
23. 
24. 
25. 
26. 
27. 
28. 
29. 
30. 
31. 
32. 
33. 
34. 
35. 
36. 
37. 
38. 
39. 
40. 
41. 
42. 
43. 
44. 

== I Chronicles 10 ==
1. 
2. 
3. 
4. 
5. 
6. 
7. 
8. 
9. 
10. 
11. 
12. 
13. 
14. 

== I Chronicles 11 ==
1. 
2. 
3. 
4. 
5. 
6. 
7. 
8. 
9. 
10. 
11. 
12. 
13. 
14. 
15. 
16. 
17. 
18. 
19. 
20. 
21. 
22. 
23. 
24. 
25. 
26. 
27. 
28. 
29. 
30. 
31. 
32. 
33. 
34. 
35. 
36. 
37. 
38. 
39. 
40. 
41. 
42. 
43. 
44. 
45. 
46. 
47. 

== I Chronicles 12 ==
1. 
2. 
3. 
4. 
5. 
6. 
7. 
8. 
9. 
10. 
11. 
12. 
13. 
14. 
15. 
16. 
17. 
18. 
19. 
20. 
21. 
22. 
23. 
24. 
25. 
26. 
27. 
28. 
29. 
30. 
31. 
32. 
33. 
34. 
35. 
36. 
37. 
38. 
39. 
40. 

== I Chronicles 13 ==
1. 
2. 
3. 
4. 
5. 
6. 
7. 
8. 
9. 
10. 
11. 
12. 
13. 
14. 

== I Chronicles 14 ==
1. 
2. 
3. 
4. 
5. 
6. 
7. 
8. 
9. 
10. 
11. 
12. 
13. 
14. 
15. 
16. 
17. 

== I Chronicles 15 ==
1. 
2. 
3. 
4. 
5. 
6. 
7. 
8. 
9. 
10. 
11. 
12. 
13. 
14. 
15. 
16. 
17. 
18. 
19. 
20. 
21. 
22. 
23. 
24. 
25. 
26. 
27. 
28. 
29. 

== I Chronicles 16 ==
1. 
2. 
3. 
4. 
5. 
6. 
7. 
8. 
9. 
10. 
11. 
12. 
13. 
14. 
15. 
16. 
17. 
18. 
19. 
20. 
21. 
22. 
23. 
24. 
25. 
26. 
27. 
28. 
29. 
30. 
31. 
32. 
33. 
34. 
35. 
36. 
37. 
38. 
39. 
40. 
41. 
42. 
43. 

== I Chronicles 17 ==
1. 
2. 
3. 
4. 
5. 
6. 
7. 
8. 
9. 
10. 
11. 
12. 
13. 
14. 
15. 
16. 
17. 
18. 
19. 
20. 
21. 
22. 
23. 
24. 
25. 
26. 
27. 

== I Chronicles 18 ==
1. 
2. 
3. 
4. 
5. 
6. 
7. 
8. 
9. 
10. 
11. 
12. 
13. 
14. 
15. 
16. 
17. 

== I Chronicles 19 ==
1. 
2. 
3. 
4. 
5. 
6. 
7. 
8. 
9. 
10. 
11. 
12. 
13. 
14. 
15. 
16. 
17. 
18. 
19. 

== I Chronicles 20 ==
1. 
2. 
3. 
4. 
5. 
6. 
7. 
8. 

== I Chronicles 21 ==
1. 
2. 
3. 
4. 
5. 
6. 
7. 
8. 
9. 
10. 
11. 
12. 
13. 
14. 
15. 
16. 
17. 
18. 
19. 
20. 
21. 
22. 
23. 
24. 
25. 
26. 
27. 
28. 
29. 
30. 

== I Chronicles 22 ==
1. 
2. 
3. 
4. 
5. 
6. 
7. 
8. 
9. 
10. 
11. 
12. 
13. 
14. 
15. 
16. 
17. 
18. 
19. 

== I Chronicles 23 ==
1. 
2. 
3. 
4. 
5. 
6. 
7. 
8. 
9. 
10. 
11. 
12. 
13. 
14. 
15. 
16. 
17. 
18. 
19. 
20. 
21. 
22. 
23. 
24. 
25. 
26. 
27. 
28. 
29. 
30. 
31. 
32. 

== I Chronicles 24 ==
1. 
2. 
3. 
4. 
5. 
6. 
7. 
8. 
9. 
10. 
11. 
12. 
13. 
14. 
15. 
16. 
17. 
18. 
19. 
20. 
21. 
22. 
23. 
24. 
25. 
26. 
27. 
28. 
29. 
30. 
31. 

== I Chronicles 25 ==
1. 
2. 
3. 
4. 
5. 
6. 
7. 
8. 
9. 
10. 
11. 
12. 
13. 
14. 
15. 
16. 
17. 
18. 
19. 
20. 
21. 
22. 
23. 
24. 
25. 
26. 
27. 
28. 
29. 
30. 
31. 

== I Chronicles 26 ==
1. 
2. 
3. 
4. 
5. 
6. 
7. 
8. 
9. 
10. 
11. 
12. 
13. 
14. 
15. 
16. 
17. 
18. 
19. 
20. 
21. 
22. 
23. 
24. 
25. 
26. 
27. 
28. 
29. 
30. 
31. 
32. 

== I Chronicles 27 ==
1. 
2. 
3. 
4. 
5. 
6. 
7. 
8. 
9. 
10. 
11. 
12. 
13. 
14. 
15. 
16. 
17. 
18. 
19. 
20. 
21. 
22. 
23. 
24. 
25. 
26. 
27. 
28. 
29. 
30. 
31. 
32. 
33. 
34. 

== I Chronicles 28 ==
1. 
2. 
3. 
4. 
5. 
6. 
7. 
8. 
9. 
10. 
11. 
12. 
13. 
14. 
15. 
16. 
17. 
18. 
19. 
20. 
21. 

== I Chronicles 29 ==
1. 
2. 
3. 
4. 
5. 
6. 
7. 
8. 
9. 
10. 
11. 
12. 
13. 
14. 
15. 
16. 
17. 
18. 
19. 
20. 
21. 
22. 
23. 
24. 
25. 
26. 
27. 
28. 
29. 
30. 

== II Chronicles 1 ==
1. 
2. 
3. 
4. 
5. 
6. 
7. 
8. 
9. 
10. 
11. 
12. 
13. 
14. 
15. 
16. 
17. 

== II Chronicles 2 ==
1. 
2. 
3. 
4. 
5. 
6. 
7. 
8. 
9. 
10. 
11. 
12. 
13. 
14. 
15. 
16. 
17. 
18. 

== II Chronicles 3 ==
1. 
2. 
3. 
4. 
5. 
6. 
7. 
8. 
9. 
10. 
11. 
12. 
13. 
14. 
15. 
16. 
17. 

== II Chronicles 4 ==
1. 
2. 
3. 
4. 
5. 
6. 
7. 
8. 
9. 
10. 
11. 
12. 
13. 
14. 
15. 
16. 
17. 
18. 
19. 
20. 
21. 
22. 

== II Chronicles 5 ==
1. 
2. 
3. 
4. 
5. 
6. 
7. 
8. 
9. 
10. 
11. 
12. 
13. 
14. 

== II Chronicles 6 ==
1. 
2. 
3. 
4. 
5. 
6. 
7. 
8. 
9. 
10. 
11. 
12. 
13. 
14. 
15. 
16. 
17. 
18. 
19. 
20. 
21. 
22. 
23. 
24. 
25. 
26. 
27. 
28. 
29. 
30. 
31. 
32. 
33. 
34. 
35. 
36. 
37. 
38. 
39. 
40. 
41. 
42. 

== II Chronicles 7 ==
1. 
2. 
3. 
4. 
5. 
6. 
7. 
8. 
9. 
10. 
11. 
12. 
13. 
14. 
15. 
16. 
17. 
18. 
19. 
20. 
21. 
22. 

== II Chronicles 8 ==
1. 
2. 
3. 
4. 
5. 
6. 
7. 
8. 
9. 
10. 
11. 
12. 
13. 
14. 
15. 
16. 
17. 
18. 

== II Chronicles 9 ==
1. 
2. 
3. 
4. 
5. 
6. 
7. 
8. 
9. 
10. 
11. 
12. 
13. 
14. 
15. 
16. 
17. 
18. 
19. 
20. 
21. 
22. 
23. 
24. 
25. 
26. 
27. 
28. 
29. 
30. 
31. 

== II Chronicles 10 ==
1. 
2. 
3. 
4. 
5. 
6. 
7. 
8. 
9. 
10. 
11. 
12. 
13. 
14. 
15. 
16. 
17. 
18. 
19. 

== II Chronicles 11 ==
1. 
2. 
3. 
4. 
5. 
6. 
7. 
8. 
9. 
10. 
11. 
12. 
13. 
14. 
15. 
16. 
17. 
18. 
19. 
20. 
21. 
22. 
23. 

== II Chronicles 12 ==
1. 
2. 
3. 
4. 
5. 
6. 
7. 
8. 
9. 
10. 
11. 
12. 
13. 
14. 
15. 
16. 

== II Chronicles 13 ==
1. 
2. 
3. 
4. 
5. 
6. 
7. 
8. 
9. 
10. 
11. 
12. 
13. 
14. 
15. 
16. 
17. 
18. 
19. 
20. 
21. 
22. 

== II Chronicles 14 ==
1. 
2. 
3. 
4. 
5. 
6. 
7. 
8. 
9. 
10. 
11. 
12. 
13. 
14. 
15. 

== II Chronicles 15 ==
1. 
2. 
3. 
4. 
5. 
6. 
7. 
8. 
9. 
10. 
11. 
12. 
13. 
14. 
15. 
16. 
17. 
18. 
19. 

== II Chronicles 16 ==
1. 
2. 
3. 
4. 
5. 
6. 
7. 
8. 
9. 
10. 
11. 
12. 
13. 
14. 

== II Chronicles 17 ==
1. 
2. 
3. 
4. 
5. 
6. 
7. 
8. 
9. 
10. 
11. 
12. 
13. 
14. 
15. 
16. 
17. 
18. 
19. 

== II Chronicles 18 ==
1. 
2. 
3. 
4. 
5. 
6. 
7. 
8. 
9. 
10. 
11. 
12. 
13. 
14. 
15. 
16. 
17. 
18. 
19. 
20. 
21. 
22. 
23. 
24. 
25. 
26. 
27. 
28. 
29. 
30. 
31. 
32. 
33. 
34. 

== II Chronicles 19 ==
1. 
2. 
3. 
4. 
5. 
6. 
7. 
8. 
9. 
10. 
11. 

== II Chronicles 20 ==
1. 
2. 
3. 
4. 
5. 
6. 
7. 
8. 
9. 
10. 
11. 
12. 
13. 
14. 
15. 
16. 
17. 
18. 
19. 
20. 
21. 
22. 
23. 
24. 
25. 
26. 
27. 
28. 
29. 
30. 
31. 
32. 
33. 
34. 
35. 
36. 
37. 

== II Chronicles 21 ==
1. 
2. 
3. 
4. 
5. 
6. 
7. 
8. 
9. 
10. 
11. 
12. 
13. 
14. 
15. 
16. 
17. 
18. 
19. 
20. 

== II Chronicles 22 ==
1. 
2. 
3. 
4. 
5. 
6. 
7. 
8. 
9. 
10. 
11. 
12. 

== II Chronicles 23 ==
1. 
2. 
3. 
4. 
5. 
6. 
7. 
8. 
9. 
10. 
11. 
12. 
13. 
14. 
15. 
16. 
17. 
18. 
19. 
20. 
21. 

== II Chronicles 24 ==
1. 
2. 
3. 
4. 
5. 
6. 
7. 
8. 
9. 
10. 
11. 
12. 
13. 
14. 
15. 
16. 
17. 
18. 
19. 
20. 
21. 
22. 
23. 
24. 
25. 
26. 
27. 

== II Chronicles 25 ==
1. 
2. 
3. 
4. 
5. 
6. 
7. 
8. 
9. 
10. 
11. 
12. 
13. 
14. 
15. 
16. 
17. 
18. 
19. 
20. 
21. 
22. 
23. 
24. 
25. 
26. 
27. 
28. 

== II Chronicles 26 ==
1. 
2. 
3. 
4. 
5. 
6. 
7. 
8. 
9. 
10. 
11. 
12. 
13. 
14. 
15. 
16. 
17. 
18. 
19. 
20. 
21. 
22. 
23. 

== II Chronicles 27 ==
1. 
2. 
3. 
4. 
5. 
6. 
7. 
8. 
9. 

== II Chronicles 28 ==
1. 
2. 
3. 
4. 
5. 
6. 
7. 
8. 
9. 
10. 
11. 
12. 
13. 
14. 
15. 
16. 
17. 
18. 
19. 
20. 
21. 
22. 
23. 
24. 
25. 
26. 
27. 

== II Chronicles 29 ==
1. 
2. 
3. 
4. 
5. 
6. 
7. 
8. 
9. 
10. 
11. 
12. 
13. 
14. 
15. 
16. 
17. 
18. 
19. 
20. 
21. 
22. 
23. 
24. 
25. 
26. 
27. 
28. 
29. 
30. 
31. 
32. 
33. 
34. 
35. 
36. 

== II Chronicles 30 ==
1. 
2. 
3. 
4. 
5. 
6. 
7. 
8. 
9. 
10. 
11. 
12. 
13. 
14. 
15. 
16. 
17. 
18. 
19. 
20. 
21. 
22. 
23. 
24. 
25. 
26. 
27. 

== II Chronicles 31 ==
1. 
2. 
3. 
4. 
5. 
6. 
7. 
8. 
9. 
10. 
11. 
12. 
13. 
14. 
15. 
16. 
17. 
18. 
19. 
20. 
21. 

== II Chronicles 32 ==
1. 
2. 
3. 
4. 
5. 
6. 
7. 
8. 
9. 
10. 
11. 
12. 
13. 
14. 
15. 
16. 
17. 
18. 
19. 
20. 
21. 
22. 
23. 
24. 
25. 
26. 
27. 
28. 
29. 
30. 
31. 
32. 
33. 

== II Chronicles 33 ==
1. 
2. 
3. 
4. 
5. 
6. 
7. 
8. 
9. 
10. 
11. 
12. 
13. 
14. 
15. 
16. 
17. 
18. 
19. 
20. 
21. 
22. 
23. 
24. 
25. 

== II Chronicles 34 ==
1. 
2. 
3. 
4. 
5. 
6. 
7. 
8. 
9. 
10. 
11. 
12. 
13. 
14. 
15. 
16. 
17. 
18. 
19. 
20. 
21. 
22. 
23. 
24. 
25. 
26. 
27. 
28. 
29. 
30. 
31. 
32. 
33. 

== II Chronicles 35 ==
1. 
2. 
3. 
4. 
5. 
6. 
7. 
8. 
9. 
10. 
11. 
12. 
13. 
14. 
15. 
16. 
17. 
18. 
19. 
20. 
21. 
22. 
23. 
24. 
25. 
26. 
27. 

== II Chronicles 36 ==
1. 
2. 
3. 
4. 
5. 
6. 
7. 
8. 
9. 
10. 
11. 
12. 
13. 
14. 
15. 
16. 
17. 
18. 
19. 
20. 
21. 
22. 
23. 

== Ezra 1 ==
1. 
2. 
3. 
4. 
5. 
6. 
7. 
8. 
9. 
10. 
11. 

== Ezra 2 ==
1. 
2. 
3. 
4. 
5. 
6. 
7. 
8. 
9. 
10. 
11. 
12. 
13. 
14. 
15. 
16. 
17. 
18. 
19. 
20. 
21. 
22. 
23. 
24. 
25. 
26. 
27. 
28. 
29. 
30. 
31. 
32. 
33. 
34. 
35. 
36. 
37. 
38. 
39. 
40. 
41. 
42. 
43. 
44. 
45. 
46. 
47. 
48. 
49. 
50. 
51. 
52. 
53. 
54. 
55. 
56. 
57. 
58. 
59. 
60. 
61. 
62. 
63. 
64. 
65. 
66. 
67. 
68. 
69. 
70. 

== Ezra 3 ==
1. 
2. 
3. 
4. 
5. 
6. 
7. 
8. 
9. 
10. 
11. 
12. 
13. 

== Ezra 4 ==
1. 
2. 
3. 
4. 
5. 
6. 
7. 
8. 
9. 
10. 
11. 
12. 
13. 
14. 
15. 
16. 
17. 
18. 
19. 
20. 
21. 
22. 
23. 
24. 

== Ezra 5 ==
1. 
2. 
3. 
4. 
5. 
6. 
7. 
8. 
9. 
10. 
11. 
12. 
13. 
14. 
15. 
16. 
17. 

== Ezra 6 ==
1. 
2. 
3. 
4. 
5. 
6. 
7. 
8. 
9. 
10. 
11. 
12. 
13. 
14. 
15. 
16. 
17. 
18. 
19. 
20. 
21. 
22. 

== Ezra 7 ==
1. 
2. 
3. 
4. 
5. 
6. 
7. 
8. 
9. 
10. 
11. 
12. 
13. 
14. 
15. 
16. 
17. 
18. 
19. 
20. 
21. 
22. 
23. 
24. 
25. 
26. 
27. 
28. 

== Ezra 8 ==
1. 
2. 
3. 
4. 
5. 
6. 
7. 
8. 
9. 
10. 
11. 
12. 
13. 
14. 
15. 
16. 
17. 
18. 
19. 
20. 
21. 
22. 
23. 
24. 
25. 
26. 
27. 
28. 
29. 
30. 
31. 
32. 
33. 
34. 
35. 
36. 

== Ezra 9 ==
1. 
2. 
3. 
4. 
5. 
6. 
7. 
8. 
9. 
10. 
11. 
12. 
13. 
14. 
15. 

== Ezra 10 ==
1. 
2. 
3. 
4. 
5. 
6. 
7. 
8. 
9. 
10. 
11. 
12. 
13. 
14. 
15. 
16. 
17. 
18. 
19. 
20. 
21. 
22. 
23. 
24. 
25. 
26. 
27. 
28. 
29. 
30. 
31. 
32. 
33. 
34. 
35. 
36. 
37. 
38. 
39. 
40. 
41. 
42. 
43. 
44. 

== Nehemiah 1 ==
1. 
2. 
3. 
4. 
5. 
6. 
7. 
8. 
9. 
10. 
11. 

== Nehemiah 2 ==
1. 
2. 
3. 
4. 
5. 
6. 
7. 
8. 
9. 
10. 
11. 
12. 
13. 
14. 
15. 
16. 
17. 
18. 
19. 
20. 

== Nehemiah 3 ==
1. 
2. 
3. 
4. 
5. 
6. 
7. 
8. 
9. 
10. 
11. 
12. 
13. 
14. 
15. 
16. 
17. 
18. 
19. 
20. 
21. 
22. 
23. 
24. 
25. 
26. 
27. 
28. 
29. 
30. 
31. 
32. 

== Nehemiah 4 ==
1. 
2. 
3. 
4. 
5. 
6. 
7. 
8. 
9. 
10. 
11. 
12. 
13. 
14. 
15. 
16. 
17. 
18. 
19. 
20. 
21. 
22. 
23. 

== Nehemiah 5 ==
1. 
2. 
3. 
4. 
5. 
6. 
7. 
8. 
9. 
10. 
11. 
12. 
13. 
14. 
15. 
16. 
17. 
18. 
19. 

== Nehemiah 6 ==
1. 
2. 
3. 
4. 
5. 
6. 
7. 
8. 
9. 
10. 
11. 
12. 
13. 
14. 
15. 
16. 
17. 
18. 
19. 

== Nehemiah 7 ==
1. 
2. 
3. 
4. 
5. 
6. 
7. 
8. 
9. 
10. 
11. 
12. 
13. 
14. 
15. 
16. 
17. 
18. 
19. 
20. 
21. 
22. 
23. 
24. 
25. 
26. 
27. 
28. 
29. 
30. 
31. 
32. 
33. 
34. 
35. 
36. 
37. 
38. 
39. 
40. 
41. 
42. 
43. 
44. 
45. 
46. 
47. 
48. 
49. 
50. 
51. 
52. 
53. 
54. 
55. 
56. 
57. 
58. 
59. 
60. 
61. 
62. 
63. 
64. 
65. 
66. 
67. 
68. 
69. 
70. 
71. 
72. 
73. 

== Nehemiah 8 ==
1. 
2. 
3. 
4. 
5. 
6. 
7. 
8. 
9. 
10. 
11. 
12. 
13. 
14. 
15. 
16. 
17. 
18. 

== Nehemiah 9 ==
1. 
2. 
3. 
4. 
5. 
6. 
7. 
8. 
9. 
10. 
11. 
12. 
13. 
14. 
15. 
16. 
17. 
18. 
19. 
20. 
21. 
22. 
23. 
24. 
25. 
26. 
27. 
28. 
29. 
30. 
31. 
32. 
33. 
34. 
35. 
36. 
37. 
38. 

== Nehemiah 10 ==
1. 
2. 
3. 
4. 
5. 
6. 
7. 
8. 
9. 
10. 
11. 
12. 
13. 
14. 
15. 
16. 
17. 
18. 
19. 
20. 
21. 
22. 
23. 
24. 
25. 
26. 
27. 
28. 
29. 
30. 
31. 
32. 
33. 
34. 
35. 
36. 
37. 
38. 
39. 

== Nehemiah 11 ==
1. 
2. 
3. 
4. 
5. 
6. 
7. 
8. 
9. 
10. 
11. 
12. 
13. 
14. 
15. 
16. 
17. 
18. 
19. 
20. 
21. 
22. 
23. 
24. 
25. 
26. 
27. 
28. 
29. 
30. 
31. 
32. 
33. 
34. 
35. 
36. 

== Nehemiah 12 ==
1. 
2. 
3. 
4. 
5. 
6. 
7. 
8. 
9. 
10. 
11. 
12. 
13. 
14. 
15. 
16. 
17. 
18. 
19. 
20. 
21. 
22. 
23. 
24. 
25. 
26. 
27. 
28. 
29. 
30. 
31. 
32. 
33. 
34. 
35. 
36. 
37. 
38. 
39. 
40. 
41. 
42. 
43. 
44. 
45. 
46. 
47. 

== Nehemiah 13 ==
1. 
2. 
3. 
4. 
5. 
6. 
7. 
8. 
9. 
10. 
11. 
12. 
13. 
14. 
15. 
16. 
17. 
18. 
19. 
20. 
21. 
22. 
23. 
24. 
25. 
26. 
27. 
28. 
29. 
30. 
31. 

== Esther 1 ==
1. 
2. 
3. 
4. 
5. 
6. 
7. 
8. 
9. 
10. 
11. 
12. 
13. 
14. 
15. 
16. 
17. 
18. 
19. 
20. 
21. 
22. 

== Esther 2 ==
1. 
2. 
3. 
4. 
5. 
6. 
7. 
8. 
9. 
10. 
11. 
12. 
13. 
14. 
15. 
16. 
17. 
18. 
19. 
20. 
21. 
22. 
23. 

== Esther 3 ==
1. 
2. 
3. 
4. 
5. 
6. 
7. 
8. 
9. 
10. 
11. 
12. 
13. 
14. 
15. 

== Esther 4 ==
1. 
2. 
3. 
4. 
5. 
6. 
7. 
8. 
9. 
10. 
11. 
12. 
13. 
14. 
15. 
16. 
17. 

== Esther 5 ==
1. 
2. 
3. 
4. 
5. 
6. 
7. 
8. 
9. 
10. 
11. 
12. 
13. 
14. 

== Esther 6 ==
1. 
2. 
3. 
4. 
5. 
6. 
7. 
8. 
9. 
10. 
11. 
12. 
13. 
14. 

== Esther 7 ==
1. 
2. 
3. 
4. 
5. 
6. 
7. 
8. 
9. 
10. 

== Esther 8 ==
1. 
2. 
3. 
4. 
5. 
6. 
7. 
8. 
9. 
10. 
11. 
12. 
13. 
14. 
15. 
16. 
17. 

== Esther 9 ==
1. 
2. 
3. 
4. 
5. 
6. 
7. 
8. 
9. 
10. 
11. 
12. 
13. 
14. 
15. 
16. 
17. 
18. 
19. 
20. 
21. 
22. 
23. 
24. 
25. 
26. 
27. 
28. 
29. 
30. 
31. 
32. 

== Esther 10 ==
1. 
2. 
3. 

== Job 1 ==
1. 
2. 
3. 
4. 
5. 
6. 
7. 
8. 
9. 
10. 
11. 
12. 
13. 
14. 
15. 
16. 
17. 
18. 
19. 
20. 
21. 
22. 

== Job 2 ==
1. 
2. 
3. 
4. 
5. 
6. 
7. 
8. 
9. 
10. 
11. 
12. 
13. 

== Job 3 ==
1. 
2. 
3. 
4. 
5. 
6. 
7. 
8. 
9. 
10. 
11. 
12. 
13. 
14. 
15. 
16. 
17. 
18. 
19. 
20. 
21. 
22. 
23. 
24. 
25. 
26. 

== Job 4 ==
1. 
2. 
3. 
4. 
5. 
6. 
7. 
8. 
9. 
10. 
11. 
12. 
13. 
14. 
15. 
16. 
17. 
18. 
19. 
20. 
21. 

== Job 5 ==
1. 
2. 
3. 
4. 
5. 
6. 
7. 
8. 
9. 
10. 
11. 
12. 
13. 
14. 
15. 
16. 
17. 
18. 
19. 
20. 
21. 
22. 
23. 
24. 
25. 
26. 
27. 

== Job 6 ==
1. 
2. 
3. 
4. 
5. 
6. 
7. 
8. 
9. 
10. 
11. 
12. 
13. 
14. 
15. 
16. 
17. 
18. 
19. 
20. 
21. 
22. 
23. 
24. 
25. 
26. 
27. 
28. 
29. 
30. 

== Job 7 ==
1. 
2. 
3. 
4. 
5. 
6. 
7. 
8. 
9. 
10. 
11. 
12. 
13. 
14. 
15. 
16. 
17. 
18. 
19. 
20. 
21. 

== Job 8 ==
1. 
2. 
3. 
4. 
5. 
6. 
7. 
8. 
9. 
10. 
11. 
12. 
13. 
14. 
15. 
16. 
17. 
18. 
19. 
20. 
21. 
22. 

== Job 9 ==
1. 
2. 
3. 
4. 
5. 
6. 
7. 
8. 
9. 
10. 
11. 
12. 
13. 
14. 
15. 
16. 
17. 
18. 
19. 
20. 
21. 
22. 
23. 
24. 
25. 
26. 
27. 
28. 
29. 
30. 
31. 
32. 
33. 
34. 
35. 

== Job 10 ==
1. 
2. 
3. 
4. 
5. 
6. 
7. 
8. 
9. 
10. 
11. 
12. 
13. 
14. 
15. 
16. 
17. 
18. 
19. 
20. 
21. 
22. 

== Job 11 ==
1. 
2. 
3. 
4. 
5. 
6. 
7. 
8. 
9. 
10. 
11. 
12. 
13. 
14. 
15. 
16. 
17. 
18. 
19. 
20. 

== Job 12 ==
1. 
2. 
3. 
4. 
5. 
6. 
7. 
8. 
9. 
10. 
11. 
12. 
13. 
14. 
15. 
16. 
17. 
18. 
19. 
20. 
21. 
22. 
23. 
24. 
25. 

== Job 13 ==
1. 
2. 
3. 
4. 
5. 
6. 
7. 
8. 
9. 
10. 
11. 
12. 
13. 
14. 
15. 
16. 
17. 
18. 
19. 
20. 
21. 
22. 
23. 
24. 
25. 
26. 
27. 
28. 

== Job 14 ==
1. 
2. 
3. 
4. 
5. 
6. 
7. 
8. 
9. 
10. 
11. 
12. 
13. 
14. 
15. 
16. 
17. 
18. 
19. 
20. 
21. 
22. 

== Job 15 ==
1. 
2. 
3. 
4. 
5. 
6. 
7. 
8. 
9. 
10. 
11. 
12. 
13. 
14. 
15. 
16. 
17. 
18. 
19. 
20. 
21. 
22. 
23. 
24. 
25. 
26. 
27. 
28. 
29. 
30. 
31. 
32. 
33. 
34. 
35. 

== Job 16 ==
1. 
2. 
3. 
4. 
5. 
6. 
7. 
8. 
9. 
10. 
11. 
12. 
13. 
14. 
15. 
16. 
17. 
18. 
19. 
20. 
21. 
22. 

== Job 17 ==
1. 
2. 
3. 
4. 
5. 
6. 
7. 
8. 
9. 
10. 
11. 
12. 
13. 
14. 
15. 
16. 

== Job 18 ==
1. 
2. 
3. 
4. 
5. 
6. 
7. 
8. 
9. 
10. 
11. 
12. 
13. 
14. 
15. 
16. 
17. 
18. 
19. 
20. 
21. 

== Job 19 ==
1. 
2. 
3. 
4. 
5. 
6. 
7. 
8. 
9. 
10. 
11. 
12. 
13. 
14. 
15. 
16. 
17. 
18. 
19. 
20. 
21. 
22. 
23. 
24. 
25. 
26. 
27. 
28. 
29. 

== Job 20 ==
1. 
2. 
3. 
4. 
5. 
6. 
7. 
8. 
9. 
10. 
11. 
12. 
13. 
14. 
15. 
16. 
17. 
18. 
19. 
20. 
21. 
22. 
23. 
24. 
25. 
26. 
27. 
28. 
29. 

== Job 21 ==
1. 
2. 
3. 
4. 
5. 
6. 
7. 
8. 
9. 
10. 
11. 
12. 
13. 
14. 
15. 
16. 
17. 
18. 
19. 
20. 
21. 
22. 
23. 
24. 
25. 
26. 
27. 
28. 
29. 
30. 
31. 
32. 
33. 
34. 

== Job 22 ==
1. 
2. 
3. 
4. 
5. 
6. 
7. 
8. 
9. 
10. 
11. 
12. 
13. 
14. 
15. 
16. 
17. 
18. 
19. 
20. 
21. 
22. 
23. 
24. 
25. 
26. 
27. 
28. 
29. 
30. 

== Job 23 ==
1. 
2. 
3. 
4. 
5. 
6. 
7. 
8. 
9. 
10. 
11. 
12. 
13. 
14. 
15. 
16. 
17. 

== Job 24 ==
1. 
2. 
3. 
4. 
5. 
6. 
7. 
8. 
9. 
10. 
11. 
12. 
13. 
14. 
15. 
16. 
17. 
18. 
19. 
20. 
21. 
22. 
23. 
24. 
25. 

== Job 25 ==
1. 
2. 
3. 
4. 
5. 
6. 

== Job 26 ==
1. 
2. 
3. 
4. 
5. 
6. 
7. 
8. 
9. 
10. 
11. 
12. 
13. 
14. 

== Job 27 ==
1. 
2. 
3. 
4. 
5. 
6. 
7. 
8. 
9. 
10. 
11. 
12. 
13. 
14. 
15. 
16. 
17. 
18. 
19. 
20. 
21. 
22. 
23. 

== Job 28 ==
1. 
2. 
3. 
4. 
5. 
6. 
7. 
8. 
9. 
10. 
11. 
12. 
13. 
14. 
15. 
16. 
17. 
18. 
19. 
20. 
21. 
22. 
23. 
24. 
25. 
26. 
27. 
28. 

== Job 29 ==
1. 
2. 
3. 
4. 
5. 
6. 
7. 
8. 
9. 
10. 
11. 
12. 
13. 
14. 
15. 
16. 
17. 
18. 
19. 
20. 
21. 
22. 
23. 
24. 
25. 

== Job 30 ==
1. 
2. 
3. 
4. 
5. 
6. 
7. 
8. 
9. 
10. 
11. 
12. 
13. 
14. 
15. 
16. 
17. 
18. 
19. 
20. 
21. 
22. 
23. 
24. 
25. 
26. 
27. 
28. 
29. 
30. 
31. 

== Job 31 ==
1. 
2. 
3. 
4. 
5. 
6. 
7. 
8. 
9. 
10. 
11. 
12. 
13. 
14. 
15. 
16. 
17. 
18. 
19. 
20. 
21. 
22. 
23. 
24. 
25. 
26. 
27. 
28. 
29. 
30. 
31. 
32. 
33. 
34. 
35. 
36. 
37. 
38. 
39. 
40. 

== Job 32 ==
1. 
2. 
3. 
4. 
5. 
6. 
7. 
8. 
9. 
10. 
11. 
12. 
13. 
14. 
15. 
16. 
17. 
18. 
19. 
20. 
21. 
22. 

== Job 33 ==
1. 
2. 
3. 
4. 
5. 
6. 
7. 
8. 
9. 
10. 
11. 
12. 
13. 
14. 
15. 
16. 
17. 
18. 
19. 
20. 
21. 
22. 
23. 
24. 
25. 
26. 
27. 
28. 
29. 
30. 
31. 
32. 
33. 

== Job 34 ==
1. 
2. 
3. 
4. 
5. 
6. 
7. 
8. 
9. 
10. 
11. 
12. 
13. 
14. 
15. 
16. 
17. 
18. 
19. 
20. 
21. 
22. 
23. 
24. 
25. 
26. 
27. 
28. 
29. 
30. 
31. 
32. 
33. 
34. 
35. 
36. 
37. 

== Job 35 ==
1. 
2. 
3. 
4. 
5. 
6. 
7. 
8. 
9. 
10. 
11. 
12. 
13. 
14. 
15. 
16. 

== Job 36 ==
1. 
2. 
3. 
4. 
5. 
6. 
7. 
8. 
9. 
10. 
11. 
12. 
13. 
14. 
15. 
16. 
17. 
18. 
19. 
20. 
21. 
22. 
23. 
24. 
25. 
26. 
27. 
28. 
29. 
30. 
31. 
32. 
33. 

== Job 37 ==
1. 
2. 
3. 
4. 
5. 
6. 
7. 
8. 
9. 
10. 
11. 
12. 
13. 
14. 
15. 
16. 
17. 
18. 
19. 
20. 
21. 
22. 
23. 
24. 

== Job 38 ==
1. 
2. 
3. 
4. 
5. 
6. 
7. 
8. 
9. 
10. 
11. 
12. 
13. 
14. 
15. 
16. 
17. 
18. 
19. 
20. 
21. 
22. 
23. 
24. 
25. 
26. 
27. 
28. 
29. 
30. 
31. 
32. 
33. 
34. 
35. 
36. 
37. 
38. 
39. 
40. 
41. 

== Job 39 ==
1. 
2. 
3. 
4. 
5. 
6. 
7. 
8. 
9. 
10. 
11. 
12. 
13. 
14. 
15. 
16. 
17. 
18. 
19. 
20. 
21. 
22. 
23. 
24. 
25. 
26. 
27. 
28. 
29. 
30. 

== Job 40 ==
1. 
2. 
3. 
4. 
5. 
6. 
7. 
8. 
9. 
10. 
11. 
12. 
13. 
14. 
15. 
16. 
17. 
18. 
19. 
20. 
21. 
22. 
23. 
24. 

== Job 41 ==
1. 
2. 
3. 
4. 
5. 
6. 
7. 
8. 
9. 
10. 
11. 
12. 
13. 
14. 
15. 
16. 
17. 
18. 
19. 
20. 
21. 
22. 
23. 
24. 
25. 
26. 
27. 
28. 
29. 
30. 
31. 
32. 
33. 
34. 

== Job 42 ==
1. 
2. 
3. 
4. 
5. 
6. 
7. 
8. 
9. 
10. 
11. 
12. 
13. 
14. 
15. 
16. 
17. 

== Psalms 1 ==
1. 
2. 
3. 
4. 
5. 
6. 

== Psalms 2 ==
1. 
2. 
3. 
4. 
5. 
6. 
7. 
8. 
9. 
10. 
11. 
12. 

== Psalms 3 ==
1. 
2. 
3. 
4. 
5. 
6. 
7. 
8. 

== Psalms 4 ==
1. 
2. 
3. 
4. 
5. 
6. 
7. 
8. 

== Psalms 5 ==
1. 
2. 
3. 
4. 
5. 
6. 
7. 
8. 
9. 
10. 
11. 
12. 

== Psalms 6 ==
1. 
2. 
3. 
4. 
5. 
6. 
7. 
8. 
9. 
10. 

== Psalms 7 ==
1. 
2. 
3. 
4. 
5. 
6. 
7. 
8. 
9. 
10. 
11. 
12. 
13. 
14. 
15. 
16. 
17. 

== Psalms 8 ==
1. 
2. 
3. 
4. 
5. 
6. 
7. 
8. 
9. 

== Psalms 9 ==
1. 
2. 
3. 
4. 
5. 
6. 
7. 
8. 
9. 
10. 
11. 
12. 
13. 
14. 
15. 
16. 
17. 
18. 
19. 
20. 

== Psalms 10 ==
1. 
2. 
3. 
4. 
5. 
6. 
7. 
8. 
9. 
10. 
11. 
12. 
13. 
14. 
15. 
16. 
17. 
18. 

== Psalms 11 ==
1. 
2. 
3. 
4. 
5. 
6. 
7. 

== Psalms 12 ==
1. 
2. 
3. 
4. 
5. 
6. 
7. 
8. 

== Psalms 13 ==
1. 
2. 
3. 
4. 
5. 
6. 

== Psalms 14 ==
1. 
2. 
3. 
4. 
5. 
6. 
7. 

== Psalms 15 ==
1. 
2. 
3. 
4. 
5. 

== Psalms 16 ==
1. 
2. 
3. 
4. 
5. 
6. 
7. 
8. 
9. 
10. 
11. 

== Psalms 17 ==
1. 
2. 
3. 
4. 
5. 
6. 
7. 
8. 
9. 
10. 
11. 
12. 
13. 
14. 
15. 

== Psalms 18 ==
1. 
2. 
3. 
4. 
5. 
6. 
7. 
8. 
9. 
10. 
11. 
12. 
13. 
14. 
15. 
16. 
17. 
18. 
19. 
20. 
21. 
22. 
23. 
24. 
25. 
26. 
27. 
28. 
29. 
30. 
31. 
32. 
33. 
34. 
35. 
36. 
37. 
38. 
39. 
40. 
41. 
42. 
43. 
44. 
45. 
46. 
47. 
48. 
49. 
50. 

== Psalms 19 ==
1. 
2. 
3. 
4. 
5. 
6. 
7. 
8. 
9. 
10. 
11. 
12. 
13. 
14. 

== Psalms 20 ==
1. 
2. 
3. 
4. 
5. 
6. 
7. 
8. 
9. 

== Psalms 21 ==
1. 
2. 
3. 
4. 
5. 
6. 
7. 
8. 
9. 
10. 
11. 
12. 
13. 

== Psalms 22 ==
1. 
2. 
3. 
4. 
5. 
6. 
7. 
8. 
9. 
10. 
11. 
12. 
13. 
14. 
15. 
16. 
17. 
18. 
19. 
20. 
21. 
22. 
23. 
24. 
25. 
26. 
27. 
28. 
29. 
30. 
31. 

== Psalms 23 ==
1. 
2. 
3. 
4. 
5. 
6. 

== Psalms 24 ==
1. 
2. 
3. 
4. 
5. 
6. 
7. 
8. 
9. 
10. 

== Psalms 25 ==
1. 
2. 
3. 
4. 
5. 
6. 
7. 
8. 
9. 
10. 
11. 
12. 
13. 
14. 
15. 
16. 
17. 
18. 
19. 
20. 
21. 
22. 

== Psalms 26 ==
1. 
2. 
3. 
4. 
5. 
6. 
7. 
8. 
9. 
10. 
11. 
12. 

== Psalms 27 ==
1. 
2. 
3. 
4. 
5. 
6. 
7. 
8. 
9. 
10. 
11. 
12. 
13. 
14. 

== Psalms 28 ==
1. 
2. 
3. 
4. 
5. 
6. 
7. 
8. 
9. 

== Psalms 29 ==
1. 
2. 
3. 
4. 
5. 
6. 
7. 
8. 
9. 
10. 
11. 

== Psalms 30 ==
1. 
2. 
3. 
4. 
5. 
6. 
7. 
8. 
9. 
10. 
11. 
12. 

== Psalms 31 ==
1. 
2. 
3. 
4. 
5. 
6. 
7. 
8. 
9. 
10. 
11. 
12. 
13. 
14. 
15. 
16. 
17. 
18. 
19. 
20. 
21. 
22. 
23. 
24. 

== Psalms 32 ==
1. 
2. 
3. 
4. 
5. 
6. 
7. 
8. 
9. 
10. 
11. 

== Psalms 33 ==
1. 
2. 
3. 
4. 
5. 
6. 
7. 
8. 
9. 
10. 
11. 
12. 
13. 
14. 
15. 
16. 
17. 
18. 
19. 
20. 
21. 
22. 

== Psalms 34 ==
1. 
2. 
3. 
4. 
5. 
6. 
7. 
8. 
9. 
10. 
11. 
12. 
13. 
14. 
15. 
16. 
17. 
18. 
19. 
20. 
21. 
22. 

== Psalms 35 ==
1. 
2. 
3. 
4. 
5. 
6. 
7. 
8. 
9. 
10. 
11. 
12. 
13. 
14. 
15. 
16. 
17. 
18. 
19. 
20. 
21. 
22. 
23. 
24. 
25. 
26. 
27. 
28. 

== Psalms 36 ==
1. 
2. 
3. 
4. 
5. 
6. 
7. 
8. 
9. 
10. 
11. 
12. 

== Psalms 37 ==
1. 
2. 
3. 
4. 
5. 
6. 
7. 
8. 
9. 
10. 
11. 
12. 
13. 
14. 
15. 
16. 
17. 
18. 
19. 
20. 
21. 
22. 
23. 
24. 
25. 
26. 
27. 
28. 
29. 
30. 
31. 
32. 
33. 
34. 
35. 
36. 
37. 
38. 
39. 
40. 

== Psalms 38 ==
1. 
2. 
3. 
4. 
5. 
6. 
7. 
8. 
9. 
10. 
11. 
12. 
13. 
14. 
15. 
16. 
17. 
18. 
19. 
20. 
21. 
22. 

== Psalms 39 ==
1. 
2. 
3. 
4. 
5. 
6. 
7. 
8. 
9. 
10. 
11. 
12. 
13. 

== Psalms 40 ==
1. 
2. 
3. 
4. 
5. 
6. 
7. 
8. 
9. 
10. 
11. 
12. 
13. 
14. 
15. 
16. 
17. 

== Psalms 41 ==
1. 
2. 
3. 
4. 
5. 
6. 
7. 
8. 
9. 
10. 
11. 
12. 
13. 

== Psalms 42 ==
1. 
2. 
3. 
4. 
5. 
6. 
7. 
8. 
9. 
10. 
11. 

== Psalms 43 ==
1. 
2. 
3. 
4. 
5. 

== Psalms 44 ==
1. 
2. 
3. 
4. 
5. 
6. 
7. 
8. 
9. 
10. 
11. 
12. 
13. 
14. 
15. 
16. 
17. 
18. 
19. 
20. 
21. 
22. 
23. 
24. 
25. 
26. 

== Psalms 45 ==
1. 
2. 
3. 
4. 
5. 
6. 
7. 
8. 
9. 
10. 
11. 
12. 
13. 
14. 
15. 
16. 
17. 

== Psalms 46 ==
1. 
2. 
3. 
4. 
5. 
6. 
7. 
8. 
9. 
10. 
11. 

== Psalms 47 ==
1. 
2. 
3. 
4. 
5. 
6. 
7. 
8. 
9. 

== Psalms 48 ==
1. 
2. 
3. 
4. 
5. 
6. 
7. 
8. 
9. 
10. 
11. 
12. 
13. 
14. 

== Psalms 49 ==
1. 
2. 
3. 
4. 
5. 
6. 
7. 
8. 
9. 
10. 
11. 
12. 
13. 
14. 
15. 
16. 
17. 
18. 
19. 
20. 

== Psalms 50 ==
1. 
2. 
3. 
4. 
5. 
6. 
7. 
8. 
9. 
10. 
11. 
12. 
13. 
14. 
15. 
16. 
17. 
18. 
19. 
20. 
21. 
22. 
23. 

== Psalms 51 ==
1. 
2. 
3. 
4. 
5. 
6. 
7. 
8. 
9. 
10. 
11. 
12. 
13. 
14. 
15. 
16. 
17. 
18. 
19. 

== Psalms 52 ==
1. 
2. 
3. 
4. 
5. 
6. 
7. 
8. 
9. 

== Psalms 53 ==
1. 
2. 
3. 
4. 
5. 
6. 

== Psalms 54 ==
1. 
2. 
3. 
4. 
5. 
6. 
7. 

== Psalms 55 ==
1. 
2. 
3. 
4. 
5. 
6. 
7. 
8. 
9. 
10. 
11. 
12. 
13. 
14. 
15. 
16. 
17. 
18. 
19. 
20. 
21. 
22. 
23. 

== Psalms 56 ==
1. 
2. 
3. 
4. 
5. 
6. 
7. 
8. 
9. 
10. 
11. 
12. 
13. 

== Psalms 57 ==
1. 
2. 
3. 
4. 
5. 
6. 
7. 
8. 
9. 
10. 
11. 

== Psalms 58 ==
1. 
2. 
3. 
4. 
5. 
6. 
7. 
8. 
9. 
10. 
11. 

== Psalms 59 ==
1. 
2. 
3. 
4. 
5. 
6. 
7. 
8. 
9. 
10. 
11. 
12. 
13. 
14. 
15. 
16. 
17. 

== Psalms 60 ==
1. 
2. 
3. 
4. 
5. 
6. 
7. 
8. 
9. 
10. 
11. 
12. 

== Psalms 61 ==
1. 
2. 
3. 
4. 
5. 
6. 
7. 
8. 

== Psalms 62 ==
1. 
2. 
3. 
4. 
5. 
6. 
7. 
8. 
9. 
10. 
11. 
12. 

== Psalms 63 ==
1. 
2. 
3. 
4. 
5. 
6. 
7. 
8. 
9. 
10. 
11. 

== Psalms 64 ==
1. 
2. 
3. 
4. 
5. 
6. 
7. 
8. 
9. 
10. 

== Psalms 65 ==
1. 
2. 
3. 
4. 
5. 
6. 
7. 
8. 
9. 
10. 
11. 
12. 
13. 

== Psalms 66 ==
1. 
2. 
3. 
4. 
5. 
6. 
7. 
8. 
9. 
10. 
11. 
12. 
13. 
14. 
15. 
16. 
17. 
18. 
19. 
20. 

== Psalms 67 ==
1. 
2. 
3. 
4. 
5. 
6. 
7. 

== Psalms 68 ==
1. 
2. 
3. 
4. 
5. 
6. 
7. 
8. 
9. 
10. 
11. 
12. 
13. 
14. 
15. 
16. 
17. 
18. 
19. 
20. 
21. 
22. 
23. 
24. 
25. 
26. 
27. 
28. 
29. 
30. 
31. 
32. 
33. 
34. 
35. 

== Psalms 69 ==
1. 
2. 
3. 
4. 
5. 
6. 
7. 
8. 
9. 
10. 
11. 
12. 
13. 
14. 
15. 
16. 
17. 
18. 
19. 
20. 
21. 
22. 
23. 
24. 
25. 
26. 
27. 
28. 
29. 
30. 
31. 
32. 
33. 
34. 
35. 
36. 

== Psalms 70 ==
1. 
2. 
3. 
4. 
5. 

== Psalms 71 ==
1. 
2. 
3. 
4. 
5. 
6. 
7. 
8. 
9. 
10. 
11. 
12. 
13. 
14. 
15. 
16. 
17. 
18. 
19. 
20. 
21. 
22. 
23. 
24. 

== Psalms 72 ==
1. 
2. 
3. 
4. 
5. 
6. 
7. 
8. 
9. 
10. 
11. 
12. 
13. 
14. 
15. 
16. 
17. 
18. 
19. 
20. 

== Psalms 73 ==
1. 
2. 
3. 
4. 
5. 
6. 
7. 
8. 
9. 
10. 
11. 
12. 
13. 
14. 
15. 
16. 
17. 
18. 
19. 
20. 
21. 
22. 
23. 
24. 
25. 
26. 
27. 
28. 

== Psalms 74 ==
1. 
2. 
3. 
4. 
5. 
6. 
7. 
8. 
9. 
10. 
11. 
12. 
13. 
14. 
15. 
16. 
17. 
18. 
19. 
20. 
21. 
22. 
23. 

== Psalms 75 ==
1. 
2. 
3. 
4. 
5. 
6. 
7. 
8. 
9. 
10. 

== Psalms 76 ==
1. 
2. 
3. 
4. 
5. 
6. 
7. 
8. 
9. 
10. 
11. 
12. 

== Psalms 77 ==
1. 
2. 
3. 
4. 
5. 
6. 
7. 
8. 
9. 
10. 
11. 
12. 
13. 
14. 
15. 
16. 
17. 
18. 
19. 
20. 

== Psalms 78 ==
1. 
2. 
3. 
4. 
5. 
6. 
7. 
8. 
9. 
10. 
11. 
12. 
13. 
14. 
15. 
16. 
17. 
18. 
19. 
20. 
21. 
22. 
23. 
24. 
25. 
26. 
27. 
28. 
29. 
30. 
31. 
32. 
33. 
34. 
35. 
36. 
37. 
38. 
39. 
40. 
41. 
42. 
43. 
44. 
45. 
46. 
47. 
48. 
49. 
50. 
51. 
52. 
53. 
54. 
55. 
56. 
57. 
58. 
59. 
60. 
61. 
62. 
63. 
64. 
65. 
66. 
67. 
68. 
69. 
70. 
71. 
72. 

== Psalms 79 ==
1. 
2. 
3. 
4. 
5. 
6. 
7. 
8. 
9. 
10. 
11. 
12. 
13. 

== Psalms 80 ==
1. 
2. 
3. 
4. 
5. 
6. 
7. 
8. 
9. 
10. 
11. 
12. 
13. 
14. 
15. 
16. 
17. 
18. 
19. 

== Psalms 81 ==
1. 
2. 
3. 
4. 
5. 
6. 
7. 
8. 
9. 
10. 
11. 
12. 
13. 
14. 
15. 
16. 

== Psalms 82 ==
1. 
2. 
3. 
4. 
5. 
6. 
7. 
8. 

== Psalms 83 ==
1. 
2. 
3. 
4. 
5. 
6. 
7. 
8. 
9. 
10. 
11. 
12. 
13. 
14. 
15. 
16. 
17. 
18. 

== Psalms 84 ==
1. 
2. 
3. 
4. 
5. 
6. 
7. 
8. 
9. 
10. 
11. 
12. 

== Psalms 85 ==
1. 
2. 
3. 
4. 
5. 
6. 
7. 
8. 
9. 
10. 
11. 
12. 
13. 

== Psalms 86 ==
1. 
2. 
3. 
4. 
5. 
6. 
7. 
8. 
9. 
10. 
11. 
12. 
13. 
14. 
15. 
16. 
17. 

== Psalms 87 ==
1. 
2. 
3. 
4. 
5. 
6. 
7. 

== Psalms 88 ==
1. 
2. 
3. 
4. 
5. 
6. 
7. 
8. 
9. 
10. 
11. 
12. 
13. 
14. 
15. 
16. 
17. 
18. 

== Psalms 89 ==
1. 
2. 
3. 
4. 
5. 
6. 
7. 
8. 
9. 
10. 
11. 
12. 
13. 
14. 
15. 
16. 
17. 
18. 
19. 
20. 
21. 
22. 
23. 
24. 
25. 
26. 
27. 
28. 
29. 
30. 
31. 
32. 
33. 
34. 
35. 
36. 
37. 
38. 
39. 
40. 
41. 
42. 
43. 
44. 
45. 
46. 
47. 
48. 
49. 
50. 
51. 
52. 

== Psalms 90 ==
1. 
2. 
3. 
4. 
5. 
6. 
7. 
8. 
9. 
10. 
11. 
12. 
13. 
14. 
15. 
16. 
17. 

== Psalms 91 ==
1. 
2. 
3. 
4. 
5. 
6. 
7. 
8. 
9. 
10. 
11. 
12. 
13. 
14. 
15. 
16. 

== Psalms 92 ==
1. 
2. 
3. 
4. 
5. 
6. 
7. 
8. 
9. 
10. 
11. 
12. 
13. 
14. 
15. 

== Psalms 93 ==
1. 
2. 
3. 
4. 
5. 

== Psalms 94 ==
1. 
2. 
3. 
4. 
5. 
6. 
7. 
8. 
9. 
10. 
11. 
12. 
13. 
14. 
15. 
16. 
17. 
18. 
19. 
20. 
21. 
22. 
23. 

== Psalms 95 ==
1. 
2. 
3. 
4. 
5. 
6. 
7. 
8. 
9. 
10. 
11. 

== Psalms 96 ==
1. 
2. 
3. 
4. 
5. 
6. 
7. 
8. 
9. 
10. 
11. 
12. 
13. 

== Psalms 97 ==
1. 
2. 
3. 
4. 
5. 
6. 
7. 
8. 
9. 
10. 
11. 
12. 

== Psalms 98 ==
1. 
2. 
3. 
4. 
5. 
6. 
7. 
8. 
9. 

== Psalms 99 ==
1. 
2. 
3. 
4. 
5. 
6. 
7. 
8. 
9. 

== Psalms 100 ==
1. 
2. 
3. 
4. 
5. 

== Psalms 101 ==
1. 
2. 
3. 
4. 
5. 
6. 
7. 
8. 

== Psalms 102 ==
1. 
2. 
3. 
4. 
5. 
6. 
7. 
8. 
9. 
10. 
11. 
12. 
13. 
14. 
15. 
16. 
17. 
18. 
19. 
20. 
21. 
22. 
23. 
24. 
25. 
26. 
27. 
28. 

== Psalms 103 ==
1. 
2. 
3. 
4. 
5. 
6. 
7. 
8. 
9. 
10. 
11. 
12. 
13. 
14. 
15. 
16. 
17. 
18. 
19. 
20. 
21. 
22. 

== Psalms 104 ==
1. 
2. 
3. 
4. 
5. 
6. 
7. 
8. 
9. 
10. 
11. 
12. 
13. 
14. 
15. 
16. 
17. 
18. 
19. 
20. 
21. 
22. 
23. 
24. 
25. 
26. 
27. 
28. 
29. 
30. 
31. 
32. 
33. 
34. 
35. 

== Psalms 105 ==
1. 
2. 
3. 
4. 
5. 
6. 
7. 
8. 
9. 
10. 
11. 
12. 
13. 
14. 
15. 
16. 
17. 
18. 
19. 
20. 
21. 
22. 
23. 
24. 
25. 
26. 
27. 
28. 
29. 
30. 
31. 
32. 
33. 
34. 
35. 
36. 
37. 
38. 
39. 
40. 
41. 
42. 
43. 
44. 
45. 

== Psalms 106 ==
1. 
2. 
3. 
4. 
5. 
6. 
7. 
8. 
9. 
10. 
11. 
12. 
13. 
14. 
15. 
16. 
17. 
18. 
19. 
20. 
21. 
22. 
23. 
24. 
25. 
26. 
27. 
28. 
29. 
30. 
31. 
32. 
33. 
34. 
35. 
36. 
37. 
38. 
39. 
40. 
41. 
42. 
43. 
44. 
45. 
46. 
47. 
48. 

== Psalms 107 ==
1. 
2. 
3. 
4. 
5. 
6. 
7. 
8. 
9. 
10. 
11. 
12. 
13. 
14. 
15. 
16. 
17. 
18. 
19. 
20. 
21. 
22. 
23. 
24. 
25. 
26. 
27. 
28. 
29. 
30. 
31. 
32. 
33. 
34. 
35. 
36. 
37. 
38. 
39. 
40. 
41. 
42. 
43. 

== Psalms 108 ==
1. 
2. 
3. 
4. 
5. 
6. 
7. 
8. 
9. 
10. 
11. 
12. 
13. 

== Psalms 109 ==
1. 
2. 
3. 
4. 
5. 
6. 
7. 
8. 
9. 
10. 
11. 
12. 
13. 
14. 
15. 
16. 
17. 
18. 
19. 
20. 
21. 
22. 
23. 
24. 
25. 
26. 
27. 
28. 
29. 
30. 
31. 

== Psalms 110 ==
1. 
2. 
3. 
4. 
5. 
6. 
7. 

== Psalms 111 ==
1. 
2. 
3. 
4. 
5. 
6. 
7. 
8. 
9. 
10. 

== Psalms 112 ==
1. 
2. 
3. 
4. 
5. 
6. 
7. 
8. 
9. 
10. 

== Psalms 113 ==
1. 
2. 
3. 
4. 
5. 
6. 
7. 
8. 
9. 

== Psalms 114 ==
1. 
2. 
3. 
4. 
5. 
6. 
7. 
8. 

== Psalms 115 ==
1. 
2. 
3. 
4. 
5. 
6. 
7. 
8. 
9. 
10. 
11. 
12. 
13. 
14. 
15. 
16. 
17. 
18. 

== Psalms 116 ==
1. 
2. 
3. 
4. 
5. 
6. 
7. 
8. 
9. 
10. 
11. 
12. 
13. 
14. 
15. 
16. 
17. 
18. 
19. 

== Psalms 117 ==
1. 
2. 

== Psalms 118 ==
1. 
2. 
3. 
4. 
5. 
6. 
7. 
8. 
9. 
10. 
11. 
12. 
13. 
14. 
15. 
16. 
17. 
18. 
19. 
20. 
21. 
22. 
23. 
24. 
25. 
26. 
27. 
28. 
29. 

== Psalms 119 ==
1. 
2. 
3. 
4. 
5. 
6. 
7. 
8. 
9. 
10. 
11. 
12. 
13. 
14. 
15. 
16. 
17. 
18. 
19. 
20. 
21. 
22. 
23. 
24. 
25. 
26. 
27. 
28. 
29. 
30. 
31. 
32. 
33. 
34. 
35. 
36. 
37. 
38. 
39. 
40. 
41. 
42. 
43. 
44. 
45. 
46. 
47. 
48. 
49. 
50. 
51. 
52. 
53. 
54. 
55. 
56. 
57. 
58. 
59. 
60. 
61. 
62. 
63. 
64. 
65. 
66. 
67. 
68. 
69. 
70. 
71. 
72. 
73. 
74. 
75. 
76. 
77. 
78. 
79. 
80. 
81. 
82. 
83. 
84. 
85. 
86. 
87. 
88. 
89. 
90. 
91. 
92. 
93. 
94. 
95. 
96. 
97. 
98. 
99. 
100. 
101. 
102. 
103. 
104. 
105. 
106. 
107. 
108. 
109. 
110. 
111. 
112. 
113. 
114. 
115. 
116. 
117. 
118. 
119. 
120. 
121. 
122. 
123. 
124. 
125. 
126. 
127. 
128. 
129. 
130. 
131. 
132. 
133. 
134. 
135. 
136. 
137. 
138. 
139. 
140. 
141. 
142. 
143. 
144. 
145. 
146. 
147. 
148. 
149. 
150. 
151. 
152. 
153. 
154. 
155. 
156. 
157. 
158. 
159. 
160. 
161. 
162. 
163. 
164. 
165. 
166. 
167. 
168. 
169. 
170. 
171. 
172. 
173. 
174. 
175. 
176. 

== Psalms 120 ==
1. 
2. 
3. 
4. 
5. 
6. 
7. 

== Psalms 121 ==
1. 
2. 
3. 
4. 
5. 
6. 
7. 
8. 

== Psalms 122 ==
1. 
2. 
3. 
4. 
5. 
6. 
7. 
8. 
9. 

== Psalms 123 ==
1. 
2. 
3. 
4. 

== Psalms 124 ==
1. 
2. 
3. 
4. 
5. 
6. 
7. 
8. 

== Psalms 125 ==
1. 
2. 
3. 
4. 
5. 

== Psalms 126 ==
1. 
2. 
3. 
4. 
5. 
6. 

== Psalms 127 ==
1. 
2. 
3. 
4. 
5. 

== Psalms 128 ==
1. 
2. 
3. 
4. 
5. 
6. 

== Psalms 129 ==
1. 
2. 
3. 
4. 
5. 
6. 
7. 
8. 

== Psalms 130 ==
1. 
2. 
3. 
4. 
5. 
6. 
7. 
8. 

== Psalms 131 ==
1. 
2. 
3. 

== Psalms 132 ==
1. 
2. 
3. 
4. 
5. 
6. 
7. 
8. 
9. 
10. 
11. 
12. 
13. 
14. 
15. 
16. 
17. 
18. 

== Psalms 133 ==
1. 
2. 
3. 

== Psalms 134 ==
1. 
2. 
3. 

== Psalms 135 ==
1. 
2. 
3. 
4. 
5. 
6. 
7. 
8. 
9. 
10. 
11. 
12. 
13. 
14. 
15. 
16. 
17. 
18. 
19. 
20. 
21. 

== Psalms 136 ==
1. 
2. 
3. 
4. 
5. 
6. 
7. 
8. 
9. 
10. 
11. 
12. 
13. 
14. 
15. 
16. 
17. 
18. 
19. 
20. 
21. 
22. 
23. 
24. 
25. 
26. 

== Psalms 137 ==
1. 
2. 
3. 
4. 
5. 
6. 
7. 
8. 
9. 

== Psalms 138 ==
1. 
2. 
3. 
4. 
5. 
6. 
7. 
8. 

== Psalms 139 ==
1. 
2. 
3. 
4. 
5. 
6. 
7. 
8. 
9. 
10. 
11. 
12. 
13. 
14. 
15. 
16. 
17. 
18. 
19. 
20. 
21. 
22. 
23. 
24. 

== Psalms 140 ==
1. 
2. 
3. 
4. 
5. 
6. 
7. 
8. 
9. 
10. 
11. 
12. 
13. 

== Psalms 141 ==
1. 
2. 
3. 
4. 
5. 
6. 
7. 
8. 
9. 
10. 

== Psalms 142 ==
1. 
2. 
3. 
4. 
5. 
6. 
7. 

== Psalms 143 ==
1. 
2. 
3. 
4. 
5. 
6. 
7. 
8. 
9. 
10. 
11. 
12. 

== Psalms 144 ==
1. 
2. 
3. 
4. 
5. 
6. 
7. 
8. 
9. 
10. 
11. 
12. 
13. 
14. 
15. 

== Psalms 145 ==
1. 
2. 
3. 
4. 
5. 
6. 
7. 
8. 
9. 
10. 
11. 
12. 
13. 
14. 
15. 
16. 
17. 
18. 
19. 
20. 
21. 

== Psalms 146 ==
1. 
2. 
3. 
4. 
5. 
6. 
7. 
8. 
9. 
10. 

== Psalms 147 ==
1. 
2. 
3. 
4. 
5. 
6. 
7. 
8. 
9. 
10. 
11. 
12. 
13. 
14. 
15. 
16. 
17. 
18. 
19. 
20. 

== Psalms 148 ==
1. 
2. 
3. 
4. 
5. 
6. 
7. 
8. 
9. 
10. 
11. 
12. 
13. 
14. 

== Psalms 149 ==
1. 
2. 
3. 
4. 
5. 
6. 
7. 
8. 
9. 

== Psalms 150 ==
1. 
2. 
3. 
4. 
5. 
6. 

== Proverbs 1 ==
1. 
2. 
3. 
4. 
5. 
6. 
7. 
8. 
9. 
10. 
11. 
12. 
13. 
14. 
15. 
16. 
17. 
18. 
19. 
20. 
21. 
22. 
23. 
24. 
25. 
26. 
27. 
28. 
29. 
30. 
31. 
32. 
33. 

== Proverbs 2 ==
1. 
2. 
3. 
4. 
5. 
6. 
7. 
8. 
9. 
10. 
11. 
12. 
13. 
14. 
15. 
16. 
17. 
18. 
19. 
20. 
21. 
22. 

== Proverbs 3 ==
1. 
2. 
3. 
4. 
5. 
6. 
7. 
8. 
9. 
10. 
11. 
12. 
13. 
14. 
15. 
16. 
17. 
18. 
19. 
20. 
21. 
22. 
23. 
24. 
25. 
26. 
27. 
28. 
29. 
30. 
31. 
32. 
33. 
34. 
35. 

== Proverbs 4 ==
1. 
2. 
3. 
4. 
5. 
6. 
7. 
8. 
9. 
10. 
11. 
12. 
13. 
14. 
15. 
16. 
17. 
18. 
19. 
20. 
21. 
22. 
23. 
24. 
25. 
26. 
27. 

== Proverbs 5 ==
1. 
2. 
3. 
4. 
5. 
6. 
7. 
8. 
9. 
10. 
11. 
12. 
13. 
14. 
15. 
16. 
17. 
18. 
19. 
20. 
21. 
22. 
23. 

== Proverbs 6 ==
1. 
2. 
3. 
4. 
5. 
6. 
7. 
8. 
9. 
10. 
11. 
12. 
13. 
14. 
15. 
16. 
17. 
18. 
19. 
20. 
21. 
22. 
23. 
24. 
25. 
26. 
27. 
28. 
29. 
30. 
31. 
32. 
33. 
34. 
35. 

== Proverbs 7 ==
1. 
2. 
3. 
4. 
5. 
6. 
7. 
8. 
9. 
10. 
11. 
12. 
13. 
14. 
15. 
16. 
17. 
18. 
19. 
20. 
21. 
22. 
23. 
24. 
25. 
26. 
27. 

== Proverbs 8 ==
1. 
2. 
3. 
4. 
5. 
6. 
7. 
8. 
9. 
10. 
11. 
12. 
13. 
14. 
15. 
16. 
17. 
18. 
19. 
20. 
21. 
22. 
23. 
24. 
25. 
26. 
27. 
28. 
29. 
30. 
31. 
32. 
33. 
34. 
35. 
36. 

== Proverbs 9 ==
1. 
2. 
3. 
4. 
5. 
6. 
7. 
8. 
9. 
10. 
11. 
12. 
13. 
14. 
15. 
16. 
17. 
18. 

== Proverbs 10 ==
1. 
2. 
3. 
4. 
5. 
6. 
7. 
8. 
9. 
10. 
11. 
12. 
13. 
14. 
15. 
16. 
17. 
18. 
19. 
20. 
21. 
22. 
23. 
24. 
25. 
26. 
27. 
28. 
29. 
30. 
31. 
32. 

== Proverbs 11 ==
1. 
2. 
3. 
4. 
5. 
6. 
7. 
8. 
9. 
10. 
11. 
12. 
13. 
14. 
15. 
16. 
17. 
18. 
19. 
20. 
21. 
22. 
23. 
24. 
25. 
26. 
27. 
28. 
29. 
30. 
31. 

== Proverbs 12 ==
1. 
2. 
3. 
4. 
5. 
6. 
7. 
8. 
9. 
10. 
11. 
12. 
13. 
14. 
15. 
16. 
17. 
18. 
19. 
20. 
21. 
22. 
23. 
24. 
25. 
26. 
27. 
28. 

== Proverbs 13 ==
1. 
2. 
3. 
4. 
5. 
6. 
7. 
8. 
9. 
10. 
11. 
12. 
13. 
14. 
15. 
16. 
17. 
18. 
19. 
20. 
21. 
22. 
23. 
24. 
25. 

== Proverbs 14 ==
1. 
2. 
3. 
4. 
5. 
6. 
7. 
8. 
9. 
10. 
11. 
12. 
13. 
14. 
15. 
16. 
17. 
18. 
19. 
20. 
21. 
22. 
23. 
24. 
25. 
26. 
27. 
28. 
29. 
30. 
31. 
32. 
33. 
34. 
35. 

== Proverbs 15 ==
1. 
2. 
3. 
4. 
5. 
6. 
7. 
8. 
9. 
10. 
11. 
12. 
13. 
14. 
15. 
16. 
17. 
18. 
19. 
20. 
21. 
22. 
23. 
24. 
25. 
26. 
27. 
28. 
29. 
30. 
31. 
32. 
33. 

== Proverbs 16 ==
1. 
2. 
3. 
4. 
5. 
6. 
7. 
8. 
9. 
10. 
11. 
12. 
13. 
14. 
15. 
16. 
17. 
18. 
19. 
20. 
21. 
22. 
23. 
24. 
25. 
26. 
27. 
28. 
29. 
30. 
31. 
32. 
33. 

== Proverbs 17 ==
1. 
2. 
3. 
4. 
5. 
6. 
7. 
8. 
9. 
10. 
11. 
12. 
13. 
14. 
15. 
16. 
17. 
18. 
19. 
20. 
21. 
22. 
23. 
24. 
25. 
26. 
27. 
28. 

== Proverbs 18 ==
1. 
2. 
3. 
4. 
5. 
6. 
7. 
8. 
9. 
10. 
11. 
12. 
13. 
14. 
15. 
16. 
17. 
18. 
19. 
20. 
21. 
22. 
23. 
24. 

== Proverbs 19 ==
1. 
2. 
3. 
4. 
5. 
6. 
7. 
8. 
9. 
10. 
11. 
12. 
13. 
14. 
15. 
16. 
17. 
18. 
19. 
20. 
21. 
22. 
23. 
24. 
25. 
26. 
27. 
28. 
29. 

== Proverbs 20 ==
1. 
2. 
3. 
4. 
5. 
6. 
7. 
8. 
9. 
10. 
11. 
12. 
13. 
14. 
15. 
16. 
17. 
18. 
19. 
20. 
21. 
22. 
23. 
24. 
25. 
26. 
27. 
28. 
29. 
30. 

== Proverbs 21 ==
1. 
2. 
3. 
4. 
5. 
6. 
7. 
8. 
9. 
10. 
11. 
12. 
13. 
14. 
15. 
16. 
17. 
18. 
19. 
20. 
21. 
22. 
23. 
24. 
25. 
26. 
27. 
28. 
29. 
30. 
31. 

== Proverbs 22 ==
1. 
2. 
3. 
4. 
5. 
6. 
7. 
8. 
9. 
10. 
11. 
12. 
13. 
14. 
15. 
16. 
17. 
18. 
19. 
20. 
21. 
22. 
23. 
24. 
25. 
26. 
27. 
28. 
29. 

== Proverbs 23 ==
1. 
2. 
3. 
4. 
5. 
6. 
7. 
8. 
9. 
10. 
11. 
12. 
13. 
14. 
15. 
16. 
17. 
18. 
19. 
20. 
21. 
22. 
23. 
24. 
25. 
26. 
27. 
28. 
29. 
30. 
31. 
32. 
33. 
34. 
35. 

== Proverbs 24 ==
1. 
2. 
3. 
4. 
5. 
6. 
7. 
8. 
9. 
10. 
11. 
12. 
13. 
14. 
15. 
16. 
17. 
18. 
19. 
20. 
21. 
22. 
23. 
24. 
25. 
26. 
27. 
28. 
29. 
30. 
31. 
32. 
33. 
34. 

== Proverbs 25 ==
1. 
2. 
3. 
4. 
5. 
6. 
7. 
8. 
9. 
10. 
11. 
12. 
13. 
14. 
15. 
16. 
17. 
18. 
19. 
20. 
21. 
22. 
23. 
24. 
25. 
26. 
27. 
28. 

== Proverbs 26 ==
1. 
2. 
3. 
4. 
5. 
6. 
7. 
8. 
9. 
10. 
11. 
12. 
13. 
14. 
15. 
16. 
17. 
18. 
19. 
20. 
21. 
22. 
23. 
24. 
25. 
26. 
27. 
28. 

== Proverbs 27 ==
1. 
2. 
3. 
4. 
5. 
6. 
7. 
8. 
9. 
10. 
11. 
12. 
13. 
14. 
15. 
16. 
17. 
18. 
19. 
20. 
21. 
22. 
23. 
24. 
25. 
26. 
27. 

== Proverbs 28 ==
1. 
2. 
3. 
4. 
5. 
6. 
7. 
8. 
9. 
10. 
11. 
12. 
13. 
14. 
15. 
16. 
17. 
18. 
19. 
20. 
21. 
22. 
23. 
24. 
25. 
26. 
27. 
28. 

== Proverbs 29 ==
1. 
2. 
3. 
4. 
5. 
6. 
7. 
8. 
9. 
10. 
11. 
12. 
13. 
14. 
15. 
16. 
17. 
18. 
19. 
20. 
21. 
22. 
23. 
24. 
25. 
26. 
27. 

== Proverbs 30 ==
1. 
2. 
3. 
4. 
5. 
6. 
7. 
8. 
9. 
10. 
11. 
12. 
13. 
14. 
15. 
16. 
17. 
18. 
19. 
20. 
21. 
22. 
23. 
24. 
25. 
26. 
27. 
28. 
29. 
30. 
31. 
32. 
33. 

== Proverbs 31 ==
1. 
2. 
3. 
4. 
5. 
6. 
7. 
8. 
9. 
10. 
11. 
12. 
13. 
14. 
15. 
16. 
17. 
18. 
19. 
20. 
21. 
22. 
23. 
24. 
25. 
26. 
27. 
28. 
29. 
30. 
31. 

== Ecclesiastes 1 ==
1. 
2. 
3. 
4. 
5. 
6. 
7. 
8. 
9. 
10. 
11. 
12. 
13. 
14. 
15. 
16. 
17. 
18. 

== Ecclesiastes 2 ==
1. 
2. 
3. 
4. 
5. 
6. 
7. 
8. 
9. 
10. 
11. 
12. 
13. 
14. 
15. 
16. 
17. 
18. 
19. 
20. 
21. 
22. 
23. 
24. 
25. 
26. 

== Ecclesiastes 3 ==
1. 
2. 
3. 
4. 
5. 
6. 
7. 
8. 
9. 
10. 
11. 
12. 
13. 
14. 
15. 
16. 
17. 
18. 
19. 
20. 
21. 
22. 

== Ecclesiastes 4 ==
1. 
2. 
3. 
4. 
5. 
6. 
7. 
8. 
9. 
10. 
11. 
12. 
13. 
14. 
15. 
16. 

== Ecclesiastes 5 ==
1. 
2. 
3. 
4. 
5. 
6. 
7. 
8. 
9. 
10. 
11. 
12. 
13. 
14. 
15. 
16. 
17. 
18. 
19. 
20. 

== Ecclesiastes 6 ==
1. 
2. 
3. 
4. 
5. 
6. 
7. 
8. 
9. 
10. 
11. 
12. 

== Ecclesiastes 7 ==
1. 
2. 
3. 
4. 
5. 
6. 
7. 
8. 
9. 
10. 
11. 
12. 
13. 
14. 
15. 
16. 
17. 
18. 
19. 
20. 
21. 
22. 
23. 
24. 
25. 
26. 
27. 
28. 
29. 

== Ecclesiastes 8 ==
1. 
2. 
3. 
4. 
5. 
6. 
7. 
8. 
9. 
10. 
11. 
12. 
13. 
14. 
15. 
16. 
17. 

== Ecclesiastes 9 ==
1. 
2. 
3. 
4. 
5. 
6. 
7. 
8. 
9. 
10. 
11. 
12. 
13. 
14. 
15. 
16. 
17. 
18. 

== Ecclesiastes 10 ==
1. 
2. 
3. 
4. 
5. 
6. 
7. 
8. 
9. 
10. 
11. 
12. 
13. 
14. 
15. 
16. 
17. 
18. 
19. 
20. 

== Ecclesiastes 11 ==
1. 
2. 
3. 
4. 
5. 
6. 
7. 
8. 
9. 
10. 

== Ecclesiastes 12 ==
1. 
2. 
3. 
4. 
5. 
6. 
7. 
8. 
9. 
10. 
11. 
12. 
13. 
14. 

== Song of Solomon 1 ==
1. 
2. 
3. 
4. 
5. 
6. 
7. 
8. 
9. 
10. 
11. 
12. 
13. 
14. 
15. 
16. 
17. 

== Song of Solomon 2 ==
1. 
2. 
3. 
4. 
5. 
6. 
7. 
8. 
9. 
10. 
11. 
12. 
13. 
14. 
15. 
16. 
17. 

== Song of Solomon 3 ==
1. 
2. 
3. 
4. 
5. 
6. 
7. 
8. 
9. 
10. 
11. 

== Song of Solomon 4 ==
1. 
2. 
3. 
4. 
5. 
6. 
7. 
8. 
9. 
10. 
11. 
12. 
13. 
14. 
15. 
16. 

== Song of Solomon 5 ==
1. 
2. 
3. 
4. 
5. 
6. 
7. 
8. 
9. 
10. 
11. 
12. 
13. 
14. 
15. 
16. 

== Song of Solomon 6 ==
1. 
2. 
3. 
4. 
5. 
6. 
7. 
8. 
9. 
10. 
11. 
12. 
13. 

== Song of Solomon 7 ==
1. 
2. 
3. 
4. 
5. 
6. 
7. 
8. 
9. 
10. 
11. 
12. 
13. 

== Song of Solomon 8 ==
1. 
2. 
3. 
4. 
5. 
6. 
7. 
8. 
9. 
10. 
11. 
12. 
13. 
14. 

== Isaiah 1 ==
1. 
2. 
3. 
4. 
5. 
6. 
7. 
8. 
9. 
10. 
11. 
12. 
13. 
14. 
15. 
16. 
17. 
18. 
19. 
20. 
21. 
22. 
23. 
24. 
25. 
26. 
27. 
28. 
29. 
30. 
31. 

== Isaiah 2 ==
1. 
2. 
3. 
4. 
5. 
6. 
7. 
8. 
9. 
10. 
11. 
12. 
13. 
14. 
15. 
16. 
17. 
18. 
19. 
20. 
21. 
22. 

== Isaiah 3 ==
1. 
2. 
3. 
4. 
5. 
6. 
7. 
8. 
9. 
10. 
11. 
12. 
13. 
14. 
15. 
16. 
17. 
18. 
19. 
20. 
21. 
22. 
23. 
24. 
25. 
26. 

== Isaiah 4 ==
1. 
2. 
3. 
4. 
5. 
6. 

== Isaiah 5 ==
1. 
2. 
3. 
4. 
5. 
6. 
7. 
8. 
9. 
10. 
11. 
12. 
13. 
14. 
15. 
16. 
17. 
18. 
19. 
20. 
21. 
22. 
23. 
24. 
25. 
26. 
27. 
28. 
29. 
30. 

== Isaiah 6 ==
1. 
2. 
3. 
4. 
5. 
6. 
7. 
8. 
9. 
10. 
11. 
12. 
13. 

== Isaiah 7 ==
1. 
2. 
3. 
4. 
5. 
6. 
7. 
8. 
9. 
10. 
11. 
12. 
13. 
14. 
15. 
16. 
17. 
18. 
19. 
20. 
21. 
22. 
23. 
24. 
25. 

== Isaiah 8 ==
1. 
2. 
3. 
4. 
5. 
6. 
7. 
8. 
9. 
10. 
11. 
12. 
13. 
14. 
15. 
16. 
17. 
18. 
19. 
20. 
21. 
22. 

== Isaiah 9 ==
1. 
2. 
3. 
4. 
5. 
6. 
7. 
8. 
9. 
10. 
11. 
12. 
13. 
14. 
15. 
16. 
17. 
18. 
19. 
20. 
21. 

== Isaiah 10 ==
1. 
2. 
3. 
4. 
5. 
6. 
7. 
8. 
9. 
10. 
11. 
12. 
13. 
14. 
15. 
16. 
17. 
18. 
19. 
20. 
21. 
22. 
23. 
24. 
25. 
26. 
27. 
28. 
29. 
30. 
31. 
32. 
33. 
34. 

== Isaiah 11 ==
1. 
2. 
3. 
4. 
5. 
6. 
7. 
8. 
9. 
10. 
11. 
12. 
13. 
14. 
15. 
16. 

== Isaiah 12 ==
1. 
2. 
3. 
4. 
5. 
6. 

== Isaiah 13 ==
1. 
2. 
3. 
4. 
5. 
6. 
7. 
8. 
9. 
10. 
11. 
12. 
13. 
14. 
15. 
16. 
17. 
18. 
19. 
20. 
21. 
22. 

== Isaiah 14 ==
1. 
2. 
3. 
4. 
5. 
6. 
7. 
8. 
9. 
10. 
11. 
12. 
13. 
14. 
15. 
16. 
17. 
18. 
19. 
20. 
21. 
22. 
23. 
24. 
25. 
26. 
27. 
28. 
29. 
30. 
31. 
32. 

== Isaiah 15 ==
1. 
2. 
3. 
4. 
5. 
6. 
7. 
8. 
9. 

== Isaiah 16 ==
1. 
2. 
3. 
4. 
5. 
6. 
7. 
8. 
9. 
10. 
11. 
12. 
13. 
14. 

== Isaiah 17 ==
1. 
2. 
3. 
4. 
5. 
6. 
7. 
8. 
9. 
10. 
11. 
12. 
13. 
14. 

== Isaiah 18 ==
1. 
2. 
3. 
4. 
5. 
6. 
7. 

== Isaiah 19 ==
1. 
2. 
3. 
4. 
5. 
6. 
7. 
8. 
9. 
10. 
11. 
12. 
13. 
14. 
15. 
16. 
17. 
18. 
19. 
20. 
21. 
22. 
23. 
24. 
25. 

== Isaiah 20 ==
1. 
2. 
3. 
4. 
5. 
6. 

== Isaiah 21 ==
1. 
2. 
3. 
4. 
5. 
6. 
7. 
8. 
9. 
10. 
11. 
12. 
13. 
14. 
15. 
16. 
17. 

== Isaiah 22 ==
1. 
2. 
3. 
4. 
5. 
6. 
7. 
8. 
9. 
10. 
11. 
12. 
13. 
14. 
15. 
16. 
17. 
18. 
19. 
20. 
21. 
22. 
23. 
24. 
25. 

== Isaiah 23 ==
1. 
2. 
3. 
4. 
5. 
6. 
7. 
8. 
9. 
10. 
11. 
12. 
13. 
14. 
15. 
16. 
17. 
18. 

== Isaiah 24 ==
1. 
2. 
3. 
4. 
5. 
6. 
7. 
8. 
9. 
10. 
11. 
12. 
13. 
14. 
15. 
16. 
17. 
18. 
19. 
20. 
21. 
22. 
23. 

== Isaiah 25 ==
1. 
2. 
3. 
4. 
5. 
6. 
7. 
8. 
9. 
10. 
11. 
12. 

== Isaiah 26 ==
1. 
2. 
3. 
4. 
5. 
6. 
7. 
8. 
9. 
10. 
11. 
12. 
13. 
14. 
15. 
16. 
17. 
18. 
19. 
20. 
21. 

== Isaiah 27 ==
1. 
2. 
3. 
4. 
5. 
6. 
7. 
8. 
9. 
10. 
11. 
12. 
13. 

== Isaiah 28 ==
1. 
2. 
3. 
4. 
5. 
6. 
7. 
8. 
9. 
10. 
11. 
12. 
13. 
14. 
15. 
16. 
17. 
18. 
19. 
20. 
21. 
22. 
23. 
24. 
25. 
26. 
27. 
28. 
29. 

== Isaiah 29 ==
1. 
2. 
3. 
4. 
5. 
6. 
7. 
8. 
9. 
10. 
11. 
12. 
13. 
14. 
15. 
16. 
17. 
18. 
19. 
20. 
21. 
22. 
23. 
24. 

== Isaiah 30 ==
1. 
2. 
3. 
4. 
5. 
6. 
7. 
8. 
9. 
10. 
11. 
12. 
13. 
14. 
15. 
16. 
17. 
18. 
19. 
20. 
21. 
22. 
23. 
24. 
25. 
26. 
27. 
28. 
29. 
30. 
31. 
32. 
33. 

== Isaiah 31 ==
1. 
2. 
3. 
4. 
5. 
6. 
7. 
8. 
9. 

== Isaiah 32 ==
1. 
2. 
3. 
4. 
5. 
6. 
7. 
8. 
9. 
10. 
11. 
12. 
13. 
14. 
15. 
16. 
17. 
18. 
19. 
20. 

== Isaiah 33 ==
1. 
2. 
3. 
4. 
5. 
6. 
7. 
8. 
9. 
10. 
11. 
12. 
13. 
14. 
15. 
16. 
17. 
18. 
19. 
20. 
21. 
22. 
23. 
24. 

== Isaiah 34 ==
1. 
2. 
3. 
4. 
5. 
6. 
7. 
8. 
9. 
10. 
11. 
12. 
13. 
14. 
15. 
16. 
17. 

== Isaiah 35 ==
1. 
2. 
3. 
4. 
5. 
6. 
7. 
8. 
9. 
10. 

== Isaiah 36 ==
1. 
2. 
3. 
4. 
5. 
6. 
7. 
8. 
9. 
10. 
11. 
12. 
13. 
14. 
15. 
16. 
17. 
18. 
19. 
20. 
21. 
22. 

== Isaiah 37 ==
1. 
2. 
3. 
4. 
5. 
6. 
7. 
8. 
9. 
10. 
11. 
12. 
13. 
14. 
15. 
16. 
17. 
18. 
19. 
20. 
21. 
22. 
23. 
24. 
25. 
26. 
27. 
28. 
29. 
30. 
31. 
32. 
33. 
34. 
35. 
36. 
37. 
38. 

== Isaiah 38 ==
1. 
2. 
3. 
4. 
5. 
6. 
7. 
8. 
9. 
10. 
11. 
12. 
13. 
14. 
15. 
16. 
17. 
18. 
19. 
20. 
21. 
22. 

== Isaiah 39 ==
1. 
2. 
3. 
4. 
5. 
6. 
7. 
8. 

== Isaiah 40 ==
1. 
2. 
3. 
4. 
5. 
6. 
7. 
8. 
9. 
10. 
11. 
12. 
13. 
14. 
15. 
16. 
17. 
18. 
19. 
20. 
21. 
22. 
23. 
24. 
25. 
26. 
27. 
28. 
29. 
30. 
31. 

== Isaiah 41 ==
1. 
2. 
3. 
4. 
5. 
6. 
7. 
8. 
9. 
10. 
11. 
12. 
13. 
14. 
15. 
16. 
17. 
18. 
19. 
20. 
21. 
22. 
23. 
24. 
25. 
26. 
27. 
28. 
29. 

== Isaiah 42 ==
1. 
2. 
3. 
4. 
5. 
6. 
7. 
8. 
9. 
10. 
11. 
12. 
13. 
14. 
15. 
16. 
17. 
18. 
19. 
20. 
21. 
22. 
23. 
24. 
25. 

== Isaiah 43 ==
1. 
2. 
3. 
4. 
5. 
6. 
7. 
8. 
9. 
10. 
11. 
12. 
13. 
14. 
15. 
16. 
17. 
18. 
19. 
20. 
21. 
22. 
23. 
24. 
25. 
26. 
27. 
28. 

== Isaiah 44 ==
1. 
2. 
3. 
4. 
5. 
6. 
7. 
8. 
9. 
10. 
11. 
12. 
13. 
14. 
15. 
16. 
17. 
18. 
19. 
20. 
21. 
22. 
23. 
24. 
25. 
26. 
27. 
28. 

== Isaiah 45 ==
1. 
2. 
3. 
4. 
5. 
6. 
7. 
8. 
9. 
10. 
11. 
12. 
13. 
14. 
15. 
16. 
17. 
18. 
19. 
20. 
21. 
22. 
23. 
24. 
25. 

== Isaiah 46 ==
1. 
2. 
3. 
4. 
5. 
6. 
7. 
8. 
9. 
10. 
11. 
12. 
13. 

== Isaiah 47 ==
1. 
2. 
3. 
4. 
5. 
6. 
7. 
8. 
9. 
10. 
11. 
12. 
13. 
14. 
15. 

== Isaiah 48 ==
1. 
2. 
3. 
4. 
5. 
6. 
7. 
8. 
9. 
10. 
11. 
12. 
13. 
14. 
15. 
16. 
17. 
18. 
19. 
20. 
21. 
22. 

== Isaiah 49 ==
1. 
2. 
3. 
4. 
5. 
6. 
7. 
8. 
9. 
10. 
11. 
12. 
13. 
14. 
15. 
16. 
17. 
18. 
19. 
20. 
21. 
22. 
23. 
24. 
25. 
26. 

== Isaiah 50 ==
1. 
2. 
3. 
4. 
5. 
6. 
7. 
8. 
9. 
10. 
11. 

== Isaiah 51 ==
1. 
2. 
3. 
4. 
5. 
6. 
7. 
8. 
9. 
10. 
11. 
12. 
13. 
14. 
15. 
16. 
17. 
18. 
19. 
20. 
21. 
22. 
23. 

== Isaiah 52 ==
1. 
2. 
3. 
4. 
5. 
6. 
7. 
8. 
9. 
10. 
11. 
12. 
13. 
14. 
15. 

== Isaiah 53 ==
1. 
2. 
3. 
4. 
5. 
6. 
7. 
8. 
9. 
10. 
11. 
12. 

== Isaiah 54 ==
1. 
2. 
3. 
4. 
5. 
6. 
7. 
8. 
9. 
10. 
11. 
12. 
13. 
14. 
15. 
16. 
17. 

== Isaiah 55 ==
1. 
2. 
3. 
4. 
5. 
6. 
7. 
8. 
9. 
10. 
11. 
12. 
13. 

== Isaiah 56 ==
1. 
2. 
3. 
4. 
5. 
6. 
7. 
8. 
9. 
10. 
11. 
12. 

== Isaiah 57 ==
1. 
2. 
3. 
4. 
5. 
6. 
7. 
8. 
9. 
10. 
11. 
12. 
13. 
14. 
15. 
16. 
17. 
18. 
19. 
20. 
21. 

== Isaiah 58 ==
1. 
2. 
3. 
4. 
5. 
6. 
7. 
8. 
9. 
10. 
11. 
12. 
13. 
14. 

== Isaiah 59 ==
1. 
2. 
3. 
4. 
5. 
6. 
7. 
8. 
9. 
10. 
11. 
12. 
13. 
14. 
15. 
16. 
17. 
18. 
19. 
20. 
21. 

== Isaiah 60 ==
1. 
2. 
3. 
4. 
5. 
6. 
7. 
8. 
9. 
10. 
11. 
12. 
13. 
14. 
15. 
16. 
17. 
18. 
19. 
20. 
21. 
22. 

== Isaiah 61 ==
1. 
2. 
3. 
4. 
5. 
6. 
7. 
8. 
9. 
10. 
11. 

== Isaiah 62 ==
1. 
2. 
3. 
4. 
5. 
6. 
7. 
8. 
9. 
10. 
11. 
12. 

== Isaiah 63 ==
1. 
2. 
3. 
4. 
5. 
6. 
7. 
8. 
9. 
10. 
11. 
12. 
13. 
14. 
15. 
16. 
17. 
18. 
19. 

== Isaiah 64 ==
1. 
2. 
3. 
4. 
5. 
6. 
7. 
8. 
9. 
10. 
11. 
12. 

== Isaiah 65 ==
1. 
2. 
3. 
4. 
5. 
6. 
7. 
8. 
9. 
10. 
11. 
12. 
13. 
14. 
15. 
16. 
17. 
18. 
19. 
20. 
21. 
22. 
23. 
24. 
25. 

== Isaiah 66 ==
1. 
2. 
3. 
4. 
5. 
6. 
7. 
8. 
9. 
10. 
11. 
12. 
13. 
14. 
15. 
16. 
17. 
18. 
19. 
20. 
21. 
22. 
23. 
24. 

== Jeremiah 1 ==
1. 
2. 
3. 
4. 
5. 
6. 
7. 
8. 
9. 
10. 
11. 
12. 
13. 
14. 
15. 
16. 
17. 
18. 
19. 

== Jeremiah 2 ==
1. 
2. 
3. 
4. 
5. 
6. 
7. 
8. 
9. 
10. 
11. 
12. 
13. 
14. 
15. 
16. 
17. 
18. 
19. 
20. 
21. 
22. 
23. 
24. 
25. 
26. 
27. 
28. 
29. 
30. 
31. 
32. 
33. 
34. 
35. 
36. 
37. 

== Jeremiah 3 ==
1. 
2. 
3. 
4. 
5. 
6. 
7. 
8. 
9. 
10. 
11. 
12. 
13. 
14. 
15. 
16. 
17. 
18. 
19. 
20. 
21. 
22. 
23. 
24. 
25. 

== Jeremiah 4 ==
1. 
2. 
3. 
4. 
5. 
6. 
7. 
8. 
9. 
10. 
11. 
12. 
13. 
14. 
15. 
16. 
17. 
18. 
19. 
20. 
21. 
22. 
23. 
24. 
25. 
26. 
27. 
28. 
29. 
30. 
31. 

== Jeremiah 5 ==
1. 
2. 
3. 
4. 
5. 
6. 
7. 
8. 
9. 
10. 
11. 
12. 
13. 
14. 
15. 
16. 
17. 
18. 
19. 
20. 
21. 
22. 
23. 
24. 
25. 
26. 
27. 
28. 
29. 
30. 
31. 

== Jeremiah 6 ==
1. 
2. 
3. 
4. 
5. 
6. 
7. 
8. 
9. 
10. 
11. 
12. 
13. 
14. 
15. 
16. 
17. 
18. 
19. 
20. 
21. 
22. 
23. 
24. 
25. 
26. 
27. 
28. 
29. 
30. 

== Jeremiah 7 ==
1. 
2. 
3. 
4. 
5. 
6. 
7. 
8. 
9. 
10. 
11. 
12. 
13. 
14. 
15. 
16. 
17. 
18. 
19. 
20. 
21. 
22. 
23. 
24. 
25. 
26. 
27. 
28. 
29. 
30. 
31. 
32. 
33. 
34. 

== Jeremiah 8 ==
1. 
2. 
3. 
4. 
5. 
6. 
7. 
8. 
9. 
10. 
11. 
12. 
13. 
14. 
15. 
16. 
17. 
18. 
19. 
20. 
21. 
22. 

== Jeremiah 9 ==
1. 
2. 
3. 
4. 
5. 
6. 
7. 
8. 
9. 
10. 
11. 
12. 
13. 
14. 
15. 
16. 
17. 
18. 
19. 
20. 
21. 
22. 
23. 
24. 
25. 
26. 

== Jeremiah 10 ==
1. 
2. 
3. 
4. 
5. 
6. 
7. 
8. 
9. 
10. 
11. 
12. 
13. 
14. 
15. 
16. 
17. 
18. 
19. 
20. 
21. 
22. 
23. 
24. 
25. 

== Jeremiah 11 ==
1. 
2. 
3. 
4. 
5. 
6. 
7. 
8. 
9. 
10. 
11. 
12. 
13. 
14. 
15. 
16. 
17. 
18. 
19. 
20. 
21. 
22. 
23. 

== Jeremiah 12 ==
1. 
2. 
3. 
4. 
5. 
6. 
7. 
8. 
9. 
10. 
11. 
12. 
13. 
14. 
15. 
16. 
17. 

== Jeremiah 13 ==
1. 
2. 
3. 
4. 
5. 
6. 
7. 
8. 
9. 
10. 
11. 
12. 
13. 
14. 
15. 
16. 
17. 
18. 
19. 
20. 
21. 
22. 
23. 
24. 
25. 
26. 
27. 

== Jeremiah 14 ==
1. 
2. 
3. 
4. 
5. 
6. 
7. 
8. 
9. 
10. 
11. 
12. 
13. 
14. 
15. 
16. 
17. 
18. 
19. 
20. 
21. 
22. 

== Jeremiah 15 ==
1. 
2. 
3. 
4. 
5. 
6. 
7. 
8. 
9. 
10. 
11. 
12. 
13. 
14. 
15. 
16. 
17. 
18. 
19. 
20. 
21. 

== Jeremiah 16 ==
1. 
2. 
3. 
4. 
5. 
6. 
7. 
8. 
9. 
10. 
11. 
12. 
13. 
14. 
15. 
16. 
17. 
18. 
19. 
20. 
21. 

== Jeremiah 17 ==
1. 
2. 
3. 
4. 
5. 
6. 
7. 
8. 
9. 
10. 
11. 
12. 
13. 
14. 
15. 
16. 
17. 
18. 
19. 
20. 
21. 
22. 
23. 
24. 
25. 
26. 
27. 

== Jeremiah 18 ==
1. 
2. 
3. 
4. 
5. 
6. 
7. 
8. 
9. 
10. 
11. 
12. 
13. 
14. 
15. 
16. 
17. 
18. 
19. 
20. 
21. 
22. 
23. 

== Jeremiah 19 ==
1. 
2. 
3. 
4. 
5. 
6. 
7. 
8. 
9. 
10. 
11. 
12. 
13. 
14. 
15. 

== Jeremiah 20 ==
1. 
2. 
3. 
4. 
5. 
6. 
7. 
8. 
9. 
10. 
11. 
12. 
13. 
14. 
15. 
16. 
17. 
18. 

== Jeremiah 21 ==
1. 
2. 
3. 
4. 
5. 
6. 
7. 
8. 
9. 
10. 
11. 
12. 
13. 
14. 

== Jeremiah 22 ==
1. 
2. 
3. 
4. 
5. 
6. 
7. 
8. 
9. 
10. 
11. 
12. 
13. 
14. 
15. 
16. 
17. 
18. 
19. 
20. 
21. 
22. 
23. 
24. 
25. 
26. 
27. 
28. 
29. 
30. 

== Jeremiah 23 ==
1. 
2. 
3. 
4. 
5. 
6. 
7. 
8. 
9. 
10. 
11. 
12. 
13. 
14. 
15. 
16. 
17. 
18. 
19. 
20. 
21. 
22. 
23. 
24. 
25. 
26. 
27. 
28. 
29. 
30. 
31. 
32. 
33. 
34. 
35. 
36. 
37. 
38. 
39. 
40. 

== Jeremiah 24 ==
1. 
2. 
3. 
4. 
5. 
6. 
7. 
8. 
9. 
10. 

== Jeremiah 25 ==
1. 
2. 
3. 
4. 
5. 
6. 
7. 
8. 
9. 
10. 
11. 
12. 
13. 
14. 
15. 
16. 
17. 
18. 
19. 
20. 
21. 
22. 
23. 
24. 
25. 
26. 
27. 
28. 
29. 
30. 
31. 
32. 
33. 
34. 
35. 
36. 
37. 
38. 

== Jeremiah 26 ==
1. 
2. 
3. 
4. 
5. 
6. 
7. 
8. 
9. 
10. 
11. 
12. 
13. 
14. 
15. 
16. 
17. 
18. 
19. 
20. 
21. 
22. 
23. 
24. 

== Jeremiah 27 ==
1. 
2. 
3. 
4. 
5. 
6. 
7. 
8. 
9. 
10. 
11. 
12. 
13. 
14. 
15. 
16. 
17. 
18. 
19. 
20. 
21. 
22. 

== Jeremiah 28 ==
1. 
2. 
3. 
4. 
5. 
6. 
7. 
8. 
9. 
10. 
11. 
12. 
13. 
14. 
15. 
16. 
17. 

== Jeremiah 29 ==
1. 
2. 
3. 
4. 
5. 
6. 
7. 
8. 
9. 
10. 
11. 
12. 
13. 
14. 
15. 
16. 
17. 
18. 
19. 
20. 
21. 
22. 
23. 
24. 
25. 
26. 
27. 
28. 
29. 
30. 
31. 
32. 

== Jeremiah 30 ==
1. 
2. 
3. 
4. 
5. 
6. 
7. 
8. 
9. 
10. 
11. 
12. 
13. 
14. 
15. 
16. 
17. 
18. 
19. 
20. 
21. 
22. 
23. 
24. 

== Jeremiah 31 ==
1. 
2. 
3. 
4. 
5. 
6. 
7. 
8. 
9. 
10. 
11. 
12. 
13. 
14. 
15. 
16. 
17. 
18. 
19. 
20. 
21. 
22. 
23. 
24. 
25. 
26. 
27. 
28. 
29. 
30. 
31. 
32. 
33. 
34. 
35. 
36. 
37. 
38. 
39. 
40. 

== Jeremiah 32 ==
1. 
2. 
3. 
4. 
5. 
6. 
7. 
8. 
9. 
10. 
11. 
12. 
13. 
14. 
15. 
16. 
17. 
18. 
19. 
20. 
21. 
22. 
23. 
24. 
25. 
26. 
27. 
28. 
29. 
30. 
31. 
32. 
33. 
34. 
35. 
36. 
37. 
38. 
39. 
40. 
41. 
42. 
43. 
44. 

== Jeremiah 33 ==
1. 
2. 
3. 
4. 
5. 
6. 
7. 
8. 
9. 
10. 
11. 
12. 
13. 
14. 
15. 
16. 
17. 
18. 
19. 
20. 
21. 
22. 
23. 
24. 
25. 
26. 

== Jeremiah 34 ==
1. 
2. 
3. 
4. 
5. 
6. 
7. 
8. 
9. 
10. 
11. 
12. 
13. 
14. 
15. 
16. 
17. 
18. 
19. 
20. 
21. 
22. 

== Jeremiah 35 ==
1. 
2. 
3. 
4. 
5. 
6. 
7. 
8. 
9. 
10. 
11. 
12. 
13. 
14. 
15. 
16. 
17. 
18. 
19. 

== Jeremiah 36 ==
1. 
2. 
3. 
4. 
5. 
6. 
7. 
8. 
9. 
10. 
11. 
12. 
13. 
14. 
15. 
16. 
17. 
18. 
19. 
20. 
21. 
22. 
23. 
24. 
25. 
26. 
27. 
28. 
29. 
30. 
31. 
32. 

== Jeremiah 37 ==
1. 
2. 
3. 
4. 
5. 
6. 
7. 
8. 
9. 
10. 
11. 
12. 
13. 
14. 
15. 
16. 
17. 
18. 
19. 
20. 
21. 

== Jeremiah 38 ==
1. 
2. 
3. 
4. 
5. 
6. 
7. 
8. 
9. 
10. 
11. 
12. 
13. 
14. 
15. 
16. 
17. 
18. 
19. 
20. 
21. 
22. 
23. 
24. 
25. 
26. 
27. 
28. 

== Jeremiah 39 ==
1. 
2. 
3. 
4. 
5. 
6. 
7. 
8. 
9. 
10. 
11. 
12. 
13. 
14. 
15. 
16. 
17. 
18. 

== Jeremiah 40 ==
1. 
2. 
3. 
4. 
5. 
6. 
7. 
8. 
9. 
10. 
11. 
12. 
13. 
14. 
15. 
16. 

== Jeremiah 41 ==
1. 
2. 
3. 
4. 
5. 
6. 
7. 
8. 
9. 
10. 
11. 
12. 
13. 
14. 
15. 
16. 
17. 
18. 

== Jeremiah 42 ==
1. 
2. 
3. 
4. 
5. 
6. 
7. 
8. 
9. 
10. 
11. 
12. 
13. 
14. 
15. 
16. 
17. 
18. 
19. 
20. 
21. 
22. 

== Jeremiah 43 ==
1. 
2. 
3. 
4. 
5. 
6. 
7. 
8. 
9. 
10. 
11. 
12. 
13. 

== Jeremiah 44 ==
1. 
2. 
3. 
4. 
5. 
6. 
7. 
8. 
9. 
10. 
11. 
12. 
13. 
14. 
15. 
16. 
17. 
18. 
19. 
20. 
21. 
22. 
23. 
24. 
25. 
26. 
27. 
28. 
29. 
30. 

== Jeremiah 45 ==
1. 
2. 
3. 
4. 
5. 

== Jeremiah 46 ==
1. 
2. 
3. 
4. 
5. 
6. 
7. 
8. 
9. 
10. 
11. 
12. 
13. 
14. 
15. 
16. 
17. 
18. 
19. 
20. 
21. 
22. 
23. 
24. 
25. 
26. 
27. 
28. 

== Jeremiah 47 ==
1. 
2. 
3. 
4. 
5. 
6. 
7. 

== Jeremiah 48 ==
1. 
2. 
3. 
4. 
5. 
6. 
7. 
8. 
9. 
10. 
11. 
12. 
13. 
14. 
15. 
16. 
17. 
18. 
19. 
20. 
21. 
22. 
23. 
24. 
25. 
26. 
27. 
28. 
29. 
30. 
31. 
32. 
33. 
34. 
35. 
36. 
37. 
38. 
39. 
40. 
41. 
42. 
43. 
44. 
45. 
46. 
47. 

== Jeremiah 49 ==
1. 
2. 
3. 
4. 
5. 
6. 
7. 
8. 
9. 
10. 
11. 
12. 
13. 
14. 
15. 
16. 
17. 
18. 
19. 
20. 
21. 
22. 
23. 
24. 
25. 
26. 
27. 
28. 
29. 
30. 
31. 
32. 
33. 
34. 
35. 
36. 
37. 
38. 
39. 

== Jeremiah 50 ==
1. 
2. 
3. 
4. 
5. 
6. 
7. 
8. 
9. 
10. 
11. 
12. 
13. 
14. 
15. 
16. 
17. 
18. 
19. 
20. 
21. 
22. 
23. 
24. 
25. 
26. 
27. 
28. 
29. 
30. 
31. 
32. 
33. 
34. 
35. 
36. 
37. 
38. 
39. 
40. 
41. 
42. 
43. 
44. 
45. 
46. 

== Jeremiah 51 ==
1. 
2. 
3. 
4. 
5. 
6. 
7. 
8. 
9. 
10. 
11. 
12. 
13. 
14. 
15. 
16. 
17. 
18. 
19. 
20. 
21. 
22. 
23. 
24. 
25. 
26. 
27. 
28. 
29. 
30. 
31. 
32. 
33. 
34. 
35. 
36. 
37. 
38. 
39. 
40. 
41. 
42. 
43. 
44. 
45. 
46. 
47. 
48. 
49. 
50. 
51. 
52. 
53. 
54. 
55. 
56. 
57. 
58. 
59. 
60. 
61. 
62. 
63. 
64. 

== Jeremiah 52 ==
1. 
2. 
3. 
4. 
5. 
6. 
7. 
8. 
9. 
10. 
11. 
12. 
13. 
14. 
15. 
16. 
17. 
18. 
19. 
20. 
21. 
22. 
23. 
24. 
25. 
26. 
27. 
28. 
29. 
30. 
31. 
32. 
33. 
34. 

== Lamentations 1 ==
1. 
2. 
3. 
4. 
5. 
6. 
7. 
8. 
9. 
10. 
11. 
12. 
13. 
14. 
15. 
16. 
17. 
18. 
19. 
20. 
21. 
22. 

== Lamentations 2 ==
1. 
2. 
3. 
4. 
5. 
6. 
7. 
8. 
9. 
10. 
11. 
12. 
13. 
14. 
15. 
16. 
17. 
18. 
19. 
20. 
21. 
22. 

== Lamentations 3 ==
1. 
2. 
3. 
4. 
5. 
6. 
7. 
8. 
9. 
10. 
11. 
12. 
13. 
14. 
15. 
16. 
17. 
18. 
19. 
20. 
21. 
22. 
23. 
24. 
25. 
26. 
27. 
28. 
29. 
30. 
31. 
32. 
33. 
34. 
35. 
36. 
37. 
38. 
39. 
40. 
41. 
42. 
43. 
44. 
45. 
46. 
47. 
48. 
49. 
50. 
51. 
52. 
53. 
54. 
55. 
56. 
57. 
58. 
59. 
60. 
61. 
62. 
63. 
64. 
65. 
66. 

== Lamentations 4 ==
1. 
2. 
3. 
4. 
5. 
6. 
7. 
8. 
9. 
10. 
11. 
12. 
13. 
14. 
15. 
16. 
17. 
18. 
19. 
20. 
21. 
22. 

== Lamentations 5 ==
1. 
2. 
3. 
4. 
5. 
6. 
7. 
8. 
9. 
10. 
11. 
12. 
13. 
14. 
15. 
16. 
17. 
18. 
19. 
20. 
21. 
22. 

== Ezekiel 1 ==
1. 
2. 
3. 
4. 
5. 
6. 
7. 
8. 
9. 
10. 
11. 
12. 
13. 
14. 
15. 
16. 
17. 
18. 
19. 
20. 
21. 
22. 
23. 
24. 
25. 
26. 
27. 
28. 

== Ezekiel 2 ==
1. 
2. 
3. 
4. 
5. 
6. 
7. 
8. 
9. 
10. 

== Ezekiel 3 ==
1. 
2. 
3. 
4. 
5. 
6. 
7. 
8. 
9. 
10. 
11. 
12. 
13. 
14. 
15. 
16. 
17. 
18. 
19. 
20. 
21. 
22. 
23. 
24. 
25. 
26. 
27. 

== Ezekiel 4 ==
1. 
2. 
3. 
4. 
5. 
6. 
7. 
8. 
9. 
10. 
11. 
12. 
13. 
14. 
15. 
16. 
17. 

== Ezekiel 5 ==
1. 
2. 
3. 
4. 
5. 
6. 
7. 
8. 
9. 
10. 
11. 
12. 
13. 
14. 
15. 
16. 
17. 

== Ezekiel 6 ==
1. 
2. 
3. 
4. 
5. 
6. 
7. 
8. 
9. 
10. 
11. 
12. 
13. 
14. 

== Ezekiel 7 ==
1. 
2. 
3. 
4. 
5. 
6. 
7. 
8. 
9. 
10. 
11. 
12. 
13. 
14. 
15. 
16. 
17. 
18. 
19. 
20. 
21. 
22. 
23. 
24. 
25. 
26. 
27. 

== Ezekiel 8 ==
1. 
2. 
3. 
4. 
5. 
6. 
7. 
8. 
9. 
10. 
11. 
12. 
13. 
14. 
15. 
16. 
17. 
18. 

== Ezekiel 9 ==
1. 
2. 
3. 
4. 
5. 
6. 
7. 
8. 
9. 
10. 
11. 

== Ezekiel 10 ==
1. 
2. 
3. 
4. 
5. 
6. 
7. 
8. 
9. 
10. 
11. 
12. 
13. 
14. 
15. 
16. 
17. 
18. 
19. 
20. 
21. 
22. 

== Ezekiel 11 ==
1. 
2. 
3. 
4. 
5. 
6. 
7. 
8. 
9. 
10. 
11. 
12. 
13. 
14. 
15. 
16. 
17. 
18. 
19. 
20. 
21. 
22. 
23. 
24. 
25. 

== Ezekiel 12 ==
1. 
2. 
3. 
4. 
5. 
6. 
7. 
8. 
9. 
10. 
11. 
12. 
13. 
14. 
15. 
16. 
17. 
18. 
19. 
20. 
21. 
22. 
23. 
24. 
25. 
26. 
27. 
28. 

== Ezekiel 13 ==
1. 
2. 
3. 
4. 
5. 
6. 
7. 
8. 
9. 
10. 
11. 
12. 
13. 
14. 
15. 
16. 
17. 
18. 
19. 
20. 
21. 
22. 
23. 

== Ezekiel 14 ==
1. 
2. 
3. 
4. 
5. 
6. 
7. 
8. 
9. 
10. 
11. 
12. 
13. 
14. 
15. 
16. 
17. 
18. 
19. 
20. 
21. 
22. 
23. 

== Ezekiel 15 ==
1. 
2. 
3. 
4. 
5. 
6. 
7. 
8. 

== Ezekiel 16 ==
1. 
2. 
3. 
4. 
5. 
6. 
7. 
8. 
9. 
10. 
11. 
12. 
13. 
14. 
15. 
16. 
17. 
18. 
19. 
20. 
21. 
22. 
23. 
24. 
25. 
26. 
27. 
28. 
29. 
30. 
31. 
32. 
33. 
34. 
35. 
36. 
37. 
38. 
39. 
40. 
41. 
42. 
43. 
44. 
45. 
46. 
47. 
48. 
49. 
50. 
51. 
52. 
53. 
54. 
55. 
56. 
57. 
58. 
59. 
60. 
61. 
62. 
63. 

== Ezekiel 17 ==
1. 
2. 
3. 
4. 
5. 
6. 
7. 
8. 
9. 
10. 
11. 
12. 
13. 
14. 
15. 
16. 
17. 
18. 
19. 
20. 
21. 
22. 
23. 
24. 

== Ezekiel 18 ==
1. 
2. 
3. 
4. 
5. 
6. 
7. 
8. 
9. 
10. 
11. 
12. 
13. 
14. 
15. 
16. 
17. 
18. 
19. 
20. 
21. 
22. 
23. 
24. 
25. 
26. 
27. 
28. 
29. 
30. 
31. 
32. 

== Ezekiel 19 ==
1. 
2. 
3. 
4. 
5. 
6. 
7. 
8. 
9. 
10. 
11. 
12. 
13. 
14. 

== Ezekiel 20 ==
1. 
2. 
3. 
4. 
5. 
6. 
7. 
8. 
9. 
10. 
11. 
12. 
13. 
14. 
15. 
16. 
17. 
18. 
19. 
20. 
21. 
22. 
23. 
24. 
25. 
26. 
27. 
28. 
29. 
30. 
31. 
32. 
33. 
34. 
35. 
36. 
37. 
38. 
39. 
40. 
41. 
42. 
43. 
44. 
45. 
46. 
47. 
48. 
49. 

== Ezekiel 21 ==
1. 
2. 
3. 
4. 
5. 
6. 
7. 
8. 
9. 
10. 
11. 
12. 
13. 
14. 
15. 
16. 
17. 
18. 
19. 
20. 
21. 
22. 
23. 
24. 
25. 
26. 
27. 
28. 
29. 
30. 
31. 
32. 

== Ezekiel 22 ==
1. 
2. 
3. 
4. 
5. 
6. 
7. 
8. 
9. 
10. 
11. 
12. 
13. 
14. 
15. 
16. 
17. 
18. 
19. 
20. 
21. 
22. 
23. 
24. 
25. 
26. 
27. 
28. 
29. 
30. 
31. 

== Ezekiel 23 ==
1. 
2. 
3. 
4. 
5. 
6. 
7. 
8. 
9. 
10. 
11. 
12. 
13. 
14. 
15. 
16. 
17. 
18. 
19. 
20. 
21. 
22. 
23. 
24. 
25. 
26. 
27. 
28. 
29. 
30. 
31. 
32. 
33. 
34. 
35. 
36. 
37. 
38. 
39. 
40. 
41. 
42. 
43. 
44. 
45. 
46. 
47. 
48. 
49. 

== Ezekiel 24 ==
1. 
2. 
3. 
4. 
5. 
6. 
7. 
8. 
9. 
10. 
11. 
12. 
13. 
14. 
15. 
16. 
17. 
18. 
19. 
20. 
21. 
22. 
23. 
24. 
25. 
26. 
27. 

== Ezekiel 25 ==
1. 
2. 
3. 
4. 
5. 
6. 
7. 
8. 
9. 
10. 
11. 
12. 
13. 
14. 
15. 
16. 
17. 

== Ezekiel 26 ==
1. 
2. 
3. 
4. 
5. 
6. 
7. 
8. 
9. 
10. 
11. 
12. 
13. 
14. 
15. 
16. 
17. 
18. 
19. 
20. 
21. 

== Ezekiel 27 ==
1. 
2. 
3. 
4. 
5. 
6. 
7. 
8. 
9. 
10. 
11. 
12. 
13. 
14. 
15. 
16. 
17. 
18. 
19. 
20. 
21. 
22. 
23. 
24. 
25. 
26. 
27. 
28. 
29. 
30. 
31. 
32. 
33. 
34. 
35. 
36. 

== Ezekiel 28 ==
1. 
2. 
3. 
4. 
5. 
6. 
7. 
8. 
9. 
10. 
11. 
12. 
13. 
14. 
15. 
16. 
17. 
18. 
19. 
20. 
21. 
22. 
23. 
24. 
25. 
26. 

== Ezekiel 29 ==
1. 
2. 
3. 
4. 
5. 
6. 
7. 
8. 
9. 
10. 
11. 
12. 
13. 
14. 
15. 
16. 
17. 
18. 
19. 
20. 
21. 

== Ezekiel 30 ==
1. 
2. 
3. 
4. 
5. 
6. 
7. 
8. 
9. 
10. 
11. 
12. 
13. 
14. 
15. 
16. 
17. 
18. 
19. 
20. 
21. 
22. 
23. 
24. 
25. 
26. 

== Ezekiel 31 ==
1. 
2. 
3. 
4. 
5. 
6. 
7. 
8. 
9. 
10. 
11. 
12. 
13. 
14. 
15. 
16. 
17. 
18. 

== Ezekiel 32 ==
1. 
2. 
3. 
4. 
5. 
6. 
7. 
8. 
9. 
10. 
11. 
12. 
13. 
14. 
15. 
16. 
17. 
18. 
19. 
20. 
21. 
22. 
23. 
24. 
25. 
26. 
27. 
28. 
29. 
30. 
31. 
32. 

== Ezekiel 33 ==
1. 
2. 
3. 
4. 
5. 
6. 
7. 
8. 
9. 
10. 
11. 
12. 
13. 
14. 
15. 
16. 
17. 
18. 
19. 
20. 
21. 
22. 
23. 
24. 
25. 
26. 
27. 
28. 
29. 
30. 
31. 
32. 
33. 

== Ezekiel 34 ==
1. 
2. 
3. 
4. 
5. 
6. 
7. 
8. 
9. 
10. 
11. 
12. 
13. 
14. 
15. 
16. 
17. 
18. 
19. 
20. 
21. 
22. 
23. 
24. 
25. 
26. 
27. 
28. 
29. 
30. 
31. 

== Ezekiel 35 ==
1. 
2. 
3. 
4. 
5. 
6. 
7. 
8. 
9. 
10. 
11. 
12. 
13. 
14. 
15. 

== Ezekiel 36 ==
1. 
2. 
3. 
4. 
5. 
6. 
7. 
8. 
9. 
10. 
11. 
12. 
13. 
14. 
15. 
16. 
17. 
18. 
19. 
20. 
21. 
22. 
23. 
24. 
25. 
26. 
27. 
28. 
29. 
30. 
31. 
32. 
33. 
34. 
35. 
36. 
37. 
38. 

== Ezekiel 37 ==
1. 
2. 
3. 
4. 
5. 
6. 
7. 
8. 
9. 
10. 
11. 
12. 
13. 
14. 
15. 
16. 
17. 
18. 
19. 
20. 
21. 
22. 
23. 
24. 
25. 
26. 
27. 
28. 

== Ezekiel 38 ==
1. 
2. 
3. 
4. 
5. 
6. 
7. 
8. 
9. 
10. 
11. 
12. 
13. 
14. 
15. 
16. 
17. 
18. 
19. 
20. 
21. 
22. 
23. 

== Ezekiel 39 ==
1. 
2. 
3. 
4. 
5. 
6. 
7. 
8. 
9. 
10. 
11. 
12. 
13. 
14. 
15. 
16. 
17. 
18. 
19. 
20. 
21. 
22. 
23. 
24. 
25. 
26. 
27. 
28. 
29. 

== Ezekiel 40 ==
1. 
2. 
3. 
4. 
5. 
6. 
7. 
8. 
9. 
10. 
11. 
12. 
13. 
14. 
15. 
16. 
17. 
18. 
19. 
20. 
21. 
22. 
23. 
24. 
25. 
26. 
27. 
28. 
29. 
30. 
31. 
32. 
33. 
34. 
35. 
36. 
37. 
38. 
39. 
40. 
41. 
42. 
43. 
44. 
45. 
46. 
47. 
48. 
49. 

== Ezekiel 41 ==
1. 
2. 
3. 
4. 
5. 
6. 
7. 
8. 
9. 
10. 
11. 
12. 
13. 
14. 
15. 
16. 
17. 
18. 
19. 
20. 
21. 
22. 
23. 
24. 
25. 
26. 

== Ezekiel 42 ==
1. 
2. 
3. 
4. 
5. 
6. 
7. 
8. 
9. 
10. 
11. 
12. 
13. 
14. 
15. 
16. 
17. 
18. 
19. 
20. 

== Ezekiel 43 ==
1. 
2. 
3. 
4. 
5. 
6. 
7. 
8. 
9. 
10. 
11. 
12. 
13. 
14. 
15. 
16. 
17. 
18. 
19. 
20. 
21. 
22. 
23. 
24. 
25. 
26. 
27. 

== Ezekiel 44 ==
1. 
2. 
3. 
4. 
5. 
6. 
7. 
8. 
9. 
10. 
11. 
12. 
13. 
14. 
15. 
16. 
17. 
18. 
19. 
20. 
21. 
22. 
23. 
24. 
25. 
26. 
27. 
28. 
29. 
30. 
31. 

== Ezekiel 45 ==
1. 
2. 
3. 
4. 
5. 
6. 
7. 
8. 
9. 
10. 
11. 
12. 
13. 
14. 
15. 
16. 
17. 
18. 
19. 
20. 
21. 
22. 
23. 
24. 
25. 

== Ezekiel 46 ==
1. 
2. 
3. 
4. 
5. 
6. 
7. 
8. 
9. 
10. 
11. 
12. 
13. 
14. 
15. 
16. 
17. 
18. 
19. 
20. 
21. 
22. 
23. 
24. 

== Ezekiel 47 ==
1. 
2. 
3. 
4. 
5. 
6. 
7. 
8. 
9. 
10. 
11. 
12. 
13. 
14. 
15. 
16. 
17. 
18. 
19. 
20. 
21. 
22. 
23. 

== Ezekiel 48 ==
1. 
2. 
3. 
4. 
5. 
6. 
7. 
8. 
9. 
10. 
11. 
12. 
13. 
14. 
15. 
16. 
17. 
18. 
19. 
20. 
21. 
22. 
23. 
24. 
25. 
26. 
27. 
28. 
29. 
30. 
31. 
32. 
33. 
34. 
35. 

== Daniel 1 ==
1. 
2. 
3. 
4. 
5. 
6. 
7. 
8. 
9. 
10. 
11. 
12. 
13. 
14. 
15. 
16. 
17. 
18. 
19. 
20. 
21. 

== Daniel 2 ==
1. 
2. 
3. 
4. 
5. 
6. 
7. 
8. 
9. 
10. 
11. 
12. 
13. 
14. 
15. 
16. 
17. 
18. 
19. 
20. 
21. 
22. 
23. 
24. 
25. 
26. 
27. 
28. 
29. 
30. 
31. 
32. 
33. 
34. 
35. 
36. 
37. 
38. 
39. 
40. 
41. 
42. 
43. 
44. 
45. 
46. 
47. 
48. 
49. 

== Daniel 3 ==
1. 
2. 
3. 
4. 
5. 
6. 
7. 
8. 
9. 
10. 
11. 
12. 
13. 
14. 
15. 
16. 
17. 
18. 
19. 
20. 
21. 
22. 
23. 
24. 
25. 
26. 
27. 
28. 
29. 
30. 

== Daniel 4 ==
1. 
2. 
3. 
4. 
5. 
6. 
7. 
8. 
9. 
10. 
11. 
12. 
13. 
14. 
15. 
16. 
17. 
18. 
19. 
20. 
21. 
22. 
23. 
24. 
25. 
26. 
27. 
28. 
29. 
30. 
31. 
32. 
33. 
34. 
35. 
36. 
37. 

== Daniel 5 ==
1. 
2. 
3. 
4. 
5. 
6. 
7. 
8. 
9. 
10. 
11. 
12. 
13. 
14. 
15. 
16. 
17. 
18. 
19. 
20. 
21. 
22. 
23. 
24. 
25. 
26. 
27. 
28. 
29. 
30. 
31. 

== Daniel 6 ==
1. 
2. 
3. 
4. 
5. 
6. 
7. 
8. 
9. 
10. 
11. 
12. 
13. 
14. 
15. 
16. 
17. 
18. 
19. 
20. 
21. 
22. 
23. 
24. 
25. 
26. 
27. 
28. 

== Daniel 7 ==
1. 
2. 
3. 
4. 
5. 
6. 
7. 
8. 
9. 
10. 
11. 
12. 
13. 
14. 
15. 
16. 
17. 
18. 
19. 
20. 
21. 
22. 
23. 
24. 
25. 
26. 
27. 
28. 

== Daniel 8 ==
1. 
2. 
3. 
4. 
5. 
6. 
7. 
8. 
9. 
10. 
11. 
12. 
13. 
14. 
15. 
16. 
17. 
18. 
19. 
20. 
21. 
22. 
23. 
24. 
25. 
26. 
27. 

== Daniel 9 ==
1. 
2. 
3. 
4. 
5. 
6. 
7. 
8. 
9. 
10. 
11. 
12. 
13. 
14. 
15. 
16. 
17. 
18. 
19. 
20. 
21. 
22. 
23. 
24. 
25. 
26. 
27. 

== Daniel 10 ==
1. 
2. 
3. 
4. 
5. 
6. 
7. 
8. 
9. 
10. 
11. 
12. 
13. 
14. 
15. 
16. 
17. 
18. 
19. 
20. 
21. 

== Daniel 11 ==
1. 
2. 
3. 
4. 
5. 
6. 
7. 
8. 
9. 
10. 
11. 
12. 
13. 
14. 
15. 
16. 
17. 
18. 
19. 
20. 
21. 
22. 
23. 
24. 
25. 
26. 
27. 
28. 
29. 
30. 
31. 
32. 
33. 
34. 
35. 
36. 
37. 
38. 
39. 
40. 
41. 
42. 
43. 
44. 
45. 

== Daniel 12 ==
1. 
2. 
3. 
4. 
5. 
6. 
7. 
8. 
9. 
10. 
11. 
12. 
13. 

== Hosea 1 ==
1. 
2. 
3. 
4. 
5. 
6. 
7. 
8. 
9. 
10. 
11. 

== Hosea 2 ==
1. 
2. 
3. 
4. 
5. 
6. 
7. 
8. 
9. 
10. 
11. 
12. 
13. 
14. 
15. 
16. 
17. 
18. 
19. 
20. 
21. 
22. 
23. 

== Hosea 3 ==
1. 
2. 
3. 
4. 
5. 

== Hosea 4 ==
1. 
2. 
3. 
4. 
5. 
6. 
7. 
8. 
9. 
10. 
11. 
12. 
13. 
14. 
15. 
16. 
17. 
18. 
19. 

== Hosea 5 ==
1. 
2. 
3. 
4. 
5. 
6. 
7. 
8. 
9. 
10. 
11. 
12. 
13. 
14. 
15. 

== Hosea 6 ==
1. 
2. 
3. 
4. 
5. 
6. 
7. 
8. 
9. 
10. 
11. 

== Hosea 7 ==
1. 
2. 
3. 
4. 
5. 
6. 
7. 
8. 
9. 
10. 
11. 
12. 
13. 
14. 
15. 
16. 

== Hosea 8 ==
1. 
2. 
3. 
4. 
5. 
6. 
7. 
8. 
9. 
10. 
11. 
12. 
13. 
14. 

== Hosea 9 ==
1. 
2. 
3. 
4. 
5. 
6. 
7. 
8. 
9. 
10. 
11. 
12. 
13. 
14. 
15. 
16. 
17. 

== Hosea 10 ==
1. 
2. 
3. 
4. 
5. 
6. 
7. 
8. 
9. 
10. 
11. 
12. 
13. 
14. 
15. 

== Hosea 11 ==
1. 
2. 
3. 
4. 
5. 
6. 
7. 
8. 
9. 
10. 
11. 
12. 

== Hosea 12 ==
1. 
2. 
3. 
4. 
5. 
6. 
7. 
8. 
9. 
10. 
11. 
12. 
13. 
14. 

== Hosea 13 ==
1. 
2. 
3. 
4. 
5. 
6. 
7. 
8. 
9. 
10. 
11. 
12. 
13. 
14. 
15. 
16. 

== Hosea 14 ==
1. 
2. 
3. 
4. 
5. 
6. 
7. 
8. 
9. 

== Joel 1 ==
1. 
2. 
3. 
4. 
5. 
6. 
7. 
8. 
9. 
10. 
11. 
12. 
13. 
14. 
15. 
16. 
17. 
18. 
19. 
20. 

== Joel 2 ==
1. 
2. 
3. 
4. 
5. 
6. 
7. 
8. 
9. 
10. 
11. 
12. 
13. 
14. 
15. 
16. 
17. 
18. 
19. 
20. 
21. 
22. 
23. 
24. 
25. 
26. 
27. 
28. 
29. 
30. 
31. 
32. 

== Joel 3 ==
1. 
2. 
3. 
4. 
5. 
6. 
7. 
8. 
9. 
10. 
11. 
12. 
13. 
14. 
15. 
16. 
17. 
18. 
19. 
20. 
21. 

== Amos 1 ==
1. 
2. 
3. 
4. 
5. 
6. 
7. 
8. 
9. 
10. 
11. 
12. 
13. 
14. 
15. 

== Amos 2 ==
1. 
2. 
3. 
4. 
5. 
6. 
7. 
8. 
9. 
10. 
11. 
12. 
13. 
14. 
15. 
16. 

== Amos 3 ==
1. 
2. 
3. 
4. 
5. 
6. 
7. 
8. 
9. 
10. 
11. 
12. 
13. 
14. 
15. 

== Amos 4 ==
1. 
2. 
3. 
4. 
5. 
6. 
7. 
8. 
9. 
10. 
11. 
12. 
13. 

== Amos 5 ==
1. 
2. 
3. 
4. 
5. 
6. 
7. 
8. 
9. 
10. 
11. 
12. 
13. 
14. 
15. 
16. 
17. 
18. 
19. 
20. 
21. 
22. 
23. 
24. 
25. 
26. 
27. 

== Amos 6 ==
1. 
2. 
3. 
4. 
5. 
6. 
7. 
8. 
9. 
10. 
11. 
12. 
13. 
14. 

== Amos 7 ==
1. 
2. 
3. 
4. 
5. 
6. 
7. 
8. 
9. 
10. 
11. 
12. 
13. 
14. 
15. 
16. 
17. 

== Amos 8 ==
1. 
2. 
3. 
4. 
5. 
6. 
7. 
8. 
9. 
10. 
11. 
12. 
13. 
14. 

== Amos 9 ==
1. 
2. 
3. 
4. 
5. 
6. 
7. 
8. 
9. 
10. 
11. 
12. 
13. 
14. 
15. 

== Obadiah 1 ==
1. 
2. 
3. 
4. 
5. 
6. 
7. 
8. 
9. 
10. 
11. 
12. 
13. 
14. 
15. 
16. 
17. 
18. 
19. 
20. 
21. 

== Jonah 1 ==
1. 
2. 
3. 
4. 
5. 
6. 
7. 
8. 
9. 
10. 
11. 
12. 
13. 
14. 
15. 
16. 
17. 

== Jonah 2 ==
1. 
2. 
3. 
4. 
5. 
6. 
7. 
8. 
9. 
10. 

== Jonah 3 ==
1. 
2. 
3. 
4. 
5. 
6. 
7. 
8. 
9. 
10. 

== Jonah 4 ==
1. 
2. 
3. 
4. 
5. 
6. 
7. 
8. 
9. 
10. 
11. 

== Micah 1 ==
1. 
2. 
3. 
4. 
5. 
6. 
7. 
8. 
9. 
10. 
11. 
12. 
13. 
14. 
15. 
16. 

== Micah 2 ==
1. 
2. 
3. 
4. 
5. 
6. 
7. 
8. 
9. 
10. 
11. 
12. 
13. 

== Micah 3 ==
1. 
2. 
3. 
4. 
5. 
6. 
7. 
8. 
9. 
10. 
11. 
12. 

== Micah 4 ==
1. 
2. 
3. 
4. 
5. 
6. 
7. 
8. 
9. 
10. 
11. 
12. 
13. 

== Micah 5 ==
1. 
2. 
3. 
4. 
5. 
6. 
7. 
8. 
9. 
10. 
11. 
12. 
13. 
14. 
15. 

== Micah 6 ==
1. 
2. 
3. 
4. 
5. 
6. 
7. 
8. 
9. 
10. 
11. 
12. 
13. 
14. 
15. 
16. 

== Micah 7 ==
1. 
2. 
3. 
4. 
5. 
6. 
7. 
8. 
9. 
10. 
11. 
12. 
13. 
14. 
15. 
16. 
17. 
18. 
19. 
20. 

== Nahum 1 ==
1. 
2. 
3. 
4. 
5. 
6. 
7. 
8. 
9. 
10. 
11. 
12. 
13. 
14. 
15. 

== Nahum 2 ==
1. 
2. 
3. 
4. 
5. 
6. 
7. 
8. 
9. 
10. 
11. 
12. 
13. 

== Nahum 3 ==
1. 
2. 
3. 
4. 
5. 
6. 
7. 
8. 
9. 
10. 
11. 
12. 
13. 
14. 
15. 
16. 
17. 
18. 
19. 

== Habakkuk 1 ==
1. 
2. 
3. 
4. 
5. 
6. 
7. 
8. 
9. 
10. 
11. 
12. 
13. 
14. 
15. 
16. 
17. 

== Habakkuk 2 ==
1. 
2. 
3. 
4. 
5. 
6. 
7. 
8. 
9. 
10. 
11. 
12. 
13. 
14. 
15. 
16. 
17. 
18. 
19. 
20. 

== Habakkuk 3 ==
1. 
2. 
3. 
4. 
5. 
6. 
7. 
8. 
9. 
10. 
11. 
12. 
13. 
14. 
15. 
16. 
17. 
18. 
19. 

== Zephaniah 1 ==
1. 
2. 
3. 
4. 
5. 
6. 
7. 
8. 
9. 
10. 
11. 
12. 
13. 
14. 
15. 
16. 
17. 
18. 

== Zephaniah 2 ==
1. 
2. 
3. 
4. 
5. 
6. 
7. 
8. 
9. 
10. 
11. 
12. 
13. 
14. 
15. 

== Zephaniah 3 ==
1. 
2. 
3. 
4. 
5. 
6. 
7. 
8. 
9. 
10. 
11. 
12. 
13. 
14. 
15. 
16. 
17. 
18. 
19. 
20. 

== Haggai 1 ==
1. 
2. 
3. 
4. 
5. 
6. 
7. 
8. 
9. 
10. 
11. 
12. 
13. 
14. 
15. 

== Haggai 2 ==
1. 
2. 
3. 
4. 
5. 
6. 
7. 
8. 
9. 
10. 
11. 
12. 
13. 
14. 
15. 
16. 
17. 
18. 
19. 
20. 
21. 
22. 
23. 

== Zechariah 1 ==
1. 
2. 
3. 
4. 
5. 
6. 
7. 
8. 
9. 
10. 
11. 
12. 
13. 
14. 
15. 
16. 
17. 
18. 
19. 
20. 
21. 

== Zechariah 2 ==
1. 
2. 
3. 
4. 
5. 
6. 
7. 
8. 
9. 
10. 
11. 
12. 
13. 

== Zechariah 3 ==
1. 
2. 
3. 
4. 
5. 
6. 
7. 
8. 
9. 
10. 

== Zechariah 4 ==
1. 
2. 
3. 
4. 
5. 
6. 
7. 
8. 
9. 
10. 
11. 
12. 
13. 
14. 

== Zechariah 5 ==
1. 
2. 
3. 
4. 
5. 
6. 
7. 
8. 
9. 
10. 
11. 

== Zechariah 6 ==
1. 
2. 
3. 
4. 
5. 
6. 
7. 
8. 
9. 
10. 
11. 
12. 
13. 
14. 
15. 

== Zechariah 7 ==
1. 
2. 
3. 
4. 
5. 
6. 
7. 
8. 
9. 
10. 
11. 
12. 
13. 
14. 

== Zechariah 8 ==
1. 
2. 
3. 
4. 
5. 
6. 
7. 
8. 
9. 
10. 
11. 
12. 
13. 
14. 
15. 
16. 
17. 
18. 
19. 
20. 
21. 
22. 
23. 

== Zechariah 9 ==
1. 
2. 
3. 
4. 
5. 
6. 
7. 
8. 
9. 
10. 
11. 
12. 
13. 
14. 
15. 
16. 
17. 

== Zechariah 10 ==
1. 
2. 
3. 
4. 
5. 
6. 
7. 
8. 
9. 
10. 
11. 
12. 

== Zechariah 11 ==
1. 
2. 
3. 
4. 
5. 
6. 
7. 
8. 
9. 
10. 
11. 
12. 
13. 
14. 
15. 
16. 
17. 

== Zechariah 12 ==
1. 
2. 
3. 
4. 
5. 
6. 
7. 
8. 
9. 
10. 
11. 
12. 
13. 
14. 

== Zechariah 13 ==
1. 
2. 
3. 
4. 
5. 
6. 
7. 
8. 
9. 

== Zechariah 14 ==
1. 
2. 
3. 
4. 
5. 
6. 
7. 
8. 
9. 
10. 
11. 
12. 
13. 
14. 
15. 
16. 
17. 
18. 
19. 
20. 
21. 

== Malachi 1 ==
1. 
2. 
3. 
4. 
5. 
6. 
7. 
8. 
9. 
10. 
11. 
12. 
13. 
14. 

== Malachi 2 ==
1. 
2. 
3. 
4. 
5. 
6. 
7. 
8. 
9. 
10. 
11. 
12. 
13. 
14. 
15. 
16. 
17. 

== Malachi 3 ==
1. 
2. 
3. 
4. 
5. 
6. 
7. 
8. 
9. 
10. 
11. 
12. 
13. 
14. 
15. 
16. 
17. 
18. 

== Malachi 4 ==
1. 
2. 
3. 
4. 
5. 
6. 

== Matthew 1 ==
1. ᎯᎠ ᎪᏪᎵ ᎧᏃᎮᎭ ᏧᏁᏢᏔᏅᏒ ᏥᏌ ᎦᎶᏁᏛ, ᏕᏫ ᎤᏪᏥ, ᎡᏆᎭᎻ ᎤᏪᏥ.
2. ᎡᏆᎭᎻ ᎡᏏᎩ ᎤᏕᏁᎴᎢ; ᎡᏏᎩᏃ ᏤᎦᏈ ᎤᏕᏁᎴᎢ, ᏤᎦᏈᏃ ᏧᏓ ᎠᎴ ᎾᏍᎩ ᎠᎾᏓᏅᏟ ᎬᏩᏕᏁᎴᎢ;
3. ᏧᏓᏃ ᏇᎵᏏ ᎠᎴ ᏎᎳ ᎬᏩᏕᏁᎴᎢ ᏖᎹ ᏚᎾᏄᎪᏫᏎᎢ; ᏇᎵᏏᏃ ᎢᏏᎳᎻ ᎤᏕᏁᎴᎢ; ᎢᏏᎳᎻᏃ ᎡᎵᎻ ᎤᏕᏁᎴᎢ;
4. ᎡᎵᎻᏃ ᎡᎻᏂᏓᏈ ᎤᏕᏁᎴᎢ; ᎡᎻᏂᏓᏈᏃ ᎾᏐᏂ ᎤᏕᏁᎴᎢ; ᎾᏐᏂᏃ ᏌᎵᎹ ᎤᏕᏁᎴᎢ;
5. ᏌᎵᎹᏃ ᏉᏏ ᎤᏕᏁᎴᎢ ᎴᎭᏫ ᎤᎾᎸᎪᏫᏎᎢ; ᏉᏏᏃ ᎣᏇᏗ ᎤᏕᏁᎴᎢ ᎷᏏ ᎤᎾᏄᎪᏫᏎᎢ; ᎣᏇᏗᏃ ᏤᏏ ᎤᏕᏁᎴᎢ;
6. ᏤᏏᏃ ᏕᏫ ᎤᎬᏫᏳᎯ ᎤᏕᏁᎴᎢ; ᏕᏫᏃ ᎤᎬᏫᏳᎯ ᏐᎵᎹᏅ ᎤᏕᏁᎴᎢ ᏳᎳᏯ ᎤᏓᏴᏛ ᎤᎾᏄᎪᏫᏎᎢ;
7. ᏐᎵᎹᏅᏃ ᎶᏉᎹ ᎤᏕᏁᎴᎢ; ᎶᏉᎹᏃ ᎡᏆᏯ ᎤᏕᏁᎴᎢ; ᎡᏆᏯᏃ ᎡᏏ ᎤᏕᏁᎴᎢ;
8. ᎡᏏᏃ ᏦᏏᏆ ᎤᏕᏁᎴᎢ. ᏦᏏᏆᏃ ᏦᎳᎻ ᎤᏕᏁᎴᎢ; ᏦᎳᎻᏃ ᎣᏌᏯ ᎤᏕᏁᎴᎢ;
9. ᎣᏌᏯᏃ ᏦᏓᎻ ᎤᏕᏁᎴᎢ; ᏦᏓᎻᏃ ᎡᎭᏏ ᎤᏕᏁᎴᎢ; ᎡᎭᏏᏃ ᎮᏏᎦᏯ ᎤᏕᏁᎴᎢ;
10. ᎮᏏᎦᏯᏃ ᎹᎾᏏ ᎤᏕᏁᎴᎢ; ᎹᎾᏏᏃ ᎠᎼᏂ ᎤᏕᏁᎴᎢ; ᎠᎼᏂᏃ ᏦᏌᏯ ᎤᏕᏁᎴᎢ;
11. ᏦᏌᏯᏃ ᏤᎪᎾᏯ ᎠᎴ ᎠᎾᏓᏅᏟ ᎬᏩᏕᏁᎴᎢ; ᎾᎯᏳ ᏓᏗᎶᏂ ᏥᏫᏗᎨᎦᏘᏅᏍᏔᏁᎢ;
12. ᏓᏗᎶᏂᏃ ᏫᏗᎨᎦᏘᏃᎸ ᏤᎪᎾᏯ ᏌᎳᏓᏱᎵ ᎤᏕᏁᎴᎢ; ᏌᎳᏓᏱᎵᏃ ᏥᎳᏇᎵ ᎤᏕᏁᎴᎢ;
13. ᏥᎳᏇᎵᏃ ᎠᏆᏯᏗ ᎤᏕᏁᎴᎢ, ᎠᏆᏯᏗᏃ ᎢᎳᏯᎩᎻ ᎤᏕᏁᎴᎢ; ᎢᎳᏯᎩᎻᏃ ᎡᏐ ᎤᏕᏁᎴᎢ;
14. ᎡᏐᏃ ᏎᏙᎩ ᎤᏕᏁᎴᎢ; ᏎᏙᎩᏃ ᎡᎩᎻ ᎤᏕᏁᎴᎢ; ᎡᎩᎻᏃ ᎢᎳᏯᏗ ᎤᏕᏁᎴᎢ;
15. ᎢᎳᏯᏗᏃ ᎢᎵᎡᏌ ᎤᏕᏁᎴᎢ; ᎢᎵᎡᏌᏃ ᎹᏓᏂ ᎤᏕᏁᎴᎢ; ᎹᏓᏂᏃ ᏤᎦᏈ ᎤᏕᏁᎴᎢ;
16. ᏤᎦᏈᏃ ᏦᏩ ᎤᏕᏁᎴᎢ, ᎾᏍᎩ ᎺᎵ ᎤᏰᎯ ᎾᏍᎩ ᏧᎾᏄᎪᏫᏎ ᏥᏌ ᎦᎶᏁᏛ ᏣᏃᎭᎰᎢ.
17. ᎾᏍᎩᏃ ᏂᎦᏛ ᏄᎾᏓᏁᏟᏴᏒ ᎡᏆᎭᎻ ᏤᎮ ᎾᎯᏳ ᏅᏓᎬᏩᏓᎴᏅᏛ ᏕᏫᏃ ᏤᎮ ᏅᏛᏍᏘ ᏂᎦᏚ ᏄᎾᏓᏁᏟᏴᏎᎢ; ᏕᏫᏃ ᏤᎮ ᎾᎯᏳ ᏅᎵᎬᏩᏓᎴᏅᏛ ᏓᏗᎶᏂᏃ ᏥᏫᏗᎨᎦᏘᏅᏍᏔᏁ ᎾᎯᏳ ᏅᏛᏍᏘ ᏂᎦᏚ ᏄᎾᏓᏁᏟᏴᏎᎢ; ᏓᏗᎶᏂᏃ ᎾᎯᏳ ᏥᏫᏗᎨᎦᏘᏅᏍᏔᏁ ᎤᏓᏳᏓᎴᏅᏛ ᏥᏌᏃ ᏧᏕᏁ ᎾᎯᏳ ᏅᏛᏍᏘ ᏂᎦᏚ ᏄᎾᏓᏁᏟᏴᏎᎢ.
18. ᎾᏍᎩᏃ ᎯᎠ ᏄᎵᏍᏔᏂᏙᎴ ᎤᏕᏅ ᏥᏌ ᎦᎶᏁᏛ. ᎾᏍᎩ ᎺᎵ ᏥᏌ ᎤᏥ ᏦᏩ ᎤᏓᏴᏍᏗ, ᎠᏏᏉ ᏂᏓᎾᏤᎬᎾ ᎨᏎᎢ, ᎤᏁᎵᏤ ᎦᎸᏉᏗᏳ ᎠᏓᏅᏙ ᎤᏓᏅᏖᎸᎯ.
19. ᏦᏩ ᎾᏍᎩ Ꮎ ᏧᎾᏨᏍᏗ ᎤᏓᏅᏘᏳ ᎨᏒ ᎢᏳᏍᏗ, ᎠᎴ ᏄᏚᎵᏍᎬᎾ ᎨᏒ ᎢᏳᏍᏗ ᎬᏂᎨᏒ ᎤᏕᎰᎯᏍᏙᏗᏱ, ᎤᏕᎵᏛᏉ ᎢᏴᏛ ᏮᏓᏥᏯᎧᏂ, ᎤᏪᎵᏎᎢ.
20. ᎠᏎᏃ ᎠᏏᏉ ᎯᎠ ᎾᏍᎩ ᏄᏍᏕᎠᏓᏅᏖᏍᎨᎢ, ᎬᏂᏳᏉ ᏗᎧᎿᎭᏩᏗᏙᎯ ᏱᎰᏩ ᎤᏅᏏᏛ ᎬᏂᎨᏒ ᏄᏛᏁᎴ ᎠᏍᎩᏓᏍᎬᎢ, ᎯᎠ ᏂᎦᏪᏍᎨᎢ; ᏦᏩ, ᏕᏫ ᎤᏪᏥ, ᏞᏍᏗ ᏣᏍᎦᎸ ᎯᏯᏅᏗᏱ ᎺᎵ ᏣᏓᏴᏍᏗ, ᎾᏍᎩᏰᏃ Ꮎ ᏥᎦᏁᎵ ᎦᎸᏉᏗᏳ ᎠᏓᏅᏙ ᎤᏓᏅᏖᎸᎯ;
21. ᎠᎴ ᏓᎦᎾᏄᎪᏫᏏ ᎠᏧᏣ, ᎾᏍᎩᏃ ᏥᏌ ᏕᎯᏲᎥᎭ, ᏧᏤᎵᏰᏃ ᏴᏫ ᏙᏛᏍᏕᎸᎯ ᏙᏓᎫᏓᎴᏏ ᎤᏂᏍᎦᏅᏨᎢ.
22. ᎾᏍᎩᏃ ᎯᎠ ᏂᎦᏗᏳ ᏄᎵᏍᏔᏂᏙᎴ ᎤᏙᎯᏳᏗᏱ ᎠᏰᎸᏒᎢ ᎯᎠ ᏥᏄᏪᏎ ᏱᎰᏩ ᎠᏙᎴᎰᏍᎩ ᎠᎬᏗᏍᎬᎢ;
23. ᎬᏂᏳᏉ ᎠᏛ ᎾᏥᏰᎲᎾ ᎦᏁᎵᏛ ᎨᏎᏍᏗ, ᎠᎴ ᏓᎦᎾᏄᎪᏫᏏ ᎠᏧᏣ, ᎾᏍᎩᏃ ᎢᎹᏄᎡᎵ ᎠᏃᏎᎮᏍᏗ, ᎾᏍᎩ ᎠᏁᏢᏔᏅᎯ ᎨᏒ ᎯᎠ ᏄᏍᏗ ᎦᏛᎦ, ᎤᏁᎳᏅᎯ ᎢᎨᎳᏗᏙᎭ.
24. ᏦᏩᏃ ᎤᏰᏨ ᎤᎸᏅᎢ ᏗᎧᎿᎭᏩᏗᏙᎯ ᏱᎰᏩ ᏅᏓᏳᏅᏏᏛ ᏄᏪᏎᎸ ᏄᏛᏁᎴᎢ, ᎤᏯᏅᎨᏉ ᎤᏓᏴᏍᏗ.
25. ᎠᎴ ᎥᏝ ᏳᎦᏙᎥᏎᎢ ᎬᏂ ᎤᎾᏄᎪᏫᏒ ᎢᎬᏱ ᎡᎯ ᎤᏪᏥ ᎠᏧᏣ, ᏥᏌᏃ ᏑᏬᎡᎢ.

== Matthew 2 ==
1. ᏥᏌᏃ ᎤᏕᏅ ᎦᏚᏱ ᎦᏚᎲ ᏧᏗᏱ, ᎾᎯᏳ ᏤᎮ ᎡᎶᏛ ᎤᎬᏫᏳᎯ, ᎬᏂᏳᏉ ᎤᏂᎷᏤ ᏥᎷᏏᎵᎻ ᎠᏂᎦᏔᎿᎭᎢ ᏅᏙ ᏗᎧᎸᎬ ᎢᏗᏢ ᏧᏂᎶᏎᎢ,
2. ᎯᎠ ᏄᏂᏪᏎᎢ; ᎭᏢ Ꮎ ᏧᏕᏅ ᎤᎬᏫᏳᎯ ᎠᏂᏧᏏ ᎤᎾᏤᎵᎦ, ᎣᎩᎪᎲᏰᏃ ᎤᏤᎵ ᏃᏈᏏ ᏗᎧᎸᎬ ᎢᏗᏢ, ᎠᎴ ᎣᏣᏓᏙᎵᏍᏓᏁᎵᎦ.
3. ᎡᎶᏛᏃ ᎤᎬᏫᏳᎯ ᎤᏛᎦᏅ ᎾᏍᎩ, ᎤᏪᎵᎯᏍᏗ ᎤᏓᏅᏓᏕᎢ, ᎠᎴ ᏂᎦᏛ ᏥᎷᏏᎵᎻ ᎠᏁᎯ.
4. ᏚᎳᏫᏛᏃ ᏂᎦᏛ ᏄᏂᎬᏫᏳᏒ ᎠᏥᎸ ᎠᏁᎶᎯ, ᎠᎴ ᏴᏫ ᏗᏃᏪᎳᏁᎯ, ᏚᏛᏛᏁᎢ, ᎾᎿᎭᎤᏕᏗ ᎨᏒ ᎦᎶᏁᏛ.
5. ᎯᎠᏃ ᏂᎬᏩᏪᏎᎴᎢ; ᏧᏗᏱ ᎦᏚᏱ ᎦᏚᎲᎢ; ᎯᎠᏰᏃ ᏄᏩᏅ ᎤᏬᏪᎳ ᎠᏙᎴᎰᏍᎩ;
6. ᎠᎴ ᏂᎯ ᎦᏚᏱ ᎦᏚᎲ ᏧᏗᏱ, ᎥᏝᏍᎩᏂ ᏣᏍᏗᎧᏂ ᏱᎩ, ᏥᎶᏓᏑᏯ ᏄᏂᎬᏫᏳᏒ ᏧᏗᏱ, ᏂᎯᏰᏃ ᏓᏣᏄᎪᏥ ᏗᏆᏤᎵ ᏴᏫ ᎢᏏᎵ-ᏗᎧᏁᏤᎯ.
7. ᎿᎭᏉᏃ ᎡᎶᏛ ᎤᏕᎵᏛ ᏫᏚᏯᏅᎲ ᎾᏍᎩ ᎠᏂᎦᏔᎿᎭᎢ, ᎣᏍᏛ ᏚᏛᏘᏌᏁ ᎢᏳᏉ ᎾᏍᎩ ᏃᏈᏏ ᎤᎾᏄᎪᏨᎢ.
8. ᎠᎴ ᏚᏅᏎ ᎦᏚᏱ, ᎯᎠ ᏄᏪᏎᎢ; ᎢᏤᎾ ᎣᏍᏛ ᏪᏥᏲᎦ ᎾᏍᎩ ᎤᏍᏗ ᎠᏲᎵ, ᎢᏳᏃ ᎡᏥᏩᏛᎲᎭ, ᎢᏍᎩᏃᏁᎵᎸᎭ, ᎠᏴᏃ ᎾᏍᏉ ᏫᏥᎷᏨᎭ, ᎠᎴ ᏥᏯᏓᏙᎵᏍᏓᏁᎸᎭ.
9. ᎤᎾᏛᎦᏃᏁᎸᏃ ᎤᎬᏫᏳᎯ ᎤᎾᏂᎩᏎᎢ, ᎬᏂᏳᏉᏃ ᏃᏈᏏ, ᎾᏍᎩ ᎤᏂᎪᎲᎯ ᏗᎧᎸᎬ ᎢᏗᏢ, ᎢᎬᏱ ᎤᏁᏅᎡᎴᎢ, ᎬᏂ ᏭᎷᏥᎸ ᎠᎴ ᎤᎴᏫᏍᏔᏅ ᎦᎸᎳᏗᏢ ᎾᎿᎭᎠᏥᎵ ᎡᎲᎢ.
10. ᎤᏂᎪᎲᏃ ᎾᏍᎩ ᏃᏈᏏ, ᎤᎶᏔᏅᎯ ᎤᎾᎵᎮᎵᏤᎢ.
11. ᎠᏓᏁᎸᏃ ᎤᏂᏴᎸ ᎤᏂᎪᎮ ᎠᏲᏝ ᎠᎴ ᎤᏥ ᎺᎵ, ᎠᎴ ᎡᎳᏗ ᏚᎾᏓᏅᏁᎢ, ᎤᎾᏓᏙᎵᏍᏓᏁᎴᎢ, ᎠᎴ ᏧᎬᏩᎶᏗ ᎤᏂᎳᏅᏛ ᏚᏂᏍᏚᎢᏒ ᎤᏂᏁᎸᏁ ᏅᎾᎵᏍᎪᎸᏔᏅᎯ, ᎠᏕᎸ-ᏓᎶᏂᏛ, ᎠᎴ ᎤᎦᎾᏍᏛ ᎦᏩᏒᎩ ᎠᏜᏓ ᎠᎴ ᎻᎳ.
12. ᎠᎾᏍᎩᏓᏍᎬᏃ ᎤᏁᎳᏅᎯ ᏚᏁᏤᎸ ᎡᎶᏛᏱ ᏭᏂᎶᎯᏍᏗᏱ ᏂᎨᏒᎾ, ᎤᎾᏂᎩᏒ ᎤᏣᏘᏂᏉ ᎢᏗᏢ ᏭᏂᎶᏎ ᎢᎤᏁᏅ ᎤᎾᏤᎵᎪᎯ.
13. ᎤᎾᏂᎩᏒᏃ ᎬᏂᏳᏉ ᏗᎧᎿᎭᏩᏗᏙᎯ ᎤᏅᏏᏛ ᏱᎰᏩ ᎬᏂᎨᏒ ᏄᏛᏁᎴ ᏦᏩ ᎠᏍᎩᏓᏍᎬᎢ, ᎯᎠ ᏄᏪᏎᎴᎢ; ᏔᎴᎲᎦ, ᎠᎴ ᏔᏘᏄᎦ ᎠᏲᎵ ᎠᎴ ᎤᏥ ᎠᎴ ᎭᎵᏘ, ᎢᏥᏈ ᏫᎶᎯ, ᎾᎿᎭᏃ ᏪᎮᏍᏗ ᎬᏂ ᏫᎬᏁᏤᎸᎭ, ᎡᎶᏛᏰᏃ ᎠᏎ ᏛᏲᎵ ᎤᏍᏗ ᎠᏲᎵ ᎤᎯᏍᏗᏱ.
14. ᎿᎭᏉᏃ ᏚᎴᏅ ᎤᏘᏅᏎ ᎠᏲᎵ ᎠᎴ ᎤᏥ ᏒᏃᏱ, ᎠᎴ ᎢᏥᏛᏱ ᏭᎶᏎᎢ.
15. ᎠᎴ ᎾᎿᎭᏪᎮ ᎬᏂ ᎡᎶᏛ ᎤᏲᎱᏒ; ᎤᏙᎯᏳᏁ ᎤᏁᎳᏅᎯ ᎤᏁᏨᎢ, ᎠᏙᎴᎰᏍᎩ ᏧᏮᏔᏁᎢ, ᎯᎠ ᏥᏄᏪᏎᎢ; ᎢᏥᏈᏱ ᏫᏥᏯᏅᎲ ᎠᏇᏥ.
16. ᎿᎭᏉᏃ ᎡᎶᏛ ᎤᏙᎴᎰᏒ ᎠᏂᎦᏔᎿᎭᎢ ᎬᏩᎵᏓᏍᏔᏅᎢ, ᎤᏣᏔᏅᎯ ᎤᏔᎳᏬᏎᎢ, ᎠᎴ ᎤᏓᏅᏎ ᏫᏚᏂᎰᏁ ᏂᎦᏛ ᏗᏂᏲᎵ ᎦᏚᏱ ᎠᏁᎯ, ᎠᎴ ᏂᎦᏛ ᏂᎬᎾᏛ ᎾᎿᎭᏂ, ᏔᎵ ᎢᏳᎾᏕᏘᏴᏛ ᏩᏍᏘ, ᎾᎯᏳ ᏅᏓᏳᏓᎴᏅᏛ ᏥᏓᎵᏏᎾᎯᏍᏓᏁᎮ ᏥᏓᏛᏛᎮᎸᎥᏍᎨ ᎠᏂᎦᏔᎿᎭᎢ.
17. ᎿᎭᏉᏃ ᎤᏙᎯᏳᏁ ᏤᎵᎹᏯ ᎠᏙᎴᎰᏍᎩ ᎤᏁᏨᎯ, ᎠᎴ ᏥᏄᏪᏎᎢ;
18. ᎴᎹᏱ ᎧᏁᎬ ᎤᎾᏛᎦᏅᎩ, ᏓᏂᏴᎬᎢ, ᎠᎴ ᏓᎾᏠᏱᎲᎢ, ᎠᎴ ᎤᏣᏘ ᎤᏁᎷᎬᎢ; ᎴᏥᎵ ᏓᏍᎪᏂᎲ ᏧᏪᏥ, ᎠᎴ ᏄᏚᎵᏍᎬᎾ ᎨᏒ ᎤᏄᏬᎯᏍᏗᏱ, ᏅᏗᎦᎵᏍᏙᏗᏍᎬ ᎾᏁᎲᎾᏉ ᎨᏒᎢ.
19. ᎿᎭᏉᏃ ᎡᎶᏛ ᎤᏲᎱᏒ, ᎬᏂᏳᏉ ᏗᎧᎿᎭᏩᏗᏙᎯ ᏱᎰᏩ ᎤᏤᎵᎦ ᎬᏂᎨᏒ ᏄᏛᏁᎴ ᏦᏩ ᎠᏍᎩᏓᏍᎬ ᎢᏥᏈᏱ,
20. ᎯᎠ ᏄᏪᏎᎴᎢ; ᏔᎴᎲᎦ ᎠᎴ ᎭᏘᏄᎦ ᎠᏲᎵ ᎠᎴ ᎤᏥ, ᎠᎴ ᎮᎾ ᎢᏏᎵᏱ, ᎿᎭᏉᏰᏃ ᏚᏂᏲᎱᏒ ᎠᏲᎵ ᎬᏅ ᏧᏂᏲᎲᎩ.
21. ᏚᎴᏅᏃ ᎤᏘᏅᏎ ᎠᏲᎵ ᎠᎴ ᎤᏥ, ᎠᎴ ᎢᏏᎵᏱ ᏭᎷᏤᎢ.
22. ᎠᏎᏃ ᎤᏛᎦᏅ ᎠᏥᎳ ᎤᎬᏫᏳᎯ ᎨᏒ ᏧᏗᏱ ᎤᏙᏓ ᎡᎶᏛ ᎤᏓᏁᏟᏴᏍᏓᏁᎸᎢ, ᎤᏍᎦᎴ ᎾᎿᎭᏭᎶᎯᏍᏗᏱ; ᎠᏎᏃ ᎤᏁᎳᏅᎯ ᎤᏪᏯᏔᏅᎯ ᎨᏒ ᎠᏍᎩᏓᏍᎬᎢ, ᎨᎵᎵ ᏭᎪᎸᏍᏔᏁᎢ;
23. ᎦᏚᎲᏃ ᎾᏎᎵᏗ ᏧᏙᎢᏛ ᏭᎷᏨ ᎾᎿᎭᎡᎮᎢ. ᎾᏍᎩᏃ ᎤᏙᎯᏳᏁ ᎠᎾᏙᎴᎰᏍᎩ ᏧᏂᏁᏤᎢ, ᎾᏎᎵᏗ ᎡᎯ ᎠᎪᏎᎮᏍᏗ, ᏧᎾᏛᏁᎢ.

== Matthew 3 ==
1. ᎾᎯᏳ ᎤᎷᏤ ᏣᏂ ᏗᏓᏬᏍᎩ ᎠᎵᏥᏙᎲᏍᎨ ᎢᎾᎨ ᏧᏗᏱ,
2. ᎯᎠ ᏂᎦᏪᏍᎨᎢ; ᏗᏥᏁᏟᏴᎾ ᏕᏣᏓᏅᏛᎢ, ᎿᎭᏉᏰᏃ ᎦᎸᎳᏗ ᎡᎯ ᎤᎬᏫᏳᎯ ᎨᏒ ᎡᏍᎦᏂᏳ ᏓᏯᎢ.
3. ᎾᏍᎩ ᎯᎠ Ꮎ ᏥᎧᏁᎢᏍᏗᏍᎨ ᎠᏙᎴᎰᏍᎩ ᎢᏌᏯ, ᎯᎠ ᏥᏂᎦᏪᏍᎨᎢ; ᎤᏪᎷᎦ ᎩᎶ ᎢᎾᎨᎢ, ᎯᎠ ᏂᎦᏪᎭ; ᎣᏍᏛ ᏂᏨᎦ ᏱᎰᏩ ᎤᎶᎯᏍᏗᏱ, ᏚᏅᏅ ᏗᏥᏥᏃᎯᏍᏓ.
4. ᎾᏍᎩᏃ ᎯᎠ ᏣᏂ ᎤᏄᏪ ᎨᎻᎵ ᎤᏍᏘᏰᏅᎯ, ᎦᏃᏥᏃ ᎤᏓᏠᏍᏕᎢ, ᎤᎵᏍᏓᏴᏗᏃ ᎥᎴ ᎨᏎ ᎢᎾᎨᏃ ᎡᎯ ᏩᏚᎵᏏ.
5. ᎾᏉᏃ ᏫᎬᏩᎷᏤᎴ ᏥᎷᏏᎵᎻ ᎠᎴ ᏂᎦᏛ ᏧᏗᏱ, ᎠᎴ ᏂᎦᏛ ᎾᏅᎾᏛ ᏦᏓᏂ,
6. ᏦᏓᏂᏃ ᏕᎤᏬᎡᎢ, ᎠᏂᏃᎲᏍᎨ ᎤᏂᏍᎦᏅᏨᎢ.
7. ᎠᏎᏃ ᏚᎪᎲ ᎤᏂᏣᏘ ᎠᏂᏆᎵᏏ ᎠᎴ ᎠᏂᏌᏚᏏ ᎠᏂᎷᎬ ᏓᏓᏬᏍᎬᎢ, ᎯᎠ ᏂᏚᏪᎭᎴᎢ; Ᏺ! ᎢᎾᏛ ᏧᏁᏥ ᏂᎯ! ᎦᎪ ᎢᏤᏯᏔᏅ ᎡᏣᎵᎡᏗᏱ ᎤᏔᎳᏬᎯᏍᏗ ᏨᏣᎢ?
8. ᎢᏥᎾᏄᎪᏩᏲᎪ ᎠᏙᎴᎰᎯᏍᏙᏗ ᏕᏥᏁᏟᏴᏒ ᏕᏣᏓᏅᏛᎢ;
9. ᎠᎴ ᏝᏍᏗ ᎯᎠ ᏅᏓᏲᏥᏪᏏ ᎢᏤᎵᏒᎩ ᏙᏗᏣᏓᏅᏛᎢ; ᎡᏆᎭᎻ ᎣᎩᏙᏓ; ᎢᏨᏲᏎᏰᏃ ᎤᏁᎳᏅᎯ ᏰᎵᏉ ᎯᎠ ᏅᏯ ᏱᏕᎬᏓ ᏱᏕᎪᏢᎾ ᎡᏆᎭᎻ ᏧᏪᏥ.
10. ᎠᎴ ᎾᏍᏉ ᎦᏳᎳ ᎦᎷᏯᏍᏗ ᎠᎭ ᏚᎿᎭᏍᏕᏢ ᏕᏡᎬᎢ; ᎾᏍᎩᏃ ᏂᎦᏛ ᏕᏡᎬ ᎠᏃᏍᏛ ᎾᎾᏓᏛᏍᎬᎾ ᏗᎦᎴᏴᏍᏙᏗ ᎠᎴ ᎠᏥᎸᏱ ᏫᏓᏗᏅᏗ ᎨᏎᏍᏗ.
11. ᎠᏴ ᎤᏙᎯᏳᎯ ᎠᎹ ᏕᏨᏯᏬᏍᏗᎭ ᏗᏥᏁᏟᏴᏍᏗᏱ ᏕᏣᏓᏅᏛ ᎤᎬᏩᎵ; ᎠᏎᏃ ᎾᏍᎩ Ꮎ ᎣᏂ ᏨᏓᏯᎢ ᎤᏟᎯᏳ ᎤᎵᏂᎩᏗᏳ ᎡᏍᎦᏉ ᎠᏴ, ᏧᎳᏑᎶ ᎥᏝ ᏰᎵ ᏱᏂᎪᎢ ᏗᎩᏂᏓᏍᏗᏱ; ᎾᏍᎩᏍᎩᏂ ᎦᎸᏉᏗᏳ ᎠᏓᏅᏙ ᎠᎴ ᎠᏥᎸ ᏙᏓᏣᏬᏍᏔᏂ.
12. ᎾᏍᎩ ᎦᎳᏐᏫᏍᏗ ᎤᏤᎵᎦ ᎠᏰᎭ, ᎠᎴ ᏂᎦᏛ ᏓᎦᎳᏐᏫᏏ, ᎤᏤᎵᏃ ᎤᎦᏔᏔᏅᎯ ᏓᎦᏟᏌᏂ ᏛᏂ ᎠᏓᎾᏅᏗᏱ ᎤᏘᏴᎯᏍᎩᏂ ᏛᎪᎲᏍᏔᏂ ᏂᎬᏠᏍᎬᎾ ᎠᏥᎸᏱ.
13. ᎿᎭᏉᏃ ᏥᏌ ᎨᎵᎵ ᏧᎶᏎᎢ, ᏦᏓᏂ ᎤᎷᏤ ᏣᏂ ᎡᏙᎲᎢ ᎠᎦᏬᏍᏗᏱ ᎤᏰᎸᏎᎢ.
14. ᎠᏎᏃ ᏣᏂ ᏚᏢᏫᏎᎴᏉ, ᎯᎠ ᏄᏪᏎᎢ; ᎠᏴᏍᎩᏂ ᏱᏍᏆᏬᎥ; ᏥᎪᏃ ᎢᏍᎩᎷᏤᎭ?
15. ᏥᏌᏃ ᏧᏁᏨ ᎯᎠ ᏄᏪᏎᎴᎢ; ᎤᏁᎳᎩ ᎮᎳ ᎪᎯ ᎨᏒᎢ, ᎣᏏᏳᏰᏃ ᎾᏍᎩ ᎢᎩᎾᏛᏁᏗᏱ ᎩᏂᏍᏆᏗᏍᏗᏱ ᏂᎦᎥ ᏚᏳᎪᏛ ᎨᏒᎢ. ᎩᎳ ᎤᏁᎳᎩ ᎤᏪᎵᏎᎴᎢ.
16. ᏥᏌᏃ ᎠᎦᏬᎥ, ᎩᎳᏉ ᎢᏴᏛ ᎤᎿᎭᎷᏎᎢ, ᎠᎹᏱ ᎤᏓᏅᏎᎢ, ᎠᎴ ᎬᏂᏳᏉ ᎦᎸᎳᏗ ᏣᏥᏍᏚᎩᎡᎴᎢ, ᎠᎴ ᏭᎪᎮ ᎤᏁᎳᏅᎯ ᎤᏓᏅᏙ ᎡᎳᏗ ᏅᏧᏛᎿᎭᏗᏎ ᎫᎴ-ᏗᏍᎪᏂᎯ ᏗᏤᎵᏛ; ᎠᎴ ᎤᏪᏯᎸᏤᎢ.
17. ᎠᎴ ᎬᏂᏳᏉ ᎯᎠ ᏅᏧᏪᏎ ᎦᎸᎳᏗ; ᎯᎠ ᏥᎨᏳᎢ ᎠᏇᏥ, ᎾᏍᎩ ᎣᏏᏳ ᏥᏥᏰᎸᎠ.

== Matthew 4 ==
1. ᎿᎭᏉᏃ ᎠᏓᏅᏙ ᎢᎾᎨ ᏭᏘᏅᏍᏔᏁ ᏥᏌ, ᎠᏍᎩᎾ ᎤᎪᎵᏰᏗᏱ ᎠᏰᎸᏎᎢ.
2. ᏅᎦᏍᎪᎯᏃ ᏧᏙᏓᏆᏛ ᎠᎴ ᏅᎦᏍᎪᎯ ᏧᏒᎯᏛ ᎠᎹᏟ ᎤᏩᏅ ᎩᎳ ᎤᏲᏏᏌᏁᎢ
3. ᎿᎭᏉᏃ ᎤᎪᎵᏰᏍᎩ ᎤᎷᏤᎸ ᎯᎠ ᏄᏪᏎᎢ; ᎢᏳᏃ ᏂᎯ ᎤᏁᎳᏅᎯ ᎤᏪᏥ ᎨᏎᏍᏗ, ᎯᎠ ᏅᏯ ᎦᏚ ᎤᎾᏙᏢᏗᏱ ᎯᏁᎩ.
4. ᎠᏎᏃ ᎤᏁᏨ, ᎯᎠ ᏄᏪᏎᎢ; ᎯᎠ ᏂᎬᏅ ᎪᏪᎳ, ᏴᏫ ᎥᏝ ᎦᏚᏉ ᎤᏩᏒ ᏱᎬᎿᎭᏗᏍᏗ, ᏂᎦᎥᏍᎩᏂ ᎧᏃᎮᏛ ᎤᏁᎳᏅᎯ ᎠᎰᎵ ᏅᏓᏳᎾᏄᎪᏨᎯ.
5. ᎿᎭᏉᏃ ᎠᏍᎩᎾ ᎦᎸᏉᏗᏳ ᏗᎦᏚᎲ ᏭᏘᏅᏍᏔᏁᎢ, ᎠᎴ ᏭᎩᎸᏔᏁ ᎤᏍᎪᎵ ᎤᏛᏅ-ᏗᎦᎳᏫᎢᏍᏗᏱ;
6. ᎯᎠᏃ ᏄᏪᏎᎴᎢ; ᎢᏳᏃ ᏂᎯ ᎤᏁᎳᏅᎯ ᎤᏪᏥ ᎨᏎᏍᏗ, ᎭᏓᎶᎥᏓ ᏨᏒ; ᎯᎠᏰᏃ ᏂᎬᏅ ᎢᎪᏪᎳ; ᎠᏎ ᏙᏓᎧᏁᏤᎵ ᎫᏤᎵ ᏗᏂᎧᎿᎭᏩᏗᏙᎯ ᏂᏌ ᎨᏒ ᎤᎬᏩᎵ, ᎠᎴ ᏧᏃᏰᏂ ᎨᏣᏌᎳᏙᏕᏍᏗ ᎾᏍᎩ ᎢᎸᎯᏳ ᏅᏲᎯ ᏣᎾᏍᏆᎶᏍᏙᏗᏱ ᏂᎨᏒᎾ.
7. ᏥᏌ ᎯᎠ ᏄᏪᏎᎴᎢ; ᎯᎠ ᎾᏍᏉ ᏂᎬᏅ ᎢᎪᏪᎳ; ᏞᏍᏗ ᎯᎪᎵᏰᎥᎩ ᏱᎰᏩ ᏣᏁᎳᏅᎯ.
8. ᎿᎭᏆᎴ ᎠᏍᎩᎾ ᎤᏣᏘ ᎢᏅ-ᎢᎦᏘ ᎣᏓᎸ ᏫᎤᏘᏅᏍᏔᏁᎢ, ᎠᎴ ᏚᏎᎮᎴ ᏂᎦᎥ ᎠᏰᎵ ᏕᎪᏢᏩᏗᏒ ᎡᎳᏂᎬᎢ, ᎠᎴ ᎾᏍᎩ ᏂᏚᏬᏚᏒᎢ;
9. ᎠᎴ ᎯᎠ ᏄᏪᏎᎴᎢ; ᎯᎠ ᏂᎦᏛ ᏱᏕᎬᏲᎯᏏ, ᎢᏳᏃ ᏱᏣᏓᏅᏅ, ᎠᎴ ᏱᏍᏆᏓᏙᎵᏍᏓᏁᎸ.
10. ᎿᎭᏉᏃ ᏥᏌ ᎯᎠ ᏄᏪᏎᎴᎢ; ᎤᏟ ᏫᎶᎯ, ᏎᏓᏂ, ᎯᎠᏰᏃ ᏂᎬᏅ ᎢᎪᏪᎳ; ᎠᏎ ᎯᏯᏓᏙᎵᏍᏓᏁᎮᏍᏗ ᏱᎰᏩ ᏣᏁᎳᏅᎯ, ᎠᎴ ᎾᏍᎩᏉ ᎤᏩᏒᎯᏳ ᏕᎯᏯᏁᎶᏕᏍᏗ.
11. ᎩᎳᏃ ᎠᏍᎩᎾ ᎤᏓᏅᎡᎴᎢ, ᎬᏂᏳᏉᏃ ᏗᏂᎧᎿᎭᏩᏗᏙᎯ ᎤᏂᎷᏤᎢ, ᎠᎴ ᎬᏩᏍᏕᎸᎯᏙᎴᎢ.
12. ᏥᏌᏃ ᎤᏛᎦᏅ ᏣᏂ ᎠᏥᏍᏚᎲᎢ, ᎨᎵᎵ ᏭᎶᏎᎢ.
13. ᎾᏎᎵᏗᏃ ᎤᏓᏅᏒ ᎨᏆᏂ ᎨᎷᏤ ᎾᎿᎭᏭᏕᏁᎢ, ᎾᏍᎩ ᎥᏓᎵ ᎠᎹᏳᎶᏗ ᏥᎦᏚᎭ, ᏤᏆᎳᏂ ᎠᎴ ᏁᏩᏔᎵ ᎤᎾᏤᎵᎪᎯ,
14. ᎤᏙᎯᏳᏗᏱ ᎠᏙᎴᎰᏍᎩ ᎢᏌᏯ ᏧᏁᏤᎢ, ᎯᎠ ᏥᏄᏪᏎᎢ;
15. ᏤᏆᎳᏂ ᎤᎾᏤᎵᎪᎯ, ᎠᎴ ᏁᏩᏔᎵ ᎤᎾᏤᎵᎪᎯ, ᎢᏓᎵ ᎢᏗᏢ, ᏦᏓᏂ ᎤᏗᏗᏢ, ᎨᎵᎵ ᏧᎾᏓᎴᏅᏛ ᏴᏫ ᏓᏂᏁᎸᎢ,
16. ᏴᏫ ᎤᎵᏏᎬ ᏣᏂᏅᎩ ᎤᏣᏘ ᎢᎦᎦᏘ ᎤᏂᎪᎲ, ᎾᏃ ᎠᏲᎱᎯᏍᏗᏱ ᎨᏒ ᎤᏤᎵᎪᎯ ᎠᎴ ᎤᏓᏩᏗᏍᎬ ᏣᏂᏅᎩ, ᎢᎦᎦᏘ ᎤᏂᎾᏄᎪᏤᎸ.
17. ᎾᎯᏳ ᏥᏌ ᎤᎴᏅᎮ ᎠᎵᏥᏙᎲᏍᎨᎢ, ᎯᎠ ᏂᎦᏪᏍᎨᎢ; ᏗᏥᏁᏟᏴᎾ ᏕᏣᏓᏅᏛᎢ, ᎿᎭᏉᏰᏃ ᎦᎸᎳᏗ ᎡᎯ ᎤᎬᏫᏳᎯ ᎨᏒ ᎡᏍᎦᏂᏳ ᏓᏯᎢ.
18. ᏥᏌᏃ ᎠᎢᏒ ᎨᎵᎵ ᎥᏓᎷᎶᏗ ᏚᎪᎮ ᎠᏂᏔᎵ ᎠᎾᎵᏅᏟ, ᏌᏩᏂ ᏈᏓ ᏣᏃᏎᎰᎢ ᎤᏅᏟᏃ ᎡᏂᏗ, ᎥᏓᎵ ᎠᏂᎦᏯᎷᎥᏍᎨᎢ-ᎠᏂᎦᏯᎷᎥᏍᎩᏰᏃ ᎨᏎᎢ.
19. ᎯᎠᏃ ᏂᏚᏪᏎᎴᎢ; ᏍᎩᏂᏍᏓᏩᏚᎦ, ᏴᏫᏃ ᎢᏍᏗᎦᏯᎷᎥᏍᎩ ᏅᏓᏍᏛᏴᏁᎵ.
20. ᎩᎳᏉᏃ ᎢᏴᏛ ᏚᏂᏲᏎ ᏗᎦᏯᎷᏗ ᎠᎴ ᎬᏩᏍᏓᏩᏛᏎᎢ.
21. ᎾᎿᎭᏃ ᏫᎤᏪᏅ, ᎠᏂᏔᎵ ᏅᏩᎾᏓᎴ ᎠᎾᎵᏅᏟ ᏚᎪᎮᎢ, ᏥᎻ ᏤᏈᏗ ᎤᏪᏥ ᎤᏅᏟᏃ ᏣᏂ, ᏤᏈᏗ ᎤᏂᏙᏓ ᏥᏳᎯ ᎤᎾᏣᎡᎢ, ᏓᏃᏢᎯᏏᏍᎨ ᏧᏂᎦᏯᎷᏗ; ᏫᏚᏯᏅᎮᏃ.
22. ᎩᎳᏉᏃ ᎢᏴᏛ ᏚᏂᏲᏎ ᏥᏳ ᎠᎴ ᎤᏂᏙᏓ, ᎠᎴ ᎬᏩᏍᏓᏩᏛᏎᎢ.
23. ᏥᏌᏃ ᏂᎬᎾᏛ ᎨᎵᎵ ᎡᏙᎮᎢ ᏓᏕᏲᎲᏍᎨ ᏧᏂᎳᏫᎢᏍᏗᏱ, ᎠᎴ ᎠᎵᏥᏙᎲᏍᎨ ᎣᏍᏛ ᎧᏃᎮᏛ, ᎤᏁᎳᏅᎯ ᎤᎬᏫᏳᎯ ᎨᏒ ᎧᏃᎮᏍᎨᎢ, ᎠᎴ ᏕᎧᏅᏫᏍᎨ ᏧᎵᎴᏅᏛ ᏚᏂᏢᎬᎢ, ᎠᎴ ᏧᏓᎴᏅᏛ ᎥᏳᎩ ᏴᏫ ᎤᏁᎲᎢ.
24. ᏕᎦᏃᏣᎸᏃ ᏂᎬᎾᏛ ᏏᎵᏱ ᎤᏰᎵᏎᎢ; ᏕᎬᏩᏘᏃᎮᎴᏃ ᏂᎦᏛ ᏧᏂᏢᎩ, ᏧᏓᎴᏅᏛ ᎥᏳᎩ ᎠᎴ ᎡᎯᏍᏗ ᎤᏂᏱᎵᏙᎯ, ᎠᎴ ᎾᏍᏉ ᎠᏂᏍᎩᎾ ᏗᎬᏩᏂᏯᎢ, ᎠᎴ ᎾᏍᏉ ᏧᏂᎸᏃᏘᏍᎩ, ᎠᎴ ᎾᏍᏉ ᏧᏂᎾᏫᏍᎩ; ᏚᏅᏩᏁᏃ.
25. ᎤᏂᏣᏘᏃ ᏴᏫ ᎬᏩᏍᏓᏩᏛᏎᎢ ᏅᏓᏳᏂᎶᏒᎯ ᎨᎵᎵ, ᎠᏍᎪᎯᏃ-ᎦᏚᎩᏱ, ᎠᎴ ᏥᎷᏏᎵᎻ, ᎠᎴ ᏧᏗᏱ, ᎠᎴ ᏦᏓᏂ ᏍᎪᏂᏗᏢ.

== Matthew 5 ==
1. ᎤᏂᏣᏘᏃ ᏫᏚᎪᎲ ᎤᏌᎯᎸ ᎤᎿᎭᎷᏎᎢ, ᎤᏪᏅᏃ ᎬᏩᏍᏓᏩᏗᏙᎯ ᎬᏩᎷᏤᎴᎢ.
2. ᎠᎰᎵᏃ ᎤᏍᏚᎢᏒ ᏚᏪᏲᏁ ᎯᎠ ᏄᏪᏎᎢ;
3. ᎣᏏᏳ ᎢᏳᎾᎵᏍᏓᏁᏗ ᎤᏲ ᎢᏳᎾᏛᎿᎭᏕᎩ ᏚᎾᏓᏅᏛᎢ; ᎤᎾᏤᎵᏰᏃ ᎦᎸᎳᏗ ᎡᎯ ᎤᎬᏫᏳᎯ ᎨᏒᎢ.
4. ᎣᏏᏳ ᎢᏳᎾᎵᏍᏓᏁᏗ ᎤᏲ ᎤᎾᏓᏅᏔᏩᏕᎩ, ᏛᎨᏥᏄᏬᎯᏍᏔᏂᏰᏃ.
5. ᎣᏏᏳ ᎢᏳᎾᎵᏍᏓᏁᏗ ᎤᎾᏓᏅᏘ, ᎦᏙᎯᏰᏃ ᎤᎾᏤᎵ ᎢᏳᎵᏍᏙᏗ.
6. ᎣᏏᏳ ᎢᏳᎾᎵᏍᏓᏁᏗ ᎤᏂᏲᏏᏍᎩ ᎠᎴ ᎤᏂᏔᏕᎩᏍᎩ ᎤᎾᏓᏅᏘ ᎢᏳᎾᎵᏍᏙᏗᏱ; ᏛᎨᏥᎧᎵᎵᏰᏃ.
7. ᎣᏏᏳ ᎢᏳᎾᎵᏍᏓᏁᏗ ᎤᎾᏓᏙᎵᏣᏘ, ᏛᎨᏥᏙᎵᏥᏰᏃ.
8. ᎣᏏᏳ ᎢᏳᎾᎵᏍᏓᏁᏗ ᏧᏓᏅᎦᎸᏛ ᏧᏂᎾᏫ, ᎤᏁᎳᏅᎯᏰᏃ ᎤᏂᎪᏩᏛᏗ;
9. ᎣᏏᏳ ᎢᏳᎾᎵᏍᏓᏁᏗ ᎠᏃᎯᏍᏗᏍᎩ, ᎤᏁᎳᏅᎯᏰᏃ ᏧᏪᏥ ᏛᎨᎪᏎᎵ.
10. ᎣᏏᏳ ᎢᏳᎾᎵᏍᏓᏁᏗ ᎤᏲ ᎢᎨᎬᎾᏕᎩ ᏚᏳᎪᏛ ᎨᏒ ᎤᏂᏍᏛᏗᏍᎩ, ᎤᎾᏤᎵᏰᏃ ᎦᎸᎳᏗ ᎡᎯ ᎤᎬᏫᏳᎯ ᎨᏒᎢ.
11. ᎣᏏᏳ ᎢᏣᎵᏍᏓᏁᏗ ᎢᏳᏃ ᏴᏫ ᎤᏐᏅ ᏂᎨᏥᏪᏎᎮᏍᏗ ᎠᎴ ᎤᏲ ᏂᎨᏨᏁᎮᏍᏗ, ᎠᎴ ᏂᎦᎥ ᏧᏓᎴᏅᏛ ᎤᏐᏅ ᎦᏰᎪᎩ ᎨᏥᏃᎮᏍᎨᏍᏗ ᎠᏴ ᎨᏒ ᎢᏥᏍᏛᏗᏍᎨᏍᏗ.
12. ᎢᏣᎵᎮᎵᎨᏍᏗ ᎠᎴ ᎤᏣᏔᏅᎯ ᎣᏍᏛ ᎢᏣᏓᏅᏖᏍᏗ, ᎤᏣᏘᏰᏃ ᎡᏣᎫᏴᎡᏗ ᎦᎸᎳᏗ; ᎾᏍᎩᏯᏰᏃ ᎤᏥ ᏂᏚᏅᏁᎸᎩ ᎠᎾᏙᎴᎰᏍᎩ ᎢᎬᏱ ᏥᏂᎨᏤᏅᎡᎸ.
13. ᏂᎯ ᎠᎹ ᎡᎶᎯ ᎤᏤᎵᎦ; ᎢᏳᏍᎩᏂ ᎠᎹ ᏳᏥᏍᎪᎸ ᎦᏙ ᏱᎦᎵᏍᏙᏓ ᎠᎹ ᏯᏙᏢᎾ; ᎥᏝ ᎿᎭᏉ ᎪᎱᏍᏗ ᎬᏙᏗ ᏱᎦᎩ, ᎠᏗᏅᏗᏉ ᎤᏩᏒ, ᎠᎴ ᏴᏫᏉ ᎤᎾᎳᏍᏓᎡᏗ.
14. ᏂᎯ ᎢᎦ ᎢᏣᏘᏍᏗᏍᎩ ᎡᎶᎯ. ᎦᏚᎲ ᎤᏌᎯᎸ ᏥᎦᎧᎰᎢ ᎥᏝ ᏰᎵ ᏴᎦᏰᎬᏍᎦᎸᎦ.
15. ᎥᏝ ᎠᎴ ᏴᏫ ᎠᏂᏨᏍᏛᎦ ᎠᏨᏍᏙᏗ ᎠᏟᎶᏍᏗ ᏯᏄᏢᏗᏍᎪᎢ, ᎦᎪᏗᏱᏍᎩᏂ ᎠᏂᎧᎲᏍᎪᎢ, ᎢᎦᏃ ᎤᎾᏘᏍᏓᏁᎰ ᏂᎦᏛ ᎦᎵᏦᏕ ᎠᏂᏯᎢ.
16. ᎢᎦ ᎢᏣᏘᏍᏗᏍᎬ ᏚᏂᎸᏌᏓᏕᎮᏍᏗ ᏴᏫ, ᎾᏍᎩᏃ ᎣᏍᏛ ᏕᏥᎸᏫᏍᏓᏁᎲ ᎠᏂᎪᏩᏘᏍᎨᏍᏗ, ᎠᎴ ᎠᏂᎸᏉᏗᏍᎨᏍᏗ ᎢᏥᏙᏓ ᎦᎸᎳᏗ ᎡᎯ.
17. ᏞᏍᏗ ᏗᎧᎿᎭᏩᏛᏍᏗ ᎠᎴ ᎠᎾᏙᎴᎰᏍᎩ ᏚᏲᏍᏔᏂᎸ ᏱᏍᎩᏰᎵᏎᎮᏍᏗ; ᎥᏝᏍᎩᏂ ᏱᏓᎩᏲᏍᏔᏂᎸ, ᏓᎩᎧᎵᎵᎸᏍᎩᏂ.
18. ᎤᏙᎯᏳᎯᏯᏰᏃ ᎯᎠ ᏂᏨᏪᏎᎭ, ᎬᏂ ᎦᎸᎶᎢ ᎠᎴ ᎡᎶᎯ ᎠᏂᎶᏐᏅᎭ ᏌᏉ ᎤᏍᏗ ᎠᎴ ᏌᏉ ᏭᏍᏗᎬ ᏗᎧᎿᎭᏩᏛᏍᏗ ᎥᏝ ᏴᎦᎶᎯ ᎬᏂ ᏂᎦᏗᏳ ᎠᎧᎵᏨᎭ.
19. ᎾᏍᎩ ᎢᏳᏍᏗ ᎩᎶ ᎠᏲᏍᏗᏍᎨᏍᏗ ᏌᏉ ᎯᎠ ᎤᏍᏗᎧᏂ ᎤᎵᏁᏨᎢ, ᎠᎴ ᎾᏍᎩ ᏄᏍᏕᏍᏗ ᏴᏫ ᏕᎨᏲᎲᏍᎨᏍᏗ, ᎾᏍᎩ ᎤᏍᏗᎧᏂ ᎠᎪᏎᎮᏍᏗ ᎦᎸᎳᏗ ᎡᎯ ᎤᎬᏫᏳᎯ ᎨᏒᎢ; ᎩᎶᏍᎩᏂ ᏓᎧᎿᎭᏩᏕᎨᏍᏗ, ᎠᎴ ᎾᏍᎩ ᏄᏍᏕᏍᏗ ᏓᏕᏲᎲᏍᎨᏍᏗ, ᎦᎸᏉᏗᏳ ᎠᎪᏎᎮᏍᏗ ᎦᎸᎳᏗ ᎡᎯ ᎤᎬᏫᏳᎯ ᎨᏒᎢ.
20. ᎯᎠᏰᏃ ᏂᏨᏪᏎᎭ, ᎢᏨᏃ ᎾᏍᎩ ᎢᏣᏓᏅᏘ ᎨᏒ ᏂᏗᏥᎪᎾᏛᏔᏅᎾ ᎢᎨᏎᏍᏗ ᏗᏃᏪᎵᏍᎩ ᎠᎴ ᎠᏂᏆᎵᏏ, ᎥᏝ ᎦᎸᎳᏗ ᎡᎯ ᎤᎬᏫᏳᎯ ᎨᏒ ᏴᎨᏥᏴᎭ.
21. ᎢᏣᏛᎦᏅᎯ ᎢᎩ ᎯᎠ ᏥᏂᎨᏥᏪᏎᎴ ᎡᏘ ᏣᏁᎮᎢ; ᏞᏍᏗ ᏣᏓᎸᎩ; ᎠᎴ ᎩᎶ ᎠᏓᎯᎮᏍᏗ ᎬᏩᏍᏛᏗᏍᏗ ᎨᏎᏍᏗ ᏗᏄᎪᏗᏍᎩᏱ.
22. ᎠᏎᏃ ᎠᏴ ᎯᎠ ᏂᏨᏪᏎᎭ; ᎩᎶ ᏗᎾᏓᏅᏟ ᎠᏍᎦᎨᏍᏗ ᎪᎱᏍᏗ ᏄᏍᏛᏗᏍᎬᎾ ᎢᎨᏎᏍᏗ, ᎬᏩᏍᏛᏗᏍᏗ ᎨᏎᏍᏗ ᏗᏄᎪᏗᏍᎩᏱ; ᎩᎶᏃ ᏗᎾᏓᏅᏟ ᏂᏣᏓᏅᏛᎾ ᎢᎪᏎᎮᏍᏗ, ᏕᎦᎳᏫᎥ ᎬᏩᏍᏛᏗᏍᏗ ᎨᏎᏍᏗ; ᎩᎶᏃ ᏣᏁᎫ ᎢᎪᏎᎮᏍᏗ, ᎬᏩᏍᏛᏗᏍᏗ ᎨᏎᏍᏗ ᏨᏍᎩᏃ ᎠᏥᎸᏱ.
23. ᎾᏍᎩ ᎢᏳᏍᏗ ᎢᏳᏃ ᎠᏥᎸᎨᎳᏍᏗᏱ ᎯᏲᎯᎮᏍᏗ ᏣᏓᏁᏗ, ᎾᎿᎭᏃ ᎢᎭᏅᏓᏗᏍᎨᏍᏗ ᏗᏍᏓᏓᏅᏟ ᎪᎱᏍᏗ ᏤᎵᏎᎲᎢ,
24. ᎾᎿᎭᎠᏥᎸ-ᎨᎳᏍᏗᏱ ᎯᎯᏯᏍᎨᏍᏗ ᏣᏓᏁᏗ ᎠᎴ ᎭᏓᏅᏍᎨᏍᏗ, ᎢᎬᏱ ᎣᏍᏛ ᏂᏍᏛᏁᎮᏍᏗ ᏗᏍᏓᏓᏅᏟ; ᎩᎳᏃ ᎯᎷᎨᏍᏗ ᎭᎵᏍᎪᎸᏗᏍᎨᏍᏗ ᏣᏓᏁᏗ.
25. ᏄᎳᏉ ᎣᏍᏛ ᏂᏍᏛ ᏣᏱᎵᏙᎯ, ᎠᏏᏉ ᎢᏍᏓᎢᏒᎢ, ᏗᎫᎪᏗᏍᎩᏱᎾᏏ ᏫᏱᏣᎧᎲᎦ ᏣᏱᎵᏙᎯ, ᏗᎫᎪᏗᏍᎩᏃ ᏗᏓᏂᏱᏍᎩᏱ ᏫᏱᏣᎧᎲᎦ, ᎠᎴ ᏗᏓᏍᏚᏗᏱ ᏱᏪᏣᏴᏓ.
26. ᎤᏙᎯᏳᎯᏯ ᎯᎠ ᏂᎬᏪᏎᎭ, ᎥᏝ ᏴᏛᎦᎯᏄᎪᎢ, ᎬᏂ ᎤᎵᏍᏆᎸᏗ ᎠᏰᎵᎢᏯᏓᏅᏖᏗ ᎭᎫᏴᎲᎭ.
27. ᎢᏣᏛᎦᏅᎯ ᎢᎩ ᎯᎠ ᏥᏂᎨᏥᏪᏎᎴ ᎡᏘ ᏣᏁᎮᎢ; ᏞᏍᏗ ᏣᏓᏲᏁᎸᎩ.
28. ᎠᏎᏃ ᎠᏴ ᎯᎠ ᏂᏨᏪᏎᎭ; ᎩᎶ ᎠᎨᏴ ᏓᎧᏂᏍᎨᏍᏗ ᏧᎾᏂᏏᏗᏱ ᎤᏚᎵᏍᎨᏍᏗ, ᎦᏳᎳ ᎤᏓᏲᏁᎸᎯ ᎨᏎᏍᏗ ᏧᏓᏅᏛᎢ.
29. ᎢᏳᏃ ᎯᎦᏙᎵ ᎯᎦᏘᏏ ᏕᏦᏕᏍᏗᏍᎨᏍᏗ, ᎭᏓᎦᏖᏙᎢᏍᎨᏍᏗ, ᎠᎴ ᏣᏕᎨᏍᏗ; ᎣᏏᏳᏰᏃ ᎢᏣᎵᏍᏓᏁᏗ ᏌᏉᏉ ᏣᎵᎬᎭᎸᏛ ᏱᏣᏲᎱᏎᎭ, ᎠᏃ ᎤᏃᏍᏛ ᎯᏰᎸ ᏨᏍᎩᏃ ᏫᏰᏣᏓᎢᏁᎭ.
30. ᎢᏳᏃ ᏦᏰᏂ ᎯᎦᏘᏏ ᏕᏦᏕᏍᏗᏍᎨᏍᏗ, ᎯᏍᏆᎵᏍᎨᏍᏗ, ᎠᎴ ᏣᏕᎨᏍᏗ; ᎣᏏᏳᏰᏃ ᎢᏣᎵᏍᏓᏁᏗ ᏌᏉᏉ ᏣᎵᎬᎭᎸᏛ ᏱᏣᏲᎱᏎᎭ, ᎠᏃ ᎤᏃᏍᏛ ᎯᏰᎸ ᏨᏍᎩᏃ ᏫᏰᏣᏓᎢᏁᎭ.
31. ᎯᎠ ᎢᎦᏪᏛ ᎢᎩ; ᎩᎶ ᎤᏓᎵᎢ ᎢᎦᎧᎲᏍᎨᏍᏗ, ᎦᏅᏁᎮᏍᏗ ᎪᏪᎵ ᎾᏍᎩ ᏚᎾᎦᎴᏅᎲᎢ.
32. ᎠᏎᏃ ᎠᏴ ᎯᎠ ᏂᏨᏪᏎᎭ; ᎩᎶ ᎤᏓᎵᎢ ᎢᎦᎧᎲᏍᎨᏍᏗ, ᏧᏂᏏᏅᎯᏍᎩᏂᏃᏅ ᎢᎨᏎᏍᏗ, ᎤᏓᏲᏁᏗᏱᏉ ᏂᎬᏂᏌᏁᎮᏍᏗ; ᎩᎶᏃ ᎠᏥᎧᏅᎯ ᎠᏓᏰᎨᏍᏗ ᎠᏓᏲᏁᎮᏍᏗ.
33. ᎠᎴ ᎢᏣᏛᎦᏅᎯ ᎢᎩ ᎯᎠ ᏥᏂᎨᏥᏪᏎᎴ ᎡᏘ ᏣᏁᎮᎢ; ᏞᏍᏗ ᏣᏲᏍᏔᏅ ᏣᏎᎵᏔᏅᎢ, ᏱᎰᏩᏍᎩᏂ ᏂᏯᏛᏁᎮᏍᏗ ᏄᏍᏛ ᏣᏁᏨᎢ.
34. ᎠᏎᏃ ᎠᏴ ᎯᎠ ᏂᏨᏪᏎᎭ; ᏞᏍᏗ ᏱᏣᏎᎵᏔᏁᏍᏗ ᏱᏣᏁᎢᏍᏔᏁᏍᏗ ᎪᎱᏍᏗ, ᏞᏍᏗ ᎦᎸᎳᏗ ᏱᏣᏁᎢᏍᏔᏁᏍᏗ, ᎤᏁᎳᏅᎯᏰᏃ ᎤᏪᏗᏱ ᎾᏍᎩ;
35. ᏞᏍᏗ ᎠᎴ ᎡᎶᎯ, ᏧᎳᏏᏗᏱᏰᏃ ᎾᏍᎩ; ᎠᎴ ᏥᎷᏏᎵᎻ, ᎾᏍᎩᏰᏃ ᎠᏥᎸᏉᏗ ᎤᎬᏫᏳᎯ ᎤᏤᎵ ᎦᏚᎲᎢ;
36. ᏞᏍᏗ ᎠᎴ ᎯᏍᎪᎵ ᏱᏣᏁᎢᏍᏔᏁᏍᏗ, ᏝᏰᏃ ᏰᎵ ᏌᏉ ᎩᏢ ᎤᏁᎬ ᎠᎴ ᎬᎿᎭᎨ ᏱᏅᎦᎲᎦ.
37. ᎢᏥᏁᎬᏍᎩᏂ ᎯᎠ ᏄᏍᏕᏍᏗ, ᎥᎥ, ᎥᎥ; ᎥᏝ, ᎥᏝ; ᎤᏟᏰᏃ ᏥᏂᎦᎣ ᎤᏲᏉ ᎨᏒ ᏗᏓᎴᏂᏍᎪᎢ.
38. ᎢᏣᏛᎦᏅᎯ ᎢᎩ ᎯᎠ ᎢᎦᏪᏛ ᎨᏒᎢ, ᎠᎦᏔ ᎠᎦᏔᏉ ᏓᎬᏩᎸᏍᎨᏍᏗ, ᎧᏳᎦᏃ ᎧᏳᎦᏉ ᏓᎬᏩᎸᏍᎨᏍᏗ.
39. ᎠᏎᏃ ᎠᏴ ᎯᎠ ᏂᏣᏪᏎᎭ; ᏞᏍᏗ ᏱᏣᏞᎨᏍᏗ ᎤᏐᏅ ᏁᏨᏁᎸᎢ; ᎩᎶᏍᎩᏂ ᎯᎦᏘᏏ ᏣᎪᏇᎷᎲᏍᎨᏍᏗ, ᏐᎢ ᎾᏍᏉ ᎯᏯᎵᏍᎪᎸᏓᏁᎮᏍᏗ.
40. ᎩᎶᏃ ᎤᏚᎵᏍᎨᏍᏗ ᏣᏱᎵᏓᏍᏗᏱ, ᎠᎴ ᏣᎾᎡᏗᏱ ᎭᏫᏂ ᏣᏄᏬ, ᎤᏛᏃᎯ ᎾᏍᏉ ᎯᏅᏁᎮᏍᏗ.
41. ᎩᎶᏃ ᏑᏟᎶᏛ ᎢᏍᏕᏅᏍᏗᏱ ᏂᏨᏁᎮᏍᏗ, ᏔᎵ ᎢᏳᏟᎶᏛ ᎢᏍᏕᎨᏍᏗ.
42. ᏣᏔᏲᏎᎯ ᎯᏁᎮᏍᏗ, ᏣᏙᎸᎡᏗᏱᏃ ᎤᏚᎵᏍᎩ ᏞᏍᏗ ᎢᏴᏛ ᎢᎯᏯᏛᏁᎸᎩ.
43. ᎢᏣᏛᎦᏅᎯ ᎢᎩ ᎯᎠ ᎢᎦᏪᏛ ᎨᏒᎢ; ᎯᎨᏳᏎᏍᏗ ᎾᎥ ᎢᏗᏍᏓᏓᎳ, ᎯᏍᎦᎨᏍᏗᏃ ᏣᏍᎦᎩ.
44. ᎠᏎᏃ ᎠᏴ ᎯᎠ ᏂᏨᏪᏎᎭ; ᏕᏥᎨᏳᏎᏍᏗ ᎨᏥᏍᎦᎩ; ᎣᏍᏛ ᏕᏥᏁᏤᎮᏍᏗ ᎨᏥᏍᎩᏅᏗᏍᎩ, ᎣᏍᏛ ᏂᏕᏣᏛᏁᎮᏍᏗ ᎨᏥᏂᏆᏘᎯ, ᎠᎴ ᎣᏍᏛ ᎢᏳᎾᎵᏍᏓᏁᏗᏱ ᎢᏣᏓᏙᎵᏍᏗᏍᎨᏍᏗ ᎦᏰᎪᎩ ᎨᏥᏃᎮᏍᎩ ᎠᎴ ᎤᏲ ᎢᎨᏨᏁᎯ.
45. ᎾᏍᎩᏃ ᎦᎸᎳᏗ ᎡᎯ ᎢᏥᏙᏓ ᏧᏪᏥ ᏂᏣᎵᏍᏗᏍᎨᏍᏗ; ᎾᏍᎩᏰᏃ ᎤᏤᎵ ᏅᏙ ᏕᎦᎾᏄᎪᏫᏎᎰ ᎤᏂᏲ ᎠᎴ ᎠᏃᏍᏛ, ᎠᎴ ᏓᎦᏅᏓᏁᎰ ᎤᎾᏓᏅᏘ ᎠᎴ ᎤᏂᏁᎫᏥᏛ.
46. ᎢᏳᏰᏃ ᏱᏗᏥᎨᏳᎭ ᎨᏥᎨᏳᎯ, ᎦᏙ ᏰᏣᎫᏴᏓᏏ? ᏝᏍᎪ ᎾᏍᎩ ᏱᎾᎾᏛᏁᎰ ᎠᏰᎵ-ᎠᏕᎸ ᎠᏂᎩᏏᏙᎯ?
47. ᎢᏳ ᎠᎴ ᎢᏣᏓᏅᏟᏉ ᎤᏅᏒ ᏱᏗᏥᏲᎵᎭ, ᎦᏙ ᎢᏣᏛᏁᎲ ᏕᏥᎪᎾᏛᏗ ᎠᏂᏐᎢ? ᏝᏍᎪ ᎾᏍᎩ ᏱᎾᎾᏛᏁᎰ ᎠᏰᎵ-ᎠᏕᎸ ᎠᏂᎩᏏᏙᎯ?
48. ᏂᎯᏍᎩᏂ ᏂᏥᏍᎦᏅᎾ ᎨᏎᏍᏗ ᎾᏍᎩᏯ ᎢᏥᏙᏓ ᎦᎸᎳᏗ ᎡᎯ ᎾᏍᎦᏅᎾ ᏥᎩ.

== Matthew 6 ==
1. ᎢᏤᏯᏔᎮᏍᏗ ᏞᏍᏗ ᏱᏣᏓᏁᎮᏍᏗ ᎠᏂᎦᏔᎲ ᏴᏫ ᎨᏥᎪᏩᏛᏗᏱᏉ ᏱᏥᏰᎸᏍᎨᏍᏗ, ᎢᏳᏰᏃ ᎾᏍᎩᏉ ᏱᏄᏍᏗ ᎥᏝ ᏴᎨᏣᎫᏴᏏ ᎢᏥᏙᏓ ᎦᎸᎳᏗ ᎡᎯ.
2. ᎾᏍᎩ ᎢᏳᏍᏗ ᎢᏳᏃ ᎭᏓᏁᎮᏍᏗ ᏞᏍᏗ ᎠᏤᎷᎩ ᎢᎬᏱ ᏫᏱᏃᏴᎵᏍᏗᏍᎨᏍᏗ ᎾᏍᎩ ᏥᎾᎾᏛᏁᎰ ᎤᎾᏠᎾᏍᏗ ᏧᎳᏫᎢᏍᏗᏱ ᎠᎴ ᎡᎾᎢᏓᏍᏗᏱ ᏕᎦᎳᏅᏛᎢ, ᏴᏫᏉ ᎬᏩᏂᎸᏉᏙᏗᏱ ᏧᏂᏰᎸᏐᎢ; ᎤᏙᎯᏳᎯᏯ ᎢᏨᏲᏎᎭ, ᎨᎦᎫᏴᎡᎸ.
3. ᏂᎯᏍᎩᏂ ᎭᏓᏁᎮᏍᏗ ᏞᏍᏗ ᏦᏰᏂ ᎯᎦᏍᎦᏂ ᎤᏙᎴᎰᏒ ᎯᎦᏘᏏ ᏦᏰᏂ ᎾᏛᏁᎲᎢ.
4. ᎾᏍᎩᏃ ᎭᏓᏁᎲ ᎤᏕᎵᏒ ᎨᏎᏍᏗ, ᏣᏙᏓᏃ ᎤᏕᎵᏒ ᎠᎪᏩᏘᏍᎩ ᎤᏩᏒ ᎠᏎ ᏣᎫᏴᎡᏗ ᎨᏎᏍᏗ ᎬᏂᎨᏒᎢ.
5. ᎢᏳ ᎠᎴ ᎭᏓᏙᎵᏍᏗᏍᎨᏍᏗ, ᎠᎭ ᏞᏍᏗ ᏄᎾᏍᏛ ᎤᎾᏠᎾᏍᏗ ᏱᏂᏣᏍᏕᏍᏗ; ᎾᏍᎩᏰᏃ ᎣᏐ ᎤᏂᏰᎸᏐ ᎤᎾᏓᏙᎵᏍᏙᏗᏱ ᎤᎾᎴᏗᏱ ᏗᎦᎳᏫᎢᏍᏗᏱ ᎠᎴ ᏚᏅᏏᏯᏅ ᏕᎦᎳᏅᏛ ᎡᎾᎢᏓᏍᏗᏱ, ᏴᏫᏉ ᎬᏩᏂᎪᏩᏛᏗᏱ ᎤᎾᏚᎵᏍᎪᎢ. ᎤᏙᎯᏳᎯᏯ ᎢᏨᏲᏎᎭ, ᎨᎦᎫᏴᎡᎸ.
6. ᏂᎯᏍᎩᏂ ᎢᏳᏃ ᏔᏓᏙᎵᏍᏔᏂᏎᏍᏗ ᏫᏴᎯᎮᏍᏗ ᎧᏅᏑᎸᎢ, ᎿᎭᏉᏃ ᏣᏍᏚᏁᏍᏗ ᎦᎶᎯᏍᏗᏱ, ᎯᏯᏓᏙᎵᏍᏓᏁᎮᏍᏗ ᏣᏙᏓ ᎤᏕᎵᏒ ᎡᎯ, ᏣᏙᎵᏃ ᎤᏕᎵᏒ ᎠᎪᏩᏘᏍᎩ ᎠᏎ ᏣᎫᏴᎡᏗ ᎨᏎᏍᏗ ᎬᏂᎨᏒᎢ.
7. ᎠᏎᏃ ᎢᏣᏓᏙᎵᏍᏗᏍᎨᏍᏗ ᏞᏍᏗ ᎠᏎᏉ ᏱᏨᎫᏘᎶᏍᎨᏍᏗ ᎾᏍᎩ ᏥᎾᎾᏛᏁᎰ ᏧᎾᏓᎴᏅᏛ ᏴᏫ; ᎤᏣᏘᏰᏃ ᎣᏥᏁᎬ ᎤᏓᎦᎵᏍᏙᏔᏂ ᏓᏲᎦᏛᎦᏁᎵ ᎠᏁᎵᏍᎪᎢ.
8. ᏂᎯᏍᎩᏂ ᏞᏍᏗ ᎾᏍᎩ ᏄᎾᏍᏛ ᏱᏂᏣᏍᏕᏍᏗ, ᎢᏥᏙᏓᏰᏃ ᎠᎦᏔᎰ ᎢᏳᏍᏗ ᎢᏥᏂᎬᎬ ᎠᏏᏉ ᏁᏥᏔᏲᏎᎸᎾ ᏥᎨᏐᎢ.
9. ᏂᎯᏍᎩᏂ ᎢᏣᏓᏙᎵᏍᏗᏍᎬ ᎯᎠ ᏄᏍᏕᏍᏗ; ᎣᎩᏙᏓ ᎦᎸᎳᏗ ᎨᎯ, ᎦᎸᏉᏗᏳ ᎨᏎᏍᏗ ᏕᏣᏙᎥᎢ.
10. ᏣᎬᏫᏳᎯ ᎨᏒ ᏫᎦᎾᏄᎪᎢ. ᎠᏂ ᎡᎶᎯ ᏫᏂᎦᎵᏍᏓ ᎭᏓᏅᏖᏍᎬᎢ, ᎾᏍᎩᏯ ᎦᎸᎳᏗ ᏥᏂᎦᎵᏍᏗᎭ.
11. ᏂᏓᏙᏓᏈᏒ ᎣᎦᎵᏍᏓᏴᏗ ᏍᎩᎥᏏ ᎪᎯ ᎢᎦ.
12. ᏗᎨᏍᎩᎥᏏᏉᏃ ᏕᏍᎩᏚᎬᎢ, ᎾᏍᎩᏯ ᏥᏗᎦᏲᏥᏁᎰ ᏦᏥᏚᎩ.
13. ᎠᎴ ᏞᏍᏗ ᎤᏓᎪᎵᏰᏗᏱ ᎨᏒ ᏫᏗᏍᎩᏯᏘᏅᏍᏔᏅᎩ, ᏍᎩᏳᏓᎴᏍᎨᏍᏗᏉᏍᎩᏂ ᎤᏥ ᎨᏒᎢ. ᏣᏤᎵᎦᏰᏃ ᏣᎬᏫᏳᎯ ᎨᏒᎢ, ᎠᎴ ᏣᎵᏂᎩᏗᏱ ᎨᏒᎢ, ᎠᎴ ᎡᏣᎸᏉᏗᏳ ᎨᏒ ᏂᎪᎯᎸᎢ. ᎡᎺᏅ.
14. ᎢᏳᏰᏃ ᏴᏫ ᎨᏥᏍᎦᏅᏤᎲ ᏱᏗᎨᏥᏁᎭ, ᎾᏍᏉ ᎢᏥᏙᏓ ᎦᎸᎳᏗ ᎡᎯ ᎢᏥᏙᎵᏍᏗ ᎨᏎᏍᏗ.
15. ᎢᏳᏍᎩᏂ ᏂᏗᎨᏥᏁᎲᎾ ᏱᎩ ᏴᏫ ᎨᏥᏍᎦᏅᏤᎲᎢ, ᎾᏍᏉ ᎢᏥᏙᏓ ᎥᏝ ᏱᏙᎨᏥᎲᏏ ᎢᏥᏍᎦᏅᏨᎢ.
16. ᎠᎴ ᎾᏍᏉ ᎠᎹᏟ ᎢᏨᏍᎨᏍᏗ, ᏞᏍᏗ ᏅᎾᏠᎾᏍᏗ ᏄᎾᏍᏛ ᏱᏂᏣᏍᏕᏍᏗ, ᎤᎾᏓᏙᎵᏍᏗ ᏥᎨᏐ ᏗᎧᏃᏗᏱ, ᏂᏓᏤᎸᎾᏰᏃ ᏂᏓᏅᏁᎰ ᏚᎾᎧᏛᎢ, ᏴᏫᏉ ᎤᎾᏙᎴᎰᎯᏍᏗᏱ ᎤᎾᏚᎵᏍᎪ ᎠᎹᏟ ᎠᏅᏍᎬᎢ. ᎤᏙᎯᏳᎯᏯ ᏂᏨᏪᏎᎭ ᎨᎦᎫᏴᎡᎸ.
17. ᏂᎯᏍᎩᏂ ᎠᎹᏟ ᎲᏍᎨᏍᏗ, ᎭᏠᏁᏍᎨᏍᏗ, ᎠᎴ ᎭᎬᏍᏉᏍᎨᏍᏗ,
18. ᎾᏍᎩ ᏞᏍᏗ ᏴᏫᏉ ᎨᏣᏙᎴᎰᎯᏎᏗᏱ ᏱᏣᏰᎵᏎᏍᏗ ᎠᎹᏟ ᏨᏒᎢ, ᏣᏙᏓᏍᎩᏂ ᎤᏕᎵᏒ ᎡᎯ, ᏣᏙᏓᏃ ᎤᏕᎵᏒ ᎠᎪᏩᏘᏍᎩ, ᎠᏎ ᏣᎫᏴᎡᏗ ᎬᏂᎨᏒᎢ.
19. ᏞᏍᏗ ᏧᎬᏩᎶᏗ ᎡᎶᎯ ᏱᏥᏟᏏᏍᎨᏍᏗ, ᏥᏍᎪᏴ ᎠᎴ ᎠᏯᏍᏜᏓᏗᏍᎩ ᎤᏂᏲᏍᏙᏗᏱ ᎠᎴ ᎠᏂᏃᏍᎩᏍᎩ ᎤᏂᏴᏍᏗᏱ ᎠᎴ ᎤᏂᏃᏍᎩᏍᏗᏱ;
20. ᎦᎸᎳᏗᏍᎩᏂ ᏫᏥᏟᏏᏍᎨᏍᏗ ᏧᎬᏩᎶᏗ, ᎾᎿᎭᏂ ᏥᏍᎪᏴ ᎠᏯᏍᏜᏓᏗᏍᎩᏃ ᎤᏂᏲᏍᏙᏗᏱ ᏂᎨᏒᎾ ᎨᏒᎢ, ᎠᎴ ᎠᏂᏃᏍᎩᏍᎩ ᎤᏂᏴᏍᏗᏱ ᎠᎴ ᎤᏂᏃᏍᎩᏍᏗᏱ ᏂᎨᏒᎾ ᎨᏒᎢ.
21. ᎾᎿᎭᏰᏃ ᏧᎬᏩᎶᏗ ᏫᏥᎲᎢ ᎠᏎ ᎾᏍᏉ ᏫᏓᎮᏍᏗ ᏗᏣᏓᏅᏙ.
22. ᎠᎦᏔ ᎠᏰᎸ ᎢᎦ ᎦᏘᏍᏗᏍᎩ, ᎢᏳᏍᎩᏂ ᎯᎦᏙᎵ ᎪᎱᏍᏗ ᏄᏍᏛᎾ ᎨᏎᏍᏗ, ᏂᎬ ᎯᏰᎸᎢ ᎤᎧᎵᏦᏅᎯ ᎨᏎᏍᏗ ᎢᎦᎦᏘ.
23. ᎢᏳᏍᎩᏂ ᎯᎦᏙᎵ ᎤᏲ ᎢᎨᏎᏍᏗ, ᏂᎬ ᎯᏰᎸᎢ ᎤᎧᎵᏦᏅᎯ ᎨᏎᏍᏗ ᎤᎵᏏᎩ. ᎢᏳᏍᎩᏂᏃ ᎢᎦᎦᏘ ᎭᏫᏂ ᏤᎲ ᎤᎵᏏᎩᏉ ᎢᎨᏎᏍᏗ, ᎾᏍᎩ ᎤᎵᏏᎩ ᏂᎦ ᎡᏉᎯᏳ!
24. ᎥᏝ ᎩᎶ ᏰᎵ ᎠᏂᏔᎵ ᎬᏩᎾᏝᎢ ᎪᎱᏍᏗ ᏱᏙᎬᏛᏂᏏ, ᏱᎠᏍᎦᎦᏰᏃ ᏌᏉ ᏱᏅᎨᏳᎭᏃ ᏐᎢ, ᎠᎴ ᏱᏙᎤᏂᏴᎭ ᏌᏉ ᏱᎦᏂᏆᏘᎭᏃ ᏐᎢ. ᏝᏍᎩᏂ ᏰᎵ ᎤᏁᎳᏅᎯ ᎠᎴ ᎹᎹᏂ ᎪᎱᏍᏗᏱᏙᎨᏣᏛᏂᏏ.
25. ᎾᏍᎩ ᎢᏳᏍᏗ ᎯᎠ ᏂᏨᏪᏎᎭ, ᏞᏍᏗ ᏱᏤᎵᎯᏍᎨᏍᏗ ᏕᏨᏅᎢ, ᎢᏳᏍᏗ ᎢᏥᎩᏍᏗᏱ ᎠᎴ ᎢᏳᏍᏗ ᎢᏣᏗᏔᏍᏗᏱ, ᏞᏍᏗ ᎠᎴ ᏗᏥᏰᎸᎢ ᏱᏤᎵᎯᏍᎨᏍᏗ ᎢᏳᏍᏗ ᏗᏣᏄᏬᏍᏗᏱ. ᏝᏍᎪ ᎠᎬᏅ ᎤᏟᎯᏳ ᏱᎩ ᎡᏍᎦᏉ ᎠᎵᏍᏓᏴᏗ? ᎠᎴ ᏝᏍᎪ ᎠᏰᎸᎢ ᎡᏍᎦᏉ ᏗᏄᏬ?
26. ᏗᏣᎧᏅᎦ ᏥᏍᏆ ᎦᎸᎶᎢ ᎠᏁᎯ, ᏝᏰᏃ ᏯᏂᏫᏍᎪᎢ, ᎠᎴ Ꮭ ᏯᏂᏁᏣᎢᏍᎪᎢ, Ꮭ ᎠᎴ ᏓᏓᏁᎸ ᏯᏂᏟᏏᏍᎪᎢ, ᎠᏎᏃ ᎢᏥᏙᏓ ᎦᎸᎳᏗ ᎡᎯ ᏙᎨᎶᎰᎢ. ᏝᏍᎪ ᏂᎯ ᎤᏟ ᏱᏁᏥᎸᏉᏗ ᎡᏍᎦᏉ ᎾᏍᎩ?
27. ᎦᎪᏃ ᏂᎯ ᏥᏂᏣᏛᏅ ᎤᏓᏑᏯ ᎤᏪᎵᎯᏍᎬᏉ ᏰᎵ ᏌᏉ ᎢᏳᏟᎶᏛ ᏱᎧᏁᏉᏣ ᎬᏅᎢ?
28. ᎠᎴ ᎦᏙᏃ ᏗᏄᏬ ᏙᏤᎵᎯᏍᎪᎢ? ᏗᏣᏓᏅᏛᎵ ᏧᏥᎸᎯ ᏠᎨᏏ ᏤᎯ ᏓᏛᏍᎬᎢ. ᎥᏝ ᏱᏚᏂᎸᏫᏍᏓᏁᎰᎢ, ᎠᎴ ᎥᏝ ᏯᏂᏍᏙᎰᎢ.
29. ᎠᏎᏃ ᎯᎠ ᏂᏨᏪᏎᎭ, ᎾᏍᏉ ᏐᎵᎹᏅ ᏂᎦᎥ ᏄᏬᏚᏒᎢ Ꮭ ᎾᏍᎩ ᏱᏄᏍᏕ ᏚᏄᏮᎢ ᏌᏉ ᎯᎠ ᏄᏍᏛᎢ.
30. ᎢᏳᏰᏃ ᎤᏁᎳᏅᎯ ᎾᏍᎩ ᏱᏂᎬᏁᎭ ᏱᎦᏄᏬᎭ ᎧᏁᏍᎦ ᏠᎨᏏ ᎡᎯ, ᎪᎯ ᎢᎦ ᏤᎭ, ᎤᎩᏨᏅᏃ ᏗᎦᏚᏗᏱ ᏭᎾᏗᏅᏗ ᏥᎩ, ᏝᏍᎪ ᎤᏟᎯᏳ ᏱᏂᏙᎨᏥᏄᏬᏣ, ᎤᏍᏗ ᎢᏦᎯᏳᎯ?
31. ᎾᏍᎩ ᎢᏳᏍᏗ ᏞᏍᏗ ᏱᏤᎵᎯᏍᎨᏍᏗ ᎯᎠ ᏱᏂᏥᏪᏍᎨᏍᏗ; ᎦᏙ ᏓᏲᏥᎩ, ᎠᎴ ᎦᏙ ᏓᏲᏣᏗᏔᎯ, ᎠᎴ ᎦᏙ ᏓᏲᏣᏄᏬᎢ?
32. ᏂᎦᏛᏰᏃ ᎾᏍᎩ ᎯᎠ ᎤᏂᏲᎰ ᏧᎾᏖᎴᏅᏛ ᏴᏫ. ᎦᎸᎳᏗᏰᏃ ᎡᎯ ᎢᏥᏙᏓ ᎠᎦᏔᎭ ᎾᏍᎩ ᎯᎠ ᏂᎦᏛ ᎢᏥᏂᎬᏎᎲᎢ.
33. ᎢᎬᏱᏍᎩᏂ ᎢᏥᏲᎦ ᎦᎸᎳᏗ ᎡᎯ ᎤᎬᏫᏳᎯ ᎨᏒ ᎠᎴ ᎤᏤᎵ ᏚᏳᎪᏛᎢ, ᎯᎠᏃ ᏂᎦᏗᏳ ᏓᏰᏥᏁᏉᎡᎵ.
34. ᎾᏍᎩ ᎢᏳᏍᏗ ᏞᏍᏗ ᎤᎩᏨᏅ ᎢᏴᏛ ᏱᏫᏤᎵᎯᏍᎨᏍᏗ, ᎤᎩᏨᏅᏰᏃ ᎤᏩᏒ ᏧᏓᎴᏅᏛ ᏛᏕᎵᎯᏍᏔᏂ. ᏰᎵᏉ ᎤᏲ ᎢᎦ ᎤᏪᎲᎢ.

== Matthew 7 ==
1. ᏞᏍᏗ ᏥᏣᏓᎳᏫᏎᎵ ᎾᏍᎩᏃ ᏂᎯ ᏞᏍᏗ ᎡᏥᎳᏫᏎᎸᎩ.
2. ᎾᏍᎩᏰᏃ ᏄᏍᏛ ᎢᏣᏓᎳᏫᏎᎸ ᎠᏎ ᎾᏍᏉ ᏛᎡᏥᎳᏫᏎᎵ, ᎠᎴ ᏄᏍᏛ ᎢᏣᏓᏟᎶᏒᎸ ᎾᏍᏉ ᏛᎡᏣᏟᎶᎡᎵ.
3. ᎠᎴ ᎦᏙᏃ ᎢᎯᎪᏩᏘᏍᎪ ᎤᏢᏓᎸᏛ ᎤᎦᏑᎲᎢ ᏗᏍᏓᏓᏅᏟ, ᏁᎵᏍᎬᎾᏃ ᎢᎨᏐ ᎤᏃᏍᏛ ᎠᏓ ᏨᏒ ᏣᎦᏑᎲᎢ.
4. ᎠᎴ ᎦᏙ ᏱᎦᎵᏍᏙᏓ ᎯᎠ ᏱᏂᏪᏏ ᏗᏍᏓᏓᏅᏟ, ᎬᎸᏏ ᎤᏢᏓᎸᏛ ᏣᎦᏑᎲᎢ, ᎬᏂᏳᏉᏃ ᎤᏃᏍᏛ ᎠᏓ ᏨᏒ ᏣᎦᏑᎭ.
5. ᏣᏠᎾᏍᏗ! ᎢᎬᏱ ᎯᎸ ᎤᏃᏍᏛ ᎠᏓ ᏨᏒ ᏣᎦᏑᎲᎢ, ᎿᎭᏉᏃ ᎬᏂᎨᏒᎢᏳ ᏣᎪᏩᏛᏗᏱ ᎨᏎᏍᏗ ᎯᎸᎡᏗᏱ ᎤᏢᏓᎸᏛ ᏗᏍᏓᏓᏅᏟ ᎤᎦᏑᎲᎢ.
6. ᏞᏍᏗ ᎪᎱᏍᏗ ᎦᎸᏉᏗ ᎩᎵ ᏗᏥᏁᎸᎩ, ᏞᏍᏗ ᎠᎴ ᏓᎬᎾ-ᎢᏳᎾᏍᏗ ᏗᏣᏤᎵᎦ ᏏᏆ ᏫᏗᏣᏗᏁᎸᎩ, ᏱᏓᎾᎳᏍᏓᎥᎵᏉᏰᏃ, ᎠᎴ ᏯᎾᎦᏔᎲᎾ ᏴᎨᏥᏓᎦᎸᎥᎦ.
7. ᎢᏥᏔᏲᎭ, ᎠᏎ ᏓᏰᏥᏁᎵ; ᎢᏥᏲᎦ, ᎠᏎ ᏓᏥᏩᏛᎯ; ᎢᏨᏂᎦ, ᎠᏎ ᏓᏰᏥᏍᏚᎢᎡᎵ.
8. ᎩᎶᏰᏃ ᏣᏔᏲᎯᎰ ᎠᏥᏁᎰᎢ, ᎩᎶᏃ ᏧᏲᎰ ᎠᏩᏘᏍᎪᎢ, ᎩᎶᏃ ᏥᏫᎬᏂᎰ ᎠᏥᏍᏚᎢᎡᎰᎢ.
9. ᎦᎪᎨ ᎠᏍᎦᏯ ᎯᎠ ᏥᏂᏣᏛᏅ, ᎢᏳᏃ ᎤᏪᏥ ᎦᏚ ᏳᏔᏲᏎᎭ, ᏅᏯᏉ ᏯᎲᏏ?
10. ᎠᎴ ᎠᏣᏗ ᏯᏔᏲᎯᎭ, ᏥᎪ ᎢᎾᏛᏉ ᏴᎦᏅᎥᏏ?
11. ᎢᏳᏃ ᏂᎯ ᎢᏥᏲᎢ ᏱᏥᏏᎾᎯ ᎣᏍᏛ ᎨᏒ ᏗᏥᏁᏗᏱ ᏗᏤᏥ, ᎤᏟᎯᏳ ᎤᏙᎯᏳᎯᏯ ᎢᏥᏙᏓ ᎦᎸᎳᏗ ᎡᎯ ᎣᏍᏛ ᏓᏁᎮᏍᏗ ᎬᏩᏔᏲᏎᎯ.
12. ᎾᏍᎩ ᎢᏳᏍᏗ ᏂᎦᎥ ᎪᎱᏍᏗ ᎢᏣᏚᎵᏍᎬ ᏴᏫ ᎢᎨᏣᏛᏁᏗᏱ, ᎾᏍᎩᏯ ᎾᏍᏉ ᏂᏕᏣᏛᏁᎮᏍᏗ; ᎾᏍᎩᏰᏃ ᎯᎠ ᏄᏍᏗ ᏗᎧᎿᎭᏩᏛᏍᏗ ᎠᎴ ᎠᎾᏙᎴᎰᏍᎩ
13. ᎠᏯᏙᎵ ᎦᎶᎯᏍᏗᏱ ᎢᏥᏴᏍᏓ ᎠᏯᏖᏂᏰᏃ ᎦᎶᎯᏍᏗᏱ ᎠᎴ ᎠᏯᏖᏂ ᏅᏃᎯ ᎠᏲᎱᎯᏍᏗᏱ ᏫᎦᎾᏄᎪᎬᎢ, ᎤᏂ ᏣᏔᏃ ᎾᎿᎭᎠᏂᎶᏍᎦ.
14. ᎠᏯᏙᎵᏳᏰᏃ ᎦᎶᎯᏍᏗᏱ ᎠᎴ ᎠᏯᏙᎵᏳ ᏅᏃᎯ ᎬᏂᏛ ᏫᎦᎾᏄᎪᎬᎢ, ᎠᎴ ᎠᏂᎦᏲᎵᏳ ᎠᏂᏩᏘᎭ.
15. ᏕᏤᏯᏙᏤᎮᏍᏗ ᎤᎾᏠᎾᏍᏗ ᎠᎾᏙᎴᎰᏍᎩ, ᎠᏫ ᎤᏂᏃᏕᎾ ᎦᏁᎦ ᏧᎾᏄᏩᎢ ᏥᎨᏥᎷᏤᎰᎢ; ᎠᏎᏃ ᎭᏫᏂ ᎨᏒ ᏩᏯ ᎤᏂᎬᎥᏍᎩ ᎨᏐᎢ.
16. ᏄᏍᏛ ᎠᎾᏓᏛᏍᎬᎢ ᏙᏓᏦᎵᏍᏔᏂ. ᏥᎪ ᏴᏫ ᏖᎸᎳᏗ ᏓᎾᏕᏍᎪ ᏥᏍᏚᏂᎩᏍᏗᎯ? ᎠᎴ ᏒᎦᏔ-ᎢᏳᎾᏍᏗ ᏥᎪᏥᏥᎯ ᏓᎾᏕᏍᎪᎢ?
17. ᎾᏍᎩᏍᎩᏂ ᏄᏍᏗ ᏂᎦᎥ ᎣᏍᏛ ᏡᎬ ᎣᏍᏛ ᎠᏓᏛᏍᎪᎢ, ᎤᏲᏃ ᏡᎬ ᎤᏲ ᎠᏓᏛᏍᎪᎢ.
18. ᎣᏍᏛ ᏡᎬ ᎥᏝ ᏰᎵ ᎤᏲ ᏴᎬᏓᏛᎦ, ᎠᎴ ᎤᏲ ᏡᎬ ᎥᏝ ᏰᎵ ᎣᏍᏛ ᏴᎬᏓᏛᎦ.
19. ᏂᎦᎥᏍᎩᏂ ᏕᏡᎬ ᎣᏍᏛ ᎾᎾᏓᏛᏍᎬᎾ, ᏗᎦᎴᏴᏍᏙᏗ ᎨᏎᏍᏗ, ᎠᎴ ᎠᏥᎸᏱ ᏫᏓᏗᏅᏗ.
20. ᎾᏍᎩ ᎢᏳᏍᏗ ᏙᏓᏦᎵᏍᏔᏂ ᏄᏍᏛ ᎠᎾᏓᏛᏍᎬᎢ.
21. ᎥᏝᏰᏃ ᎾᏂᎥ, ᏣᎬᏫᏳᎯ, ᏣᎬᏫᏳᎯ, ᎬᏉᏎᎯ, ᎦᎸᎳᏗ ᎡᎯ ᎤᎬᏫᏳᎯ ᎨᏒ ᏭᏂᎾᏄᎪᎢᏍᏗ ᏱᎩ, ᎾᏍᎩᏍᎩᏂ Ꮎ ᎡᏙᏓ ᎦᎸᎳᏗ ᎡᎯ ᎠᏓᏅᏖᏍᎬ ᏧᏂᎸᏫᏍᏓᏁᎯ.
22. ᎾᎯᏳ ᎢᎦ ᎨᏎᏍᏗ ᎤᏂᏣᏘᏍᏗ ᎯᎠ ᏅᏓᎬᎩᏪᎭᎵ; ᏣᎬᏫᏳᎯ, ᏣᎬᏫᏳᎯ, ᏝᏍᎪ ᏕᏣᏙᎥ ᏲᏨᏗᏍᎨ ᏲᏣᏙᎴᎰᏍᎨᎢ? ᎠᎴ ᏝᏍᎪ ᏕᏣᏙᎥ ᏲᏨᏗᏍᎨ ᎠᏂᏍᎩᎾ ᏱᏙᏥᏄᎪᏫᏍᎨᎢ? ᎠᎴ ᏝᏍᎪ ᏕᏣᏙᎥ ᏲᏨᏗᏍᎨ ᎤᏣᏘ ᎤᏍᏆᏂᎪᏗ ᏱᏙᎩᎸᏫᏍᏓᏁᎮᎢ?
23. ᎿᎭᏉᏃ ᎯᎠ ᏅᏓᎦᏥᏪᏎᎵ; ᎥᏝ ᎢᎸᎯᏳ ᏱᏨᎦᏔᎮᎢ; ᎤᏟ ᏫᏥᎶᎯ ᎤᏲ ᏗᏥᎸᏫᏍᏓᏁᎯ.
24. ᎾᏍᎩ ᎢᏳᏍᏗ ᎾᏂᎥ ᎩᎶ ᎯᎠ ᏥᏂᏥᏪᎠ ᎠᎾᏛᎩᏍᎨᏍᏗ, ᎠᎴ ᎾᏍᎩ ᎾᎾᏛᏁᎮᏍᏗ, ᎠᎦᏔᎿᎭᎢ ᎠᏍᎦᏯ ᏙᏓᎦᏥᏯᏟᎶᏍᏔᏂ, ᎾᏍᎩ ᏅᏲᎯ ᏧᏁᏍᎨᎮᎢ;
25. ᎿᎭᏉᏃ ᏧᎦᎿᎭᏁᎢ, ᎠᎴ ᏥᏚᏃᎱᎦᏁᎢ, ᎠᎴ ᏧᏃᎸᏁᎢ, ᎾᎿᎭᎠᏓᏁᎸ ᏥᏚᏱᎶᎴᎢ; ᎠᏎᏃ ᎥᏝ ᏳᏲᏤᎢ, ᏅᏥᎯᏰᏃ ᎦᎧᎮᎢ.
26. ᎾᏂᎥᏃ ᎩᎶ ᎯᎠ ᏥᏂᏥᏪᎠ ᎠᎾᏛᎩᏍᎨᏍᏗ, ᎾᏍᎩᏃ ᎾᎾᏛᏁᎲᎾ ᎢᎨᏎᏍᏗ, ᎤᏁᎫ ᎠᏍᎦᏯ ᏗᎨᎦᏟᎶᏍᏙᏗ ᎨᏎᏍᏗ ᎾᏍᎩ ᏃᏳᎯ ᏧᏁᏍᎨᎮᎢ.
27. ᎿᎭᏉᏃ ᏧᎦᎿᎭᏁᎢ, ᎠᎴ ᏥᏚᏃᎱᎦᏁᎢ, ᎠᎴ ᏧᏃᎸᏁᎢ, ᎾᎿᎭᎠᏓᏁᎸ ᏥᏚᏱᎶᎴᎢ, ᎠᎴ ᏧᏲᏤᎢ, ᎠᎴ ᎤᏍᎦᏎᏗᏳ ᏥᏄᎵᏍᏔᏁ ᎤᏲᏨ.
28. ᎯᎠᏃ ᏄᎵᏍᏔᏁᎢ, ᎾᏍᎩ ᏥᏌ ᎤᏍᏆᏛ ᎾᏍᎩ ᏂᎦᏪᏍᎬᎢ, ᎤᏂᏍᏆᏂᎪᏎ ᏓᏕᏲᎲᏍᎬᎢ.
29. ᎤᏤᎵᎦᏰᏃ ᏥᏓᏕᏲᎲᏍᎪ ᎢᏳᏍᏗ ᎨᏎᎢ, ᎥᏝᏃ ᏗᏃᏪᎵᏍᎩᏉ ᏥᏓᎾᏕᏲᎲᏍᎪ ᎢᏳᏍᏗ ᏱᎨᏎᎢ.

== Matthew 8 ==
1. ᎿᎭᏉᏃ ᏧᎦᏐᎠᏒ ᎤᏌᎯᎸᎢ, ᎤᏂᏣᏘ ᎬᏩᏍᏓᏩᏛᏎᎢ.
2. ᎠᎴ ᎬᏂᏳᏉ ᎠᏓᏰᏍᎩ ᎤᏢᎩ ᎤᎷᏤ ᎤᏓᏙᎵᏍᏓᏁᎴᎢ, ᎯᎠ ᏄᏪᏎᎢ; ᏣᎬᏫᏳᎯ, ᎢᏳᏃ ᏱᏣᏓᏅᏖᎸ ᏰᎵᏉ ᏱᏍᎩᏅᎦᎸ.
3. ᏥᏌᏃ ᎤᏙᏯᏅᎯᏛ ᎤᏒᏂᎴᎢ, ᎦᏓᏅᏛᎵ, ᏣᏓᏅᎦᎸᏛ ᎨᏎᏍᏗ, ᎤᏬᏎᎴᎢ; ᎩᎳᏉᏃ ᎢᏴᏛ ᎠᏓᏰᏍᎩ ᎤᏢᎬ ᎤᏓᏅᎦᎸᎮᎢ.
4. ᎯᎠᏃ ᏥᏌ ᏄᏪᏎᎴᎢ; Ꭷ ᏞᏍᏗ ᎩᎶ ᏥᎯᏃᏁᎵ, ᎮᎾᏉᏍᎩᏂ, ᏫᏣᎪᏩᏛ ᎠᏥᎸ-ᎨᎶᎯ, ᎠᎴ ᎠᎵᏍᎪᎸᏙᏗ ᏫᎲᎦ ᎼᏏ ᎤᏁᏨ ᎠᎵᏍᎪᎸᏙᏗ ᎾᏍᎩ ᎤᎾᏙᎴᎰᎯᏍᏙᏗ.
5. ᎿᎭᏉᏃ ᏥᏌ ᎨᏆᏂ ᏫᎤᎷᏨ, ᎤᎷᏤᎴ ᎠᏍᎪᎯᎫᏈ ᎠᏂᏯᏫᏍᎩ ᏗᏘᏂᏙᎯ, ᎤᏍᏗᏰᏔᏁᎢ,
6. ᎯᎠ ᏄᏪᏎᎴᎢ; ᏣᎬᏫᏳᎯ, ᏥᏅᏏᏓᏍᏗ ᎦᏅᎦ ᏗᏇᏅᏒ ᎤᏢᎦ ᎤᎸᏓᎸᎥᏍᎦ ᎤᏣᏔᏅᎯ ᎠᎩᎵᏲᎦ.
7. ᏥᏌᏃ ᎯᎠ ᏄᏪᏎᎴᎢ; ᏓᎨᏏ ᏓᏥᏅᏩᏁᏏ.
8. ᎠᏍᎪᎯᏧᏈᏃ ᏗᏘᏂᏙᎯ ᏗᎤᏁᏨ ᎯᎠ ᏄᏪᏎᎢ; ᏣᎬᏫᏳᎯ, ᏝᏰᎵ ᏱᏂᎪᎢ ᏥᏁᎸ ᏣᏴᏍᏗᏱ; ᎯᏁᎩᏉᏍᎩᏂ ᎤᏩᏒ, ᏥᏅᏏᏓᏍᏗᏃ ᏓᏳᏗᏩᏏ.
9. ᎠᏴᏰᏃ ᏗᏆᏓᏁᎶᏗᏉ, ᎠᎴ ᏓᎩᎧᎭ ᎠᏂᏯᏫᏍᎩ ᎾᏍᎩ ᏕᎬᏆᏁᎶᏙᎢ, ᎩᎶᏃ ᎮᎾ ᏥᏲᏏ, ᎡᎪᎢ; ᏅᏩᏓᎴᏃ ᎡᎮᎾ ᏥᏲᏏ, ᏗᎡᎪᎢ; ᏥᏅᏏᏓᏍᏗᏃ, ᎯᎠ ᎿᎭᏛᎦ ᏥᏲᏏ, ᎾᏍᎩ ᎾᏛᏁᎰᎢ.
10. ᏥᏌᏃ ᎤᏛᎦᏅ ᎤᏍᏆᏂᎪᏎᎢ, ᎠᎴ ᎯᎠ ᏂᏚᏪᏎᎴ ᏅᏓᎬᏩᏍᏓᏩᏛᏛ, ᎤᏙᎯᏳᎯᏯ ᎯᎠ ᏂᏨᏪᏎᎭ, ᎥᏝ ᎾᏍᏉ ᎢᏏᎵ ᏚᏙᎥ ᎾᏍᎩ ᎢᎦᎢ ᎪᎯᏳᏗ ᎨᏒ ᏯᎩᏩᏛᎲ.
11. ᎠᎴ ᎯᎠ ᏂᏨᏪᏎᎭ; ᎤᏂᏣᏘ ᏗᎧᎸᎬ ᎠᎴ ᏭᏕᎵᎬ ᎢᏗᏢ ᏗᏂᎶᏍᎨᏍᏗ, ᎠᎴ ᎢᏧᎳᎭ ᎠᎾᏅᎥᏍᎨᏍᏗ ᎡᏆᎭᎻ, ᎠᎴ ᎡᏏᎩ, ᎠᎴ ᏤᎦᏈ, ᎦᎸᎳᏗ ᎡᎯ ᎾᎿᎭᎤᎬᏫᏳᎯ ᎨᏒᎢ,
12. ᎦᎸᎳᏗᏍᎩᏂ ᎡᎯ ᎾᎿᎭᎤᎬᏫᏳᎯ ᎨᎡ ᎠᏁᎯ ᏓᎨᏥᏄᎪᏫᏏ ᏫᏙᏓᎨᎦᏓᎡᏏ ᏧᎵᏏᎬ ᏙᏱᏗᏢ, ᎾᎿᎭᏓᏂᏴᎨᏍᏗ, ᎠᎴ ᏓᏂᎸᏓᎩᏍᎨᏍᏗ ᏓᏂᏄᏙᎬᎢ.
13. ᏥᏌᏃ ᎯᎠ ᏄᏪᏎᎴ ᎠᏍᎪᎯᏧᏈ ᏗᏘᏂᏙᎯ; ᎮᎾ, ᎠᎴ ᏄᏍᏛ ᏦᎯᏳᏅ ᎾᏍᎩ ᏫᏂᏣᎵᏍᏓᏏ. ᎤᏅᏏᏓᏍᏗᏃ ᎾᎯᏳᏉ ᎤᏗᏩᏎᎢ.
14. ᏥᏌᏃ ᏈᏓ ᎦᏁᎸ ᎤᎷᏨ, ᎤᎪᎮ ᏈᏓ ᎤᏓᎵᎢ ᎤᏥ ᎦᏅᎨ ᎤᏗᎴᎲᏍᎨᎢ.
15. ᎤᏒᏂᎴᏃ ᎤᏬᏰᏂ, ᎤᏗᎴᎲᏍᎬᏃ ᎤᏗᏩᎭᎢ. ᏚᎴᏁᏃ ᎠᎴ ᏚᏍᏕᎸᎯᏙᎴᎢ.
16. ᎤᏒᏃ ᏄᎵᏍᏔᏅ, ᎤᏂᏣᏖ ᎠᏂᏍᎩᎾ ᏗᎬᏩᏂᏯᎢ ᏕᎬᏩᏘᏃᎮᎴᎢ; ᏚᏄᎪᏫᏎᏃ ᎠᏂᏍᎩᎾ ᎧᏁᎬᏉ ᎬᏗᏍᎨᎢ, ᎠᎴ ᏂᎦᏛ ᏧᏂᏢᎩ ᏚᏅᏩᏁᎢ.
17. ᎤᏙᎯᏳᏗᏱ ᎠᏰᎸᏒᎩ ᎢᏌᏯ ᎠᏙᎴᎰᏍᎩ ᏧᏁᏤᎢ, ᎯᎠ ᏥᏄᏪᏎᎢ; ᎤᏩᏒ ᎢᎩᎩᏍᏓᏁᎸᎩ ᏗᏗᏩᎾᎦᎳᎯᏳ ᎨᏒᎢ, ᏕᎩᏢᎬᏃ ᏧᏤᎵ ᏂᏚᏩᏁᎸᎩ.
18. ᏥᏌᏃ ᏚᎪᎲ ᎤᏂᏣᏘ ᏴᏫ ᎬᏩᏜᏓᏫᏍᏗᏍᎬᎢ, ᎤᏁᏤ ᎢᏍᎪᏅ ᏭᏂᎶᎯᏍᏗᏱ.
19. ᎩᎶᏃ ᎢᏳᏍᏗ ᏗᎪᏪᎵᏍᎩ ᎤᎷᏤᎢ, ᎯᎠ ᏄᏪᏎᎴᎢ; ᏔᏕᏲᎲᏍᎩ ᏓᎬᏍᏓᏩᏗᏙᎵ ᏂᎦᎥ ᎮᏙᎲᎢ.
20. ᏥᏌᏃ ᎯᎠ ᏄᏪᏎᎴᎢ; ᏧᎳ ᏚᏂᏔᎴᏐᎢ, ᏥᏍᏆᏃ ᎦᎸᎶ ᎠᏁᎯ ᏚᎾᏁᏍᏓᏝᎰᎢ, ᏴᏫᏍᎩᏂ ᎤᏪᏥ ᎥᏝ ᎢᎸᎯᏢ ᎠᏍᎪᎵ ᎤᏗᏱ ᏱᎩ.
21. ᏅᏩᏓᎴᏃ ᎤᏍᏓᏩᏗᏙᎯ ᎯᎠ ᏄᏪᏎᎴᎢ; ᏣᎬᏫᏳᎯ, ᎢᎬᏱ ᎨᎾ ᏥᏂᏌᏄᎦ ᎡᏙᏓ.
22. ᏥᏌᏃ ᎯᎠ ᏄᏪᎭᎴᎢ; ᏍᎩᏍᏓᏩᏚᎦ, ᎤᎾᏁᎳᎩᏃ ᏧᏂᏲᎱᏒᎯ ᏓᏂᏂᏏᏍᎨᏍᏗ ᏧᎾᏤᎵ ᏧᏂᏲᎱᏒᎯ.
23. ᎿᎭᏉᏃ ᏥᏳᎯ ᏭᏣᏅ ᎬᏩᏍᏓᏩᏗᏙᎯ ᎬᏩᏍᏓᏩᏛᏎᎢ.
24. ᎬᏂᏳᏉᏃ ᎤᏣᏘ ᎤᏱᎶᎴ ᎤᏃᎴ ᎢᏓᎵ; ᏥᏳᏰᏃ ᎠᎹ ᏓᎵᏍᏗᎳᏁᎬ ᎤᏭᏢᎥᏍᎨᎢ; ᎠᏎᏃ ᎢᎦᎵᎮᏉ.
25. ᎬᏩᏍᏓᏩᏗᏙᎯᏃ ᎬᏩᎷᏤᎴ ᎬᏩᏰᏍᏔᏁᎢ, ᎯᎠ ᏂᎬᏩᏪᏎᎴᎢ; ᏣᎬᏫᏳᎯ, ᏍᎩᏍᏕᎸ, ᏓᏲᏣᏗᏒᏂᏉ.
26. ᎯᎠᏃ ᏂᏚᏪᏎᎴᎢ, ᎦᏙᏃ ᎢᏥᏍᎦᎢᎭ? ᎤᏍᏗ ᎢᏦᎯᏳᎯ! ᎿᎭᏉᏃ ᏚᎴᏅ ᏚᏍᎦᏤ ᎤᏃᎴ ᎠᎴ ᎥᏓᎵ, ᎤᏣᏘᏃ ᎤᏓᏥᎾᏍᏛᎯ ᏄᎵᏍᏔᏁᎢ.
27. ᎠᏂᏍᎦᏯᏃ ᎤᏂᏍᏆᏂᎪᏎᎢ, ᎯᎠ ᏄᏂᏪᏎᎢ; ᎦᏙ ᎤᏍᏗ ᎯᎠ ᎠᏍᎦᏯ, ᎾᏍᏉᏰᏃ ᎤᏃᎴ ᎠᎴ ᎥᏓᎵ ᎢᎬᏬᎯᏳᎲᏍᎦ.
28. ᎢᏍᎪᏂᏗᏢᏃ ᏭᎷᏨ ᎦᎩᏏᏂ ᎤᎾᏤᎵᎪᎯ, ᎠᏂᏔᎵ ᎠᏂᏍᎩᎾ ᏗᎬᏩᏂᏯᎢ ᏕᎬᏩᏠᏎᎢ, ᏓᏓᏂᏌᎲ ᏧᏂᏄᎪᏤᎢ, ᎤᏣᏔᏅᎯ ᎤᏂᎿᎭᎸᎯᏳ ᎨᏎᎢ, ᎾᏍᎩ ᎥᏝ ᎩᎶ ᎾᎿᎭᎬᏩᎶᎯᏍᏗ ᏱᎨᏎᎢ.
29. ᎠᎴ ᎬᏂᏳᏉ ᎤᏁᎷᏁᎢ, ᎯᎠ ᏄᏂᏪᏎᎢ; ᎥᏝ ᎪᎱᏍᏗ ᏗᎦᏓᏛᏙᏗ ᏱᎩ ᏂᎯ, ᏥᏌ ᎤᏁᎳᏅᎯ ᎤᏪᏥ, ᏥᎪ ᎠᏂ ᏣᎷᏥᎸ ᏍᎩᏂᎩᎵᏲᎢᏍᏙᏗᏱᏉ ᎠᏏᏉ ᎾᏍᏆᎵᏍᎬᎾ?
30. ᎨᎯᏃ ᎢᏴᏛ ᏗᏁᏙᎮ ᎤᏂᏣᏘ ᏑᎾᏓᏡᎩ ᏏᏆ ᎠᎾᎵᏍᏓᏴᏂᏙᎮᎢ.
31. ᎠᏂᏍᎩᎾᏃ ᎬᏩᏔᏲᏎᎴᎢ, ᎯᎠ ᏂᎬᏩᏪᏎᎴᎢ; ᎢᏳᏃ ᏍᎩᏂᏄᎪᏫᏒᎭ, ᎤᎾᏁᎳᎩ ᏍᎩᏁᎵᏎᎸᎭ ᏏᏆ ᏑᎾᏓᏡᎩ ᏫᎪᏍᏗᏴᏍᏗᏱ.
32. ᎯᎠᏃ ᏂᏚᏪᏎᎴᎢ; ᏍᏕᎾ. ᎤᏂᏄᎪᏨᏃ, ᏏᏆ ᏑᎾᏓᏡᎩ ᏫᏚᏂᏴᎴᎢ. ᎠᎴ ᎬᏂᏳᏉ ᏂᎦᏛ ᏑᎾᏓᏡᎩ ᏏᏆ ᎠᏯᏄᎵᏳ ᎤᎾᎵᏎᎢ, ᏭᏂᎦᏐᎠᏎ ᎦᏁᏡᎩ ᎬᏒᎢ, ᎥᏓᎵ ᏭᎾᎵᏔᏗᏅᏎᎢ, ᎠᎴ ᎠᎹᏱ ᏚᏂᎵᏬᏤᎢ.
33. ᏗᏂᎦᏘᏯᏃ ᎤᎾᎵᏎᎢ, ᏗᎦᏚᎲ ᏭᏂᎶᏎᎢ, ᏂᎦᏛ ᏭᏂᏃᎮᎴᎢ, ᎠᎴ ᎠᏂᏍᎩᎾ ᎬᏩᏂᏯᎢ ᏄᎾᎵᏍᏓᏁᎸᎢ.
34. ᎬᏂᏳᏉᏃ ᏂᎦᏗᏳ ᏍᎦᏚᎩ ᏧᏂᏄᎪᏤᎢ, ᏥᏌ ᏕᎬᏩᏠᏏᎴᎢ; ᎬᏩᎪᎲᏃ ᎬᏩᏔᏲᏎᎴ ᎤᏓᏅᏍᏗᏱᏉ ᎤᎾᏤᎵᎪᎯ ᎨᏒᎢ.

== Matthew 9 ==
1. ᏥᏳᎯᏃ ᎤᏣᏅ, ᏚᏪᏐᏤᎢ, ᎤᏩᏒᏃ ᎤᏪᏚᎲ ᏭᎷᏤᎢ.
2. ᎬᏂᏳᏉᏃ ᎬᏩᏘᏃᎮᎴ ᎠᏍᎦᏯ ᎤᏢᎩ ᎤᎸᏓᎸᎥᏍᎩ ᎦᏅᎨ ᎠᏤᏍᏙᎩᎯ; ᏥᏌᏃ ᎤᏙᎴᎰᏒ ᎠᏃᎯᏳᎲᏍᎬᎢ, ᎯᎠ ᏄᏪᏎᎴ ᎤᎸᏓᎸᎥᏍᎩ; ᎠᏇᏥ, ᎤᎦᎵᏍᏗᏳᏉ ᎭᏓᏅᏓᏓ, ᏣᏍᎦᏅᏨ ᎡᏣᏙᎵᎩ.
3. ᎬᏂᏳᏉᏃ ᎢᎦᏛ ᏗᏃᏪᎵᏍᎩ ᎯᎠ ᏄᏂᏪᏎ ᏚᎾᏓᏅᏛᎢ; ᎯᎠ ᎠᏍᎦᏯ ᎦᎸᎳᏗ ᎡᎯ ᎠᏐᏢᎢᏍᏗᎭ.
4. ᏥᏌᏃ ᎠᎦᏔᎮ ᏄᏍᏛ ᎠᎾᏓᏅᏖᏍᎬᎢ, ᎯᎠᏃ ᏂᏚᏪᏎᎴᎢ; ᎦᏙᏃ ᎤᏲ ᎢᏣᏓᏅᏖᎭ ᏗᏥᎾᏫᏱ?
5. ᎦᏙᎨ ᎤᏍᏗ ᎤᏟ ᎠᎯᏗᏳ ᎧᏁᎢᏍᏗᏱ, ᏥᎪ ᎯᎠ ᏱᎾᎦᏪᎠ, ᏣᏍᎦᏅᏨ ᎡᏣᏙᎵᎩ? ᎯᎠᎨ ᏱᎾᎦᏪᎠ, ᏔᎴᎲᎦ ᎠᎴ ᎨᏓ?
6. ᎠᏗᎾ ᎢᏣᏙᎴᎰᎯᏍᏗᏱ ᏴᏫ ᎤᏪᏥ ᎠᏍᎦᏅᏨ ᎬᏩᏓᏙᎵᏍᏗ ᎨᏒ ᎠᏂ ᎡᎶᎯ, ᎿᎭᏉ ᎯᎠ ᏄᏪᏎᎴ ᎤᎸᏓᎸᎥᏍᎩ; ᏔᎴᎲᎦ, ᏣᏤᏍᏙ ᎯᎾᎩ, ᎠᎴ ᏗᏤᏅᏒ ᎮᎾ.
7. ᏚᎴᏅᏃ ᏧᏪᏅᏒ ᏭᎶᏎᎢ.
8. ᎤᏂᏣᏘᏃ ᎤᏂᎪᎲ, ᎤᏂᏍᏆᏂᎪᏎᎢ, ᎠᎴ ᎤᏂᎸᏉᏔᏁ ᎤᏁᎳᏅᎯ ᎾᏍᎩ ᏧᎵᏍᎪᎸᏓᏁᎸᎯ ᎾᏍᎩ ᎢᏳᏍᏗ ᏧᏂᎸᏫᏍᏓᏁᏗᏱ ᏴᏫ.
9. ᏥᏌᏃ ᎾᎿᎭᎤᏓᏅᏒ, ᎤᎪᎲᎩ ᎠᏍᎦᏯ ᎹᏚ ᏧᏙᎢᏛ, ᎤᏬᎸᎩ ᎠᏰᎵ ᎠᎫᏴᏗᏱ. ᎯᎠᏃ ᏄᏪᏎᎸᎩ; ᏍᎩᏍᏓᏩᏚᎦ. ᏚᎴᏅᏃ ᎤᏍᏓᏩᏛᏒᎩ.
10. ᎯᎠᏃ ᏄᎵᏍᏔᏅᎩ, ᎦᏅᎬ [ᎠᎵᏍᏓᏴᎲᏍᎬ] ᎦᎵᏦᏕ, ᎬᏂᏳᏉ ᎤᏂᏣᏛᎩ ᎠᏕᎸ ᎠᏂᎩᏏᏙᎯ ᎠᎴ ᎠᏂᏍᎦᎾ ᎤᏂᎷᏨ ᎤᎾᏂᏢᏅᎩ ᎠᏂᏅᏜᏓᎥ ᏥᏌ ᎠᎴ ᎬᏩᏍᏓᏩᏗᏙᎯ.
11. ᎠᏂᏆᎵᏏᏃ ᎤᎾᏙᎴᎰᏒ, ᎯᎠ ᏂᏚ ᏂᏪᏎᎸ ᎬᏩᏍᏓᏩᏗᏙᎯ; ᎦᏙᏃ ᏗᏤᏲᎲᏍᎩ ᎠᏕᎸ ᎠᏂᎩᏏᏙᎯ ᎠᎴ ᎠᏂᏍᎦᎾ ᎢᏧᎳᎭ ᎢᎠᎾᎵᏍᏓᏴᎲᏍᎦ?
12. ᏥᏌᏃ ᎤᏛᎦᏅ ᎯᎠ ᏂᏚᏪᏎᎸᎩ; ᏂᏚᏂᏢᎬᎾ ᎥᏝ ᎤᏚᎸᏗ ᏱᏄᎾᎵᏍᏓᏁᎰ ᏗᏓᏅᏫᏍᎩ, ᏧᏂᏢᎩᏍᎩᏂ.
13. ᎢᏤᎾᏍᎩᏂ, ᏫᏣᏕᎶᏆ ᎦᏛᎬ ᎯᎠ ᎾᏍᎩ ᏥᏂᎦᏪᎭ; ᎠᏓᏙᎵᏍᏗ ᎨᏒ ᎠᏆᏚᎵᎭ, ᎥᏝᏃ ᎠᏥᎸ-ᎨᎳᏍᏗᏱ ᎨᏒᎢ. ᎥᏝᏰᏃ ᎾᏂᏍᎦᏅᎾ ᏱᏗᏥᏯᏅᎯᎸ, ᎠᏂᏍᎦᎾᏍᎩᏂ ᏧᏂᏁᏟᏴᏍᏗᏱ ᏚᎾᏓᏅᏛᎢ.
14. ᎿᎭᏉᏃ ᏣᏂ ᎬᏩᏍᏓᏩᏗᏙᎯ [ᏥᏌ] ᎬᏩᎷᏤᎸᎩ, ᎯᎠ ᏂᎬᏩᏪᏎᎸᎩ; ᎦᏙᏃ ᎠᏴ ᎠᏂᏆᎵᏏᏃ ᏯᏃ ᎠᎹᏟ ᏦᏨᏍᎦ, ᏂᎯᏃ ᎨᏣᏍᏓᏩᏗᏙᎯ ᎠᎹᏟ ᎾᏅᏍᎬᎾ ᏥᎩ?
15. ᏥᏌᏃ ᎯᎠ ᏂᏚᏪᏎᎸᎩ; ᏥᎪ ᏰᎵ ᏕᎨᎦᏨᏍᏗᏍᎬ ᎠᏂᎦᏔᎯ ᏱᏓᎾᏠᏱᎦ ᎠᏏᏉ ᎤᏕᏒᏂᎸᎯ ᎤᏁᎳᏗᏙᎲᎢ? ᎠᏎᏃ ᎢᎦ ᏛᎵᏱᎶᎵ ᏓᎨᏥᏯᏅᎡᎵ ᎤᏕᏒᏂᎸᎯ, ᎩᎳ ᎿᎭᏉ ᎠᎹᏟ ᏛᏅᏂ.
16. ᎥᏝ ᎠᎴ ᎩᎶ ᎢᏤ ᏱᎦᎳᏍᏢᏗᏍᎪ ᎤᏪᏘ ᎠᏄᏬᎩᎯ, ᎦᎳᏍᏢᏛᏰᏃ ᏴᎦᏣᎦᎸᏓ ᎠᏄᏬ, ᎤᏓᏣᎦᎸᎲᏃ ᎤᏟ ᎡᏉᎯᏳ ᏱᏂᎦᎵᏍᏓ.
17. ᎥᏝ ᎠᎴ ᎢᏤ ᎩᎦᎨ-ᎠᏗᏔᏍᏗ ᏧᏪᏘ ᏗᏑᏢᏛ ᏱᏓᏂᏟᏍᏗᏍᎪᎢ; ᏗᏑᏢᏛᏰᏃ ᏱᏓᏓᏣᎦᎸ, ᎠᎴ ᎩᎦᎨ-ᎠᏗᏔᏍᏗ ᏯᏤᏬᎩ, ᏗᏑᏢᏛᏃ ᏱᏓᏲᎩ. ᎢᏤᏍᎩᏂ ᎩᎦᎨ-ᎠᏗᏔᏍᏗ ᏗᏤ ᏗᏑᏢᏛ ᏓᏂᏟᏍᏗᏍᎪᎢ, ᎢᏧᎳᏃ ᏚᏂᏍᏆᏂᎪᏙᎢ.
18. ᎠᏏᏉ ᎾᏍᎩ ᏂᏕᎦᏪᏎᎲᎩ, ᎬᏂᏳᏉ ᎩᎶ ᎢᏳᏍᏗ ᏄᎬᏫᏳᏌᏕᎩ ᎤᎷᏨ ᎤᏓᏙᎵᏍᏓᏁᎸᎩ, ᎯᎠ ᏄᏪᏒᎩ; ᎠᏇᏥ ᎠᎨᏳᏣ ᎦᏳᎳ ᎤᏲᎱᏏᏕᎾ. ᎠᏗᎾ ᎮᎾ, ᎯᏯᏒᏂᎸᎭ, ᎠᎭ ᏛᎠᏛᏂᏗᏉ.
19. ᏥᏌᏃ ᏚᎴᏅ ᎤᏍᏓᏩᏛᏒᎩ, ᎠᎴ ᎾᏍᏉ ᎬᏩᏍᏓᏩᏗᏙᎯ.
20. ᎬᏂᏳᏉᏃ ᎠᎨᏴ ᎤᏢᎩ ᎩᎬ ᎤᏪᏅᎡᎯ ᏔᎳᏚ ᏧᏕᏘᏴᏓ ᎢᎬᏩᎵᏍᏔᏅᎯ, ᎣᏂᏗᏢ ᎤᎷᎯᏍᏓᏁᎸᎩ, ᎦᏓᎷᏯᏛ ᎤᏄᏩᎥ ᎤᏒᏁᎸᎩ.
21. ᎯᎠᏰᏃ ᏄᏪᏎ ᎤᏓᏅᏛᎢ; ᎢᏳᏃ ᎤᏄᏩᎥᏉ ᏯᏆᏒᏂᎸ, ᎠᏎ ᏯᏆᏗᏫ.
22. ᏥᏌᏃ ᎤᎦᏔᎲᏒ ᎠᎴ ᎤᎪᎲ, ᎯᎠ ᏄᏪᏒᎩ; ᎠᏇᏥ, ᎤᎦᎵᏍᏗᏉ ᎭᏓᏅᏓᏓ. ᏦᎯᏳᏒ ᏣᏗᏫᏍᏓ. ᎠᎨᏴᏃ ᎾᎯᏳᏉ ᎤᏗᏩᏒᎩ.
23. ᏥᏌᏃ ᏄᎬᏫᏳᏌᏕᎩ ᎦᏁᎸ ᎤᎷᏨ, ᎠᎴ ᏚᎪᎲ ᏗᏂᏤᎷᎯᏍᎩ, ᎠᎴ ᏴᏫ ᏓᏂᏴᎬᎢ,
24. ᎯᎠ ᏂᏚᏪᏎᎸᎩ; ᎢᏣᏓᏅᎾ, ᎾᎪᏃ ᎤᏲᎱᏒᎯ ᏱᎩ ᎠᎨᏳᏣ; ᎦᎵᎭᏉᏍᎩᏂ. ᎥᎬᏩᏰᏣᏍᏔᏅᏉᏃ.
25. ᎨᏥᏄᎪᏫᏒᏃ ᏴᏫ, ᎤᏴᎸᎩ ᎤᏬᏰᏂ ᎤᏂᏴᎲᎩ, ᎠᎨᏳᏣᏃ ᏚᎴᏅᎩ.
26. ᎾᏍᎩᏃ ᎯᎠ ᏚᏃᏣᎶᏥᏙᎸᎢ ᎾᎿᎭᏂᎬᎾᏛ ᏚᏰᎵᏏᏙᎸᎩ.
27. ᏥᏌᏃ ᎾᎿᎭᎤᏓᏅᏒ, ᎠᏂᏔᎵ ᏗᏂᎨᏫ ᎠᏂᏍᎦᏯ ᎬᏩᏍᏓᏩᏛᏒᎩ, ᎤᏁᎷᎬᎩ ᎯᎠ ᎾᏂᏪᏍᎬᎩ, ᏍᎩᏂᏙᎵᎩ ᏂᎯ ᏕᏫ ᎤᏪᏥ.
28. ᎦᎵᏦᏕᏃ ᎤᏴᎸ, ᏗᏂᎨᏫ ᎬᏩᎷᏤᎸᎩ, ᏥᏌᏃ ᎯᎠ ᏂᏚᏪᏎᎸᎩ; ᎢᏍᏙᎯᏳᎲᏍᎦᏍᎪ ᏰᎵ ᎾᏍᎩ ᎢᎬᏆᏛᏁᏗ ᎨᏒᎢ? ᎯᎠ ᏂᎬᏩᏪᏎᎸᎩ; ᎥᎥ, ᏣᎬᏫᏳᎯ.
29. ᎿᎭᏉᏃ ᏚᏒᏁᎸ ᏗᏂᎦᏙᎵ, ᎯᎠ ᏄᏪᏒᎩ; ᏄᏍᏛ ᎢᏍᏙᎯᏳᎲᏍᎬ ᎾᏍᎩᏯ ᏂᏍᏓᎵᏍᏓᏏ.
30. ᏗᏂᎦᏙᎵᏃ ᏚᎵᏍᏚᎩᏒᎩ. ᏥᏌᏃ ᏚᏅᏍᏓᏕᎸᎩ, ᎯᎠ ᏂᏚᏪᏎᎸᎩ; ᏞᏍᏗ ᎩᎶ ᎤᏙᎴᎰᏒᎩ.
31. ᎠᏎᏃ ᎤᎾᏓᏅᏒᏉ ᏚᏂᏃᏣᎳᏅᎩ ᎾᎿᎭᏂᎬᎾᏛᎢ.
32. ᎿᎭᏉᏃ ᎠᏂᏄᎪᎬᎢ ᎬᏂᏳᏉ ᎩᎶ ᎬᏩᏘᏃᎮᎸᎩ ᎠᏍᎦᏯ ᎤᏩᎨᏫ, ᎠᏍᎩᎾ ᎤᏯᎢ.
33. ᎠᏍᎩᎾᏃ ᎠᏥᏄᎪᏫᏒ ᎤᏩᎨᏫ ᎤᏬᏂᏒᎩ. ᎤᏂᏣᏘᏃ ᎤᏂᏍᏆᏂᎪᏒᎩ, ᎯᎠ ᏄᏂᏪᏒᎩ; ᎥᏝ ᎢᎸᎯᏳ ᎾᏍᎩ ᎢᏳᏍᏗ ᎠᎪᎲᎯ ᏱᎩ ᎢᏏᎵᏱ.
34. ᎠᏎᏃ ᎠᏂᏆᎵᏏ ᎯᎠ ᏄᏂᏪᏒᎩ; ᎠᏂᏍᎩᎾ ᎤᎾᏤᎵ ᎤᎬᏫᏳᎯ ᎬᏗᎭ ᏥᏕᎦᏄᎪᏫᏍᎦ ᎠᏂᏍᎩᎾ.
35. ᏥᏌᏃ ᏂᎦᎥ ᏧᏛᎾ ᏕᎦᏚᎲ ᎠᎴ ᏧᏍᏗ ᏕᎦᏚᎲ ᎤᏪᏙᎸᎩ, ᏓᏕᏲᎲᏍᎬᎩ ᏧᏂᎳᏫᎢᏍᏗᏱ, ᎠᎴ ᎠᎵᏥᏙᎲᏍᎬᎩ ᎣᏍᏛ ᎧᏃᎮᏛ ᎦᎸᎳᏗ ᎡᎯ ᎤᎬᏫᏳᎯ ᎨᏒ ᎧᏃᎮᏍᎬᎩ, ᎠᎴ ᏕᎧᏅᏫᏍᎬ ᏂᎦᎥ ᏚᏂᏢᎬ ᎠᎴ ᏂᎦᎥ ᎥᏳᎩ ᏴᏫ ᎤᏂᏱᎵᏕᎲᎢ.
36. ᏚᎪᎲᏃ ᎤᏂᏣᏘ ᏴᏫ, ᏚᏪᏙᎵᏨᎩ, ᎤᏓᎦᎵᏍᏙᏗᏍᎬᎩ ᏩᎾᏉ ᏓᏂᎶᎬᎢ, ᎠᎴ ᎤᎾᏗᎦᎴᏲᏨᎯ ᎨᏒᎢ, ᎾᏍᎩᏯ ᎠᏫ ᎤᏂᏃᏕᎾ ᏁᎲᎾ ᏥᎨᏐ ᎤᏂᎦᏘᏯ.
37. ᎿᎭᏉ ᎯᎠ ᏂᏚᏪᎭᎸ ᎬᏩᏍᏓᏩᏗᏙᎯ; ᎡᏉᎯᏳ ᏠᎨᏏ ᎤᎦᏛᎾᏨᎯ, ᎠᏎᏃ ᎠᏂᎦᏲᎵᏳ ᏧᏂᎸᏫᏍᏓᏁᎯ.
38. ᎾᏍᎩ ᎢᏳᏍᏗ ᎡᏥᏔᏲᏏ ᎤᎶᎨᏛ ᏧᏅᏍᏗᏱ ᏧᏂᎸᏫᏍᏓᏁᎯ ᎤᎦᏛᎾᏤᎸᎢ.

== Matthew 10 ==
1. ᏫᏚᏯᏅᎲᏃ ᏔᎳᏚ ᎢᏯᏂᏛ ᎬᏩᏍᏓᏩᏗᏙᎯ, ᏚᏁᎸ ᎠᏂᏍᎩᎾ ᏧᏂᏄᎪᏫᏍᏗᏱ, ᎠᎴ ᏧᎾᏓᏅᏬᏗᏱ ᏂᎦᎥ ᏚᏂᏢᎬ, ᎠᎴ ᏂᎦᎥ ᎥᏳᎩ.
2. ᎯᎠᏃ ᎾᏍᎩ ᏄᏍᏗ ᏚᎾᏙᎥ ᏔᎳᏚ ᎢᏯᏂᏛ ᎨᏥᏅᏏᏛ. ᎢᎬᏱᏱ ᏌᏩᏂ ᏈᏓ ᏣᏃᏎᎰᎢ, ᎡᏂᏗᏃ ᎾᏍᎩᏉ ᎤᏅᏟ, ᏥᎻᏃ ᏤᏈᏗ ᎤᏪᏥ, ᏣᏂᏃ ᎾᏍᎩᏉ ᎤᏅᏟ.
3. ᏈᎵᎩᏃ, ᏩᏓᎳᎻᏃ, ᏓᎻᏃ, ᎹᏚᏃ ᎠᏕᎸ ᎠᎩᏏᏙᎯ, ᏥᎻᏃ ᎡᎵᏈ ᎤᏪᏥ, ᎴᏈᏯᏃ ᏓᏗᏯ ᏣᏃᏎᎰᎢ,
4. ᏌᏩᏂᏃ ᎠᎨᎾᏂᏗ, ᏧᏓᏏᏃ ᎢᏍᎦᎳᏗ ᎾᏍᎩ ᏥᏌ ᏧᎶᏄᎮᎸᎩ.
5. ᎾᏍᎩ ᎯᎠ ᏔᎳᏚ ᎢᏯᏂᏛ ᏥᏌ ᏚᏅᏒᎩ ᏚᏁᏤᎸᏃ ᎯᎠ ᏂᏚᏪᏎᎸᎩ; ᏧᎾᏓᎴᏅᏛ ᏴᏫ ᏗᏁᎲ ᎢᏗᏢ ᏞᏍᏗ ᏫᏥᎶᏒᎩ, ᎠᎴ ᏌᎺᎵ ᎠᏁᎯ ᏚᏂᏚᎲ ᏞᏍᏗ ᎢᏥᏴᎸᎩ
6. ᎠᏫᏍᎩᏂ ᎤᎾᎴᎾᎯᏛ ᎢᏏᎵ ᏏᏓᏁᎸ ᎨᏒ ᏗᏥᏩᏛᎱᎦ.
7. ᎢᏣᎢᏒᏃ ᎢᏣᎵᏥᏙᎲᏍᎨᏍᏗ, ᎯᎠ ᏂᏥᏪᏍᎨᏍᏗ; ᎦᎸᎳᏗ ᎡᎯ ᎤᎬᏫᏳᎯ ᎨᏒ ᎡᏍᎦᏂᏳ ᏓᏯᎢ.
8. ᏧᏂᏢᎩ ᏕᏥᏅᏫᏍᎨᏍᏗ, ᎠᏓᏰᏍᎩ ᏧᏂᏢᎩ ᏕᏥᏅᎦᎵᏍᎨᏍᏗ, ᏧᏂᏲᎱᏒᎯ ᏕᏣᎴᏗᏍᎨᏍᏗ, ᎠᏂᏍᎩᎾ ᏕᏥᏄᎪᏫᏍᎨᏍᏗ. ᎠᏎᏉ ᎡᏥᏁᎸᎯ, ᎠᏎᏉ ᎢᏣᏓᏁᎮᏍᏗ.
9. ᏞᏍᏗ ᏕᏣᏓᏠᎲ ᏱᏣᏓᏁᎴᏍᏗ ᏓᎶᏂᎨ ᎠᏕᎸ ᎠᎴ ᎤᏁᎬ ᎠᏕᎸ ᎠᎴ ᎥᏣᏱ,
10. ᎠᎴ ᏕᎦᎶᏗ, ᎠᎴ ᏔᎵ ᏗᏣᏄᏬ, ᎠᎴ ᏗᎳᏑᎶ, ᎠᎴ ᏗᏙᎳᏅᏍᏗ; ᏧᎸᏫᏍᏓᏁᎯᏰᏃ ᎤᏩᏛᏗ ᎨᏐ ᎤᎵᏍᏓᏴᏗ.
11. ᎢᎸᎯᏢᏃ ᎤᏛᎾ ᎦᏚᎲ ᎠᎴ ᎤᏍᏗ ᎦᏚᎲ ᎢᏥᎷᎨᏍᏗ, ᎢᏣᏓᏛᏛᎲᏍᎨᏍᏗ ᎩᎶ ᎡᎲ ᎤᏓᏅᏘ, ᎾᎿᎭᏃ ᎢᏥᏁᏍᏗ ᎬᏂ ᎥᏣᏂᎩ.
12. ᎠᏓᏁᎸᏃ ᎢᏥᏴᎭ ᎢᏥᏲᎵᎮᏍᏗ.
13. ᎢᏳᏃ ᎾᎿᎭᎠᏂᏁᎳ ᎤᏩᏙᎯᏯᏛ ᏗᎬᏩᎾᏓᏂᎸᎢᏍᏗ ᎢᎨᏎᏍᏗ, ᎾᏍᎩ ᎤᏩᏙᎯᏯᏛ ᎢᏣᏤᎵ ᎤᏂᎷᏤᏗ ᎨᏎᏍᏗ; ᎢᏳᏃ ᏗᎬᏩᎾᏓᏂᎸᎢᏍᏗ ᏂᎨᏒᎾ ᎢᎨᏎᏍᏗ, ᎾᏍᎩ ᏅᏩᏙᎯᏯᏛ ᎢᏨᏒᏉ ᎢᏥᎷᏤᏗ ᎢᎨᏎᏍᏗ.
14. ᎢᏳᏃ ᎩᎶ ᏂᏗᏣᏓᏂᎸᎬᎾ ᎢᎨᏎᏍᏗ, ᎠᎴ ᎢᏥᏁᎬ ᎾᏛᎩᏍᎬᎾ ᎢᎨᏎᏍᏗ, ᎾᎿᎭᎦᎵᏦᏕ ᎠᎴ ᎦᏚᎲ ᎢᏥᏄᎪᎩ, ᏕᏥᏅᎪᎥᏗᏍᎨᏍᏗ ᎦᏓ ᏗᏣᎳᏏᏕᏂ.
15. ᎤᏙᎯᏳᎯᏯ ᎯᎠ ᏂᏨᏳᏪᏎᎭ, ᎡᏍᎦᏉ ᎢᎦᎢ ᎤᏂᎩᎵᏲᎢᏍᏗ ᎨᏎᏍᏗ ᏐᏓᎻ ᎠᎴ ᎪᎹᎵ, ᏗᎫᎪᏙᏗᏱ ᎢᎦ ᎨᏎᏍᏗ, ᎤᏟᎯᏳ ᎾᏍᎩ Ꮎ ᎦᏚᎲᎢ.
16. ᎬᏂᏳᏉ ᎢᏨᏅᎵ ᎠᏫ ᎤᏂᏃᏕᎾ ᏣᏁᎳᏗᏙᎰ ᏩᏲᎯ ᎾᏍᎩᏯᎢ; ᎾᏍᎩ ᎢᏳᏍᏗ ᎢᎾᏛ ᎢᎨᏥᏏᎾᏌᏂ ᎨᏌᏍᏗ, ᎠᎴ ᎫᎴ-ᏗᏂᏍᎪᏂᎯ ᎢᎨᏣᏓᏅᏘ ᎨᏎᏍᏗ.
17. ᏕᏤᏯᏙᏤᎮᏍᏗ ᎠᏗᎾ ᏴᏫ, ᏕᎦᎳᏫᎥᏰᏃ ᏙᏓᎨᏣᏘᏃᎵ, ᏧᏂᎳᏫᎢᏍᏗᏱᏃ ᏙᏓᎨᏥᎵᎥᏂᎵ.
18. ᎠᎴ ᎠᏴ ᎨᏒ ᏅᏗᎦᎵᏍᏙᏗᏍᎨᏍᏗ ᏄᏂᎬᏫᏳᏌᏕᎩ ᎠᎴ ᎤᏂᎬᏫᏳᎯ ᏚᏃᎸ ᎢᎬᏱᏗᏢ ᏕᏣᏘᏃᎯᎮᏍᏗ, ᎾᏍᎩ ᎤᏅᏒ ᎠᎴ ᏧᎾᏓᎴᏅᏛ ᏴᏫ ᎤᎾᏙᎴᎰᎯᏍᏙᏗ.
19. ᎠᏎᏃ ᎿᎭᏉ ᏕᎨᏣᏘᏃᎯᎮᏍᏗ ᏞᏍᏗ ᏱᏤᎵᎯᏍᎨᏍᏗ ᎢᏳᏍᏗ ᎢᏥᏁᎢᏍᏗᏱ ᎠᎴ ᎢᏥᏪᏍᏗᏱ; ᎾᎯᏳᏉᏰᏃ ᎡᏥᏁᏗ ᎨᏎᏍᏗ ᎢᏥᏪᏍᏗᏱ.
20. ᎥᏝᏰᏃ ᏂᎯ ᏱᏥᏁᎪᎢ, ᎢᏥᏙᏓᏍᎩᏂ ᎤᏓᏅᏙ ᎧᏁᎪᎢ ᏂᎯ ᎢᏨᏗᏍᎪᎢ.
21. ᎠᏍᎦᏯᏃ ᏙᏓᏳᏲᏏ ᎤᏲᎱᎯᏍᏗᏱ ᏗᎾᏓᏅᏟ, ᎠᎦᏴᎵᎨᏃ ᎤᏪᏥ ᏙᏓᏳᏲᏏ, ᎠᎴ ᎣᏂ ᏧᎾᏛᏒᎯ ᏙᏛᎾᏡᏔᏂ ᏧᏂᎦᏴᎵᎨᎢ, ᎠᎴ ᎾᏍᎩ ᏅᏛᏅᏂᏌᏂ ᏗᎨᏥᎢᏍᏗ ᎨᏎᏍᏗ.
22. ᎠᎴ ᎾᏂᎥᏉ ᏴᏫ ᎨᏥᏍᎦᎩ ᎨᏎᏍᏗ ᎠᏴ ᏓᏆᏙᎥ ᏅᏗᎦᎵᏍᏙᏗᏍᎨᏍᏗ; ᎠᏎᏃ ᎾᏍᎩ ᎬᎵᏍᏆᏗᏍᎩ ᎠᏟᏂᎬᏁᎯ ᎠᏥᏍᏕᎸᏗ ᎨᏎᏍᏗ.
23. ᎠᎴ ᎿᎭᏉ ᎤᏲ ᏂᎨᏨᎿᎭᏕᎨᏍᏗ ᎢᎸᎯᏢ ᎦᏚᎲᎢ, ᎢᎶᎵᏍᎨᏍᏗ ᏅᏩᎵᎴ ᏗᎦᏚᎲ ᏫᏥᎶᏍᎨᏍᏗ. ᎤᏙᎯᏳᎯᏯᏰᏃ ᎯᎠ ᏂᏨᏪᏎᎭ, ᎥᏝ ᎢᏏᎵᏱ ᏕᎦᏚᎲᎢ ᏱᎨᏤᏙᏁᏍᏗ ᎿᎭᏉ ᏴᏫ ᎤᏪᏥ ᏓᎦᎷᏥ.
24. ᏗᏕᎶᏆᏍᎩ ᎥᏝ ᎤᏟ ᏱᎾᏥᎸᏉᏙᎢ ᎡᏍᎦᏉ ᏧᏪᏲᎲᏍᎩ, ᎠᎴ ᎠᏥᏅᏏᏓᏍᏗ ᎥᏝ ᎤᏟ ᏱᎾᏥᎸᏉᏙᎢ ᏒᏍᎦᏉ ᎤᏅᏏᏙᎯ.
25. ᏰᎵᏉᏰᏃ ᏗᏕᎶᏆᏍᎩ ᏧᏪᏲᎲᏍᎩ ᎢᏧᎳᎭᏉ ᏱᎩ, ᎠᎴ ᎠᏥᏅᏏᏓᏍᏗ ᎤᏅᏏᏙᎯ ᎢᏧᎳᎭᏉ ᏱᎩ. ᎢᏳᏰᏃ ᏧᏓᏘᎿᎭᎢ ᎠᏓᏁᎸ ᏇᎵᏥᏆ ᏳᏃᏎᎸ, ᎤᏟ ᎠᎯᏗᏳ ᎾᏍᎩ ᎢᏧᏂᏪᏎᏗᏱ ᏚᏓᏘᎿᎭᎥᎢ.
26. ᎾᏍᎩ ᎢᏳᏍᏗ ᏞᏍᏗ ᏱᏗᏥᏍᎦᎢᎮᏍᏗ. ᎥᏝᏰᏃ ᎪᎱᏍᏗ ᏱᎬᏍᎦᎳ ᎾᏍᎩ ᎬᏂᎨᏒ ᎢᏳᎵᏍᏙᏗ ᏂᎨᏒᎾ ᎨᏒᎢ, ᎥᏝ ᎠᎴ ᎪᎱᏍᏗ ᎤᏕᎵᏛ ᏱᎩ ᎾᏍᎩ ᎠᏙᎴᎰᎯᏍᏗ ᏂᎨᏒᎾ ᎨᏒᎢ.
27. ᎤᎵᏏᎬ ᎢᏨᏁᏤᎸᎢ ᎢᎦᎦᏛ ᎢᏥ ᏁᎨᏍᏗ; ᎡᏣᏙᏅᎡᎸᏃ ᎨᏒ ᎦᏌᎾᎵ ᎢᏣᎵᏥᏙᎲᏍᎨᏍᏗ.
28. ᎠᎴ ᏞᏍᏗ ᏱᏗᏥᏍᎦᎢᎮᏍᏗ ᎠᏰᎸᎢ ᎠᏂᎯᎯ, ᎠᏎᏃ ᎠᏓᏅᏙ ᎬᏩᏂᎯᏍᏗ ᏂᎨᏒᎾ ᏥᎩ. ᎤᎬᏫᏳᏎᏍᏗᏍᎩᏂ ᎡᏥᏍᎦᎢᎮᏍᏗ ᎾᏍᎩ ᏗᎬᏩᎯᏍᏗ ᏥᎩ ᎠᏰᎸᎢ ᎠᎴ ᎠᏓᏅᏙ ᎢᏧᎳ ᏨᏍᎩᏃᎢ.
29. ᏝᏍᎪ ᎠᏂᏔᎵ ᏥᏍᏆᏯ ᏌᏉ ᎢᏯᏓᏅᏖᏗ ᏧᎾᎬᏩᎶᏗ ᏱᎩ, ᎠᏎᏃ ᎥᏝ ᏌᏉ ᎡᎳᏗ ᎤᏅᎢᏍᏗ ᏱᎩ ᎢᏥᏙᏓ ᎤᏓᏅᏖᎸᎯ ᏂᎨᏒᎾ.
30. ᎾᏍᏉᏍᎩᏂ ᎢᏥᏍᏘᏰᎬ ᎢᏥᏍᎪᎵ ᏂᎦᏗᏳ ᏗᏎᎸᎯ.
31. ᎾᏍᎩ ᎢᏳᏍᏗ ᏞᏍᏗ ᏱᏥᏍᎦᎢᎮᏍᏗ; ᎤᏟᏰᏃ ᏂᎦᎥ ᏗᏣᎬᏩᎶᏗ ᏂᎯ ᎡᏍᎦᏉ ᎤᏂᏣᏘ ᏥᏍᏆᏯ.
32. ᎩᎶᏰᏃ ᎬᏂᎨᏒ ᎾᏋᏁᎮᏍᏗ ᏴᏫ ᎠᏂᎦᏔᎲᎢ, ᎾᏍᏉ ᎠᏴ ᎾᏍᎩ ᎬᏂᎨᏒ ᎤᏓᏥᏴᏁᎵ ᎡᏙᏓ ᎦᎸᎳᏗ ᎡᎯ ᎠᎦᏔᎲᎢ.
33. ᎩᎶᏍᎩᏂ ᎢᎠᏆᏓᏱᎮᏍᏗ ᏴᏫ ᎠᏂᎦᏔᎲᎢ, ᎾᏍᏉ ᎠᏴ ᎾᏍᎩ ᏓᏥᏯᏓᏱᎵ ᎡᏙᏓ ᎦᎸᎳᏗ ᎡᎯ ᎠᎦᏔᎲᎢ.
34. ᏞᏍᏗ ᏙᎯᏱ ᎤᎾᏄᎪᏫᏏᎸ ᎡᎶᎯ, ᏱᏍᎩᏰᎵᏎᎮᏍᏗ; ᎥᏝᏍᎩᏂ ᏙᎯᏱ ᏯᎩᎾᏄᎪᏫᏏᎸ, ᎠᏰᎳᏍᏗᏍᎩᏂ ᎦᏅᎯᏛ.
35. ᎠᏴᏰᏃ ᎠᎩᎷᏥᎸ, ᏗᎾᏓᏍᎦᎩ ᎢᏳᎵᏍᏙᏗᏱ ᎠᏍᎦᏯ ᎤᏙᏓᏃ, ᎠᎴ ᎠᎦᏅᎩ ᎠᎨᏴ ᎤᏥᏃ, ᎠᎴ ᎤᏓᏦᎯᏯ ᎤᏦᎯᏃ;
36. ᎩᎶᏃ ᎤᏩᏒᏉ ᏚᏓᏘᎿᎭᎥ ᎬᏩᏍᎦᎩ ᎨᏎᏍᏗ.
37. ᎩᎶᏃ ᎤᏟ ᏄᎨᏳᏎᏍᏗ ᎤᏙᏓ ᎠᎴ ᎤᏥ ᎡᏍᎦᏉ ᎠᏴ ᎾᎩᎨᏳᏎᏍᏗ, ᎥᏝ ᏰᎵ ᎾᏍᎩ ᎠᏴ ᎠᏆᏤᎵ ᎢᎬᏩᎵᏍᏙᏗ ᏱᎨᏎᏍᏗ. ᎩᎶᏃ ᎤᏟ ᏄᎨᏳᏎᏍᏗ ᎤᏪᏥ ᎠᏍᎦᏯ ᎠᎴ ᎤᏪᏥ ᎠᎨᏴ ᎡᏍᎦᏉ ᎠᏴ ᎾᎩᎨᏳᏎᏍᏗ, ᎥᏝ ᏰᎵ ᎾᏍᎩ ᎠᏴ ᎠᏆᏤᎵ ᎢᎬᏩᎵᏍᏙᏗ ᏱᎨᏎᏍᏗ.
38. ᎩᎶ ᎾᏱᏍᎬᎾ ᎢᎨᏎᏍᏗ ᎤᏤᎵ ᏧᏓᎿᎭᏩᏛ ᎠᎴ ᎾᎩᏍᏓᏩᏕᎬᎾ ᎢᎨᏎᏍᏗ, ᎥᏝ ᏰᎵ ᎠᏴ ᎠᏆᏤᎵ ᎢᎬᏩᎵᏍᏙᏗ ᏱᎨᏎᏍᏗ.
39. ᎩᎶᏃ ᎬᏅ ᎢᎠᏩᏘᏍᎨᏍᏗ, ᎾᏍᎩ ᎤᏲᎱᏎᏗ ᎨᏎᏍᏗ; ᎩᎶᏃ ᎢᎤᏲᎱᏎᎮᏍᏗ ᎬᏅ ᎠᏴ ᏅᏗᎦᎵᏍᏙᏗᏍᎨᏍᏗ, ᎾᏍᎩ ᎤᏩᏛᏗ ᎨᏎᏍᏗ.
40. ᎩᎶᏃ ᏕᏣᏓᏂᎸᎨᏍᏗ, ᎾᏍᎩ ᎠᏴ ᏓᏆᏓᏂᎸᎨᏍᏗ; ᎩᎶᏃ ᎠᏴ ᏓᏆᏓᏂᎸᎨᏍᏗ, ᎾᏍᎩ ᏓᏓᏂᎸᎨᏍᏗ ᏅᏛᎩᏅᏒᎯ
41. ᎩᎶᏃ ᏓᏓᏂᎸᎨᏍᏗ ᎠᏙᎴᎰᏍᎩ ᎠᏙᎴᎰᏍᎩ ᎨᏒ ᎤᏗᎦᎵᏍᏙᏗᎨᏍᏗ, ᎠᏙᎴᎰᏍᎩ ᎠᎦᎫᏴᏓᏁᏗ ᎨᏒ ᎾᏍᎩ ᎠᎦᎫᏴᏓᏁᎮᏍᏗ; ᎩᎶᏃ ᏓᏓᏂᎸᎨᏍᏗ ᎤᏓᏅᏘ ᎠᏍᎦᏯ ᎤᏓᏅᏘ ᎨᏒ ᎤᏗᎦᎵᏍᏙ ᏗᏍᎨᏍᏗ, ᎤᏓᏅᏘ ᎠᏍᎦᏯ ᎠᎦᎫᏴᏓᏁᏗ ᎨᏒ ᎾᏍᎩ ᎠᎦᎫᏴᏓᏁᎮᏍᏗ.
42. ᎩᎶᏃ ᏌᏉ ᎯᎠ ᏧᎾᏍᏗ ᎨᏒᎢ ᎤᎵᏍᏈᏗᏉ ᎠᎧᎵᎢ ᎤᏴᏜᏓᎠᎹ ᎠᎱᎥᏍᎨᏍᏗ ᎠᎩᏍᏓᏩᏗᏙᎯ ᎨᏒ ᏅᏗᎦᎵᏍᏙᏗᏍᎨᏍᏗ, ᎤᏙᎯᏳᎯᏯ ᏂᏨᏪᏎᎭ, ᎥᏝ ᎾᏍᎩ ᎤᏲᎱᏎᏗ ᏱᎨᏎᏍᏗ ᎠᎦᎫᏴᎡᏗ ᎨᏒᎢ.

== Matthew 11 ==
1. ᎯᎠᏃ ᏄᎵᏍᏔᏅᎩ; ᏥᏌ ᎤᏍᏆᏛ ᏕᎧᏁᏤᎲ ᏔᎳᏚ ᎢᏯᏂᏛ ᎬᏩᏍᏓᏩᏗᏙᎯ, ᎤᏂᎩᏒᎩ ᎾᎿᎭᏂ, ᏚᏕᏲᎤᏒᎩ ᎠᎴ ᎤᎵᏥᏙᏅᏒᎩ ᏚᏂᏚᎿᎭᎥᎢ.
2. ᎿᎭᏉᏃ ᏣᏂ ᏣᏥᏍᏚᎲ ᏧᏛᎦᏅ ᏄᏍᏛ ᏚᎸᏫᏍᏓᏁᎲ ᎦᎶᏁᏛ, ᏙᏧᏅᏎ ᎠᏂᏔᎵ ᎬᏩᏍᏓᏩᏗᏙᎯ,
3. ᎯᎠ ᏅᏓᏳᏪᏎᎸᎩ; ᏂᎯᏍᎪ Ꮎ ᎤᎷᎯᏍᏗ ᏥᎩ, ᏥᎪᎨ ᏅᏩᏓᎴ ᎣᏥᎦᏖᏃᎮᏍᏗ?
4. ᏥᏌᏃ ᎤᏁᏨ ᎯᎠ ᏂᏚᏪᏎᎸᎩ; ᏥᏍᏕᎾ ᏣᏂ ᏫᎡᏍᏗᏃᎲᏏ ᏂᎦᎥ ᎢᏍᏓᏛᎩᏍᎬᎢ ᎠᎴ ᎢᏍᏗᎪᏩᏘᏍᎬᎢ:
5. ᏗᏂᎨᏫ ᎠᏂᎪᏩᏘᎭ, ᏗᏂᏲᎤᎵᏃ ᎠᏁᏙᎭ, ᎠᏓᏰᏍᎩ ᏧᏂᏢᎩ ᏚᎾᏗᏩᏍᎦ, ᏧᏂᎵᎡᎾᏃ ᎠᎾᏛᎩᎭ, ᏧᏂᏲᎱᏒᎯᏃ ᏕᎨᎦᎴᏗᎭ ᎤᏲᏃ ᎢᏳᎾᏛᎿᎭᏕᎩ ᎣᏍᏛ ᎧᏃᎮᏛ ᎢᎨᎦᎵᏥᏙᏁᎭ.
6. ᎠᎴ ᎣᏏᏳ ᎢᏳᎵᏍᏓᏁᏗ ᎩᎶᏂᏗᏥᏲᏕᏍᏗᏍᎬᎾ ᎢᎨᏎᏍᏗ.
7. ᎢᎤᏁᏅᏃ ᏥᏌ ᎤᎴᏅᎲᎩ ᎯᎠ ᏂᏚᏪᏎᎸᎩ ᎤᏂᏣᏘ ᏣᏂ ᏚᏃᎮᏓᏁᎸᎩ; ᎦᏙ ᎢᏣᎦᏔᏅᏎ ᎢᎾᎨᎢ? ᏩᏐᎾᏍᎪ ᎤᏃᎴ ᎤᏖᎸᎮᏍᎬᎢ?
8. ᎦᏙᎨ ᎢᏣᎦᏔᏅᏎᎢ? ᎠᏍᎦᏯᏍᎪ ᏗᏩᎾᎨ ᏧᏄᏩᎢ? ᎬᏂᏳᏉ ᏗᏩᎾᎨ ᏧᎾᏄᏩᎢ ᎤᏂᎬᏫᏳᎯ ᏓᏂᏁᎸ ᎠᏁᎰᎢ.
9. ᎦᏙᎨ ᎢᏣᎦᏔᏅᏎᎢ? ᎠᏙᎴᎰᏍᎩᏍᎪ? ᎥᎥ, ᎢᏨᏲᏎᎭ, ᎠᎴ ᎤᏟᎯᏳ ᎡᏍᎦᏉ ᎠᏙᎴᎰᏍᎩ.
10. ᎾᏍᎩᏍᎩᏂ ᎯᎠ Ꮎ ᎨᎪᏪᎸ ᎯᎠ ᎠᏥᏃᎮᎸᏍᎬ ᏥᏂᎬᏅ; ᎬᏂᏳᏉ, ᏥᏅᎵ ᏥᏅᏏᏓᏍᏗ ᏣᎧᏛ ᎢᎬᏱᏗᏢ, ᎾᏍᎩ ᏓᏣᏛᏅᎢᏍᏓᏁᎵ ᏣᎶᎯᏍᏗᏱ ᎢᎬᏱᏗᏢ.
11. ᎤᏙᎯᏳᎯᏯ ᎯᎠ ᏂᏨᏪᏎᎭ, ᎠᏂᎨᏴ ᎬᏩᏂᎾᏄᎪᏫᏒᎯ ᏥᎩ ᎥᏝ ᎩᎶ ᏳᎾᏄᎪᏨ ᎬᏩᏓᎵᏁᎯᏕᏗ ᏣᏂ ᏗᏓᏬᏍᎩ; ᎠᏎᏃ ᎤᏍᏗᎧᏂ ᎦᎸᎳᏗ ᎡᎯ ᎤᎬᏫᏳᎯ ᎨᏒ ᎤᏟ ᎠᏥᎸᏉᏗᏳ ᎡᏍᎦᏉ ᏣᏂ.
12. ᏣᏂᏃ ᏗᏓᏬᏍᎩ ᎤᎾᏄᎪᏨ ᏅᏓᎬᏩᏓᎴᏅᏛ ᎪᎯ ᎢᏯᏍᏘ ᎦᎸᎳᏗ ᎡᎯ ᎤᎬᏫᏳᎯ ᎨᏒ ᎠᎾᏁᎷᎩᎡᎭ, ᎠᎾᏁᎷᎩᏍᎩᏃ ᎬᏍᎦᎢᏍᏓᎩ ᏓᏂᏂᏱᎭ.
13. ᎾᏂᎥᏰᏃ ᎠᎾᏙᎴᎰᏍᎩ ᎠᎴ ᏗᎧᎿᎭᏩᏛᏍᏗ ᎠᎾᏙᎴᎰᏍᎬᎩ ᏣᏂ ᎤᎾᏄᎪᏥᎸ ᎢᏯᏍᏘ.
14. ᎢᏳᏃ ᏗᎨᏣᏓᏂᎸᎢᏍᏗ ᎨᏎᏍᏗ, ᎾᏍᎩ ᎯᎠ ᎢᎳᏯ ᎤᎷᎯᏍᏗ ᏥᎨᏒᎩ.
15. ᎩᎶ ᏕᎦᎵᎷᎨᏍᏗ ᎤᏛᎪᏗᏱ ᎾᏍᎩ ᎠᏛᎩᏍᎨᏍᏗ.
16. ᎦᏙᎨ ᏙᏓᎦᏥᏯᏟᎶᏍᏔᏂ ᎯᎠ ᎪᎯ ᏣᏁᎭ? ᏗᏂᏲᎵᏉ ᎾᏍᎩᏯ ᎦᏃᏙᏗᏱ ᏣᏂᏃᎢ ᎠᎴ ᏥᏫᏓᏂᏯᏂᏍᎪ ᎤᏁᏓᏍᏗ;
17. ᎠᎴ ᎯᎠ ᏥᏂᏓᏂᏪᏎᎰᎢ; ᎠᏤᎷᎩ ᎣᎬᏔᏅ ᏕᏨᏃᎩᎡᎸ, ᎠᏎᏃ ᎥᏝ ᏱᏣᎵᏍᎩᏒ; ᏙᏥᏴᎬᎩ ᎢᏣᏛᎪᏗ, ᎠᏎᏃ ᎥᏝ ᏱᏗᏣᏠᏱᎸ.
18. ᏣᏂᏰᏃ ᎤᎷᏨᎩ ᎥᏝ ᏯᎵᏍᏓᏴᎲᏍᎨᎢ ᎠᎴ ᎥᏝ ᏯᏗᏔᏍᎨᎢ, ᎠᏎᏃ ᏂᎠᏂᏪᎭ; ᎠᏍᎩᎾ ᎤᏯᎠ.
19. ᏴᏫ ᎤᏪᏥ ᎤᎷᏨ ᎠᎵᏍᏓᏴᎲᏍᎦ ᎠᎴ ᎠᏗᏔᏍᎦ, ᎯᎠᏃ ᏂᎠᏂᏪᎭ; ᎬᏂᏳᏉ ᎠᏍᎦᏯ ᎤᎬᎥᏍᎩ ᎠᎵᏍᏓᏴᏗ ᎠᎴ ᎩᎦᎨ-ᎠᏗᏔᏍᏗ, ᎠᏕᎸ ᎠᏂᎩᏏᏙᎯ ᎠᎴ ᎠᏂᏍᏕᎾ ᎤᎾᎵᎢ. ᎠᏎᏃ ᎠᎦᏔᎿᎭᎢ ᏧᏪᏥ ᎣᏏᏳ ᎢᎬᏩᏰᎸᎭ.
20. ᎿᎭᏉᏃ ᎤᎴᏅᎲᎩ ᏚᎬᏍᎪᎸᏅᎩ ᏚᏂᏚᎲᎢ ᎾᎿᎭᎤᏟ ᎢᎦᎢ ᎤᏍᏆᏂᎪᏗ ᏚᎸᏫᏍᏓᏁᎸᎢ, ᏅᏓᎦᎵᏍᏙᏗᏍᎬᎩ ᏚᎾᏓᏅᏛ ᏂᏚᏂᏁᏟᏴᏒᎾ ᎨᏒᎢ.
21. ᎤᏲᎢᏳ ᎢᏣᎵᏍᏓᏁᏗ ᎪᎴᏏᏂ, ᎤᏲᎢᏳ ᎢᏣᎵᏍᏓᏁᏗ ᏇᏣᏱᏗ; ᎢᏳᏰᏃ ᎤᏍᏆᏂᎪᏗ ᏕᎦᎸᏫᏍᏓᏁᎸ ᏂᎯ ᎢᏤᎲ ᏱᏙᎦᎸᏫᏍᏓᏁᎴ ᏔᏯ ᎠᎴ ᏌᏙᏂ, ᎪᎯᎩ ᏗᎬᏩᏂᏁᏟᏴᏛ ᏱᎨᏎ ᏚᎾᏓᏅᏛᎢ, ᏧᏏᏕᎾ ᏱᏚᎾᏄᏬᎡ ᎠᎴ ᎪᏍᏚ ᏳᎾᏓᏅᎵᏰᎡᎢ.
22. ᎠᏎᏃ ᎯᎠ ᏂᏨᏪᏎᎭ; ᎡᏍᎦᏉ ᎢᎦᎢ ᎤᏂᎩᎵᏲᎢᏍᏗ ᎨᏎᏍᏗ ᏔᏯ ᎠᎴ ᏌᏙᏂ, ᏗᎫᎪᏙᏗᏱ ᎢᎦ ᎨᏎᏍᏗ, ᎤᏟᎯᏳ ᏂᎯ.
23. ᏂᎯᏃ ᎨᏆᏂ ᎦᎸᎳᏗ ᎢᏴᏛ ᏤᏣᏌᎳᏓ, ᏨᏍᎩᏃᎢ ᏮᏓᏰᎶᎥᏔᏂ; ᎢᏳᏰᏃ ᎤᏍᏆᏂᎪᏗ ᏕᎦᎸᏫᏍᏓᏁᎸ ᏂᎯ ᎢᏤᎲ ᏱᏙᎦᎸᏫᏍᏓᏁᎴ ᏐᏓᎻᏱ, ᎠᏏ ᎪᎯ ᎨᏒ ᏱᏂᎬᏩᏍᏕᏉ.
24. ᎠᏎᏃ ᎯᎠ ᏂᏨᏪᏎᎭ; ᎡᏍᎦᏉ ᎢᎦᎢ ᎤᏂᎩᎵᏲᎢᏍᏗ ᎨᏎᏍᏗ ᏐᎵᎻ ᏗᎫᎪᏙᏗᏱ ᎢᎦ ᎨᏎᏍᏗ, ᎤᏟᎯᏳ ᏂᎯ.
25. ᎾᎯᏳ ᏥᏌ ᎤᏁᏨ ᎯᎠ ᏄᏪᏒᎩ; ᎬᏯᎵᎡᎵᏤᎭ ᎡᏙᏓ, ᏣᎬᏫᏳᎯ ᎦᎸᎳᏗ ᎠᎴ ᎡᎶᎯ, ᎾᏍᎩ ᎯᎠ ᏥᏕᎲᏍᎦᎳᏁᎸ ᎠᏂᏏᎾᏌᏂ ᎠᎴ ᎠᏁᏯᏔᎯ, ᏗᏂᏲᎵᏃ ᏥᏕᎯᎾᏄᎪᏫᏎᎸ.
26. ᎥᎥ, ᎡᏙᏓ, ᎾᏍᎩᏰᏃ ᎣᏏᏳ ᏣᏰᎸᏅᎯ.
27. ᏂᎦᎥ ᎪᎱᏍᏗ ᏓᎩᏲᎯᏎᎸ ᎡᏙᏓ, ᎠᎴ ᎥᏝ ᎩᎶ ᏯᎦᏔᎭ ᎤᏪᏥ ᎤᏙᏓᏉ ᎤᏩᏒ; ᎥᏝ ᎠᎴ ᎩᎶ ᏯᎦᏔᎭ ᎠᎦᏴᎵᎨᎢ ᎤᏪᏥ ᎤᏩᏒ, ᎩᎶᏃ ᎾᏍᎩ ᏥᎾᏄᎪᏫᏏ ᎡᎳ ᎤᏪᏥ.
28. ᎡᏤᎾ, ᎠᏴ ᏍᎩᎷᏥ, ᏂᎦᏗᏳ ᎠᎩᎵᏯ ᏗᏥᎸᏫᏍᏓᏁᎯ, ᎠᎴ ᎦᎨᏛ ᏗᏣᎵᏎᎯ, ᎠᏴᏃ ᏓᏨᏯᏪᏐᎸᏍᏔᏂ.
29. ᎢᏥᏴ ᎠᏆᎩᎳᎾᎶ ᎠᎴ ᏍᎩᏯᏕᎶᏆᏏ, ᎠᏆᏓᏅᏘᏳᏰᏃ ᎠᎴ ᎠᏆᏓᏙᎵᏍᏗᏳ ᎠᎩᎾᏫᏱ, ᏓᏥᏩᏛᎯᏃ ᏗᏣᏓᏅᏙ ᏧᏯᏪᏐᎸᏍᏗᏱ.
30. ᎠᏆᎩᎳᎾᎶᏰᏃ ᏄᎯᏐᏛᎾ, ᎦᎵᏎᎲᏃ ᎤᏓᏌᎧᎯᏳ.

== Matthew 12 ==
1. ᎾᎯᏳ ᏥᏌ ᎠᎢᏒᎩ ᎠᏫᏒ ᎤᏣᎴᏍᏗ ᎤᎾᏙᏓᏆᏍᎬ ᎢᎦ; ᎬᏩᏍᏓᏩᏗᏙᎯᏃ ᎠᎪᏄ ᏚᏂᏲᏏᏍᎬᎩ, ᎠᎴ ᎤᎾᎴᏅᎲᎩ ᎤᏂᏍᎫᏕᏒᎩ ᎤᏣᎴᏍᏗ ᎠᎴ ᎤᏂᏍᏗᎬᎩ.
2. ᎠᏎᏃ ᎠᏂᏆᎵᏏ ᎤᎾᏙᎴᎰᏒ ᎯᎠ ᏅᎬᏩᏪᏎᎸᎩ; ᎬᏂᏳᏉ ᎢᎬᏛᏁᏗ ᏂᎨᏒᎾ ᎤᎾᏙᏓᏆᏍᎬ ᎢᎦ ᎾᎾᏛᏁ ᎨᏣᏍᏓᏩᏗᏙᎯ.
3. ᎠᏎᏃ ᎯᎠ ᏂᏚᏪᏎᎸᎩ; ᏝᏍᎪ ᏱᏥᎪᎵᏰᎣ ᏕᏫ ᏄᏛᏁᎸ ᎠᎪᏄ ᏧᏲᏏᏍᎨ, ᎠᎴ ᎾᏍᎩ ᎠᏁᎯ,
4. ᎤᏁᎳᏅᎯ ᎤᏤᎵ ᎠᏓᏁᎸ ᏧᏴᎴᎢ, ᎠᎴ ᎠᎦᏙᏗ ᎦᏚ ᏧᎨᎢ, ᏰᎵ ᎬᏩᎩᏍᏗ ᏂᎨᏒᎾ ᏥᎨᏎᎢ, ᎠᎴ ᎾᏍᎩ ᎠᏁᎯ, ᎠᏥᎸᏍᎩᏂ-ᎠᏁᎶᎯ ᎤᏅᏒ?
5. ᏝᏍᎪ ᎾᏍᏉ ᏱᏥᎪᎵᏰᎣ ᏗᎧᎿᎭᏩᏛᏍᏗᏱ ᎾᏍᎩ ᎤᎾᏙᏓᏆᏍᎬ ᎢᎦ ᎤᏛᎾ ᏗᎦᏔᏫᎢᏍᏗᏱ ᎠᏥᎸ-ᎠᏁᎶᎯ ᎤᎾᏙᏓᏆᏍᎬ ᎠᏂᏲᏍᏗᏍᎬ, ᎠᎴ ᎤᏂᏍᎦᏅᏨᎯ ᏂᎨᏒᎾ ᎨᏒᎢ?
6. ᎠᏎᏃ ᎯᎠ ᏂᏨᏪᏎᎭ; ᎠᏂ ᎡᏙᎭ ᎤᏟ ᎠᏥᎸᏉᏗᏳ ᎡᏍᎦᏉ ᎤᏛᎾ ᏗᎦᎳᏫᎢᏍᏗᏱ.
7. ᏱᏥᎦᏙᎥᏎᏍᎩᏂ ᎦᏛᎬ ᎯᎠ ᎾᏍᎩ ᏥᏂᎦᏪᎠ, ᎠᏓᏙᎵᏍᏗ ᎨᏒ ᎠᏆᏚᎵᎭ, ᎥᏝᏃ ᎠᏥᎸ-ᎨᎳᏍᏗᏱ ᎨᏒᎢ, ᎥᏝ ᎤᏂᏍᎦᏅᏨᎯ ᏱᏙᎨᏥᏰᎸᏁ ᏄᏂᏍᎦᏅᏨᎾ.
8. ᏴᏫᏰᏃ ᎤᏪᏥ ᎤᎬᏫᏳᎯ ᎾᏍᏉ ᎤᎾᏙᏓᏆᏍᎬ ᎢᎦ.
9. ᎾᎿᎭᏃ ᎢᎤᏓᏅᏒ, ᏧᏂᎳᏫᎢᏍᏗᏱ ᏭᏴᎸᎩ.
10. ᎬᏂᏳᏉᏃ ᎡᏙᎲᎩ ᎠᏍᎦᏯ ᎤᏬᏰᏂ ᎤᏩᎢᏎᎸᎯ. ᎬᏩᏛᏛᏅᎩᏃ ᎯᎠ ᏄᏂᏪᏒᎩ; ᏥᎪ ᏰᎵᏉ ᎬᏓᏅᏬᏗ ᎤᎾᏙᏓᏆᏍᎬᎢ; ᎬᏩᏱᎵᏓᏍᏗᏱ ᎤᎾᏚᎵᏍᎬᎩ.
11. ᎯᎠᏃ ᏂᏚᏪᏎᎸᎩ; ᏥᎪ ᎠᏍᎦᏯ ᎤᏓᏑᏯ ᎢᏤᎲᎢ, ᎢᏳᏃ ᏌᏉ ᎠᏫ ᎤᏃᏕᎾ ᏳᎾᏝᎠ, ᎠᏔᎴᏒᏃ ᏳᎸᏨ ᎤᎾᏙᏓᏆᏍᎬᎢ, ᎾᏍᎩ ᏭᏂᏴᏗ ᎠᎴ ᏭᎴᏍᏗ ᏂᎨᏒᎾ?
12. ᏂᎦᎥᏍᎩᏂ ᎤᏟᎯᏳ ᎠᏥᎸᏉᏗᏳ ᏴᏫ ᎡᏍᎦᏉ ᎠᏫ ᎤᏃᏕᎾ. ᎾᏍᎩᏍᎩᏂ ᎢᏳᏍᏗ ᏰᎵᏉ ᎣᏍᏛ ᏗᎦᎸᏫᏍᏓᏁᏗ ᎤᎾᏙᏓᏆᏍᎬ ᎢᎦ.
13. ᎿᎭᏉᏃ ᎯᎠ ᏄᏪᏎᎸ ᎠᏍᎦᏯ; ᎭᏙᏯᏅᎯᏓ; ᎤᏙᏯᏅᎯᏛᎩᏃ. ᎠᎴ ᎤᏗᏩᏒᎩ, ᎾᏍᎩᏯ ᏐᎢ ᏄᏍᏛ ᏄᎵᏍᏔᏅᎩ.
14. ᎿᎭᏉᏃ ᎠᏂᏆᎵᏏ ᎤᏂᏄᎪᏨ ᎤᏂᏃᎮᎸ ᎢᏳᏅᏁᏗᏱ ᎤᏂᎯᏍᏗᏱ.
15. ᎠᏎᏃ ᏥᏌ ᎤᏙᎴᎰᏒ ᎾᎿᎭᎤᏓᏅᏒᎩ; ᎤᏂᏣᏘᏃ ᎬᏩᏍᏓᏩᏛᏒᎩ; ᎠᎴ ᏂᎦᏛ ᏚᏅᏩᏅᎩ,
16. ᎠᎴ ᏚᏅᏍᏓᏕᎸ ᎬᏂᎨᏒ ᎢᎬᏩᏁᏗᏱ.
17. ᎤᏙᎯᏳᏗᏱ ᎠᏰᎸᏒᎩ ᎢᏌᏯ ᎠᏙᎴᎰᏍᎩ ᏧᏁᏤᎢ, ᎯᎠ ᏥᏄᏪᏎᎢ;
18. ᎬᏂᏳᏉ ᏥᏅᏏᏓᏍᏗ ᏥᏯᏑᏰᏛ ᏥᎨᏳᎢ ᏗᏆᏓᏅᏛ ᎢᏴᏛ ᎣᏍᏛ ᏥᏰᎸᎢ; ᏓᏥᏁᎵ ᎠᏆᏓᏅᏙ, ᎠᎴ ᏧᎾᏓᎴᏅᏛ ᏴᏫ ᏚᏳᎪᏛ ᏧᎾᏄᎪᏫᏎᏗ ᎨᏎᏍᏗ.
19. ᎥᏝ ᏧᏘᏲᏍᏗ ᎠᎴ ᎤᏪᎷᏗ ᏱᎨᏎᏍᏗ, ᎥᏝ ᎠᎴ ᎩᎶ ᎤᏛᎦᏁᏗ ᏱᎨᏎᏍᏗ ᎧᏁᎬ ᏕᎦᎳᏅᏛᎢ.
20. ᏩᏐᎾ ᎤᏰᏓᏬᏨᎯ ᎥᏝ ᏧᏍᏆᎵᏍᏗ ᏱᎨᏎᏍᏗ, ᎠᎴ ᏙᎴᏛ ᏧᎦᏒᏍᏗ ᎥᏝ ᎤᏩᏜᏓᏗᏍᏗ ᏱᎨᏎᏍᏗ, ᎬᏂ ᎠᏓᎵᏁᎯᏙᏅᎭ ᏚᏳᎪᏛ ᎨᏒ ᏓᏰᎵᎯᏍᏗᏍᎬᎢ.
21. ᎠᎴ ᏚᏙᎥ ᏧᎾᏓᎴᏅᏛ ᏴᏫ ᎠᎾᎵᏍᎦᏍᏙᏗᏍᎨᏍᏗ.
22. ᎿᎭᏉᏃ ᎠᎦᏘᏃᎮᎸᎩ ᎠᏍᎩᎾ ᎤᏯᎢ ᏗᎨᏫ ᎠᎴ ᎤᏩᎨᏫ, ᎠᎴ ᎤᏅᏩᏅᎩ; ᎾᏍᎩᏃ ᏗᎨᏫ ᎠᎴ ᎤᏩᎨᏫ ᎤᏬᏂᏒᎩ ᎠᎴ ᎤᎪᎲᎩ.
23. ᏂᎦᏛᏃ ᏴᏫ ᎤᏂᏍᏆᏂᎪᏒᎩ, ᎯᎠ ᏄᏂᏪᏒᎩ; ᏝᏍᎪ ᎯᎠ ᏕᏫ ᎤᏪᏥ ᏱᎩ?
24. ᎠᏎᏃ ᎠᏂᏆᎵᏏ ᎤᎾᏛᎦᏅ, ᎯᎠ ᏄᏂᏪᏒᎩ; ᎯᎠ ᎥᏝ ᎠᏂᏍᎩᎾ ᏱᏗᎦᏄᎪᏫᏍᎦ ᎬᏂ ᏧᏍᏕᎵᏍᎪ ᏇᎵᏥᏆ ᎤᎬᏫᏳᎯ ᎠᏂᏍᎩᎾ ᎤᎾᏤᎵᎦ.
25. ᎠᎴ ᏥᏌ ᎠᎦᏔᎲ ᏄᏍᏛ ᎠᎾᏓᏅᏖᏍᎬᎢ, ᎯᎠ ᏂᏚᏪᏎᎸᎩ; ᏂᎦᎥ ᎠᏰᎵ ᎪᏢᏒᎢ ᏔᎵ ᏥᎾᏓᏗᏍᎪ ᎤᏩᏒᏉ ᏣᏓᏡᏗᏍᎪ ᎠᏲᎪᏉ; ᎠᎴ ᏂᎦᎥ ᎦᏚᎲ ᎠᎴ ᎠᏓᏁᎸ ᏔᎵ ᏥᎾᏓᏗᏍᎪ ᎤᏩᏒᏉ ᏣᏓᏡᏗᏍᎪ ᎥᏝ ᏱᏂᎬᏩᏍᏙᏉ.
26. ᎢᏳ ᎠᎴ ᏎᏓᏂ ᏎᏓᏂ ᏱᎦᏄᎪᏫᏍᎦ, ᏔᎵ ᎾᏓᏗᏍᎪᎢ ᎤᏩᏒᏉ ᎠᏓᏡᏗᏍᎪᎢ; ᎦᏙᏃ ᏱᎦᎵᏍᏙᏓ ᏱᏂᎬᏩᏍᏗᏉ ᎤᏤᎵᎪᎯ?
27. ᎢᏳᏃ ᎠᏴ ᏇᎵᏥᏆ ᏯᎩᏍᏕᎵ ᎠᏂᏍᎩᎾ ᏱᏗᏥᏄᎪᏫᏍᎦ, ᎦᎪ ᎤᏂᏍᏕᎵᏍᎪ ᏗᏤᏥ ᏥᏓᏂᏄᎪᏫᏍᎪᎢ? ᎾᏍᎩᏍᎩᏂ ᏗᎨᏧᎪᏓᏁᎯ ᎨᏎᏍᏗ.
28. ᎢᏳᏍᎩᏂ ᎠᏴ ᎤᏁᎳᏅᎯ ᎤᏓᏅᏙ ᏱᎬᏗ ᎠᏂᏍᎩᎾ ᏱᏗᏥᏄᎪᏫᏍᎦ, ᎿᎭᏉᏍᎩᏂ ᎦᎸᎳᏗ ᎡᎯ ᎤᎬᏫᏳᎯ ᎨᏒ ᎢᏥᎷᏤᎸ.
29. ᎠᎴ ᎦᏙ ᏯᏛᎦ ᎩᎶ ᎤᎵᏂᎩᏛ ᎠᏍᎦᏯ ᎦᏁᎸ ᏯᏴᎭ ᎠᎴ ᎤᎿᎭᎥ ᏯᏬᏅ, ᎢᏳᏃ ᎢᎬᏱ ᏄᎸᎸᎾ ᏱᎩ ᎾᏍᎩ ᎤᎵᏂᎩᏛ ᎠᏍᎦᏯ? ᎩᎳ ᎿᎭᏉ ᏯᏬᏅ ᎦᏁᎸᎢ ᎤᎿᎭᎥᎢ.
30. ᎩᎶ ᎾᏆᎵᎪᏁᎲᎾ, ᎾᏍᎩ ᎠᏆᏡᏗᎭ; ᎩᎶᏃ ᏃᏍᏗᏟᏏᏍᎬᎾ, ᎾᏍᎩ ᏯᏗᎦᎴᏯᏍᎦ.
31. ᎾᏍᎩ ᎢᏳᏍᏗ ᎯᎠ ᏂᏨᏪᏎᎭ; ᏂᎦᎥ ᏄᏓᎴᏒ ᎠᏍᎦᏅᎢᏍᏗ ᎨᏒ ᎠᎴ ᎠᏐᏢᏙᏗ ᎨᏒ ᎨᏥᏙᎵᏍᏗᏉ ᎨᏎᏍᏗ ᏴᏫ; ᎦᎸᏉᏗᏳᏍᎩᏂ ᎠᏓᏅᏙ ᎠᏐᏢᏙᏗ ᎨᏒ ᎥᏝ ᎨᏥᏙᎵᏍᏗ ᏱᎨᏎᏍᏗ ᏴᏫ.
32. ᎠᎴ ᎩᎶ ᎦᏬᏂᏍᎬ ᎠᏡᏗᏍᎨᏍᏗ ᏴᏫ ᎤᏪᏥ, ᎠᏥᏙᎵᏍᏗᏉ ᎨᏎᏍᏗ; ᎩᎶᏍᎩᏂ ᎦᏬᏂᏍᎬ ᎠᏡᏗᏍᎨᏍᏗ ᎦᎸᏉᏗᏳ ᎠᏓᏅᏙ, ᎥᏝ ᎠᏥᏙᎵᏍᏗ ᏱᎨᏎᏍᏗ ᎪᎯ ᎨᏒ ᎠᎴ ᎾᏍᏉ ᏐᎢᏱ ᏗᎨᏒᎢ.
33. ᏡᎬ ᎣᏍᏛ ᏂᏨᎦ ᎤᏛᏃ ᎣᏍᏛ, ᎠᎴ ᏡᎬ ᎤᏐᏅ ᏂᏨᎦ ᎤᏛᏃ ᎤᏐᏅᎢ; ᏡᎬᏰᏃ ᎪᎵᏍᏙᏗ ᎨᏐ ᏄᏍᏛ ᎤᏛᎢ.
34. Ᏺ ᎢᎾᏛ ᏧᏁᏥ ᏂᎯ! ᏥᏂᏥᏲᎢᏴ ᎦᏙ ᏱᎦᎵᏍᏙᏓ ᎣᏍᏛ ᏱᏥᏬᏂᎯ? ᎤᏣᏛᏰᏃ ᎣᎾᏫᏱ ᎣᏪᎲᎢ ᎥᎰᎵ ᎦᏬᏂᏍᎪᎢ.
35. ᎣᏍᏛ ᏴᏫ, ᎣᏍᏛ ᎤᏍᏆᏂᎪᏛ ᎤᎾᏫᏱ, ᎣᏍᏛ ᎦᎾᏄᎪᏫᏍᎪᎢ. ᎤᏲᏃ ᏴᏫ, ᎤᏲ ᎤᏍᏆᏂᎪᏛ ᎤᏲ ᎦᎾᏄᎪᏫᏍᎪᎢ.
36. ᎯᎠᏃ ᏂᏨᏪᏎᎭ; ᏂᎦᎥ ᎤᏲ ᎠᏂᏬᏂᏍᎬ ᏴᏫ, ᎤᏂᏃᎮᏗ ᎨᏎᏍᏗ ᏗᎫᎪᏙᏗᏱ ᎢᎦ ᎨᏒᎢ.
37. ᎯᏁᎬᏰᏃ ᏣᏚᏓᎴᏍᏙᏗ ᎨᏎᏍᏗ, ᎠᎴ ᎯᏁᎬ ᏣᏍᎦᏅᏨ ᏗᏣᏚᎪᏓᏁᏗ ᎨᏎᏍᏗ.
38. ᎿᎭᏉᏃ ᎩᎶ ᎢᏳᎾᏍᏗ ᏗᏃᏪᎵᏍᎩ ᎠᎴ ᎠᏂᏆᎵᏏ ᎤᏂᏁᏨ, ᎯᎠ ᏄᏂᏪᏒᎩ; ᏔᏕᏲᎲᏍᎩ, ᎤᏰᎸᏛ ᎣᎦᏚᎵ ᎢᏨᎪᏩᏛᎡᏗᏱ.
39. ᎤᏁᏨᏃ ᎯᎠ ᏂᏚᏪᏎᎸᎩ; ᎪᎯ ᏣᏁᎭ ᎤᏂᏲ ᎠᎴ ᏗᎾᏓᏲᏁᎯ ᎤᏰᎸᏛ ᎤᏂᏲᎰᎢ; ᎠᏎᏃ ᎤᏰᎸᏛ ᎥᏝ ᎨᏥᏁᏗ ᏱᎨᏎᏍᏗ, ᏦᎾ ᎠᏙᎴᎰᏍᎩ ᎤᏤᎵᎦ ᎤᏰᎸᏛ ᎤᏩᏒ.
40. ᏦᎾᏰᏃ ᏦᎢ ᎢᎦ ᎠᎴ ᏦᎢ ᏒᏃᏱ ᎠᏣᏗ ᎡᏆ ᎤᏍᏉᎵᏱ ᏣᏯᎡᎢ, ᎾᏍᏉᏍᎩᏂ ᏴᏫ ᎤᏪᏥ ᏦᎢ ᎢᎦ ᎠᎴ ᏦᎢ ᏒᏃᏱ ᎦᏙᎯ ᎭᏫᏂ ᎠᏯᎡᏍᏗ.
41. ᏴᏫ ᏂᏂᏫ ᏣᏁᎲᎩ ᏙᏛᎾᎴᏂ ᏓᎬᏩᎾᏡᏔᏂ ᎪᎯ ᏣᏁᎭ, ᏗᎫᎪᏙᏗᏱ ᎢᎦ ᎨᏒᎢ, ᎠᎴ ᎤᏂᏍᎦᏅᏨ ᎬᏂᎨᏒ ᎤᏛᏅᏁᎵ; ᎾᏍᎩᏰᏃ ᏚᎾᏓᏅᏛ ᏚᏂᏁᏟᏴᏒᎩ ᏦᎾ ᎠᎵᏥᏙᎲᏍᎬ ᏄᏩᏂᏌᏅᎩ, ᎬᏂᏳᏉᏃ ᎠᏂ ᎡᏙᎭ ᎤᏟ ᎠᏥᎸᏉᏗᏳ ᎡᏍᎦᏉ ᏦᎾ.
42. ᎤᎬᏫᏳᎯ ᎠᎨᏴ ᏧᎦᎾᏮ ᏤᎮᎢ ᏙᏛᎴᏂ ᏓᏳᎾᏡᏔᏂ ᎪᎯ ᏣᏁᎭ ᏗᎫᎪᏙᏗᏱ ᎢᎦ ᎨᏒᎢ, ᎠᎴ ᎤᏂᏍᎦᏅᏨ ᎬᏂᎨᏒ ᏅᏓᎬᏁᎵ; ᎾᏍᎩᏰᏃ ᎦᏙᎯ ᏩᏍᏛ ᎢᏴᏛ ᏧᏪᏅᏎ ᎤᏛᎦᏂᎴ ᏐᎵᎼᏅ ᎠᎦᏔᎿᎭᎢᏳ ᎨᏒᎢ, ᎬᏂᏳᏉᏃ ᎠᏂ ᎡᏙᎭ ᎤᏟ ᎠᏥᎸᏉᏗᏳ ᎡᏍᎦᏉ ᏐᎵᎼᏅ.
43. ᎢᏳᏃ ᎦᏓᎭ ᎠᏓᏅᏙ ᏴᏫᎯ ᎦᏄᎪᎢ, ᎤᎧᏲᏛᎯ ᎡᏙᎰᎢ ᎤᏯᏪᏐᎸᏍᏗᏱ ᎤᏲᎰᎢ, ᎠᏎᏃ ᎥᏝ ᏯᏩᏘᏍᎪᎢ.
44. ᎿᎭᏉᏃ ᎯᎠ ᏂᎦᏪᏍᎪᎢ; ᏗᏥᏁᎸ ᏗᎩᏄᎪᏨ ᏴᏛᏥᎶᏏ. ᎿᎭᏉᏃ ᏫᎦᎷᎩ ᎠᏩᏘᏍᎪ ᎤᏏᏩ ᎨᏐ ᎠᎴ ᎬᏃᏌᏛᎯ ᎠᎴ ᎪᏚᎢᏍᏙᎢ.
45. ᎿᎭᏉᏃ ᎢᎡᎪᎢ ᏫᏓᏯᏂᏍᎪ ᎤᏩᎾᏓᎴ ᎦᎵᏉᎩ ᎠᏂᏍᎩᎾ ᎤᏟ ᎢᏳᏂᏁᎫᏥᏛ ᎡᏍᎦᏉ ᎤᏩᏒ, ᎾᎿᎭᏃ ᎠᏂᏴᎯᎰᎢ ᎠᎴ ᎠᎾᏁᎳᏗᏍᎪᎢ, ᎣᏂᏃ ᏄᏍᏛ Ꮎ ᎠᏍᎦᏯ ᎤᏟ ᎤᏲᎢᏳ ᎨᏐᎢ ᎡᏍᎦᏉ ᎢᎬᏱᏱ. ᎾᏍᎩᏍᎩᏂ ᏄᎾᏍᏕᏍᏗ ᎪᎯ ᎤᏂᏁᎫᏥᏛ ᏣᏁᎭ.
46. ᎠᏏᏉ ᏕᎦᏬᏁᏗᏍᎬ ᏴᏫ, ᎬᏂᏳᏉ ᎤᏥ ᎠᎴ ᎠᎾᎵᏅᏟ ᏙᏱᏢ ᎠᏂᏙᎾᎥᎩ, ᎤᎾᏚᎵᏍᎬᎩ ᎬᏩᎵᏃᎮᏙᏗᏱ.
47. ᎩᎶᏃ ᎯᎠ ᏄᏪᏎᎸᎩ; ᎬᏂᏳᏉ ᏣᏥ ᎠᎴ ᎢᏣᎵᏅᏟ ᏙᏱ ᎠᏂᏙᎾᎠ, ᎨᏣᎵᏃᎮᏙᏗᏱ ᎤᎾᏚᎵᎭ.
48. ᎤᏁᏨᏃ ᎯᎠ ᏄᏪᏎᎸ ᎤᏃᏁᎸᎯ; ᎦᎪ ᎡᏥ? ᎠᎴ ᎦᎪ ᎣᏣᎵᏅᏟ?
49. ᏫᏚᏐᏅᏃ ᎬᏩᏍᏓᏩᏗᏙᎯ ᎯᎠ ᏄᏪᏒᎩ; ᎬᏂᏳᏉ ᎡᏥ ᎠᎴ ᎣᏣᎵᏅᏟ.
50. ᎩᎶᏰᏃ ᎾᏛᏁᎮᏍᏗ ᏄᏍᏛ ᎤᏚᎵᏍᎬ ᎡᏙᏓ ᎦᎸᎳᏗ ᎡᎯ, ᎾᏍᎩ ᎥᎩᏅᏟ ᎠᎴ ᎥᎩᏙ ᎠᎴ ᎡᏥ.

== Matthew 13 ==
1. ᎾᎯᏳ ᎢᎦ ᏥᏌ ᎤᏄᎪᏨᎩ ᎠᏓᏁᎸᎢ, ᎠᎴ ᎥᏓᎷᎶᏗ ᎤᏪᏅᎩ.
2. ᎤᏂᏣᏘᏃ ᏴᏫ ᎬᏩᏓᏡᏫᏍᏔᏅᎩ, ᎾᏍᎩ ᎢᏳᏍᏗ ᏥᏳᎯ ᎤᏣᏅᎩ, ᎠᎴ ᎤᏪᏅᎩ. ᏂᎦᏗᏳᏃ ᎾᏍᎩ ᎤᏂᏣᏘ ᎠᎹᏳᎶᏗ ᎠᏂᏙᎾᎥᎩ.
3. ᏕᎤᏬᏁᏔᏅᏃ ᎤᏣᏘ ᏧᏓᎴᏅᏛ ᏚᏟᎶᏍᏓᏁᎸᎩ; ᎯᎠ ᏄᏪᏒᎩ; ᎬᏂᏳᏉ, ᎠᏫᏍᎩ ᎤᏫᏒᏎᎢ.
4. ᎤᏫᏒᏃ ᎢᎦᏛ ᏅᏃᎱᎶᏗ ᎤᎳᎨᏯᏛᏤᎢ, ᏥᏍᏆᏃ ᎤᏂᎷᏤ ᎠᎴ ᎤᏄᏘᏐᏁᎢ.
5. ᎢᎦᏛᏃ ᏅᏲᎯ ᎨᏒ ᎤᎳᎨᏯᏛᏤᎢ, ᎦᏲᎵ ᎦᏓ ᎦᎳᎨᏴᎢ, ᎩᎳᏉᏃ ᎢᏴᏛ ᎤᎵᏰᏁᎢ, ᏅᏗᎦᎵᏍᏙᏗᏍᎨ ᏌᎨᎢᏳ ᎨᏒ ᎦᏓ.
6. ᎠᏎᏃ ᏅᏙ ᏧᎧᎸᏨ ᎤᎴᏴᏎᎢ, ᏂᏚᎿᎭᏍᏕᏢᎾᏃ ᎨᏒ ᎢᏳᏍᏗ ᎤᎿᎭᏍᎬᏤᏉ.
7. ᎢᎦᏛᏃ ᎠᏄᎦᎸᎯ ᎤᎳᎨᏯᏛᏤᎢ, ᎠᏄᎦᎸᏃ ᏧᏛᏒ ᎤᏁᏄᎳᏍᏔᏁᎢ.
8. ᎢᎦᏛᏍᎩᏂ ᎣᏒ ᎦᏙᎯ ᎤᎳᎨᏯᏛᏤᎢ, ᎾᏍᎩᏃ ᎤᎦᏔᏔᏁᎢ, ᎢᎦᏛ ᎠᏍᎪᎯᏧᏈ ᎤᏁᏉᏤᎢ, ᎢᎦᏛᏃ ᏑᏓᎳᏍᎪᎯ ᎤᏁᏉᏤᎢ, ᎢᎦᏛᏃ ᏦᎠᏍᎪᎯ ᎤᏁᏉᏤᎢ.
9. ᎩᎶ ᏕᎦᎷᎨᏍᏗ ᎤᏛᎪᏗᏱ ᏩᏛᎬᎦ.
10. ᎬᏩᏍᏓᏩᏗᏙᎯᏃ ᎬᏩᎷᏤᎸ ᎯᎠ ᏂᎬᏩᏪᏎᎸᎩ; ᎦᏙᏃ ᏕᎯᏬᏁᏗᏍᎬ ᏥᏕᎭᏟᎶᏍᏓᏁᎭ?
11. ᎤᏁᏨᏃ ᎯᎠ ᏂᏚᏪᏎᎸᎩ; ᏅᏗᎦᎵᏍᏙᏗᏍᎩᏂ ᏂᎯ ᎡᏥᏁᎸᎯ ᎨᏒ ᎢᏦᎵᏍᏗᏱ ᎤᏕᎵᏛ ᎨᏒ ᎦᎸᎳᏗ ᎡᎯ ᎤᎬ ᏫᏳᎯ ᎨᏒᎢ, Ꮎ-ᏍᎩᏂ ᎥᏝ ᎨᎦᎵᏍᎪᎸᏓᏁᎸᎯ ᏱᎩ.
12. ᎩᎶᏰᏃ ᎤᎮᏍᏗ ᎠᏥᏁᏗ ᎨᏎᏍᏗ, ᎤᏣᏘᏃ ᎤᎮᏍᏗ; ᎩᎶᏍᎩᏂ ᏄᎲᎾ ᎨᏎᏍᏗ ᎠᏥᎩᎡᏗᏉ ᎨᏎᏍᏗ ᎾᏍᎩ ᎾᏍᏉ ᎤᎲᎢ.
13. ᎾᏍᎩ ᏅᏗᎦᎵᏍᏙᏗᎭ ᏥᏕᎦᏥᏯᏟᎶᏍᏓᏁᎭ, ᎠᏂᎪᏩᏘᏍᎬᏰᏃ ᎥᏝ ᏱᎾᏛᎩᎭ ᎠᎴ ᎥᏝ ᏱᏃᎵᎦ.
14. ᎠᎴ ᎠᏁᎲ ᎤᏙᎯᏳᏅ ᎢᏌᏯ ᏧᏙᎴᎰᏎᎢ, ᎯᎠ ᏥᏄᏪᏎᎢ; ᎢᏣᏛᎩᏍᎬ ᎢᏣᏛᎩᏍᎨᏍᏗ, ᎠᏎᏃ ᎥᏝ ᏱᏦᎵᎨᏍᏗ; ᎠᎴ ᎢᏥᎪᏩᏘᏍᎬ ᎢᏥᎪᏩᏘᏍᎨᏍᏗ, ᎠᏎᏃ ᎥᏝ ᏱᏣᏙᎴᎰᏍᎨᏍᏗ.
15. ᎯᎠᏰᏃ ᏴᏫ ᏧᏂᎾᏫ ᏚᎵᏦᎲᏒ, ᎠᎴ ᏓᏂᎵᎷᎬ ᎦᏲᎵᏳ ᏓᏛᎩᎭ, ᎠᎴ ᏗᏂᎦᏙᎵ ᏚᏂᏍᏚᏅ; ᎾᏍᎩ ᏗᏂᎦᏙᎵ ᏗᎬᏩᏂᎪᏩᏛᏙᏗ ᏂᎨᏒᎾ ᎢᏳᎵᏍᏙᏗᏱ, ᎠᎴ ᏓᏂᎵᎷᎬ ᏗᎬᏩᎾᏛᎪᏙᏗᏂᎨᏒᎾ ᎢᏳᎵᏍᏙᏗᏱ, ᎠᎴ ᏧᏂᎾᏫ ᏗᎬᏩᏃᎵᏍᏙᏗ ᏂᎨᏒᎾ ᎢᏳᎵᏍᏙᏗᏱ, ᎠᎴ ᏗᎬᏩᎾᏓᏁᏟᏴᎡᏗ ᏂᎨᏒᎾ ᏚᎾᏓᏅᏛ, ᎠᎴ ᏗᎦᎦᏥᏅᏬᏗ ᏂᎨᏒᎾ ᎢᏳᎵᏍᏙᏗᏱ.
16. ᏂᎯᏍᎩᏂ ᏗᏥᎦᏙᎵ ᏗᎦᎸᏉᏔᏅᎯ, ᎾᏍᎩᏰᏃ ᏓᎪᏩᏘᎭ, ᎠᎴ ᏕᏥᎵᎷᎬᎢ, ᎾᏍᎩᏰᏃ ᏓᏛᎩᎭ;
17. ᎤᏙᎯᏳᎯᏯᏰᏃ ᎯᎠ ᏂᏨᏪᏎᎭ, ᎤᏂᏣᏘ ᎠᎾᏙᎴᎰᏍᎩ ᎠᎴ ᎤᎾᏓᏅᏘ ᎤᎾᏚᎸᏛ ᎤᏥᎪᏩᏛᏗᏱ ᎯᎠ ᎾᏍᎩ ᏥᏥᎪᏩᏘᎭ, ᎠᏎᏃ ᎥᏝ ᎤᏂᎪᎲᎯ ᏱᎩ; ᎠᎴ ᎤᎾᏛᎪᏗᏱ ᎯᎠ ᎾᏍᎩ ᏥᏣᏛᎩᎭ, ᎠᏎᏃ ᎥᏝ ᎤᎾᏛᎦᏅᎯ ᏱᎩ.
18. ᎾᏍᎩ ᎢᏳᏍᏗ ᏂᎯ ᎢᏣᏛᎬᎦ ᏓᏟᎶᏍᏛ ᎠᏫᏍᎩ.
19. ᎢᏳᏃ ᎩᎶ ᎠᏛᎬᎦ ᎧᏃᎮᏛ ᎦᎸᎳᏗ ᎡᎯ ᎤᎬᎾᏳᎯ ᎨᏒ ᎤᎬᏩᎵ, ᏂᎪᎵᎬᎾᏃ ᏥᎨᏐᎢ, ᎿᎭᏉ ᎤᏁᎫᏥᏛ ᎦᎷᎪᎢ ᎠᎴ ᎤᎩᎡᎰ ᎠᏫᏒ ᎤᎾᏫᏱ. ᎾᏍᎩ ᎯᎠ ᎤᏃᎱᎶᏗ ᏣᏫᏎᎢ.
20. ᎯᎠᏃ ᎾᏍᎩ ᏅᏲᎯ ᏣᏫᏎᎢ; ᎾᏍᎩ ᏣᏛᎩᏍᎪ ᎧᏃᎮᏛ, ᎠᎴ ᎩᎳᏉ ᎢᏴᏛ ᎤᎵᎮᎵᏨᎯ ᏥᏓᏓᏂᎸᎪᎢ;
21. ᎠᏎᏃ ᏂᏚᎿᎭᏍᏕᏢᎾᏉ ᎨᏐᎢ, ᎠᎴ ᏞᎦᏉ ᏥᏓᎧᎿᎭᏩᏕᎪᎢ; ᎠᎩᎵᏴᏰᏃ ᎦᎾᏄᎪᎢ ᎠᎴ ᎧᏃᎮᏛ ᏛᎵᏰᎢᎸᏍᏓ ᎠᎦᏕᏯᏙᏓ, ᎩᎳᏉ ᎢᏴᏛ ᏚᏬᏕᎯᎰᎢ.
22. ᎯᎠᏃ ᎾᏍᏉ ᎠᏄᎦᎸᎯ ᏣᏫᏎᎢ, ᎾᏍᎩ ᏣᏛᎩᏍᎪ ᎧᏃᎮᏛ, ᎡᎶᎯᏃ ᎤᏪᎵᎯᏍᏗ ᎨᏒ ᎠᎴ ᎨᏅᎢᏍᏗ ᎨᏒ ᎤᏓᎵᏓᏍᏛ ᎠᏂᏁᏄᎳᏍᏗᏍᎪ ᎧᏃᎮᏛ, ᎾᏍᎩᏃ ᎾᎦᏔᏛᏍᎬᎾᏉ ᎨᏐᎢ.
23. ᎾᏍᎩᏍᎩᏂ Ꮎ ᎣᏒ ᎦᏙᎯ ᏣᏫᏎᎢ; ᎾᏍᎩ ᏣᏛᎩᏍᎪ ᎧᏃᎮᏛ ᎠᎴ ᏥᎪᎵᎪᎢ, ᎠᎴ ᎾᏍᏉ ᏣᎦᏔᏛᏍᎪᎢ, ᎠᎴ ᏥᎦᎾᏄᎪᏫᏍᎪᎢ, ᎢᎦᏛ ᎠᏍᎪᎯᏧᏈ ᎤᏁᏉᏨᎯ, ᎢᎦᏛᏃ ᏑᏓᎳᏍᎪᎯ, ᎢᎦᏛᏃ ᏦᎠᏍᎪᎯ.
24. ᏅᏩᏓᎴ ᏚᏟᎶᏍᏓᏁᎸᎩ, ᎯᎠ ᏄᏪᏒᎩ; ᎦᎸᎳᏗ ᎡᎯ ᎤᎬᏫᏳᎯ ᎨᏒ ᎾᏍᎩᏯᏉ ᎠᏍᎦᏯ ᎣᏍᏛ ᎤᎦᏔ ᎤᎶᎨᏒ ᏧᏫᏎᎢ.
25. ᎠᏎᏃ ᏴᏫ ᎤᏂᎵᏅᏨ, ᎤᏍᎦᏯ ᎤᎷᏤ ᎤᏲ ᎤᎦᏔ ᎤᏫᏎ ᎤᏣᎴᏍᏗ ᎠᏫᏒ ᎤᏑᏴᏁᎢ; ᎠᎴ ᎢᎤᏪᏅᏎ.
26. ᎿᎭᏉᏃ ᎤᎵᏰᏅ ᎠᎴ ᎤᎦᏔᏔᏅ ᎾᏍᏉ ᎤᏲ ᎤᎾᏄᎪᏤᎢ.
27. ᎿᎭᏉᏃ ᎠᏍᎦᏯ ᎦᏁᎳ ᏧᏅᏏᏓᏍᏗ ᎬᏩᎷᏤᎴᎢ, ᎯᎠ ᏂᎬᏩᏪᏎᎴᎢ; ᏍᎩᏅᏏᏓᏍᏗ, ᏝᏍᎪ ᎣᏍᏛ ᎤᎦᏔ ᏱᏣᏫᏎ ᏣᎶᎨᏒᎢ? ᎦᏙ ᏗᎦᎵᏍᏙᏓᎭ ᎤᏲ ᏧᏰᎦ?
28. ᎯᎠᏃ ᏂᏚᏪᏎᎴᎢ; ᎩᎶ ᎠᎩᏍᎦᎩ ᎾᏍᎩ ᏄᏛᏁᎸ. ᏧᏅᏏᏓᏍᏗ ᎯᎠ ᏂᎬᏩᏎᎴᎢ; ᏣᏚᎵᏍᎪᏃ ᎣᎩᏰᎯᏒᏍᏗᏱ?
29. ᎠᏎᏃ ᎯᎠ ᏄᏪᏎᎢ; ᎥᏝ, ᎢᏥᏰᎯᏍᎬᏰᏃ ᎤᏲ, ᏱᏕᏥᎿᎭᏍᏕᏢᏓ ᎾᏍᏉ ᎤᏣᎴᏍᏗ.
30. ᎤᏁᎳᎩ ᎢᎫᎳᎭ ᏫᏓᏛᎯ ᎬᏂ ᎠᎦᏛᎾᏨᎭ; ᎿᎭᏉᏃ ᎠᎦᏛᎾᏨ ᎯᎠ ᏅᏓᎦᏥᏪᏎᎵ ᎠᏂᏍᎫᏕᏍᎩ; ᎢᎬᏱ ᎢᏥᏟᏌ ᎤᏲ, ᎠᎴ ᏗᏦᏛᏣ ᏗᎪᎲᏍᏙᏗ, ᎤᏣᎴᏍᏗᏍᎩᏂ ᎢᏥᏟᏌ ᎠᎩᏍᏆᏂᎪᏙᏗᏱ.
31. ᏅᏩᏓᎴ ᏚᏟᎶᏍᏓᏁᎸᎩ, ᎯᎠ ᏄᏪᏒᎩ; ᎦᎸᎳᏗ ᎡᎯ ᎤᎬᏫᏳᎯ ᎨᏒ ᎾᏍᎩᏯᏉ ᎠᏥᎸ ᎤᎦᏔ, ᎠᏍᎦᏯ ᏧᎩᏎ ᎠᎴ ᏧᏫᏎ ᎤᎶᎨᏒᎢ.
32. ᎾᏍᎩ ᎤᏙᎯᏳᏒ ᏥᏬᏓᎪᎾᏛᏗ ᎤᏍᏗᎩᏳ ᎨᏒ ᏂᎦᎥ ᎤᎦᏔ, ᎠᏎᏃ ᎠᏛᎯ ᏥᏬᏓᎪᎾᏛᏗ ᎤᏛᏂᏳ ᎨᏒ ᏂᎦᎥ ᎤᏰᎿᎭᎥᎢ, ᎠᎴ ᏡᎬ ᏥᏂᎦᎵᏍᏗᎭ, ᎾᏍᎩᏃ ᏥᏍᏆ ᏣᏂᎷᎪᎢ, ᏚᏩᏂᎦᎸ ᏣᎾᎭᏗᏍᎪᎢ.
33. ᏅᏩᏓᎴ ᏚᏟᎶᏍᏓᏁᎸᎩ, ᎯᎠ ᏄᏬᏒᎩ; ᎦᎸᎳᏗ ᎡᎯ ᎤᎬᏫᏳᎯ ᎨᏒ ᎾᏍᎩᏯᏉ ᎠᎪᏙᏗ, ᎾᏍᎩ ᎠᎨᏴ ᏧᎩᏎ ᎠᎴ ᏧᏑᏴᏁ ᏦᎢ ᎢᏳᏟᎶᏛ ᎢᏒ ᎦᎸᎢ, ᎬᏂ ᏂᎦᏛ ᎤᎪᏐᏅ.
34. ᎾᏍᎩ ᎯᎠ ᏂᎦᏗᏳ ᏥᏌ ᏚᏬᏁᏔᏅᎩ ᎤᏂᏣᏘ ᏚᏟᎶᏍᏓᏁᎸᎩ, ᏂᏓᏟᎶᏍᏓᏁᎲᎾᏃ ᎨᏒ ᎥᏝ ᏱᏚᏬᏁᏔᏁᎢ.
35. ᎤᏙᎯᏳᏗᏱ ᎠᏰᎸᏒᎩ ᎠᏙᎴᎰᏍᎩ ᏧᏁᏤᎢ, ᎯᎠ ᏥᏄᏪᏎᎢ; ᏓᏥᏍᏚᎢᏏ ᏥᎣᎵ ᏕᎦᏟᎶᏍᏗᏍᎬᎢ, ᏓᏥᏁᎢᏍᏔᏂ ᎤᏕᎵᏛ ᎠᏍᏆᏂᎪᏛ ᎡᎶᎯ ᏧᏙᏢᏅ ᏅᏓᎬᏩᏓᎴᏅᏛ.
36. ᎿᎭᏉᏃ ᏥᏌ ᏚᏰᎵᎯᏍᏔᏅ ᎤᏂᏣᏘ, ᎠᏓᏁᎸ ᏭᏴᎸᎩ; ᎬᏩᏍᏓᏩᏗᏙᎯᏃ ᎬᏩᎷᏤᎸᎩ, ᎯᎠ ᏄᏂᏪᏒᎩ; ᏗᏍᎩᏲᏏᏌᏏ ᏓᏟᎶᏍᏛ ᎤᏲ ᏧᎵᏰᏁ ᏠᎨᏏ.
37. ᎤᏁᏨᏃ ᎯᎠ ᏂᏚᏪᏎᎸᎩ; ᎾᏍᎩ Ꮎ ᎣᏍᏛ ᎤᎦᏔ ᏧᏫᏎᎢ ᎾᏍᎩ ᏴᏫ ᎤᏪᏥ;
38. ᏠᎨᏏᏃ ᎾᏍᎩ ᎡᎳᏂᎬᎢ; ᎣᏍᏛ ᎤᎦᏔ ᎾᏍᎩ ᎦᎸᎳᏗ ᎡᎯ ᎤᎬᏫᏳᎯ ᎨᏒ ᎠᏁᎯ; ᎤᏲᏃ ᏧᎵᏰᏁ ᎾᏍᎩ ᎤᏁᎫᏥᏛ ᏧᏪᏥ;
39. ᎠᎦᏍᎩᏃ ᎾᏍᎩ ᏧᏫᏎᎢ, ᎾᏍᎩ ᎠᏍᎩᎾ; ᎤᎦᏛᎾᎢᏍᏗᏱᏃ ᎨᏒ ᎾᏍᎩ ᎠᎵᏍᏆᏛᎭ ᎡᎶᎯ; ᎠᏂᏍᎫᏕᏍᎩᏃ ᎾᏍᎩ ᏗᏂᎧᎿᎭᏩᏗᏙᎯ.
40. ᎾᏍᎩᏃ ᎤᏲ ᏣᏂᏟᏏᏍᎪ ᎠᎴ ᏣᎾᎪᎲᏍᏗᏍᎪ ᎠᏥᎸᏱ, ᎾᏍᎩᏯᏍᎩᏂ ᎾᏍᏉ ᏄᏍᏕᏍᏗ ᎠᎵᏍᏆᏛᎭ ᎯᎠ ᎡᎶᎯ.
41. ᏴᏫ ᎤᏪᏥ ᏙᏓᎦᏅᏏ ᏧᏤᎵ ᏗᏂᎧᎿᎭᏩᏗᏙᎯ, ᎠᎴ ᎾᏍᎩ ᎤᏤᎵᎪᎯ ᏙᏛᏃᏣᎴᏏ ᏂᎦᏛ ᏗᎾᏓᏙᏕᏍᏗᏍᎩ ᎠᎴ ᏂᎦᏛ ᎠᏂᏍᎦᏅᎩ,
42. ᏗᎪᏢᏒᏃ ᎠᏥᎸᏱ ᏫᏙᏛᎾᏓᎡᏏ; ᎾᎿᎭᏓᏂᏴᎨᏍᏗ ᎠᎴ ᏓᏂᎸᏓᎩᏍᎨᏍᏗ ᏓᏂᏄᏙᎬᎢ.
43. ᎿᎭᏉᏃ ᎤᎾᏓᏅᏘ ᎬᏩᏂᏔᎷᎩᏍᎩ ᎨᏎᏍᏗ ᎤᏂᏙᏓ ᎤᏤᎵᎪᎯ, ᏅᏙ ᎾᏍᎩᏯᎢ. ᎩᎶ ᏕᎦᎵᎷᎨᏍᏗ ᎤᏛᎪᏗᏱ ᏩᏛᎬᎦ.
44. ᎠᎴ ᎾᏍᏉ ᎦᎸᎳᏗ ᎡᎯ ᎤᎬᏫᏳᎯ ᎨᏒ ᎾᏍᎩᏯᏉ ᏧᎬᏩᎶᏗ ᎤᏕᎵᏛ ᏠᎨᏏ ᏣᎰᎢ, ᎾᏍᎩ ᎢᏳ ᎠᏍᎦᏯ ᎠᏩᏛ, ᏣᏕᎸᏍᎪᎢ, ᎠᎵᎮᎵᎬᏃ ᎢᏳᏍᏘ ᏤᎪᎢ ᏥᏫᎦᎾᏕᎪ ᏂᎦᏛ ᎤᏍᏆᏂᎪᏛᎢ, ᎠᎴ ᏥᏭᏩᏍᎪ ᎾᏍᎩ ᏠᎨᏏ.
45. ᎠᎴ ᎾᏍᏉ ᎦᎸᎳᏗ ᎡᎯ ᎤᎬᏫᏳᎯ ᎨᏒ ᎾᏍᎩᏯᏉ ᎦᏃᏗᏍᎩ ᏥᏚᏲᎮ ᏧᏬᏚᎯ ᏓᎬᎾ-ᎢᏳᎾᏍᏗ.
46. ᎾᏍᎩᏃ ᎿᎭᏉ ᎤᏩᏛᎲ ᏌᏉ ᎤᏣᏘ ᏧᎬᏩᎶᏗ ᏓᎬᎾ ᎢᏳᏍᏗ ᎤᏪᏅᏎ ᏭᎾᏗᏅᏎ ᏂᎦᏛ ᎤᏍᏆᏂᎪᏛᎢ, ᎾᏍᎩᏃ ᎤᏩᏎᎢ.
47. ᎠᎴ ᎾᏍᏉ ᎦᎸᎳᏗ ᎡᎯ ᎤᎬᏫᏳᎯ ᎨᏒ ᎾᏍᎩᏯᏉ ᎠᎦᏯᎷᏗ ᏥᏭᎾᏓᎢᏅᏎ ᎠᎺᏉᎯ, ᎠᎴ ᏥᏚᏂᏂᏴᎮ ᎾᏂᎥ ᏧᎾᏓᎴᏅᏛ;
48. ᎾᏍᎩᏃ ᎿᎭᏉ ᎤᎧᎵᏨ ᎠᎹᏳᎶᏗ ᎤᏂᎾᏏᏃᎴᎢ, ᎠᎴ ᎤᎾᏅᏁᎢ, ᎠᏃᏍᏛᏃ ᏗᏖᎵᏙ ᏚᏂᎸᏔᏁᎢ, ᎤᏂᏲᏃ ᏚᎾᏓᎢᏅᏎᎢ.
49. ᎾᏍᎩᏍᎩᏂ ᏄᏍᏕᏍᏗ ᎡᎶᎯ ᎠᎵᏍᏆᏛᎭ; ᏗᏂᎧᎿᎭᏩᏗᏙᎯ ᏛᏂᎷᏥ, ᏙᏛᎾᎦᎴᏅᏔᏂ ᎤᏂᏁᎫᏥᏛ ᎠᎴ ᎤᎾᏓᏅᏘ;
50. ᎤᏂᏁᎫᏥᏛᏃ ᏫᏙᏛᎾᏓᎡᏏ ᏗᎪᏢᏒ ᎠᏥᎸᏱ, ᎾᎿᎭᏓᏂᏴᎨᏍᏗ ᎠᎴ ᏓᏂᎸᏓᎩᏍᎨᏍᏗ ᏓᏂᏄᏙᎬᎢ.
51. ᏥᏌᏃ ᎯᎠ ᏂᏚᏪᏎᎸᎩ; ᎢᏦᎵᎩᏧ ᏂᎦᏛ ᎯᎠ? ᎥᎥ, ᏣᎬᏫᏳᎯ, ᎥᎬᏬᏎᎸᎩ.
52. ᎿᎭᏉᏃ ᎯᎠ ᏂᏚᏪᏎᎸᎩ; ᎾᏍᎩ ᎢᏳᏍᏗ ᎩᎶ ᏗᎪᏪᎵᏍᎩ ᎦᎸᎳᏗ ᎡᎯ ᎤᎬᏫᏳᎯ ᎨᏒ ᎤᎬᏩᎵ ᎠᎨᏲᏅᎯ ᏥᎨᏐᎢ, ᎾᏍᎩᏯᏉ ᎠᏍᎦᏯ ᎦᏁᎳ ᏥᏙᏗᎦᎾᏄᎪᏫᏍᎪ ᏧᎬᏩᎶᏗ ᎤᏍᏆᏂᎪᏛ ᏧᏓᎴᏅᏛ ᏗᏤ ᎠᎴ ᏧᏪᏘ.
53. ᎯᎠᏃ ᏄᎵᏍᏔᏅᎩ, ᎿᎭᏉ ᏥᏌ ᎤᏍᏆᏛ ᎯᎠ ᎾᏍᎩ ᏓᏟᎶᏍᏗᏍᎬᎢ, ᎤᏂᎩᏒᎩ.
54. ᎿᎭᏉᏃ ᎤᏩᏒ ᎤᏤᎵᎪᎯ ᎤᎷᏨ ᏧᏂᎳᏫᎢᏍᏗᏱ ᏚᏪᏲᏅᎩ; ᎾᏍᎩ ᎢᏳᏍᏗ ᎤᏂᏍᏆᏂᎪᏒᎩ, ᎠᎴ ᎯᎠ ᏄᏂᏪᏒᎩ; ᎦᏙ ᎤᎵᏍᏙᏔᏅ ᎯᎠ ᎾᏍᎩ ᎠᏍᎦᏯ ᏣᎦᏔ ᎿᎭᎠ ᎠᎴ ᎤᏍᏆᏂᎪᏗ ᏥᏚᎸᏫᏍᏓᏁᎭ?
55. ᎯᎠᎧᏂ ᏗᏁᏍᎨᏍᎩ ᎤᏪᏥ, ᎺᎵᎧᏂ ᎤᏥ, ᎠᎴᎧᏂ ᎠᎾᎵᏅᏟ ᏥᎻ, ᎠᎴ ᏦᏏ ᎠᎴ ᏌᏩᏂ ᎠᎴ ᏧᏓᏏ?
56. ᎠᎴᎧᏂ ᏧᏙ ᏂᎦᏛ ᎡᏍᎦᏂ ᏣᏁᎭ? ᎦᏙᏃ ᎤᎵᏍᏙᏔᏅ ᎯᎠ ᏂᎦᏛ ᏧᏪᎭ?
57. ᎥᎬᏩᎪᏁᎶᎯᏎᎸᎩᏃ; ᎠᏎᏃ ᏥᏌ ᎯᎠ ᏂᏚᏪᏎᎸᎩ; ᎠᏙᎴᎰᏍᎩ ᎥᏝ ᎾᏥᎸᏉᏛᎾ ᏱᎨᏐᎢ, ᎤᏩᏒᏍᎩᏂᏃᏅ ᎤᏤᎵᎪᎯ ᎠᎴ ᎤᏩᏒ ᎦᏁᎸᎢ.
58. ᎥᏝᏃ ᏳᏣᏖ ᎤᏍᏆᏂᎪᏗ ᎾᎿᎭᏱᏚᎸᏫᏍᏓᏁᎴᎢ, ᎾᏃᎯᏳᎲᏍᎨᎾ ᎨᏒ ᏅᏓᎦᎵᏍᏙᏗᏍᎬᎩ.

== Matthew 14 ==
1. ᎾᏁᏳ ᎡᎶᏛ ᏅᎩ ᎢᎦᏚᎩ ᎨᏒ ᏍᏓᏚᎩ ᎠᏥᎦᏘᏗᏍᏗ ᎤᏛᎦᏁ ᏕᎦᏃᏣᎸ ᏥᏌ.
2. ᎯᎠᏃ ᏂᏚᏪᏎᎴ ᏧᏅᏏᏓᏍᏗ; ᎯᎠ ᎾᏍᎩ ᏣᏂ ᏗᏓᏪᏍᎩ; ᏙᎤᎴᏅ ᏧᏲᎱᏒᎩ, ᎠᎴ ᎾᏍᎩ ᎢᏳᏍᏗ ᎤᏍᏆᏂᎪᏗᏳ ᏥᏚᎸᏫᏍᏓᏁᎭ.
3. ᎡᎶᏛᏰᏃ ᎤᏂᏴᎮ ᏣᏂ ᎠᎴ ᎤᎸᎴᎢ ᎠᎴ ᎤᏍᏚᏁ ᏗᏓᏍᏚᏗᏱ, ᏈᎵᎩ ᎡᎶᏛ ᏗᎾᏓᏅᏟ ᎤᏓᎵᎢ ᎡᎶᏗᏏ ᏧᏙᎢᏛ ᎤᏍᏛᏗᏍᎨᎢ.
4. ᏣᏂᏰᏃ ᎯᎠ ᏄᏪᏎᎴ ᎡᎶᏛ; ᎥᏝ ᏚᏳᎪᏛ ᏱᎩ ᎾᏍᎩ ᏣᏓᏰᎭ.
5. ᎠᎴ ᎤᏚᎵᏍᎨ ᎤᎯᏍᏗᏱ, ᎠᏎᏃ ᏓᏍᎦᎢᎮ ᏴᏫ, ᎠᏙᎴᎰᏍᎩᏰᏃ ᎤᏂᏰᎸᏎ ᏣᏂ.
6. ᎠᏎᏃ ᎿᎭᏉ ᎡᎶᏛ ᎤᏕᏅ ᎢᏳ ᎢᎦ ᏚᏂᎳᏫᏨ, ᎡᎶᏗᏏ ᎤᏪᏥ ᎠᏛ ᎤᎾᎵᏍᎩᎡᎴᎢ, ᎠᎴ ᎣᏎ ᎤᏰᎸᏁ ᎡᎶᏛ.
7. ᎾᏍᎩ ᎢᏳᏍᏗ ᎤᏎᎵᏔᏁ ᎤᏚᎢᏍᏓᏁᎴ ᎤᏁᏗᏱ ᏄᏍᏛᏉ ᎤᏔᏲᎸᎢ.
8. ᎿᎭᏉᏃ ᎤᏥ ᎤᏪᏲᏅᎯ ᏂᎨᏎᎢ ᎯᎠ ᏄᏪᏎᎢ; ᎠᏂ ᏍᎩᏲᎮᎸᎭ ᏣᏂ ᏗᏓᏬᏍᎩ ᎤᏍᎪ ᎠᏖᎵᏙ ᎦᎶᏕᏍᏗ.
9. ᎤᎬᏫᏳᎯᏃ ᎤᏲᎢᏳ ᎤᏰᎸᏁᎢ, ᎠᏎᏃ ᎤᏎᎵᏔᏅᎢ, ᎠᎴ ᎾᏍᏉ ᎾᏍᎩ ᎠᎾᎵᏍᏓᏴᎲᏍᎩ ᏅᏧᎵᏍᏙᏔᏁᎢ, ᎤᏁᏤ ᎠᏥᏁᏗᏱ.
10. ᎤᏓᏅᏎᏃ ᏭᏂᏍᎫᏕᏎ ᏣᏂ ᏗᏓᏍᏚᏗᏱ.
11. ᎤᏍᎪᏃ ᎤᏂᏲᎴ ᎠᏖᎵᏙᎩᎯ, ᎠᎴ ᎤᏂᏁᎴ ᎠᏛ, ᎾᏍᎩᏃ ᎤᏥ ᏭᏁᎴᎢ.
12. ᎬᏩᏍᏓᏩᏗᏙᎯᏃ ᎤᏂᎷᏤ ᎠᎴ ᎤᏂᏁᏎ ᎠᏰᎸᎢ, ᎠᎴ ᎤᏂᏂᏌᏁᎢ, ᎠᎴ ᎤᏁᏅᏎ ᏭᏂᏃᏁᎴ ᏥᏌ.
13. ᏥᏌᏃ ᎤᏛᎦᏅ, ᏥᏳ ᎤᏦᏔᏅᎩ ᎾᎿᎭᎤᏂᎩᏒᎩ ᎤᏓᏰᎵᎸ ᎢᎾᎨ ᏭᎶᏒᎩ. ᎿᎭᏉᏃ ᏴᏫ ᎤᎾᏛᎦᏅ, ᎡᎳᏗ ᎬᏩᏍᏓᏩᏛᎡᎩ ᏕᎦᏚᎲ ᏙᏓᏳᏁᏅᏒᎩ.
14. ᏥᏌᏃ ᎤᏣᎢᏒ ᏚᎪᎲᎩ ᎤᏂᏣᏘ ᏴᏫ, ᎠᎴ ᏚᏪᏙᎵᏨᎩ, ᎠᎴ ᏚᏅᏩᏅᏧᏂᏢᎩ.
15. ᎤᏒᏃ ᏄᎵᏍᏔᏅ ᎬᏩᏍᏓᏩᏙᎯ ᎬᏩᎷᏤᎸᎩ ᎯᎠ ᏄᏂᏪᏒᎩ; ᎠᏂ ᎢᎾᎨᏉ, ᎠᎴ ᎢᎦ ᎤᎶᏐᏂᏗ, ᏥᏤᎾᏉᏃ ᎩᏲᏏ ᎯᎠ ᎤᏂᏣᏘ ᏴᏫ, ᎠᎴ ᏙᏗᎦᏚᎲ ᏫᎠᏂᎶᎯ, ᎾᎿᎭᎤᏅᏒ ᎤᎾᎵᏍᏓᏴᏗ ᎤᏂᏩᏒᎭ.
16. ᎠᏎᏃ ᏥᏌ ᎯᎠ ᏂᏚᏪᏎᎸᎩ; ᎥᏝ ᎠᏎ ᎥᎤᏁᏅᏍᏗ ᏱᎩ, ᏂᎯᏉ ᏗᏤᎳᏍᏓ.
17. ᎯᎠᏃ ᏅᎬᏩᏪᏎᎸᎩ; ᎠᏂ ᎯᏍᎩᏉ ᎦᏚ ᏙᎩᎭ, ᏔᎵᏉᏃ ᎠᏣᏗ.
18. ᎯᎠᏃ ᏄᏪᏒᎩ; ᎠᏂ ᏗᏍᎩᏲᎯᏏ.
19. ᏚᏁᏤᎸᏃ ᎤᏂᏣᏘ ᎧᏁᏍᎪᎯ ᎨᏒ ᎤᎾᏅᏗᏱ, ᏚᎩᏒᏃ ᎯᏍᎩ ᎦᏚ ᎠᎴ ᏔᎵ ᎠᏣᏗ ᏚᏁᏒ, ᎦᎸᎳᏗᏃ ᏫᏚᎧᎾᏅ ᎤᎵᎮᎵᏨᎩ, ᎠᎴ ᏚᎬᎭᎷᏴ ᏚᏁᎸᎩ ᎦᏚ ᎬᏩᏍᏓᏩᏗᏙᎯ, ᎾᏍᎩᏃ ᎬᏩᏍᏓᏩᏗᏙᎯ ᎤᏂᏣᏘ ᏫᏚᏂᏁᎸᎩ.
20. ᏂᎦᏛᏃ ᎤᎾᎵᏍᏓᏴᏅᎩ ᎠᎴ ᏚᏃᎸᏒᎩ, ᎠᎴ ᎤᏄᏘᏒᎩ ᎤᎵᎬᎭᎷᏴᎯ ᎤᏘᏴᎯ ᏔᎳᏚ ᎢᏯᎧᎵᎢ ᏔᎷᏣ.
21. ᎤᎾᎵᏍᏓᏴᏅᎯᏃ ᎯᏍᎩᎭ ᎢᏯᎦᏴᎵ ᎠᏂᏍᎦᏯ ᎾᏂᎥᎩ, ᏂᏓᏁᏢᏛᎾ ᎠᏂᎨᏴ ᎠᎴ ᏗᏂᏲᎵ.
22. ᎩᎳᏉᏃ ᎢᏴᏛ ᏥᏌ ᏚᏅᏫᏍᏔᏅᎩ ᎬᏩᏍᏓᏩᏗᏙᎯ ᏥᏳᎯ ᎤᎾᏦᏗᏱ, ᎠᎴ ᎢᎬᏱ ᏂᏚᏂᏐᎯᏍᏗᏱ ᎠᏏ ᏓᏰᎵᎯᏍᏗᏍᎬ ᎤᏂᏣᏘ.
23. ᎿᎭᏉᏃ ᏚᏰᎵᎯᏍᏔᏅ ᎤᏂᏣᏘ ᎣᏓᎸ ᎤᎿᎭᎷᏒᎩ ᎤᏩᏒ ᎨᏒᎢ, ᎤᏓᏙᎵᏍᏔᏅᏒᎩ. ᎤᏒᏃ ᏄᎵᏍᏔᏅ ᎾᎿᎭᎤᏩᏒᏉ ᎨᏒᎩ.
24. ᏥᏳᏃ ᎿᎭᏉ ᎠᏰᎵ ᎥᏓᎵ ᏩᏂᏂᏒᎩ ᎤᏝᏗᏍᏔᏂᏙᎲ ᎠᎹ ᏓᎵᏍᏗᎳᏁᎬᎢ, ᎤᏃᎴᏰᏃ ᎢᎬᏱᏢ ᏓᏳᎦᏛᎩ.
25. ᎿᎭᏉᏃ ᏅᎩᏁ ᎢᏳᎾᏓᏁᏟᏴᏛ ᎨᏒ ᎠᏂᏯᏫᏍᎩ ᏒᏃᏱ ᏥᏌ ᏫᏚᎷᏤᎸᎩ ᎥᏓᎵ ᎦᏚᎢ ᎠᎢᏒᎩ.
26. ᎬᏩᏍᏓᏩᏗᏙᎯᏃ ᎬᏩᎪᎲ ᎥᏓᎵ ᎦᏚᎩ; ᎠᎢᏒᎢ ᎤᎾᏓᏅᏖᏔᏅᎩ, ᎯᎠ ᏄᏂᏪᏒᎩ; ᎾᏰᎯ ᎯᎠ. ᎠᏂᏍᎦᎢᎲᏃ ᎢᏳᏍᏗ ᎤᎾᎵᏍᏔᏅᎩ.
27. ᎠᏎᏃ ᎩᎳᏉ ᎢᏴᏛ ᏥᏌ ᏚᏁᏤᎸᎩ, ᎯᎠ ᏂᏚᏪᏎᎸᎩ; ᎤᎦᎵᏍᏗᏉ ᎢᏣᏓᏅᏓᏓ, ᎠᏴᏉᏰᏃ, ᏞᏍᏗ ᏱᏥᏍᎦᎢᎮᏍᏗ.
28. ᏈᏓᏃ ᎤᏁᏨ ᎯᎠ ᏄᏪᏎᎸᎩ; ᏣᎬᏫᏳᎯ, ᎢᏳᏃ ᏂᎯ ᎨᏎᏍᏗ, ᏍᎩᏁᏥ ᏫᎬᎷᏤᏗᏱ ᎠᎹᏱ ᎦᏚᎢ.
29. ᎡᎮᎾ, ᎤᏛᏅᎩ. ᎿᎭᏉᏃ ᏈᏓ ᏥᏳᎯ ᎤᏣᎢᏒ ᎠᎹᏱ ᎦᏚᎢ ᎠᎢᏒᎩ ᏥᏌ ᏤᏙᎲ ᏩᎦᏛᎩ.
30. ᎠᏎᏃ ᏅᏙᎴᎰᏒ ᎠᏍᏓᏱᏳ ᎦᏃᎸᎥᏍᎬ ᎤᏍᎦᎸᎩ, ᎠᎴ ᎤᎴᏅᎲ ᎦᏃᏴᎬ ᎤᏪᎷᏅᎩ, ᏣᎬᏫᏳᎯ ᏍᎩᏍᏕᎸ, ᎤᏛᏅᎩ.
31. ᎩᎳᏉᏃ ᎢᏴᏛ ᏥᏌ ᏭᏙᏯᏅᎯᏛ ᏭᏂᏴᎲᎩ, ᎯᎠ ᏄᏪᏎᎸᎩ; ᎤᏍᏗ ᏦᎯᏳᎯ, ᎦᏙᎯ ᎥᏣᏜᏓᏏᏛᏏ?
32. ᏥᏳᎯᏃ ᎢᎤᎾᏣᏅ ᎦᏃᎸᎥᏍᎬ ᎤᏑᎵᎪᏨᎩ.
33. ᎿᎭᏉᏃ ᏥᏳᎯ ᎤᎾᏣᎢ ᎤᏂᎷᏨ ᎬᏩᏓᏙᎵᏍᏓᏁᎸᎩ, ᎯᎠ ᏄᏂᏪᏒᎩ; ᎤᏙᎯᏳᎯᏯ ᏂᎯ ᎤᏁᎳᏅᎯ ᎤᏪᏥ.
34. ᎿᎭᏉᏃ ᏚᏂᏐᏨ ᎨᏂᏏᎳᏗ ᎤᏂᎷᏨᎩ.
35. ᎾᎿᎭᏃ ᎠᏁᎯ ᎠᏂᏍᎦᏯ ᎬᏬᎵᏨ, ᎬᏩᏚᏫᏛ ᏚᎾᏓᏅᏏᏙᎸᎩ, ᏕᎬᏩᏘᏃᎮᎸᎩ ᏂᎦᏛ ᏧᏂᏢᎩ.
36. ᎬᏩᏔᏲᏎᎸᎩᏃ ᎦᏓᎷᏯᏛᏉ ᎾᏍᏉ ᎤᏄᏩᎥ ᎤᎾᏒᏁᏗᏱ, ᏂᎦᏛᏃ ᎤᎾᏒᏂᎸᎯ ᏚᎾᏗᏩᏒᎩ.

== Matthew 15 ==
1. ᎿᎭᏉᏃ ᏥᏌ ᎬᏩᎷᏤᎸᎩ ᏗᏃᏪᎵᏍᎩ ᎠᎴ ᎠᏂᏆᎵᏏ ᏥᎷᏏᎵᎻ ᎠᏁᎯ, ᎯᎠ ᏄᏂᏪᏒᎩ;
2. ᎦᏙᏃ ᎨᏣᏍᏓᏩᏗᏙᎯ ᎠᏂᏲᏍᏗᏍᎪ ᎡᏘ ᎠᏁᎯ ᎤᏂᏃᎮᎸᎯ? ᏝᏰᏃ ᏱᏓᏃᏑᎴᏍᎪ ᏧᏃᏰᏂ ᏨᏗᎾᎵᏍᏓᏴᏂᏐᎢ.
3. ᎠᏎᏃ ᎤᏁᏨ ᎯᎠ ᏂᏚᏪᏎᎸᎩ; ᎦᏙᏃ ᎾᏍᏉ ᏂᎯ ᎡᏘ ᎠᏁᎯ ᎤᏂᏃᎮᎸᎯ ᎢᏨᏗᏍᎪ ᎢᏥᏲᏍᏗᏍᎪ ᎤᏁᎳᏅᎯ ᎤᏁᏨᎯ?
4. ᎤᏁᎳᏅᎯᏰᏃ ᎤᏁᏤ ᎯᎠ ᏄᏪᏎᎢ; ᎯᎸᏉᏕᏍᏗ ᏣᏙᏓ ᎠᎴ ᏣᏥ; ᎠᎴ ᎾᏍᏉ ᎯᎠ; ᎩᎶ ᏓᏍᎩᏅᏗᏍᎨᏍᏗ ᎤᏙᏓ ᎠᎴ ᎤᏥ ᎠᏎ ᎤᏲᎱᎯᏍᏗ ᎨᏎᏍᏗ.
5. ᎠᏎᏃ ᏂᎯ ᎯᎠ ᏂᏥᏪᏍᎪᎢ; ᎢᏳᏃ ᎩᎶ ᎯᎠ ᏂᎦᏪᏎᎮᏍᏗ ᎤᏙᏓ, ᎠᎴ ᎤᏥ, ᎠᏆᎵᏍᎪᎸᏔᏅᎯ ᏰᎵ ᎨᏣᎵᏍᏕᎸᏙᏗ ᎨᏒᎢ ᏂᏣᏛᏁᎲ,
6. ᏂᎦᎸᏉᏗᏍᎬᎾᏃ ᎢᎨᏎᏍᏗ ᎤᏙᏓ, ᎠᎴ ᎤᏥ, [ᎥᏝ ᎤᏍᎦᏅᏨᎯ ᏱᎨᏎᏍᏗ,] ᎢᏣᏗᏍᎪᎢ. ᎾᏍᎩ ᎯᎠ ᎡᏘ ᎠᏁᎯ ᎤᏂᏃᎮᎸᎯ ᎢᏨᏔᏅ ᎠᏎᏉ ᏂᏨᏁᎸ ᎤᏁᎳᏅᎯ ᎤᏁᏨᎯ.
7. ᎢᏣᏠᎾᏍᏗ, ᏰᎵᏉ ᎢᏌᏯ ᏧᏙᎴᎰᏎ ᏥᏥᏛᎨᎢ, ᎯᎠ ᏥᏄᏪᏎᎢ;
8. ᎯᎠ ᏴᏫ ᎾᎥ ᎬᎩᎷᏤᎭ ᎠᏂᎰᎵ ᎠᏅᏗᎭ, ᎠᎴ ᏚᏂᎭᏁᎦᎸ ᏓᏅᏗ ᎬᎩᎸᏉᏗᎭ, ᎠᏎᏃ ᎤᏂᎾᏫ ᎢᏅᎯᏳ ᏄᏅᏅ.
9. ᎠᏎᏉᏍᎩᏂ ᎾᎾᏛᏁᎭ ᎬᏆᏓᏙᎵᏍᏓᏁᎭ, ᏥᏓᎾᏕᏲᎲᏍᎦ ᏓᎾᏕᏲᎲᏍᎬ ᏴᏫᏉ ᎤᏂᏁᏨᎯ.
10. ᏫᏚᏯᎲᏃ ᎤᏂᏣᏘ ᎯᎠ ᏂᏚᏪᏎᎸᎩ; ᎢᏣᏛᎬᎦ ᎠᎴ ᎢᏦᎵᎩ.
11. ᎥᏝᏍᎩᏂ ᎾᏍᎩ Ꮎ ᎠᎰᎵ ᏭᏴᎸᎯ ᎦᏓᎭ ᏱᏄᏩᏁᎰ ᏴᏫ, ᎠᎰᎵᏍᎩᏂ ᏅᏓᏳᏄᎪᏨᎯ ᎾᏍᎩ ᎦᏓᎭ ᏄᏩᏁᎰ ᏴᏫ.
12. ᎿᎭᏉᏃ ᎬᏩᏍᏓᏩᏗᏙᎯ ᎤᏂᎷᏨ ᎯᎠ ᏂᎬᏩᏎᎸᎩ; ᎯᎦᏔᎭᏍᎪ ᎠᏂᏆᎵᏏ ᎤᏂᎿᎭᎸᏨᎢ ᎤᎾᏛᎦᏅ ᎾᏍᎩ ᎯᎠ ᏂᏣᏪᏒᎢ.
13. ᎠᏎᏃ ᎤᏁᏨᎩ ᎯᎠ ᏄᏪᏒᎩ; ᏂᎦᎥ ᏚᏰᎬ ᎡᏙᏓ ᏧᏫᏒᎯ ᏂᎨᏒᎾ ᏗᏰᎯᏍᏗ ᎨᏎᏍᏗ.
14. ᎤᎾᏁᎳᎩ, ᏗᏂᎨᏫᏉ ᏗᏂᎨᏫ ᏗᎾᏘᏂᏙᎯ; ᎢᏳᏃ ᏗᎨᏫ ᏯᏘᏂ ᏗᎨᏫ ᎢᏧᎳ ᎠᏔᎴᏒ ᏧᏂᎸᎢᏍᏗ.
15. ᏈᏓᏃ ᎤᏁᏨ ᎯᎠ ᏄᏪᏎᎸᎩ; ᏗᏍᎩᏲᏏᏌᏏ ᎯᎠ ᎾᏍᎩ ᏓᏟᎶᏍᏛᎢ.
16. ᏥᏌᏃ ᎯᎠ ᏄᏪᏎᎸᎩ; ᎠᏏᏍᎪ ᎾᏍᏉ ᏂᎯ ᏂᏦᎵᎬᎾᏉ ᎢᎩ?
17. ᏝᏍᎪ ᎠᏏ ᏱᏦᎵᎦ ᎾᏍᎩ ᏂᎦᎥ ᎪᎱᏍᏗ ᎥᎰᎵ ᎤᏴᏍᏔᏅᎯ ᎨᏒ ᎣᏍᏉᎵᏱ ᏫᎦᎷᎬᎢ, ᎾᏍᎩᏃ ᏫᎦᎶᎯᏍᏗᏍᎬᏉ?
18. ᎾᏍᎩᏂ ᎥᎰᎵ ᏅᏓᏳᏄᎪᏨᎯ ᎣᎾᏫᏱ ᏗᏓᎴᎲᏍᎪᎢ, ᎾᏍᎩᏃ ᎦᏓᎭ ᏄᏩᏁᎰ ᏴᏫ.
19. ᎣᎾᏫᏱᏰᏃ ᏗᏓᎴᎲᏍᎪ ᎤᏐᏅ ᎠᏓᏅᏖᏗ ᎨᏒᎢ, ᎠᎴ ᎠᏓᎯᏍᏗᏱ ᎨᏒᎢ, ᎠᎴ ᎠᏓᏲᏁᏗᏱ ᎨᏒᎢ, ᎠᎴ ᎤᏕᎵᏛ ᏗᏂᏏᏗᏱ ᎨᏒᎢ, ᎠᎴ ᎦᏃᏍᎩᏍᏗᏱ ᎨᏒᎢ, ᎠᎴ ᎠᏥᎪᏗᏱ ᏓᎾᏓᏱᎵᏙᎲᎢ, ᎠᎴ ᎠᏐᏢᎢᏍᏙᏗᏱ ᎨᏒᎢ.
20. ᎾᏍᎩᏍᎩᏂ ᎯᎠ ᎦᏓᎭ ᎢᏳᏩᏁᎯ ᏴᏫ; ᏂᏓᏑᎴᎲᎾᏍᎩᏂ ᎠᎵᏍᏓᏴᏗᏱ ᎥᏝ ᎦᏓᎭ ᏱᏄᏩᏁᎰ ᏴᏫ.
21. ᏥᏌᏃ ᎾᎿᎭᎤᏂᎩᏒ ᏔᏲᎢ ᎠᎴ ᏌᏙᏂᏱ ᏭᎶᏒᎩ.
22. ᎬᏂᏳᏉᏃ ᎨᎾᏂ ᎡᎯ ᎠᎨᏴ ᎾᎿᎭᎾᎥ ᏅᏓᏳᎶᏒᎯ ᎤᏪᎷᏅᎩ, ᎯᎠ ᏄᏪᏎᎸᎩ; ᏍᎩᏙᎵᎩ, ᏣᎬᏫᏳᎯ ᏕᏫ ᎤᏪᏥ, ᎠᏇᏥ ᎠᎨᏴ ᎤᏣᏔᏅᎯ ᎤᏕᏯᏙᏗᎭ ᎠᏍᎩᎾ.
23. ᎠᏎᏃ ᏄᏁᏤᎸᎾᏉ ᎥᎨᏒᎩ. ᎬᏩᏍᏓᏩᏗᏙᎯᏃ ᎬᏩᎷᏤᎸᎩ, ᎬᏩᏔᏲᏎᎸᎩ, ᎯᎠ ᏄᏂᏪᏒᎩ; ᏫᎡᎾ, ᎢᎩᏍᎪᏂᎭᏰᏃ.
24. ᎤᏁᏨᏃ ᎯᎠ ᏄᏪᏒᎩ; ᎥᏝ ᎩᎶ ᏗᏥᏩᏛᏗᏱ ᏴᎩᏁᏤᎸ, ᎠᏫ ᎤᏂᏃᏕᎾ ᎤᎾᎴᎾᎸᎯ ᎤᏅᏒ ᎢᏏᎵ ᏏᏓᏁᎸᎯ ᎬᏒᎢ.
25. ᎿᎭᏉᏃ ᎠᎨᏴ ᎤᎷᏨ ᎤᏓᏙᎵᏍᏓᏁᎸᎩ ᎯᎠ ᏄᏪᏒᎩ; ᏣᎬᏫᏳᎯ, ᏍᎩᏍᏕᎸ.
26. ᎤᏁᏨᏃ ᎯᎠ ᏄᏪᏒᎩ; ᎥᏝ ᏱᏚᏳᎪᏗ ᏗᎩᎡᏗᏱ ᏗᏂᏲᎵ ᎤᎾᏤᎵ ᎦᏚ, ᎩᎵᏃ ᏫᏓᏗᏁᏗᏱ.
27. ᎠᎨᏴᏃ ᎯᎠ ᏄᏪᏒᎩ; ᎤᏙᎯᏳᎯ, ᏣᎬᏫᏳᎯ, ᎠᏎᏃ ᎩᎵ ᎠᎾᎵᏍᏓᏴᏗᏍᎪ ᎤᏅᎪᎣᏒᎯ ᏗᎬᏩᏂᎾᏝᎢ ᏚᏂᏍᎩᎸᎢ.
28. ᎿᎭᏉᏃ ᏥᏌ ᎤᏁᏨ ᎯᎠ ᏄᏪᏎᎸᎩ; ᎯᎨᏴ ᎤᏣᏘ ᏦᎯᏳᎭ; ᏄᏍᏛ ᏣᏚᎵᏍᎬ ᏫᏂᏣᎵᏍᏓᏏ. ᎾᎯᏳᏉᏃ ᎤᏪᏥ ᎤᏗᏩᏎᎢ.
29. ᏥᏌᏃ ᎾᎿᎭᎤᏂᎩᏒ ᎨᎵᎵ ᎥᏓᎷᎶᏗ ᎤᎷᏨᎩ, ᎤᎿᎭᎷᏒᏃ ᎤᏌᎯᎸ ᎾᎿᎭᎤᏪᏅᎩ.
30. ᎤᏂᏣᏘᏃ ᏴᏫ ᎬᏩᎷᏤᎸᎩ, ᏓᎾᏘᏁᎲ ᏗᏂᏲᎤᎵ, ᎠᎴ ᏗᏂᎨᏫ, ᎠᎴ ᏧᏅᎨᏫ, ᎠᎴ ᎪᎱᏍᏗ ᎤᏍᏛ ᏗᏂᏰᎸ ᏧᏂᏲᎱᏎᎸᎯ, ᎠᎴ ᎤᏂᏣᏘ ᏅᏩᎾᏓᎴᎢ, ᎠᎴ ᏥᏌ ᏚᎳᏍᎬ ᎾᎥ ᏚᏂᏅᏅᎩ, ᏚᏅᏩᏅᎩᏃ.
31. ᎾᏍᎩ ᎢᏳᏍᏗ ᎤᏂᏣᏘ ᎨᏒ ᎤᏂᏍᏆᏂᎪᏒᎩ, ᏚᏂᎪᎲ ᏧᏅᎨᏫ ᎠᏂᏬᏂᏍᎪᎢ, ᎠᎴ ᎠᎱᏍᏗ ᎤᏍᏛ ᏗᏂᏰᎸ ᏧᏂᏲᎱᏎᎸᎯ ᎤᏂᏃᏍᏛ ᏄᎾᎵᏍᏔᏅᎢ, ᎠᎴ ᏗᏗᏲᎤᎵ, ᎬᏩᏁᏓᏍᏗ ᏄᎵᏍᏔᏅᎢ ᎠᎴ ᏗᏂᎨᏫ ᎬᏩᏂᎪᏩᏛᏗ ᏄᎵᏍᏔᏅᎢ; ᎤᏂᎸᏉᏔᏅᎩᏃ ᎤᏁᎳᏅᎯ ᎢᏏᎵ ᎤᎾᏤᎵᎦ.
32. ᏥᏌᏃ ᏫᏚᏯᏅᎲ ᎬᏩᏍᏓᏩᏗᏙᎯ, ᎯᎠ ᏄᏪᏒᎩ; ᎦᏥᏯᏙᎵᎦ ᎯᎠ ᎤᏂᏣᏘ ᎨᏒᎢ, ᏦᎢᏰᏃ ᎾᏙᏓᏆ ᎠᏂ ᎨᏙᎲ ᎠᏁᏙᎭ, ᎠᎴ ᎥᏝ ᏱᏂᏰᎭ ᎤᎾᎵᏍᏓᏴᏗ. ᎠᎴ ᎢᏝ ᏯᏆᏚᎵᎭ ᏙᎤᏁᏅᏍᏗᏱ ᏗᎬᏩᏂᏲᏏᏍᎩ, ᏩᎾᏰᏃ ᏱᏓᏂᏩᏂᎦᎶᎩ ᏩᎾᎢᏒᎢ.
33. ᎬᏩᏍᏓᏩᏗᏙᎯᏃ ᎯᎠ ᏅᎬᏩᏪᏎᎸᎩ; ᎭᏢᏃ ᏲᏥᎩ ᎾᏍᎩ ᎢᎦᎢ ᎠᎵᏍᏓᏴᏗ ᎢᎾᎨᎢ, ᎾᏍᎩ ᎢᏳᏂᏣᏘ ᏰᎵ ᏧᏃᎸᎯᏍᏗ?
34. ᏥᏌᏃ ᎯᎠ ᏂᏚᏪᏎᎸᎩ; ᎢᎳᎪ ᎦᏚ ᏕᏥᏰᎭ? ᎦᎵᏉᎩ, ᎢᎸᏍᎩᏃ ᏧᎾᏍᏗ ᎠᏣᏗ, ᎤᎾᏛᏅᎩ.
35. ᎤᏂᏣᏘᏃ ᏚᏁᏤᎸᎩ ᎦᏙᎯ ᎤᎾᏅᏗᏱ.
36. ᎦᎵᏉᎩᏃ ᎦᏚ ᏚᎩᏒᎩ ᎠᎴ ᏚᏁᏒ ᎠᏣᏗ, ᎤᎵᎮᎵᏨᏃ, ᏚᎬᎭᎷᏴᎩ, ᎠᎴ ᎬᏩᏍᏓᏩᏗᏙᎯ ᏫᏚᏁᎸᎩ, ᎬᏩᏍᏓᏩᏗᏙᎯᏃ ᎤᏂᏣᏘ ᏫᏚᏂᏁᎸᎩ.
37. ᎠᎴ ᏂᎦᏛ ᎤᎾᎵᏍᏓᏴᏅᎩ, ᎠᎴ ᏚᏃᎸᏒᎩ. ᎠᎴ ᎤᏄᏖᏒᎩ ᎤᎵᎬᎭᎷᏴᎯ ᎦᎵᏉᎩ ᎢᏯᎧᎵᎢ ᏔᎷᏣ.
38. ᎤᎾᎵᏍᏓᏴᎯᏃ ᏅᎩᎭ ᎢᏯᎦᏴᎵ ᎾᏂᎥᎩ ᎠᏂᏍᎦᏯ, ᏂᏓᏁᏢᏛᎾ ᎠᏂᎨᏴ ᎠᎴ ᏗᏂᏲᎵ.
39. ᎠᎴ ᎤᏂᏣᏘ ᏚᏰᎵᎯᏍᏔᏅᎩ, ᎠᎴ ᏥᏳᎯ ᏭᏣᏅᎩ, ᎠᎴ ᎹᎩᏕᎵ ᏭᎾᏄᎪᏨᎩ.

== Matthew 16 ==
1. ᎠᏂᏆᎵᏏᏃ ᎠᎴ ᎠᏂᏌᏚᏏ ᎤᏂᎷᏨᎩ, ᎬᏩᎪᎵᏰᏍᎬᏃ ᎬᏩᏔᏲᏎᎸᎩ ᏧᎾᏄᎪᏫᏎᏗᏱ ᎤᏰᎸᏛ ᎦᎸᎳᏗ ᏅᏓᏳᎶᏒᎯ.
2. ᎤᏁᏨᏃ ᎯᎠ ᏂᏚᏪᏎᎸᎩ; ᎤᏒᏂᎦᎵᏍᏓ ᎯᎠ ᏂᏥᏪᏍᎪᎢ; ᎤᎸᎦᎵᏱᏌᏛ ᎨᏎᏍᏗ, ᎦᎸᎶᏰᏃ ᎩᎦᎨᎢᏳ ᎢᎩ.
3. ᏑᎾᎴᏃ ᏥᎨᏐᎢ, ᎪᎯ ᎢᎦ ᏥᎩ ᏛᎦᎿᎭᏂ, ᎦᎸᎶᏰᏃ ᎩᎦᎨᎢᏳ ᎢᎩ, ᎠᎴ ᎢᎦᎶᎩᎵᏰᎭ, ᎢᏣᏗᏍᎪᎢ. ᎢᏣᏠᎾᏍᏗ, ᏰᎵᏉ ᎢᏣᏙᎴᎰᏍᎪ ᏄᏍᏛ ᎦᎸᎶᎢ, ᏝᏍᎪᏃ ᏰᎵ ᎨᏣᏙᎴᎰᎯᏍᏗ ᏱᎩ ᎤᏰᎸᏛ ᎢᏳ ᎵᏍᏔᏂᏓᏍᏗ ᎨᏒᎢ?
4. ᎤᏂᏲ ᎠᎴ ᎤᏂᏁᎫᏥᏛ ᏣᏁᎭ ᎤᏂᏲᎰ ᎤᏰᎸᏛᎢ, ᎠᏎᏃ ᎥᏝ ᏴᎦᎨᎦᎵᏍᎪᎸᏓᏏ ᎤᏰᎸᏛᎢ, ᏦᎾ ᎠᏙᎴᎰᏍᎩ ᎤᏤᎵ ᎤᏰᎸᏛ ᎤᏩᏒ. ᏚᏓᏅᎡᎸᏃ ᎤᏂᎩᏒᎩ.
5. ᎬᏩᏍᏓᏩᏗᏙᎯᏃ ᏚᏂᏐᏨ ᎤᏅᎨᏫᏒᎯ ᎨᏒᎩ ᎤᎾᏕᏃᏗᏱ.
6. ᏥᏌᏃ ᎯᎠ ᏂᏚᏪᏎᎸᎩ; ᎢᏤᏯᏔᎮᏍᏗ ᎠᎪᏙᏗ ᎠᏂᏆᎵᏏ ᎠᎴ ᎠᏂᏌᏚᏏ ᎤᎾᏤᎵᎦ.
7. ᎤᏂᏃᎮᎸᎩᏃ ᎨᏒ ᎤᏅᏒ, ᎯᎠ ᏄᏂᏪᏒᎩ; ᏂᎦᏕᏅᎾ ᏥᎩ ᏅᏗᎦᎵᏍᏙᏗᎭ.
8. ᏥᏌᏃ ᎾᏍᎩ ᎤᏙᎴᎰᏒ ᎯᎠ ᏂᏚᏪᏎᎸᎩ; ᎤᏍᏗ ᎢᏦᎯᏳᎯ, ᎦᏙᏃ ᎢᏨᏒ ᎨᏒ ᎢᏥᏃᎮᎭ ᎠᎵᏍᏓᏴᏗ ᏂᏥᏰᎲᎾ ᎨᏒᎢ?
9. ᏝᏍᎪ ᎠᏏ ᏱᏦᎵᎦ, ᎠᎴ ᏝᏍᎪ ᏱᏣᏅᏔ ᎯᏍᎩ ᎦᏚ ᎠᎴ ᎯᏍᎩ ᎢᏯᎦᏴᎵ ᏥᎾᏂᎥᎩ, ᎠᎴ ᎢᏯᎧᎵᎢ ᏔᎷᏣ ᎢᏧᏖᏒᎢ?
10. ᎠᎴ ᎦᎵᏉᎩ ᎦᏚ ᏅᎩᏃ ᎢᏯᎦᏴᎵ ᏥᎾᏂᎥᎩ, ᎠᎴ ᎢᏯᎧᎵᎢ ᏔᎳᏣ ᎢᏧᏖᏒᎢ?
11. ᎦᏙ ᏗᎦᎵᏍᏙᏗ ᏂᏦᎵᎬᎾ ᏥᎩ, ᎾᏍᎩ ᎯᎠ ᏥᏂᏨᏪᏏ ᏝᏍᎩᏂ ᎦᏚ ᏱᏥᏛᎦ, ᎢᏤᏯᏔᎮᏍᏗ ᎠᎪᏙᏗ ᎠᏂᏆᎵᏏ ᎠᎴ ᎠᏂᏌᏚᏏ ᎤᎾᏤᎵᎦ, ᏥᏨᏲᏏ?
12. ᎿᎭᏉᏃ ᎤᏃᎵᏨᎩ ᏄᏂᏁᏤᎲᎾ ᎨᏒ ᎤᏁᏯᏙᎢᏍᏗᏱ ᎦᏚ ᎠᎪᏙᏗ, ᏓᎾᏕᏲᎲᏍᎬᏍᎩᏂ ᎠᏂᏆᎵᏏ ᎠᎴ ᎠᏂᏌᏚᏏ.
13. ᏥᏌᏃ ᎤᎷᏨ ᏏᏌᎵᏱ ᏇᎵᎩᏱ, ᏚᏛᏛᏅᎩ ᎬᏩᏍᏓᏩᏗᏙᎯ, ᎯᎠ ᏂᏚᏪᏎᎸᎩ; ᎠᏴ ᏴᏫ ᎤᏪᏥ ᏥᎩ ᎦᎪ ᎬᏉᏎᎰ ᏴᏫ?
14. ᎯᎠᏃ ᏄᏂᏪᏒᎩ; ᎢᎦᏛ ᏣᏂ ᏗᏓᏬᏍᎩ [ᎨᏦᏎᎰᎢ,] ᎢᎦᏛᏃ ᎢᎳᏯ, ᎠᏂᏐᎢᏃ ᏤᎵᎹᏯ ᎠᎴ ᎩᎶ ᎢᏳᏍᏗ ᎠᎾᏙᎴᎰᏍᎩ ᎨᏒᎢ.
15. ᎯᎠᏃ ᏂᏚᏪᏎᎸᎩ; ᏂᎯᎾᏃ ᎦᎪ ᏍᎩᏲᏎᎭ?
16. ᏌᏩᏂᏃ ᏈᏓ ᎤᏁᏨ ᎯᎠ ᏄᏪᏒᎩ; ᎦᎶᏁᏛ ᏂᎯ, ᎬᏂᏛ ᎤᏁᎳᏅᎯ ᎤᏪᏥ.
17. ᏥᏌᏃ ᎤᏁᏨ ᎯᎠ ᏄᏪᏎᎸᎩ; ᎣᏏᏳ ᎢᏣᎵᏍᏓᏁᏗ ᏂᎯ ᏌᏩᏂ ᏦᎾ ᎤᏪᏥ; ᎥᏝᏰᏃ ᎤᏇᏓᎵ ᎠᎴ ᎩᎬ ᎾᏍᎩ ᏱᏣᎾᏄᎪᏫᏎᎸ, ᎡᏙᏓᏍᎩᏂ ᎦᎸᎳᏗ ᎡᎯ.
18. ᎠᏴᏃ ᎯᎠ ᏂᎬᏪᏎᎭ; ᏈᏓ ᏂᎯ ᎠᎴ ᎾᏍᎩ ᎠᏂ ᎯᎠ ᏅᏲᎯ ᏓᎦᏁᏍᎨᎯ ᎠᏆᏤᎵ ᏧᎾᏁᎶᏗ ᎤᎾᏓᏡᎬᎢ, ᎠᎴ ᏨᏍᎩᏃᎢ ᏓᏍᏚᎲᎢ ᎡᏍᎦ ᎢᏳᏅᏁᏗ ᏂᎨᏒᎾ ᎨᏎᏍᏗ.
19. ᎠᎴ ᏗᏍᏚᎢᏍᏗ ᎦᎸᎳᏗ ᎡᎯ ᎤᎬᏫᏳᎯ ᎨᏒ ᏧᏤᎵ ᏙᏓᎬᏕᎵ, ᏂᎦᎥᏃ ᎪᎱᏍᏗ ᎭᎸᎢᎮᏍᏗ ᎡᎶᎯ, ᎦᎸᏍᏗ ᎨᏎᏍᏗ ᎦᎸᎳᏗ, ᏂᎦᎥᏃ ᎪᎱᏍᏗ ᎭᎸᎩᏍᎨᏍᏗ ᎡᎶᎯ ᎦᎸᎩᏍᏗ ᎨᏎᏍᏗ ᎦᎸᎳᏗ.
20. ᎿᎭᏉᏃ ᏚᏅᏍᏓᏕᎸᎩ ᎬᏩᏍᏓᏩᏗᏙᎯ ᎩᎶ ᎤᏂᏃᏁᏗᏱ ᎾᏍᎩ ᎤᏩᏒ ᎦᎶᏁᏛ ᎨᏒᎢ.
21. ᎿᎭᏉᏃ ᏥᏌ ᎤᎴᏅᎲᎩ ᏚᏃᏁᎸᎩ ᎬᏩᏍᏓᏩᏗᏙᎯ ᎠᏎ ᎤᏪᏅᏍᏗᏱ ᎨᏒ ᏥᎷᏏᎵᎻ, ᎠᎴ ᏧᏓᎴᏅᏛ ᏧᎩᎵᏲᏤᏗᏱ ᏗᏂᎳᏫᎩ ᎠᎴ ᏄᏂᎬᏫᏳᏒ ᎠᏥᎸᎠᏁᎶᎯ ᎠᎴ ᏗᏃᏪᎵᏍᎩ; ᎠᎴ ᎠᏥᎢᏍᏗᏱ, ᎠᎴ ᏦᎢᏁ ᎢᎦ ᏧᎴᏗᏱ.
22. ᎿᎭᏉᏃ ᏈᏓ ᎢᏴᏛ ᏭᏘᏅᏍᏔᏅ ᎤᎴᏅᎲᎩ ᎤᏓᏅᏍᏓᏕᎸᎩ, ᎯᎠ ᏄᏪᏒᎩ, ᎤᏁᎳᏅᎯ ᏭᏅᏍᏙᎯ, ᏣᎬᏫᏳᎯ, ᎥᏝ ᎾᏍᎩ ᏱᏅᎨᏣᎵᏍᏓᏏ.
23. ᎤᎦᏔᎲᏒᏃ ᎯᎠ ᎾᏥᏪᏎᎸ ᏈᏓ; ᎠᏆᏐᎭᏛ ᎭᎴᎲᎦ, ᏎᏓᏂ, ᏗᏍᏉᏕᏍᏗᏍᎩᏉ ᏂᎯ, ᎥᏝᏰᏃ ᏯᏓᏅᏕᎭ ᎤᏁᎳᏅᎯ ᎤᏤᎵᎦ, ᏴᏫᏉᏍᎩᏂ ᎤᎾᏤᎵ ᎭᏓᏅᏕᎭ.
24. ᎿᎭᏉᏃ ᏥᏌ ᎯᎠ ᏂᏚᏪᏎᎸᎩ ᎬᏩᏍᏓᏩᏗᏙᎯ; ᎢᏳᏃ ᎩᎶ ᎤᏚᎵᏍᎨᏍᏗ ᎠᎩᏍᏚᏩᏛᏍᏗᏱ, ᎠᏓᏓᏱᎮᏍᏗ ᎤᏩᏒ, ᎠᎴ ᏧᏓᎿᎭᏩᏛ ᎠᏱᏍᎨᏍᏗ, ᎠᎴ ᎠᎩᏍᏓᏩᏕᎨᏍᏗ.
25. ᎩᎶᏰᏃ ᎤᏚᎵᏍᎨᏍᏗ ᎤᏍᏕᎸᏗᏱ ᎬᏅᎢ, ᎤᏲᎱᏎᏗ ᎨᏎᏍᏗ; ᎩᎶᏃ ᎤᏲᎱᏎᎮᏍᏗ ᎬᏅᎢ, ᎠᏴ ᏅᏗᎦᎵᏍᏙᏗᏍᎨᏍᏗ, ᎤᏩᏛᏗ ᎨᏎᏍᏗ.
26. ᎦᏙ ᏴᏫ ᏳᏁᏉᏥ ᎢᏳᏃ ᎡᎳᏂᎬ ᎤᏤᎵ ᏱᏄᎵᏍᏔᏅ, ᎤᏓᏅᏙᏃ ᏳᏲᎱᏎᎸ; ᎠᎴ ᎦᏙ ᏯᎲᎦ ᏴᏫ ᏱᎦᏁᏟᏴᏍᏓ ᎤᏓᏅᏙ.
27. ᏴᏫᏰᏃ ᎤᏪᏥ ᏓᎦᎷᏥ ᎤᏙᏓ ᎤᏤᎵ ᎦᎸᏉᏗᏳ ᎨᏒ ᎤᏄᏬᏍᏕᏍᏗ, ᎠᎴ ᏗᏂᎧᎿᎭᏩᏗᏙᎯ ᏓᏘᏁᎮᏍᏗ; ᎿᎭᏉᏃ ᏙᏛᎫᏴᎡᎵ ᎾᏂᎥ ᏴᏫ ᏄᏍᏛ ᏚᏂᎸᏫᏍᏓᏁᎸᎢ.
28. ᎤᏙᎯᏳᎯᏯ ᎯᎠ ᏂᏨᏪᏎᎭ, ᎩᎶ ᎠᏂ ᏓᏂᏙᎦ ᎥᏝ ᏴᏛᎾᏙᎴᎰᏏ ᎠᏲᎱᎯᏍᏗ ᎨᏒᎢ, ᎬᏂ ᎠᏂᎪᎲᎭ ᏴᏫ ᎤᏪᏥ ᎾᎿᎭᎤᎬᏫᏳᎯ ᎨᏒ ᎦᎾᏄᎪᏥᎸᎭ.

== Matthew 17 ==
1. ᏑᏓᎵᏃ ᏫᏄᏒᎸ ᏥᏌ ᏚᏘᏅᏒᎩ ᏈᏓ, ᎠᎴ ᏥᎻ ᎠᎴ ᏣᏂ ᏥᎻ ᏗᎾᏓᏅᏟ, ᎠᎴ ᏚᎿᎭᎷᏔᏅᎩ ᎢᏅ ᎢᎦᏘ ᎣᏓᎸ ᎤᏅᏒ ᎨᏒᎢ,
2. ᎠᎴ ᎤᏓᏁᏟᏴᏎ ᏓᏂᎧᏅᎢ, ᎠᎴ ᎤᎧᏛ ᏗᎬᏩᎸᏌᏓ ᏄᎵᏍᏔᏁᎢ ᏅᏙ ᎢᏗᎬᏤᎵᏛ, ᎠᎴ ᎤᏄᏩᎥ ᎢᎦ-ᎦᏛ ᏥᏄᏁᎩᏴ ᏄᏁᎩᏰᎢ.
3. ᎠᎴ ᎬᏂᏳᏉ ᎾᎿᎭᎬᏂᎨᏒ ᏂᎬᏩᎾᏛᏁᎴ ᎼᏏ ᎠᎴ ᎢᎳᏯ ᎬᏩᎵᏃᎮᏗᏍᎨᎢ.
4. ᏈᏓᏃ ᎤᏁᏨ ᎯᎠ ᏄᏪᏎᎴ ᏥᏌ; ᏣᎬᏫᏳᎯ, ᎣᏏᏳ ᎠᏂ ᏥᏕᏙᎭ, ᎢᏳᏃ ᎣᏏᏳ ᏱᏣᏰᎸᏅ, ᎠᏂ ᏦᎢ ᏱᏙᏥᎵᏦᏛᎦ, ᏌᏉ ᏂᎯ ᏣᏤᎵᎦ, ᏐᎢᏃ ᎼᏏ ᎤᏤᎵᎦ, ᏐᎢᏃ ᎢᎳᏯ ᎤᏤᎵᎦ.
5. ᎠᏏᏉᏃ ᎦᏬᏂᏍᎨᎢ, ᎬᏂᏳᏉ ᎤᏍᎪᏍᏛ ᎤᎶᎩᎳ ᎤᎾᏓᏩᏗᏍᏔᏁᎢ, ᎠᎴ ᎬᏂᏳᏉ ᎾᎿᎭᎤᎶᎩᎸ ᏧᏁᏤᎢ, ᎯᎠ ᏅᏧᏪᏎᎢ; ᎯᎠ ᎾᏍᎩ ᎠᏇᏥ ᏥᎨᏳᎢ, ᎾᏍᎩ ᎣᏏᏳ ᏥᏰᎸᎢ, ᎾᏍᎩ ᎡᏣᏛᏓᏍᏓᏁᎮᏍᏗ.
6. ᎬᏩᏍᏓᏩᏗᏙᎯᏃ ᎤᎾᏛᎦᏅ ᏚᏂᏅᏤ ᏚᏂᏯᏍᏚᏎᎢ, ᎤᏣᏘ ᎤᏂᏍᎦᎴᎢ.
7. ᏥᏌᏃ ᎤᎷᏤ ᏚᏒᏂᎴᎢ, ᎯᎠ ᏄᏪᏎᎢ; ᏗᏣᎴᎲᎦ, ᎠᎴ ᏞᏍᏗ ᏱᏥᏍᎦᎢᎮᏍᏗ.
8. ᏚᎾᎧᎾᏅᏃ ᎥᏝ ᎩᎶ ᏳᏂᎪᎮ ᏥᏌ ᎤᏩᏒ.
9. ᏧᏂᎦᏐᎠᏏᏗᏒᏃ ᎣᏓᎸᎢ ᏥᏌ ᏚᏅᏍᏓᏕᎴᎢ, ᎯᎠ ᏄᏪᏎᎢ; ᏞᏍᏗ ᎩᎶ ᎡᏥᏃᏁᎸᎭ ᎾᏍᎩ ᏥᏥᎪᏩᏛ ᎬᏂ ᏴᏫ ᎤᏪᏥ ᎤᏲᎱᏒ ᏚᎴᏁᏍᏗ.
10. ᎬᏩᏍᏓᏩᏗᏙᎯᏃ ᎬᏩᏛᏛᏁᎢ, ᎯᎠ ᏄᏂᏪᏎᎢ; ᎦᏙᏃ ᏗᏃᏪᎵᏍᎩ, ᎢᎳᏯ ᎢᎬᏱ ᏓᎦᎷᏥ, ᏣᎾᏗᏍᎪᎢ?
11. ᏥᏌᏃ ᎤᏁᏨ ᎯᎠ ᏂᏚᏪᏎᎴᎢ; ᎤᏙᎯᏳᎯ ᎢᎳᏯ ᎢᎬᏱ ᎤᎷᎯᏍᏗ ᎠᎴ ᎤᏬᏢᎯᏐᏗ ᏂᎦᎥ ᎪᎱᏍᏗ.
12. ᎠᏎᏃ ᎯᎠ ᏂᏨᏪᏎᎭ; ᎢᎳᏯ ᎦᏳᎳ ᎤᎷᏨ, ᎠᎴ ᎥᏝ ᏱᎬᏬᎵᏦᎢ, ᎠᏎᏃ ᏂᎦᎥ ᎤᎾᏚᎵᏍᎬᎢ ᏂᎬᏩᏁᎸ. ᎾᏍᏉᏍᎩᏂ ᏴᏫ ᎤᏪᏥ ᎾᏍᎩᏯ ᏅᏓᎬᏩᏁᎵ.
13. ᎿᎭᏉᏃ ᎬᏩᏍᏓᏩᏗᏙᎯ ᎤᏃᎵᏤ ᏣᏂ ᏗᏓᏬᏍᎩ ᎧᏁᎢᏍᏗᏍᎬᎢ.
14. ᎿᎭᏉᏃ ᎤᏂᏣᏘ ᎠᏁᏙᎲ ᎤᏂᎷᏨ, ᎤᎷᏤᎸᎩ ᎠᏍᎦᏯ ᏚᎵᏂᏆᏅᏁᎸᎩ ᎯᎠ ᏄᏪᏒᎩ;
15. ᏣᎬᏫᏳᎯ, ᎯᏯᏙᎵᎩ ᎠᏧᏣ ᎠᏇᏥ, ᎬᎵᏰᏃ ᎬᏩᎯᎭ, ᎠᎴ ᎤᏣᏘ ᎠᎩᎵᏲᎦ, ᏯᏃᎩᏳᏰᏃ ᎠᏥᎸᏱ ᎬᏛᎪᎢ ᎠᎴ ᎠᎹᏱ ᎠᎬᎪᎢ.
16. ᎦᏥᏯᏘᏃᎮᎸᎩᏃ ᎨᏣᏍᏓᏩᏗᏙᎯ, ᎠᏎᏃ ᎤᏂᏄᎸᏅᎩ ᎤᏂᏅᏬᏗᏱ.
17. ᏥᏌᏃ ᎤᏁᏨ ᎯᎠ ᏄᏪᏒᎩ; ᏂᏦᎯᏳᏒᎾ ᎠᎴ ᎢᏣᎦᏔᎲᏛ ᎪᎯ ᏥᏤᎭ, ᎢᎳᎪ ᏂᎪᎯᎴᏍᏗ ᎢᏨᏰᎳᏗᏙᎮᏍᏗ? ᎢᎳᎪ ᏂᎪᎯᎴᏍᏗ ᎤᎾᏁᎳᎩ ᎢᏨᏰᎵᏎᎮᏍᏗ? ᏍᎩᏯᏘᏃᎯᏏ.
18. ᏥᏌᏃ ᎠᏍᎩᎾ ᎤᏍᎦᏨᎩ; ᎠᏍᎩᎾᏃ ᎤᏄᎪᏨᎩ ᎠᏧᏣ, ᎠᎴ ᎾᎯᏳᏉ ᎤᏗᏩᏒᎩ.
19. ᎿᎭᏉᏃ ᎬᏩᏍᏓᏩᏗᏙᎯ ᏥᏌ ᎬᏩᎷᏤᎸᎩ ᎤᏅᏒ ᎨᏒᎢ, ᎯᎠ ᏄᏂᏪᏒᎩ; ᎦᏙᏃ ᏦᎩᏄᎸᏅᎩ ᎣᏥᏄᎪᏫᏍᏗᏱ?
20. ᏥᏌᏃ ᎯᎠ ᏂᏚᏪᏎᎸᎩ; ᏅᏗᎦᎵᏍᏙᏗᎭ ᏂᏦᎯᏳᏒᎾ ᎨᏒᎢ. ᎤᏙᎯᏳᎯᏯᏰᏃ ᎯᎠ ᏂᏨᏪᏎᎭ; ᎢᏳᏃ ᏱᏦᎯᏳᎭ ᎾᏍᏉ ᎠᏥᎸᏉ ᎤᎦᏔ ᎢᎩᏛ, ᎯᎠ ᏱᏂᏥᏪᏏ ᎯᎠ ᏦᏓᎸ, ᎭᏓᏅᎾ ᎢᏢ ᏫᎶᎯ, ᎠᎭ ᎤᏓᏅᏍᏗ; ᎥᏝ ᎠᎴ ᎪᎱᏍᏗ ᏱᎨᏥᏄᎸᎲᏍᎦ.
21. ᎯᎠᏍᎩᏂᏃᏅ ᎢᏳᏍᏗ ᎥᏝ ᎤᏄᎪᎢᏍᏗ ᏱᎩ, ᎬᏂ ᏴᏓᏙᎵᏍᏗᎭ ᎠᎴ ᎠᎹᏟ ᏯᎬᏍᎦ.
22. ᎠᏏᏃ ᎨᎵᎵ ᎠᏁᏙᎲᎢ ᏥᏌ ᎯᎠ ᏂᏚᏪᏎᎸᎩ; ᏴᏫ ᎤᏪᏥ ᏴᏫ ᏙᏓᎨᏥᏲᎯᏎᎵ,
23. ᎠᎴ ᎾᏍᎩ ᏓᎬᏩᎵ, ᎠᎴ ᏦᎢᏁ ᎢᎦ ᏙᏛᎠᎴᏂ. ᎤᏣᏔᏅᎯᏃ ᎤᏲ ᎤᏂᏰᎸᏅᎩ.
24. ᎨᏆᏂᏃ ᎤᏂᎷᏨ ᎠᏰᎵ ᎠᏕᎸ ᎠᏂᎩᏏᏙᎯ ᎬᏩᎷᏤᎴ ᏈᏓ, ᎯᎠ ᏄᏂᏪᏎᎢ; ᏝᏍᎪ ᏗᏤᏲᎲᏍᎩ ᎠᏰᎵ ᏯᎫᏱᏍᎪᎢ?
25. ᎥᎥ, ᎤᏛᏁᎢ. ᎠᏓᏁᎸᏃ ᎤᎷᏨ ᏥᏌ ᎤᏲᏍᏙᏓᏁᎸᎩ, ᎯᎠ ᏄᏪᏒᎩ; ᎦᏙ ᎮᎵᎭ, ᏌᏩᏂ; ᎦᎪ ᎠᏰᎵ ᎬᏩᎾᎫᏴᎡᎰ ᎤᏂᎬᏫᏳᎯ ᎡᎶᎯ ᎠᏁᎯ; ᏧᏁᏥᏍᎪ, ᏅᏩᎾᏓᎴᎨ?
26. ᏅᏩᎾᏓᎴᎢ, ᎤᏓᏙᏎᎸᎩ ᏈᏓ. ᏥᏌᏃ ᎯᎠ ᏄᏪᏎᎸᎩ; ᏧᏁᏥᏍᎩᏂᎨᏃ ᎤᎾᏁᎳᎩᏉ.
27. ᎠᏎᏃ ᏗᏂᎿᎭᎸᏙᏍᏗᏱ ᏂᎨᏒᎾ, ᎥᏓᎵ ᎮᎾ, ᎠᏑᏗᏃ ᏫᏣᏓᎡᏒᎭ, ᎢᎬᏱᏱᏃ ᎯᏴᎩᏛ ᎠᏣᏗ ᎯᏁᏒᎭ, ᎠᎴ ᎯᏍᏚᎢᏒ ᎠᎰᎵ ᎠᏰᎵ-ᎠᏕᎸ ᏘᏩᏛᎯ; ᎾᏍᎩ ᎯᎩᏒᎭ ᎠᎴ ᏕᎯᏁᎸᎭ ᎠᏴ ᎩᎾᎫᏴᏗ.

== Matthew 18 ==
1. ᎾᎯᏳ ᏥᏌ ᎬᏩᎷᏤᎸ ᎬᏩᏍᏓᏩᏗᏙᎯ, ᎯᎠ ᏂᎬᏩᏪᏎᎸᎩ; ᎦᎪ ᎤᏟᎠ ᏥᎸᏉᏗᏳ ᎾᎿᎭᎦᎸᎳᏗ ᎡᎯ ᎤᎬᏫᏳᎯ ᎨᏒᎢ.
2. ᏥᏌᏃ ᎠᏲᎵ ᏭᏯᏅᎲ ᎠᏰᎵ ᎠᏂᏅ ᎤᏪᎧᏅᎩ, ᎠᎴ ᎯᎠ ᏄᏪᏒᎩ;
3. ᎤᏙᎯᏳᎯᏯ ᎯᎠ ᏂᏨᏪᏎᎭ; ᎢᏳᏃ ᏂᏣᏓᏁᏟᏴᏒᎾ ᎢᎨᏎᏍᏗ, ᎠᎴ ᏗᏂᏲᎵ ᏥᏄᎾᏍᏗ ᏂᏣᎵᏍᏔᏅᎾ ᎢᎨᏎᏍᏗ, ᎥᏝ ᎦᎸᎳᏗ ᎡᎯ ᎤᎬᏫᏳᎯ ᎨᏒ ᏴᎨᏥᏴᎭ.
4. ᎾᏍᎩ ᎢᏳᏍᏗ ᎩᎶ ᎤᏓᏙᎵᏍᏗ ᎨᏎᏍᏗ ᎾᏍᎩᏯ ᎯᎠ ᎠᏲᎵ, ᎾᏍᎩ ᎤᏟ ᎠᏥᎸᏉᏗᏳ ᎨᏎᏍᏗ ᎾᎿᎭᎦᎸᎳᏗ ᎡᎯ ᎤᎬᏫᏳᎯ ᎨᏒᎢ.
5. ᎠᎴ ᎩᎶ ᏓᏓᏂᎸᎨᏍᏗ ᏌᏉ ᎾᏍᎩ ᎯᎠ ᎢᏳᏍᏗ ᎠᏲᎵ ᏓᏆᏙᎥ ᏅᏗᎦᎵᏍᏙᏗᏍᎨᏍᏗ, ᎠᏴ ᏓᏆᏓᏂᎸᎨᏍᏗ.
6. ᎩᎶᏍᎩᏂ ᏕᎪᏕᏍᏗᏍᎨᏍᏗ ᏌᏉ ᎯᎠ ᏧᎾᏍᏗᎦ ᎨᏒ ᎾᏍᎩ ᎬᏉᎯᏳᎲᏍᎩ, ᎤᏟ ᎣᏏᏳ ᎠᏍᏙᏍᎩ ᏅᏯ ᏯᏥᏯᏝᏅ, ᎠᎴ ᎠᏍᏛᎬ ᎠᎺᏉᎯ ᏯᏥᎬᏴ.
7. ᎤᏂᎢᏳ ᎢᏳᎵᏍᏓᏁᏗ ᎨᏎᏍᏗ ᎡᎶᎯ ᏅᏗᎦᎵᏍᏙᏗᎭ ᏗᎾᏓᏙᏕᏍᏗᏍᎩ, ᎠᏎᏰᏃ ᏗᎾᏓᏙᏕᏍᏗᏍᎩ ᎤᏂᎾᏄᎪᎢᏍᏗ; ᎠᏎᏃ ᎤᏲᎢᏳ ᎢᏳᎵᏍᏓᏁᏗ ᎾᏍᎩ Ꮎ ᎠᏍᎦᏯ ᏗᏓᏙᏕᏍᏗᏍᎩ ᎤᎾᏄᎪᏫᏒᎯ.
8. ᎾᏍᎩ ᎢᏳᏍᏗ ᎢᏳᏃ ᏦᏰᏂ ᎠᎴ ᏣᎳᏏᏕᏂ ᏕᏦᏕᏍᏗᏍᎨᏍᏗ, ᎯᏍᏆᎵᏍᎨᏍᏗ ᎠᎴ ᏫᏣᏕᎨᏍᏗ; ᎤᏟ ᎣᏏᏳ ᎢᏣᎵᏍᏓᏁᏗ ᏦᏰᏂ ᎠᎴ ᏣᎳᏏᏕᏂ ᏣᏲᎱᏎᎸᎯ ᏱᎩ ᎬᏂᏛ ᏗᎨᏒ ᏫᏱᏣᏴᎸ, ᎠᏃ ᎢᏧᎳ ᏱᏘᏰᏌᏓ ᎠᎴ ᎢᏧᎳ ᏗᏣᎳᏏᏕᏂ ᏫᏰᏣᏓᎢᏅ ᏂᎬᏠᏍᎬᎾ ᎨᏒ ᎠᏥᎸᏱ.
9. ᎢᏳ ᎠᎴ ᎯᎦᏙᎵ ᏕᏦᏕᏍᏗᏍᎨᏍᏗ, ᎭᏓᎦᏖᏙᎢᏍᎨᏍᏗ ᎠᎴ ᏫᏣᏕᎨᏍᏗ; ᎤᏟ ᎣᏏᏳ ᎢᏣᎵᏍᏓᏁᏗ ᏌᏉ ᏱᎧᎿᎭᎬᏂᏛ ᏗᎨᏒ ᏫᏱᏣᏴᎸ, ᎠᏃ ᎢᏧᎳ ᏱᏘᎧᎿᎭᏨᏍᎩᏃᎢ ᎠᏥᎸᏱ ᏫᏰᏣᏓᎢᏅ.
10. ᎢᏤᏯᏔᎮᏍᏗ ᏥᎦᏰᏥᏐᏢᏔᏂ ᏌᏉ ᎯᎠ ᏧᎾᏍᏗᎦ; ᎯᎠᏰᏃ ᏂᏨᏪᏎᎭ; ᎦᎸᎳᏗ ᏦᏒ ᏧᎾᏤᎵᎦ ᏗᏂᎧᎿᎭᏩᏗᏙᎯ ᏂᎪᎯᎸ ᎠᏂᎪᏩᏘᏍᎪ ᎤᎧᏛ ᎡᏙᏓ ᎦᎸᎳᏗ ᎡᎯ.
11. ᏴᏫᏰᏃ ᎤᏪᏥ ᎤᎷᏨ ᎤᏍᏕᎸᎯᎸ ᎤᎴᎾᎸᎯ.
12. ᎦᏙ ᎢᏤᎵᎭ; ᎢᏳᏃ ᎩᎶ ᎠᏍᎦᏯ ᎠᏍᎪᎯᏧᏈ ᎠᏫ ᏱᏚᎾᏝᎠ, ᏌᏉᏃ ᏳᎴᏲᎡᎸ, ᏝᏍᎪ ᏐᎣᏁᎳᏍᎪᎯ ᏐᎣᏁᎳᎦᎵ ᎢᏯᏂᏛ ᏱᏗᎬᏕᎪᎢ, ᎠᎴ ᏱᏗᎧᎾᎷᏏᏙᎰ ᎦᏚᏏ ᏳᏲᎰ ᎤᎴᏲᎡᎸᎯ?
13. ᎢᏳᏃ ᎠᏩᏛ, ᎤᏙᎯᏳᎯᏯ ᎢᏨᏲᏎᎭ, ᎤᏟ ᏂᎦᎣ ᎠᎵᎮᎵᎪ ᎾᏍᎩ ᎨᏒ ᎢᏳᏍᏗ, ᎡᏍᎦᏉ ᏐᎣᏁᎳᏍᎪᎯ ᏐᎣᏁᎳᎦᎵ ᎢᏯᏂᏛ ᏄᎾᎴᏲᎥᎾ.
14. ᎾᏍᎩᏯ ᎾᏍᏉ ᎥᏝ ᏳᏚᎵ ᎢᏥᏙᏓ ᎦᎸᎳᏗ ᎡᎯ, ᏌᏉ ᎯᎠ ᏧᎾᏍᏗᎦ ᎨᏒ ᏧᏂᏲᎱᎯᏍᏗᏱ.
15. ᎢᏳᏃ ᏗᏍᏓᏓᏅᏟ ᎢᏣᏍᎦᏅᏤᎮᏍᏗ, ᎮᎨᏍᏗ ᎯᏃᏁᎮᏍᏗ ᎤᏍᎦᏅᏨ ᎢᏍᏛᏒᏉ ᎨᏒᎢ; ᎢᏳᏃ ᎢᏣᏛᏓᏍᏓᏁᎮᏍᏗ, ᎯᏩᏛᎮᏍᏗ ᏗᏍᏓᏓᏅᏟ.
16. ᎢᏳᏍᎩᏂᏃ ᏂᏣᏛᏓᏍᏓᏁᎲᎾᏉ ᎢᎨᏎᏍᏗ, ᎠᏏᏴᏫ ᎠᎴ ᎠᏂᏔᎵ ᏕᎭᏘᏁᎨᏍᏗ, ᎾᏍᎩᏃ ᎠᏂᏃᎮᏍᎬ ᎠᏂᏔᎵ ᎠᎴ ᎠᏂᏦᎢ ᎠᏂᎦᏔᎯ ᏂᎦᏛ ᏣᏁᏨ ᎠᏍᏓᏲᏍᎨᏍᏗ.
17. ᎢᏳᏃ ᎾᏍᎩ ᏂᏓᏛᏓᏍᏓᏁᎲᎾᏉ ᎢᎨᏎᏍᏗ ᏧᎾᏁᎶᏗ ᎤᎾᏓᏡᎬ ᎯᏃᎲᏍᎨᏍᏗ; ᎢᏳᏍᎩᏂᏃ ᏧᎾᏁᎶᏗ ᎤᎾᏓᏡᎬ ᏂᏓᏛᏓᏍᏓᏁᎲᎾ ᎢᎨᏎᏍᏗ, ᏅᏩᏓᎴᏉ ᏴᏫ ᎠᎴ ᎠᏰᎵᏉ-ᎠᏕᎸ ᎠᎩᏏᏙᎯ ᎾᏍᎩᏯ ᎯᏯᏓᏅᏖᏍᎨᏍᏗ.
18. ᎤᏙᎯᏳᎯᏯ ᎯᎠ ᏂᏨᏪᏎᎭ; ᏂᎦᎥ ᎪᎱᏍᏗ ᎢᏣᎸᎢᎮᏍᏗ ᎡᎶᎯ, ᎦᎸᏍᏗ ᎨᏎᏍᏗ ᎦᎸᎳᏗ; ᏂᎦᎥᏃ ᎪᎱᏍᏗ ᎢᏣᎸᎩᏍᎨᏍᏗ ᎡᎶᎯ ᎦᎸᎩᏍᏗ ᎨᏎᏍᏗ ᎦᎸᎳᏗ.
19. ᎠᎴᏬ ᎯᎠ ᏂᏨᏪᏎᎭ; ᎢᏳᏃ ᎠᏂᏔᎵ ᏂᎯ ᏥᏤᏙᎭ ᎠᎾᎵᎪᎲᏍᎨᏍᏗ ᎠᏂ ᎡᎶᎯ ᏂᎦᎥᏉ ᎪᎱᏍᏗ ᎠᏂᏔᏲᎯᎮᏍᏗ, ᎾᏍᎩ ᎢᏳᎾᏛᏁᏗ ᎨᏎᏍᏗ ᎡᏙᏓ ᎦᎸᎳᏗ ᎡᎯ.
20. ᎢᎸᎯᏢᏰᏃ ᎠᏂᏔᎵ ᎠᎴ ᎠᏂᏦᎢ ᏥᏓᏂᎳᏫᎣ ᎠᏴ ᏓᏆᏙᎥ ᏥᏅᏗᎦᎵᏍᏙᏗᏍᎪᎢ, ᎾᎿᎭᎠᏰᎵ ᎠᏆᏓᏑᏲᎢ.
21. ᎿᎭᏉᏃ ᏈᏓ ᎤᎷᏤᎸ ᎯᎠ ᏄᏪᏒᎩ; ᏣᎬᏫᏳᎯ, ᎢᎳᎪ ᎾᎩᏍᎦᏅᏤᎮᏍᏗ ᏦᏍᏓᏓᏅᏟ, ᎠᏏᏉ ᎢᏥᏯᏙᎵᎨᏍᏗ? ᎦᎵᏉᎩᏍᎪ?
22. ᏥᏌ ᎯᎠ ᏄᏪᏎᎸᎩ; ᎥᏝ ᎦᎵᏉᎩᏉ ᏱᎬᏲᏎᎭ, ᎦᎵᏆᏍᎪᎯᏍᎩᏂ ᎦᎸᏉᎩ ᎢᏳᎶᏒᎯ.
23. ᎾᏍᎩ ᎢᏳᏍᏗ ᎦᎸᎳᏗ ᎡᎯ ᎤᎬᏫᏳᎯ ᎨᏒ ᎾᏍᎩᏯᏉ ᎩᎶ ᎤᎬᏫᏳᎯ ᏧᏓᏅᏖᎴ ᎣᏍᏛ ᎢᏳᏅᏁᏗᏱ ᏚᏚᎬ ᏧᏅᏏᏓᏍᏗ.
24. ᎿᎭᏉᏃ ᎤᎾᎴᏅᎲ ᎣᏍᏛ ᏄᏅᏁᎸ, ᏌᏉ ᎠᎦᏘᏃᎮᎴ ᎠᏍᎪᎯ ᎢᏳᏆᏗᏅᏛ ᎠᏕᎸ ᎤᏚᎩ.
25. ᎠᏎᏃ ᎪᎱᏍᏗ ᎤᏓᏴᏙᏗ ᏄᎲᎾ ᎨᏒ ᎢᏳᏍᏗ, ᎤᎾᏝᎢ ᎤᏁᏤ ᎠᏥᎾᏗᏅᏗᏱ ᎠᎴ ᎤᏓᎵᎢ ᎠᎴ ᏧᏪᏥ ᎠᎴ ᏂᎦᎥ ᎪᎱᏍᏗ ᎤᎲᎢ, ᎠᏓᏴᏗᏱᏃ.
26. ᎾᏍᎩ ᎢᏳᏍᏗ ᎠᏥᏅᏏᏓᏍᏗ ᎡᎳᏗ ᎤᏓᏅᏁᎢ, ᎠᎴ ᎤᏓᏙᎵᏍᏓᏁᎴᎢ, ᎯᎠ ᏄᏪᏎᎢ; ᏍᎩᎾᏝᎢ, ᏍᎩᏙᎵᎩ ᏍᎩᎦᏘᏓ, ᏂᎦᏛᏃ ᏓᎬᏯᎫᏴᎡᎵ.
27. ᎾᏍᎩᏃ ᎠᏥᏅᏏᏓᏍᏗ ᎤᎾᏝᎢ ᎤᏪᏙᎵᏤᎢ, ᎠᎴ ᎤᏪᎧᏁᎢ, ᎠᎴ ᎤᏚᎬ ᎤᏁᎳᎩ ᎤᏪᎵᏎᎴᎢ.
28. ᎠᏎᏃ ᎾᏍᎩ Ꮎ ᎠᏥᏅᏏᏓᏍᏗ ᎤᏄᎪᏨ, ᎤᏩᏛᎮ ᎠᏏᏴᏫ ᎢᏧᎳᎭ ᎨᏥᏅᏏᏓᏍᏗ ᎾᏍᎩ ᎤᏁᏨᎯ ᎤᎫᏴᎡᏗᏱ ᎠᏍᎪᎯᏧᏈ ᎠᎩᏏ ᏧᎾᎬᏩᎶᏗ; ᎤᏂᏴᎮᏃ, ᎠᎴ ᎤᏴᏍᎩᏴᎮᎢ; ᏍᏆᎫᏴᏏ ᏥᎬᏚᎦ, ᎤᏛᏁᎢ.
29. ᎢᏧᎳᎭᏃ ᎨᏥᏅᏏᏓᏍᏗ ᏚᎳᏍᎬ ᎡᎳᏗ ᎤᏓᏅᏁ ᎤᏓᏙᎵᏍᏓᏁᎴᎢ, ᎯᎠ ᏄᏪᏎᎢ; ᏍᎩᏙᎵᎩ ᏍᎩᎦᏘᏓ, ᏂᎦᏛᏃ ᏓᎬᏯᎫᏴᎡᎵ.
30. ᎠᏎᏃ ᎥᏝ ᏳᏬᎯᏳᏁᎢ, ᏗᏓᏍᏚᏗᏱᏉ ᏭᎶᏎᎢ, ᎠᎴ ᎾᎿᎭᏭᏴᏔᏁ ᎤᎫᏴᏗᏱ ᎠᏥᏚᎬ ᎢᎪᎯᏛ.
31. ᎾᏉᏃ ᎾᏍᎩ ᎢᏧᎳᎭ ᎨᏥᏅᏏᏓᏍᏗ ᎤᎾᏙᎴᎰᏒ ᏄᎵᏍᏔᏅᎢ ᎤᏣᏘ ᎤᏲ ᎤᏂᏰᎸᏁᎢ, ᎠᎴ ᎤᏂᎷᏤ ᎤᏂᏃᏁᎴ ᏧᏂᎾᏝᎢ ᏂᎦᏛ ᏄᎵᏍᏔᏂᏙᎸᎢ.
32. ᎿᎭᏉᏃ ᎤᎾᏝᎢ ᏭᏯᏅᎲ ᎯᎠ ᏄᏪᏎᎴᎢ; ᏣᏁᎫᏥᏛ ᎬᏅᏏᏓᏍᏗ, ᎤᏁᎳᎩ ᎬᏰᎵᏎᎸᎩ ᏂᎦᏛ ᏂᎯ ᏥᎬᏚᎬᎩ, ᏍᎩᏔᏲᏎᎸ ᎢᏳᏍᏗ.
33. ᏝᏍᎪ ᎾᏍᏉ ᏂᎯ ᎦᎯᏯᏙᎵᏍᏗ ᏱᎨᏎ ᎢᏧᎳᎭ ᎡᏍᏗᏅᏏᏓᏍᏗ, ᎾᏍᎩᏯ ᎬᏯᏙᎵᏨᎢ?
34. ᎤᏔᎳᏭᏎᏃ ᎤᎾᏝᎢ, ᎠᎴ ᏫᏚᏲᎯᏎᎴ ᏗᎾᏓᏍᏚᎲᏍᎩ ᎤᎫᏴᎰᎲᏍᏗᏱ ᏂᎦᏛ ᎠᏥᏚᎬ ᎢᎪᎯᏛ.
35. ᎾᏍᎩᏯ ᎾᏍᏉ ᏅᏓᏨᏴᏁᎵ ᎡᏙᏓ ᎦᎸᎳᏗ ᎡᎯ, ᎢᏳᏃ ᏗᏣᏓᏅᏛ ᎢᏴᏛ ᎢᏥᏏᏴᏫᎭ ᎨᏒ ᏂᏗᏥᏙᎵᎬᎾ ᎢᎨᏎᏍᏗ ᎢᏣᏓᏅᏟ ᎤᏂᏍᎦᏅᏨᎢ.

== Matthew 19 ==
1. ᎯᎠᏃ ᏄᎵᏍᏔᏅᎩ, ᏥᏌ ᎤᏍᏆᏛ ᎾᏍᎩ ᎯᎠ ᏂᎦᏪᏍᎬᎢ, ᎨᎵᎵ ᎤᏓᏅᏒᎩ, ᏧᏗᏱ ᎠᏍᏛ ᏭᎷᏨᎩ ᏦᏓᏂ ᎠᏍᎪᏂᏗᏢ.
2. ᎤᏂᏣᏘᏃ ᎬᏩᏍᏓᏩᏛᏒᎩ, ᎠᎴ ᎾᎿᎭᏚᏅᏩᏅᎩ.
3. ᎠᏂᏆᎵᏏ ᎾᏍᏉ ᎬᏩᎷᏤᎸ ᎬᏩᎪᎵᏰᏍᎬᎩ, ᎯᎠ ᏂᎬᏩᏪᏎᎲᎩ; ᏚᏳᎪᏗᏍᎪ ᎠᏍᎦᏯ ᎤᏓᎢᏅᏗᏱ ᎤᏓᎵᎢ ᏂᎦᎥᏉ ᎪᎱᏍᏗ ᏴᏗᎵᏰᎢᎸᏍᏗᎭ?
4. ᎤᏁᏨᏃ ᎯᎠ ᏂᏚᏪᏎᎸᎩ; ᏝᏍᎪ ᏱᏥᎪᎵᏰᎣ, ᎾᏍᎩ ᏗᏓᎴᏂᏍᎬ ᏧᏪᏢᏅᎯ ᎠᏍᎦᏯ ᎠᎴ ᎠᎨᏴ ᏚᏬᏢᏅᎢ?
5. ᎠᎴ ᎯᎠ ᏄᏪᏒᎢ; ᎾᏍᎩ ᎢᏳᏍᏗ ᎠᏍᎦᏯ ᏕᎬᏕᎨᏍᏗ ᎤᏙᏓ ᎠᎴ ᎤᏥ, ᎠᎴ ᎠᏜᏓᏫᏍᏗᏍᎨᏍᏗ ᎤᏓᎵᎢ, ᎠᎴ ᎾᏍᎩ ᎠᏂᏔᎵ ᏌᏉᏉ ᎤᏂᏇᏓᎸᎢ?
6. ᎾᏍᎩ ᎢᏳᏍᏗ ᎥᏝ ᎿᎭᏉ ᎠᏂᏔᎵ ᏱᎩ; ᏌᏉᏉᏍᎩᏂ ᎤᏂᏇᏓᎸᎢ. ᎾᏍᎩ ᎢᏳᏍᏗ ᎤᏁᎳᏅᎯ ᏧᏭᏓᏔᏅᎯ ᎨᏒ ᏞᏍᏗ ᏴᏫ ᏱᏚᎦᎴᏅᏔᏁᏍᏗ.
7. ᎯᎠᏃ ᏅᎬᏩᏪᏎᎸᎩ; ᎦᏙᏃ ᏱᏏ ᏧᏁᏤ ᎪᏪᎵ ᎦᏅᏁᏗᏱ ᏗᎦᎴᏅᏙᏗ, ᎠᎴ ᎠᎨᎯᏓᏍᏗᏱ?
8. ᎯᎠᏃ ᏂᏚᏪᏎᎸᎩ; ᏗᏍᏓᏱᏳ ᎨᏒ ᎢᏳᏍᏗ ᏗᏥᎾᏫ ᎼᏏ ᎤᎾᏁᎳᎩ ᏓᏂᎨᏙᎯᎮᏍᏗ ᏧᎾᏓᎵᎢ, ᎢᏤᎵᏎᎸᎩ; ᏗᏓᎴᏂᏍᎬᏍᎩᏂ ᎥᏝ ᎾᏍᎩ ᏱᏄᏍᏕᎢ.
9. ᎠᏎᏃ ᎯᎠ ᏂᏨᏪᏎᎭ; ᎩᎶ ᎤᏓᎵᎢ ᎢᎠᎨᎯᏙᎮᏍᏗ ᏧᏂᏏᏅᎯᏍᎩᏂᏃᏅ ᎢᎨᏎᏍᏗ, ᏅᏩᏓᎴᏃ ᎢᎠᏓᏰᎨᏍᏗ, ᎠᏓᏲᏁᎮᏍᏗ. ᎩᎶᏃ ᎠᏥᎨᎯᏙᎸᎯ ᎠᏓᏰᎨᏍᏗ ᎠᏓᏲᏁᎮᏍᏗ.
10. ᎬᏩᏍᏓᏩᏗᏙᎯ ᎯᎠ ᏂᎬᏩᏪᏎᎸᎩ; ᎢᏳᏃ ᎾᏍᎩ ᏱᏄᏍᏗ ᎠᏍᎦᏯ ᎤᏓᎵᎢ ᏓᎾᏤᎲᎢ, ᎥᏝ ᎣᏏᏳ ᏱᎩ ᎠᏕᏒᎲᏍᏗᏱ.
11. ᎯᎠᏃ ᏂᏚᏪᏎᎸᎩ, ᎥᏝ ᎾᏂᎥ ᎯᎠ ᏥᏂᏥ Ꮻ ᏱᏙᎬᎾᏓᏂᎸᎩ, ᎨᎦᎵᏍᎪᎸᏓᏁᎸᎯ ᎤᏅᏒ.
12. ᎠᏁᎭᏰᏃ ᎠᏂᎾᎵ ᏅᏩᎾᏍᏙ ᏧᏂᏥ ᎬᏩᏂᎾᏄᎪᏫᏒ, ᎠᎴ ᎠᏁᎭ ᎠᏂᎾᎵ ᏴᏫ ᎬᏩᏂᎾᎵᏛᎯ, ᎠᎴ ᎠᏁᎭ ᎠᏂᎾᎵ ᎤᏅᏒ ᎤᎾᏓᎾᎵᏛᎯ ᎦᎸᎳᏗ ᎡᎯ ᎤᎬᏫᏳᎯ ᎨᏒ ᏗᎵᏰᎢᎸᏍᏗᏍᎬᎢ. ᎩᎶ ᏗᎬᏩᏓᏂᎸᎢᏍᏗ ᎨᏎᏍᏗ ᎾᏍᎩ ᏓᏓᏂᎸᎨᏍᏗ.
13. ᎿᎭᏉᏃ ᏓᎦᏘᏃᎮᎸᎩ ᏧᎾᏍᏗ ᏗᏂᏲᎵ ᎾᏍᎩ ᏧᏏᏔᏗᏍᏗᏱ ᎠᎴ ᎤᏓᏙᎵᏍᏙᏗᏱ; ᎬᏩᏍᏓᏩᏗᏙᎯᏃ ᏚᏂᏅᏍᏓᏕᎸᎩ.
14. ᏥᏌᏃ ᎯᎠ ᏄᏪᏒᎩ; ᎤᎾᏁᎳᎩ ᏗᏤᎵᏏ ᏧᎾᏍᏗ ᏗᏂᏲᎵ, ᎠᎴ ᏞᏍᏗ ᏗᏥᏅᏍᏓᏕᎸᎩ ᎬᎩᎷᏤᏗᏱ; ᎾᏍᎩᏰᏃ ᏄᎾᏍᏗ ᎦᎸᎳᏗ ᎡᎯ ᎤᎬᏫᏳᎯ ᎨᏒ.
15. ᏚᏏᏔᏛᏃ ᎾᎿᎭᎤᏓᏅᏒᎩ.
16. ᎬᏂᏳᏉᏃ ᎠᏏᏴᏫ ᎤᎷᏤᎸᎩ ᎯᎠ ᏄᏪᏎᎸᎩ; ᎰᏍᏛ ᏔᏕᏲᎲᏍᎩ, ᎦᏙ ᎤᏍᏗ ᎣᏍᏛ ᎪᎱᏍᏗ ᏓᎦᏛᏁᎵ ᎠᎩᏩᏛᏙᏗ ᏫᎾᏍᏛᎾ ᎬᏂᏛ?
17. ᎯᎠᏃ ᏄᏪᏎᎸᎩ; ᎦᏙᏃ ᎰᏍᏛ ᎢᏍᏉᏎᎭ? ᎥᏝ ᎩᎶ ᎣᏍᏛ ᏱᎩ ᏌᏉ ᎤᏩᏒᎯᏳ, ᎾᏍᎩ ᎤᏁᎳᏅᎯ. ᎠᏎᏃ ᏣᏚᎵᏍᎨᏍᏗ ᎬᏂᏛ ᏗᎨᏒ ᏫᏣᎾᏄᎪᎢᏍᏗᏱ ᏘᏍᏆᏂᎪᏓ ᏗᎧᎿᎭᏩᏛᏍᏗ.
18. ᎯᎠ ᏄᏪᏎᎸᎩ; ᎦᏙ ᎤᏍᏗ? ᏥᏌ ᎯᎠ ᏄᏪᎡᎩ; ᎯᎠ, ᏞᏍᏗ ᏣᏓᎸᎩ; ᏞᏍᏗ ᏣᏓᏲᏁᎸᎩ; ᏞᏍᏗ ᏣᏃᏍᎩᏒᎩ; ᏓᎾᏓᏱᎵᏙᎲ ᏞᏍᏗ ᎦᏰᎪᎩ ᏣᏃᎮᎸᎩ;
19. ᎯᎸᏉᏕᏍᏗ ᏣᏙᏓ ᎠᎴ ᏣᏥ; ᎠᎴ ᎾᏍᏉ ᎯᎠ; ᏨᏒ ᏂᏣᏓᎨᏳᏒ ᏂᎨᏳᏎᏍᏗ ᎾᎥ ᎢᏗᏍᏓᏓᎳ.
20. ᎠᏫᏅ ᎯᎠ ᏄᏪᏎᎸᎩ; ᎯᎠ ᎾᏍᎩ ᏂᎦᏛ ᏓᎩᎧᎿᎭᏩᏕᏅ ᏥᏧᏣ ᎨᏒ ᏅᏓᎬᏩᏓᎴᏅᏛ, ᎦᏙ ᎠᏏ ᎠᎩᎷᎳ?
21. ᏥᏌ ᎯᎠ ᏄᏪᏎᎸᎩ; ᎢᏳᏃ ᏣᏍᏆᏗᏍᏗᏱ ᏣᏚᎵᏍᎨᏍᏗ, ᎮᎾ, ᏫᎾᏚᎦ ᏣᎿᎭᎥᎢ, ᎠᎴ ᏘᎲᏏ ᎤᏲ ᎢᏳᎾᏛᎿᎭᏕᎩ, ᎦᎸᎳᏗᏃ ᏫᏣᎮᏍᏗ ᏧᎬᏩᎶᏗ; ᎠᎴ ᏖᏒ ᏍᎩᏍᏓᏩᏕᏒᎭ.
22. ᎠᏎᏃ ᎠᏫᏅ ᎾᏍᎩ ᎤᏛᎦᏅ ᎤᏓᏅᏒᎩ ᎤᏲᎢᏳ ᎤᏰᎸᏅᎩ, ᎤᏣᏘᏰᏃ ᎤᏪᎿᎭᎢᏳ ᎨᏒᎩ.
23. ᎿᎭᏉᏃ ᏥᏌ ᎯᎠ ᏂᏚᏪᏎᎸ ᎬᏩᏍᏓᏩᏗᏙᎯ; ᎤᏙᎯᏳᎯᏯ ᎯᎠ ᏂᏨᏪᏎᎭ; ᎤᏪᎿᎭᎢ ᏴᏫ ᎠᏍᏓᏱᏳ ᏭᏴᏍᏗᏱ ᎦᎸᎳᏗ ᎡᎯ ᎤᎬᏫᏳᎯ ᎨᏒᎢ.
24. ᎠᎴᏬ ᎯᎠ ᏂᏨᏪᏎᎭ; ᎤᏟ ᎠᎯᏗᏳ ᎨᎻᎵ ᎤᎦᏛᎴᎯᏍᏗᏱ ᏴᎩ ᎦᏏᏁᎾᏛᏗᏱ ᎡᏍᎦᏉ ᎤᏪᎿᎭᎢ ᏴᏫ ᏭᏴᏍᏗᏱ ᎤᏁᎳᏅᎯ ᎤᎬᏫᏳᎯ ᎨᏒᎢ.
25. ᎬᏩᏍᏓᏩᏗᏙᎯᏃ ᎤᎾᏛᎦᏅ ᎤᏣᏔᏅᎯ ᎤᏂᏍᏆᏂᎪᏒᎩ, ᎯᎠ ᏄᏂᏪᏒᎩ ᎦᎪᏃ ᏰᎵ ᏯᏥᏍᏕᎸ?
26. ᏥᏌᏃ ᎾᏍᎩ ᏚᎧᎿᎭᏅ ᎯᎠ ᏂᏚᏪᏎᎸᎩ; ᏴᏫ ᎨᏒ ᎥᏝ ᎾᏍᎩ ᏱᏅᎦᎵᏍᏓ, ᎤᏁᎳᏅᎯᏍᎩᏂ ᎨᏒ ᏂᎦᎥ ᎪᎱᏍᏗ ᎢᏳᎵᏍᏙᏗᏉ.
27. ᎿᎭᏉᏃ ᏈᏓ ᎤᏁᏨ ᎯᎠ ᏄᏪᏎᎸᎩ; ᎬᏂᏳᏉ ᎠᏴ ᏂᎦᏗᏳ ᏙᎩᏲᏐᏅ ᎠᎴ ᎢᏨᏍᏓᏩᏕᏅ; ᎦᏙᏃ ᎠᏴ ᏓᏲᏥᏩᏛᎯ?
28. ᏥᏌᏃ ᎯᎠ ᏂᏚᏪᏎᎸᎩ; ᎤᏙᎯᏳᎯᏯ ᎯᎠ ᏂᏨᏪᏎᎭ; ᎠᏓᏁᏟᏴᏒᎢ, ᏴᏫ ᎤᏪᏥ ᎦᏅᎭ ᎦᎸᏉᏗᏳ ᎤᏪᏍᎩᎸᎢ, ᏂᎯ ᏍᎩᏍᏓᏩᏛᏛ ᎾᏍᏉ ᎢᏥᏁᏍᏗ ᏔᎳᏚ ᏕᎦᏍᎩᎸᎢ, ᏕᏧᎪᏓᏁᎮᏍᏗ ᏔᎳᏚ ᎾᏂᎳᏍᏓᎸ ᎢᏏᎵ.
29. ᎠᎴ ᎾᏂᎥ ᎩᎶ ᏧᏅᏕᏨᎯ ᏓᏂᏁᎸᎢ, ᎠᎴ ᎠᎾᎵᏅᏟ ᎠᎴ ᏧᏂᏙ, ᎠᎴ ᏧᏂᏙᏓ, ᎠᎴ ᏧᏂᏥ, ᎠᎴ ᏧᎾᏓᎵᎢ, ᎠᎴ ᏧᏁᏥ, ᎠᎴ ᎦᏙᎯ, ᏓᏆᏙᎥ ᏅᏗᎦᎵᏍᏙᏗᏍᎨᏍᏗ, ᎤᏂᏩᏛᏗ ᎨᏎᏍᏗ ᎠᏍᎪᎯᏧᏈ ᎤᏁᏉᏨᎯ, ᎠᎴ ᎤᎾᏤᎵ ᎢᏳᎵᏍᏙᏗ ᎨᏎᏍᏗ ᎬᏂᏛ ᏫᎾᏍᏛᎾ.
30. ᎠᏎᏃ ᎤᏂᏣᏔ ᎢᎬᏱ ᏥᎩ ᎣᏂᏱ ᎨᏎᏍᏗ; ᎣᏂᏱᏃ ᏥᎩ ᎢᎬᏱᎢᎨᏎᏍᏗ.

== Matthew 20 ==
1. ᎦᎸᎳᏗᏰᏃ ᎤᏤᎵᎪᎯ ᎾᏍᎩᏯᏉ ᎠᏍᎦᏯ ᎦᏁᎳ, ᏑᎾᎴᎢᏳ ᏧᏪᏅᏎ ᏥᏚᏅᏒᏎ ᎪᎱᏍᏗ ᎠᎾᏛᏁᎯ ᏖᎸᎳᏗ ᏚᏫᏒ ᏧᏂᎸᏫᏍᏓᏁᏗᏱ.
2. ᎿᎭᏉᏃ ᎾᏍᎩ ᎠᏍᎦᏯ ᎪᎱᏍᏗ ᎠᎾᏛᏁᎯ ᏚᏄᎪᏔᏅ ᎠᎩᏏ ᏧᎬᏩᎶᏗ ᏧᎫᏴᎡᏗᏱ ᏏᎦ, ᏖᎸᎳᏗ ᏙᏧᏫᏒ ᏚᏅᏎᎢ.
3. ᎤᏪᏅᏎᏃ ᏐᎣᏁᎵᏁ ᎢᏳᏟᎶᏛ ᎧᎳᏩᏗᏒᎢ, ᎠᎴ ᏚᎪᎮ ᏅᏩᎾᏓᎴ ᎦᏃᏙᏗᏱ ᎠᏂᏙᎾᎡ ᎪᎱᏍᏗ ᎾᎾᏛᎲᎾ,
4. ᎠᎴ ᎯᎠ ᏂᏚᏪᏎᎴᎢ; ᎢᏤᎾ ᎾᏍᏉ ᏂᎯ ᏖᎸᎳᏗ ᏙᏗᏫᏒᎢ, ᏚᏳᎪᏛᏃ ᎨᏒ ᏓᏨᏯᎫᏴᎡᎵ. ᎤᏁᏅᏎᏃ.
5. ᏔᎵᏁ ᎢᎦ ᎢᎤᏪᏅᏎ ᎠᎴ ᎾᏍᏉ ᏦᎢᏁ ᎢᏳᏟᎶᏛ ᎧᎳᏩᏗᏒ ᎤᏒᎯᏰᏱ, ᎾᏍᎩᏯ ᏂᎤᏛᏁᎴᎢ.
6. ᎯᏍᎩᏁᏃ ᎢᏳᏟᎶᏛ ᎧᎳᏩᏗᏒ ᏔᎵᏁ ᎢᎤᏪᏅᏎᎢ, ᎠᎴ ᏚᏩᏛᎮ ᏅᏩᎾᏓᎴ ᎠᏂᏙᎾᎡ ᎪᎱᏍᏗ ᎾᎾᏛᏁᎲᎾ, ᎯᎠᏃ ᏂᏚᏪᏎᎴᎢ; ᎦᏙᏃ ᎠᏂ ᎢᏥᏙᎾᎠ ᎤᏙᏓᏆᏛ ᎪᎱᏍᏗ ᏂᏣᏛᏁᎲᎾ?
7. ᏝᏰᎾ ᎩᎶ ᏲᎩᏅᏒ, ᎤᎾᏛᏁᎢ. ᎯᎠᏃ ᏂᏚᏪᏎᎴᎢ; ᏂᎯ ᎾᏍᏉ ᎢᏤᎾ ᏖᎸᎳᏗ ᏙᏗᏫᏒᎢ; ᏚᏳᎪᏛᏃ ᎨᏒ ᏓᏨᏯᎫᏴᎡᎵ.
8. ᎤᏒᏃ ᏄᎵᏍᏔᏅ, ᏖᎸᎳᏗ ᏓᏫᏒ ᎤᏤᎵᎦ ᎯᎠ ᏄᏪᏎᎴ ᎠᏕᎸ ᎤᎦᏘᏕᎯ, ᏫᏘᏯᏅ ᎪᎱᏍᏗ ᎠᎾᏛᏁᎯ ᎠᎴ ᏔᎫᏴᏏ ᏚᏂᎸᏫᏍᏓᏁᎸᎢ, ᎣᏂᏱ ᎨᏥᏅᏒᎯ ᏔᎴᏅᏓ ᎢᎬᏱᏱᏃ ᎨᏥᏅᏒᎯ ᏘᏍᏆᎸᏓ
9. ᎯᏍᎩᏁᏃ ᎢᏳᏟᎶᏛ ᎧᎳᏩᏗᏒ ᎨᏥᏅᏒᎯ ᎤᏂᎷᏨ, ᎠᏂᏏᏴᏫᎭ ᎠᎩᏏ ᏧᎬᏩᎶᏗ ᎨᎦᎫᏴᎡᎴᎢ.
10. ᎢᎬᏱᏱᏃ ᎨᏥᏅᏒᎯ ᎤᏂᎷᏨ ᎤᏟ ᎢᎦᎢ ᏓᏲᎦᎫᏴᎡᎵ ᎤᏁᎵᏎᎢ. ᎠᏎᏃ ᎾᏍᏉ ᎠᎩᏏᏉ ᏧᎬᏩᎶᏗ ᎠᏂᏏᏴᏫᎭ ᎢᎨᎦᎫᏴᎡᎴᎢ.
11. ᎨᎦᎫᏴᎡᎸᏃ, ᎤᏂᎪᏁᎶᎯᏎᎴᏉ ᎠᏍᎦᏯ ᎦᏁᎳ,
12. ᎯᎠ ᏄᏂᏪᏎᎢ; ᎯᎠ ᎣᏂᏱ ᎤᏂᎷᏨᎯ ᏌᏉᏉ ᎢᏳᏟᎶᏛ ᏚᏂᎸᏫᏍᏓᏏ, ᎢᏧᎳᎭᏉᏃ ᏅᏍᎩᏴᎦ ᎠᏴ ᎾᏍᎩ ᎦᎨᏒ ᎠᎴ ᎤᏗᎴᎬ ᎢᎦ ᏦᎩᎸᏫᏍᏓᏁᎸᎯ.
13. ᎠᏎᏃ ᎠᏏᏴᏫ ᎤᏁᏤᎴ ᎯᎠ ᏄᏪᏎᎴᎢ; ᎩᎾᎵᎢ, ᎥᏝ ᎤᏣᏘᏂ ᏱᏂᎬᏴᏁᎭ. ᏝᏍᎪ ᎣᏏ ᏱᏣᏰᎸᏁ ᎠᎩᏏ ᏧᎬᏩᎶᏗ ᎬᏯᎫᏴᎡᏗᏱ?
14. ᎯᎩ ᏣᏤᎵᎦ ᎠᎴ ᏥᎮᎾ. ᎣᏏ ᎠᎩᏰᎸ ᏥᏯᎫᏴᎡᏗᏱ ᎯᎠ ᎣᏂᏱ ᎤᎷᏨᎯ ᏂᎯ ᎬᏯᎫᏴᎡᎸ ᎢᎦᎢ.
15. ᏝᏍᎪ ᏚᏳᎪᏛ ᏱᎩ ᏄᏍᏛ ᎦᏓᏅᏖᏍᎬ ᎢᏯᏋᏁᏗᏱ ᎠᏆᏤᎵ ᎨᏒᎢ? ᏥᏌ ᎯᎦᏙᎵ ᎤᏲᎢᏳ ᎢᎩ ᏅᏗᎦᎵᏍᏙᏗ ᎠᏴ ᎠᏆᏓᏅᏘᏳ ᎨᏒᎢ?
16. ᎰᏩᏃ ᎣᏂᏱ ᏥᎩ ᎢᎬᏱ ᎨᏎᏍᏗ, ᎢᎬᏱᏃ ᏥᎩ ᎣᏂᏱ ᎨᏎᏍᏗ. ᎤᏂᏣᏔᏰᏃ ᎨᏥᏯᏅᎲ, ᎠᏎᏃ ᎠᏂᎦᏲᎵᏳ ᎨᎦᏑᏰᏒ.
17. ᏥᏌᏃ ᏥᎷᏏᎵᎻ ᏩᎦᏛᎢ, ᏔᎳᏚ ᎢᏯᏂᏛ ᎠᎾᏓᏍᏓᏩᏗᏙᎯ ᎤᎾᏁᎳᎩ ᎢᏴᏛ ᏫᏚᏘᏅᏍᏔᏅᎩ, ᎠᎴ ᎯᎠ ᏂᏚᏪᏎᎸᎩ;
18. ᎬᏂᏳᏉ ᏥᎷᏏᎵᎻ ᏫᏗᎦᏘ, ᎠᎴ ᏴᏫ ᎤᏪᏥ ᏙᏓᏰᏥᏲᏏ ᏙᏓᎨᏦᏲᎯᏎᎵ ᏄᏂᎬᏫᏳᏒ ᎠᏥᎸ-ᎠᏁᎶᎯ ᎠᎴ ᏗᏃᏪᎵᏍᎩ, ᎾᏍᎩᏃ ᏙᏛᏄᎪᎳᏂ ᎤᏲᎱᎯᏍᏗᏱ,
19. ᎠᎴ ᎫᎾᏏᎴᏅᏛ ᏴᏫ ᏙᏛᏂᏲᎯᏎᎵ ᎤᏂᏪᏢᎾᏁᏗᏱ, ᎠᎴ ᎤᏂᎵᎥᏂᏍᏗᏱ, ᎠᎴ ᎤᎾᏛᏗᏱ ᏧᏓᎿᎭᏩᏛ ᎨᏛᎢ; ᎠᎴ ᏦᎢᏁ ᎢᎦ ᏙᏛᎠᎴᏂ.
20. ᎿᎭᏉᏃ ᎤᎷᏤᎸᎩ ᏤᏈᏘ ᏧᏪᏥ ᎤᏂᏥ, ᏓᏘᏁᎲᎩ ᏧᏪᏥ ᎠᏂᏫᏅ, ᎡᎳᏗ ᎤᏓᏅᏅᎩ, ᎠᎴ ᎠᎱᏍᏗ ᎤᏔᏲᏎᎲᎩ.
21. ᎯᎠᏃ ᏄᏪᏎᎸᎩ; ᎦᏙ ᏣᏚᎵᎭ? ᎯᎠ ᏅᏓᏳᏪᏎᎸᎩ; ᎭᎵᏍᎪᎸᏓ ᎯᎠ ᎠᏂᏔᎵ ᏗᏇᏥ ᏧᏂᏗᏱ ᏣᏤᎵᎪᎯ ᎨᏒᎢ, ᏌᏉ ᎯᎦᏘᏏ ᎢᏗᏢ, ᏐᎢᏃ ᎯᎦᏍᎦᏂ.
22. ᏥᏌᏃ ᎤᏁᏨ ᎯᎠ ᏄᏪᏒᎩ; Ꮭ ᏱᏥᎦᏔᎭ ᏄᏍᏛ ᎢᏥᏔᏲᎯᎲᎢ. ᏥᎪ ᏰᎵᏉ ᎨᏣᏗᏔᏍᏗ ᎤᎵᏍᏈᏗ ᎠᏟᏍᏛ ᎠᏴ ᏨᏓᎦᏗᏔᎯ, ᎠᎴᏍᎪ ᏰᎵᏉ ᏱᏕᏣᏬᏍᏓ ᎠᏴ ᎾᏍᎩ ᏨᏓᏴᏆᏬᏍᏔᏂ? ᏰᎵᏉ, ᎤᎾᏛᏅᎩ.
23. ᎯᎠᏃ ᏂᏚᏪᏎᎸᎩ; ᎤᏙᎯᏳᎯ ᎠᏆᏤᎵ ᎤᎵᏍᏈᏗ ᎠᏟᏍᏛ ᏓᏣᏗᏔᎯ, ᎠᎴ ᎠᏴ ᎥᏆᏬᏍᏙᏗ ᎨᏒ ᏙᏓᏰᏣᏬᏍᏔᏂ. ᏥᎦᏘᏏᏍᎩᏂ ᎠᎴ ᏥᎦᏍᎦᏂ ᎩᎶ ᎤᏪᏗᏱ ᎥᏝ ᎠᏴ ᎠᏆᏓᏁᏗ ᏱᎩ, ᎨᏥᏁᏗᏍᎩᏂᏃᏅ ᎨᏎᏍᏗ ᎾᏍᎩ ᎡᏙᏓ ᏧᏓᏁᎳᏁᎸᎯ.
24. ᎠᏍᎪᎯᏃ ᎢᏯᏂᏛ ᎤᎾᏛᎦᏅ ᎤᏣᏘ ᎤᏂᏔᎳᏬᏒᎩ ᏚᏂᏂᏆᏘᎸ ᎠᏂᏔᎵ ᏗᎾᏓᏅᏟ.
25. ᏥᏌᏃ ᏫᏚᏯᏅᎲ ᎯᎠ ᏄᏪᏒᎩ; ᎢᏥᎦᏔᎭ ᎠᏰᎵ ᏕᎪᏢᏩᏗᏒ ᏄᏂᎬᏫᏳᏌᏕᎩ ᎠᏂᏁᎪ ᎢᏳᎾᏛᏁᎵᏓᏍᏗᏱ ᏴᏫ, ᎠᎴ ᎨᏥᎸᏉᏗ ᎠᏂᏁᏥᏙᎲ ᎾᎾᏛᏁᎰᎢ.
26. ᏂᎯᏍᎩᏂ ᏞᏍᏗ ᎾᏍᎩ ᏱᏂᏨᏁᏍᏗ; ᎩᎶᏍᎩᏂ ᎠᏥᎸᏉᏗ ᎢᏳᎵᏍᏙᏗᏱ ᎤᏚᎵᏍᎨᏍᏗ ᎾᏍᎩ ᎡᏥᏅᏏᏓᏍᏗ ᎨᏎᏍᏗ.
27. ᎠᎴ ᎩᎶ ᎤᎬᏫᏳᎯ ᎢᏳᎵᏍᏙᏗᏱ ᎤᏚᎵᏍᎨᏍᏗ ᎾᏍᎩ ᎡᏥᎾᏝᎢ ᎨᏎᏍᏗ.
28. ᎾᏍᎩᏯᏉ ᏴᏫ ᎤᏪᏥ ᎤᏓᏅᏏᏓᏍᏗᏱ ᏄᏲᎵᎸᎾ ᏥᎩ, ᎠᏥᏅᏏᏓᏍᏗᏱᏉᏍᎩᏂ, ᎠᎴ ᎬᏅᎢ ᎤᎵᏍᎪᎸᏙᏗᏱ ᎤᏂᏣᏘ ᏗᎫᏴᏙᏗ.
29. ᏤᎵᎪᏃ ᎤᎾᏂᎩᏒ ᎤᏂᏣᏘ ᏴᏫ ᎬᏩᏍᏓᏩᏛᏒᎩ.
30. ᎬᏂᏳᏉᏃ ᎠᏂᏔᎵ ᏗᏂᎨᏫ ᎤᏃᎱᎶᏗ ᏚᏃᎸᎩ, ᎤᎾᏛᎦᏅᏃ ᏥᏌ ᎤᎶᏒᎢ ᎤᏁᎷᏅᎩ, ᎯᎠ ᏄᏂᏪᏒᎩ; ᏍᎩᏂᏙᎵᎩ, ᏣᎬᏫᏳᎯ ᏕᏫ ᎤᏪᏥ.
31. ᎤᏂᏣᏘᏃ ᏚᏂᏁᏤᎸᎩ ᎡᎳᏪᏱ ᎤᏅᏗᏱ. ᎠᏎᏃ ᎤᏟᏉ ᎢᎦᎢ ᎤᏁᎷᏅᎩ, ᎯᎠ ᏄᏂᏪᏒᎩ, ᏍᎩᏂᏙᎵᎩ, ᏣᎬᏫᏳᎯ ᏕᏫ ᎤᏪᏥ.
32. ᏥᏌᏃ ᎤᎴᏫᏍᏔᏅ ᏫᏚᏯᏅᎲᎩ, ᎠᎴ ᎯᎠ ᏂᏚᏪᏎᎸᎩ; ᎦᏙ ᎢᏍᏓᏚᎵ ᎠᏴ ᎢᏍᏛᏯᏛᏁᏗᏱ?
33. ᎯᎠ ᏄᏂᏪᏒᎩ: ᏣᎬᏫᏳᎯ, ᏦᏍᏗᎦᏙᎵ ᏧᎵᏍᏚᎢᏍᏗᏱ ᎣᎩᎾᏚᎵᎭ.
34. ᏥᏌᏃ ᏚᏪᏙᎵᏨ ᏗᏂᎦᏙᎵ ᏚᏒᏁᎸᎩ, ᎩᎳᏉᏃ ᎢᏴᏛ ᎬᏩᏂᎪᏩᏛᏗ ᏄᎵᏍᏔᏅᎩ; ᎠᎴ ᎬᏩᏍᏓᏩᏛᏒᎩ.

== Matthew 21 ==
1. ᎿᎭᏉᏃ ᏥᎷᏏᎵᎻ ᎾᎥ ᎤᏂᎷᏨ, ᏒᎦᏙᎯ, ᎣᎵᏩ ᎤᏌᎯᎸᎢ ᎢᏴᏛ, ᏥᏌ ᎠᏂᏔᎵ ᎬᏩᏍᏓᏩᏗᏙᎯ ᏚᏅᏒᎩ,
2. ᎯᎠ ᏂᏚᏪᏎᎸᎩ; ᎢᏍᏕᎾ ᎢᏢ Ꮎ ᏨᏗᎦᏚᎭ, ᎩᎳᏉᏃ ᎢᏴᏛ ᏓᏰᏍᏗᏩᏛᎯ ᏐᏈᎵ-ᏗᎦᎵᎠᏅᎯᏛ ᎨᎵᏌᏕᏍᏗ, ᎠᎴ ᎠᎩᎾ ᎠᏘᏁᎮᏍᏗ, ᏕᏍᏕᎵᏌᏕᏒᎭ, ᎠᎴ ᏕᏍᎩᎾᏘᏃᎮᎸᎭ.
3. ᎢᏳᏃ ᎩᎶ ᎪᎱᏍᏗ ᎢᏍᏙᏎᎸᎭ, ᎯᎠ ᏁᏍᏗᏪᏎᎸᎭ; ᎤᎬᏫᏳᎯ ᏚᏚᎵᎭ; ᎩᎳᏉᏃ ᎢᏴᏛ ᏙᏓᏳᏲᏏ.
4. ᎾᏍᎩ ᎯᎠ ᏂᎦᏛ ᏄᎵᏍᏔᏅᎩ, ᎤᏙᎯᏳᏗᏱ ᎠᏰᎸᏒᎢ ᎠᏙᎴᎰᏍᎩ ᏧᏁᏤᎢ, ᎯᎠ ᏥᏄᏪᏎᎢ;
5. ᎯᎠ ᏁᏥᏪᏏ ᏌᏯᏂ ᎤᏪᏥ ᎠᎨᏴ; ᎬᏂᏳᏉ ᎤᎬᏫᏳᎯ ᏣᏤᎵ ᏓᏯᎢ, ᏓᏣᎷᏤᎵ ᎤᏓᏙᎵᏍᏗᏳ, ᎠᎴ ᎤᎩᎸᏕᏍᏗ ᏐᏈᎵ-ᏗᎦᎵᎠᏅᎯᏛ ᎪᎱᏍᏗ ᎠᏛᏁᎯ ᎤᏪᏥ ᎠᎩᎾ.
6. ᎬᏩᏍᏓᏩᏗᏙᎯᏃ ᎤᏁᏅᏒᎩ, ᏥᏌ ᏄᏂᏪᏎᎸ ᎾᏍᎩᏯ ᏫᏄᎾᏛᏁᎸᎩ;
7. ᏐᏈᎵ-ᏗᎦᎵᎠᏅᎯᏛ ᎠᎴ ᎠᎩᎾ ᏚᎾᏘᏃᎸᎩ; ᏗᏂᏐᎯᏱᏃ ᏧᎾᏄᏬ ᏚᏂᏢᏅᎩ, ᎠᎴ ᎾᎿᎭᎤᎾᎩᎸᏔᏅᎩ.
8. ᎤᏟᏃ ᎢᏯᏂᎢ ᏴᏫ ᏧᎾᏄᏬ ᏚᏂᏰᏍᏛᏅᎩ ᏅᏃᎯ, ᎢᎦᏛᏃ ᏚᏅᏂᎦᎸᎲᎩ ᏧᏪᏲᏔ ᏕᏡᎬᎢ, ᎠᎴ ᏅᏃᎯ ᏚᏂᏲᏔᏅᏅᎩ.
9. ᎤᏂᏣᏘᏃ ᎢᎬᏱ ᎠᏁᎩ, ᎠᎴ ᎣᏂ ᎠᏁᎩ ᎤᏁᎷᎬᎩ, ᎯᎠ ᎾᏂᏪᏍᎬᎩ; ᎰᏌᎾ ᏕᏫ ᎤᏪᏥ! ᎠᏥᎸᏉᏗᏳ ᎨᏎᏍᏗ ᏱᎰᏩ ᏕᎤᏙᎥ ᏥᎦᎷᎯᏍᏗᎭ! ᎰᏌᎾ ᏩᏍᏛ ᎦᎸᎳᏗᏳ!
10. ᏥᎷᏏᎵᎻᏃ ᎤᎷᏨ ᏂᎬ ᎦᏚᎲ ᎤᎾᎵᏖᎸᏅᎩ, ᎯᎠ ᎾᏂᏪᏍᎬᎩ; ᎦᎪ ᎯᎠ?
11. ᎤᏂᏣᏘᏃ ᎯᎠ ᏄᏂᏪᏒᎩ; ᎯᎠ ᏥᏌ ᎠᏙᎴᎰᏍᎩ, ᎾᏎᎵᏗ ᎡᎯ ᎨᎵᎵ ᎦᏚᎲᎢ.
12. ᏥᏌᏃ ᏭᏴᎸᎩ ᎤᏛᎾ-ᏗᎦᎳᏫᎢᏍᏗᏱ ᎤᏁᎳᏅᎯ ᎤᏤᎵᎦ, ᎠᎴ ᏚᏄᎪᏫᏒᎩ ᏂᎦᏛ ᎠᏂᎾᏕᎩ ᎠᎴ ᎤᏂᏩᏍᎩ ᎾᎿᎭᏗᎦᎳᏫᎢᏍᏗᏱ, ᎠᎴ ᏚᎷᏆᏗᏅᏒᎩ ᏚᏂᏍᎩᎸ ᎠᏕᎸ ᏗᏂᏁᏟᏴᏍᎩ, ᎠᎴ ᎫᎴ ᏗᏂᏍᎪᏂᎯ ᏗᏂᎾᏕᎩ ᎤᎾᏅᏗᏱ.
13. ᎯᎠᏃ ᏂᏚᏪᏎᎸᎩ; ᎯᎠ ᏂᎬᏅᎪᏪᎳ; ᎠᏆᏤᎵ ᎦᎵᏦᏕ ᎠᏓᏙᎵᏍᏙᏗᏱ ᎦᎵᏦᏕ ᏚᏙᎡᏍᏗ; ᎠᏎᏃ ᎯᎠ ᎠᏂᏃᏍᎩᏍᎩ ᎤᏂᏴᏍᏗᏱ ᏂᏨᏁᎸ.
14. ᏗᏂᎨᏫᏃ ᎠᎴ ᏗᏂᏲᎤᎵ ᎬᏩᎷᏤᎸᎩ ᏗᎦᎳᏫᎢᏍᏗᏱ, ᎠᎴ ᏚᏅᏩᏅᎩ.
15. ᎿᎭᏉᏃ ᏄᏂᎬᏫᏳᏒ ᎠᏥᎸ-ᎠᏁᎶᎯ ᎠᎴ ᏗᏃᏪᎵᏍᎩ ᎤᎾᏙᎴᎰᏒ ᎤᏍᏆᏂᎪᏗᏳ ᏚᎸᏫᏍᏓᏁᎲᎢ, ᎠᎴ ᏗᏂᏲᎵ ᎤᏁᎷᎬ ᎤᏛᎾ-ᏗᎦᎳᏫᎢᏍᏗᏱ ᎯᎠ ᎾᏂᏪᏍᎬᎢ, ᎰᏌᎾ ᏕᏫ ᎤᏪᏥ! ᎤᏣᏘ ᎤᏂᏐᏅᏤᎸᎩ;
16. ᎠᎴ ᎯᎠ ᏂᎬᏩᏪᏎᎸᎩ; ᎭᏛᎩᏍᎪ ᎯᎠ ᏥᎾᏂᏪᎭ? ᏥᏌᏃ ᎯᎠ ᏂᏚᏪᏎᎸᎩ; ᎥᎥ, ᏝᏍᎪ ᎯᎸᎯᏳ ᎯᎠ ᏱᏥᎪᎵᏰᎣᎢ; ᏧᎾᏍᏗ ᏗᏂᏲᎵ ᎠᎴ ᏗᏂᏍᏓᎢ ᎠᏂᎰᎵ ᎤᏄᎪᏨᎯ ᏣᏩᏛᏙᏔᏅ ᎡᏣᎸᏉᏙᏗᏱ?
17. ᏚᏓᏅᎡᎸᎩᏃ, ᎠᎴ ᎦᏚᎲ ᎤᏄᎪᏨᎩ, ᏇᏗᏂᏱ ᏭᎷᏨᎩ, ᎠᎴ ᎾᎿᎭᎤᏒᎸᎩ.
18. ᏑᎾᎴᏃ ᏗᎦᏚᎲ ᏮᎠᎦᏛᎢ ᎠᎪᏄ ᎤᏲᏏᏌᏅᎩ.
19. ᎤᎪᎲᏃ ᏒᎦᏔ-ᎢᏳᏍᏗ ᏡᎬ ᏅᏃᎱᎶᏗ, ᎾᎿᎭᏭᎷᏨᎩ; ᎠᏎᏃ ᎥᏝ ᎪᎱᏍᏗ ᏳᏩᏛᎮᎢ, ᎤᎳᏍᏚᏒ ᎤᏩᏒ; ᎯᎠᏃ ᏄᏪᏎᎸᎩ; ᏞᏍᏗ ᎢᎸᎯᏳ ᎪᎯ ᎢᏳᏓᎴᏅᏛ ᏱᏣᏓᏔᏁᏍᏗ. ᎩᎳᏉᏃ ᎢᏴᏛ ᏒᎦᏔ-ᎢᏳᏍᏗ ᏡᎬ ᎤᏩᏴᏒᎩ.
20. ᎬᏩᏍᏓᏩᏗᏙᎯᏃ ᎤᏂᎪᎲ ᎤᏂᏍᏆᏂᎪᏒᎩ, ᎯᎠ ᏄᏂᏪᏒᎩ; ᎾᏞᎬᏉ ᎬᏴᎯ ᏒᎦᏔ-ᎢᏳᏍᏗ ᏡᎬᎢ!
21. ᏥᏌ ᎤᏁᏨ ᎯᎠ ᏂᏚᏪᏎᎸᎩ; ᎤᏙᎯᏳᎯᏯ ᎯᎠ ᏂᏨᏪᏎᎭ; ᎢᏳᏃ ᏱᏦᎯᏳᎭ, ᎠᎴ ᏂᏣᏜᏓᏏᏛᎡᎲᎾ ᏱᎩ, ᎥᏝ ᎯᎠᏉ ᏒᎦᏔ-ᎢᏳᏍᏗ ᏡᎬ ᏥᎾᎬᎦ ᏱᏅᎨᏣᏛᎦ, ᎾᏍᏉᏍᎩᏂ ᎯᎠ ᏱᏂᏥᏪᏎᎸ ᎯᎠ ᏦᏓᎸ, ᎭᏓᏅᎾ, ᎠᎴ ᎠᎺᏉᎯ ᏪᏣᏚᎦ, ᎠᏎ ᎾᏍᎩ ᎢᏳᎵᏍᏙᏗ.
22. ᏂᎦᎥᏃ ᎪᎱᏍᏗ ᎢᏥᏔᏲᎯᎮᏍᏗ, ᎢᏣᏓᏙᎵᏍᏗᏍᎬᎢ, ᎢᏦᎯᏳᎲᏍᎨᏍᏗ, ᎢᏥᏩᏘᏍᎨᏍᏗ.
23. ᎤᏛᎾᏃ ᏗᎦᎳᏫᎢᏍᏗᏱ ᎤᎷᏨ, ᏄᏂᎬᏫᏳᏒ ᎠᏥᎸ-ᎠᏁᎶᎯ ᎠᎴ ᏧᎾᏛᏐᏅᎯ ᏴᏫ ᎠᏁᎲ ᎬᏩᎷᏤᎸᎩ ᏓᏕᏲᎲᏍᎬᎢ, ᎯᎠ ᏄᏂᏪᏒᎩ; ᎦᏙ ᏣᎵᏍᎦᏍᏙᏗ ᎯᎠ ᎾᏍᎩ ᏥᏕᏣᎸᏫᏍᏓᏁᎭ? ᎠᎴ ᎦᎪ ᏣᏁᏤᎸᎯ?
24. ᏥᏌᏃ ᎤᏁᏨ ᎯᎠ ᏂᏚᏪᏎᎸᎩ; ᎠᏴ ᎾᏍᎩ ᏑᏓᎴᎩ ᏓᏨᏯᏛᏛᏂ, ᎢᏳᏃ ᎾᏍᎩ ᎢᏍᎩᏃᏁᎸ ᎾᏍᎩ ᎠᏴ ᏓᏨᏃᏁᎵ ᎢᏳᏍᏗ ᎠᏆᎵᏍᎦᏍᏙᏛᎢ, ᎯᎠ ᎾᏍᎩ ᏥᏓᎩᎸᏫᏍᏓᏁᎭ.
25. ᏣᏂ ᏥᏓᏓᏬᏍᎬᎩ ᎭᏢ ᏧᏓᎴᏁᎢ? ᎦᎸᎳᏗᏍᎪ, ᏴᏫᏉᎨ ᎠᏁᎲ ᏧᏓᎴᏁᎢ? ᎡᎳᏪᏱᏃ ᎤᎾᏓᏅᏖᎸᎩ, ᎯᎠ ᎾᏂᏪᏍᎬᎩ; ᎢᏳᏃ ᎦᎸᎳᏗ, ᏲᎦᏛᏅ, ᎦᏙᏃ Ꮭ ᏱᎡᏦᎢᏳᏁᎢ? ᏲᎪᏏ.
26. ᎢᏳᏃ ᏴᏫᏉ ᎠᏁᎲ ᏧᏓᎴᏁᎢ ᏲᎦᏛᏅ, ᏙᏥᏍᎦᎢᎭᏉ ᏴᏫ; ᏂᎦᏛᏰᏃ ᎠᏙᎴᎰᏍᎩ ᎤᏂᏰᎸᎭ ᏣᏂ.
27. ᎤᏂᏁᏨᏃ ᎯᎠ ᏅᎬᏩᏪᏎᎸ ᏥᏌ; ᎥᏝ ᏲᏥᎦᏔᎭ. ᎯᎠᏃ ᏂᏚᏪᏎᎸᎩ; ᎥᏝ ᎾᏍᏉ ᎠᏴ ᏴᎨᏨᏃᎲᏏ ᎢᏳᏍᏗ ᎠᏆᎵᏍᎦᏍᏙᏛᎢ ᎯᎠ ᎾᏍᎩ ᏥᏓᎩᎸᏫᏍᏓᏁᎭ.
28. ᎠᏎᏃ ᎦᏙ ᎢᏤᎵᎭ? ᎩᎶ ᎠᏍᎦᏯ ᎠᏂᏔᎵ ᏧᏪᏥ ᎠᏂᏍᎦᏯ ᎠᏁᎮᎢ; ᎠᏏᏴᏫᏃ ᎢᎬᏱ ᏭᎷᏤᎸ, ᎯᎠ ᏄᏪᏎᎴᎢ; ᎠᏇᏥ, ᎮᎾ ᎪᎯ ᏫᏗᏣᎸᏫᏍᏓᏏ ᏖᎸᎳᏗ ᏓᎩᏫᏒᎢ.
29. ᏧᏁᏨᏃ, ᎥᏝ, ᎤᏛᏁᎢ; ᎠᏎᏃ ᎣᏂ ᎤᏁᏟᏴᏎ ᎤᏓᏅᏛᎢ, ᎠᎴ ᎤᏪᏅᏎᎢ.
30. ᏐᎢᏃ ᏭᎷᏤᎸ ᎾᏍᎩᏯ ᏄᏪᏎᎴᎢ. ᏧᏁᏨᏃ, ᏓᎨᏏ, ᎤᏛᏁᎢ; ᎠᏎᏃ ᏄᏪᏅᏒᎾᏉ ᎢᎨᏎᎢ.
31. ᎦᎪ ᎯᎠ ᎠᏂᏔᎵ ᎤᏙᏓ ᎤᏁᏨ ᏄᏛᏁᎴᎢ? ᎢᎬᏱ ᏭᎷᏤᎸᎯ, ᎥᎬᏬᏎᎸᎩ. ᏥᏌᏃ ᎯᎠ ᏂᏚᏪᏎᎸᎩ; ᎤᏙᎯᏳᎯᏯ ᎯᎠ ᏂᏨᏪᏎᎭ, ᎠᏕᎸ ᎠᏂᎩᏏᏙᎯ ᎠᎴ ᏧᎾᏤᏌᏘ ᎠᏂᎨᏴ ᎤᏁᎳᏅᎯ ᎤᎬᏫᏳᎯ ᎨᏒ ᏩᏂᏴᎯᎭ ᏕᎨᏥᎪᏂᎭ.
32. ᏣᏂᏰᏃ ᏚᏳᎪᏛ ᏚᎸᏫᏍᏓᏁᎲ ᎢᏥᎷᏤᎸᎩ, ᎠᎴ ᎥᏝ ᏰᏦᎢᏳᏁᎢ, ᎠᏕᎸᏍᎩᏂ ᎠᏂᎩᏏᏙᎯ ᎠᎴ ᎠᏂᎨᏴ ᏧᎾᏤᏌᏘ ᏥᎬᏬᎯᏳᏅᎩ; ᏂᎯᏃ ᎢᏣᏙᎴᎰᏒ ᎥᏝ ᎣᏂ ᏱᏗᏥᏁᏟᏴᏎ ᏕᏣᏓᏅᏛ ᎡᏦᎢᏳᏗᏱ.
33. ᏅᏩᏓᎴ ᏓᏟᎶᏍᏛ ᎢᏣᏛᎬᎦ; ᎡᎮ ᎩᎶ ᎠᏍᎦᏯ ᎦᏁᎳ, ᎾᏍᎩ ᏖᎸᎳᏗ ᏚᏫᏎᎢ, ᎠᎴ ᎤᏐᏲᎴ ᎬᏩᏚᏫᏛ, ᎠᎴ ᎤᏍᎪᏎ ᎩᎦᎨ-ᎠᏗᏔᏍᏗ ᎪᏢᏗᏱ, ᎠᎴ ᎤᏁᏍᎨᎮ ᎢᏅ ᎢᎦᏘ, ᎠᎴ ᏚᏙᎳᏍᏔᏁ ᏠᎨᏏ ᏧᏂᎸᏫᏍᏓᏁᎯ, ᎢᏅᏃ ᏭᎶᏎᎢ.
34. ᎿᎭᏉᏃ ᎾᎥᏂᏳ ᎨᏎ ᎤᏅᏂᏍᏗᏱ ᏚᏅᏎ ᏧᏅᏏᏓᏍᏗ ᏠᎨᏏ ᏧᏂᎸᏫᏍᏓᏁᎯ ᏗᏁᎲᎢ, ᏚᏂᏁᏒᏎ ᎤᎾᏓᏛᏅᎯ.
35. ᏠᎨᏏᏃ ᏧᏂᎸᏫᏍᏓᏁᎯ ᏚᏂᏂᏴᎮ ᏧᏅᏏᏓᏍᏗ, ᎠᏏᏴᏫ ᎤᏂᎸᏂᎴᎢ, ᏐᎢᏃ ᎤᏂᎴᎢ, ᏐᎢᏃ ᏅᏯ ᏚᏅᏂᏍᏔᏁᎢ.
36. ᏔᎵᏁᏃ ᏚᏅᏎ ᏅᏩᎾᏓᎴ ᏧᏅᏏᏓᏍᏗ ᎤᏟ ᎢᏯᏂᎢ; ᎾᏍᎩᏯᏉᏃ ᏂᏚᏅᏁᎴᎢ.
37. ᎣᏂᏱᏃ ᎤᏪᏥ ᎤᏅᏎᎢ, ᎯᎠ ᏄᏪᏎᎢ; ᎠᏎ ᏛᏂᎸᏉᏔᏂ ᎠᏇᏥ.
38. ᎠᏎᏃ ᏠᎨᏏ ᏧᏂᎸᏫᏍᏓᏁᎯ ᎤᏂᎪᎲ ᎤᏪᏥ ᎯᎠ ᏂᏚᎾᏓᏪᏎᎴᎢ; ᎾᏍᎩ ᎯᎠ ᎤᏤᎵ ᎢᏳᎵᏍᏙᏗ; Ꭷ ᎡᏗᎷᎦ, ᎠᎴ ᎡᏗᏬᏅ ᎤᏤᎵ ᎢᏳᎵᏍᏙᏗ ᏥᎩ.
39. ᎤᏂᏂᏴᎮᏃ, ᎠᎴ ᎤᏂᏄᎪᏫᏎ ᏖᎸᎳᏗ ᏓᏫᏒᎢ, ᎠᎴ ᎤᏂᎴᎢ.
40. ᎿᎭᏉᏃ ᎾᏍᎩ ᏖᎸᎳᏗ ᏓᏫᏒ ᎤᏤᎵᎦ ᎦᎷᏨᎭ, ᎦᏙ ᏙᏓᎬᏁᎵ Ꮎ ᏠᎨᏏ ᏧᏂᎸᏫᏍᏓᏁᎯ?
41. ᎯᎠᏃ ᏅᎬᏩᏪᏎᎸᎩ; ᎤᏲᎢᏳ ᏂᏙᏓᎬᏁᎵ ᏙᏛᎵ ᎾᏍᎩ Ꮎ ᎤᏂᏲᎢ, ᎠᎴ ᏅᏩᎾᏓᎴ ᏠᎨᏏ ᏧᏂᎸᏫᏍᏓᏁᎯ ᏙᏛᏙᎳᏍᏔᏂ, ᎾᏍᎩ ᏰᎵ ᎬᏩᎾᎫᏴᏗ ᎾᏅᎾᏏᏒᎢ.
42. ᏥᏌᏃ ᎯᎠ ᏂᏚᏪᏎᎸᎩ; ᏝᏍᎪ ᎢᎸᎯᏳ ᏱᏥᎪᎵᏰᎣ ᎯᎠ ᏥᏂᎬᏅ ᏥᎪᏪᎳ? ᎠᎾᏁᏍᎨᏍᎩ ᎤᏂᏲᎢᏎᎸᎯ ᏅᏯ ᏄᎬᏫᏳᏒ ᎤᏅᏏᏴ ᎠᏗ ᏄᎵᏍᏔᏅ; ᎾᏍᎩ ᎯᎠ ᏱᎰᏩ ᏄᏛᏁᎸ, ᎠᎴ ᎤᏍᏆᏂᎪᏗᏳ ᏕᏓᎧᏂᏍᎬᎢ.
43. ᎾᏍᎩ ᎢᏳᏍᏗ ᎯᎠ ᏂᏨᏪᏎᎭ; ᎤᏁᎳᏅᎯ ᎤᏤᎵᎪᎯ ᏓᏰᏥᎩᏒᎵ, ᏅᏩᎾᏓᎴᏃ ᏓᎨᏥᏁᎵ, ᎾᏍᎩ ᏰᎵ ᎬᏩᏂᎾᏄᎪᏫᏍᏗ ᎤᏓᏔᏅᎯ.
44. ᎩᎶᏃ ᎠᏂ ᏅᏲᎯ ᎠᏢᏨᎭ ᏓᏳᏐᏅᏂ, ᎩᎶᏃ ᎤᏐᏅᎭ ᏓᏳᏪᏓᏬᏔᏂ.
45. ᎿᎭᏉᏃ ᏄᏂᎬᏫᏳᏒ ᎠᏥᎸ-ᎠᏁᎶᎯ ᎠᎴ ᎠᏂᏆᎵᏏ ᎤᎾᏛᎦᏅ ᏓᏟᎶᏍᏗᏍᎬᎢ, ᎤᎾᏙᎴᎰᏒᎩ ᎤᏅᏒ ᎨᏥᏛᎬᎢ.
46. ᎤᏂᏂᏴᏗᏱᏃ ᎤᎾᏓᏅᏖᎸ, ᎤᏂᏣᏘ ᏴᏫ ᏚᏂᏍᎦᎸᎩ, ᎾᏍᎩᏰᏃ ᎠᏙᎴᎰᏍᎩ ᎬᏩᏰᎸᏒᎩ.

== Matthew 22 ==
1. ᏥᏌᏃ ᎤᏁᏨ ᏔᎵᏁ ᏚᏟᎶᏍᏓᏁᎸᎩ, ᎯᎠ ᏄᏪᏒᎩ;
2. ᎦᎸᎳᏗ ᎤᏤᎵᎪᎯ ᎾᏍᎩᏯᏉ ᎩᎶ ᎤᎬᏫᏳᎯ ᏧᏛᏅᎢᏍᏔᏁ ᏣᎦᏨᏍᏙᏗᏱ ᎤᏪᏥ ᎠᏫᏅ,
3. ᎠᎴ ᏥᏚᏅᏎ ᏧᏅᏏᏓᏍᏗ ᏧᏂᏯᏅᎲᏍᏗᏱ ᏫᎨᏥᏯᏅᏛ ᏕᎨᎦᏨᏍᏗᏍᎬ ᎤᏂᎷᎯᏍᏗᏱ; ᎠᏎᏃ ᏗᎤᏂᏳᎸᏁᏉ ᏅᏓᏳᏁᏅᏍᏗᏱ.
4. ᏔᎵᏁᏃ ᏅᏩᎾᏓᎴ ᏧᏅᏏᏓᏍᏗ ᏚᏅᏎᎢ, ᎯᎠ ᏂᏚᏪᏎᎴᎢ; ᎯᎠ ᏫᏂᏗᏥᏪᏏ ᏫᎨᏥᏯᏅᏛ; ᎬᏂᏳᏉ ᎠᏆᏛᏅᎢᏍᏗ ᎠᎵᏍᏓᏴᏗ, ᏗᏆᏤᎵ ᏩᎦ ᎠᎴ ᏗᎦᎵᏦᏔᏅᎯ ᏚᏂᎸ, ᏂᎦᏗᏳᏃ ᎠᏛᏅᎢᏍᏔᏃᏅᎯ; ᏕᎨᎦᏨᏍᏗᏍᎬ ᎢᏥᎷᎩ.
5. ᎠᏎᏃ ᏅᎵᏌᎵᏉ ᏗᎤᏂᏰᎸᏁᎢ, ᎠᎴ ᎤᏣᏘᏂᏉ ᏭᏂᎶᏎᎢ, ᎠᏏᏴᏫ ᏧᎶᎨᏒᎢ, ᏐᎢᏃ ᎤᏃᏙᏗᏱ.
6. ᎠᏂᏐᎢᏃ ᏚᏂᏂᏴᎮ ᏧᏅᏏᏓᏍᏗ, ᎠᎴ ᏗᎬᏩᏂᏐᏢᏔᏁᎢ, ᎠᎴ ᏚᏂᎴᎢ.
7. ᎿᎭᏉᏃ ᎤᎬᏫᏳᎯ ᎤᏛᎦᏅ ᎤᏔᎳᏬᏎᎢ, ᎠᎴ ᏚᏅᏎ ᏧᏤᎵ ᎠᏂᏯᏫᏍᎩ, ᎠᎴ ᏫᏚᏂᎴ ᎾᏍᎩ ᏧᎾᏓᎸᎯ, ᎠᎴ ᏭᎾᎪᎲᏍᏔᏁ ᎤᏂᏚᎲᎢ.
8. ᎿᎭᏉᏃ ᎯᎠ ᏂᏚᏪᏎᎴ ᏧᏅᏏᏓᏍᏗ; ᏗᎨᎦᏨᏍᏙᏗᏱ ᎠᏛᏅᎢᏍᏗ, ᎠᏎᏃ ᏫᎨᏥᏯᏅᏛ ᎥᏝ ᏰᎵ ᏱᎾᏃᏎ ᎤᏂᎷᎯᏍᏱ.
9. ᎾᏍᎩᏃ ᎢᏳᏍᏗ ᏕᎦᏅᎿᎭᏩᏗᏒ ᏫᏥᎶᎯ, ᎾᏂᎥᏃ ᏕᏥᏩᏘᏍᎨᏍᏗ ᏕᏥᏁᏤᎮᏍᏗ ᎤᏂᎷᎯᏍᏗᏱ ᎠᏂ ᏙᏗᎨᎦᏨᏍᏔᏂᏒᎢ.
10. ᎰᏩᏃ ᎾᏍᎩ ᏧᏅᏏᏓᏍᏗ ᏕᎦᏅᎿᎭᏩᏗᏒ ᏭᏂᎶᏎᎢ, ᎠᎴ ᎤᏂᏟᏌᏁ ᎾᏂᎥ ᏚᏂᏩᏛᎲ ᎤᏂᏲ ᎠᎴ ᎠᏃᏍᏛ; ᎿᎭᏉᏃ ᏙᏗᎨᎦᏨᏍᏔᏂᏒ ᏰᎵ ᏄᎵᏍᏔᏂᎴ ᎠᎾᎵᏍᏓᏴᎲᏍᎩ.
11. ᎿᎭᏉᏃ ᎤᏴᎸ ᎤᎬᏫᏳᎯ ᏚᎦᏔᏂᎸ ᎠᎾᎵᏍᏓᏴᎲᏍᎩ, ᎤᎪᎮ ᎾᎿᎭᎠᏏᏴᏫ ᏄᏄᏩᎥᎾ ᎨᏎ ᏕᎨᎦᏨᏍᏗᏍᎬ ᎠᏄᏬᏍᏗ.
12. ᎯᎠᏃ ᏄᏪᏎᎴᎢ; ᎩᎾᎵᎢ, ᎦᏙᏃ ᎠᏂ ᎥᎯᏴᎵᎦ ᏂᏣᏄᏩᎥᎾ ᎢᎩ ᏕᎨᎦᏨᏍᏗᏍᎬ ᎠᏄᏬᏍᏗ? ᎡᎳᏪᏱᏉᏃ ᎨᏎᎢ.
13. ᎿᎭᏉᏃ ᎤᎬᏫᏳᎯ ᎯᎠ ᏂᏚᏪᏎᎴ ᎨᏥᏅᏏᏓᏍᏗ; ᎡᏣᎸᏣ ᏧᏬᏰᏂ ᎠᎴ ᏧᎳᏏᏕᏂ; ᎠᎴ ᎡᏥᎾᏫᏛ, ᎠᎴ ᎥᏙᏱᏗᏢ ᏧᎵᏏᎬ ᏪᏣᏓᎤᎦ. ᎾᎿᎭᏓᏂᏴᎨᏍᏗ ᎠᎴ ᏓᏂᎸᏓᎩᏍᎨᏍᏗ ᏓᏂᏄᏙᎬᎢ.
14. ᎤᏂᏣᏘᏰᏃ ᎨᏥᏯᏅᏛ, ᎠᏎᏃ ᎠᏂᎩᏲᎵᏳ ᎨᎦᏑᏰᏛ.
15. ᎿᎭᏉᏃ ᎠᏂᏆᎵᏏ ᎤᏁᏅᏒᎩ ᏭᏂᏃᎮᎸᎩ ᎢᏳᎾᏛᏁᏗᏱ ᎤᏂᏌᏛᏗᏱ ᎦᏬᏂᏍᎬᎢ.
16. ᏚᏂᏅᏒᎩᏃ ᏤᏙᎲ ᎬᏩᏂᏍᏓᏩᏗᏙᎯ ᎠᎴ ᎡᎶᏛ ᎬᏩᏍᏕᎵᏍᎩ, ᎯᎠ ᏄᏂᏪᏒᎩ; ᏔᏕᏲᎲᏍᎩ, ᎣᏥᎦᏔᎭ ᎤᏙᎯᏳᎩᏯ ᎨᏒ ᏂᎯ, ᎠᎴ ᎤᏁᎳᏅᎯ ᎤᏤᎵᎦ ᏚᏳᎪᏛ ᏕᎭᏕᏲᎲᏍᎬᎢ, ᎥᏝ ᎠᎴ ᏴᏫ ᏱᏘᎾᏰᏍᎦ, ᎥᏝᏰᏃ ᏄᎾᏍᏛᏉ ᏴᏫ ᏱᏘᎸᏉᏙᎢ.
17. ᎾᏍᎩ ᎢᏳᏍᏗ ᏍᎩᏃᎲᏏ, ᎦᏙ ᎮᎵᎭ? ᏥᏌ ᏚᏳᎪᏗ ᏏᏌ ᎠᎫᏴᎡᏗᏱ ᎠᏰᎵ ᎠᎫᏴᏗ ᎨᏒᎢ; ᏝᎨ?
18. ᎠᏎᏃ ᏥᏌ ᎤᏙᎴᎰᏒᎩ ᎤᏲᏉ ᎠᎾᏓᏅᏖᏍᎬᎢ, ᎠᎴ ᎯᎠ ᏂᏚᏪᏎᎸᎩ; ᎦᏙᏃ ᎢᏍᎩᏌᏛᎥᏍᎦ, ᎢᏣᏠᎾᏍᏗ?
19. ᏥᎪᏩᏛ ᎠᏕᎸ ᎠᏰᎵ ᎠᎫᏴᏙᏗ. ᎠᎩᏏᏃ ᏧᎬᏩᎶᏗ ᎬᏩᏲᎮᎸᎩ.
20. ᎯᎠᏃ ᏂᏚᏪᎭᎸᎩ; ᎦᎪ ᎯᎠ ᏓᎦᏟᎶᏍᏗ, ᎠᎴ ᎦᎪ ᎠᏥᏃᎮᎭ ᎯᎠ ᏥᎪᏪᎳ?
21. ᏏᏌ, ᎤᎾᏛᏅᎩ. ᎯᎠᏃ ᏂᏚᏪᏎᎸᎩ; ᏏᏌ ᎠᏗᎾ ᎡᏥᎲᏏ ᏏᏌ ᎤᏤᎵᎦ, ᎤᏁᎳᏅᎯᏃ ᎤᏁᎳᏅᎯ ᎤᏤᎵᎦ.
22. ᎤᎾᏛᎦᏅᏃ ᎤᏂᏍᏆᏂᎪᏒᎩ, ᎠᎴ ᎤᎾᏓᏅᎡᎸᎩ.
23. ᎾᎯᏳ ᎢᎦ ᎠᏂᏌᏚᏏ ᏗᎴᎯᏐᏗ ᎨᏒ ᎤᎾᏜᏓᏏᏛᎡᎯ ᎬᏩᎷᏤᎸᎩ, ᎠᎴ ᎬᏩᏛᏛᏅᎩ,
24. ᎯᎠ ᏄᏂᏪᏒᎩ; ᏔᏕᏲᎲᏍᎩ, ᎼᏏ ᎤᏁᏤ ᎯᎠ ᏄᏪᏎᎢ; ᎢᏳᏃ ᎠᏍᎦᏯ ᎠᏲᎱᏍᎨᏍᏗ ᏧᏪᏥ ᎾᏁᎲᎾ ᎨᏎᏍᏗ, ᏗᎾᏓᏅᏟ ᎠᏓᏰᎨᏍᏗ ᎤᏓᏴᏛ, ᎾᏍᎩᏃ ᏓᏛᎯᏍᏓᏁᎮᏍᏗ ᏗᏂᏲᎵ ᏗᎾᏓᏅᏟ.
25. ᎾᏍᎩᏃ ᎠᏴ ᎣᏤᎲ ᎠᏁᎲᎩ ᎦᎵᏉᎩ ᎢᏯᏂᏛ ᎠᎾᏓᏅᏟ; ᎤᏓᏂᎵᎨᏃ ᎤᏕᏒᏅ ᎤᏲᎱᏒᏉ, ᏧᏪᏥᏃ ᎾᏁᎲᎾ ᎨᏒ ᎢᏳᏍᏗ ᎤᏓᎵᎢ ᎤᏪᎪᏓᏁᎸ ᎤᏅᏟ.
26. ᎾᏍᎩᏯ ᎾᏍᏉ ᏔᎵᏁᎢ, ᎠᎴ ᏦᎢᏁᎢ, ᎦᎵᏉᎩᏁ ᏫᎬᏗᏍᎩ.
27. ᎤᎵᏍᏆᎸᏗᏃ ᎠᎨᏴ ᎾᏍᏉ ᎤᏲᎱᏒᎩ.
28. ᎾᏍᎩ ᎢᏳᏍᏗ ᎿᎭᏉ ᏧᏂᏲᎱᏒᎯ ᏓᎾᎴᎯᏌᏅᎭ, ᎦᎪ ᎤᏓᎵᎢ ᎨᏎᏍᏗ ᎾᏍᎩ ᎦᎵᏉᎩ ᎢᏯᏂᏛ ᎨᏒᎢ?
29. ᏥᏌ ᎤᏁᏨ ᎯᎠ ᏂᏚᏪᏎᎸᎩ; ᎢᏥᎵᏓᏍᏗᎭ ᏂᏥᎦᏔᎥᎾ ᎨᏒ ᎢᏳᏍᏗ ᏄᏍᏛ ᎪᏪᎸᎢ, ᎠᎴ ᏄᎵᏂᎬᎬ ᎤᏁᎳᏅᎯ.
30. ᏧᏂᏲᎱᏒᎯᏰᏃ ᏓᎾᎴᎯᏌᏅᎭ, ᎥᏝ ᏱᏓᎾᏕᏒᎲᏍᎪᎢ, ᎥᏝ ᎠᎴ ᏱᏗᎨᏥᏰᎪᎢ; ᏗᏂᎧᎿᎭᏩᏗᏙᎯᏍᎩᏂ ᎦᎸᎳᏗ ᎠᏁᎯ ᎤᏁᎳᏅᎯ ᏧᏤᎵ ᎾᏍᎩᏯ ᎨᏐᎢ.
31. ᏧᏂᏲᎱᏒᎯᏍᎩᏂᏃᏅ ᎤᎾᎴᎯᏐᏗ ᎨᏒ ᏥᏥᏁᎢᏍᏗᎭ, ᏝᏍᎪ ᏱᏥᎪᎵᏰᎣ ᎤᏁᎳᏅᎯ ᎢᏥᏁᏤᎸᎯ, ᎯᎠ ᏥᏂᎦᏪᎭ?
32. ᎠᏴ ᎤᏁᎳᏅᎯ ᎡᏆᎭᎻ ᎤᏤᎵᎦ, ᎠᎴ ᎤᏁᎳᏅᎯ ᎡᏏᎩ ᎤᏤᎵᎦ, ᎠᎴ ᎤᏁᎳᏅᎯ ᏤᎦᏈ ᎤᏤᎵᎦ. ᎥᏝ ᎤᏁᎳᏅᎯ ᏧᏂᏲᎱᏒᎯ ᎤᎾᏤᎵ ᏱᎩ, ᏗᏅᏃᏛᏉᏍᎩᏂ ᎤᏅᏒ.
33. ᎤᏂᏣᏘᏃ ᎤᎾᏛᎦᏅ ᎤᏂᏍᏆᏂᎪᏒᎩ ᏄᏍᏛ ᏓᏕᏲᎲᏍᎬᎢ.
34. ᎠᏂᏆᎵᏏᏍᎩᏂ ᎤᎾᏛᎦᏅ ᎡᎳᏪᏱ ᏚᏩᏅ ᎠᏂᏌᏚᏏ, ᎾᏍᎩ ᏚᏂᎳᏫᏨᎩ.
35. ᎠᏏᏴᏫᏃ ᎾᎿᎭᎤᏓᏑᏴᎩ ᏗᎧᎿᎭᏩᏛᏍᏗ ᏗᎪᏏᏏᏍᎩ, ᎤᏛᏛᏅᎩ ᎤᏌᏛᎥᏍᎬᎢ, ᎯᎠ ᏄᏪᏒᎩ;
36. ᏔᏕᏲᎲᏍᎩ, ᎦᏙ ᎤᏍᏗ ᎤᏟ ᎦᎸᏉᏗᏳ ᎤᎵᏁᏨ ᏗᎧᎿᎭᏩᏛᏍᏗ?
37. ᏥᏌᏃ ᎯᎠ ᏄᏪᏎᎸᎩ; ᏱᎰᏩ ᏣᏁᎳᏅᎯ ᎯᎨᏳᏎᏍᏗ ᏂᎦᎥ ᏣᎾᏫ ᎲᏗᏍᎨᏍᏗ, ᎠᎴ ᏂᎦᎥ ᏣᏓᏅᏙ, ᎠᎴ ᏂᎦᎥ ᏣᏓᏅᏖᏗᏱ.
38. ᎾᏍᎩ ᎯᎠ ᎢᎬᏱᏱ ᎠᎴ ᎤᏣᏘ ᎦᎸᏉᏗ ᏗᎧᎿᎭᏩᏛᏍᏗ.
39. ᏔᎵᏁᏃ ᎾᏍᎩᏯᏉ ᎾᏍᏉ; ᏨᏒ ᏥᏂᏣᏓᎨᏳᏒ ᏂᎨᏳᏎᏍᏗ ᎾᎥ ᎢᏗᏍᏓᏓᎳ.
40. ᎾᏍᎩ ᎯᎠ ᏔᎵ ᏄᎵᏁᏨ ᏚᎵᏍᏓᏱᏗᏍᏗ ᏂᎦᏗᏳ ᏗᎧᎿᎭᏩᏛᏍᏗ ᎠᎴ ᎤᎾᏙᎴᎰᏒᎢ.
41. ᎠᏏᏉ ᏓᏂᎳᏫᎥ ᎠᏂᏆᎵᏏ, ᏥᏌ ᏚᏛᏛᏅᎩ,
42. ᎯᎠ ᏄᏪᏒᎩ; ᎦᏙ ᎢᏤᎵ ᎡᏣᏓᏅᏖᏍᎬ ᎦᎶᏁᏛ, ᎦᎪ ᎤᏪᏥ? ᏕᏫ, ᎥᎬᏬᏎᎸᎩ.
43. ᎯᎠ ᏂᏚᏪᏎᎸᎩ; ᎦᏙᏃ ᏗᎦᎵᏍᏙᏗᎭ, ᏕᏫ ᎠᏓᏅᏙ ᎤᏪᏲᎲᏍᎬᎢ, ᏣᎬᏫᏳᎯ, ᏥᎪᏎᎭ? ᎯᎠ ᏥᏂᎦᏪᎭ;
44. ᏱᎰᏩ ᎯᎠ ᏄᏪᏎᎸᎩ ᎤᎬᏫᏳᎯ ᎠᏆᏤᎵᎦ; ᏥᎦᏘᏏ ᎢᏗᏢ ᏦᎴᏍᏗ, ᎬᏂ ᎨᏣᏍᎦᎩ ᏗᏣᎳᏏᏗᏱ ᎦᏍᎩᎶ ᏂᎦᏥᏴᏁᎸᎭ;
45. ᎢᏳᏰᏃ ᏕᏫ, ᏣᎬᏫᏳᎯ, ᏱᎪᏎᎭ, ᎦᏙ ᏱᎦᎵᏍᏙᏓ ᎤᏪᏥ ᏱᎩ?
46. Ꮭ ᎿᎭᏉ ᏰᎵ ᎩᎶ ᏍᎦᏁᏨᎯ ᎬᏩᏁᏤᏗ ᏱᎨᏎᎢ; Ꮭ ᎠᎴ ᎩᎶ ᎾᎯᏳ ᎢᏳᏓᎴᏅᏛ ᏰᎵ ᎦᎬᏩᏛᏛᏗ ᏱᎨᏎᎢ.

== Matthew 23 ==
1. ᎿᎭᏉᏃ ᏥᏌ ᏚᏬᏁᏔᏅᎩ ᎤᏂᏣᏘ ᎠᎴ ᎬᏩᏍᏓᏩᏗᏙᎯ,
2. ᎯᎠ ᏄᏪᏒᎩ; ᏗᏃᏪᎵᏍᎩ ᎠᎴ ᎠᏂᏆᎵᏏ ᎼᏏ ᎤᏪᏍᎩᎸ ᎠᏂᎾ;
3. ᎾᏍᎩ ᎯᏳᏍᏗ ᏂᎦᎥ ᎪᎱᏍᏗ ᏗᏥᎧᎿᎭᏩᏚᎦ ᎨᏦᏎᎮᏍᏗ ᏕᏥᎧᎿᎭᏩᏕᎨᏍᏗ ᎠᎴ ᎾᏍᎩ ᏂᏣᏛᏁᎮᏍᏗ; ᎠᏎᏃ ᎾᏍᎩ ᎾᎾᏛᏁᎲᎢ ᏞᏍᏗ ᏱᏂᏣᏛᏁᎮᏍᏗ; ᎠᏂᏁᎪᏰᏃ ᎠᏎᏃ ᎥᏝ ᎾᏍᎩ ᏱᎾᎾᏛᏁᎰᎢ.
4. ᏓᎾᏓᎵᏢᏍᎪᏰᏃ ᏗᎦᎨᏛ ᏗᎵᏒᏍᏗ ᎠᎴ ᎤᏕᏯᏙᏗ ᏗᎵᏒᏍᏗᏱ, ᎾᏍᎩᏃ ᏴᏫ ᏓᏂᏃᎭᏝᎲᏍᎪᎢ; ᎠᏎᏃ ᎤᏅᏒ ᎥᏝ ᏌᏉ ᎠᏂᏰᏌᏛ ᏴᎬᏅᏓ ᏱᏙᎬᏂᏖᎸᎲᎦ.
5. ᏂᎦᏗᏳᏍᎩᏂ ᏚᏂᎸᏫᏍᏓᏁᎲ ᏴᏫᏉ ᎬᏩᏂᎪᏩᏛᏗᏱ ᎤᏂᏰᎸᏐᎢ. ᏗᏯᏖᎾ ᏂᏓᏅᏁᎰ ᏧᎾᎬᏓᏃᏍᏗ, ᎠᎴ ᏓᏂᏯᏛᎥᏍᏗᏍᎪ ᏕᎦᏓᎷᏯᏛ ᏧᎾᏄᏬ;
6. ᎠᎴ ᎤᏂᎸᏉᏙ ᏄᎬᏫᏳᏒ ᏧᎾᏂᏢᏗᏱ ᏓᎾᎵᏍᏓᏴᎲᏍᎬᎢ, ᎠᎴ ᏄᎬᏫᏳᏒ ᏕᎦᏍᎩᎸ ᏗᎦᎳᏫᎢᏍᏗᏱ,
7. ᎠᎴ ᎨᏥᏲᎵᏍᏗᏱ ᏗᎦᏃᏙᏗᏱ, ᎠᎴ ᏔᏕᏲᎲᏍᎩ, ᏔᏕᏲᎲᏍᎩ, ᎬᏩᏃᏎᏗᏱ ᏴᏫ.
8. ᏂᎯᏍᎩᏂ ᏞᏍᏗ ᏔᏕᏲᎲᏍᎩ, ᏰᏦᏎᎮᏍᏗ; ᎠᏏᏴᏫᏰᏃ ᏗᏤᏲᎲᏍᎩ, ᎾᏍᎩ ᎦᎶᏁᏛ; ᏂᎦᏛᏃ ᏂᎯ ᎢᏣᎵᏅᏟᏉ.
9. ᎠᎴ ᏞᏍᏗ ᎩᎶ ᎡᏙᏓ ᎡᏦᏎᎸᎩ ᎠᏂ ᎡᎶᎯ; ᎠᏏᏴᏫᏉᏰᏃ ᎢᏥᏙᏓ, ᎾᏍᎩ ᎦᎸᎳᏗ ᏨᏤᎭ.
10. ᎠᎴ ᏞᏍᏗ ᏍᏆᏘᏂᏙᎯ ᏰᏦᏎᎮᏍᏗ ᏂᎯ, ᎠᏏᏴᏫᏉᏰᏃ ᏗᏣᏘᏂᏙᎯ, ᎾᏍᎩ ᎦᎶᏁᏛ.
11. ᎩᎶᏍᎩᏂ ᎤᏟ ᎠᏥᎸᏉᏗᏳ ᎨᏎᏍᏗ ᏂᎯ ᎢᏤᎲᎢ, ᎾᏍᎩ ᎡᏥᏅᏏᏓᏍᏗ ᎨᏎᏍᏗ.
12. ᎩᎶᏃ ᎤᏩᏒᏉ ᎢᎠᏓᏌᎳᏗᏍᎨᏍᏗ ᎡᎳᏗ ᎢᏯᎬᏁᏗ ᎨᏎᏍᏗ; ᎩᎶᏃ ᎤᏩᏒᏉ ᎡᎳᏗ ᎾᏓᏛᏁᎮᏍᏗ ᎠᏥᏌᎳᏙᏗ ᎨᏎᏍᏗ.
13. ᏂᎯᏍᎩᏂ ᎤᏲᎢᏳ ᎢᏣᎵᏍᏓᏁᏗ ᏗᏦᏪᎵᏍᎩ ᎠᎴ ᎢᏥᏆᎵᏏ ᎢᏣᏠᎾᏍᏗ! ᏕᏥᏍᏚᏁᎰᏰᏃ ᏴᏫ ᎦᎸᎳᏗ ᎤᏤᎵᎪᎯ; ᎥᏝᏰᏃ ᎢᏨᏒ ᏱᏥᏴᎯᎰᎢ, ᎠᎴ ᎥᏝ ᎤᎾᏁᎳᎩ ᏩᏂᏴᎭ ᏱᏗᏤᎵᏎᎰ ᏩᏂᏴᎯᎯ.
14. ᎤᏲᎢᏳ ᎢᏣᎵᏍᏓᏁᏗ ᏗᏦᏪᎵᏍᎩ ᎠᎴ ᎢᏥᏆᎵᏏ ᎢᏣᏠᎾᏍᏗ! ᏕᏥᏒᏁᎰᏰᏃ ᏧᏃᏑᎶᏨᎯ ᏓᏂᏁᎸᎢ, ᎠᎴ ᎢᏣᏠᎾᏍᏛ ᎪᎯᏗᏳ ᎢᏣᏓᏙᎵᏍᏗᏍᎪᎢ. ᎾᏍᎩ ᎢᏳᏍᏗ ᎤᏟᎯᏳ ᎢᎦᎢ ᎢᏥᎩᎵᏲᎢᏍᏗ ᎨᏎᏍᏗ.
15. ᎤᏲᎢᏳ ᎢᏣᎵᏍᏓᏁᏗ ᏗᏦᏪᎵᏍᎩ ᎠᎴ ᎢᏥᏆᎵᏏ ᎢᏣᏠᎾᏍᏗ! ᏕᏣᏕᏲᎰᏰᏃ ᎠᎺᏉᎯ ᎠᎴ ᎦᏙᎯ ᎡᏥᏲᎰ ᎠᏏᏴᏫ ᏄᏍᏛ ᎢᏦᎯᏳᏒ ᎪᎯᏳᎲᏍᎩ ᎢᏰᏨᏁᏗᏱ, ᎠᎴ ᎾᏍᎩ ᏁᏨᎦ ᏔᎵ ᎢᏳᏩᎫᏗ ᎤᏟ ᏨᏍᎩᏃᎢ ᎤᏪᏥ ᏁᏨᏁᎰ ᎡᏍᎦᏉ ᎢᏨᏒ.
16. ᎤᏲᎢᏳ ᎢᏣᎵᏍᏓᏁᏗ, ᏗᏥᎨᏫ ᏗᏣᏓᏘᏂᏙᎯ! ᎯᎠ ᎢᏥᏪᏍᎩ; ᎩᎶ ᎢᎠᏎᎵᏛᏍᎨᏍᏗ ᎢᎧᏁᎢᏍᏗᏍᎨᏍᏗ ᎤᏛᏅ-ᏗᎦᎳᏫᎢᏍᏗᏱ, ᎠᏎᏉᏉ ᎾᏍᎩ; ᎩᎶᏍᎩᏂ ᎢᎧᏁᎢᏍᏗᏍᎨᏍᏗ ᎠᏕᎸ ᏓᎶᏂᎨ ᎤᏛᎾ-ᏗᎦᎳᏫᎢᏍᏗᏱ ᎠᎲᎢ, ᎾᏍᎩ ᎠᏍᏓᏱᏳ ᎤᏚᏓᎳ.
17. ᎢᏥᏁᎫ ᎠᎴ ᏗᏥᎨᏫ! ᎦᏙ ᎤᏍᏗ ᎤᏟ ᎦᎸᏉᏗᏳ, ᎠᏕᎸᏍᎪ ᏓᎶᏂᎨᎢ, ᎤᏛᎾ-ᏗᎦᎳᏫᎢᏍᏗᏱᎨ ᎾᏍᎩ ᎦᎸᏉᏗᏳ ᏥᏂᎬᏁᎭ ᎠᏕᎸ ᏓᎶᏂᎨᎢ?
18. ᎠᎴ, ᎩᎶ ᎢᎧᏁᎢᏍᏗᏍᎨᏍᏗ ᎠᏥᎸ-ᎨᎳᏍᏗᏱ, ᎠᏎᏉᏉ ᎾᏍᎩ; ᎩᎶᏍᎩᏂ ᎢᎧᏁᎢᏍᏗᏍᎨᏍᏗ ᎠᎵᏍᎪᎸᏔᏅᎯ ᎾᎿᎭᎠᎲᎢ, ᎾᏍᎩ ᎠᏍᏓᏱᏳ ᎤᏚᏓᎳ.
19. ᎢᏥᏁᎫ ᎠᎴ ᏗᏥᎨᏫ! ᎦᏙ ᎤᏍᏗ ᎤᏟ ᎦᎸᏉᏗᏳ, ᎠᎵᏍᎪᎸᏔᏅᎯᏍᎪ, ᎠᏥᎸᎨ-ᎨᎳᏍᏗᏱ, ᎾᏍᎩ ᎦᎸᏉᏗᏳ ᏥᏂᎬᏁᎭ ᎠᎵᏍᎪᎸᏔᏅᎯ?
20. ᎾᏍᎩ ᎢᏳᏍᏗ ᎩᎶ ᎢᎠᏎᎵᏛᏍᎨᏍᏗ ᎢᎧᏁᎢᏍᏗᏍᎨᏍᏗ ᎠᏥᎸᎨᎳᏍᏗᏱ, ᎧᏁᎢᏍᏗᏍᎨᏍᏗ ᎾᏍᎩ ᎠᎴ ᏂᎦᎥ ᎪᎱᏍᏗ ᎾᎿᎭᎠᎲᎢ.
21. ᎠᎴ ᎩᎶ ᎢᎧᏁᎢᏍᏗᏍᎨᏍᏗ ᎤᏛᏅ-ᏗᎦᎳᏫᎢᏍᏗᏱ, ᎧᏁᎢᏍᏗᏍᎨᏍᏗ ᎾᏍᎩ ᎠᎴ ᎾᎿᎭᎦᏁᎳ.
22. ᎠᎴ ᎩᎶ ᎢᎧᏁᎢᏍᏗᏍᎨᏍᏗ ᎦᎸᎳᏗ, ᎧᏁᎢᏍᏗᏍᎨᏍᏗ ᎤᏁᎳᏅᎯ ᎤᏪᏗᏱ ᎠᎴ ᎾᎿᎭᎤᏬᎵ.
23. ᎤᏲᎢᏳ ᎢᏣᎵᏍᏓᏁᏗ ᏗᏦᏪᎵᏍᎩ ᎠᎴ ᎢᏥᏆᎵᏏ ᎢᏣᏠᎾᏍᏗ! ᎠᏍᎪᎯᏁᏰᏃ ᎢᏣᎫᏱᏍᎪ ᏒᏟ ᎠᎴ ᎡᏒ ᎠᎴ ᎦᎻᏂ; ᏕᏥᏃᎯᏯᏍᎪᏃ ᎤᏟ ᎤᎵᏍᎨᏛᏯ ᎨᏒ ᏗᎧᎿᎭᏩᏛᏍᏗ, ᏚᏳᎪᏛ ᎨᏒᎢ, ᎠᎴ ᎠᏓᏙᎵᏍᏗᏱ, ᎠᎴ ᎪᎯᏳᏗᏱ. ᎾᏍᎩᏍᎩᏂ ᎯᎠ ᏱᏂᏣᏛᏁᎴᎢ, ᎠᎴ ᏐᎢ ᏂᏥᏃᎯᏴᎾᏉ ᏱᎨᏎᎢ.
24. ᏗᏥᎨᏫ ᏗᏣᏓᏘᏂᏙᎯ! ᏙᏒ ᎢᏥᎿᎭᏐᎸᏍᏗᏍᎩ ᎨᎻᎵᏃ ᎢᏥᎩᏍᎩ.
25. ᎤᏲᎢᏳ ᎢᏣᎵᏍᏓᏁᏗ ᏗᏦᏪᎵᏍᎩ ᎠᎴ ᎢᏥᏆᎵᏏ ᎢᏣᏠᎾᏍᏗ! ᎢᏦᏑᎴᏍᎪᏰᏃ ᎦᏚᎢᏗᏢ ᎤᎵᏍᏈᏗ ᎠᎴ ᎠᏖᎵᏙ, ᎠᏎᏃ ᎠᏫᏂᏗᏢ ᎤᎧᎵᏨᎯ ᎨᏐ ᎠᏎᏉ ᎠᏓᎩᎡᏗ ᎨᏒᎢ ᎠᎴ ᏚᏳᎪᏛ ᏂᎨᏒᎾ.
26. ᎯᏆᎵᏏ ᏘᎨᏫ! ᎢᎬᏱ ᎯᏅᎦᎸ ᎠᏫᏂᏗᏢ ᎤᎵᏍᏈᏗ ᎠᎴ ᎠᏖᎵᏙ, ᎦᏚᎢᏗᏢᏃ ᎾᏍᏉ ᏧᏓᏅᎦᎸᏛ ᎨᏎᏍᏗ.
27. ᎤᏲᎢᏳ ᎢᏣᎵᏍᏓᏁᏗ ᏗᏦᏪᎵᏍᎩ ᎠᎴ ᎢᏥᏆᎵᏏ ᎢᏣᏠᎾᏍᏗ! ᎾᏍᎩᏯᏉᏰᏃ ᏂᎯ ᏧᏁᎬ ᎢᏗᎬᏁᎸᎯ ᏓᏤᎵᏍᏛᎢ, ᎾᏍᎩ ᎦᏚᎢᏗᏢ ᎤᏙᎯᏳᎯ ᏧᏬᏚᎯᏳ ᏥᎨᏐᎢ, ᎠᏎᏃ ᎠᏫᏂᏗᏢ ᏧᎧᎵᏨᎯ ᏥᎨᏐ ᏧᏂᏲᎱᏒᎯ ᏧᏂᎪᎳ ᎠᎴ ᏂᎦᎥ ᎦᏓᎭ ᎨᏒᎢ
28. ᎾᏍᎩᏯᏉᏍᎩᏂ ᎾᏍᏉ ᏂᎯ ᎦᏚᎢᏗᏢ ᎢᏣᏓᏅᏘᏳ ᏅᏩᏍᏙᎢ ᏴᏫ ᏗᎨᏣᎧᏃᏗᏱ, ᎠᏎᏃ ᎠᏫᏂᏗᏢ ᎢᏥᎧᎵᏨᎯ ᎨᏐ ᎢᏣᏠᎾᏍᏛᎢ ᎠᎴ ᎤᏲᎢ.
29. ᎤᏲᎢᏳ ᎢᏣᎵᏍᏓᏁᏗ ᏗᏦᏪᎵᏍᎩ ᎠᎴ ᎢᏥᏆᎵᏏ ᎢᏣᏠᎾᏍᏗ! ᏕᏦᏢᎯᏏᏍᎪᏰᏃ ᏕᎦᏂᏌᎲ ᎠᎾᏙᎴᎰᏍᎩ, ᎠᎴ ᏕᏦᏚᎢᏍᏗᏍᎪ ᏓᏤᎵᏍᏛ ᎤᎾᏓᏅᏘ;
30. ᎯᎠᏃ ᏂᏥᏪᏍᎪᎢ; ᎢᏳᏃ ᎠᏴ ᏲᏤᎮ ᎾᎯᏳ ᏦᎩᏙᏓ ᏣᏁᎮᎢ, ᎥᏝ ᏱᏙᎦᏲᏣᎵᎪᏁᎴ ᎩᎬ ᏚᎾᏤᏪᎸ ᎠᎾᏙᎴᎰᏍᎩ.
31. ᎾᏍᎩ ᎢᏳᏍᏗ ᎢᏨᏒ ᎬᏂᎨᏒ ᏂᏣᏓᏛᏁ ᎾᏍᎩ ᏗᏥᏙᏓ ᎨᏒ ᎠᎾᏙᎴᎰᏍᎩ ᏧᏂᎸᎯ.
32. ᎢᏥᎧᎵᏣᎪᎦ ᏗᏥᏙᏓ ᎤᎾᏟᎶᎥᎢ.
33. ᎢᎾᏛ ᏂᎯ! ᎤᏂᏍᎦᏎᏗ ᎢᎾᏛ ᏧᏁᏥ ᏂᎯ! ᎦᏙᏃ ᏱᎦᎵᏍᏙᏓ ᏰᏣᏗᏫᏏ ᎠᎩᎵᏲᎢᏍᏗ ᏗᎨᏒ ᏨᏍᎩᏃᎢ?
34. ᎾᏍᎩ ᎢᏳᏍᏗ ᎬᏂᏳᏉ ᏕᏥᏅᎵ ᎾᎿᎭᏗᏤᎲ ᎠᎾᏙᎴᎰᏍᎩ ᎠᎴ ᎠᏂᎦᏔᎿᎭᎢ ᎠᎴ ᏗᏃᏪᎵᏍᎩ; ᎢᎦᏛᏃ ᏙᏓᏥᎵ ᎠᎴ ᏙᏓᏣᏛᏂ ᏓᏓᎿᎭᏩᏍᏛᎢ, ᎢᎦᏛᏃ ᏙᏓᏥᎵᎥᏂᎵ ᏗᏥᎳᏫᎢᏍᏗᏱ, ᎠᎴ ᎤᏲ ᏂᏙᏓᏨᏁᎵ ᏕᎦᏚᎿᎭᎥᎢ;
35. ᎾᏍᎩ ᎢᏥᎷᏤᏗᏱ ᏂᎦᏛ ᎣᏍᏛ ᎩᎬ ᎡᎶᎯ ᎤᏤᏬᏨᎯ, ᎤᏓᏅᏘ ᎡᏈᎵ ᎤᎩᎬ ᏅᏓᎬᏩᏓᎴᏅᏛ, ᏤᎦᎳᏯ ᎤᎩᎬ ᏇᎵᎦᏯ ᎤᏪᏥ ᏅᏛᏍᏗ, ᎾᏍᎩ ᏤᏥᎸ ᎤᏜᏓᏅᏛ ᎤᏛᎾ-ᏗᎦᎳᏫᎢᏍᏗᏱ ᎠᏥᎸᏃ-ᎨᎳᏍᏗᏱ.
36. ᎤᏙᎯᏳᎯᏯ ᎯᎠ ᏂᏨᏪᏎᎭ; ᎯᎠ ᎾᏍᎩ ᏂᎦᏛ ᏓᏳᎾᎵᏱᎶᎮᎵ ᎯᎠ ᎪᎯ ᏣᏁᎭ.
37. ᏥᎷᏏᎵᎻ! ᏥᎷᏏᎵᎻ! ᎠᎾᏙᎴᎰᏍᎩ ᏘᎯᎯ, ᎠᎴ ᎨᏣᎷᏤᏗᏱ ᎨᏥᏅᏒᎯ ᏅᏯ ᏛᏂᏍᏗᏍᎩ! ᏯᏃᎩᏳ ᎠᏆᏚᎵᏍᎬ ᎦᏥᏯᏟᏐᏗᏱ ᏗᏤᏥ, ᎾᏍᎩᏯ ᏣᏔᎦ ᏥᏕᎦᏟᏏᏍᎪ ᏧᏪᏥ ᎠᏂᏛ ᏗᎧᏃᎨᏂ ᎭᏫᏂᏗᏢ; ᎠᏎᏃ ᎥᏝ ᏱᏣᏚᎵᏍᎨᎢ.
38. ᎬᏂᏳᏉ ᎢᏣᏤᎵ ᎦᎵᏦᏕ ᏅᏔ ᏁᏨᏁᎸ.
39. ᎯᎠᏰᏃ ᏂᏨᏪᏎᎭ; ᎥᏝ ᏴᎨᏍᎩᎪᏩᏛ ᎪᎯ ᎢᏳᏓᎴᏅᏛ, ᎬᏂ ᎯᎠ ᏂᏥᏪᏒᎭ; ᎠᏥᎸᏉᏗᏳ ᎾᏍᎩ ᏱᎰᏩ ᏕᎤᏙᎥ ᏥᎦᎷᎯᏍᏗᎭ.

== Matthew 24 ==
1. ᏥᏌᏃ ᎤᏄᎪᏨᎩ ᏗᎦᎳᏫᎢᏍᏗᏱ ᎤᏓᏅᏒᎩ, ᎬᏩᏍᏓᏩᏗᏙᎯᏃ ᎬᏩᎷᏤᎸ ᎬᏩᏃᏁᎸᎩ ᏂᏚᏍᏛ ᏓᏓᏁᎸ ᎤᏛᎾᏗᎦᎳᏫᎢᏍᏗᏱ.
2. ᏥᏌᏃ ᎯᎠ ᏂᏚᏪᏎᎸᎩ; ᏝᏍᎪ ᏂᎦᏛ ᎯᎠ ᏱᏗᏥᎪᏩᏘᎭ? ᎤᏙᎯᏳᎯᏯ ᎯᎠ ᏂᏨᏪᏎᎭ; ᎥᏝ ᏌᏉᎤᏅ ᏅᏯ ᎠᏂ ᏱᏚᏓᏌᏝᎮᏍᏗ ᎾᏍᎩ ᏂᎪᎲᏔᏅᎾ ᏱᎨᏎᏍᏗ.
3. ᎣᎵᏩᏲᏃ ᎤᏌᎯᎸ ᎤᏬᎸᎢ ᎬᏩᏍᏓᏩᏗᏙᎯ ᎤᏅᏒ ᎨᏒ ᎬᏩᎷᏤᎸᎩ, ᎯᎠ ᏄᏂᏪᏒᎩ; ᏍᎩᏃᎲᏏ ᎯᎳᎪ ᎢᏳ ᎯᎠ ᎾᏍᎩ ᏅᏓᎦᎵᏍᏔᏂ; ᎠᎴ ᎦᏙ ᎤᏍᏗ ᎤᏰᎸᏛ ᎨᏎᏍᏗ ᏣᎷᎯᏍᏗᏱ, ᎠᎴ ᎪᎯ ᎨᏒ ᎤᎵᏍᏆᏗᏍᏗᏱ?
4. ᏥᏌᏃ ᎤᏁᏨ ᎯᎠ ᏂᏚᏪᏎᎸᎩ; ᎢᏤᏯᏔᎮᏍᏗ ᏞᏍᏗ ᎩᎶ ᏥᏥᎶᏄᎮᎵ;
5. ᎤᏂᏣᏖᏍᏗᏰᏃ ᎠᏴ ᏓᏆᏙᎥ ᎠᏂᎷᎯᏍᏗᏍᎨᏍᏗ, ᎠᏴ ᎦᎶᏁᏛ, ᎠᎾᏗᏍᎨᏍᏗ; ᎠᎴ ᎤᏂᏣᏓᏍᏗ ᏓᏂᎶᏄᎮᏍᎨᏍᏗ.
6. ᎠᎴ ᎢᏣᏛᎩᏍᎨᏍᏗ ᏓᎿᎭᏩ ᎠᎴ ᎠᏂᏃᎮᎵᏙᎲ ᏓᎿᎭᏯ; ᎢᏤᏯᏔᎮᏍᏗ ᏞᏍᏗ ᎤᏪᎵᎯᏍᏗ ᏱᏂᏣᎵᏍᏓᏁᎴᏍᏗ; ᎾᏍᎩᏰᏃ ᏂᎦᏗᏳ ᎠᏎ ᎢᏳᎵᏍᏙᏗ, ᎠᏎᏃ ᎤᎵᏍᏆᏗᏍᏗᏱ ᎨᏒ ᎠᏏ ᎨᏎᏍᏗ.
7. ᏧᎾᏓᎴᏅᏛᏰᏃ ᏴᏫ ᏙᏛᎾᎴᏂ ᏙᏛᎾᏓᏡᏔᏂ, ᎠᎴ ᎠᏰᎵ ᏚᏃᏢᏩᏗᏒ ᏙᏛᎾᏓᏡᏔᏂ, ᎠᎴ ᏓᎪᏄᎶᏏᏙᎮᏍᏗ, ᎠᎴ ᎥᏳᎩᎯᏳ ᏂᎦᎵᏍᏔᏂᏙᎮᏍᏗ, ᎠᎴ ᎦᏙᎯ ᏓᎵᏖᎸᏂᏙᎮᏍᏗ.
8. ᎾᏍᎩ ᎯᎠ ᏂᎦᏛ ᎠᎴᏂᏍᎬ ᎨᏒ ᎠᎩᎵᏯ ᎨᏒᎢ.
9. ᎿᎭᏉᏃ ᏂᎯ ᏫᏙᏓᎨᏥᏲᏏ ᎢᏥᎩᎵᏲᎢᏍᏗᏱ, ᎠᎴ ᏙᏓᎨᏥᎵ; ᎠᎴ ᏂᎦᏗᏳ ᏄᎾᏓᎴᏒ ᏴᏫ ᎨᏥᏍᎦᎨᏍᏗ ᎠᏴ ᏓᏆᏙᎥ ᏅᏗᎦᎵᏍᏙᏗᏍᎨᏍᏗ.
10. ᎿᎭᏉᏃ ᎤᏂᏣᏖᏍᏗ ᏚᏃᏕᎯᎮᏍᏗ, ᎠᎴ ᏓᎾᏓᏡᏗᏍᎨᏍᏗ ᎠᎴ ᏓᎾᏓᏍᎦᎨᏍᏗ.
11. ᎠᎴ ᎤᏂᏣᏖᏍᏗ ᎤᎾᏠᎾᏍᏗ ᎠᎾᏙᎴᎰᏍᎩ ᎠᏂᎾᏄᎪᎨᏍᏗ, ᎠᎴ ᎤᏂᏣᏖᏍᏗ ᏓᏂᎶᏄᎮᏍᎨᏍᏗ.
12. ᎠᎴ ᎤᏣᏛ ᎠᏍᎦᏅᎢᏍᏗ ᎨᏒ ᎡᎲ ᎾᏍᎩ ᎢᏳᏍᏗ ᎤᏂᏣᏖᏍᏗ ᎠᏓᎨᏳᏗ ᎨᏒ ᎤᏁᎲ ᏛᏴᏜᏓᏗ.
13. ᎠᏎᏃ ᎾᏍᎩ Ꮎ ᎬᎵᏍᏆᏗᏍᎩ ᎠᏟᏂᎬᏁᎯ ᎾᏍᎩ ᎠᏥᏍᏕᎸᏗ ᎨᏎᏍᏗ.
14. ᎯᎠᏃ ᎾᏍᎩ ᎣᏍᏛ ᎧᏃᎮᏛ ᎦᎸᎳᏗ ᎤᏤᎵᎪᎯ ᎡᎳᏂᎬ ᎤᎾᎵᏥᏙᏂᏂᏓᏍᏗ ᎨᏎᏍᏗ ᎤᎾᏙᎴᎰᎯᏍᏗᏱ ᎾᏂᎥ ᏧᎾᏓᎴᏅᏛ ᏴᏫ, ᎩᎳᏃ ᎿᎭᏉ ᏛᎵᏍᏆᏗᎵ.
15. ᎾᏍᎩ ᎢᏳᏍᏗ ᎿᎭᏉ ᎢᏥᎪᎲᎭ ᎤᏍᎦᎢᏍᏗᏳ ᎬᏃᏌᏛᎯ ᎢᎬᏁᎯ, ᎾᏍᎩ ᏕᏂᎵ ᎠᏙᎴᎰᏍᎩ ᏧᏁᎢᏍᏔᏁᎢ, ᎦᏙᎨᏍᏗ ᎦᎸᏉᏗᏳ ᎨᏒᎢ, (ᎩᎶ ᎠᎪᎵᏰᏍᎨᏍᏗ ᎪᎵᎨᏍᏗ,)
16. ᎿᎭᏉ ᏧᏗᏱ ᎠᏂᏂ ᎠᎾᎵᏒᎭ ᏙᏦᏓᎸ ᏩᏂᎶᏒᎭ.
17. ᎩᎶᏃ ᎦᏌᎾᎵ ᎤᎩᎴᏍᏗ ᏞᏍᏗ ᏴᏗᎤᏠᎠᏎᏍᏗ ᏳᎩᏐᎴᏍᏗ ᎪᎱᏍᏗ ᎤᎲ ᎦᏁᎸᎢ;
18. ᎠᎴ ᎩᎶ ᏠᎨᏏ ᏪᏙᎯ ᏞᏍᏗ ᏴᏗᎤᏨᏎᏍᏗ ᏧᏄᏬ ᏱᏚᏁᏐᎴᏍᏗ.
19. ᎠᎴ ᎤᏲᎢᏳ ᎢᏳᎾᎵᏍᏓᏁᏗ ᏗᏂᏁᎵᏛ ᎠᎴ ᏧᏂᏍᏓᎢ ᎾᎯᏳ ᎨᏒᎢ.
20. ᎠᎴ ᎢᏣᏓᏙᎵᏍᏗᏍᎨᏍᏗ ᎢᏥᏔᏲᎯᎮᏍᏗ ᎪᎳ ᎠᎴ ᎤᎾᏙᏓᏆᏍᎬ ᎢᏣᎵᏍᏗᏱ ᏂᎨᏒᎾ ᎢᏳᎵᏍᏙᏗᏱ.
21. ᎾᎯᏳᏰᏃ ᎤᏣᏖᏍᏗ ᎠᎩᎵᏯ, ᎾᏍᎩ ᎢᎦᎢ ᎥᏝ ᎢᎸᎯᏳ ᏱᏄᎵᏍᏔᏃ ᎡᎶᎯ ᏧᏙᏢᏅ ᏅᏓᎬᏩᏓᎴᏅᏛ ᎪᎯ ᎢᏯᏍᏘ, ᎥᏝ ᎠᎴ ᎢᎸᎯᏳ ᎾᏍᎩ ᎢᏳᎵᏍᏙᏗ ᏱᎨᏎᏍᏗ.
22. ᎠᎴ ᎾᎯᏳ ᎢᎦ ᏂᏓᏍᏆᎳᏅᎾ ᏱᎩ, ᎥᏝ ᎤᏇᏓᎵ ᎦᏰᏥᏍᏕᎸᏗ ᏱᎦᎩ; ᎠᏎᏃ ᎨᎦᏑᏰᏛ ᎨᏒ ᏅᏗᎦᎵᏍᏙᏗᏍᎨᏍᏗ ᎾᎯᏳ ᎢᎦ ᏗᏍᏆᎶᏗ ᎨᏎᏍᏗ
23. ᎾᎯᏳ ᎨᏒ ᎢᏳᏃ ᎩᎶ ᎯᎠ ᏂᏥᏪᏎᎮᏍᏗ, ᎬᏂᏳᏉ ᎠᏂ ᎦᎶᏁᏛ ᎡᏙᎭ; ᎠᎴ ᎠᏂ; ᏞᏍᏗ ᏥᏦᎯᏳᏂ
24. ᏛᏂᎾᏄᎪᏥᏰᏃ ᎤᎾᏠᎾᏍᏗ ᎦᎶᏁᏛ ᎠᎴ ᎤᎾᏠᎾᏍᏗ ᎠᎾᏙᎴᎰᏍᎩ, ᎠᎴ ᎠᏂᎾᏄᎪᏫᏍᎨᏍᏗ ᎦᎸᏉᏗᏳ ᎤᏰᎸᏛ ᎠᎴ ᎤᏍᏆᏂᎪᏗ; ᎾᏍᎩ ᎢᏳᏍᏗ ᎢᏳᏃ ᏰᎵ ᎢᎬᏩᎵᏍᏙᏗ ᏱᎩ ᏱᏓᏂᎶᏄᎲᎵ ᎾᏍᏉ ᎨᎦᏑᏰᏛ.
25. ᎬᏂᏳᏉ ᏂᏨᏃᏁᎸ.
26. ᎾᏍᎩ ᎢᏳᏍᏗ ᎢᏳᏃ ᎯᎠ ᏂᎨᏥᏪᏎᎸᎭ; ᎢᎾᎨ ᎡᏙᎭ; ᏞᏍᏗ ᎾᎿᎭᏫᏥᎶᏒᎩ; ᎬᏂᏳᏉ ᎤᏕᎵᏒ ᎧᏅᏑᎸ ᎠᏯᎠ; ᏞᏍᏗ ᏥᏦᎯᏳᏂ.
27. ᎠᎾᎦᎵᏍᎩᏰᏃ ᏗᎧᎸᎬ ᏨᏗᎦᎾᏄᎪᎪᎢ, ᏭᏕᎵᎬᏃ ᎢᏴᏛ ᏥᏫᏗᎦᎸᏌᏓᏗᏍᎪᎢ, ᎾᏍᎩᏯ ᎾᏍᏉ ᏄᏍᏕᏍᏗ ᏴᏫ ᎤᏪᏥ ᎦᎷᏥᎸᎭ.
28. ᎢᎸᎯᏢᏰᏃ ᎪᎱᏍᏗ ᎤᎵᏬᏨᎯ ᏥᎦᏃᎢ, ᎾᎿᎭᎠᏬᎭᎵ ᎠᎾᏓᏟᏏᏍᎪᎢ.
29. ᎢᎬᏪᏅᏓᏉ ᎣᏂ ᎾᏍᎩ ᎾᎯᏳ ᎠᎩᎵᏯ ᎦᎶᏐᏅᎭ, ᏅᏙ ᎢᎦ ᎡᎯ ᏛᎵᏏᎲᏏ, ᎠᎴ ᏅᏙ ᏒᏃᏱ ᎡᎯ ᎥᏝ ᎢᎦ ᏳᏘᏍᏕᏍᏗ, ᎠᎴ ᏃᏈᏏ ᏛᏂᏅᎪᎠᏏ, ᎠᎴ ᎤᏂᏣᏘ ᎦᎸᎶᎢ ᏣᏂᎧᎳ ᏛᎾᎵᏖᎸᏂ.
30. ᎿᎭᏉᏃ ᎦᎸᎶᎢ ᏓᎦᎾᏄᎪᏥ ᏴᏫ ᎤᏪᏥ ᎤᏤᎵ ᎤᏰᎸᏛᎢ, ᎠᎴ ᎿᎭᏉ ᏂᎦᏛ ᏓᏂᎳᏍᏓᎸ ᎡᎶᎯ ᏙᏛᏂᏴᎳᏏ, ᎠᎴ ᏛᏂᎪᎯ ᏴᏫ ᎤᏪᏥ ᏣᎢᏎᏍᏗ ᎤᎶᎩᎸ ᎦᎸᎶᎢ, ᎤᎵᏂᎩᏗᏳ ᎨᏒ ᎠᎴ ᎤᏣᏘ ᎦᎸᏉᏗᏳ ᎨᏒ ᎤᏄᏬᏍᏕᏍᏗ.
31. ᎿᎭᏉᏃ ᏙᏓᎦᏅᏏ ᏧᏅᏏᏓᏍᏗ, ᎠᎴ ᎠᏍᏓᏱᏳ ᏛᏂᏤᎷᎯᏏ, ᎠᎴ ᏙᏛᏂᏟᏌᏂ ᎨᎦᏑᏰᏛ ᏅᎩ ᏂᏙᏗᎦᎶᏍᎬ ᎤᏃᎴ, ᎦᎸᎶ ᎢᏴᏛ ᏫᏚᎵᏍᏘᏂᎸ.
32. Ꭷ, ᎢᏣᏕᎶᏆ ᏓᏟᎶᏍᏛ ᏒᎦᏔᎢᏳᏍᏗ ᏡᎬᎢ; ᎢᏳᏰᏃ ᏚᏩᏂᎦᎸ ᏗᏓᎨ ᏂᏕᎦᎵᏍᏓ, ᎠᎴ ᎩᎳᎢ ᏥᎦᎳᏍᏚᎲᏍᎪᎢ, ᎢᏥᎦᏔᎰ ᎪᎩ ᎾᎥᏂᏳ ᎨᏒᎢ.
33. ᎾᏍᎩᏯᏍᎩᏂ ᎾᏍᏉ ᏂᎯ, ᎢᏳᏃ ᎿᎭᏉ ᎯᎠ ᎾᏍᎩ ᏧᏓᎴᏅᏛ ᎢᏥᎪᎲᎭ, ᎢᏥᎦᏔᎮᏍᏗ ᎡᏍᎦᏂᏳ ᎨᏒᎢ, ᎦᎶᎯᏍᏗᏱᏉ ᎨᏒᎢ.
34. ᎤᏙᎯᏳᎯᏯ ᎯᎠ ᏂᏨᏪᏎᎭ; ᎯᎠ ᎪᎯ ᏣᏁᎭ ᎥᏝ ᏴᏛᏂᎶᏐᏂ, ᎬᏂ ᏂᎦᏛ ᎯᎠ ᏧᏓᎴᏅᏛ ᏂᎦᎵᏍᏔᏅᎭ.
35. ᎦᎸᎶ ᎠᎴ ᎡᎶᎯ ᏙᏓᎦᎶᏐᏂ, ᎠᏴᏍᎩᏂ ᎠᎩᏁᏨᎢ ᎥᏝ ᏴᏓᎦᎶᏐᏂ.
36. ᎠᏎᏃ ᎾᎯᏳ ᎢᎦ ᎨᏒ ᎠᎴ ᎢᏳᏟᎶᏛ ᎧᎳᏩᏗᏒ ᎥᏝ ᎩᎶ ᏯᎦᏔᎭ, Ꮭ ᎾᏍᏉ ᏗᏂᎧᎿᎭᏩᏗᏙᎯ ᎦᎸᎳᏗ ᎠᏁᎯ, ᎡᏙᏓᏍᎩᏂ ᎤᏩᏒᎯᏳ.
37. ᎾᏍᎩᏰᏃ ᏥᏄᏍᏕ ᎾᎯᏳ ᏃᏯ ᏤᎮᎢ, ᎾᏍᎩᏯ ᏄᏍᏕᏍᏗ ᏴᏫ ᎤᏪᏥ ᎦᎷᏨᎭ.
38. ᎾᎯᏳᎡᏃ ᎠᏏ ᏂᎦᏃᎱᎩᏍᎬᎾ ᏥᎨᏎᎢ, ᏓᎾᎵᏍᏓᏴᎲᏍᎨᎢ, ᎠᎴ ᏓᎾᏗᏔᏍᎨᎢ, ᎠᎴ ᏓᎾᏕᏒᎲᏍᎨᎢ ᎠᎴ ᏕᎨᏥᏰᎨᎢ, ᎬᏂ ᎾᎯᏳ ᎢᎦ ᏃᏯ ᎤᏣᏅ ᏥᏳᎯ,
39. ᎠᎴ ᎾᏁᎵᏍᎬᎾ ᏥᎨᏎᎢ, ᎬᏂ ᎤᏃᎱᎦᏂᎸ, ᎠᎴ ᏂᎦᏛ ᏚᏂᎬᏨ, ᎾᏍᎩᏯᏉᏍᎩᏂ ᎾᏍᏉ ᏄᏍᏕᏍᏗ ᏴᏫ ᎤᏪᏥ ᎦᎷᏨᎭ.
40. ᎿᎭᏉᏃ ᎠᏂᏔᎵ ᏠᎨᏏ ᎠᏁᏙᎮᏍᏗ, ᎠᏏᏴᏫ ᎠᏥᏯᏅᏗ ᎨᏎᏍᏗ ᏐᎢᏃ ᎠᏥᎧᎯᏯᏍᏗ ᎨᏎᏍᏗ;
41. ᎠᏂᏔᎵ ᎠᏂᎨᏴ ᎠᏂᏍᏙᏍᎨᏍᏗ ᎠᏍᏙᏍᎩᏱ, ᎠᏏᏴᏫ ᎠᏥᏯᏅᏗ ᎨᏎᏍᏗ ᏐᎢᏃ ᎠᏥᎧᎯᏯᏍᏗ ᎨᏎᏍᏗ.
42. ᎾᏍᎩ ᎢᏳᏍᏗ ᎢᏥᏯᏫᏍᎨᏍᏗ, ᎥᏝᏰᏃ ᏱᏥᎦᏔᎭ ᎢᏳᏉ ᎤᎷᎯᏍᏗᏱ ᎢᏣᏤᎵ ᎤᎬᏫᏳᎯ.
43. ᎯᎠᏃ ᎢᏣᏅᏖᏍᏗ, ᎢᏳᏃ ᎠᏍᎦᏯ ᎦᏁᎳ ᏱᎠᎦᏔᎮ ᎢᏳᏉ ᎦᏃᏍᎩᏍᎩ ᎤᎷᎯᏍᏗᏱ, ᏳᏯᏫᏎᎢ, ᎠᎴ ᎥᏝ ᎤᏁᎳᎩ ᏩᎩᏴᏏ ᎦᎵᏦᏕ ᏱᎬᏪᎵᏎᎢ.
44. ᎾᏍᎩ ᎢᏳᏍᏗ ᏂᎯ ᎾᏍᏉ ᎢᏣᏛᏅᎢᏍᏕᏍᏗ, ᏂᏤᎵᏍᎬᎾᏉᏰᏃ ᎨᏒ ᎢᏳ ᏴᏫ ᎤᏪᏥ ᏓᎦᎷᏥ.
45. ᎦᎪᎨᏃ ᎠᎦᎵᏯ ᎠᎴ ᎠᏏᎾᏌᏂ ᎠᏥᏅᏏᏓᏍᏗ, ᎾᏍᎩ ᎤᏅᏏᏙᎯ ᏄᎬᏫᏳᏒ ᎢᏳᏩᏁᎸᎯ ᎦᏁᎸ ᏚᏓᏘᎿᎭᎥᎢ, ᎾᏍᎩ ᎤᎾᎵᏍᏓᏴᏗ ᏧᏁᏗᏱ ᎤᎾᎵᏍᏓᏴᏗᏱ ᏂᎦᎵᏍᏔᏂᏒᎢ?
46. ᎣᏏᏳ ᎢᏳᎵᏍᏓᏁᏗ ᎾᏍᎩ Ꮎ ᎠᏥᏅᏏᏓᏍᏗ ᎤᏅᏏᏙᎯ ᎦᎷᏨᎭ ᎤᏩᏛᎲᎭ ᎾᏍᎩ ᎾᏛᏁᎲᎢ.
47. ᎤᏙᎯᏳᎯᏯ ᎯᎠ ᏂᏨᏪᏎᎭ; ᏂᎦᏛ ᎤᎿᎭᎥᎢ ᏛᎦᏘᏗᏍᏔᏂ.
48. ᎢᏳᏍᎩᏂᏃ ᎾᏍᎩ Ꮎ ᎤᏁᎫᏥᏛ ᎠᏥᏅᏏᏓᏍᏗ ᎯᎠ ᏂᎦᏪᏍᎨᏍᏗ ᏧᏓᏅᏛᎢ; ᎠᎩᏅᏏᏙᎯ ᎪᎯᏗᎭ ᎤᎷᎯᏍᏗᏱ;
49. ᎠᎴ ᎠᎴᏂᏍᎨᏍᏗ ᏙᎦᎸᏂᎮᏍᏗ ᎢᏧᎳᎭ ᎨᏥᏅᏏᏓᏍᏗ, ᎠᎴ ᎢᏧᎳᎭ ᎠᎾᎵᏍᏓᏴᎲᏍᎨᏍᏗ ᎠᎴ ᏓᎾᏗᏔᏍᎨᏍᏗ ᏧᏂᏴᏍᏕᏍᎩ,
50. ᎾᏍᎩ ᎠᏥᏅᏏᏓᏍᏗ ᎤᏅᏏᏙᎯ ᏓᎦᎷᏥ ᎾᎯᏳ ᎢᎦ ᎾᏓᎦᏖᏃᎲᎾ ᎨᏒᎢ, ᎠᎴ ᎢᏳ ᏁᎵᏍᎬᎾ ᎨᏒᎢ,
51. ᎠᎴ ᏙᏓᏳᎦᎵᏏ, ᎠᎴ ᎤᎾᏠᎾᏍᏗ ᏩᏁᎲ ᏮᏓᏳᏎᎮᎵ; ᎾᎿᎭᏓᏂᏴᎨᏍᏗ ᎠᎴ ᏓᏂᎸᏓᎩᏍᎨᏍᏗ ᏓᏂᏄᏙᎬᎢ.

== Matthew 25 ==
1. ᎿᎭᏉᏃ ᎦᎸᎳᏗ ᎡᎯ ᎤᎬᏫᏳᎯ ᎨᏒ ᎾᏍᎩᏯ ᎨᏎᏍᏗ ᎠᏍᎪᎯ ᎢᏯᏂᏛ ᎠᎾᏛ, ᎾᏍᎩ ᏥᏚᏂᏅᏎ ᏗᏨᏍᏙᏗ ᎠᎴ ᏥᏚᎾᏠᏒᏎ ᎠᏕᏒᎲᏍᎩ.
2. ᎯᏍᎩᏃ ᎢᏯᏂᏛ ᎠᏂᎦᏔᎿᎭᎢ ᎨᏎᎢ, ᎯᏍᎩᏃ ᎤᏂᏁᎫ.
3. ᎤᏂᏁᎫ ᏚᏂᏅᏎ ᏗᏨᏍᏙᏗ ᎠᏎᏃ ᎪᎢ ᏄᏂᏁᏨᏒᎾ ᎨᏎᎢ,
4. ᎠᏂᎦᏔᎿᎭᎢᏍᎩᏂ ᏚᏂᏅᏎ ᏧᏂᏨᏍᏙᏗ, ᎠᎴ ᎾᏍᏉ ᎪᎢ ᎤᏂᏁᏨᏎ ᏚᏂᏟᏍᏔᏁ ᏗᏖᎵᏙ.
5. ᎠᏏᏃ ᎤᎪᏂᏲᎨ ᎠᏕᏒᎲᏍᎩ, ᏂᎦᏛ ᎠᏂᎵᏅᎨᎢ, ᎠᎴ ᎤᏂᎵᏅᏤᎢ.
6. ᏒᏃᏱᏃ ᎠᏰᎵ ᎩᎶ ᎠᏍᏓᏯ ᎤᏁᏤᎢ, ᎯᎠ ᏄᏪᏎᎢ; ᎬᏂᏳᏉ ᎠᏕᏒᎲᏍᎩ ᏓᏯᎢ! ᏫᏕᏣᏠᎢ!
7. ᎿᎭᏉᏃ ᏂᎦᏛ ᎠᎾᏛ ᎤᎾᏗᏓᏁᏎᎢ, ᎠᎴ ᏚᏂᏥᏃᏍᎦᎸᎮ ᏚᏂᏨᏍᏛᎢ.
8. ᎤᏂᏁᎫᏃ ᎯᎠ ᏂᏚᏂᏪᏎᎴ ᎠᏂᎦᏔᎿᎭᎢ; ᎢᎦᏛ ᎪᎢ ᎢᏣᏤᎵ ᏍᎩᏁᎥᏏ, ᏙᎬᏠᎯᏎᎭᏰᏃ ᏙᎩᏨᏍᏛᎢ.
9. ᎠᏎᏃ ᎠᏂᎦᏔᎿᎭᎢ ᎤᏂᏁᏨ ᎯᎠ ᏄᏂᏪᏎᎢ; ᏝᎨ ᏰᎵ ᏱᏙᎨᎩᏰᎵᎦ ᏂᎦᏛ, ᎢᏤᎾᏉᏍᎩᏂ ᏗᏂᏃᏗᏍᎬ, ᎢᏨᏒ ᏫᏥᏩᎯ.
10. ᎤᏂᏩᏎᏅᏃ ᎠᏕᏒᎲᏍᎩ ᎤᎷᏤᎢ, ᎤᎾᏛᏅᎢᏍᏗᏃ ᎾᏍᎩ ᎢᏧᎳᎭ ᏣᎦᏨᏍᏙᏗᏱ ᏭᏂᏴᎴᎢ, ᎠᎴ ᎤᏂᏍᏚᏁ ᎦᎶᎯᏍᏗᏱ.
11. ᎣᏂᏃ ᎾᏍᏉ ᎠᏂᏐᎢ ᎠᎾᏛ ᎤᏂᎷᏤᎢ, ᎯᎠ ᏄᏂᏪᏎᎢ; ᏣᎬᏫᏳᎯ, ᏣᎬᏫᏳᎯ, ᎡᏍᎩᏍᏚᎩ.
12. ᎠᏎᏃ ᏧᏁᏨ ᎯᎠ ᏄᏪᏎᎢ; ᎤᏙᎯᏳᎯᏯ ᎢᏨᏲᏎᎭ, ᎥᏝ ᏱᏨᎦᏔᎭ.
13. ᎾᏍᎩ ᎢᏳᏍᏗ ᎢᏥᏯᏫᏍᎨᏍᏗ, ᎥᏝᏰᏃ ᏱᏥᎦᏔᎭ ᎾᎯᏳ ᎢᎦ ᎨᏒ ᎠᎴ ᎢᏳᏟᎶᏛ ᎧᎳᏩᏗᏒ ᎤᎷᎯᏍᏗᏱ ᏴᏫ ᎤᏪᏥ.
14. ᎾᏍᎩᏯᏉᏰᏃ ᎩᎶ ᎠᏍᎦᏯ ᎢᏅᏥᏮᏗᎦᎶᏏᏎᎢ, ᎠᎴ ᏥᏫᏚᏯᏅᎮ ᏧᏅᏏᏓᏍᏗ, ᎠᎴ ᏥᏚᏲᎯᏎᎴ ᎤᎿᎭᎥᎢ.
15. ᎠᏏᏴᏫᏃ ᎯᏍᎩ ᎢᏯᎦᏴᎵ ᎠᏕᎸ ᏚᏁᎴᎢ, ᏐᎢᏃ ᏔᎵ ᎢᏯᎦᏴᎵ, ᏐᎢᏃ ᏌᏉ ᎢᏯᎦᏴᎵ, ᎠᏂᏏᏴᏫᎭ ᎾᏍᎩ ᏰᎵ ᎢᎬᏩᎾᏛᏁᏗ ᎨᏒᎢ. ᎿᎭᏉᏃ ᎤᏂᎩᏎᎢ.
16. ᎿᎭᏉᏃ ᎯᏍᎩ ᎢᏯᎦᏴᎵ ᏣᏥᏁᎸᎯ ᎤᏪᏅᏎ ᏭᏃᏔᏁᎢ, ᎯᏍᎩᏃ ᎢᏯᎦᏴᎵ ᎤᏁᏉᏤᎴᎢ.
17. ᎾᏍᏉ ᎠᎴ Ꮎ ᏔᎵ ᎢᏯᎦᏴᎵ ᏣᏥᏁᎸᎯ ᎾᏍᏉ ᏔᎵ ᎢᏯᎦᏴᎵ ᎤᏁᏉᏤᎴᎢ.
18. ᏌᏉᏍᎩᏂ ᎢᏯᎦᏴᎵ ᏣᏥᏁᎸᎯ ᎤᏪᏅᏎᎢ, ᏭᏍᎪᎭ ᎦᏙᎯ, ᎠᎴ ᏫᏚᏩᏍᎦᎳᏁ ᎤᎾᏝᎢ ᏧᏤᎵ ᎠᏕᎸ.
19. ᎢᎸᎯᏳᏃ ᎢᏴᏛ ᎤᎷᏤ ᎾᏍᎩ ᎨᏥᏅᏏᏓᏍᏗ ᎤᏂᎾᏝᎢ, ᎣᏍᏛᏃ ᏄᏅᏁᎴᎢ.
20. ᎯᏍᎩᏃ ᎢᏯᎦᏴᎵ ᏣᏥᏁᎸᎯ ᎤᎷᏤᎢ, ᎠᎴ ᏚᏲᎴ ᏅᏩᎾᏓᎴ ᎯᏍᎩ ᎢᏯᎦᏴᎵ ᎠᏕᎸ, ᎯᎠ ᏄᏪᏎᎢ; ᏍᎩᎾᏝᎢ, ᎯᏍᎩ ᎢᏯᎦᏴᎵ ᎠᏕᎸ ᏕᏍᎩᏲᎯᏎᎸᎩ; ᎬᏂᏳᏉ ᏅᏩᎾᏓᎴ ᎯᏍᎩ ᎢᏯᏕᏴᎵ ᎬᎩᏁᏉᏤᎸ.
21. ᎤᎾᏝᎢᏃ ᎯᎠ ᏄᏪᏎᎴᎢ; ᎣᏏᏳ! ᎰᏍᏛ ᎠᎴ ᎯᎦᎵᏯ ᎡᏣᏅᏏᏓᏍᏗ! ᏚᏳᎪᏛ ᏂᏣᏛᏁᎸ ᎤᏍᏗ ᏧᏓᎴᏅᏛ ᏕᏣᎸᏫᏍᏓᏁᎸᎢ; ᎤᏣᏘ ᏧᏓᎴᏅᏛ ᏣᎬᏫᏳᏌᏕᎩ ᏅᏓᎬᏴᏁᎵ; ᎯᏴᎭ ᎣᏍᏛ ᎠᏓᏅᏓᏗᏍᏗᏱ ᏣᎾᏝᎢ ᎤᏤᎵᎪᎯ.
22. ᎾᏍᏉᏃ ᏔᎵ ᎢᏯᎦᏴᎵ ᏣᏥᏁᎸᎯ ᎤᎷᏨ ᎯᎠ ᏄᏪᏎᎢ; ᏍᎩᎾᏝᎢ, ᏔᎵ ᎢᏯᎦᏴᎵ ᎠᏕᎸ ᏕᏍᎩᏲᎯᏎᎸᎩ; ᎬᏂᏳᏉ ᏅᏩᎾᏓᎴ ᏔᎵ ᎢᏯᎦᏴᎵ ᎬᎩᏁᏉᏤᎸ.
23. ᎤᎾᏝᎢ ᎯᎠ ᏄᏪᏎᎴᎢ; ᎣᏏᏳ! ᎰᏍᏛ ᎠᎴ ᎯᎦᎵᏯ ᎡᏣᏅᏏᏓᏍᏗ! ᏚᏳᎪᏛ ᏂᏣᏛᏁᎸ ᎤᏍᏗ ᏧᏓᎴᏅᏛ ᏕᏣᎸᏫᏍᏓᏁᎸᎢ; ᎤᏣᏘ ᏧᏓᎴᏅᏛ ᏣᎬᏫᏳᏌᏕᎩ ᏅᏓᎬᏴᏁᎵ; ᎯᏴᎭ ᎣᏍᏛ ᎠᏓᏅᏓᏗᏍᏗᏱ ᏣᎾᏝᎢ ᎤᏤᎵᎪᎯ.
24. ᎿᎭᏉᏃ ᏌᏉ ᎢᏯᎦᏴᎵ ᏣᏥᏁᎸᎯ ᎤᎷᏨ ᎯᎠ ᏄᏪᏎᎢ; ᏍᎩᎾᏝᎢ, ᎬᎦᏔᎲᎩ, ᎯᏍᏓᏱᏳ ᎨᏒᎢ, ᎠᎴ ᎯᏍᎫᏕᏍᎬᎢ ᎾᎿᎭᏂᏣᏫᏒᎾ ᎨᏒᎢ, ᎠᎴ ᎱᏖᏍᎬᎢ ᎾᎿᎭᏂᏣᎴᎳᏛᏅᎾ ᎨᏒᎢ.
25. ᎠᎴ ᏥᏍᎦᎢᎲᎢ ᎠᏇᏅᏒᎩ, ᏫᏓᎬᏍᎦᎳᏅᎩ ᎦᏙᎯ ᎠᏕᎸ ᏗᏣᏤᎵᎦ; ᎬᏂᏳᏉ ᎠᏂ ᎾᏍᎩ ᏗᏣᏤᎵᎦ.
26. ᎤᎾᏝᎢᏃ ᎤᏁᏨ ᎯᎠ ᏄᏪᏎᎴᎢ; ᏣᏁᎫᏥᏛ ᎠᎴ ᏣᏓᏄᎸᏗ ᎡᏣᏅᏏᏓᏍᏗ! ᎯᎦᏔᎲᎩ ᏥᏍᎫᏕᏍᎬ ᎾᎿᎭᎾᎩᏫᏒᎾ ᎨᏒᎢ, ᎠᎴ ᎫᏖᏍᎬ ᎾᎿᎭᎾᎩᎴᎳᏛᏅᎾ ᎨᏒᎢ!
27. ᎠᏕᎸ ᏗᏂᏍᏆᏂᎪᏗᏍᎩᏱ ᏱᏫᏙᏣᏁ ᎠᏕᎸ ᏗᏆᏤᎵᎦ, ᎾᏍᎩᏃ ᎪᎯ ᏥᏥᎷᎩ ᏱᏓᎩᎪᎮ ᏗᏆᏤᎵ ᎠᎴ ᎤᏂᏁᏉᏨᎯ.
28. ᎾᏍᎩ ᎢᏳᏍᏗ ᏥᏙᎡᏥᎩᏏᏉ ᏌᏉ ᎢᏯᎦᏴᎵ ᎠᏕᎸ, ᎠᏍᎪᎯᏃ ᎢᏯᎦᏴᎵ ᏧᎯ ᏤᏥᎥᏏ.
29. ᎩᎶᏰᏃ ᎤᎮᏍᏗ ᎠᏥᏁᏗ ᎨᏎᏍᏗ, ᎤᏣᏘᏃ ᎤᏍᏆᏂᎪᏕᏍᏗ; ᎩᎶᏍᎩᏂ ᏄᎲᎾ ᎨᏎᏍᏗ ᎠᏥᎩᎡᏗᏉ ᎨᏎᏍᏗ ᎾᏍᎩ ᎾᏍᏉ ᎤᎲᎢ.
30. ᎯᎠᏃ ᎪᎱᏍᏗ ᎬᏙᏗ ᏂᎨᏒᎾ ᎦᏅᏏᏓᏍᏗ ᏙᏱᏗᏢ ᏧᎵᏏᎬ ᏪᏣᏓᎤᎦ; ᎾᎿᎭᏓᏂᏴᎨᏍᏗ ᎠᎴ ᏓᏂᎸᏓᎩᏍᎨᏍᏗ ᏓᏂᏄᏙᎬᎢ.
31. ᎢᏳᏃ ᎿᎭᏉ ᏴᏫ ᎤᏪᏥ ᎦᎷᏨᎭ ᎤᏩᏒ ᎤᏤᎵᎦ ᎦᎸᏉᏗᏳ ᎨᏒ ᎤᏄᏬᏍᏕᏍᏗ, ᎠᎴ ᏂᎦᏛ ᎨᏥᎸᏉᏗ ᏗᏂᎧᎿᎭᏩᏗᏙᎯ ᏓᏘᏁᎮᏍᏗ, ᎿᎭᏉ ᏓᎦᏂ ᎦᎸᏉᏗᏳ ᎤᏪᏍᎩᎸᎢ;
32. ᎢᎬᏱᏗᏢᏃ ᏙᏓᎨᏥᎳᏫᏗ ᏂᎦᏗᏳ ᏄᎾᏓᎴᏒ ᏴᏫ, ᎠᎴ ᏙᏛᎦᎴᏅᏔᏂ ᎾᏍᎩᏯ ᎠᏫ-ᏗᎦᏘᏯ ᏥᏓᎦᎴᏅᏗᏍᎪ ᏧᏤᎵ ᎠᏫ ᎤᏂᏃᏕᎾ ᎠᎴ ᎠᏫ ᏗᏂᎭᏄᎸᎯ.
33. ᎠᏫᏃ ᎤᏂᏃᏕᎾ ᎠᎦᏘᏏ ᎢᏗᏢ ᏙᏓᎦᎪᏔᏂ, ᎠᏫᏃ ᏗᏂᎭᏄᎸᎯ ᎠᎦᏍᎦᏂ ᎢᏗᏢ;
34. ᎿᎭᏉᏃ ᎤᎬᏫᏳᎯ ᎯᎠ ᏂᏙᏓᎦᏪᏎᎵ ᎠᎦᏘᏏ ᎢᏗᏢ ᎠᏂᏙᎾᎢ; ᎡᏤᎾ, ᎡᏙᏓ ᎢᏥᎸᏉᏔᏅᎯ, ᎢᏣᏤᎵ ᏫᏂᎦᎵᏍᏓ ᎤᏤᎵᎪᎯ ᎡᏣᎵᏍᎪᎸᏓᏁᎸᎯ ᎡᎶᎯ ᏧᏙᏢᏅ ᏅᏓᎬᏩᏓᎴᏅᏛ.
35. ᎠᎪᏄᏰᏃ ᎠᎩᏲᏏᏍᎬᎩ, ᎥᏍᎩᏰᎳᏍᏔᏅᏃ; ᎠᎩᏔᏕᎩᏍᎬᎩ, ᎥᏍᎩᎤᏅᏃ; ᏅᎩᎦᏔᎲᎾ ᎨᏒᎩ, ᎥᏍᎩᏴᏔᏅᎩ;
36. ᎠᎩᏰᎸᎭ ᎨᏒᎩ, ᏙᏍᎩᏄᏬᎥᎩᏃ; ᎠᎩᏢᎬᎩ, ᎥᏍᎩᏯᎦᏔᏂᎸᎩᏃ; ᏗᏓᏍᏚᏗᏱ ᎥᎩᏍᏚᎲᎩ, ᎥᏍᎩᏩᏛᎯᎸᎩᏃ.
37. ᎿᎭᏉᏃ ᎤᎾᏓᏅᏘ ᏛᏂᏁᏥ ᎯᎠ ᏅᏓᎬᏩᏪᏎᎵ; ᏣᎬᏫᏳᎯ, ᎢᎳᎩᏳ ᎢᏨᎪᏒ ᏣᏲᏏᏍᎨᎢ, ᎢᏨᏰᎳᏍᏔᏁᏃ; ᎠᎴ ᏣᏔᏕᎩᏍᎨᎢ, ᎢᏨᎤᏁᏃ;
38. ᎢᎳᎩᏳ ᎢᏨᎪᎡ ᏁᏣᎦᏔᎲᎾ, ᎢᏨᏴᏔᏁᏃ; ᎠᎴ ᏣᏰᎸᎭ ᎨᏎᎢ, ᎢᏨᏄᏬᎡᏃ;
39. ᎠᎴ ᎢᎳᎩᏳ ᎢᏨᎪᎡ ᏣᏢᎨᎢ, ᎠᎴ ᏗᏓᏍᏚᏗᏱ ᎡᏣᏍᏚᎮᎢ, ᎢᏨᏯᎦᏔᏂᎴᏃ?
40. ᎤᎬᏫᏳᎯᏃ ᏓᎧᏁᏥ ᎯᎠ ᏂᏙᏓᎦᏪᏎᎵ; ᎤᏙᎯᏳᎯᏯ ᎯᎠ ᏂᏨᏪᏎᎭ, ᎾᏍᎩᏰᏃ ᏥᏁᏣᏛᏁᎸ ᎤᏍᏗᎧᏂ ᎯᎠ ᎾᏍᎩ ᎣᏣᎵᏅᏟ, ᎠᏴ ᏂᏍᎩᏯᏛᏁᎸᎩ.
41. ᎯᎠᏃ ᎾᏍᏉ ᏂᏙᏓᎦᏪᏎᎵ ᎠᎦᏍᎦᏂ ᎢᏗᏢ ᎠᏂᏙᎾᎢ; ᏍᎩᏯᏓᏅᏏ, ᎡᏥᏍᎦᏨᎯ, ᏫᎾᏍᏛᎾ ᎠᏥᎸᏱ ᏗᎨᏒ ᏫᏥᎶᎯ, ᎾᏍᎩ ᎠᏍᎩᎾ ᎠᎴ ᏧᏤᎵ ᏗᏂᎧᎿᎭᏩᏗᏙᎯ ᎨᎪᏢᎾᏁᎸᎯ.
42. ᎠᎪᏄᏰᏃ ᎠᎩᏲᏏᏍᎬᎩ, ᎥᏝᏃ ᏱᏍᎩᏰᎳᏍᏔᏁᎢ; ᎠᎩᏔᏕᎩᏍᎬᎩ, ᎥᏝᏃ ᏱᏍᎩᎤᏁᎢ;
43. ᏅᎩᎦᏔᎲᎾ ᎨᏒᎩ, ᎥᏝᏃ ᏱᏍᎩᏴᏔᏁᎢ; ᎠᎩᏰᎸᎭ ᎨᏒᎩ, ᎥᏝᏃ ᏱᏗᏍᎩᏄᏬᎡᎢ; ᎠᎩᏢᎬᎩ, ᎠᎴ ᏗᏓᏍᏚᏗᏱ ᎥᎩᏍᏚᎲᎩ, ᎥᏝᏃ ᏱᏍᎩᏩᏛᎯᎴᎢ.
44. ᎾᏍᏉᏃ ᎾᏍᎩ ᏛᏂᏁᏥ, ᎯᎠ ᏅᏓᎬᏩᏪᏎᎵ, ᏣᎬᏫᏳᎯ, ᎢᎳᎩᏳ ᎢᏨᎪᎡ ᏣᏲᏏᏍᎨᎢ, ᎠᎴ ᏣᏔᏕᎩᏍᎨᎢ, ᎠᎴ ᏁᏣᎦᏔᎲᎾ ᎨᏎᎢ, ᎠᎴ ᏣᏰᎸᎭ ᎨᏎᎢ, ᎠᎴ ᏣᏢᎨᎢ, ᎠᎴ ᏗᏓᏍᏚᏗᏱ ᎡᏣᏍᏚᎮᎢ, ᏂᏨᏍᏕᎸᎲᎾᏃ ᎨᏎᎢ?
45. ᎿᎭᏉᏃ ᏓᎧᏁᏥ ᎯᎠ ᏂᏙᏓᎦᏪᏎᎵ; ᎤᏙᎯᏳᎯᏯ ᎯᎠ ᏂᏨᏪᏎᎭ, ᎾᏍᎩᏰᏃ ᏁᏣᏛᏁᎸᎾ ᎨᏒ ᎤᏍᏗᎧᏂ ᎯᎠ ᎾᏍᎩ, ᎠᏴ ᎥᏝ ᏱᏂᏍᎩᏯᏛᏁᎴᎢ.
46. ᎯᎠᏃ ᎾᏍᎩ ᏫᎾᏍᏛᎾ ᎠᎩᎵᏲᎢᏍᏗᏱ ᏗᎨᏒ ᏮᏛᏂᎶᏏ; ᎤᎾᏓᏅᏘᏍᎩᏂ ᏫᎾᏍᏛᎾ ᎬᏂᏛ ᏗᎨᏒᎢ.

== Matthew 26 ==
1. ᎯᎠᏃ ᏄᎵᏍᏔᏅᎩ, ᎾᏍᎩ ᏥᏌ ᎤᏍᏆᏛ ᏂᎦᏛ ᎯᎠ ᎾᏍᎩ ᏂᎦᏪᏍᎬᎢ, ᎯᎠ ᏂᏚᏪᏎᎸᎩ ᎬᏩᏍᏓᏩᏗᏙᎯ;
2. ᎢᏥᎦᏔᎭ ᏔᎵ ᎢᏳᏒᎯ ᎧᏃᎯᏰᎩ ᏗᎵᏍᏓᏴᏗᏱ ᎨᏒᎢ, ᎠᎴ ᏴᏫ ᎤᏪᏥ ᏣᎦᏡᏔᏂᏒ ᎠᎦᏛᏗᏱ.
3. ᎿᎭᏉᏃ ᏚᏂᎳᏫᏤ ᏄᏂᎬᏫᏳᏒ ᎠᏥᎸ-ᎠᏁᎶᎯ ᎠᎴ ᏗᏃᏪᎵᏍᎩ ᎠᎴ ᏗᏂᎳᏫᎩ ᎠᏁᎲ ᏴᏫ, ᎦᏁᎸ ᏄᎬᏫᏳᏒ ᎠᏥᎸ-ᎨᎶᎯ ᎧᏯᏆ ᏧᏙᎢᏛ;
4. ᎤᏂᏃᎮᎴᏃ ᎦᎶᏄᎮᏛ ᎤᏅᏙᏗᏱ ᎤᏂᏂᏴᏗᏱ ᏥᏌ, ᎠᎴ ᎤᏂᎯᏍᏗᏱ.
5. ᎠᏎᏃ ᎯᎠ ᏄᏂᏪᏎᎢ; ᏞᏍᏗ ᏗᎵᏍᏓᏴᏗᏱ ᎨᏒᎢ, ᎾᎯᏳᏰᏃ ᏱᎩ ᎤᏣᏘ ᏯᎾᎵᏖᎸᎲᎦ ᏴᏫ.
6. ᏥᏌᏃ ᏇᏗᏂᏱ ᎡᏙᎲᎢ, ᏌᏩᏂ ᎠᏓᏰᏍᎩ ᎤᏢᎩ ᎦᏁᎸᎢ,
7. ᎤᎷᏤᎸᎩ ᎠᎨᏴ ᎠᏰᎲᎩ ᎫᎫ ᏅᏯ ᎤᏁᎬ ᎪᏢᏔᏅᎯ ᎠᏟᏍᏛᎩ ᎤᏣᏘ ᏧᎬᏩᎶᏗ ᎠᏠᏁᏗ, ᎠᎴ ᎤᎶᏁᏔᏅᎩ ᎠᏍᎪᎵ ᎦᏅᎬ ᎠᎵᏍᏓᏴᎲᏍᎬᎢ.
8. ᎬᏩᏍᏓᏩᏗᏙᎯᏃ ᎬᏩᎪᎲ ᎤᏂᏔᎳᏬᏒᎩ, ᎯᎠ ᏄᏂᏪᏒᎩ; ᎦᏙᏃ ᎯᎠ ᏣᏤᏬᎩ?
9. ᎯᎠᏰᏃ ᎠᏠᏁᏗ ᏳᎾᏗᏅᏎ ᎤᏣᏘ ᏱᏚᎬᏩᎳᏁᎢ, ᎠᎴ ᎾᏍᎩ ᎤᏲ ᎢᏳᎾᏛᎿᎭᏕᎩ ᏗᏁᏗ ᏱᎨᏎᎢ.
10. ᏥᏌᏃ ᎤᏙᎴᎰᏒ, ᎯᎠ ᏂᏚᏪᏎᎸᎩ; ᎦᏙᏃ ᎢᎡᏣᏕᏯᏙᏗ ᎠᎨᏴ? ᎣᏏᏳᏰᏃ ᏚᎸᏫᏍᏓᏏ ᏥᎾᏋᎦ.
11. ᎤᏲᏰᏃ ᎢᏳᎾᏛᎿᎭᏕᎩ ᏂᎪᎯᎸ ᎨᏤᎳᏗᏙᎭ, ᎠᏴᏍᎩᏂ ᎥᏝ ᏂᎪᎯᎸ ᏱᏨᏰᎳᏗᏙᎭ.
12. ᎯᎠᏰᏃ ᎠᏠᏁᏗ ᏥᏰᎸᎢ ᏣᎩᎶᏁᏓ, ᎥᎩᏂᏐᏗᏱ ᎠᏆᏛᏅᎢᏍᏗᎭ.
13. ᎤᏙᎯᏳᎯᏯ ᎯᎠ ᏂᏨᏪᏎᎭ; ᎠᎾᎵᏥᏙᏂᏙᎸᎭ ᎯᎠ ᎣᏍᏛ ᎧᏃᎮᏛ ᎢᎸᎯᏢ ᎡᎳᏂᎬᎢ, ᎾᏍᏉ ᎯᎠ ᎠᎨᏴ ᏥᎾᏛᎦ ᎤᏂᏃᎮᏗ ᎨᏎᏍᏗ, ᎾᏍᎩ ᎠᎦᏅᏓᏗᏍᏙᏗ.
14. ᎿᎭᏉᏃ ᎠᏏᏴᏫ ᏔᎳᏚ ᎢᏯᏂᏛ ᎨᏒᎢ, ᏧᏓᏏ ᎢᏍᎦᎳᏗ ᏧᏙᎢᏛ, ᏄᏂᎬᏫᏳᏒ ᎠᏥᎸ-ᎠᏁᎶᎯ ᏫᏚᎷᏤᎴᎢ,
15. ᎯᎠ ᏫᏂᏚᏪᏎᎴᎢ; ᎦᏙ ᏓᏍᎩᏁᎵ ᎠᏴᏃ ᏙᏓᏨᏲᎯᏎᎵ? ᏦᎠᏍᎪᎯᏃ ᎠᏰᎵ-ᎠᏕᎸ ᏕᎬᏩᏌᏍᏓᏁᎴᎢ.
16. ᎾᎯᏳᏉᏃ ᎤᎴᏅᎲᎩ ᎤᏲᎸ ᎢᏳᏛᏁᏗᏱ ᎤᎶᏄᎮᏗᏱ.
17. ᎢᎬᏱᏱᏉᏃ ᎢᎦ ᎾᎪᏔᏅᎾ ᎦᏚ ᎠᎩᏍᏗᏱ ᎨᏒ ᎬᏩᏍᏓᏩᏗᏙᎯ ᎬᏩᎷᏤᎸ ᏥᏌ, ᎯᎠ ᏂᎬᏩᏪᏎᎸᎩ, ᎭᏢ ᏣᏚᎵᎭ ᎣᎦᏛᏅᎢᏍᏙᏗᏱ ᏣᎵᏍᏓᏴᏗᏱ ᎧᏃᎯᏰᎩ.
18. ᎯᎠᏃ ᏄᏪᏒᎩ; ᎢᏤᎾ ᏗᎦᏚᎲᎢ, ᎾᎿᎭᏤᎲ ᎠᏍᎦᏯ, ᎯᎠᏃ ᎾᏥᏪᏎᎸᎭ; ᏗᏕᏲᎲᏍᎩ ᎯᎠ ᏂᎦᏪᎭ; ᎿᎭᏉ ᎠᎩᏍᏆᎸᎡᎵᏗ, ᎬᎩᏍᏓᏩᏗᏙᎯ ᎯᏁᎸ ᏓᏲᏥᏍᏆᏂᎪᏔᏂ ᎧᏃᎯᏰᎩ ᏗᎵᏍᏓᏴᏗᏱ ᎨᏒᎢ.
19. ᎬᏩᏍᏓᏩᏗᏙᎯᏃ ᏄᏍᏛ ᏥᏌ ᏚᏁᏤᎸ ᎾᏍᎩ ᏄᎾᏛᏁᎸᎩ, ᎠᎴ ᎣᏍᏛ ᏄᏅᏁᎸᎩ ᎧᏃᎯᏰᎩ ᏗᎵᏍᏓᏴᏗᏱ.
20. ᎤᏒᏃ ᏄᎵᏍᏔᏅ ᎤᎾᏂᏢᏅᎩ [ᏥᏌ] ᏔᎳᏚ ᎢᏯᏂᏛ ᎬᏩᏍᏓᏩᏗᏙᎯ
21. ᎠᎾᎵᏍᏓᏴᎲᏍᎬᏃ ᎯᎠ ᏄᏪᏒᎩ; ᎤᏙᎯᏳᎯᏯ ᎯᎠ ᏂᏨᏪᏎᎭ; ᎯᎠ ᏥᏂᏣᏛᏅ ᏌᏉ ᎤᏓᏑᏯ ᏛᏆᏡᏔᏂ.
22. ᎤᏣᏘᏃ ᎤᏲᎢᏳ ᎤᏂᏰᎸᏅᎩ, ᎠᎴ ᎤᎾᎴᏅᎲᎩ ᎠᏂᏏᏴᏫᎭ ᎯᎠ ᏂᎬᏩᏪᏎᎸᎩ; ᏣᎬᏫᏳᎯ, ᏥᎪ ᎠᏴ?
23. ᎤᏁᏨᏃ ᎯᎠ ᏄᏪᏒᎩ; ᎢᏧᎳᎭ ᏦᏍᏓᏑᏫᏍᎦ ᎠᏖᎵᏙᎩᎯ ᎾᏍᎩ ᏛᏆᏡᏔᏂ.
24. ᏴᏫ ᎤᏪᏥ ᎠᎢ ᏄᏍᏛ ᎪᏪᎵ ᎠᏥᏃᎮᏍᎬᎢ; ᎠᏎᏃ ᎤᏲᎢᏳ ᎢᏳᎵᏍᏓᏁᏗ ᎾᏍᎩ ᎠᏍᎦᏯ ᎠᏫ ᎤᏪᏥ ᎠᏡᏗᏍᎩ. ᎣᏏᏳ ᏱᎨᏎ ᎾᏍᎩ ᎠᏍᎦᏯ ᏄᏕᏅᎾᏉ ᏱᎨᏎᎢ.
25. ᏧᏓᏏᏃ ᎠᏓᏡᏗᏍᎩ ᎤᏁᏨ ᎯᎠ ᏄᏪᏒᎩ; ᏔᏕᏲᎲᏍᎩ, ᏥᎪ ᎠᏴ? ᎯᎠ ᏄᏪᏎᎸᎩ; ᏰᎵ ᏂᏫ.
26. ᎠᎾᎵᏍᏓᏴᎲᏍᎬᏃ ᏥᏌ ᎦᏚ ᎤᎩᏒᎩ, ᎠᎴ ᎤᎵᎮᎵᏨᎩ, ᎠᎴ ᎤᎬᎭᎷᏴᎩ, ᎠᎴ ᏚᏁᎸ ᎬᏩᏍᏓᏩᏗᏙᎯ, ᎯᎠᏃ ᏄᏪᏒᎩ; ᎢᏥᎩ, ᎢᏥᎦ, ᎯᎠ ᎾᏍᎩ ᎠᏴ ᏥᏰᎸᎢ.
27. ᎤᎵᏍᏈᏗᏃ ᎤᎩᏒ ᎠᎴ ᎤᎵᎮᎵᏨ ᏚᏁᏁᎸᎩ, ᎯᎠ ᏄᏪᏒᎩ; ᏂᏥᎥ ᎢᏣᏗᏔ;
28. ᎾᏍᎩᏰᏃ ᎯᎠ ᎠᎩᎩᎬ ᎢᏤ ᎧᏃᎮᏛ ᏓᏠᎯᏍᏛᎢ, ᎾᏍᎩ ᎤᏂᏣᏘ ᏥᎨᎦᏤᏪᎸ, ᎦᎨᏥᏁᏗᏱ ᎤᏂᏍᎦᏅᏨᎢ.
29. ᎠᏎᏃ ᎯᎠ ᏂᏨᏪᏎᎭ; ᎥᏝ ᎢᎸᎯᏳ ᎪᎩ ᎢᏳᏓᎴᏅᏛ ᏴᎦᎦᏗᏔ ᎯᎠ ᏖᎸᎳᏗ ᎤᎾᏄᎪᏫᏒᎯ, ᎬᏂ ᎾᎯᏳ ᎢᎦ ᎢᏧᎳᎭ ᎢᏤ ᎢᏓᏗᏔᎲᎭ ᎡᏙᏓ ᎤᏤᎵᎪᎯ.
30. ᏚᏂᏃᎩᏒᏃ ᏗᎧᏃᎩᏍᏗ ᎤᏂᏄᎪᏨᎩ, ᎣᎵᏩᏲᎢ ᎤᏌᎯᎸ ᏭᏂᎶᏒᎩ.
31. ᎿᎭᏉᏃ ᏥᏌ ᎯᎠ ᏂᏚᏪᏎᎸᎩ; ᏂᎯ ᏂᏥᎥ ᏙᏓᏦᏕᎵ ᎪᎯ ᏒᏃᏱ ᏥᎩ, ᎠᏴ ᏅᏗᎦᎵᏍᏙᏗᏍᎨᏍᏗ. ᎯᎠᏰᏃ ᏂᎬᏅ ᎢᎪᏪᎳ, ᏓᏥᏴᏂᎵ ᎠᏫ-ᏗᎦᏘᏯ, ᎠᏫᏃ ᎤᎾᏓᏡᎬ ᏛᎾᏗᎦᎴᏲᏥ.
32. ᎠᏎᏃ ᏗᏆᎴᏅᎯ ᎨᏎᏍᏗ ᎢᎬᏱ ᏅᏓᏨᏰᏅᎡᎵ ᎨᎵᎵ.
33. ᏈᏓ ᎤᏁᏨ ᎯᎠ ᏄᏪᏎᎸᎩ; ᎾᏍᏉ ᏂᎦᏛ ᏱᏚᏃᏕᎸ ᏂᎯ ᏱᏅᏗᎦᎵᏍᏙᏗᎭ, ᎠᏎ ᎠᏴ ᎥᏝ ᏱᏙᎬᏉᏕᎦ.
34. ᏥᏌᏃ ᎯᎠ ᏄᏪᏎᎸᎩ; ᎤᏙᎯᏳᎯᏯ ᎯᎠ ᏂᎬᏪᏎᎭ; ᎪᎯᏉ ᏒᏃᏱ ᏥᎩ ᎠᏏ ᏣᏔᎦ ᎾᏂᏴᎬᎾ ᎨᏎᏍᏗ ᏦᎢ ᏅᏓᏍᏆᏓᏱᎵ.
35. ᏈᏓᏃ ᎯᎠ ᏄᏪᏎᎸᎩ; ᎾᏍᏉ ᎢᏧᎳᎭ ᏗᏱᏂᏲᎱᎯᏍᏗ ᏱᎩ, ᎠᏎ ᎥᏝ ᏴᎦᎬᏯᏓᏱᎦ. ᎾᏍᎩᏯ ᎾᏍᏉ ᏂᎦᏛ ᎬᏩᏍᏓᏩᏗᏙᎯ ᎾᏍᎩ ᏄᏂᏪᏒᎩ.
36. ᎿᎭᏉᏃ ᏥᏌ ᎠᎴ ᎬᏩᏍᏓᏩᏗᏙᎯ ᎤᏂᎷᏨᎩ ᎨᏏᎻᏂ ᏚᏙᎥᎢ, ᎯᎠᏃ ᏂᏚᏪᏎᎸ ᎬᏩᏍᏓᏩᏗᏙᎯ; ᎠᏂ ᎢᏥᏁᏍᏗ ᎬᏂ ᎢᏢ ᏫᎦᏓᏙᎵᏍᏔᏅᎭ.
37. ᏚᏘᏅᏒᎩᏃ ᏈᏓ ᎠᎴ ᎠᏂᏔᎵ ᏤᏈᏗ ᏧᏪᏥ, ᎠᎴ ᎤᎴᏅᎮ ᎡᎯᏍᏗ ᎤᏓᏅᏓᏕᎢ, ᎠᎴ ᎤᏣᏘ ᎦᎨᏗᏳ ᏄᎵᏍᏓᏁᎴ ᎤᏓᏅᏛᎢ.
38. ᎿᎭᏉᏃ ᎯᎠ ᏂᏚᏪᏎᎴᎢ; ᎠᏆᏓᏅᏛ ᎤᎧᎵᏨᎯ ᎤᏣᏘ ᎡᎯᏍᏗ ᎨᏒᎢ ᎠᏲᎱᎯᏍᏗ ᎨᏒ ᎢᎦᎢ. ᎠᏂ ᎢᏥᏁᏍᏗ ᎠᎴ ᎢᏧᎳᎭ ᎢᏗᏯᏫᏍᎨᏍᏗ.
39. ᎤᏍᏗᎩᏛᏃ ᎤᏗᏗᏢᏍᏙᏗ ᎢᏴᏛ ᏭᎷᏤᎢ, ᎠᎴ ᎤᎵᏯᏍᏚᏁᎢ, ᎠᎴ ᎤᏓᏙᎵᏍᏔᏁᎢ, ᎯᎠ ᏄᏪᏎᎢ; ᎡᏙᏓ, ᎢᏳᏃ ᏰᎵ ᎢᎬᏩᎵᏍᏙᏗ ᎨᏎᏍᏗ ᏩᎩᎶᎯᏏᏉ ᎯᎠ ᎤᎵᏍᏈᏗ; ᎥᏝᏍᎩᏂᏃᏅ ᎠᏴ ᏄᏍᏛ ᎦᏓᏅᏖᏍᎬᎢ, ᏂᎯᏍᎩᏂ.
40. ᎬᏩᏍᏓᏩᏗᏙᎯᏃ ᎠᏂᏅ ᏗᎤᎷᏨ ᏚᏩᏛᎮ ᎠᏂᎵᏁᎢ, ᎯᎠᏃ ᏄᏪᏎᎴ ᏈᏓ; ᎦᏙᏉ, ᏝᏍᎪ ᏥᏯᏫᏍᎬ ᏌᏉ ᎢᏳᏟᎶᏛ ᎢᎪᎯᏛ ᎨᏥᏯᏫᏍᏗ ᏱᎩ?
41. ᎢᏥᏯᏫᏍᎨᏍᏗ ᎠᎴ ᎢᏣᏓᏙᎵᏍᏗᏍᎨᏍᏗ ᎾᏍᎩ ᎤᏓᎪᎵᏰᏗᏱ ᎨᏒ ᏫᏥᎾᏄᎪᎢᏍᏗᏱ ᏂᎨᏒᎾ ᎨᏒᎢ. ᎠᏓᏅᏙ ᎤᏙᎯᏳᎯ ᎤᏛᏅᎢᏍᏗ, ᎤᏇᏓᎸᏍᎩᏂ ᏩᎾᎦᎳᎯᏳ.
42. ᏔᎵᏁᏃ ᎤᏪᏅᏎᎢ, ᏭᏓᏙᎵᏍᏔᏁᎢ, ᎯᎠ ᏫᏄᏪᏎᎢ; ᎡᏙᏓ, ᎢᏳᏃ ᎯᎠ ᎤᎵᏍᏈᏗ ᎬᎩᎶᎯᏎᏗᏉ ᏂᎨᏒᎾ ᏱᎩ, ᎬᏂ ᏯᏆᏗᏔᎲ, ᏄᏍᏛ ᎭᏓᏅᏖᏍᎬ ᏫᏂᎦᎵᏍᏓ.
43. ᏗᎤᎷᏨᏃ ᏚᏩᏛᎮ ᏔᎵᏁ ᎠᏂᎵᎾᎡᎢ, ᏗᏂᎦᏙᎵᏰᏃ ᏗᎦᎨᏗᏳ ᎨᏎᎢ.
44. ᏔᎵᏁᏃ ᏚᏮᏕᏤ ᎠᎴ ᎤᏓᏅᏎᎢ, ᎠᎴ ᏦᎢᏁ ᏭᏓᏙᎵᏍᏔᏁᎢ, ᎾᏍᎩᏯ ᏫᏄᏪᏎᎢ.
45. ᎿᎭᏉᏃ ᏗᎤᎷᏨ ᎬᏩᏍᏓᏩᏗᏙᎯ ᎠᏂᏅᎢ, ᎯᎠ ᏂᏚᏪᏎᎴᎢ; ᎿᎭᏉ ᎢᏥᎵᏅᎩ ᎠᎴ ᎢᏥᏯᏪᏐᎸᎦ; ᎬᏂᏳᏉ ᎢᏳ ᎨᏒ ᎤᏍᏆᎸᎯᏗ, ᏴᏫᏃ ᎤᏪᏥ ᎠᎦᏡᏔᏅ ᎤᏂᏁᎫᏥᏛ ᏴᏫ ᏕᎨᏥᏲᎯᏎᎸ.
46. ᏗᏣᎴᎲᎦ! ᎢᏓᎢᏎᏍᏗ! ᎬᏂᏳᏉ ᎠᏉ ᏓᏯᎢ ᎠᏆᏡᏗᏍᎩ.
47. ᎠᏏᏉᏃ ᎦᏬᏂᏍᎬᎢ ᎬᏂᏳᏉ ᏧᏓᏏ ᎠᏏᏴᏫ ᏔᎳᏚ ᎢᏯᏂᏛ ᎨᏒ ᎤᎷᏨᎩ, ᎠᎴ ᏓᏘᏁᎲᎩ ᎤᏂᏣᏘ ᏴᏫ, ᎠᏰᎳᏍᏗ-ᏗᎦᏅᎯᏛ ᎠᎴ ᎠᏓ ᏗᏂᏁᎯ, ᏅᏓᎬᏂᏅᏏᏛ ᏄᏂᎬᏫᏳᏒ ᎠᏥᎸᎠᏁᎶᎯ ᏗᏂᎳᏫᎩ ᎠᏁᎲ ᏴᏫ.
48. ᎤᏡᏗᏍᎩᏃ ᏧᏃᏁᎸᎯ ᎨᏎ ᎤᎾᏙᎴᎰᎯᏍᏙᏗ ᎯᎠ ᎢᏳᏪᏒᎯ ᎨᏎᎢ; ᎩᎶ ᏥᏯᏚᏣᎳᏅᎭ ᎾᏍᎩ ᎨᏎᏍᏗ, ᎠᏍᏓᏯ ᏕᏥᏂᏴᎲᎭ.
49. ᎤᎵᏍᏗᏳᏃ ᏥᏌ ᎦᏙᎬ ᎤᎷᏨᎩ, ᎯᎠ ᏄᏪᏒᎩ; ᏙᎯᏱ ᏕᎾᏓᎪᏩᏛ, ᏍᎩᎾᏝᎢ; ᎠᎴ ᎤᏚᏣᎳᏅᎩ.
50. ᏥᏌᏃ ᎯᎠ ᏄᏪᏎᎸᎩ; ᎩᎾᎵᎢ, ᎦᏙᏃ ᎥᎯᎷᎩ. ᎿᎭᏉᏃ ᎤᏂᎷᏨᎩ ᎠᎴ ᏕᎬᏩᏏᏔᏛᎩ ᏥᏌ, ᎬᏩᏂᏴᎲᎩ.
51. ᎠᎴ ᎬᏂᏳᏉ ᎠᏏᏴᏫ ᏥᏌ ᎠᏁᎯ ᎤᏌᎳᏓᏅᎩ ᎧᏃᎨᏂ ᎤᎸᎲᎩ ᎠᏰᎳᏍᏗ-ᎦᏅᎯᏛ, ᎠᎴ ᎤᎷᏴ ᎤᎬᏫᏳᎯ ᎠᏥᎸ-ᎨᎶᎯ ᎤᏅᏏᏓᏍᏗ, ᎠᎴ ᎤᎵᏍᏕᏍᏔᏅᎩ.
52. ᎿᎭᏉᏃ ᏥᏌ ᎯᎠ ᏄᏪᏎᎸᎩ; ᎦᎳᏗᏍᏗᏱ ᏥᎯᎳᏓ ᏣᏤᎵ ᎠᏰᎳᏍᏗᎦᏅᎯᏛ, ᏂᎦᏛᏰᏃ ᎠᏰᎳᏍᏗ-ᎦᏅᎯᏛ ᎠᏂᏱᏍᎩ ᎠᏰᎳᏍᏗ-ᎦᏅᎯᏛ ᏧᏂᏲᎱᎯᏍᏙᏗ ᎨᏎᏍᏗ.
53. ᏝᏍᎪ ᏯᏓᏅᏖᎭ ᏰᎵ ᎦᏥᏯᏓᏙᎵᏍᏓᏁᏗ ᎨᏒ ᎡᏙᏓ, ᎩᎳᏉᏃ ᎢᏴᏛ ᎥᏝ ᏔᎳᏚᏉ ᎢᏳᎾᏓᏡᎩ ᏗᏂᎧᎿᎭᏩᏗᏙᎯ ᏱᏙᎬᎩᎧᏏ?
54. ᎠᏎᏃ ᎦᏙ ᏱᎦᎵᏍᏙᏓ ᏯᏙᎯᏳᎲᎦ ᏄᏍᏛ ᎪᏪᎸᎢ, ᎠᏎ ᎾᏍᎩ ᎢᏳᎵᏍᏙᏗ ᏥᎩ?
55. ᎾᎯᏳᏃ ᏥᏌ ᎯᎠ ᏂᏚᏪᏎᎸᎩ ᎤᏂᏣᏘ; ᏥᎪ ᎦᏃᏍᎩᏍᎩ ᏥᏥᏲᎰ ᎾᏍᎩᏯ ᎢᏥᎷᎩ ᏍᎩᏂᏴᎯᎦ, ᎠᏰᎳᏍᏗᏗᎦᏅᎯᏛ ᎠᎴ ᎠᏓ ᏗᏥᏁᎯ? ᏂᏚᎩᏨᏂᏒ ᎢᏧᎳᎭ ᎢᏗᏅᎩ ᏕᎦᏕᏲᎲᏍᎬᎩ ᎤᏛᎾ-ᏗᎦᎳᏫᎢᏍᏗᏱ, ᎥᏝᏃ ᏱᏍᎩᏂᏱᏍᎨᎢ.
56. ᎠᏎᏃ ᏂᎦᏛ ᎾᏍᎩ ᎯᎠ ᏄᎵᏍᏔᏅᎩ ᎤᏙᎯᏳᏗᏱ ᎠᎾᏙᎴᎰᏍᎩ ᎤᏃᏪᎳᏅᎯ. ᎿᎭᏉᏃ ᏂᎦᏛ ᎬᏩᏍᏓᏩᏗᏙᎯ ᎬᏩᏕᏨᎩ ᎠᎴ ᎤᎾᎵᏒᎩ.
57. ᏥᏌᏃ ᎤᏂᏂᏴᏛ ᎧᏯᏉᎢ ᏭᎾᏘᏅᏍᏔᏅᎩ ᎾᏍᎩ ᏄᎬᏫᏳᏒ ᎠᏥᎸᎨᎶᎯ, ᎾᎿᎭᏗᏃᏪᎵᏍᎩ ᎠᎴ ᏗᏂᎳᏫᎩ ᏓᏂᎳᏫᎥᎢ.
58. ᏈᏓᏃ ᎤᏍᏓᏩᏛᏎ Ꭸ ᎢᏴᏛ ᏣᎢᏎ ᏄᎬᏫᏳᏒ ᎠᏥᎸ-ᎨᎶᎯ ᏗᎦᏁᎸ ᎬᏗᏍᎩ, ᎤᏴᎴᎢ, ᎠᎴ ᎨᏥᏅᏏᏓᏍᏗ ᎢᏧᎳᎭ ᎠᏂᏁᎢ, ᎤᎪᏩᏛᏗᏱ ᎤᏰᎸᏎ ᏩᎵᏍᏆᏗᎯᎲᎢ.
59. ᏄᏂᎬᏫᏳᏒᏃ ᎠᏥᎸ-ᎠᏁᎶᎯ ᎠᎴ ᏧᎾᏛᏐᏅᎯ ᎠᎴ ᏂᎦᏛ ᏗᏂᎳᏫᎩ ᎤᏂᏲᎴ ᎦᏰᎪᎩ ᎤᏂᏃᎮᎸᎯ ᏥᏌ ᎤᏡᏗᏍᎩ, ᎾᏍᎩ ᎤᏂᎯᏍᏗᏱ ᎤᎾᏚᎵᏍᎨᎢ;
60. ᎠᏎᏃ ᎤᎾᏠᏤᏉ; ᎤᏂᏣᏖᏍᎩᏂᏃᏅ ᎦᏰᎪᎩ ᎠᏂᏃᎮᏍᎩ ᎤᏂᎾᏄᎪᏤᎢ, ᎠᏎᏃ ᎤᎾᏠᏤᏉ. ᎣᏂᏱᏍᎩᏂᏃᏅ ᎠᏂᏔᎵ ᎦᏰᎪᎩ ᎠᏂᏃᎮᏍᎩ ᎤᏂᎷᏤᎢ, ᎯᎠ ᏄᏂᏪᏎᎢ;
61. ᎯᎠ ᏂᏚᏪᏒᎩ; ᏰᎵᏉ ᏱᏥᏲᏍᏓ ᎤᏁᎳᏅᎯ ᎤᏤᎵ ᎤᏛᎾ-ᏗᎦᎳᏫᎢᏍᏗᏱ, ᏦᎢᏉᏃ ᏧᏙᏓᏆᏛ [ᏔᎵᏁ] ᏴᎦᏁᏍᎬᎵ.
62. ᏄᎬᏫᏳᏒᏃ ᎠᏥᎸ-ᎨᎶᎯ ᏚᎴᏁᎢ, ᎯᎠ ᏄᏪᏎᎴᎢ; ᏝᏍᎪ ᏱᏁᎦ? ᎦᏙ ᎯᎠ ᎠᏂᎦᏔᎲ ᏣᏂᏃᎮᎭ ᏥᎨᏣᏡᏗᎭ?
63. ᎠᏎᏃ ᏥᏌ ᎡᎳᏪᏱᏉ ᎨᏎᎢ. ᏄᎬᏫᏳᏒᏃ ᎠᏥᎸ-ᎨᎶᎯ ᎢᎤᏁᏨ ᎯᎠ ᏄᏪᏎᎴᎢ; ᎬᎳᏲᏏ ᎤᏁᎳᏅᎯ ᎬᏂᏛ ᎯᏁᎢᏍᏙᏗᏱ, ᏍᎩᏃᎲᏏ, ᏥᎪ ᏂᎯ ᎦᎶᏁᏛ ᎤᏁᎳᏅᎯ ᎤᏪᏥ?
64. ᏥᏌᏃ ᎯᎠ ᏄᏪᏎᎴᎢ; ᏰᎵ ᏂᏫ. ᎠᏎᏃ ᎯᎠ ᏂᏨᏪᏎᎭ; ᎢᎸᎯᏳ ᏓᏰᏥᎪᎢ ᏴᏫ ᎤᏪᏥ ᎠᎦᏘᏏ ᎢᏗᏢ ᎤᎵᏂᎬᎬ ᎤᏬᎴᏍᏗ, ᎠᎴ ᏣᎢᏎᏍᏗ ᎤᎶᎩᎸ ᎦᎸᎶᎢ.
65. ᎿᎭᏉᏃ ᏄᎬᏫᏳᏒ ᎠᏥᎸ-ᎨᎶᎯ ᏚᏄᏩᎥ ᏚᏪᏣᎦᎸᎮᎢ; ᎠᏐᏢᎢᏍᏓ, ᎤᏛᏁᎢ; ᎦᏙᏃ ᎠᏏ ᎠᏂᎦᏔᎯ ᏯᏂᏃᎮᎭ? ᎬᏂᏳᏉ ᎿᎭᏉ ᎢᏣᏛᎬᎦ ᎠᏐᏢᎢᏍᏗᏍᎬᎢ.
66. ᎦᏙ ᎢᏤᎵᎭ? ᎤᏂᏁᏨᏃ ᎯᎠ ᏄᏂᏪᏎᎢ; ᏰᎵᏉ ᎬᏩᏲᎱᎯᏍᏗ.
67. ᎿᎭᏉᏃ ᎤᎧᏛ ᏚᎾᎵᏥᏍᏇᎢ, ᎠᎴ ᎠᏍᏈᏅ ᏕᎬᏩᎾᏍᏗᏍᎨᎢ ᎠᎴ ᎠᏂᏐᎢ ᏧᏃᏰᏂ ᏕᎬᏩᎾᏍᏗᏍᎨᎢ,
68. ᎯᎠ ᎾᏂᏪᏍᎨᎢ; ᏍᎩᏯᏙᎴᎣᎯᏏ, ᎦᎶᏁᏛ, ᎦᎪ ᏥᏨᏂᎦ?
69. ᏈᏓᏃ ᎤᏬᎴ ᎤᏜᏓᏅᏛᎢ, ᎤᎷᏤᎴᏃ ᎠᏛ ᎯᎠ ᏄᏪᏎᎢ; ᏂᎯ ᎾᏍᏉ ᏍᏕᏙᎲᎩ ᏥᏌ ᎨᎵᎵ ᎡᎯ.
70. ᎠᏎᏃ ᏂᎦᏛ ᎠᏂᎦᏔᎲ ᎤᏓᏱᎴᎢ, ᎯᎠ ᏄᏪᏎᎢ; ᎥᏝ ᏱᏥᎦᏔᎭ ᏂᏪᏍᎬᎢ.
71. ᏙᏱᏢᏃ ᏭᎶᏒ ᏅᏩᏓᎴ ᎤᎪᎮᎢ, ᎠᎴ ᎯᎠ ᏂᏚᏪᏎᎴ ᎾᎿᎭᎠᏁᏙᎯ; ᎾᏍᏉ ᎯᎠ ᏥᏌ ᎾᏎᎵᏗ ᎡᎯ ᏓᏁᏙᎲᎩ.
72. ᏔᎵᏁᏃ ᎤᏓᏱᎴᎢ, ᎤᏁᎳᏅᎯ ᎤᏁᎢᏍᏔᏁᎢ; Ꮭ ᏱᏥᎦᏔᎭ Ꮎ ᎠᏍᎦᏯ, ᎤᏛᏁᎢ.
73. ᎪᎯᏱᏃ ᎢᏴᏛ ᎬᏩᎷᏤᎴ ᎾᎥ ᎠᏂᏙᎾᎢ, ᎯᎠ ᏂᎬᏩᏪᏎᎴ ᏈᏓ; ᎤᏙᎯᏳᎯ ᎾᏍᏉ ᏂᎯ ᎢᏤᏙᎸᎯ, ᎯᏬᏂᏍᎬᏰᏃ ᎬᏂᎨᏒ ᏂᏨᏁᎭ.
74. ᎿᎭᏉᏃ ᎤᎴᏅᎮ ᎤᏍᎩᏅᏕᎢ, ᎠᎴ ᎤᏁᎳᏅᎯ ᎤᏁᎢᏍᏔᏁᎢ; Ꮭ ᏱᏥᎦᏔᎭ Ꮎ ᎠᏍᎦᏯ, ᎤᏛᏁᎢ; ᎩᎳᏉᏃ ᎢᏴᏛ ᏣᏔᎦ ᎤᏴᎳᏎᎢ.
75. ᏈᏓᏃ ᎤᏅᏓᏕ ᏥᏌ ᎤᏁᏨᎯ, ᎯᎠ ᏥᏄᏪᏎᎴᎢ; ᎠᏏ ᏣᏔᎦ ᎾᏂᏴᎬᎾ ᎨᏎᏍᏗ ᏦᎢ ᏅᏓᏍᏆᏓᏱᎵ. ᎤᏄᎪᏨᏃ ᎡᎯᏍᏗ ᏫᏚᏠᏱᎴᎢ.

== Matthew 27 ==
1. ᏑᎾᎴᏃ ᏄᎵᏍᏔᏅ, ᏂᎦᏛ ᏄᏂᎬᏫᏳᏒ ᎠᏥᎸ-ᎠᏁᎶᎯ ᎠᎴ ᏗᏂᎳᏫᎩ ᎠᏁᎲ ᎠᏫ ᎤᏂᏃᎮᎴ ᎢᏳᎾᏛᏁᏗᏱ ᏥᏌ ᎤᏂᎯᏍᏗᏱ.
2. ᎿᎭᏉᏃ ᎤᎾᎸᎸ ᎤᏁᎵᏌᎾᏫᏛᎮᎢ, ᏆᏂᏛ ᏆᎴᏗ ᎤᎬᏫᏳᎯ ᏫᏚᏂᏲᎯᏎᎴᎢ.
3. ᎿᎭᏉᏃ ᏧᏓᏏ ᎾᏍᎩ ᎤᎶᏄᎮᎸᎯ ᎤᏙᎴᎰᏒ ᏓᎫᎪᏓᏁᎸᎢ ᎤᏁᏟᏴᏎ ᎤᏓᏅᏛᎢ, ᎠᎴ ᏄᏂᎬᏫᏳᏒ ᎠᏥᎸ-ᎠᏁᎶᎯ ᎠᎴ ᏧᎾᏛᏐᏅᎯ ᏙᎤᏲᎮᎴ ᏦᎠᏍᎪᎯ ᎠᏰᎵ-ᎠᏕᎸ ᏧᎾᎬᏩᎶᏗ,
4. ᎯᎠ ᏄᏪᏎᎢ; ᏥᏍᎦᏅᎩ ᏄᏍᎦᏅᏨᎾ ᎩᎬ ᏥᎦᏡᏓ. ᎯᎠᏃ ᏄᏂᏪᏎᎢ; ᎦᏙ ᎾᏍᎩ ᎠᏴ ᎣᎬᏙᏗ? ᏨᏒ ᎾᏍᎩ ᏗᏣᎸᏫᏍᏓᏏ.
5. ᎠᎴ ᏚᏗᏅ ᎠᏕᎸ ᎾᎿᎭᏗᎦᎳᏫᎢᏍᏗᏱ, ᎠᎴ ᎤᏄᎪᏤᎢ, ᎠᎴ ᎢᏴᏛ ᏭᎶᏒ, ᎤᏩᏒ ᏭᏓᏛᏁᎢ.
6. ᏄᏂᎬᏫᏳᏒᏃ ᎠᏥᎸ-ᎠᏁᎶᎯ ᏚᏂᎩᏒ ᎠᏕᎸ ᎯᎠ ᏄᏂᏪᏎᎢ; ᎥᏝ ᏚᏳᎪᏛ ᏱᎦᎩ ᎠᏕᎸ-ᏗᏗᏱ ᏱᏗᏗᎲᏍᎦ, ᎩᎬᏰᏃ ᏧᎬᏩᎳᏅᎯ.
7. ᎤᏂᏃᎮᎸᏃ, ᎤᏂᏩᎯᏍᏔᏁ ᎥᏘ ᏗᎪᏢᏍᎩ ᎤᎶᎨᏒᎢ ᎾᎿᎭᎠᏁᏙᎯ ᏗᎨᏥᏂᏐᏗᏱ.
8. ᎾᏍᎩ ᎢᏳᏍᏗ ᎾᏍᎩ ᏠᎨᏏ ᎩᎬ ᎤᎶᎨᏒ ᎠᏃᏎᎭ ᎪᎯ ᏥᎩ.
9. ᎿᎭᏉᏃ ᎤᏙᎯᏳᏁ ᏧᏁᏤ ᏤᎵᎹᏯ ᎠᏙᎴᎰᏍᎩ, ᎯᎠ ᏥᏄᏪᏎᎢ; ᎠᎴ ᏚᏂᎩᏒᎩ ᏦᎠᏍᎪᎯ ᎠᏰᎵ-ᎠᏕᎸ ᎾᏍᎩ Ꮎ ᏧᎬᏩᏔᏅᎯ, ᎾᏍᎩ ᏣᏥᎬᏩᎶᏔᏅᎯ, ᎢᏏᎵ ᏧᏪᏥ ᏧᏂᎬᏩᎶᏔᏅᎯ,
10. ᎠᎴ ᎤᏂᏩᎯᏍᏔᏅᎩ ᎥᏘ ᏗᎪᏢᏍᎩ ᎤᎶᎨᏒᎢ, ᎾᏍᎩᏯ ᏱᎰᏩ ᎠᏇᏲᏅᎢ.
11. ᏥᏌᏃ ᎦᏙᎨ ᎢᎬᏱᏗᏢ ᎤᎬᏫᏳᎯ ᎤᏬᎸᎢ. ᎤᎬᏫᏳᎯᏃ ᎤᏛᏛᏁᎢ, ᎯᎠ ᏄᏪᏎᎢ; ᏂᎯᏍᎪ ᏣᎬᏫᏳᎯ ᎠᏂᏧᏏ ᎤᎾᏤᎵᎦ? ᏥᏌᏃ ᎯᎠ ᏄᏪᏎᎴᎢ; ᏰᎵᏂᏫ.
12. ᏄᏂᎬᏫᏳᏒᏃ ᎠᏥᎸ-ᎠᏁᎶᎯ ᎠᎴ ᏗᏂᎳᏫᎩ ᎬᏩᏱᎵᏙᎸ ᎥᏝ ᏳᏁᏤᎢ.
13. ᎿᎭᏉᏃ ᏆᎴᏗ ᎯᎠ ᏄᏪᏎᎴᎢ; ᏝᏍᎪ ᏯᏛᎩᎭ ᏂᎦᎥ ᎬᏂᎨᏒ ᎾᏅᏁᎲ ᎠᏂᎦᏔᎯ ᎨᏣᏡᏗᏍᎬᎢ?
14. ᎠᏎᏃ ᎥᏝ ᏌᏉᎤᏅ ᏱᏄᏁᏤᎢ, ᎾᏍᎩ ᎢᏳᏍᏗ ᎤᎬᏫᏳᎯ ᎤᏣᏘ ᎤᏍᏆᏂᎪᏎᎢ.
15. ᏗᎵᏍᏓᏴᏗᏱᏃ ᎨᏒ ᎢᏳᎢ ᎤᎬᏫᏳᎯ ᏧᏲᎯᏎᏗ ᎨᏐ ᏌᏉ ᎠᏴᎩ, ᎯᎠᏉ ᎠᏁᎳ ᏴᏫ.
16. ᎾᎯᏳᏃ ᏗᎦᏃᏣᎵ ᎠᏴᎩ ᎤᏂᎧᎮ ᏆᎳᏆ ᏧᏙᎢᏛ.
17. ᎾᏍᎩ ᎢᏳᏍᏗ ᎿᎭᏉ ᏚᏂᎳᏫᏨ ᏆᎴᏗ ᎯᎠ ᏂᏚᏪᏎᎴᎢ; ᎦᎪ ᎢᏣᏚᎵ ᏗᏨᏲᎯᏎᏗᏱ? ᏆᎳᏆᏍᎪ? ᏥᏌᎨ ᎦᎶᏁᏛ ᏣᏃᏎᎰᎢ?
18. ᎠᎦᏔᎮᏰᏃ ᎠᏅᏳᎬᏉ ᏅᏗᎦᎵᏍᏙᏗᏍᎬ ᏚᏂᏲᏒᎢ.
19. ᎤᏬᎸᏃ ᏗᎫᎪᏙᏗᏱ ᎦᏍᎩᎸᎢ ᎤᏓᎵᎢ ᏧᏓᏅᏎᎢ, ᎯᎠ ᏅᏧᏪᏎᎴᎢ; ᏞᏍᏗ ᏂᎯ ᎪᎱᏍᏗ Ꮎ ᎾᏍᎦᏅᎾ ᎠᏍᎦᏯ ᎤᎬᏩᎵ ᏱᏗᏣᎸᏫᏍᏓᏁᎴᏍᏗ, ᎤᏣᏘᏰᏃ ᏥᎩᎵᏲᎩ ᎪᎯ ᎢᎦ ᎦᏍᎩᏓᏍᎬᎢ ᎾᏍᎩ ᏅᏗᎦᎵᏍᏙᏗᏍᎬᎢ.
20. ᎠᏎᏃ ᏄᏂᎬᏫᏳᏒ ᎠᏥᎸ-ᎠᏁᎶᎯ ᎠᎴ ᏗᏂᎳᏫᎩ ᏚᏂᏍᏗᏰᏔᏁ ᎤᏂᏣᏘ ᎨᏒ ᏆᎳᏆ ᎤᏂᏔᏲᏎᏗᏱ, ᏥᏌᏃ ᎤᏂᎯᏍᏗᏱ.
21. ᎤᎬᏫᏳᎯᏃ ᎤᏁᏨ ᎯᎠ ᏂᏚᏪᏎᎴᎢ; ᎦᎪ ᎯᎠ ᎠᏂᏔᎵ ᎨᏒ ᎢᏣᏚᎵ ᏗᏨᏲᎯᏎᏗᏱ? ᏆᎳᏆ, ᎤᎾᏛᏁᎢ.
22. ᏆᎴᏗ ᎯᎠ ᏂᏚᏪᏎᎴᎢ; ᎦᏙᏃ ᏓᏥᏴᏁᎵ ᏥᏌ, ᎦᎶᏁᏛ ᏣᏃᏎᎰᎢ? ᏩᎦᏛᎥᎦ, ᎬᏬᏎᎴ ᏂᎦᏛ.
23. ᎤᎬᏫᏳᎯᏃ ᎯᎠ ᏄᏪᏎᎢ; ᎦᏙᏃ, ᎦᏙ ᎤᏛᏁᎸ ᎤᏍᎦᏅᏨ? ᎠᏎᏃ ᎤᏟᏉ ᏂᎦᎡ ᎤᏁᎷᏁᎢ, ᏩᎦᏛᎥᎦ, ᎠᎾᏗᏍᎬᎢ.
24. ᏆᎴᏗ ᎤᏙᎴᎰᏒ ᏗᎬᏩᏎᎪᎩᏍᏗ ᏂᎨᏒᎾ ᎨᏒᎢ, ᎠᎴ ᎤᎾᏓᏑᏰᏛ ᎤᎾᎵᏔᎸᏅᎩ, ᎠᎹ ᏬᏁᎩᏎᎢ, ᎠᎴ ᏚᏑᎴᎮ ᎤᏂᏣᏘ ᎠᏂᎦᏔᎲᎢ, ᎯᎠ ᏄᏪᏎᎢ; ᎠᏴ ᎥᏝ ᎠᎩᏍᎦᏅᏨᎯ ᏱᎩ ᎯᎠ ᏄᏍᎦᏅᏨᎾ ᏴᏫ ᎤᎩᎬ. ᏂᎯ ᎢᏣᎦᏌᏯᏍᏓ.
25. ᏂᎦᏛᏃ ᏴᏫ ᎤᏂᏁᏤᎢ, ᎯᎠ ᏄᏂᏪᏎᎢ; ᎤᎩᎬ ᎠᏴ ᎠᎴ ᏦᎨᏥ ᎣᎩᏅᎦᎴᏍᏗ.
26. ᎿᎭᏉᏃ ᏆᎳᏆ ᏕᎤᏲᎯᏎᎴᎢ; ᎤᎵᎥᏃᏅᏃ ᏥᏌ ᏚᏲᏎ ᎠᎦᏛᏗᏱ.
27. ᎿᎭᏉᏃ ᎠᏂᏯᏫᏍᎩ ᎤᎬᏫᏳᎯ ᏧᏤᎵᎦ ᎤᎬᏫᏳᎯ ᎦᏁᎸ ᎤᏂᏴᏔᏁ ᏥᏌ, ᎠᎴ ᎾᎿᎭᏕᎬᏩᏚᏫᏍᏔᏁ ᏂᎦᏛ ᏑᎾᏓᏡᎩ ᎠᏂᏯᏫᏍᎩ.
28. ᏚᏂᏄᏪᏒᏃ, ᎩᎦᎨ ᎦᏌᎴᎾ ᎤᏂᏄᏬᎡᎢ.
29. ᎠᎴ ᎤᏂᏍᏕᏲᏅ ᎠᎵᏍᏚᎶ ᏧᏣᏲᏍᏗ ᎪᏢᏔᏅᎯ, ᎤᏂᏍᏚᎳᏁᎢ, ᎠᎴ ᎦᎾᏍᏓ ᎠᎦᏘᏏ ᎢᏗᏢ ᎤᎾᏒᎦᎳᏗᏍᏔᏁᎢ; ᎠᎴ ᏓᎾᎵᏂᏆᏅᏁᎮ ᎠᎴ ᎠᎾᏕᎰᏗᏍᎨᎢ, ᎯᎠ ᎾᏂᏪᏍᎨᎢ; ᎢᏨᏲᎵᎦ, ᏣᎬᏫᏳᎯ ᎠᏂᏧᏏ ᎤᎾᏤᎵᎦ.
30. ᏚᎾᎵᏥᏇᏃ ᎠᎴ ᎤᏂᏴᎡᎴ ᎦᎾᏍᏓ ᎠᎴ ᎤᏂᏍᏆᎸᏂᏍᏔᏁᎢ.
31. ᎤᎾᏕᎰᏔᏃᏅᏃ ᎤᏂᏄᏪᏎ ᎦᏌᎴᎾ, ᎠᎴ ᎤᏩᏒ ᏧᏄᏪ ᏚᏂᏄᏬᎡᎢ; ᎠᎴ ᎤᎾᏛᏗᏱ ᏭᎾᏘᏅᏍᏔᏁᎢ.
32. ᎤᏂᏄᎪᏨᏃ ᎤᏂᏩᏛᎮ ᎠᏍᎦᏯ ᏌᎵᏂ ᎡᎯ ᏌᏩᏂ ᏧᏙᎢᏛ; ᎾᏍᎩ ᎬᏍᎦᎢᏍᏓᎩ ᏄᏅᏁᎴ ᎤᏪᏅᏍᏗᏱ ᏧᏓᎿᎭᏩᏛ.
33. ᏭᏂᎷᏨᏃ ᎪᎵᎦᏓ ᏚᏙᎥᎢ, ᎾᏍᎩ ᎤᏍᏆᎷᎪᎢ ᏥᎦᏛᎦ,
34. ᏧᏂᏦᏯᏍᏗ ᎤᏗᏔᏍᏗ ᎠᏓᎦ ᎠᏑᏱ ᎤᏂᏁᏁᎴᎢ, ᎤᏁᎸᏔᏅᏃ ᎥᏝ ᏳᏚᎸᎮ ᎤᏗᏔᏍᏗᏱ.
35. ᎤᎾᏛᏁᏃ ᎠᎴ ᏚᏂᏯᏙᎴ ᏧᏄᏬ ᎠᎾᏌᏍᏗᏍᎨᎢ; ᎾᏍᎩᏃ ᎤᏙᎯᏳᏁ ᎠᏙᎴᎰᏍᎩ ᏧᏁᏤᎢ, ᎯᎠ ᏥᏄᏪᏎᎢ; ᏗᏆᏄᏬ ᏚᏂᏯᏙᎸᎩ, ᎠᎴ ᎠᏆᏄᏬ ᎤᎾᏌᏍᏔᏅᎩ.
36. ᎤᎾᏅᏁᏃ ᎠᎴ ᎤᏂᏯᏫᏎ.
37. ᎤᏂᏯᎸᏁᏃ ᎦᎸᎳᏗᏢ ᎤᎵᏍᏓᏛᎢ ᎢᏳᏍᏗ ᎨᏒ ᎤᎵᏱᎵᏕᎲᎢ, ᎯᎠ ᏂᎬᏁ ᎪᏪᎴᎢ; ᎯᎠᏲ ᏥᏌ ᎤᎬᏫᏳᎯ ᎠᏂᏧᏏ ᎤᎾᏤᎵᎦ.
38. ᎾᏍᏉᏃ ᎢᏧᎳᎭ ᏕᎨᎦᏛᏁ ᎠᏂᏔᎵ ᎠᏂᏃᏍᎩᏍᎩ, ᏌᏉ ᎠᎦᏘᏏ ᎢᏗᏢ, ᏐᎢᏃ ᎠᎦᏍᎦᏂ ᎢᏗᏢ.
39. ᎾᎥᏃ ᎠᏂᎶᏍᎩ ᎦᎬᏩᏐᏢᏕᎢ, ᎠᎴ ᏓᎾᎵᏍᏛᏁᎮᎢ,
40. ᎯᎠ ᎾᏂᏪᏍᎨᎢ; ᎤᏛᎾ-ᏗᎦᎳᏫᎢᏍᏗᏱ ᎯᏲᏍᏗᏍᎩ, ᏦᎢᏉᏃ ᎢᎦ ᎯᏰᎢᎵᏙᎯ ᎭᏁᏍᎨᏍᎩ, ᎭᎵᏍᏕᎸ ᏨᏒ; ᎢᏳᏃ ᏂᎯ ᎤᏁᎳᏅᎯ ᎤᏪᏥ ᎨᏎᏍᏗ, ᏓᏓᎿᎭᏩᏍᏛ ᎡᎭᏠᎠᎯ.
41. ᎾᏍᏉᏃ ᏄᏂᎬᏫᏳᏒ ᎠᏥᎸᎠᏁᎶᎯ ᎠᎴ ᏗᏃᏪᎵᏍᎩ ᎠᎴ ᏗᏂᎳᏫᎩ ᎠᏂᏰᎵᏍᎬᎢ ᎯᎠ ᎾᏂᏪᏍᎨᎢ;
42. ᎠᏂᏐᎢ ᏓᏍᏕᎵᏍᎬᎩ, ᎤᏩᏒᏍᎩᏂ ᎥᏝ ᏴᎬᎵᏍᏕᎸ. ᎢᏳᏃ ᎤᎬᏫᏳᎯ ᎢᏏᎵ ᎤᎾᏤᎵ ᎨᏎᏍᏗ, ᎿᎭᏉ ᏓᏓᎿᎭᏩᏍᏛ ᎡᎠᏠᎠᎯ, ᎩᎳᏃ ᏓᏰᏙᎢᏳᏂ.
43. ᎤᏁᎳᏅᎯ ᎤᎵᏍᎦᏍᏙᏛᎩ; ᎿᎭᏉ ᏭᏍᏕᎸ ᎢᏳᏃ ᎤᎸᏉᏕᏍᏗ; ᎯᎠᏰᏃ ᏥᏂᎦᏪᏍᎬᎩ, ᎤᏁᎳᏅᎯ ᎡᏙᏓ.
44. ᎠᏂᏃᏍᎩᏍᎩᏃ ᎾᏍᎩ ᎢᏧᎳᎭ ᏗᎨᎦᏛᏅᎯ ᎾᏍᏉ ᎦᎬᏩᏐᏢᏕᎢ.
45. ᎿᎭᏉᏃ ᎢᎦ ᎤᏓᎴᏅᏛ ᏦᎢᏁ ᎢᏳᏟᎶᏛ ᎧᎳᏩᏗᏒ ᎢᏯᏍᏘ ᎤᏒᎯᏰᏱ ᎢᏗᏢ ᎤᎵᏏᎲᏒᎩ ᏂᎬ ᎾᏍᎩ ᎦᏙᎯ.
46. ᏦᎢᏁᏃ ᎢᏳᏟᎶᏛ ᎢᏴ ᎧᏔᏩᏗᏒ ᎤᏒᎯᏰᏱ ᎢᏗᏢ ᏥᏌ ᎤᏁᏤ ᎠᏍᏓᏯ, ᎯᎠ ᏄᏪᏎᎢ; ᎢᎳ, ᎢᎳ, ᎳᎹ ᏌᏆᏓᏂ? ᎾᏍᎩ ᎯᎠ ᏄᏍᏗ ᎦᏛᎬᎢ, ᎤᏁᎳᏅᎯ ᎠᏆᏤᎵᎦ, ᎤᏁᎳᏅᎯ ᎠᏆᏤᎵᎦ, ᎦᏙᏃ ᎢᏍᏋᏕᏨᏉ?
47. ᎢᎦᏛᏃ ᎾᎿᎭᎠᏂᏙᎾᎢ ᎾᏍᎩ ᎤᎾᏛᎦᏅ, ᎢᎳᏯ ᎠᏯᏂᎭ ᎯᎠ, ᎤᎾᏛᏁᎢ.
48. ᎩᎳᏉᏃ ᎢᏴᏛ ᎠᏏᏴᏫ ᏚᏍᏆᎸᏔᏁᎢ, ᎠᎴ ᏭᏁᏎ ᏚᏬᎵ, ᎠᎴ ᏧᏂᏦᏯᏍᏗ ᎤᎧᎵᎢᏍᏔᏁᎢ, ᎦᎾᏍᏙᎯᏃ ᎤᏪᏆᏙᏔᏅ ᏭᏅᏁᎴ ᎾᏍᎩ ᎤᏗᏔᏍᏗ.
49. ᎢᎦᏛᏃ ᎯᎠ ᏄᏂᏪᏎᎢ; ᎤᏁᎳᎩ, ᎢᏓᏙᎴᎰᎯ, ᏥᎪᏃ ᎢᎳᏯ ᏓᎦᎷᏥ ᏓᏳᏍᏕᎸᎯᎵ.
50. ᏥᏌᏃ ᏔᎵᏁ ᎠᏍᏓᏯ ᎤᏁᏨ ᏕᎤᏲᏎ ᎤᏓᏅᏙ.
51. ᎬᏂᏳᏉᏃ ᎠᏄᏬ ᎠᏰᏙᎳᏛ ᎤᏛᎾ-ᏗᎦᎳᏫᎢᏍᏗᏱ ᏚᎵᏍᏡᏰᎢ, ᎦᎸᎳᏗ ᏧᎴᏅᎮ ᎡᎳᏗ ᏭᏍᏆᏗᏍᏔᏁᎢ; ᎠᎴ ᎦᏙᎯ ᎤᎵᏖᎸᏁᎢ, ᎠᎴ ᏅᏯ ᏚᎾᎵᏍᏡᏰᎢ.
52. ᏓᏤᎵᏍᏛᏃ ᏚᎵᏍᏚᎢᏎᎢ, ᎠᎴ ᎤᏂᏣᏘ ᎤᎾᏓᏅᏘ ᎤᏂᎵᏅᏨᎯ ᎤᎾᏗᏓᏁᏎᎢ,
53. ᎠᎴ ᏓᏤᎵᏍᏛ ᏚᏂᏄᎪᏤ ᏧᎴᏅᎯ ᏂᎨᏎᎢ, ᎠᎴ ᎦᎸᏉᏗᏳ ᎦᏚᎲ ᎤᏂᏴᎴᎢ, ᎠᎴ ᎤᏂᏣᏖ ᎬᏂᎨᏒ ᏂᏚᎾᏛᏁᎴᎢ.
54. ᎿᎭᏉᏃ ᎠᏍᎪᎯᏧᏈ ᏗᏓᏘᏂᏙᎯ ᎠᎴ ᎾᏍᎩ Ꮎ ᎢᏧᎳᎭ ᏥᏌ ᎬᏩᏯᏫᏍᎩ, ᎤᎾᏙᎴᎰᏒ ᎦᏙᎯ ᎠᎵᏖᎸᎲᏍᎬᎢ, ᎠᎴ ᎾᏍᎩ ᏄᎵᏍᏔᏂᏙᎸᎢ, ᎤᏣᏖ ᎤᏂᏍᎦᎴᎢ, ᎯᎠ ᏄᏂᏪᏎᎢ; ᎤᏙᎯᏳᎯᏯ ᎤᏁᎳᏅᎯ ᎤᏪᏥ ᎨᏎ ᎯᎠ.
55. ᎾᎿᎭᏃ ᎠᏂᏙᎾᎡ ᎤᏂᏣᏖ ᎠᏂᎨᏴ Ꭸ ᎢᏴᏛ ᏙᏗᏂᎧᏁᎢ, ᎾᏍᎩ ᏥᏌ ᎨᎵᎵ ᏅᏓᎬᏩᏍᏓᏩᏛᏛ ᎬᏩᏍᏕᎸᎯᏙᎸᎯ,
56. ᎾᎿᎭᎤᎾᏓᏑᏰ ᎺᎵ ᎹᎩᏕᎵ ᎡᎯ, ᎠᎴ ᎺᎵ ᏥᎻ ᎠᎴ ᏦᏏ ᎤᏂᏥ, ᎠᎴ ᏤᏈᏗ ᏧᏪᏥ ᎤᏂᏥ.
57. ᎤᏒᏃ ᏄᎵᏍᏔᏅ ᎤᎷᏤ ᎤᏪᎿᎭᎢ ᎠᏍᎦᏯ ᎠᎵᎹᏗᏱ ᎡᎯ ᏦᏩ ᏧᏙᎢᏛ, ᎾᏍᏉ ᎾᏍᎩ ᏥᏌ ᎤᏍᏓᏩᏗᏙᎯ ᎨᏎᎢ;
58. ᏆᎴᏗᏱ ᎤᏪᏅᏎᎢ, ᏥᏌ ᎠᏰᎸᎢ ᏭᏔᏲᎴᎢ. ᎿᎭᏉᏃ ᏆᎴᏗ ᎤᏁᏤ ᎠᏰᎸᎢ ᏧᏂᏲᎯᏎᏗᏱ.
59. ᏦᏩᏃ ᎠᏰᎸ ᎤᏁᏒ ᎤᏪᏣᏄᎶᏔᏁ ᎦᏓᎭ ᏂᎨᏒᎾ ᎠᏄᏬ ᎤᏁᎬ;
60. ᎠᎴ ᎤᏅᏁ ᎤᏩᏒ ᎤᏤᎵ ᎢᏤ ᏗᏓᏂᏐᏗᏱ, ᎾᏍᎩ ᎤᏲᎯ ᎤᏔᎴᏒᎢ; ᎡᏆᏃ ᏅᏯ ᎦᎶᎯᏍᏗᏱ ᎠᏤᎵᏍᏛ ᏭᏪᏌᏆᎴᎸ ᎤᏓᏅᏎᎢ.
61. ᎾᎿᎭᏃ ᎢᎬᏱᏗᏢ ᏗᏓᏂᏐᏗᏱ ᏚᏃᎴ ᎺᎵ ᎹᎩᏕᎵ ᎡᎯ ᎠᎴ ᏐᎢ ᎺᎵ.
62. ᎠᎴ ᎤᎩᏨᏛ, ᎠᏛᏅᎢᏍᏙᏗᏱ ᎢᎦ ᎤᎶᏐᏅᎯ, ᏄᏂᎬᏫᏳᏒ ᎠᏥᎸ-ᎠᏁᎶᎯ ᎠᎴ ᎠᏂᏆᎵᏏ ᏕᎬᏩᎳᏫᏤ ᏆᎴᏗ,
63. ᎯᎠ ᏄᏂᏪᏎᎢ; ᏣᎬᏫᏳᎯ, ᎣᎦᏅᏔ ᎾᏍᎩ Ꮎ ᎠᏓᎶᏄᎮᏍᎩ, ᎠᏏᏉ ᏥᎬᏅᎩ, ᎯᎠ ᏥᏄᏪᏒᎩ; ᏦᎢᏁᏉ ᎢᎦ ᏙᏛᎦᎴᏂ.
64. ᎾᏍᎩ ᎢᏳᏍᏗ ᎯᏁᎩ ᎠᏍᏓᏯ ᎢᏳᏅᏁᏗᏱ ᎠᏤᎵᏍᏛᎢ ᏦᎢᏁ ᎢᎦ ᎢᎪᎯᏛ, ᎬᏩᏍᏓᏩᏗᏙᎯᏰᏃ ᏒᏃᏱ ᏯᏂᎷᎩ ᏱᎬᏩᏃᏍᎩ, ᎯᎠᏃ ᏱᏂᏓᏂᏪᏏ ᏴᏫ; ᏧᏲᎱᏒ ᏙᎤᎴᏅ; ᎣᏂᏱᏃ ᎤᎾᏠᏄᎮᎸᎢ ᎤᏟ ᎤᏲᎢᏳ ᏱᎩ ᎡᏍᎦᏉ ᎢᎬᏱᏱ.
65. ᏆᎴᏗ ᎯᎠ ᏂᏚᏪᏎᎴᎢ; ᎠᏂᏯᏫᏍᎩ ᏕᏥᎧᎭ, ᎢᏤᎾ ᎾᏍᏓᏴ ᎢᎨᏨᏁᏗ ᎨᎡ ᏫᏂᏨᎦ.
66. ᎰᏩᏃ ᎤᏁᏅᏎ ᎠᏍᏓᏱᏳ ᏫᏄᏅᏁᎴ ᎠᏤᎵᏍᏛᎢ, ᎤᏂᏰᎸᏔᏁ ᏅᏲᎯ, ᎠᎴ ᏚᏂᎧᏁ ᎠᏂᎦᏘᏗᏍᎩ.

== Matthew 28 ==
1. ᎤᎾᏙᏓᏉᏅᎯᏃ, ᎩᎳ ᎢᎦ ᏂᎦᎵᏍᏗᏍᎨᎢ ᎠᎴᏂᏍᎬ ᏑᎾᏙᏓᏆᏍᏗ ᎨᏒ ᎺᎵ ᎹᎩᏕᎵ ᎡᎯ ᎠᎴ ᏐᎢ ᎺᎵ ᎤᎾᎦᏔᏂᎴ ᎠᏤᎵᏍᏛᎢ.
2. ᎠᎴ ᎬᏂᏳᏉ ᎤᏣᏘ ᎦᏙᎯ ᎤᎵᏖᎸᏁᎢ, ᏱᎰᏩᏰᏃ ᎤᏤᎵ ᏗᎧᎿᎭᏩᏗᏙᎯ ᎦᎸᎳᏗ ᏧᏠᎠᏎᎢ, ᎤᎷᏨᏃ ᏅᏯ ᎤᏪᏌᏆᎴᎴ ᎤᎲᏎ ᎦᎶᎯᏍᏗᏱ ᎠᎲᎢ; ᎠᎴ ᎤᏍᎩᎳᏁᎢ.
3. ᏗᎧᏃᏗᏱ ᎠᎾᎦᎵᏍᎩ ᎾᏍᎩᏯ ᎨᏎᎢ, ᎤᏄᏩᎥᏃ ᎥᏃᏥ ᏥᏄᏁᎩᏴ ᏄᏁᎩᏰᎢ.
4. ᎠᏂᎦᏘᏯᏃ ᎠᏂᏍᎦᎢᎲ ᏚᏂᎾᏪᎢ, ᎠᎴ ᏧᏂᏲᎱᏒᎯ ᎾᏍᎩᏯ ᏄᎾᎵᏍᏔᏁᎢ.
5. ᏗᎧᎿᎭᏩᏗᏙᎯᏃ ᎤᏁᏨ ᎯᎠ ᏂᏚᏪᏎᎴ ᎠᏂᎨᏴ; ᏞᏍᏗ ᏂᎯ ᏱᏍᏗᏍᎦᎢᎮᏍᏗ, ᏥᎦᏔᎭᏰᏃ ᏥᏌ ᎠᎦᏛᏅᎯ ᎡᏍᏗᏲᎲᎢ.
6. ᎥᏝ ᎠᏂ ᏘᎦᎾ, ᏚᎴᏅᏰᏃ ᎾᏍᎩᏯ ᏄᏪᏒᎢ; ᎡᏍᏕᎾ ᎡᏍᏓᎦᏔ ᎤᎬᏫᏳᎯ ᎠᏥᏅᏅᎢ.
7. ᎠᎴ ᎤᎵᏍᏗᏳ ᎢᏍᏕᎾ ᏫᏗᏍᏗᏃᎲᏏ ᎬᏩᏍᏓᏩᏗᏙᎯ ᏕᎤᎴᏅ ᎤᏲᎱᏒᎢ; ᎠᎴ ᎬᏂᏳᏉ ᎢᎬᏱ ᎨᎵᎵ ᏅᏓᏰᏏ, ᎾᎿᎭᏓᏰᏥᎪᎢ. ᎬᏂᏳᏉ ᎢᏍᏛᏃᎲᏏ.
8. ᎤᎵᏍᏗᏳᏃ ᎠᏤᎵᏍᏛ ᎤᎾᏓᏅᏎᎢ, ᎠᏂᏍᎦᎢᎮ ᎠᎴ ᎤᏣᏘ ᎠᎾᎵᎮᎵᎨᎢ, ᎠᎴ ᏚᏂᏍᏆᎸᏔᏁ ᎬᏩᏍᏓᏩᏗᏙᎯ ᏚᏂᏃᏁᎸᏎᎢ.
9. ᎠᎾᎢᏒᏃ ᏓᏂᏃᏁᎵᏒ ᎬᏩᏍᏓᏩᏗᏙᎯ ᎬᏂᏳᏉ ᏥᏌ ᏚᎾᏠᏎᎢ; ᏙᎯᏱ ᏕᏓᏓᎪᏩᏛ, ᎤᏛᏁᎢ. ᎤᏂᎷᏨᏃ ᏧᎳᏏᏕᏂ ᏚᏂᏂᏴᎮᎢ, ᎡᎳᏗ ᏂᎬᏩᏛᏁᎴᎢ.
10. ᎿᎭᏉᏃ ᏥᏌ ᎯᎠ ᏂᏚᏪᏎᎴᎢ, ᏞᏍᏗ ᏱᏍᏗᏍᎦᎢᎮᏍᏗ; ᎢᏍᏕᎾ ᏫᏗᏍᏗᏃᎲᏏ ᎣᏣᎵᏅᏟ ᎨᎵᎵ ᏭᏂᎶᎯᏍᏗᏱ, ᎾᎿᎭᏃ ᏓᎬᎩᎪᎯ.
11. ᎠᎾᎢᏒᏃ ᎬᏂᏳᏉ ᎢᎦᏛ ᎤᏂᏯᏫᏒᎯ ᎤᏂᎷᏤ ᎦᏚᎲᎢ, ᎠᎴ ᏄᏂᎬᏫᏳᏒ ᎠᏥᎸ-ᎠᏁᎶᎯ ᏚᏂᏃᏁᎴ ᏂᎦᏛ ᏄᎵᏍᏔᏂᏙᎸᎢ.
12. ᎾᏍᎩᏃ ᎠᎴ ᏗᏂᎳᏫᎩ ᏚᏂᎳᏫᏨ ᎠᎴ ᎤᏂᏃᎮᎸ, ᎤᏣᏘ ᎠᏕᎸ ᏚᏂᏁᎴ ᎠᏂᏯᏫᏍᎩ,
13. ᎯᎠ ᏄᏂᏪᏎᎢ; ᎯᎠ ᏂᏥᏪᏒᎭ; ᎬᏩᏍᏓᏩᏗᏙᎯ ᏒᏃᏱ ᎤᏂᎷᏨᎩ, ᎣᏥᎵᏅ ᎬᏩᏃᏍᎩᏒᎩ.
14. ᎢᏳᏃ ᎾᏍᎩ ᎠᏛᎦᏅ ᎤᎬᏫᏳᎯ, ᏓᏲᏥᏍᏗᏰᏔᏂ, ᎠᎴ ᏓᏨᏍᏕᎸᎯ.
15. ᏚᏂᎩᏒᏃ ᎠᏕᎸ, ᏂᎨᏥᏪᏎᎸ ᏄᎾᏛᏁᎴᎢ. ᎾᏍᎩᏃ ᎯᎠ ᎧᏃᎮᏛ ᎠᏏ ᎠᏂᏃᎮᎵᏙᎭ ᎠᏂᏧᏏ.
16. ᎿᎭᏉᏃ ᏌᏚ ᎢᏯᏂᏛ ᎬᏩᏍᏓᏩᏗᏙᎯ ᎨᎵᎵ ᎤᏁᏅᏒᎩ ᏦᏓᎸ ᏥᏌ ᎤᎾᏎᎮᎸᎢ.
17. ᎬᏩᎪᎲᏃ ᎡᎳᏗ ᏂᎬᏩᏛᏁᎸᎩ. ᎠᏎᏃ ᎢᎦᏛ ᎤᎾᏜᏓᏏᏛᎡᎸᏉ.
18. ᏥᏌᏃ ᎤᎷᏨ ᏚᏬᏁᏔᏅᎩ, ᎯᎠ ᏄᏪᏒᎩ; ᎥᎩᏁᎸ ᏂᎦᎥ ᏗᎩᎸᏫᏍᏓᏁᏗᏱ ᎦᎸᎳᏗ ᎠᎴ ᎡᎶᎯ.
19. ᎾᏍᎩ ᎢᏳᏍᏗ ᎢᏤᎾ ᏫᏗᏤᏲᎲᎦ ᎾᎦᏛ ᏄᎾᏓᎴᏒ ᏴᏫ, ᏕᏣᏬᏍᎨᏍᏗ ᎢᏨᏗᏍᎨᏍᏗ ᏚᏙᎥ ᎠᎦᏴᎵᎨᎢ ᎠᎴ ᎤᏪᏥ ᎠᎴ ᎦᎸᏉᏗᏳ ᎠᏓᏅᏙ,
20. ᏕᏤᏲᎲᏍᎨᏍᏗ ᏧᏂᎧᎿᎭᏩᏛᏍᏗᏱ ᏂᎦᎥ ᎢᏨᏁᏤᎸᎢ; ᎬᏂᏳᏉᏃ ᏂᎪᎯᎸ ᎢᏨᏰᎳᏗᏙᎭ ᏫᎬᎵᏍᏆᏗᏍᎩ ᎡᎶᎯ. ᎡᎺᏅ.

== Mark 1 ==
1. ᎠᏓᎴᏂᏍᎬ ᏱᏍᏛ ᎧᏃᎮᏛ, ᏥᏌ ᎦᎶᏁᏛ ᎤᏁᎳᏅᎯ ᎤᏪᏥ ᎤᏤᎵᎦ.
2. ᎾᏍᎩᏯ ᎯᎠ ᏥᏂᎬᏅ ᏥᎪᏪᎳ ᎠᎾᏙᎴᎰᏍᎩᏱ; ᎬᏂᏳᏉ, ᏥᏅᎵ ᏥᏅᏏᏓᏍᏗ ᏣᎧᏛ ᎢᎬᏱᏗᏢ, ᎾᏍᎩ ᏓᏣᏛᏅᎢᏍᏓᏁᎵ ᏣᎶᎯᏍᏗᏱ ᎢᎬᏱᏗᏢ.
3. ᎤᏪᎷᎦ ᎩᎶ ᎢᎾᎨᎢ, ᎯᎠ ᏂᎦᏪᎭ; ᎡᏣᏛᏅᎢᏍᏓᏏ ᏱᎰᏩ ᎤᎶᎯᏍᏗᏱ, ᏚᏅᏅ ᏗᏥᏥᏃᎯᏍᏓ.
4. ᏣᏂ ᏓᏓᏬᏍᎨ ᎢᎾᎨᎢ, ᎠᎴ ᎠᎵᏥᏙᎲᏍᎨ ᎧᏃᎮᏍᎨ ᏗᏓᏪᏍᏗ ᎨᏒ ᎦᏁᏟᏴᏍᏗᏱ ᎣᏓᏅᏛ ᎤᎬᏩᎵ ᎾᏍᎩ ᎦᏴᏓᏘᏁᏗᏱ ᎠᏍᎦᏅᏨᎢ.
5. ᎠᎴ ᏫᎬᏩᎷᏤᎴ ᏂᎬᎾᏛ ᏧᏗᏱ ᎠᎴ ᏥᎷᏏᎵᎻ ᎠᏁᎯ, ᎠᎴ ᏂᎦᏛ ᎾᏍᎩ ᏚᎾᏬᎡ ᏦᏓᏂ ᎤᏪᏴᎢ, ᎤᏂᏍᎦᏅᏨ ᎠᏂᏃᎲᏍᎨᎢ.
6. ᏣᏂᏃ ᎤᏄᏪ ᎨᎻᎵ ᎤᏍᏗᏰᏅᎯ, ᎦᏃᏥᏃ ᎤᏓᏠᏍᏕᎢ; ᎥᎴᏃ ᎠᎴ ᏩᏚᎵᏏ ᎢᎾᎨ ᎡᎯ ᎠᎵᏍᏓᏴᏗᏍᎨᎢ.
7. ᎠᎵᏥᏙᎲᏍᎨᏃ ᎯᎠ ᏂᎦᏪᏍᎨᎢ; ᎤᏟ ᎤᎵᏂᎩᏗᏳ ᎡᏍᎦᏉ ᎠᏴ ᎣᏂ ᏓᏯᎢ, ᎾᏍᎩ ᏧᎳᏑᎶᎩᎯ ᏓᎧᏁᏌᏛ ᎥᏝ ᏰᎵ ᏱᏂᎪᎢ ᎠᏆᏗᏌᏓᏗᏍᏗᏱ ᎠᎴ ᏗᎩᎧᏁᏴᏗᏱ.
8. ᎠᏴ ᎤᏙᎯᏳᎯ ᎠᎹ ᏕᏨᏯᏬᏍᏔᏅ, ᎾᏍᎩᏍᎩᏂ ᎦᎸᏉᏗᏳ ᎠᏓᏅᏙ ᏙᏓᏣᏬᏍᏔᏂ.
9. ᎾᎯᏳᏃ ᎯᎠ ᏄᎵᏍᏔᏁᎢ, ᏥᏌ ᎾᏎᎵᏗ ᏧᎶᏎ ᎾᏍᎩ ᎨᎵᎵ ᏥᎦᏚᎭ, ᎠᎴ ᏣᏂ ᎤᏓᏬᎡ ᏦᏓᏂ.
10. ᎩᎳᏉᏃ ᎢᏴᏛ ᏧᎿᎭᎷᏒ ᎠᎹᏱ ᏧᏓᏅᏒ, ᎤᎪᎮ ᎦᎸᎶᎢ ᎤᎵᏍᏚᎢᏛ ᎨᏎᎢ, ᎠᎴ ᎠᏓᏅᏙ ᎫᎴᏗᏍᎪᏂᎯ ᎾᏍᎩᏯᎢ, ᏧᏠᎠᏏᏗᏎ ᎾᏍᎩ ᎤᏪᏯᎸᏤᎢ.
11. ᎠᎴ ᎯᎠ ᏅᏧᏪᏎ ᎦᎸᎳᏗ, ᏂᎯ ᎬᎨᏳᎢ ᎠᏇᏥ, ᎾᏍᎩ ᎣᏏᏳ ᎬᏰᎸᎢ ᏥᎩ.
12. ᎩᎳᏉᏃ ᎢᏴᏛ ᎠᏓᏅᏙ ᎢᎾᎨ ᏭᏘᏅᏍᏔᏁᎢ.
13. ᎾᎿᎭᏃ ᎢᎾᎨ ᎡᏙᎮ ᏅᎦᏍᎪᎯ ᏧᏒᎯᏛ, ᏎᏓᏂ ᎤᎪᎵᏰᏍᎨᎢ; ᎠᎴ ᎢᎾᎨ ᎡᎿᎭᎢ ᏕᎨᎳᏗᏙᎮᎢ; ᎠᎴ ᏗᏂᎧᎿᎭᏩᏗᏙᎯ ᎬᏩᏍᏕᎸᎯᏙᎮᎢ.
14. ᏣᏂᏃ ᏗᏓᏍᏚᏗᏱ ᎾᏥᏴᏔᏁᎢ, ᏥᏌ ᎨᎵᎵ ᎤᎷᏤᎢ, ᎠᎵᏥᏙᎲᏍᎨ ᎣᏍᏛ ᎧᏃᎮᏛ ᎤᏁᎳᏅᎯ ᎤᎬᏫᏳᎯ ᎨᏒ ᎤᎬᏩᎵ,
15. ᎠᎴ ᎯᎠ ᏂᎦᏪᏍᎨᎢ, ᎿᎭᏉ ᎠᎵᏱᎶᎦ, ᎠᎴ ᎤᏁᎳᏅᎯ ᎤᎬᏫᏳᎯ ᎨᏒ ᎡᏍᎦᏂᏳ ᏓᏯᎢ; ᏗᏥᏁᏟᏴᎾ ᏕᏣᏓᏅᏛᎢ, ᎠᎴ ᎢᏦᎯᏳᎲᎦ ᎣᏍᏛ ᎧᏃᎮᏛ.
16. ᎨᎵᎵᏃ ᎥᏓᎵ ᎤᎶᏗ ᎠᎢᏒᎢ, ᏚᎪᎮ ᏌᏩᏂ ᎠᎴ ᎡᏂᏗ ᎾᏍᎩ ᏗᎾᏓᏅᏟ, ᎥᏓᎵ ᎠᏂᎦᏯᎷᎥᏍᎨᎢ; ᎠᏂᎦᏯᎷᎥᏍᎩᏰᏃ ᎨᏎᎢ.
17. ᏥᏌᏃ ᎯᎠ ᏂᏚᏪᏎᎴᎢ; ᏍᎩᏂᏍᏓᏩᏚᎦ, ᏴᏫᏃ ᏗᏍᏗᎦᏯᎷᎥᏍᎩ ᏅᏓᏍᏛᏴᏁᎵ.
18. ᎩᎳᏉᏃ ᎢᏴᏛ ᏚᏂᏲᏎ ᏧᏂᎦᏯᎷᏗ, ᎠᎴ ᎬᏩᏍᏓᏩᏛᏎᎢ.
19. ᎾᎿᎭᏃ ᏫᎤᏪᏅ ᎤᏍᏗᎩᏛ, ᏚᎪᎮ ᏥᎻ, ᏤᏈᏗ ᎤᏪᏥ, ᏣᏂᏃ ᎾᏍᎩ ᏗᎾᏓᏅᏟ, ᎾᏍᎩᏃ ᎾᏍᏉ ᎤᎾᏣᎡ ᏥᏳᎯ ᏓᏃᏢᎯᏏᏍᎨ ᏧᏂᎦᏯᎷᏗ.
20. ᎩᎳᏉᏃ ᎢᏴᏛ ᎾᏍᎩ ᏫᏚᏯᏅᎮᎢ; ᎤᏅᏕᏨᏃ ᎤᏂᏙᏓ ᏤᏈᏗ ᎨᎦᎫᏴᎡᎯ ᏧᏂᏅᏏᏓᏍᏗ ᎢᏧᎳᎭ ᏥᏳᎯ ᎤᎾᏣᎥᎢ, ᎬᏩᏍᏓᏩᏛᏎᎢ.
21. ᎨᏆᏂᏃ ᏭᏂᏴᎴᎢ; ᎩᎳᏉᏃ ᎢᏴᏛ ᏗᎦᎳᏫᎢᏍᏗᏱ ᏭᏴᎸ ᏚᏕᏲᏁ ᎤᎾᏙᏓᏆᏍᎬ ᎢᎦ.
22. ᎤᏂᏍᏆᏂᎪᏎᏃ ᏄᏍᏛ ᏓᏕᏲᎲᏍᎬᎢ, ᏚᏕᏲᏁᏰᏃ ᎤᎵᏂᎩᏛ ᏧᎰ ᎾᏍᎩᏯᎢ, ᎥᏝᏃ ᏗᏃᏪᎵᏍᎩ ᏓᎾᏕᏲᎲᏍᎬ ᎾᏍᎩᏯ ᏱᎨᏎᎢ.
23. ᏧᏂᎳᏫᎢᏍᏗᏱᏃ ᎠᏯᎡ ᎠᏍᎦᏯ ᎦᏓᎭ ᎠᏓᏅᏙ ᎤᏯᎢ, ᎠᎴ ᎤᏪᎷᏁ,
24. ᎯᎠ ᏄᏪᏎᎢ, ᎣᎦᏁᎳᎩ; ᎦᏙ ᏗᎦᏓᏛᏙᏗ ᏂᎯ, ᏥᏌ, ᎾᏎᎵᏗ ᎮᎯ? ᏥᎪ ᏍᎩᏛᏔᏂᎸ? ᎬᎦᏔᎭ, ᏂᎯ ᎾᏍᎩ ᎨᏒᎢ; ᎾᏍᎩ ᎠᏥᎸᏉᏗ ᎤᏁᎳᏅᎯ ᎤᏤᎵᎦ.
25. ᏥᏌᏃ ᎤᏍᎦᏤᎢ, ᎯᎠ ᏄᏪᏎᎢ; ᎡᎳᏪ ᎲᎾ, ᎠᎴ ᎯᏄᎪᎢ.
26. ᎦᏓᎭᏃ ᎠᏓᏅᏙ ᎤᎸᏕᏍᏔᏅ, ᎠᎴ ᎠᏍᏓᏯ ᎤᏪᎷᏅ, ᎤᏄᎪᏤᎢ.
27. ᏂᎦᏛᏃ ᎤᏂᏍᏆᏂᎪᏎᎢ; ᎠᎴ ᎤᏅᏒ ᎨᏒ ᏚᎾᏓᏛᏛᏁᎢ, ᎯᎠ ᎾᏂᏪᏍᎨᎢ; ᎦᏙ ᎤᏰᎸᏗ ᎯᎠ? ᎦᏙ ᎤᏍᏗ ᎯᎠ ᎢᏤ ᏗᏕᏲᏗ ᎨᏒᎢ? ᎤᎵᏂᎩᏛᏰᏃ ᎤᎲ ᎬᏗ ᏕᎧᏁᏤᎰ ᎠᏂᎦᏓᎭ ᏗᏓᏅᏙ, ᎠᎴ ᎬᏬᎯᏳᎲᏍᎪᎢ.
28. ᎩᎳᏉᏃ ᎢᏴᏛ ᎾᏍᎩ ᏕᎦᏃᏣᎸ ᏚᏰᎵᏎ ᎨᎵᎵ ᎾᎿᎭᎬᏩᏚᏫᏛ ᎨᏒᎢ.
29. ᎩᎳᏉᏃ ᎢᏴᏛ ᏗᎦᎳᏫᎢᏍᏗᏱ ᏧᏂᏄᎪᏨ, ᏌᏩᏂ ᎠᎴ ᎡᏂᏗ ᎠᏂᏁᎸ ᏭᏂᏴᎴᎢ, ᎠᏁᎮ ᏥᎻ ᎠᎴ ᏣᏂ.
30. ᏌᏩᏂᏃ ᎤᏓᎵᎢ ᎤᏥ ᎦᏅᎨ ᎤᏢᎨ ᎤᏗᎴᎲᏍᎨᎢ; ᎩᎳᏉᏃ ᎢᏴᏛ ᎬᏩᏃᏁᎴᎢ.
31. ᎤᎷᏨᏃ ᎠᎴ ᎤᏬᏯᏁᏒ, ᏚᎴᏔᏁᎢ; ᎤᏗᎴᎲᏍᎬᏃ ᎩᎳᏉ ᎢᏴᏛ ᎤᏗᏩᏎᎢ, ᎠᎴ ᏚᏍᏕᎸᎯᏙᎴᎢ.
32. ᎤᏒᏃ ᎿᎭᏉ ᏅᏙ ᏭᏕᎵᏨ, ᏕᎬᏩᏘᏃᎮᎴ ᏂᎦᏛ ᏧᏂᏢᎩ, ᎠᎴ ᎠᏂᏍᎩᎾ ᏗᎬᏩᏂᏯᎢ;
33. ᏂᎦᏛᏃ ᎦᏚᎲ ᎠᏁᎯ ᎤᎾᏓᏟᏌᎮ ᎦᎶᎯᏍᏗᏱ.
34. ᎤᏂᏣᏘᏃ ᏕᎤᏅᏩᏁ ᏧᏂᏢᎩ ᏧᏓᎴᏅᏛ ᎥᏳᎩ ᎤᏁᎯ; ᎠᎴ ᎤᏂᏣᏘ ᎠᏂᏍᎩᎾ ᏚᏄᎪᏫᏎᎢ; ᎠᎴ ᎥᏝ ᏩᏂᏁᎩ ᏱᏕᎵᏎᎮ ᎠᏂᏍᎩᎾ, ᎤᏗᎦᎵᏍᏙᏗᏍᎨ ᎬᏬᎵᎬᎢ.
35. ᏑᎾᎴᏃ, ᎠᏏ ᎪᎯᏗᏳ ᎬᏩᎩᏨᏗ ᎨᏒ ᎤᏗᏛᎮ ᎤᏄᎪᏤᎢ, ᎠᎴ ᎢᎾᎨ ᏭᎶᏎᎢ, ᎠᎴ ᎾᎿᎭᎤᏓᏙᎵᏍᏔᏁᎢ.
36. ᏌᏩᏂᏃ ᎠᎴ ᎾᏍᎩ ᎠᏁᎯ, ᎬᏩᏍᏓᏩᏛᏎᎢ.
37. ᏫᎬᏩᏩᏛᎲᏃ, ᎯᎠ ᏂᎬᏩᏪᏎᎴᎢ, ᏂᎦᏛᏉ ᏴᏫ ᎨᏣᏲᏎ.
38. ᎯᎠᏃ ᏂᏚᏪᏎᎴᎢ, ᏗᏐᎢ ᏙᏗᎦᏚᎲ ᏫᏗᎶᎯ, ᎾᎿᎭᎾᏍᏉ ᎦᎵᏥᏙᏂᏙᎸᎭ; ᎾᏍᎩᏰᏃ ᎢᏳᏍᏗ ᎠᎩᎷᏥᎸ.
39. ᎠᎵᏥᏙᏂᏙᎮᏃ ᏧᏂᎳᏫᎢᏍᏗᏱ ᏂᎬᎾᏛ ᎨᎵᎵ, ᎠᎴ ᎠᏂᏍᎩᎾ ᏕᎦᏄᎪᏫᏍᎨᎢ.
40. ᎠᏓᏰᏍᎩᏃ ᎤᏢᎩ ᎤᎷᏤᎴᎢ, ᎤᏓᏙᎵᏍᏓᏁᎴ ᏚᎵᏂᏆᏅᏁᎴᎢ, ᎠᎴ ᎯᎠ ᏄᏪᏎᎴᎢ, ᎢᏳᏃ ᎣᏏᏳ ᏱᏣᏰᎸᏅ, ᏰᎵᏉ ᏱᏍᎩᏅᎦᎸ.
41. ᏥᏌᏃ, ᎦᏙᎵᎬ ᎤᏙᏯᏅᎯᏕᎢ, ᎠᎴ ᎤᏒᏂᎴᎢ, ᎠᎴ ᎯᎠ ᏄᏪᏎᎴᎢ, ᎣᏏᏳ ᏥᏰᎸᏅ; ᏣᏓᏅᎦᎸᏛ ᎨᏎᏍᏗ.
42. ᎤᏁᏨᏉᏃ ᎩᎳᏉ ᎢᏴᏛ ᎠᏓᏰᏍᎩ ᎤᏢᎬ ᎤᎵᏛᏔᏁᎢ, ᎠᎴ ᎤᏓᏅᎦᎸᏛ ᎨᏎᎢ.
43. ᎤᎵᏂᎩᏛᏃ ᎤᏁᏤᎸ, ᎩᎳᏉ ᎢᏴᏛ ᎤᏁᏤᎴ ᎤᏓᏅᏍᏗᏱ;
44. ᎠᎴ ᎯᎠ ᏄᏪᏎᎴᎢ, ᎮᏯᏔᎮᏍᏗ ᏞᏍᏗ ᎩᎶ ᎪᎱᏍᏗ ᏥᎯᏃᏁᎵ; ᎮᎾᏉᏍᎩᏂ, ᎬᏂᎨᏒ ᏫᏂᏯᏛᏂᏏ ᎠᏥᎸᎨᎶᎯ, ᎠᎴ ᏩᎵᏍᎪᎸᏓ ᏣᏓᏅᎦᎸᎲ ᎤᎬᏩᎵ, ᎾᏍᎩ ᎼᏏ ᎤᏁᏨ ᎠᎵᏍᎪᎸᏙᏗᏱ, ᎾᏍᎩ ᎤᎾᏙᎯᏳᎾᏁᏗᏱ.
45. ᎠᏎᏃ ᎤᏄᎪᏨ, ᎤᎴᏅᎮ ᎤᏣᏘ ᏚᏰᎵᎯᏍᏔᏁᎢ, ᎠᎴ ᏚᏃᏣᎳᏁ ᎾᏍᎩ, ᎾᏍᎩᏃ ᎢᏳᏍᏗ ᏥᏌ ᎥᏝ ᎿᎭᏉ ᎬᏂᎨᏒ ᏫᎬᏩᏴᏍᏗ ᏱᎨᏎ ᎦᏚᎲᎢ, ᏙᏱᏗᏢᏉᏍᎩᏂ ᎢᎾᎨ ᏕᎨᏌᏗᏒ ᎡᏙᎮᎢ; ᏂᎬᎾᏛᏉᏃ ᏂᏙᏓᏳᏂᎶᏒᎯ ᎬᏩᎷᏤᎮᎢ.

== Mark 2 ==
1. ᏔᎵᏁᏃ ᎢᎸᏍᎩ ᏫᏄᏒᎸ ᎨᏆᏂ ᏭᏴᎴᎢ; ᏚᏃᏣᎶᏤᏃ ᎦᎵᏦᏕ ᎠᏯᎥᎢ.
2. ᎩᎳᏉᏃ ᎢᏴᏛ ᎤᏂᏣᏘ ᏚᏂᎳᏫᏦᎴᎢ, ᎾᏍᎩ ᎢᏳᏍᏗ ᎥᏝ ᏳᏜᏓᏅᏕ, ᎥᏝ ᎾᏍᏉ ᎦᎶᎯᏍᏗᏳᎶᏗ; ᎧᏃᎮᏛᏃ ᏚᎵᏥᏙᏁᎴᎢ.
3. ᎬᏩᎷᏤᎴᏃ ᎩᎶ ᎢᏳᏍᏗ ᎤᎸᏓᎸᎥᏍᎩ ᎠᏂᏁᎮᎢ, ᎾᏍᎩ ᏅᎩ ᎢᏯᏂᏛ ᎬᏩᏃᎴᎢ.
4. ᎤᏂᏄᎸᏅᏃ ᎦᏙᎬ ᎾᎥ ᎤᏂᎷᎯᏍᏗᏱ ᎠᏂᏁᏄᎸ ᎢᏳᏍᏗ, ᎤᏅᏁᏎ ᎾᎿᎭᎠᏯᎥᎢ; ᎤᏅᏁᏒᏃ, ᎡᎳᏗ ᏄᏅᏁᎴ ᎠᏤᏍᏙ ᎾᎿᎭᎤᎸᏓᎸᎥᏍᎩ ᎦᏅᎬᎢ.
5. ᏥᏌᏃ ᎤᎪᎲ ᎤᏃᎯᏳᏒᎢ, ᎯᎠ ᏄᏪᏎᎴ ᎤᎸᏓᎸᎥᏍᎩ, ᎠᏯᏥ, ᏣᏍᎦᏅᏨ ᎡᏣᏙᎵᎩ.
6. ᎠᏎᏃ ᎾᎿᎭᎠᏂᏁ ᎩᎶ ᎢᏳᎾᏍᏗ ᏗᏃᏪᎵᏍᎩ, ᎯᎠ ᏄᏍᏕ ᎠᎾᏓᏅᏖᏍᎨ ᏙᏧᎾᏓᏅᏛᎢ,
7. ᎦᏙᏃ ᎯᎠ ᎠᏍᎦᏯ ᎯᎠ ᏂᎦᏪᎭ ᎢᎠᏐᏢᎢᏍᏗᎭ? ᎦᎪ ᏰᎵ ᎠᏍᎦᏅᏨ ᎬᏩᏓᏙᎵᏍᏗ, ᏌᏉᏉ ᎤᏩᏒ, ᎾᏍᎩ ᎤᏁᎳᏅᎯ?
8. ᎩᎳᏉᏃ ᎢᏴᏛ ᏥᏌ ᏧᏓᏅᏛ ᎤᏙᎴᎰᏒ ᏄᏍᏛ ᎠᎾᏓᏅᏖᏍᎬ ᏙᏧᎾᏓᏅᏛᎢ, ᎯᎠ ᏂᏚᏪᏎᎴᎢ; ᎦᏙᏃ ᎾᏍᎩ ᎯᎠ ᏂᎤᏍᏗ ᎢᏣᏓᏅᏖᎭ ᏙᏗᏣᏓᏅᏛᎢ?
9. ᎦᏙ ᎤᏍᏗ ᎤᏟ ᎠᎯᏗᏳ? ᏥᎪ ᎯᎠ ᏱᎾᎦᏪᏎ ᎤᎸᏓᎸᎥᏍᎩ, ᏣᏍᎦᏅᏨ ᎡᏣᏙᎵᎩ; ᎯᎠᎨ ᏱᎾᎦᏪᎠ, ᏔᎴᎲᎦ, ᎠᎴ ᎯᎾᎩ ᏣᏤᏍᏙ, ᎠᎴ ᎮᏓ?
10. ᎠᏎᏃ ᎢᏣᏙᎴᎰᎯᏍᏗᏱ ᏴᏫ ᎤᏪᏥ ᎤᎲᎢ ᎬᏩᏓᏙᎵᏍᏗ ᎨᏒ ᎠᏍᎦᏅᏨᎢ ᎠᏂ ᎡᎶᎯ (ᎯᎠ ᏄᏪᏎᎴ ᎤᎸᏓᎸᎥᏍᎩ,)
11. ᎬᏲᏎᎭ, ᏔᎴᎲᎦ, ᎠᎴ ᎯᎾᎩ ᏣᏤᏍᏙ, ᎠᎴ ᏗᏤᏅᏒ ᏫᎶᎯ.
12. ᎩᎳᏉᏃ ᎢᏴᏛ ᏚᎴᏁᎢ, ᎤᏁᏒᏃ ᎠᏤᏍᏙ, ᎤᏄᎪᏤ ᏂᎦᏛ ᎠᏂᎦᏔᎲᎢ; ᎾᏍᎩ ᎢᏳᏍᏗ ᏂᎦᏛ ᎤᏂᏍᏆᏂᎪᏎᎢ, ᎠᎴ ᎤᏁᎳᏅᎯ ᎤᏂᎸᏉᏔᏁ ᎯᎠ ᏄᏂᏪᏎᎢ; ᎥᏝ ᎢᎸᎯᏳ ᎾᏍᎩ ᎢᏳᏍᏗ ᏲᎩᎪᎰᎢ.
13. ᏔᎵᏁᏃ ᎤᏄᎪᏤ ᎥᏓᎵ ᎤᎶᏗ ᎤᏪᏙᎴᎢ; ᎠᎴ ᏂᎦᏛ ᎤᏂᏣᏘ ᏫᎬᏩᎷᏤᎴᎢ, ᎠᎴ ᎾᏍᎩ ᏚᏪᏲᏁᎢ.
14. ᎠᎢᏒᏃ, ᎵᏫ ᎡᎵᏈ ᎤᏪᏥ ᎤᎪᎮ ᎤᏬᎴ ᎠᏰᎵ ᎠᏕᎸ ᎠᎩᏍᏗᏱ, ᎠᎴ ᎯᎠ ᏄᏪᏎᎴᎢ, ᏍᎩᏍᏓᏩᏚᎦ. ᏚᎴᏅᏃ ᎤᏍᏓᏩᏛᏎᎢ.
15. ᎯᎠᏃ ᏄᎵᏍᏔᏁᎢ, ᎾᏍᎩ [ᏥᏌ] ᎦᏅᎬ ᎠᎵᏍᏓᏴᎲᏍᎬ ᎾᏍᎩ ᎦᏁᎸᎢ, ᎤᏂᏣᏖ ᎠᏕᎸ ᎠᏂᎩᏏᏙᎯ ᎠᎴ ᎠᏂᏍᎦᎾ ᎢᏧᎳᎭ ᏓᏂᏅᎨ ᏥᏌ ᎠᎴ ᎬᏩᏍᏓᏩᏗᏙᎯ; ᎤᏂᏣᏖᏰᏃ, ᎠᎴ ᎬᏩᏍᏓᏩᏗᏙᎮᎢ.
16. ᏗᏃᏪᎵᏍᎩᏃ ᎠᎴ ᎠᏂᏆᎵᏏ ᎬᏩᎪᎲ ᎢᏧᎳᎭ ᎠᎾᎵᏍᏓᏴᎲᏍᎬ ᎠᏕᎸ ᎠᏂᎩᏏᏙᎯ ᎠᎴ ᎠᏂᏍᎦᎾ, ᎯᎠ ᏂᏚᏂᏪᏎᎴ ᎬᏩᏍᏓᏩᏗᏙᎯ, ᎦᏙᏃ ᎢᏧᎳᎭ ᏣᎾᎵᏍᏓᏴᎲᏍᎦ ᎠᎴ ᎢᏧᎳᎭ ᏣᎾᏗᏔᏍᎦ ᎠᏕᎸ ᎠᏂᎩᏏᏙᎯ ᎠᎴ ᎠᏂᏍᎦᎾᎢ.
17. ᏥᏌᏃ ᎾᏍᎩ ᎤᏛᎦᏅ ᎯᎠ ᏂᏚᏪᏎᎴᎢ, ᎾᏍᎩ ᏂᏚᏂᏢᎬᎾ ᎥᏝ ᎤᏚᎸᏗ ᏱᏄᎾᎵᏍᏓᏁᎰ ᏗᏓᏅᏫᏍᎩ, ᏧᏂᏢᎩᏍᎩᏂ; ᎥᏝ ᎤᎾᏓᏅᏘ ᏱᏗᏥᏯᏅᎯᎸ, ᎠᏂᏍᎦᎾᏍᎩᏂ ᏚᎾᏓᏅᏛ ᏧᏂᏁᏟᏴᏍᏗᏱ.
18. ᏣᏂᏃ ᎬᏩᏍᏓᏩᏗᏙᎯ ᎠᎴ ᎠᏂᏆᎵᏏ ᎬᏩᏂᏍᏓᏩᏗᏙᎯ ᎠᎹᏟ ᎠᏅᏍᎩ ᎨᏎᎢ; ᎤᏂᎷᏤᏃ ᎠᎴ ᎯᎠ ᏂᎬᏩᏪᏎᎴᎢ, ᎦᏙᏃ ᏣᏂ ᎬᏩᏍᏓᏩᏗᏙᎯ, ᎠᎴ ᎠᏂᏆᎵᏏ ᎬᏩᏂᏍᏓᏩᏗᏙᎯ ᎠᎹᏟ ᏣᏅᏍᎪᎢ, ᏂᎯᏃ ᎨᏣᏍᏓᏩᏗᏙᎯ ᎠᎹᏟ ᎾᏅᏍᎬᎾ ᏥᎨᏐᎢ?
19. ᏥᏌᏃ ᎯᎠ ᏂᏚᏪᏎᎴᎢ, ᏥᎪ ᏕᎨᎦᏨᏍᏗᏍᎬ ᎠᏂᎦᏔᎯ ᏰᎵ ᎠᎹᏟ ᏯᏅᎾ ᎠᏕᏒᎲᏍᎩ ᎤᏁᎳᏗᏙᎲ ᎢᎪᎯᏛ? ᎢᎪᎯᏛ ᎠᏕᏒᎲᏍᎩ ᎤᏁᎳᏗᏙᎲ, ᎥᏝ ᏰᎵ ᎠᎹᏟ ᏴᎬᏅᎾ.
20. ᏛᏍᏆᎸᎯᏍᎩᏂ ᎾᎯᏳ ᎨᏥᏯᏅᎡᏗᏱ ᎠᏕᏒᎲᏍᎩ, ᎾᎯᏳᏃ ᎿᎭᏉ ᎠᎹᏟ ᏛᏅᏂ.
21. ᎥᏝ ᎠᎴ ᎩᎶ ᎤᏪᏘ ᎠᏄᏬ ᎢᏤ ᎠᎬᎭᎸᏛ ᏱᎦᎵᏍᏢᏗᏍᎪᎢ, ᎢᏤᏰᏃ ᎠᎬᎭᎸᏛ ᎦᎳᏍᏢᏔᏅᎯ ᏴᎦᏣᎦᎸᏙᏓ ᎤᏪᏘ, ᎾᏍᎩᏃ ᎤᏓᏣᏕᎸᎲ ᎤᏟ ᎡᏉᎯᏳ ᏱᏅᎦᎵᏍᏓ.
22. ᎥᏝ ᎠᎴ ᎩᎶ ᎢᏤ ᎩᎦᎨ-ᎠᏗᏔᏍᏗ ᏧᏪᏘ ᏗᏑᏢᏛ ᏱᏓᏟᏍᏗᏍᎪᎢ; ᎢᏤᏰᏃ ᎩᎦᎨ-ᎠᏕᏔᏍᏗ ᏱᏙᎦᏣᎦᎸ ᏗᏑᏢᏛ, ᎠᎴ ᎩᎦᎨ-ᎠᏗᏔᏍᏗ ᏯᏤᏬᎩ, ᎠᎴ ᏗᏑᏢᏛ ᏱᏓᏲᎩ; ᎢᏤᏍᎩᏂ ᎩᎦᎨ-ᎠᏗᏔᏍᏗ, ᏗᏤ ᏗᏑᏢᏛ ᏗᏟᏍᏙᏗ ᎨᏐᎢ.
23. ᎯᎠᏃ ᏄᎵᏍᏔᏁᎢ, ᎾᏍᎩ ᏠᎨᏏ ᎤᏣᎴᏍᏗ ᏓᏫᏒ ᎤᎶᏎ ᎤᎾᏙᏓᏆᏍᎬ ᎢᎦ; ᎬᏩᏍᏓᏩᏗᏙᎯᏃ ᎤᎾᎴᏅᎮ ᎠᎾᎢᏒ ᎤᏂᏍᎫᏕᏍᏔᏅᏎ ᎤᏣᎴᏍᏗ.
24. ᎠᏂᏆᎵᏏᏃ ᎯᎠ ᏂᎬᏩᏪᏎᎴᎢ, ᎬᏂᏳᏉ, ᎦᏙᏃ ᎤᎾᏙᏓᏆᏍᎬ ᎢᎦ ᏂᏚᏳᎪᏛᎾ ᎨᏒ ᎾᎾᏛᏁᎭ.
25. ᎯᎠᏃ ᏂᏚᏪᏎᎴᎢ, ᏝᏍᎪ ᏱᏥᎪᎵᏰᎣ ᏕᏫ ᏄᏛᏁᎸ ᏧᏂᎬᏎᎮ ᎢᏳ, ᎠᎴ ᎠᎪᏄ ᏧᏲᏏᏍᎨᎢ, ᎤᏩᏒ, ᎠᎴ ᎾᏍᎩ ᏣᏁᎮᎢ?
26. ᎾᏍᎩ ᎤᏁᎳᏅᎯ ᎤᏤᎵ ᎠᏓᏁᎸ ᏧᏴᎴ ᎾᎯᏳ ᏤᎮ ᎡᏆᏱᏓ ᏄᎬᏫᏳᏒ ᎠᏥᎸ-ᎨᎶᎯ, ᎠᎴ ᏧᎨ ᎠᎦᏙᏗ ᎦᏚ, ᎾᏍᎩ ᎬᎩᏍᏗ ᏂᎨᏒᎾ ᏥᎨᏎ ᎠᏥᎸᎠᏁᎶᎯ ᎤᏅᏒ, ᎠᎴ ᎾᏍᏉ ᏥᏚᏁᎴ ᎾᏍᎩ ᎠᏁᎯ.
27. ᎠᎴ ᎯᎠ ᏂᏚᏪᏎᎴᎢ, ᎤᎾᏙᏓᏆᏍᎬ ᎤᏙᏢᏁ ᏴᏫ ᏅᏗᎦᎵᏍᏙᏗᏍᎨᎢ; ᎥᏝᏃ ᎤᎾᏙᏓᏆᏍᎬ ᏱᏅᏗᎦᎵᏍᏙᏗᏍᎨ ᏴᏫ ᏱᎨᎪᏢᏁᎢ.
28. ᎾᏍᎩ ᎢᏳᏍᏗ ᎾᏍᏉ ᏴᏫ ᎤᏪᏥ ᎤᎾᏙᏓᏆᏍᎬ ᎤᎬᏫᏳᎯ.

== Mark 3 ==
1. ᏔᎵᏁᏃ ᏭᏴᎴ ᏗᎦᎳᏫᎢᏍᏗᏱ; ᎾᎿᎭᏃ ᎡᏙᎮ ᎠᏍᎦᏯ ᎤᏬᏰᏂ ᎤᏩᎢᏎᎸᎯ.
2. ᎬᏩᏯᏫᏎᏃ ᎤᎾᏚᎵᏍᎨ ᎤᎾᏙᎴᎰᎯᏍᏗᏱ ᎬᏩᏓᏅᏬᏗ ᎨᏒ ᎤᎾᏙᏓᏆᏍᎬ ᎢᎦ, ᎾᏍᎩ ᎬᏩᏰᎢᎵᏓᏍᏗᏱ.
3. ᎯᎠᏃ ᏄᏪᏎᎴ ᎠᏍᎦᏯ ᎤᏬᏰᏂ ᎤᏩᎢᏎᎸᎯ; ᎠᏰᎵ ᎭᎴᎲᎦ.
4. ᎯᎠᏃ ᏂᏚᏪᏎᎴᎢ, ᏚᏳᎪᏗᏍᎪ ᎣᏍᏛ ᏗᎦᎸᏫᏍᏓᏁᏗᏱ ᎤᎾᏙᏓᏆᏍᎬ ᎢᎦ, ᎤᏲᎨ ᏗᎦᎸᏫᏍᏓᏁᏗᏱ? ᎬᏅ ᎩᎶ ᎠᏍᏕᎸᎡᏗᏱ, ᎠᎯᏍᏗᏱᎨ? ᎡᎳᏪᏉᏃ ᎤᏅᏎᎢ.
5. ᎤᏐᏅᏤᎯᏃ ᏕᎤᎧᎿᎭᏅ ᎾᏍᎩ ᎬᏩᏚᏫᏛ ᏄᎾᏛᏅ, ᎤᏕᏯᏔᏁᎲ ᏗᏍᏓᏱᏳ ᎨᏒ ᏧᏂᎾᏫ, ᎯᎠ ᏄᏪᏎᎴ ᎠᏍᎦᏯ; ᎭᏙᏯᏅᎯᏛ. ᎤᏙᏯᏅᎯᏕᏃ, ᎤᏬᏰᏂᏃ ᎬᏩᏃᏍᏛ ᏄᎵᏍᏔᏁ ᎾᏍᎩᏯ ᏐᎢ ᏄᏍᏛᎢ.
6. ᎠᏂᏆᎵᏏᏃ ᎤᏂᏄᎪᏨ, ᎩᎳᏉ ᎢᏴᏛ ᏭᎾᎵᏃᎮᎴ ᎡᎶᏛ ᎬᏩᏍᏕᎵᏍᎩ ᎬᏩᏡᏗᏍᎬ, ᎾᏍᎩ ᎢᏳᏅᏁᏗᏱ ᎤᏂᎯᏍᏗᏱ.
7. ᏥᏌᏃ ᎤᏓᏅᏎ ᏚᏘᏅᏎ ᎬᏩᏍᏓᏩᏗᏙᎯ ᎥᏓᎵ ᏭᏂᎶᏎᎢ; ᎤᏂᏣᏘᏃ ᎬᏩᏍᏓᏩᏛᏎᎢ, ᏅᏓᏳᏂᎶᏒᎯ ᎨᎵᎵ, ᎠᎴ ᏧᏗᏱ,
8. ᎠᎴ ᏥᎷᏏᎵᎻ, ᎠᎴ ᎢᏙᎻᏱ, ᎠᎴ ᏦᏓᏂ ᎢᏍᎪᏂᏗᏢ; ᎠᎴ ᏓᏯ ᎠᎴ ᏌᏙᏂ ᎾᎥ ᏗᏁᎯ, ᎤᏣᏘ ᎠᏂᎪᏗᏳ, ᎾᏍᎩ ᎤᎾᏛᎦᏅ ᏂᎦᎥ ᎤᏍᏆᏂᎪᏗ ᏕᎤᎸᏫᏍᏓᏁᎸ, ᎬᏩᎷᏤᎴᎢ.
9. ᏚᏁᏤᎴᏃ ᎬᏩᏍᏓᏩᏗᏙᎯ, ᎾᏍᎩ ᏥᏳ ᎤᎦᏘᏗᏍᏗᏱ, ᎤᏂᏣᏘ ᎨᏒ ᎢᏳᏍᏗ, ᎾᏍᎩ ᎬᏩᏁᏄᎳᏍᏙᏗᏱ ᏂᎨᏒᎾ.
10. ᎤᏂᏣᏖᏰᏃ ᏚᏅᏩᏁᎢ; ᎾᏍᎩ ᎢᏳᏍᏗ ᎬᏩᏁᏄᎳᏍᏗᏍᎨ ᎬᏩᏃᏟᏍᏙᏗᏱ ᎤᎾᏚᎵᏍᎨᎢ, ᏂᎦᏛ ᎪᎱᏍᏗ ᏗᎾᎵᏍᏗᏍᎩ.
11. ᎠᎴ ᏗᎦᏓᎭ ᏗᏓᏅᏙ, ᎢᏳᏃ ᎬᏩᎪᏩᏛ, ᎡᎳᏗ ᎬᏩᏓᏅᏁᎮ, ᎠᎴ ᎠᏁᎷᎲᏍᎨ, ᎯᎠ ᎾᏂᏪᏍᎨᎢ, ᎤᏁᎳᏅᎯ ᎤᏪᏥ ᏂᎯ.
12. ᎤᎵᏂᎩᏛᏃ ᏚᏁᏤᎴ ᎾᏍᎩ ᎬᏂᎨᏒ ᎢᎬᏩᏁᏗᏱ ᏂᎨᏒᎾ.
13. ᎤᎿᎭᎷᏎᏃ ᎣᏓᎸᎢ, ᎠᎴ ᏚᏯᏅᎮ ᎾᏍᎩ ᎤᏚᎵᏍᎬ ᏧᏯᏅᏗᏱ; ᎠᎴ ᎬᏩᎷᏤᎮᎢ.
14. ᎠᎴ ᏚᏑᏰᏎ ᏔᎳᏚ ᎢᏯᏂᏛ, ᎾᏍᎩ ᎬᏩᏍᏓᏩᏗᏓᏍᏗᏱ, ᎠᎴ ᎾᏍᎩ ᏧᏅᏍᏗᏱ ᎤᎾᎵᏥᏙᏂᏓᏍᏗᏱ,
15. ᎠᎴ ᏧᎵᏍᎪᎸᏓᏁᏗᏱ ᏚᏂᏢᎬ ᏧᏂᏅᏬᏗᏱ, ᎠᎴ ᎠᏂᏍᎩᎾ ᏧᏂᏄᎪᏫᏍᏗᏱ;
16. ᏌᏩᏂᏃ ᏈᏓ ᏚᏬᎡᎢ.
17. ᎠᎴ ᏥᎻ ᏤᏈᏗ ᎤᏪᏥ, ᎠᎴ ᏣᏂ ᏥᎻ ᏗᎾᏓᏅᏟ; ᎠᎴ ᎾᏍᎩ ᏉᎠᎾᏥ ᏚᏬᎡᎢ, ᎾᏍᎩ ᎠᏴᏓᏆᎶᏍᎩ ᏧᏪᏥ ᎦᏛᎦ;
18. ᎠᎴ ᎡᏂᏗ, ᎠᎴ ᏈᎵᎩ, ᎠᎴ ᏆᏙᎳᎻ, ᎠᎴ ᎹᏚ, ᎠᎴ ᏓᎻ, ᎠᎴ ᏥᎻ ᎡᎵᏈ ᎤᏪᏥ, ᎠᎴ ᏓᏗᏯ, ᎠᎴ ᏌᏩᏂ ᎠᎨᎾᏂᏗ,
19. ᎠᎴ ᏧᏓᏏ ᎢᏍᎦᎳᏗ, ᎾᏍᎩ ᏍᏉ ᏧᎶᏄᎮᎴᎢ; ᎠᏓᏁᎸᏃ ᏭᏂᎶᏎᎢ.
20. ᎤᏂᏣᏘᏃ ᏔᎵᏁ ᏚᏂᎳᏫᏦᎴᎢ, ᏍᎩ ᎢᏳᏍᏗ ᎾᏍᏉ ᏂᎤᏟᏍᏕ ᎦᏚ ᎤᏂᎩᏍᏗᏱ.
21. ᎪᎱᏍᏗᏃ ᏧᏩᏅ ᎤᎾᏛᎦᏅ, ᎤᏁᏅᏎ ᎬᏩᏂᏴᎲᏎᎢ; ᎯᎠᏰᏃ ᎾᏂᏪᏍᎨᎢ, ᎤᎸᏃᏘᎭ.
22. ᏗᏃᏪᎵᏍᎩᏃ ᏥᎷᏏᎵᎻ ᏅᏓᏳᏂᎶᏒᎯ, ᎯᎠ ᎾᏂᏪᏍᎨᎢ, ᏇᎵᏥᏆ ᎤᏪᎭ, ᎠᎴ ᎤᎬᏫᏳᎯ ᎠᏂᏍᎩᎾ ᎤᎾᏤᎵᎦ ᎬᏗᎭ ᏕᎦᏄᎪᏫᏍᎦ ᎠᏂᏍᎩᎾ.
23. ᎾᏍᎩᏃ ᏫᏚᏯᏅᎲ, ᎯᎠ ᏂᏚᏪᏎᎴ ᏚᏟᎶᏍᏓᏁᎴᎢ, ᎦᏙ ᏱᎦᎵᏍᏙᏓ ᏎᏓᏂ ᏱᎦᏄᎪᏩ ᏎᏓᏂ?
24. ᎢᏳ ᎠᎴ ᎠᏰᎵ ᎪᏢᏒ ᏔᎵ ᏱᏄᏓᎠ, ᎤᏩᏒᏉ ᏯᏓᏡᏗᎭ, ᎥᏝ ᏰᎵ ᏱᏂᎬᏩᏍᏗᏉ ᎾᏍᎩ ᎠᏰᎵ ᎪᏢᏒᎢ.
25. ᎢᏳ ᎠᎴ ᏏᏓᏁᎸ ᎨᏒ ᏔᎵ ᏱᏄᏓᎠ, ᎤᏩᏒᏉ ᏯᏓᏡᏗᎭ, ᎾᏍᎩ ᏏᏓᏁᎸ ᎨᏒ ᎥᏝ ᏰᎵ ᏱᏂᎬᏩᏍᏗᏉ.
26. ᎢᏳ ᎠᎴ ᏎᏓᏂ ᏱᏚᎴᏅ ᎤᏩᏒ ᏱᏚᏓᎦᏘᎴᏅ, ᎠᎴ ᏔᎵ ᏱᏄᏓᎠ, ᎥᏝ ᏰᎵ ᏱᏂᎬᏩᏍᏗᏉ, ᏱᏩᏍᏔᏉᏍᎩᏂ ᎡᎲᎢ.
27. ᎥᏝ ᎩᎶ ᎤᎵᏂᎩᏛ ᎠᏍᎦᏯ ᎦᏁᎸ ᏴᎬᏴᎭ, ᎠᎴ ᏴᎬᏬᏅ ᎤᎿᎭᎥᎢ, ᎬᏂ ᎢᎬᏱ ᏳᎸᎸ ᎾᏍᎩ ᎤᎵᏂᎩᏛ ᎠᏍᎦᏯ; ᎩᎳ ᎿᎭᏉ ᏯᏬᏅ ᎦᏁᎸ ᎤᎿᎭᎥᎢ.
28. ᎤᏙᎯᏳᎯᏯ ᎢᏨᏲᏎᎭ, ᏂᎦᎥ ᎠᏍᎦᏅᎢᏍᏗ ᎨᏒ, ᎦᎨᏥᏙᎵᏍᏗᏉ ᎨᏎᏍᏗ ᏴᏫ ᏧᏁᏥ, ᎠᎴ ᎠᏐᏢᎢᏍᏙᏗ ᎨᏒ, ᏂᎦᎥ ᎬᏩᏂᏐᏢᎢᏍᏙᏗ ᎨᏒᎢ;
29. ᎩᎶᏍᎩᏂ ᎦᎸᏉᏗᏳ ᎠᏓᏅᏙ ᎠᏐᏢᎢᏍᏗᏍᎨᏍᏗ, ᎥᏝ ᎢᎸᎯᏳ ᎦᏰᏥᏙᎵᏍᏗ ᏱᎨᏎᏍᏗ, ᏗᎦᏰᎫᎪᏓᏁᏗᏉᏍᎩᏂ ᏫᎾᏍᏛᎾ ᎤᏍᏛᏗᏍᏗᏱ;
30. ᏅᏗᎦᎵᏍᏙᏗᏍᎨᎢ, ᎦᏓᎭ ᎠᏓᏅᏙ ᎤᏯᎠ, ᎤᎾᏛᏅᎢ.
31. ᎿᎭᏉᏃ ᎬᏩᎷᏤᎴ ᎠᎾᎵᏅᏟ, ᎠᎴ ᎤᏥ, ᎠᎴ ᏙᏱᏗᏢ ᏓᏂᏙᎨ, ᎤᎾᏓᏅᏎ ᏫᎬᏩᏯᏂᏍᎨᎢ.
32. ᎤᏂᏣᏘᏃ ᎠᏂᏁ ᎬᏩᏓᏡᏫᏍᏕᎢ; ᎯᎠᏃ ᏂᎬᏩᏪᏎᎴᎢ, ᎬᏂᏳᏉ, ᏣᏥ ᎠᎴ ᎢᏣᎵᏅᏟ ᏙᏱᏗᏢ ᏗᎨᏣᏲᎭ.
33. ᏚᏁᏤᎴᏃ ᎯᎠ ᏄᏪᏎᎢ, ᎦᎪ ᎡᏥ, ᎠᎴ ᎣᏣᎵᏅᏟ?
34. ᎬᏩᏚᏫᏛᏃ ᏚᎧᎿᎭᏂᏙᎸ ᎤᏬᎸ ᎾᎥ ᎠᏂᏂ ᏚᎧᎾᏅ ᎯᎠ ᏄᏪᏎᎢ; ᎬᏂᏳᏉ ᎡᏥ, ᎠᎴ ᎣᏣᎵᏅᏟ?
35. ᎩᎶᏰᏃ ᎤᏁᎳᏅᎯ ᎤᏚᎵᏍᎬ ᎾᏛᏁᎮᏍᏗ, ᎾᏍᎩ ᏦᏍᏓᏓᏅᏟ, ᎠᎴ ᎥᎩᏙ, ᎠᎴ ᎡᏥ.

== Mark 4 ==
1. ᏔᎵᏁᏃ ᎤᎴᏅᎮ ᏚᏕᏲᏁ ᎥᏓᎷᎶᏗ; ᎤᏂᏣᏘᏃ ᎬᏩᏓᏡᏫᏍᏔᏁᎢ, ᎾᏍᎩ ᎢᏳᏍᏗ ᏥᏳᎯ ᎤᏣᏁᎢ, ᎠᎴ ᎥᏓᎵ ᎠᏔᎸ ᎤᏪᏁᎢ; ᏂᎦᏛᏃ ᎤᏂᏣᏘ ᎨᏒ ᎥᏓᎷᎶᏗ ᏙᏱ ᎨᏒ ᎠᏂᏙᎾᎡᎢ.
2. ᎠᎴ ᎤᏣᏖ ᏧᏓᎴᏅᏛ ᏚᏪᏲᏁ ᏚᏟᎶᏍᏓᏁᎴᎢ, ᎠᎴ ᎯᎠ ᏂᏚᏪᏎᎴ ᏓᏕᏲᎲᏍᎬᎢ,
3. ᎢᏣᏛᏓᏍᏓ; ᎬᏂᏳᏉ, ᎠᏫᏍᎩ ᎤᏫᏒᏎᎢ;
4. ᎯᎠᏃ ᏄᎵᏍᏔᏁ ᎠᏫᏍᎬᎢ, ᎾᏍᎩ ᎢᎦᏛ ᏅᏃᎱᎶᏗ ᎤᎳᎨᏯᏛᏤᎢ, ᏥᏍᏆᏃ ᎦᎸᎶᎢ ᎠᏂᏃᎯᎢᏙᎯ ᎤᏂᎷᏤ ᎠᎴ ᎤᏂᎪᏁᎢ.
5. ᎢᎦᏛᏃ ᏅᏲᎯ ᎨᏒ ᎤᎳᎨᏯᏛᏤᎢ, ᎾᎿᎭᎦᏲᎵᏳ ᎨᏒ ᎦᏓ; ᎠᎴ ᎩᎳᏉ ᎢᏴᏛ ᏗᎤᎵᏰᏁᎢ, ᏅᏗᎦᎵᏍᏙᏗᏍᎨ ᏌᎨᎢᏳ ᎨᏒ ᎦᏓ;
6. ᎠᏎᏃ ᏅᏙ ᎢᎦ-ᎡᎯ ᏧᎧᎸᏨ ᎤᎴᏴᏎᎢ; ᎠᎴ ᏂᏚᎿᎭᏍᏕᏢᎾ ᎨᏒ ᎢᏳᏍᏗ, ᎤᎿᎭᏍᎬᏤᏉ.
7. ᎢᎦᏛᏃ ᎠᏄᎦᎸᎯ ᎤᎳᎨᏯᏛᏤᎢ; ᎠᏄᎦᎸᏃ ᏧᏛᏎᎢ, ᎠᎴ ᎤᏁᏄᎳᏍᏔᏁᎢ, ᎠᎴ ᏄᎾᏄᎪᏫᏒᎾ ᎨᏎ ᎤᎦᏔ.
8. ᎢᎦᏛᏃ ᎣᏒ ᎦᏙᎯ ᎤᎳᎨᏯᏛᏤᎢ, ᎠᎴ ᎤᎵᏰᏁᎢ, ᎠᎴ ᎠᏛᏍᎨᎢ, ᎠᎴ ᎧᏁᏉᎨᎢ, ᎠᎴ ᎤᎦᏔᏔᏁᎢ, ᎢᎦᏛ ᏦᎠᏍᎪᎯ ᎢᏳᏩᎫᏗ, ᎢᎦᏛᏃ ᏑᏓᎵᏍᎪᎯ, ᎢᎦᏛᏃ ᎠᏍᎪᎯᏧᏈ.
9. ᎯᎠᏃ ᏂᏚᏪᏎᎴᎢ, ᎩᎶ ᏕᎦᎵᎷᎨᏍᏗ ᎤᏛᎪᏗᏱ, ᏩᏛᎬᎦ.
10. ᎤᏩᏒᏃ ᎨᏎᎢ, ᎾᏍᎩ ᎬᏩᏍᏓᏩᏗᏕᎩ ᎠᎴ ᏔᎳᏚ ᎢᏯᏂᏛ ᎬᏩᏛᏛᏁ ᎦᏛᎬ ᎾᏍᎩ ᏓᏟᎶᏍᏛᎢ.
11. ᎯᎠᏃ ᏂᏚᏪᏎᎴᎢ. ᏂᎯ ᎡᏥᏁᎸ ᎢᏦᎵᏍᏗᏱ ᎤᏕᎵᏛ ᎨᏒ ᎤᏁᎳᏅᎯ ᎤᎬᏫᏳᎯ ᎨᏒᎢ; Ꮎ-ᏍᎩᏂ ᏙᏱᏗᏢ ᎠᏁᏙᎯ ᎯᎠ ᎾᏍᎩ ᏂᎦᏛ ᏕᎨᎦᏟᎶᏍᏓᏁᎰᎢ;
12. ᎾᏍᎩ ᎠᏂᎪᏩᏗᏍᎬ ᎤᏂᎪᏩᏛᏗᏱ, ᎠᎴ ᎬᏩᎾᏙᎴᎰᎯᏍᏗ ᏂᎨᏒᎾ ᎢᏳᎵᏍᏙᏗᏱ; ᎠᎴ ᎠᎾᏛᎩᏍᎬ ᎤᎾᏛᎪᏗᏱ, ᎠᎴ ᎬᏩᏃᎵᏍᏗ ᏂᎨᏒᎾ ᎢᏳᎵᏍᏙᏗᏱ; ᎾᏍᎩ ᏧᎾᏓᏁᏟᏴᎡᏗᏱ ᏂᎨᏒᎾ ᏚᎾᏓᏅᏛ, ᎠᎴ ᎤᏂᏍᎦᏅᏨ ᎦᎨᏥᏁᏗᏱ ᏂᎨᏒᎾ.
13. ᎠᎴ ᎯᎠ ᏂᏚᏪᏎᎴᎢ, ᏝᏍᎪ ᏱᏦᎵᎦ ᎯᎠ ᎾᏍᎩ ᏓᏟᎶᏍᏛᎢ? ᎦᏙᏃ ᏱᎦᎵᏍᏙᏓ ᏱᏕᏦᎵᎩ ᏂᎦᏛ ᏓᏟᎶᏍᏛᎢ?
14. ᎾᏍᎩ ᎠᏫᏍᎩ ᎧᏃᎮᏛ ᎠᏫᏍᎪᎢ.
15. ᎯᎠᏃ ᎾᏍᎩ ᏅᏃᎱᎶᏗ ᎾᎿᎭᎧᏃᎮᏛ ᏥᎨᏥᏫᏎᎴᎢ; ᎿᎭᏉᏃ ᎠᎾᏛᎬᎦ, ᎠᏍᎩᎾ ᎦᎷᎪ ᎩᎳᏉ ᎢᏴᏛ, ᎠᎴ ᎠᎩᏍᎪ ᎧᏃᎮᏛ ᏧᏂᎾᏫᏱ ᎠᏫᏒᎯ.
16. ᎯᎠᏃ ᎾᏍᎩ ᎾᏍᏉ ᏅᏲᎯ ᏥᎨᏥᏫᏎᎴᎢ; ᎾᏍᎩ ᎿᎭᏉ ᎧᏃᎮᏛ ᎠᎾᏛᎬᎦ ᎩᎳᏉ ᎢᏴᏛ ᎤᎾᎵᎮᎵᏨᎯ ᏓᎾᏓᏂᎸᎪᎢ;
17. ᎠᎴ ᎥᏝ ᏱᏚᏂᎿᎭᏍᏕᏠᎢ, ᏞᎦᏉᏍᎩᏂ ᏓᏂᎧᎿᎭᏩᏕᎪᎢ; ᎿᎭᏉᏃ, ᎠᎩᎵᏯ ᎠᎴ ᎤᏕᏯᏙᏗ ᎠᎵᏰᎢᎶᎦ ᎧᏃᎮᏛ ᏛᎵᏰᎢᎸᏍᏓ, ᎩᎳᏉ ᎢᏴᏛ ᏚᏃᏕᎯᎰᎢ.
18. ᎠᎴ ᎯᎠ ᎠᏄᎦᎸᎯ ᏥᎨᏥᏫᏎᎴᎢ; ᎾᏍᎩ ᎯᎠ ᎧᏃᎮᏛ ᏣᎾᏛᎩᏍᎪᎢ,
19. ᎤᏪᎵᎯᏍᏗᏃ ᎡᎶᎯ ᎡᎯ, ᎠᎴ ᎨᏅᎢᏍᏗ ᎨᏒ ᎤᏓᎵᏓᏍᏗ ᎨᏒᎢ, ᎠᎴ ᏧᏓᎴᏅᏛ ᎪᎱᏍᏗ ᎠᏚᎸᏗ ᎨᏒ, ᎠᏂᏴᎯᎲ ᎠᏂᏁᏄᎳᏍᏗᏍᎪ ᎧᏃᎮᏛ, ᎠᎴ ᎾᏍᎩ ᎾᎦᏔᏛᏍᎬᎾᏉ ᎨᏐᎢ.
20. ᎯᎠᏃ ᎾᏍᎩ ᎣᏒ ᎦᏙᎯ ᏥᎨᏥᏫᏎᎴᎢ; ᎾᏍᎩ ᎠᎾᏛᎩᏍᎩ ᎧᏃᎮᏛ, ᎠᎴ ᏗᎾᏓᏂᎸᎩ, ᎠᎴ ᎠᏂᎦᏔᏛᏍᎩ, ᎢᎦᏛ ᏦᎠᏍᎪᎯ ᎢᏳᏩᎫᏗ, ᎢᎦᏛᏃ ᏑᏓᎳᏍᎪᎯ, ᎢᎦᏛᏃ ᎠᏍᎪᎯᏧᏈ.
21. ᎯᎠᏃ ᏂᏚᏪᏎᎴᎢ, ᎠᏨᏍᏙᏗᏍᎪ ᎠᏂᏃᎯᎰ ᎠᏟᎶᏍᏗ ᎦᎧᎲ ᎭᏫᏂᏗᏢ ᎤᏂᎪᏗᏱ, ᎠᎴ ᎦᏂᏢᏫᏉ? ᎥᏝᏃ ᎤᏂᎪᏗᏱ ᎠᏨᏍᏙᏗ ᎦᎪᏗᏱ?
22. ᎥᏝᏰᏃ ᎪᎱᏍᏗ ᏱᎬᏍᎦᎳ ᎾᏍᎩ ᎬᏂᎨᏒ ᎢᎬᏁᏗ ᏂᎨᏒᎾ; ᎥᏝ ᎠᎴ ᎪᎱᏍᏗ ᎤᏕᎵᏛ ᏱᏂᎬᏃ, ᎾᏍᎩ ᎠᏎ ᎬᏂᎨᏒ ᎢᏳᎵᏍᏙᏗ ᏂᎨᏒᎾ.
23. ᎩᎶ ᏕᎦᎵᎷᎨᏍᏗ ᎤᏛᎪᏗᏱ ᏩᏛᎬᎦ.
24. ᎯᎠᏃ ᏂᏚᏪᏎᎴᎢ, ᎢᏤᏯᏔᎮᏍᏗ ᏄᏍᏛ ᎢᏣᏛᎩᏍᎬᎢ; ᏄᏍᏛ ᎢᏣᏓᏟᎶᏒᎲ, ᎾᏍᎩᏯ ᎡᏣᎵᎾᎶᎡᏗ ᎨᏎᏍᏗ; ᏂᎯᏃ ᎢᏣᏛᎩᏍᎩ ᎡᏥᏁᏉᎡᏗ ᎡᏥᏁᏗ ᎨᏎᏍᏗ.
25. ᎩᎶᏰᏃ ᎤᎮᏍᏗ, ᎾᏍᎩ ᎠᏥᏁᏗ ᎨᏎᏍᏗ; ᎩᎶᏃ ᏄᎲᎾ ᎨᏎᏍᏗ, ᎾᏍᎩ ᎠᏥᎩᏒᏗ ᎨᏎᏍᏗ ᎾᏍᏉ ᎤᎲᎢ.
26. ᎯᎠᏃ ᏄᏪᏎᎢ, ᎤᏁᎳᏅᎯ ᎤᎬᏫᏳᎯ ᎨᏒ ᎾᏍᎩᏯᏉ ᎩᎶ ᎠᏍᎦᏯ ᎤᎦᏔ ᏳᏫᏒ ᎦᏙᎯ;
27. ᎠᎴ ᏳᎸᏅ, ᎠᎴ ᏯᏗᏗᎭ ᏗᎬᏩᎩᏨᏗ, ᎠᎴ ᎤᎦᏔ ᏳᎵᏰᏅ, ᎠᎴ ᏳᏛᏒ, ᏄᎵᏍᏙᏔᏅ ᏄᏙᎴᎰᏒᎾ.
28. ᎦᏙᎯᏰᏃ ᎤᏩᏒᏉ ᎦᎾᏄᎪᏫᏍᎪ ᎤᎦᏔᏔᏅᎯ; ᎢᎬᏱᏱ ᎨᏒ ᎤᎦᎶᎬ, ᎿᎭᏉᏃ ᎤᏍᎫᏓᏛᎢ, ᎣᏂᏃ ᎤᎧᎵᏨᎯ ᎤᎦᏔᏛ ᎤᏍᎫᏓᏛᎢ.
29. ᎿᎭᏉᏃ ᎠᎦᏛᎾᎩ ᎩᎳᏉ ᎢᏴᏛ ᎠᏍᎫᏕᏍᎪᎢ, ᎠᏍᎫᏕᏍᏗᏱᏰᏃ ᎤᎵᏰᎢᎶᎶᎢ.
30. ᎯᎠᏃ ᏄᏪᏎᎢ, ᎦᏙ ᏙᏓᏓᏤᎳᏍᏔᏂ ᎤᏁᎳᏅᎯ ᎤᎬᏫᏳᎯ ᎨᏒᎢ? ᎦᏙᎨ ᏓᏟᎶᏍᏛ ᏙᏓᏓᏟᎶᏍᏔᏂ?
31. ᎠᏥᎸ-ᎤᎦᏔ ᎾᏍᎩᏯᎢ, ᎾᏍᎩ ᎦᏙᎯ ᏣᏫᏐᎢ, ᏥᏭᏓᎪᎾᏛᏗ ᎤᏍᏗᎩᏳ ᎡᏍᎦᏉ ᏂᎦᎥ ᎤᎦᏔ ᎦᏙᎯ ᏓᎭᏛᎢ.
32. ᎠᏎᏃ ᎠᏫᏒᎯ ᏥᎨᏐᎢ, ᏗᏛᏍᎪᎢ, ᎠᎴ ᎤᏟ ᎡᏉᎯᏳ ᏂᎦᎵᏍᏗᏍᎪ ᎡᏍᎦᏉ ᏂᎦᎥ ᎤᏰᎿᎭᎥᎢ, ᎠᎴ ᏤᏉᎯᏳ ᏓᏱᏢᏍᎪᎢ; ᎠᎴ ᏥᏍᏆ ᎤᏜᏓᏅᏛ ᎠᏂᏃᎯᎵᏙᎯ ᏰᎵᏉ ᎤᏓᏩᏗᏍᏛ ᎭᏫᏂᏗᏢ ᎠᎾᎭᏗᏍᎪᎢ.
33. ᎾᏍᎩ ᏄᏪᏎ ᎤᏣᏖ ᏚᏟᎶᏍᏓᏁᎴᎢ, ᎧᏃᎮᏛ ᏚᎵᏥᏙᏁᎴᎢ, ᎾᏍᎩ ᏰᎵ ᎬᏩᎾᏛᎪᏗ ᏂᎦᎵᏍᏗᏍᎬᎢ.
34. ᏂᏓᏟᎶᏍᏓᏁᎲᎾᏍᎩᏂ ᎥᏝ ᏱᏚᏬᏁᏔᏁᎢ; ᎤᏅᏒᏃ ᎨᏎᎢ, ᏂᎦᏛ ᎾᏍᎩ ᏚᏬᏏᏌᏁᎴ ᎬᏩᏍᏓᏩᏗᏙᎯ.
35. ᎾᎯᏳᏉᏃ ᎢᎦ, ᎤᏒ ᏄᎵᏍᏔᏅ, ᎯᎠ ᏂᏚᏪᏎᎴᎢ, ᏗᏗᏐᎩ ᏍᎪᎾ ᏫᏗᎶᎯ.
36. ᏚᏂᏰᎵᎯᏍᏔᏅᏃ ᎤᏂᏣᏘ ᏅᏩᏛᏁᏉ ᏥᏳᎯ ᎤᏣᎥ ᎬᏩᏘᎾᏫᏛᎮᎢ; ᎠᎴ ᎾᏍᏉ ᏂᏗᎬᏩᏓᎴ ᏧᏍᏗ ᏥᏳ ᎤᎾᎵᎪᏩᏗᏎᎢ.
37. ᎤᏣᏘᏃ ᎤᏱᎶᎴ ᎤᏃᎴ, ᎠᎴ ᏓᎵᏍᏗᎳᏁᎬ ᏥᏳᎯ ᎠᏟᎨᎢ, ᎠᎴ ᎿᎭᏉ ᎠᎧᎵᏬᎯ ᎨᏎᎢ.
38. ᏥᏳᎯᏃ ᎣᏂᏗᏢ ᎤᏣᎡ ᎦᎵᎮᎢ, ᎠᎫᏍᏙ ᎤᎫᏍᏓᎡᎢ; ᎬᏩᏰᏍᏔᏁᏃ, ᎠᎴ ᎯᎠ ᏂᎬᏩᏪᏎᎴᎢ, ᏔᏕᏲᎲᏍᎩ, ᏝᏍᎪ ᎪᎱᏍᏗ ᏰᎵᎭ ᏨᏓᏲᏣᏗᏒᏂ?
39. ᏚᎴᏁᏃ, ᎤᏃᎴ ᎤᏍᎦᏤᎢ, ᎠᎴ ᎯᎠ ᏄᏪᏎᎴ ᎥᏓᎵ, ᏙᏉ; ᎤᏓᏥᎾᏍᏛᎯ ᎿᎭᎵᏍᏓ. ᎦᏃᎸᎥᏍᎬᏃ ᎤᏑᎵᎪᏤᎢ, ᎠᎴ ᎤᏣᏘ ᎤᏓᏥᎾᏍᏛᎯ ᏄᎵᏍᏔᏁᎢ.
40. ᎯᎠᏃ ᏂᏚᏪᏎᎴᎢ, ᎦᏙᏃ ᏂᏥᏍᎦᏒᎾ? ᎦᏙ ᏗᎦᎵᏍᏙᏗ ᏂᏦᎯᏳᏒᎾ ᎢᎩ?
41. ᎤᏣᏘᏃ ᎤᏂᏍᎦᎴᎢ, ᎠᎴ ᎯᎠ ᏂᏚᎾᏓᏪᏎᎴᎢ, ᎦᏙ ᎤᏍᏗ ᎯᎠ ᎠᏍᎦᏯ, ᎾᏍᏉᏰᏃ ᎤᏃᎴ ᎠᎴ ᎥᏓᎵ ᎢᎬᏬᎯᏳᎲᏍᎦ.

== Mark 5 ==
1. ᎢᏍᎪᏂᏗᏢᏃ ᎥᏓᎵ ᏭᏂᎷᏤ ᎠᏂᎨᏕᎵ ᎤᎾᏤᎵᎪᎯ.
2. ᏥᏳᎯᏃ ᎤᏣᎢᏒ ᎩᎳᏉ ᎢᏴᏛ ᏚᏠᏎ ᎠᏍᎦᏯ ᏓᏓᏂᏌᎲ ᏅᏓᏳᎶᏒᎯ ᎦᏓᎭ ᎠᏓᏅᏙ ᎤᏯᎢ,
3. ᎾᏍᎩ ᏓᏓᏂᏌᎲᏉ ᎡᎮᎢ; ᎥᏝ ᎠᎴ ᎾᏍᏉ ᏧᏓᏕᏒᏛ ᎬᏗ ᎩᎶ ᎬᏩᎸᏍᏗ ᏱᎨᏎᎢ.
4. ᏯᏃᎩᏳᏰᏃ ᏣᏥᏅᏠᎸᎯ ᎨᏎᎢ, ᎠᎴ ᏧᏓᏕᏒᏛ ᏣᎦᎸᏍᏔᏅᎯ ᎨᏎᎢ, ᏧᏓᏕᏒᏛᏃ ᏓᎦᎵᏍᎨᎢ, ᎠᎴ ᏗᎦᏅᏠᏍᏗ ᏓᏍᏆᎵᏍᎨᎢ; ᎥᏝ ᎠᎴ ᎩᎶ ᎬᏩᏓᏅᏘᏐᏗ ᏱᎨᏎᎢ.
5. ᎠᎴ ᏂᎪᎯᎸ, ᏒᏃᏱ ᎠᎴ ᎢᎦ, ᎦᏚᏏ ᎠᎴ ᏓᏓᏂᏌᎲᎢ, ᎤᏪᎷᎨᎢ, ᎠᎴ ᏅᏯ ᎬᏗ ᎠᏓᏰᎶᎮᎢ.
6. ᎠᏎᏃ ᎢᏅᎯᏳ ᏭᎪᎲ ᏥᏌ, ᏚᏍᏆᎸᏔᏁ ᎠᎴ ᎤᏓᏙᎵᏍᏓᏁᎴᎢ,
7. ᎠᎴ ᎠᏍᏓᏯ ᎤᏪᎷᏁ ᎯᎠ ᏄᏪᏎᎢ; ᎦᏙ ᏗᎩᎾᏓᏛᏙᏗ ᏂᎯ ᏥᏌ, ᏩᏍᏛ ᎦᎸᎳᏗᏳ ᎡᎯ ᎤᏁᎳᏅᎯ ᎤᏪᏥ? ᎬᏁᏤᎭ, ᎤᏁᎳᏅᎯ ᎬᏁᎢᏍᏓᏁᎭ, ᎾᏍᎩ ᏍᎩᎩᎵᏲᎢᏍᏙᏗᏱ ᏂᎨᏒᎾ.
8. ᎯᎠᏰᏃ ᏄᏪᏎᎴᎢ, ᎡᎯᏄᎪᎢ ᎾᏍᎩ Ꮎ ᎠᏍᎦᏯ, ᏂᎯ ᎯᎦᏓᎭ ᎠᏓᏅᏙ.
9. ᎤᏛᏛᏁᏃ, ᎦᏙ ᏕᏣᏙᎥ? ᎤᏬᏎᎴᎢ. ᎯᎠᏃ ᏄᏪᏎᎴᎢ, ᏑᎾᏓᏡᎩ ᏓᏆᏙᎥ; ᎣᎩᏣᏔᏰᏃ.
10. ᎠᎴ ᎤᏣᏘ ᎤᏍᏗᏰᏔᏁ ᎾᎿᎭᎨᏒ ᏧᏄᎪᏫᏍᏗᏱ ᏂᎨᏒᎾ ᎨᏒᎢ.
11. ᎾᎿᎭᏃ ᎣᏓᎷᎶᏗ ᎤᏂᏣᏘ ᏑᎾᏓᏡᎩ ᏏᏆ ᎠᎾᎵᏍᏓᏴᏂᏙᎮᎢ.
12. ᏂᎦᏛᏃ ᎠᏂᏍᎩᎾ ᎬᏩᏍᏗᏰᏔᏁ ᎯᎠ ᎾᏂᏪᏍᎨᎢ, ᎤᏁᎳᎩ ᏏᏆ ᏗᏁᏙᎲ ᏬᏥᎶᎯ, ᎾᏍᎩ ᏫᏙᏥᏴᏏ.
13. ᎩᎳᏉᏃ ᎢᏴᏛ ᏥᏌ ᏚᎵᏍᎪᎸᏓᏁᎴᎢ. ᏗᎦᏓᎭᏃ ᏗᏓᏅᏙ ᎤᏂᏄᎪᏨ, ᏏᏆ ᏫᏚᏂᏴᏎᎴᎢ; ᏑᎾᏓᏡᎩᏃ ᎤᎾᏁᎷᎩᏎ ᎤᏂᎦᏐᎠᏎ ᎦᏁᏡᎩ ᎨᏒ ᎥᏓᎵ ᏭᎾᎵᏔᏗᏅᏎᎢ, (ᏔᎵ ᎢᏯᎦᏴᎵ ᎢᏴᏛ ᎾᏂᎡᎢ,) ᎠᎴ ᎥᏓᎵ ᏚᏂᎬᏤᎢ.
14. ᏗᏂᎦᏘᏯᏃ ᎤᎾᎵᏎᎢ, ᎠᎴ ᎦᏚᎲ ᏭᏂᏃᏁᎢ, ᎠᎴ ᎢᏴᏛ ᏓᏁᏩᏗᏒᎢ. ᎤᏂᏄᎪᏤᏃ ᎤᎾᎦᏔᏅᏎ ᎾᏍᎩ ᏄᎵᏍᏔᏅᎢ.
15. ᏥᏌᏃ ᎬᏩᎷᏤᎴᎢ, ᎠᎴ ᎬᏩᎪᎮ ᎾᏍᎩ ᎠᏂᏍᎩᎾ ᎬᏩᏴᎸᎯ, ᎾᏍᎩ ᏑᎾᏓᏡᎩ ᎬᏩᏴᎸᎯ, ᎤᏬᎴᎢ, ᎠᎴ ᏚᏄᏪᎢ, ᎠᎴ ᏙᎯ ᎤᏓᏅᏖᎢ; ᎠᎴ ᎠᏂᏍᎦᎢᎮᎢ.
16. ᎾᏍᎩᏃ ᎤᏂᎪᎲᎯ, ᎬᏩᏂᏃᏁᎴ ᏄᎵᏍᏓᏁᎸ ᎠᏂᏍᎩᎾ ᎬᏩᏴᎸᎯ, ᎠᎴ ᎾᏍᏉ ᏏᏆ ᏄᎾᎵᏍᏓᏁᎸᎢ.
17. ᎠᎴ ᎤᎾᎴᏅᎮ ᎬᏩᏔᏲᏎᎴ ᎤᏓᏅᏍᏗᏱ ᎤᎾᏤᎵᎪᎯ.
18. ᏥᏳᎯᏃ ᎤᏣᏅ ᎾᏍᎩ ᎠᏂᏍᎩᎾ ᎬᏩᏴᎸᎯ ᎤᏔᏲᏎᎴ ᎤᏁᎳᎩ ᎤᏪᎵᏎᏗᏱ ᎤᏍᏓᏩᏗᏓᏍᏗᏱ.
19. ᎠᏎᏃ ᎥᏝ ᏳᎵᏍᎪᎸᏓᏁᎴᎢ ᏥᏌ, ᎯᎠᏉᏍᎩᏂ ᏄᏪᏎᎴᎢ, ᏥᎮᎾ ᏗᏤᏅᏒ ᎪᎱᏍᏗ ᏗᏨᎾ ᏗᏁᎲᎢ, ᎠᎴ ᏫᏗᏃᎲᏏ ᏂᎦᎥ ᎤᏍᏆᏂᎪᏗ ᎤᎬᏫᏳᎯ ᏂᏣᏛᏁᎸᎢ, ᎠᎴ ᏣᏙᎵᏨᎢ.
20. ᎤᏂᎩᏎᏃ, ᎠᎴ ᎤᎴᏅᎮ ᏚᏃᏣᎳᏁ ᎠᏍᎪᎯ-ᎢᎦᏚᎩᏱ, ᏂᎦᎥ ᎤᏍᏆᏂᎪᏗ ᏥᏌ ᏄᏛᏁᎸᎢ; ᎠᎴ ᏂᎦᏛ ᏴᏫ ᎤᏂᏍᏆᏂᎪᏎᎢ.
21. ᏥᏌᏃ ᏔᎵᏁ ᏥᏳᎯ ᏙᎤᏪᏐᏨ ᎢᏍᎪᎾ ᏫᎤᎷᏨ, ᎤᏂᏣᏘ ᏴᏫ ᎬᏩᏓᏡᏫᏍᏔᏁᎢ; ᎠᎴ ᎥᏓᎵ ᎤᎶᏗ ᎡᏙᎮᎢ.
22. ᎠᎴ ᎬᏂᏳᏉ ᎤᎷᏤ ᎩᎶ ᎢᏳᏍᏗ ᏄᎬᏫᏳᏌᏕᎩ ᏗᎦᎳᏫᎢᏍᏗᏱ, ᏤᎳ ᏧᏙᎢᏛ; ᎤᎪᎲᏃ [ᏥᏌ] ᏚᎳᏍᎬ ᎤᏓᏅᏁᎢ,
23. ᎠᎴ ᎤᏣᏘ ᎤᏍᏗᏰᏔᏁᎢ, ᎯᎠ ᏄᏪᏎᎢ; ᎠᏇᏥ ᎠᎨᏳᏣ ᎿᎭᏉ ᎠᏲᎱᏍᎦ; ᎠᏎᏃ ᎢᏁᎾ, ᎯᏯᏏᏔᏛᎭ, ᎾᏍᎩ ᎤᏗᏫᏍᏗᏱ, ᎬᏁᏍᏗᏃ.
24. ᎤᏁᏅᏎᏃ; ᎠᎴ ᎤᏂᏣᏖ ᏴᏫ ᎬᏩᏍᏓᏩᏛᏎᎢ, ᎠᎴ ᎬᏩᏁᏄᎳᏍᏗᏍᎨᎢ.
25. ᎩᎶᏃ ᎢᏳᏍᏗ ᎠᎨᏴ ᏔᎳᏚ ᏧᏕᏘᏴᏛ ᎬᏩᏓᎴᏅᏛ ᎩᎬ ᎤᏪᏅᎡᎮᎢ,
26. ᎠᎴ ᎠᏂᎪᏗᏳ ᎠᏂᎦᎾᎦᏘ ᎤᏣᏘ ᎬᏩᎩᎸᏅᎯ ᎨᏎᎢ, ᎠᎴ ᎪᎱᏍᏗ ᎤᎲ ᏂᎦᏛ ᎤᏒᏅᎯ ᎨᏎ ᎠᎫᏱᏍᎬᎢ, ᎠᏎᏃ ᎥᏝ ᎣᏏᏳ ᏱᏄᎵᏍᏓᏁᎮᎢ, ᎧᏁᏉᎨᏉᏍᎩᏂ ᎤᏢᎬᎢ;
27. ᎾᏍᎩ ᎤᏛᎦᏅ ᏥᏌ ᎠᏥᏃᎮᏍᎬᎢ, ᎣᏂᏗᏢ ᎤᏅᏘᏛ ᏄᎾᏛᏅ ᎤᎷᎯᏍᏔᏁ, ᎠᎴ ᎤᏒᏂᎴ ᎤᏄᏮᎢ.
28. ᎯᎠᏰᏃ ᏄᏪᏎᎢ, ᏧᏄᏬᏉ ᎾᏍᏉ ᏱᏓᏆᏒᏂᎸ, ᏯᏆᏗᏫ.
29. ᎩᎳᏉᏃ ᎢᏴᏛ ᎩᎬ ᎤᏪᏅᎡᎲ ᎤᏲᎯᏍᏔᏁᎢ; ᎤᏙᎴᎰᏎᏃ ᎠᏰᎸ ᎤᏗᏩᏒ ᎾᏍᎩ ᎤᏢᎬᎢ.
30. ᏥᏌᏃ ᎩᎳᏉ ᎢᏴᏛ ᎤᏙᎴᎰᏒ ᎤᏩᏒ ᎨᏒ ᎤᏓᏅᏬᏗ ᎨᏒ ᎤᏄᎪᏨᎢ, ᎤᎦᏔᎲᏎ ᎾᎿᎭᎤᏅᏘᏛ ᎠᏂᏙᎾᎥᎢ, ᎠᎴ ᎯᎠ ᏄᏪᏎᎢ, ᎦᎪ ᏓᏒᏂᎦ ᏗᏆᏄᏬ?
31. ᎬᏩᏍᏓᏩᏗᏙᎯᏃ ᎯᎠ ᏂᎬᏩᏪᏎᎴᎢ, ᏕᎩᎪᏩᏗᎭ ᎤᏂᏣᏘ ᎨᏣᏁᏄᎳᏍᏗᏍᎬ, ᏥᎪᏃ ᎦᎪ ᎠᏆᏒᏂᎦ ᎢᎭᏗᎭ?
32. ᎬᏩᏚᏫᏛᏃ ᎤᎦᏖᏃᎴ ᎤᎪᏩᏛᏗᏱ ᎾᏍᎩ ᎯᎠ ᎢᏳᏛᏁᎸᎯ.
33. ᎾᏍᎩᏃ ᎠᎨᏴ ᎠᏍᎦᎢᎮ ᎠᎴ ᎤᏪᎾᏫᏍᎨᎢ, ᎠᎦᏔᎮ ᏄᎵᏍᏓᏁᎸᎢ, ᎤᎷᏤ ᎠᎴ ᎡᎳᏗ ᎤᏓᏅᏁᎴᎢ, ᎠᎴ ᏂᎦᏛ ᏚᏳᎪᏛ ᎤᏃᏁᎴᎢ.
34. ᎯᎠᏃ ᏄᏪᏎᎴᎢ, ᎠᏇᏥ, ᏦᎯᏳᏒ ᏣᏗᏫᏍᏓ; ᏅᏩᏙᎯᏯᏛ ᏥᎮᎾ, ᎠᎴ ᏣᏗᏩᏒᎯ ᎨᏎᏍᏗ ᏣᏢᎬᎢ.
35. ᎠᏏᏉ ᎧᏁᎨᎢ, ᏄᎬᏫᏳᏌᏕᎩ ᏗᎦᎳᏫᎢᏍᏗᏱ ᎦᏁᎸ ᏅᏓᏳᎾᏓᎴᏅᎯ ᎤᏂᎷᏤ ᎯᎠ ᏄᏂᏪᏎᎢ, ᎤᏲᎱᏒ ᏤᏥ; ᎦᏙᏃ ᎠᏏᏉ ᎢᎯᏯᏕᏯᏙᏗᎭ ᏗᏕᏲᎲᏍᎩ?
36. ᎤᏛᎦᏅᏉᏃ ᏥᏌ ᏄᏍᏛ ᎤᏂᏬᏂᏒᎢ, ᎯᎠ ᏄᏪᏎᎴ ᏄᎬᏫᏳᏌᏕᎩ ᏗᎦᎳᏫᎢᏍᏗᏱ, ᏞᏍᏗ ᏱᏍᎦᎢᎮᏍᏗ, ᏦᎯᏳᏎᏍᏗᏉ.
37. ᎥᏝ ᎠᎴ ᎩᎶ ᏳᎵᏍᎪᎸᏓᏁᎴ ᎬᏩᏍᏓᏩᏛᏍᏗᏱ, ᏈᏓ, ᎠᎴ ᏥᎻ, ᎠᎴ ᏣᏂ ᏥᎻ ᏗᎾᏓᏅᏟ ᎤᏅᏒ.
38. ᎤᎷᏤᏃ ᎦᏁᎸ ᏄᎬᏫᏳᏌᏕᎩ ᏗᎦᎳᏫᎢᏍᏗᏱ, ᎠᎴ ᏚᎦᎮ ᎤᎾᏓᏑᏰᏛ ᏴᏫ, ᎠᎴ ᎤᏣᏘ ᏓᎾᏠᏱᎲ ᎠᎴ ᏓᏂᏴᎬᎢ.
39. ᎤᏰᎸᏃ ᎯᎠ ᏂᏚᏪᏎᎴᎢ, ᎦᏙᏃ ᎢᏣᏓᏃᏴᎵᏍᏗᎭ, ᎠᎴ ᏙᏣᏠᏱᎭ? ᎥᏝ ᏳᏲᎱᏒ ᎠᎨᏳᏣ, ᎦᎵᎭᏉᏍᎩᏂ.
40. ᎢᎬᏩᏙᏢᏔᏁᏉᏃ. ᏂᎦᏛᏃ ᏚᏄᎪᏫᏐᏅ, ᎯᎠ ᎾᏍᎩ ᎠᎨᏳᏣ ᎤᏙᏓ ᎠᎴ ᎤᏥ ᎠᎴ ᎾᏍᎩ ᎠᏁᎯ ᏚᏘᏅᏎ, ᎠᎴ ᏭᏴᎴ ᎾᎿᎭᎠᎨᏳᏣ ᏗᏐᏅᎢ.
41. ᎤᏬᏯᏁᏒᏃ ᎠᎨᏳᏣ, ᎯᎠ ᏄᏪᏎᎴᎢ, ᏔᎵᏓ ᎫᎻ; ᎾᏍᎩ ᎠᏁᏢᏔᏅᎯ ᎯᎠ ᏄᏍᏗ ᎦᏛᎦ; ᎯᎨᏳᏣ, ᎬᏲᏎᎭ, ᏔᎴᎲᎦ.
42. ᎩᎳᏉᏃ ᎢᏴᏛ ᎠᎨᏳᏣ ᏚᎴᏁᎢ, ᎠᎴ ᎤᏪᏙᎴᎢ; ᏔᎳᏚᏰᏃ ᎢᏳᏕᏘᏴᏛ ᎨᏎᎢ. ᎤᏣᏔᏅᎯᏃ ᎤᏂᏍᏆᏂᎪᏎᎢ.
43. ᎤᎵᏂᎩᏛᏃ ᏚᏁᏤᎴ ᏚᏅᏍᏓᏕᎴ ᎩᎶ ᎤᏙᎴᎰᎯᏍᏗᏱ ᎾᏍᎩ; ᎠᎴ ᎤᏁᏤᎪᎱᏍᏗ ᎤᎵᏍᏓᏴᏗ ᎤᏂᏁᏗᏱ.

== Mark 6 ==
1. ᎤᏄᎪᏤᏃ ᎾᎿᎭᏂ, ᎠᎴ ᎤᏩᏒ ᎤᏤᎵᎪᎯ ᏭᎷᏤᎢ; ᎬᏩᏍᏓᏩᏗᏙᎯᏃ ᎬᏩᏍᏓᏩᏛᏎᎢ.
2. ᎤᎾᏙᏓᏆᏍᎬᏃ ᎤᎵᏰᎶᎸ, ᎤᎴᏅᎮ ᏚᏕᏲᏁ ᏗᎦᎳᏫᎢᏍᏗᏱ; ᎤᏂᏣᏘᏃ ᎬᏩᏛᎦᏁᎸ ᎤᏂᏍᏆᏂᎪᏎᎢ, ᎯᎠ ᎾᏂᏪᏍᎨᎢ, ᎭᏢ ᎠᎩᎭ ᎯᎠ ᎠᏍᎦᏯ ᎯᎠ ᎾᏍᎩ ᎢᎬᏩᏛᏁᏗ ᏥᎩ? ᎠᎴ ᎦᏙ ᎤᏍᏗ ᎠᎦᏙᎥᎯᏍᏗ ᎾᏍᎩ ᎠᏥᏁᎸᎯ ᏥᎩ, ᎾᏍᎩ ᎢᏳᏍᏗ ᎤᏍᏆᏂᎪᏗ ᏥᏚᎸᏫᏍᏓᏁᎭ?
3. ᏝᏍᎪ ᎾᏍᎩ ᎯᎠ ᏗᏁᏍᎨᏍᎩ ᏱᎩ, ᎺᎵ ᎤᏪᏥ, ᏥᎻ, ᎠᎴ ᏦᏏ, ᎠᎴ ᏧᏓ, ᎠᎴ ᏌᏩᏂ ᎠᎾᎵᏅᏟ? ᎠᎴ ᏧᏙ ᏝᏍᎪ ᎠᏂ ᏱᎨᎦᏓᏑᏯ? ᎥᎬᏩᏐᏅᏤᎸᎩᏃ.
4. ᏥᏌᏃ ᎯᎠ ᏂᏚᏪᏎᎴᎢ; ᎠᏙᎴᎰᏍᎩ ᎥᏝ ᎾᏥᎸᏉᏛᎾ ᏱᎨᏐᎢ, ᎤᏤᎵᎪᎯᏍᎩᏂᏃᏅ ᎤᏩᏒ, ᎠᎴ ᏧᏴᏫ ᎠᏁᎲᎢ, ᎠᎴ ᎤᏩᏒ ᎦᏁᎸᎢ.
5. ᎠᎴ ᎾᎿᎭᎥᏝ ᎪᎱᏍᏗ ᎤᏍᏆᏂᎪᏗ ᏗᎬᏩᎸᏫᏍᏓᏁᏗ ᏱᎨᏎᎢ, ᎤᏩᏒᏍᎩᏂᏃᏅ ᎢᎸᏍᎩ ᎢᏯᏂᏛ ᏧᏂᏢᎩ ᏚᏏᏔᏛ ᎠᎴ ᏚᏅᏩᏅᎢ.
6. ᎠᎴ ᎤᏍᏆᏂᎪᏎ ᎾᏃᎯᏳᎲᏍᎬᎾ ᎨᏒᎢ. ᎠᎴ ᎤᏪᏙᎴ ᎤᏚᏫᏛ ᏕᎦᏚᏩᏗᏒᎢ ᏓᏕᏲᎲᏍᎨᎢ.
7. ᏔᎳᏚᏃ ᎢᏯᏂᏛ ᏫᏚᏯᏅᎮᎢ, ᎠᎴ ᏚᏅᏏᏙᎴ ᏔᎵᎭ ᏧᎵᎪᏅᏛ, ᎠᎴ ᏚᎵᏍᎪᎸᏓᏁᎴ ᏧᏂᏄᎪᏫᏍᏗᏱ ᏗᎦᏓᎭ ᏗᏓᏅᏙ;
8. ᎠᎴ ᏚᏁᏤᎴ ᎾᏍᎩ ᎪᎱᏍᏗ ᎤᏂᏴᏍᏗᏱ ᏂᎨᏒᎾ ᎤᎾᎵᏍᏕᎸᏙᏗ ᎠᏁᏙᎲᎢ, ᎠᏙᎳᏅᏍᏗ ᎤᏩᏒ; ᎥᏝ ᏕᎦᎶᏗ, ᎠᎴ ᎦᏚ, ᎠᎴ ᎥᏣᏱ ᏚᎾᏓᏠᎲᎢ;
9. ᏧᎾᎳᏑᎸᏗᏱᏍᎩᏂ; ᎠᎴ ᏞᏍᏗ ᏔᎵ ᏱᏗᏣᏄᏬᏍᎨᏍᏗ.
10. ᎠᎴ ᎯᎠ ᏂᏚᏪᏎᎴᎢ, ᎠᏓᏁᎸ ᎢᎸᎯᏢ ᎢᏥᏴᎯᎮᏍᏗ, ᎾᎿᎭᏉ ᎢᏣᏅᎥᏍᎨᏍᏗ ᎬᏂ ᎥᏣᏂᎩ ᎾᎿᎭᏂ.
11. ᎠᎴ ᎩᎶ ᏂᏗᏣᏓᏂᎸᎬᎾ ᎠᎴ ᏂᏣᏛᏓᏍᏓᏁᎲᎾ ᎢᎨᏎᏍᏗ, ᎿᎭᏉ ᎾᎿᎭᎢᏣᏂᎩᏍᎨᏍᏗ, ᏗᏣᎳᏏᏕᏂ ᎪᏍᏚ ᏕᏥᏅᎪᎥᏗᏍᎨᏍᏗ, ᎾᏍᎩ ᎪᎯᏳᏗᏍᎩ ᎤᎾᏡᏗᏍᎩ. ᎤᏙᎯᏳᎯᏯ ᎯᎠ ᏂᏨᏪᏎᎭ, ᎡᏍᎦᏉ ᎢᎦᎢ ᎤᏂᎩᎵᏲᎢᏍᏗ ᎨᏎᏍᏗ ᏐᏓᎻ, ᎠᎴ ᎪᎹᎵ, ᏗᎫᎪᏙᏗᏱ ᎢᎦ ᎨᏎᏍᏗ, ᎤᏟᎯᏳ ᎾᎿᎭᎦᏚᎲᎢ.
12. ᎤᏂᏄᎪᏤᏃ, ᏭᎾᎵᏥᏙᏁ ᎾᏍᎩ ᏴᏫ ᎠᏎ ᏧᏂᏁᏟᏴᏍᏗ ᎨᏒ ᏚᎾᏓᏅᏛᎢ.
13. ᎤᏂᏣᏘᏃ ᏚᏂᏄᎪᏫᏎ ᎠᏂᏍᎩᎾ, ᎠᎴ ᎪᎢ ᏚᏂᎶᏁᏔᏁ ᎤᏂᏣᏘ ᏧᏂᏢᎩ, ᎠᎴ ᏚᏂᏅᏩᏁᎢ.
14. ᎡᎶᏛᏃ ᎤᎬᏫᏳᎯ ᎤᏛᎦᏁ ᎾᏍᎩ ᎠᏥᏃᎮᏍᎬᎢ; ᏚᏃᏣᎶᏤᏰᏃ ᎾᏍᎩ ᏚᏙᎥᎢ; ᎠᎴ ᎯᎠ ᏄᏪᏎ ᎡᎶᏛ, ᏣᏂ ᏗᏓᏬᏍᎩ ᏓᎴᎯᏌ ᎤᏲᎱᏒᎢ, ᎠᎴ ᎾᏍᎩ ᏅᏗᎦᎵᏍᏙᏗᎭ ᎤᏍᏆᏂᎪᏗ ᏥᏕᎤᎸᏫᏍᏓᏁᎭ.
15. ᎢᎦᏛᏃ ᎯᎠ ᎾᏂᏪᏍᎨᎢ, ᎢᎳᏯ ᎯᎠ. ᎢᎦᏛᏃ ᎯᎠ ᎾᏂᏪᏍᎨᎢ, ᎠᏙᎴᎰᏍᎩ ᎯᎠ, ᎠᎴ ᎩᎶ ᎠᎾᏙᎴᎰᏍᎩ ᎨᏒ ᎾᏍᎩᏯᎢ.
16. ᎡᎶᏛᏍᎩᏂ ᎤᏛᎦᏅ, ᎯᎠ ᏄᏪᏎᎢ; ᏣᏂ ᎯᎠ, ᎾᏍᎩ ᎠᏴ ᏥᏥᏍᎫᏕᏒᎩ; ᎾᏍᎩ ᏚᎴᎯᏌᏅ ᎤᏲᎱᏒᎢ.
17. ᎡᎶᏛᏰᏃ ᎤᏩᏒ ᎤᏓᏅᏒᎯ ᎨᏎ ᏭᏂᏴᎲᎯ ᎨᏎ ᏣᏂ, ᎠᎴ ᏗᏓᏍᏚᏗᏱ ᎤᎸᎸᎯ ᎨᏎᎢ, ᎠᏍᏛᏗᏍᏗᏍᎨ ᎡᎶᏗᏏ, ᎤᏅᏟ ᏈᎵᎩ ᎤᏓᎵᎢ; ᎾᏍᎩᏰᏃ ᎠᏓᏰᎮᎢ.
18. ᏣᏂᏰᏃ ᎯᎠ ᎢᏳᏪᏎᎸᎯ ᎨᏎ ᎡᎶᏛ, ᎥᏝ ᏱᏚᏳᎪᏗ ᎡᏣᏅᏟ ᎤᏓᎵᎢ ᏣᏓᏰᎭ.
19. ᎾᏍᎩ ᎢᏳᏍᏗ ᎡᎶᏗᏏ ᎠᏍᎦᎨ [ᏣᏂ] ᎠᎴ ᏳᎴᎢ; ᎠᏎᏃ ᎥᏝ ᎾᏍᎩ ᎢᎬᏩᏛᏁᏗ ᏱᎨᏎᎢ.
20. ᎡᎶᏛᏰᏃ ᎤᎸᏉᏗᏳ ᎨᏎ ᏣᏂ, ᎠᎦᏔᎮᏰᏃ ᎤᏓᏅᏘᏳ ᎠᎴ ᎾᏍᎦᏅᎾ ᎨᏒ ᎠᏍᎦᏯ, ᎠᎴ ᎤᎦᏌᏯᏍᏗᏳ ᎨᏎᎢ; ᎾᏍᎩᏃ ᎤᏛᎦᏅ [ᎠᎵᏥᏙᎲᏍᎬ,] ᎤᏣᏖ ᏚᎸᏫᏍᏓᏁᎴᎢ, ᎠᎴ ᎤᎵᎮᎵᏨᎯ ᎠᏛᏓᏍᏓᏁᎮᎢ.
21. ᎠᎯᏛᏃ ᎾᏍᎩ ᎢᎬᏛᏁᏗ ᎨᏒ ᎤᏍᏆᎸᎲ, ᎾᏍᎩ ᎡᎶᏛ ᎤᏕᏅ ᎢᏳ ᎢᎦ ᎤᏛᏅᎢᏍᏔᏁ ᎬᏩᎵᏍᏓᏴᎾᏁᏗᏱ ᏧᏤᎵ ᎤᏂᎬᏫᏳᎯ, ᎠᎴ ᎠᏂᏍᎦᏰᎬᏍᏓ, ᎠᎴ ᏗᎨᎦᏁᎶᏗ ᎨᎵᎵ ᎠᏁᎯ,
22. ᎾᏍᎩᏃ ᎡᎶᏗᏏ ᎤᏪᏥ ᎠᏛ ᎤᏴᎵᎸ, ᎠᎴ ᎤᎵᏍᎩᏒ, ᎠᎴ ᎡᎶᏛ ᎠᎴ ᎾᏍᎩ ᎢᏧᎳᎭ ᎠᏂᏂᏜᏓᎢ ᎣᏏᏳ ᎤᏂᏰᎸᏅ, ᎤᎬᏫᏳᎯ ᎯᎠ ᏄᏪᏎᎴ ᎠᏛ, ᏍᎩᏔᏲᏏ ᎢᏳᏍᏗᏉ ᎮᎵᏍᎬᎢ, ᏓᎬᏁᎵᏃ.
23. ᎤᏎᎵᏓᏁᎴᏃ [ᎯᎠ ᏄᏪᏎᎢ,] ᎢᏳᏍᏗᏉ ᎮᎵᏍᎬ ᏍᎩᏔᏲᏏ, ᏓᎬᏁᎵᏃ, ᎾᏍᏉ ᎠᏰᎵ ᎢᏴᏛ ᏱᎩ ᎾᎿᎭᎠᎩᎬᏫᏳᎯ ᎨᏒᎢ.
24. ᎤᏄᎪᏨᏃ ᎯᎠ ᏫᏄᏪᏎᎴ ᎤᏥ, ᎦᏙ ᏓᏥᏔᏲᎵ? ᎯᎠᏃ ᏄᏪᏎᎴᎢ, ᏣᏂ ᏗᏓᏬᏍᎩ ᎠᏍᎪᎵ.
25. ᎢᎬᏪᏅᏛᏉᏃ ᎤᎵᏍᏗ ᎤᏴᎵᎴ ᎤᎬᏫᏳᎯ ᎠᏯᎥᎢ, ᎠᎴ ᎤᏔᏲᎴ ᎯᎠ ᏄᏪᏎᎢ, ᎠᏆᏚᎵ ᎩᎳᏉ ᎢᏴᏛ ᏍᎩᏁᏗᏱ, ᎠᏖᎵᏙᎩᎯ, ᏣᏂ ᏗᏓᏬᏍᎩ ᎤᏍᎪ.
26. ᎤᎬᏫᏳᎯᏃ ᎤᏣᏘ ᏝᏉ ᎤᏰᎸᏁᎢ; ᎠᏎᏃ ᎤᏎᎵᏔᏅᎢ, ᎠᎴ ᎾᏍᎩ ᎢᏧᎳᎭ ᎤᎾᏂᏜᏓᏅᎯ ᏅᏧᎵᏍᏙᏔᏁ, ᎥᏝ ᎬᏩᎨᏳᏙᏗ ᏱᎨᏎᎢ.
27. ᎩᎳᏉᏃ ᎢᏴᏛ ᎤᎬᏫᏳᎯ ᎤᏅᏎ ᎠᏯᏫᏍᎩ, ᎠᎴ ᎤᏁᏤ ᎤᏍᎪ ᎤᏂᏲᎯᏍᏗᏱ; ᎤᏪᏅᏎᏃ, ᎠᎴ ᏭᏍᎫᏕᏎ ᏗᏓᏍᏚᏗᏱ ᎠᏯᎥᎢ,
28. ᎠᎴ ᎤᏲᎴ ᎤᏍᎪ ᎠᏖᎵᏙᎩᎯ ᎦᎶᏕᎢ, ᎠᎴ ᎠᏛ ᎤᏁᎴᎢ; ᎠᏛᏃ ᎤᏥ ᎤᏁᎴᎢ.
29. ᎬᏩᏍᏓᏩᏗᏙᎯᏃ ᎤᎾᏛᎦᏅ, ᎤᏂᎷᏤ ᎠᎴ ᎤᏂᏁᏎ ᎠᏰᎸᎢ, ᎠᎴ ᎠᏤᎵᏍᏛ ᎤᏂᏅᏁᎢ.
30. ᎨᏥᏅᏏᏛᏃ ᎤᎾᏓᏟᏌᏁ ᏥᏌ ᎡᏙᎲᎢ, ᎠᎴ ᎬᏩᏃᏁᎴ ᏂᎦᏛ ᏄᎾᏛᏁᎵᏙᎸ, ᎠᎴ ᎾᏍᏉ ᏄᏍᏛ ᏚᎾᏕᏲᏅᎢ.
31. ᎯᎠᏃ ᏂᏚᏪᏎᎴᎢ, ᎢᏕᎾ ᎢᏨᏒᏉ ᎢᏴᏛ ᏫᏗᎶᎯ ᎢᎾᎨ ᏗᎨᏒᎢ, ᎠᎴ ᏞᎦ ᎢᏣᏣᏪᏐᎸᏍᏓ; ᎤᏂᏣᏖᏰᏃ ᎠᏂᎷᎨ ᎠᎴ ᏓᏁᎨᎢ, ᎥᏞᏃ ᏯᏜᏓᏅᏓᏗᏍᎨ ᎾᏍᏉ ᎤᎾᎵᏍᏓᏴᏗᏱ ᎢᎪᎯᏛ.
32. ᏥᏳᎯᏃ ᎤᎾᏣᎡᎢ, ᎤᎾᏂᎩᏎ ᎢᎾᎨ ᏭᏂᎶᏎ ᎤᏕᎵᏛ.
33. ᏴᏫᏃ ᎬᏩᏂᎪᎮ ᎠᎾᏂᎩᏍᎬᎢ, ᎠᎴ ᎤᏂᏣᏖ ᎬᏬᎵᎨᎢ, ᎠᎴ ᎡᎳᏗᏉ ᏚᏂᏍᏆᎸᏔᏁ ᎾᎿᎭᎢᏗᏢ ᏭᏂᎶᏎ ᏕᎦᏚᏩᏗᏒ ᏂᏙᏓᏳᏂᎶᏒᎯ, ᏕᎬᏩᏂᎩᏰᏃ, ᎠᎴ ᏫᎬᏩᏓᏟᏌᏁᎴᎢ.
34. ᏥᏌᏃ ᎤᏣᎢᏒ, ᏚᎪᎮ ᎤᏂᏣᏘ ᏴᏫ, ᎠᎴ ᏚᏪᏙᎵᏤᎢ, ᏅᏗᎦᎵᏍᏙᏗᏍᎨ ᎠᏫ ᎤᏂᏃᏕᎾ ᏓᎾᏤᎳᎬ ᏁᎲᎾ ᏥᎨᏐ ᎤᏂᎦᏘᏯ; ᎤᎴᏅᎮᏃ ᎤᏣᏘ ᏧᏓᎴᏅᏛ ᏚᏪᏲᏁᎢ.
35. ᎿᎭᏉᏃ ᎤᎶᏐᏂᏕᎾ ᎨᏎ ᎢᎦ, ᎬᏩᏍᏓᏩᏗᏙᎯ ᎬᏩᎷᏤᎴ, ᎯᎠ ᏄᏂᏪᏎᎢ, ᎠᏂ ᎢᎾᎨᎢ, ᎠᎴ ᎿᎭᏉ ᎤᎶᏐᏂᏗ ᎢᎦ.
36. ᏘᏰᎵᎯᏍᏓ, ᎾᏍᎩ ᏓᏓᏁᎳᏗᏒ ᎬᏩᏚᏫᏛ ᏩᏂᎶᎯ, ᎠᎴ ᏕᎦᏚᏩᏗᏒᎢ, ᎠᎴ ᏭᏂᏩᎯ ᎦᏚ, ᎥᏞᏰᏃ ᎪᎱᏍᏗ ᏯᏂᏰ ᎤᎾᎵᏍᏓᏴᏗ.
37. ᏚᏁᏤᎴᏃ ᎯᎠ ᏂᏚᏪᏎᎴᎢ, ᏂᎯ ᏗᏤᎳᏍᏓ. ᎯᎠᏃ ᏂᎬᏩᏪᏎᎴᎢ, ᏥᎪ ᏓᏲᏤᏏ ᏔᎵᏧᏈ ᎠᏂᎩᏏ ᏧᎬᏩᎶᏗ ᎦᏚ ᏮᏓᏲᎩᏩᏏ, ᎠᎴ ᏙᏓᏲᏤᎳᏍᏔᏂ?
38. ᎯᎠᏃ ᏂᏚᏪᏎᎴᎢ, ᎢᎳᎪ ᎦᏚ ᏕᏥᏰᎭ? ᏫᏣᎦᏔ. ᎤᎾᏙᎴᎰᏒᏃ, ᎯᎠ ᏄᎯᏪᏎᎢ, ᎯᏍᎩ, ᏔᎵᏃ ᎠᏣᏗ.
39. ᏚᏁᏤᎴᏃ ᎤᎾᏂᏢᏗᏱ ᏂᎦᏛ ᎢᏤ ᎧᏁᏍᎪᎯ ᎨᏒ ᏧᎾᏓᏡᏅᏛ.
40. ᎤᎾᏂᏢᏁᏃ ᎣᏍᏛ ᏚᎾᏓᏅᎿᎭᏁᎢ ᎠᏍᎪᎯᏧᏈ, ᎠᎴ ᎯᏍᎦᏍᎪᎯ ᏧᎾᏓᏡᏅᏛ.
41. ᎯᏍᎩᏃ ᎦᏚ ᏚᎩᏒ ᎠᎴ ᏔᎵ ᎠᏣᏗ ᏚᏁᏒ, ᎦᎸᎳᏗ ᏫᏚᎧᎿᎭᏁᎢ, ᎠᎴ ᎤᎵᎮᎵᏤᎢ, ᎠᎴ ᏚᎬᎭᎷᏰ ᎦᏚ, ᎠᎴ ᎬᏩᏍᏓᏩᏗᏙᎯ ᏚᏁᎴ ᏧᏂᏁᏗᏱ; ᏔᎵᏃ ᎠᏣᏗ ᏂᎦᏛ ᏚᏯᏙᎮᎴᎢ.
42. ᏂᎦᏛᏃ ᎤᎾᎵᏍᏓᏴᏁᎢ; ᎠᎴ ᏚᏃᎸᏎᎢ.
43. ᎤᏄᏖᏎᏃ ᎤᎵᎬᎭᎷᏴᎯ ᏔᎳᏚ ᏗᎧᎵᎢ ᏔᎷᏣ, ᎠᎴ ᎾᏍᏉ ᎠᏣᏗ.
44. ᎾᏍᎩᏃ Ꮎ ᎦᏚ ᏧᏂᎬᎯ ᎯᏍᎩ ᎢᏯᎦᏴᎵ ᎢᏴᏛ ᎾᏂᎡ ᎠᏂᏍᎦᏯ.
45. ᎩᎳᏉᏃ ᎢᏴᏛ ᏚᏅᏫᏍᏔᏁ ᎬᏩᏍᏓᏩᏗᏙᎯ ᏥᏳᎯ ᎤᎾᏦᏗᏱ, ᎠᎴ ᎢᎬᏱ ᏧᏂᏐᎯᏍᏗᏱ, ᏇᏣᏱᏗ ᏭᏂᎷᎯᏍᏗᏱ, ᎠᏏᏉ ᎤᏩᏒ ᏓᏰᎵᎯᏍᏗᏍᎬ ᎤᏂᏣᏘ.
46. ᏚᏰᎵᎯᏍᏔᏅᏃ, ᎣᏓᎸ ᏭᎶᏎ ᎤᏓᏙᎵᏍᏔᏅᏎᎢ.
47. ᎤᏒᏃ ᏄᎵᏍᏔᏅ ᏥᏳ ᎥᏓᎵ ᎠᏰᎵ ᎠᏂᏂᏎᎢ, ᎤᏩᏒᏃ ᏙᏱ ᎡᏙᎮᎢ.
48. ᏚᎪᎮᏃ ᎠᏂᎩᎵᏲᎬ ᎠᏂᎦᏪᎯᎲᎢ; ᏩᏂᎦᏛᏃ ᎢᏗᏏ ᏗᎦᏃᎸᏗᏍᎨᎢ. ᏅᎩᏁᏃ ᎢᏴᏛ ᎠᏂᏯᏫᏍᎬ ᏒᏃᏱ ᏚᎷᏤᎴᎢ, ᎥᏓᎵ ᎦᏚᎢ ᎠᎢᏎᎢ, ᎠᎴ ᏱᏚᎶᎯᏎᎴᎢ.
49. ᎠᏎᏃ ᏫᎬᏩᎪᎲ ᎥᏓᎵ ᎦᏚᎢ ᎠᎢᏒᎢ, ᎤᏤᎸᏅᎯ ᎤᏁᎵᏎᎢ, ᎠᎴ ᎤᏁᎷᏁᎢ.
50. (ᏂᎦᏛᏰᏃ ᎬᏩᎪᎮᎢ, ᎠᎴ ᎤᎾᏕᏯᏔᏁᎴᎢ.) ᎩᎳᏉᏃ ᎢᏴᏛ ᏚᎵᏃᎮᏔᏁᎢ, ᎠᎴ ᎯᎠ ᏂᏚᏪᏎᎴᎢ, ᎤᎦᎵᏍᏗᏉ ᎢᏣᏓᏅᏓᏓ; ᎠᏴᏉ; ᏞᏍᏗ ᏱᏥᏍᎦᎢᎮᏍᏗ.
51. ᎤᎩᎳᏫᏎᏃ ᏫᏚᏣᏁᎴ ᏥᏳᎯ; ᎦᏃᎸᎥᏍᎬᏃ ᎤᏎᎵᎪᏤᎢ; ᎠᎴ ᎤᎶᏒᏍᏔᏅᎯ ᎤᎾᏓᏅᏖᏔᏁ ᏙᏧᎾᏓᏅᏛᎢ, ᎠᎴ ᎤᏂᏍᏆᏂᎪᏎᎢ.
52. ᎥᏝᏰᏃ ᏱᏚᎾᏓᏅᏖᎴ ᎦᏚ; ᏧᏂᎾᏫᏰᏃ ᏗᏍᏓᏱᏳ ᎨᏎᎢ.
53. ᏚᏂᏐᏨᏃ, ᎨᏂᏏᎳᏗ ᏭᏂᎷᏤᎢ, ᎠᎴ ᎤᏂᏔᎳᏕᎢ.
54. ᏥᏳᎯᏃ ᎤᎾᏣᎢᏒ ᎩᎳᏉ ᎢᏴᏛ ᎬᏬᎵᏤᎢ.
55. ᎠᎴ ᎾᎿᎭᎬᏩᏚᏫᏛ ᎤᏁᏙᎴᎢ, ᎠᎴ ᏧᏂᏢᎩ ᏚᏂᏂᏙᎴ ᏗᏤᏍᏙᎩᎯ ᏚᏂᏢᏕ, ᏫᏓᏂᏃᎯᎮ ᎠᎾᏛᎬᎦ ᎾᎿᎭᎡᏙᎲᎢ.
56. ᎠᎴ ᎢᎸᎯᏢ ᏫᎦᎷᎩ, ᏧᏍᏗ ᏕᎦᏚᎲ, ᎠᎴ ᏧᏛᎾ ᏕᎦᏚᎲ, ᎠᎴ ᎢᏴᏛ ᏗᏓᏁᎶᎯ ᎨᏒᎢ, ᏧᏂᏢᎩ ᏕᎦᎳᏅᏛ ᏓᏂᏅᎥᏍᎨᎢ, ᎠᎴ ᎬᏩᏔᏲᏎᎮ ᎤᎾᏒᏂᏍᏗᏱ, ᎦᏓᎷᏯᏛᏉ ᎾᏍᏉ ᎤᏄᏮᎢ; ᎾᏂᎥᏃ ᎾᏍᎩ ᎬᏩᏒᏂᎸᎯ ᏚᎾᏗᏩᏍᎨᎢ.

== Mark 7 ==
1. ᏕᎬᏩᎳᏫᏦᎴᏃ ᎠᏂᏆᎵᏏ, ᎠᎴ ᎩᎶ ᎢᏳᎾᏍᎩ ᏗᏃᏪᎵᏍᎩ, ᏥᎷᏏᎵᎻ ᏅᏓᏳᏂᎶᏒᎯ.
2. ᏚᏂᎪᎲᏃ ᎢᎦᏛ ᎬᏩᏍᏓᏩᏗᏙᎯ ᎦᏚ ᎠᏂᎩᏍᎬ ᏗᎦᏓᎭ ᏧᏃᏰᏂ ᎬᏗ, (ᎾᏍᎩ ᏂᏚᎾᏑᎴᎲᎾ ᎦᏛᎦ,) ᎤᏂᏐᏅᏤᎴᎢ.
3. ᎠᏂᏆᎵᏏᏰᏃ, ᎠᎴ ᎾᏂᎥᏉ ᎠᏂᏧᏏ, ᎢᏳᏃ ᎣᏍᏛ ᏂᏚᎾᏑᎴᎲᎾ ᏱᎩ, ᎥᏝ ᏱᎾᎵᏍᏓᏴᎲᏍᎪᎢ, ᏓᏂᎧᎿᎭᏩᏕᎪ ᏄᏂᏪᏒ ᎡᏘ ᎤᎾᏕᏅᎯ.
4. ᎠᎴ ᎦᏃᏙᏗᏱ ᏛᏂᎶᎯ, ᎢᏳᏃ ᏂᏚᎾᏑᎴᎲᎾ ᏱᎩ, ᎥᏝ ᏴᎬᎾᎵᏍᏓᏴᎲᎦ. ᎠᎴ ᎤᏣᏔ ᏄᏓᎴ ᎪᎱᏍᏗ ᏧᏂᎧᎿᎭᏩᏛᏍᏗ ᏄᏅᏁᎸ, ᎾᏍᎩ ᏧᎵᏍᏈᏗ ᏗᎫᎯᎶᎥᎢ ᎠᎴ ᏗᏖᎵᏙ, ᎠᎴ ᎥᏣᏱᏗᎪᏢᏔᏅᎯ ᏗᏖᎵᏙ, ᎠᎴ ᏗᏂᏢᏗᏱ.
5. ᎿᎭᏉᏃ ᎠᏂᏆᎵᏏ ᎠᎴ ᏗᏃᏪᎵᏍᎩ ᎢᎬᏩᏛᏛᏁ ᎯᎠ ᏂᎬᏩᏪᏎᎴᎢ; ᎦᏙᏃ ᎨᏣᏍᏓᏩᏗᏙᎯ ᎥᏝ ᏱᏓᏂᎧᎿᎭᏩᏕᎦ ᎡᏘ ᎤᎾᏕᏅᎯ ᎤᏂᏁᏨᎢ, ᎾᏍᎩ ᏂᏚᎾᏑᎴᎲᎾᏉ ᏣᎾᎵᏍᏓᏴᎲᏍᎦ?
6. ᏚᏁᏤᎸᏃ ᎯᎠ ᏂᏚᏪᏎᎴᎢ, ᎢᏌᏯ ᏰᎵᏉ ᏄᏪᏒ ᎤᏙᎴᎰᏒ ᏂᎯ ᎢᏣᏠᎾᏍᏗ ᎢᏥᏁᎢᏍᏗᏍᎬᎢ, ᎯᎠ ᏥᏂᎬᏅ ᏥᎪᏪᎳ, ᎯᎠ ᎾᏍᎩ ᏴᏫ ᎬᎩᎸᏉᏗᎭ ᏚᏂᎭᏁᎦᎸ ᏓᏅᏗᎭ, ᏧᏂᎾᏫᏍᎩᏂ ᎢᏅᎯᏳ ᏂᏚᏅᎿᎭᏕᎦ ᎠᏴ ᎾᏆᏛᏅᎢ.
7. ᎠᏎᏃ, ᎠᏎᏉᏉ ᎬᎩᎸᏉᏗᎭ ᏥᏓᎾᏕᏲᎲᏍᎦ ᏓᎾᏕᏲᎲᏍᎬ ᏴᏫᏉ ᎤᏂᏁᏨᎯ.
8. ᎢᏴᏛᏰᏃ ᏂᏨᏁ ᎤᏁᎳᏅᎯ ᎤᏁᏨᎯ, ᏴᏫ ᎤᏂᏁᏨ ᏗᎧᎿᎭᏩᏛᏍᏗ ᏂᏨᏁᎭ, ᎾᏍᎩ ᏗᏖᎵᏙ ᎠᎴ ᏧᎵᏍᏈᏗ ᏗᎫᎯᎶᎥᎢ; ᎠᎴ ᎤᏣᏔ ᏄᏓᎴᎭ ᎾᏍᎩᏯ ᎤᏠᏱ ᏕᏥᎸᏫᏍᏓᏁᎰᎢ.
9. ᎠᎴ ᎯᎠ ᏂᏚᏪᏎᎴᎢ, ᎣᏏᏉ ᏂᏣᏛᏁᎭ ᏥᏥᏲᎢᏎᎭ ᎤᏁᎳᏅᎯ ᎤᏁᏨ, ᎾᏍᎩ ᎢᏣᏤᎵ ᏗᎧᎿᎭᏩᏛᏍᏗ ᎢᏥᏍᏆᏂᎪᏙᏗᏱ.
10. ᎼᏏᏰᏃ ᎯᎠ ᏄᏪᏎᎢ, ᎯᎸᏉᏕᏍᏗ ᏣᏙᏓ ᎠᎴ ᏣᏥ; ᎠᎴ, ᎩᎶ ᎠᏍᎩ ᏅᏗᏍᎨᏍᏗ ᎤᏙᏓ ᎠᎴ ᎤᏥ, ᎠᏎ ᎤᏲᎱᎯᏍᏗ ᎨᏎᏍᏗ.
11. ᏂᎯᏍᎩᏂ ᎯᎠ ᏂᏥᏪᎭ, ᎢᏳᏃ ᎩᎶ ᎯᎠ ᏂᎦᏪᏎᎮᏍᏗ ᎤᏙᏓ ᎠᎴ ᎤᏥ, ᎪᏆᏂ, (ᎾᏍᎩ ᎦᏛᎬ, ᎠᏆᎵᏍᎪᎸᏔᏅᎯ,) ᏂᎦᎥ ᎨᏣᎵᏍᏕᎸᏙᏗ ᎨᏒ ᎠᏴ ᎬᏍᏕᎵᏍᎬᎢ; [ᎾᏍᎩ ᎤᏚᏓᎴᏛ ᎨᏎᏍᏗ.]
12. ᎠᎴ ᎥᏝ ᎿᎭᏉ ᎤᏁᎳᎩ ᎪᎱᏍᏗ ᏫᏓᏛᏂᏏ ᎤᏙᏓ ᎠᎴ ᎤᏥ ᏰᏤᎵᏎᎰᎢ;
13. ᎾᏍᎩ ᎤᏁᎳᏅᎯ ᎤᏤᎵ ᎧᏃᎮᏛ ᎠᏎᏉ ᏂᏨᏁᎰ ᎢᏨᏗᏍᎪ ᏂᎯ ᎢᏥᏁᏨᎢ; ᎠᎴ ᎤᏣᏘ ᎢᏳᏓᎴᎩ ᎾᏍᎩ ᎢᏳᏍᏗᏓᏂ ᏂᏣᏛᏁᎰᎢ.
14. ᏂᎦᏛᏃ ᏴᏫ ᏫᏚᏯᏅᎲ, ᎯᎠ ᏂᏚᏪᏎᎴᎢ, ᏍᎩᏯᏛᏓᏍᏓᏏ ᏂᏥᎥᎢ, ᎠᎴ ᎢᏦᎵᎩ;
15. ᎥᏝᏃ ᎪᎱᏍᏗ ᏴᏫᎯ ᏙᏱᏗᏢ ᎡᎯ, ᎤᏴᎭ, ᎾᏍᎩ ᎦᏓᎭ ᏱᏄᏩᏁᎰᎢ; ᎾᏍᎩᏂ ᏅᏓᏳᏄᎪᏨᎯ, ᎾᏍᎩ ᎦᏓᎭ ᏄᏩᏁᎰ ᏴᏫ.
16. ᎩᎶ ᏕᎦᎵᎷᎨᏍᏗ ᎤᏛᎪᏗᏱ, ᎾᏍᎩ ᏩᏛᎬᎦ.
17. ᎦᎵᏦᏕᏃ ᏭᏴᎸ ᏚᏓᏅᎡᎸ ᏴᏫ, ᎬᏩᏍᏓᏩᏗᏙᎯ ᎬᏩᏛᏛᏁ ᏓᏟᎶᏍᏛ ᎤᎬᏩᎵ.
18. ᎯᎠᏃ ᏂᏚᏪᏎᎴᎢ, ᎾᏍᏉᏍᎪ ᏂᎯ ᎾᏍᎩ ᎢᎦᎢ ᏂᏦᎵᎬᎾ ᎢᎩ? ᏝᏍᎪ ᏱᏥᎪᏩᏘᎭ, ᎾᏍᎩ ᎪᎱᏍᏗ ᏙᏱᏗᏢ ᎡᎯ ᎾᏍᎩ ᏳᏴᎯᎭ ᏴᏫ ᎦᏓᎭ ᎢᎬᏩᏁᏗ ᏂᎨᏒᎾ ᎨᏒᎢ;
19. ᎾᏍᎩ ᎤᎾᏫᏱ ᏫᎾᏴᎯᎲᎾ ᎨᏒ ᎢᏳᏍᏗ, ᎤᏍᏉᎵᏱᏉᏍᎩᏂ, ᎠᎴ ᏫᎦᎶᎯᏍᏗᏍᎬᏉ, ᎾᏍᎩᏃ ᎦᏅᎦᎵᏍᎬ ᏂᎦᎥ ᎠᎵᏍᏓᏴᏗ?
20. ᎯᎠᏃ ᏄᏪᏎᎢ, ᎾᏍᎩ Ꮎ ᏴᏫᎯ ᎤᏄᎪᏨᎯ ᎾᏍᎩ ᎦᏓᎭ ᏄᏩᏁᎰ ᏴᏫ.
21. ᎭᏫᏂᏰᏃ ᏅᏓᏳᏓᎴᏅᎯ, ᏴᏫ ᎤᎾᏫᏱ, ᏗᏓᎴᎲᏍᎦ ᎤᏲ ᎠᏓᏅᏖᏗ ᎨᏒᎢ, ᎠᏓᏲᏁᏗ ᎨᏒᎢ, ᎤᏕᎵᏛ ᏗᏂᏏᏗ ᎨᏒᎢ, ᎠᏓᎯᏍᏗ ᎨᏒᎢ,
22. ᎦᏃᏍᎩᏛ ᎨᏒᎢ, ᏧᎬᏩᎶᏗ ᎠᎬᎥᎯᏍᏗ ᎨᏒᎢ, ᎤᏲ ᎢᏯᏛᏁᏗ ᎨᏒᎢ, ᎦᎶᏄᎮᏛ ᎨᏒᎢ, ᎠᎵᏐᏢᎢᏍᏙᏗ ᎨᏒᎢ, ᎠᏛᏳᎨᏗ ᎨᏒᎢ, ᎠᏓᏐᏢᎢᏍᏙᏗᏱ, ᎠᏢᏉᏙᏗᏱ, ᎠᎵᏍᎦᎿᎭᏫᏍᏗ ᎨᏒᎢ.
23. ᎯᎠ ᎾᏍᎩ ᏂᎦᏛ ᎤᏲᎢ ᎭᏫᏂ ᏗᏓᎴᎲᏍᎪᎢ, ᎠᎴ ᎦᏓᎭ ᏄᏩᏁᎰ ᏴᏫ.
24. ᎾᎿᎭᏃ ᏚᎴᏅ, ᏔᏯ ᎠᎴ ᏌᏙᏂ ᎠᏍᏛ ᏭᎷᏤᎢ, ᎠᎴ ᎠᏓᏁᎸ ᏭᏴᎸ, ᎥᏝ ᏳᏚᎵᏍᎨ ᎩᎶ ᎤᏙᎴᎰᎯᏍᏗᏱ; ᎠᏎᏃ ᎥᏝ ᎬᏩᏗᏍᎦᎶᏗ ᏱᎨᏎᎢ.
25. ᎩᎶᏰᏃ ᎢᏳᏍᏗ ᎠᎨᏴ ᎾᏍᎩ ᎤᏪᏥ ᎠᏛᏄᏣ ᎦᏓᎭ ᎠᏓᏅᏙ ᎤᏯᎢ, ᎤᏛᎦᏅ ᎠᏥᏃᎮᏍᎬᎢ, ᎤᎷᏤ ᎠᎴ ᏚᎳᏍᎬ ᎤᏓᏅᏁᎢ:
26. (ᎾᏍᎩ Ꮎ ᎠᎨᏴ ᎠᎪᎢ ᎨᏎᎢ, ᎠᏌᎶᏈᏂᏏ ᎨᏎᎢ;) ᎠᎴ ᎾᏍᎩ ᎤᏍᏗᏰᏔᏁ ᎾᏍᎩ ᎤᏪᏥ ᎠᏛᏄᏣ ᎠᏍᎩᎾ ᎤᏄᎪᏫᏎᏗᏱ.
27. ᎠᏎᏃ ᏥᏌ ᎯᎠ ᏂᎤᏪᏎᎴᎢ, ᎢᎬᏱ ᏗᏂᏲᎵ ᏫᏓᏃᎸᎯ; ᎥᏝᏰᏃ ᎣᏏᏳ ᏱᎩ, ᏗᏂᏲᎵ ᏧᎾᏤᎵ ᎦᏚ ᏗᎩᎡᏗᏱ, ᎠᎴ ᎩᎵ ᏫᏓᏗᏁᏗᏱ.
28. ᎾᏍᎩᏃ ᎤᏁᏤ ᎯᎠ ᏄᏪᏎᎴᎢ, ᎤᏙᎯᏳᎯ, ᏣᎬᏫᏳᎯ; ᎠᏎᏃ ᎩᎵ ᎦᏍᎩᎸ ᎭᏫᏂᏗᏢ ᏗᏂᏲᎵ ᎤᏂᏅᎪᎠᎯᏎᎸᎯ ᎦᏚ ᎠᎾᎵᏍᏓᏴᏗᏍᎪᎢ.
29. ᎯᎠᏃ ᏄᏪᏎᎴᎢ, ᎾᏍᎩ ᎯᎠ ᏥᏂᏫ ᏫᏂᎦᎵᏍᏙᏓ, ᏥᎮᎾ; ᎠᏍᎩᎾ ᏤᏥᏱ ᎠᏯᎥ ᎤᏄᎪᎩ.
30. ᎾᏍᎩᏃ ᏧᏪᏅᏒ ᏫᎤᎷᏨ, ᎤᏙᎴᎰᏎ ᎠᏍᎩᎾ ᎤᏄᎪᏨᎢ, ᎤᏪᏥᏃ ᎠᏤᏍᏙᎩᎯ ᎦᏅᎬᎢ.
31. ᎠᎴ ᏔᎵᏁ ᏔᏯ ᎠᎴ ᏌᏙᏂ ᎠᏍᏛ ᎤᏂᎩᏒ ᎨᎵᎵ ᎥᏓᎸ ᏭᎷᏤᎢ, ᎠᏰᎵ ᎤᎶᏎ ᎠᏍᎪᎯ-ᏗᎦᏚᎩᏱ ᏍᎦᏚᎩ ᎨᏒᎢ.
32. ᎢᎬᏩᏘᏃᎮᎴᏃ ᎩᎶ ᏧᎵᎡᎾ, ᎠᎴ ᎦᏂᎳ ᎦᏬᏂᏍᎩ; ᎠᎴ ᎢᎬᏩᏍᏗᏰᏔᏁ ᎾᏍᎩ ᎤᏏᏔᏗᏍᏗᏱ.
33. ᎢᏴᏛᏃ ᏭᏘᏅᏍᏔᏅ ᎤᏓᏰᎵᎸ ᎤᏂᏣᏘ ᎠᏁᏙᎲᎢ, ᏕᎦᏰᏌᏛ ᏗᎦᎴᏂ ᏚᏐᎾᏕᎢ, ᎠᎴ ᏚᎵᏥᏍᏇᎢ, ᎠᎴ ᎦᏃᎪ ᎤᏒᏂᎴᎢ;
34. ᎦᎸᎳᏗᏃ ᏫᏚᎧᎿᎭᏅ ᎤᎵᏰᏔᏁᎢ, ᎠᎴ ᎯᎠ ᏄᏪᏎᎴᎢ, ᎡᏇᏓ, ᎾᏍᎩ ᎦᏛᎬ ᎭᎵᏍᏚᎢ.
35. ᎩᎳᏉᏃ ᎢᏴᏛ ᏗᎦᎴᏂ ᏚᎵᏍᏚᎢᏎᎢ, ᎠᎴ ᎦᏃᎪ ᎤᎸᏍᏓᏁᎸᎯ ᏚᎵᎧᏁᏴᎮ, ᎠᎴ ᎣᏍᏛ ᎤᏬᏂᏎᎢ.
36. ᏚᏅᏍᏓᏕᎴᏃ ᎩᎶ ᎤᏂᏃᏁᏗᏱ; ᎠᏎᏃ ᏕᎦᏅᏍᏓᏗᏏ ᎤᏟᏉ ᎢᎦᎢ ᏓᏂᏰᎵᎯᏍᏗᏍᎨᎢ;
37. ᎠᎴ ᎤᎶᏒᏍᏔᏅᎯ ᎤᏂᏍᏆᏂᎪᏎᎢ, ᎯᎠ ᎾᏂᏪᏍᎨᎢ, ᏂᎦᏛ ᎣᏏᏳ ᏕᎤᎸᏫᏍᏓᏏ; ᎤᎾᏛᎪᏗᏱ ᏂᏕᎬᏁ ᏧᏂᎵᎡᎾ, ᏧᏅᎨᏫᏃ ᎤᏂᏬᏂᎯᏍᏗᏱ.

== Mark 8 ==
1. ᎾᎯᏳᏃ ᎤᏂᏣᏘ ᎨᏒ ᏴᏫ ᏧᏈᏯ ᎨᏒ ᎢᏳᏍᏗ, ᎠᎴ ᏄᏂᎲᎾ ᎨᏒ ᎤᎾᎵᏍᏓᏴᏗ, ᏥᏌ ᏫᏚᏯᏅᎲ ᎬᏩᏍᏓᏩᏗᏙᎯ, ᎯᎠ ᏂᏚᏪᏎᎴᎢ;
2. ᎦᏥᏯᏙᎵᎦ ᎤᏂᏣᏘ ᎨᏒᎢ, ᏅᏗᎦᎵᏍᏙᏗ ᎿᎭᏉ ᏦᎢ ᎢᎦ ᎢᏧᎳᎭ ᎣᎨᏙᎸᎢ ᎠᎴ ᏄᏂᎲᎾ ᎨᏒ ᎤᎾᎵᏍᏓᏴᏗ;
3. ᎢᏳᏃ ᏱᎦᏥᏯᏂᎩᏍᏗᎭ ᏙᏧᏁᏅᏒ ᏯᏁᎦ ᏄᎾᎵᏍᏓᏴᏅᎾ, ᏩᎾᎢᏒᏉ ᏱᏓᏂᏩᎾᎦᎶᎩ; ᎢᎦᏛᏰᏃ ᎢᏅᎯᏳ ᏙᏧᏁᏅ.
4. ᎬᏩᏍᏓᏩᏗᏙᎯᏃ ᎯᎠ ᏂᎬᏩᏪᏎᎴᎢ, ᎭᏢ ᏱᏓᎩ ᎩᎶ ᎾᏍᎩ ᎢᎦᎢ ᎦᏚ ᎠᏂ ᎢᎾᎨᎢ, ᎯᎠ ᎾᏍᎩ ᏰᎵ ᎬᏩᏂᏛᏓᏁᏗ.
5. ᏚᏛᏛᏁᏃ ᎯᎠ ᏄᏪᏎᎢ; ᎢᎳᎪ ᎦᏚ ᏕᏥᏰᎭ? ᎯᎠᏃ ᏄᏂᏪᏎᎢ, ᎦᎵᏉᎩ.
6. ᏚᏁᏤᎴᏃ ᎤᏂᏣᏘ ᎦᏙᎯ ᎤᎾᏂᏢᏗᏱ; ᎦᎵᏉᎩᏃ ᎦᏚ ᏚᎩᏒ, ᎠᎴ ᎤᎵᎮᎵᏨ, ᏚᎬᎭᎷᏰᎢ, ᎠᎴ ᎬᏩᏍᏓᏩᏗᏙᎯ ᏚᏁᎴ ᎾᏍᎩ ᎢᎬᏱᏗᏢ ᏧᏂᏁᏗᏱ; ᎢᎬᏱᏗᏢᏃ ᏚᏂᏁᎴ ᎤᏂᏣᏘ ᏴᏫ.
7. ᎠᎴ ᎢᎸᏍᎩ ᏧᎾᏍᏗ ᎠᏣᏗ ᏓᏂᏁᎮᎢ, ᎤᎵᎮᎵᏨᏃ ᎤᏁᏤ ᎾᏍᎩ ᎾᏍᏉ ᎢᎬᏱᏗᏢ ᏧᏂᏅᏗᏱ.
8. ᎤᎾᎵᏍᏓᏴᏁᏃ, ᎠᎴ ᏚᏃᎸᏎᎢ; ᎤᏄᏖᏎᏃ ᎤᎵᎬᎭᎷᏴᎯ ᎤᏘᏴᎯ ᎦᎵᏉᎩ ᎢᏯᎧᎵᎢ ᏔᎷᏣ.
9. ᎤᎾᎵᏍᏓᏴᏅᎯᏃ ᏅᎩ ᎢᏯᎦᏴᎵ ᎢᏴᏛ ᎾᏂᎡᎢ; ᏚᏰᎵᎯᏍᏔᏁᏃ.
10. ᎢᎬᏪᏅᏛᏃ ᏥᏳᎯ ᎤᏣᏁ ᎠᏁᎮ ᎬᏩᏍᏓᏩᏗᏙᎯ, ᎠᎴ ᏓᎵᎻᏄᏓ ᎠᏍᏛ ᏭᎷᏤᎢ.
11. ᎠᏂᏆᎵᏏᏃ ᎤᏂᎷᏤ ᎠᎴ ᎤᎾᎴᏅᎮ ᎬᏩᏛᏛᎮᎸᏁᎢ, ᎬᏩᏔᏲᏎᎴ ᏧᎾᏄᎪᏫᏎᏗᏱ ᎤᏰᎸᏛ ᎦᎸᎳᏗ ᏅᏓᏳᎶᏒᎯ, ᎬᏩᎪᎵᏰᏍᎨᎢ.
12. ᎤᏓᏅᏙᎩᎯᏃ ᎭᏫᏂ ᎤᎵᏰᏔᏁᎢ, ᎠᎴ ᎯᎠ ᏄᏪᏎᎢ, ᎦᏙᏃ ᎪᎯ ᎯᎠ ᏣᏁᎭ ᎤᏰᎸᏛ ᎤᏂᏲᎭ? ᎤᏙᎯᏳᎯᏯ ᎯᎠ ᏂᏨᏪᏎᎭ, ᎥᏝ ᎬᏂᎨᏒ ᎢᎨᎬᏁᏗ ᏱᎨᏎᏍᏗ ᎤᏰᎸᏛ ᎯᎠ ᎪᎯ ᏣᏁᎭ.
13. ᏚᏓᏅᎡᎸᏃ, ᎠᎴ ᏔᎵᏁ ᏥᏳᎯ ᎤᏣᏅ, ᎠᏍᎪᎾ ᏭᎶᏎᎢ.
14. [ᎬᏩᏍᏓᏩᏗᏙᎯᏃ] ᎤᏅᎨᏫᏒᎯ ᎨᏎ ᎦᏚ ᏧᎾᏕᏅᏗᏱ, ᎥᏝ ᎠᎴ ᏳᎶᏒᏍᏕ ᏌᏉ ᎦᏚ ᎤᏂᎸ ᏥᏳᎯ.
15. ᏚᏁᏤᎴᏃ ᎯᎠ ᏄᏪᏎᎢ, ᎢᏥᏯᏫᏍᎨᏍᏗ, ᎠᏂᏆᎵᏏ ᎤᎾᏤᎵ ᎠᎪᏙᏗ ᎢᏤᏯᏙᏤᎮᏍᏗ, ᎠᎴ ᎡᎶᏗ ᎤᏤᎵ ᎠᎪᏙᏗ.
16. ᎤᏅᏒᏃ ᎨᏒ ᎤᎾᎵᏃᎮᎴ, ᎯᎠ ᏄᏂᏪᏎᎢ, ᏅᏗᎦᎵᏍᏙᏗᎭ ᎦᏚ ᏂᏗᏗᏰᎲᎾ ᎨᏒᎢ.
17. ᏥᏌᏃ ᎤᏙᎴᎰᏒ ᎯᎠ ᏂᏚᏪᏎᎴᎢ, ᎦᏙᏃ ᎢᏣᎵᏃᎮᎭ ᎦᏚ ᏂᏗᏥᏰᎲᎾ ᎨᏒ ᎢᏳᏍᏗ? ᎠᏏᏉᏍᎪ ᏂᏣᏙᎴᎰᏍᎬᎾ ᎢᎩ, ᎠᎴ ᏂᏦᎵᎬᎾ ᎢᎩ? ᎠᏏᏉᏍᎪ ᎠᏍᏓᏯ ᏂᏕᏨᏅ ᏗᏥᎾᏫ?
18. ᏕᏥᎧᏅᏍᎪ, ᏂᏥᎪᏩᏘᏍᎬᎾᏃ ᎢᎩ? ᏕᏥᎵᎷᎦᏍᎪ, ᏂᏣᏛᎩᏍᎬᎾᏃ ᎢᎩ? ᎠᎴ ᏂᏣᏅᏓᏗᏍᎬᎾᏍᎪ ᎢᎩ?
19. ᎯᏍᎩ ᎦᏚ ᏓᎩᎬᎭᎷᏴ ᎯᏍᎩ ᎢᏯᎦᏴᎵ ᏕᏥᏁᎸ, ᎢᎳᎪ ᎢᏯᎧᎵᎢ ᏔᎷᏣ ᎤᎵᎬᎭᎷᏴᎯ ᎢᏧᏖᏎᎢ? ᏔᎳᏚ ᎢᎬᏬᏎᎴᎢ.
20. ᎦᎵᏉᎩᏃ [ᎦᏚ] ᏅᎩ ᎢᏯᎦᏴᎵ ᏕᏥᏁᎸ, ᎢᎳᎪ ᎢᏯᎧᎵᎢ ᏔᎷᏣ ᎤᎵᎬᎭᎷᏴᎯ ᎢᏧᏖᏎᎢ? ᎦᎵᏉᎩ ᎤᎾᏛᏁᎢ.
21. ᎯᎠᏃ ᏂᏚᏪᏎᎴᎢ, ᎦᏙ ᎦᎵᏍᏙᏗᎭ ᏂᏦᎵᎬᎾ ᏥᎩ?
22. ᏇᏣᏱᏗᏃ ᏭᎷᏤᎢ; ᏗᎨᏫᏃ ᎠᏍᎦᏯ ᎬᏩᏘᏃᎮᎴᎢ, ᎠᎴ ᎤᏂᏔᏲᏎᎴ ᎾᏍᎩ ᎤᏒᏂᏍᏗᏱ.
23. ᏗᎨᏫᏃ ᎤᏬᏯᏁᏒ, ᎦᏚᎲ ᎤᏄᎪᏫᏎᎢ; ᏗᎦᏙᎵᏃ ᏚᎵᏥᏍᏋ, ᎠᎴ ᏚᏏᏔᏛ, ᎪᎱᏍᏗᏍᎪ ᎯᎪᏩᏛᏗᎭ? ᎤᏬᏎᎴᎢ.
24. ᏚᎧᎿᎭᏅᏃ, ᎯᎠ ᏄᏪᏎᎢ, ᏴᏫ ᎦᏥᎪᏩᏘᎭ ᎠᏁᎩᎭ ᏕᏡᎬ ᎾᏍᎩᏯᎢ.
25. ᎿᎭᏉᏃ ᏔᎵᏁ ᏗᎦᏙᎵ ᏚᏏᏔᏕᎢ, ᎠᎴ ᏧᎧᏃᏗᏱ ᏄᏩᏁᎴᎢ; ᎠᎴ ᎤᏗᏩᏎᎢ, ᎠᎴ ᎾᏂᎥ ᎣᏏᏳ ᏓᎪᏩᏗᏍᎨᎢ.
26. ᎠᎴ ᎤᏁᏤᎴ ᏧᏪᏅᏒ ᏭᎶᎯᏍᏗᏱ, ᎯᎠ ᏄᏪᏎᎢ, ᏞᏍᏗ ᏗᎦᏚᎲ ᏫᏣᏴᎸᎩ, ᎠᎴ ᏞᏍᏗ ᎩᎶ ᎦᏚᎲ ᎡᎯ ᎯᏃᏁᎸᎩ.
27. ᏥᏌᏃ ᎤᏄᎪᏤ ᎠᎴ ᎾᏍᎩ ᎬᏩᏍᏓᏩᏗᏙᎯ, ᏏᏌᎵᏱ ᏈᎵᎩ ᏕᎦᏚᎲ ᏭᏂᎶᏎᎢ; ᏩᎾᎢᏒᏃ ᏚᏛᏛᏁ ᎬᏩᏍᏓᏩᏗᏙᎯ, ᎯᎠ ᏂᏚᏪᏎᎴᎢ, ᎦᎪ ᎬᏉᏎᎰ ᏴᏫ?
28. ᎯᎠᏃ ᏄᏂᏪᏎᎢ, ᏣᏂ ᏗᏓᏬᏍᎩ; ᎢᎦᏛᏍᎩᏂ ᎢᎳᏯ [ᎠᎾᏗᎭ;] ᎢᎦᏛᏃ, ᎩᎶ ᎢᏳᏍᏗ ᎠᎾᏙᎴᎰᏍᎩ.
29. ᎯᎠᏃ ᏂᏚᏪᏎᎴᎢ, ᏂᎯᎾᏃ ᎦᎪ ᏍᎩᏲᏎᎭ? ᏈᏓᏃ ᎤᏁᏨ ᎯᎠ ᏄᏪᏎᎴᎢ, ᎦᎶᏁᏛ ᏂᎯ.
30. ᏚᏁᏤᎴᏃ ᎾᏍᎩ ᎩᎶ ᎤᏂᏃᏁᏗᏱ ᏂᎨᏒᎾ.
31. ᎤᎴᏅᎮᏃ ᏚᏪᏲᏁᎢ, ᎾᏍᎩ ᏴᏫ ᎤᏪᏥ ᎤᏣᏘ ᏧᏓᎴᏅᏛ ᎤᎩ ᎵᏲᎢᏍᏗᏱ; ᎠᎴ ᎬᏩᏲᎢᏎᏗ ᎨᏒ ᏗᏂᎳᏫᎩ, ᎠᎴ ᏄᏂᎬᏫᏳᏒ ᎠᏥᎸ-ᎠᏁᎶᎯ ᎠᎴ ᏗᏃᏪᎵᏍᎩ, ᎠᎴ ᎠᏥᎢᏍᏗᏱ ᎨᏒᎢ, ᏦᎢᏁᏃ ᎢᎦ ᏧᎴᎯᏐᏗ ᎨᏒᎢ.
32. ᎾᏍᎩᏃ ᎯᎠ ᎬᏂᎨᏒ ᏄᏪᏎᎢ. ᏈᏓᏃ ᎤᏯᏅᎲ ᎤᎴᏅᎮ ᎤᎬᏍᎪᎸᏁᎢ.
33. ᎠᏎᏃ ᎤᎦᏔᎲᏒ, ᎠᎴ ᎬᏩᏍᏓᏩᏗᏙᎯ ᏚᎧᎿᎭᏅ, ᏈᏓ ᎤᎬᏍᎪᎸᏁᎢ, ᎯᎠ ᏄᏪᏎᎢ, ᎠᏆᏐᎭᏛ ᎭᎴᎲᎦ ᏎᏓᏂ; ᎥᏝᏰᏃ ᎤᏁᎳᏅᎯ ᎤᏤᎵ ᎨᏒ ᎣᏏᏳ ᏱᏣᏰᎸᎭ, ᏴᏫᏍᎩᏂ ᎤᎾᏤᎵ ᎨᏒᎢ.
34. ᏫᏚᏯᏅᎲᏃ ᏴᏫ, ᎠᎴ ᎾᏍᏉ ᎬᏩᏍᏓᏩᏗᏙᎯ, ᎯᎠ ᏂᏚᏪᏎᎴᎢ, ᎩᎶ ᎤᏚᎵᏍᎨᏍᏗ ᎠᎩᏍᏓᏩᏛᏍᏗᏱ, ᎤᏩᏒ ᎠᏓᏓᏱᎮᏍᏗ, ᎠᎴ ᎤᏩᏒ ᎤᏤᎵ ᏧᏓᎾᏩᏛ ᎠᏱᏍᎨᏍᏗ, ᎠᎴ ᎠᎩᏍᏓᏩᏕᎨᏍᏗ.
35. ᎩᎶᏰᏃ ᎤᏚᎵᏍᎨᏍᏗ ᎬᏅ ᎤᏍᏕᎸᏗᏱ, ᎾᏍᎩ ᎤᏲᎱᏎᎮᏍᏗ; ᎩᎶᏍᎩᏂ ᎬᏅ ᎤᏲᎱᏎᎮᏍᏗ ᎠᏴ ᎠᎴ ᎣᏍᏛ ᎧᏃᎮᏛ ᏅᏗᎦᎵᏍᏙᏗᏍᎨᏍᏗ, ᎾᏍᎩ ᎠᏥᏍᏕᎸᏗ ᎨᏎᏍᏗ.
36. ᎦᏙᏰᏃ ᏳᏁᏉᏥ ᏴᏫ, ᎢᏳᏃ ᏂᎬᎾᏛ ᎡᎶᎯ ᎤᏤᎵ ᏱᏄᎵᏍᏔᏅ, ᎤᏩᏒᏃ ᎤᏓᏅᏙ ᏳᏲᎱᏎᎸ?
37. ᎠᎴ ᎦᏙ ᏯᎲᎦ ᏴᏫ ᏱᎦᏁᏟᏴᏍᏓ ᎤᏓᏅᏙ?
38. ᎩᎶᏰᏃ ᎠᏆᏕᎰᏍᎨᏍᏗ ᎠᏴ, ᎠᎴ ᎠᏴ ᏥᏁᎬᎢ, ᎤᏓᏑᏴ ᎠᏂ ᏗᎾᏓᏲᏁᎯ ᎠᎴ ᎠᏂᏍᎦᎾ ᎠᏁᎲᎢ, ᎾᏍᎩ ᎾᏍᏉ ᏴᏫ ᎤᏪᏥ ᎤᏕᎰᎯᏍᏗ ᎨᏎᏍᏗ, ᎦᎷᏨᎭ ᎤᏄᏬᏍᏕᏍᏗ ᎦᎸᏉᏗᏳ ᎨᏒ ᎤᏙᏓ ᎤᏤᎵᎦ, ᎠᏁᎮᏍᏗ ᎨᏥᎸᏉᏗ ᏗᏂᎧᎿᎭᏩᏗᏙᎯ.

== Mark 9 ==
1. ᎯᎠᏃ ᏂᏚᏪᏎᎴᎢ, ᎤᏙᎯᏳᎯᏯ ᎯᎠ ᏂᏨᏪᏎᎭ, ᎾᏍᎩ ᎩᎶ ᎠᏂ ᏥᏓᏂᏙᎦ, ᎥᏝ ᏴᏛᎾᏙᎴᎰᏏ ᎠᏲᎱᎯᏍᏗ ᎨᏒᎢ, ᎬᏂ ᎤᏂᎪᎲᎯ ᎨᏎᏍᏗ ᎤᏁᎳᏅᎯ ᎤᎬᏫᏳᎯ ᎨᏒ ᎤᎵᏂᎩᏗᏳ ᎨᏒ ᎦᎷᏨᎭ.
2. ᏑᏓᎵᏃ ᏫᏄᏒᎸ ᏥᏌ ᏚᏘᏅᏎ ᏈᏓ, ᎠᎴ ᏥᎻ, ᎠᎴ ᏣᏂ, ᎢᏅᏃ ᎢᎦᏘ ᎣᏓᎸ ᏚᎿᎭᎷᏔᏁ ᎢᏴᏛ ᎤᏅᏒ ᎨᏒᎢ; ᎠᎴ ᎤᏓᏁᏟᏴᏎ ᎠᏂᎦᏔᎲᎢ.
3. ᏧᏄᏬᏃ ᏚᏔᎷᎩᏍᎨᎢ, ᎤᏣᏘ ᏧᏁᎩᏳ ᎨᏎᎢ ᎥᏃᏥ ᏥᏄᏁᎩᏴ ᎾᏍᎩᏯᎢ; ᎾᏍᎩ ᎥᏝ ᎩᎶ ᏗᎬᎩᎶᏍᎩ ᎠᏂ ᎡᎶᎯ ᎡᎯ ᎾᏍᎩ ᎢᏧᏁᎬ ᏱᏂᏙᎦᎬᎦ.
4. ᎬᏂᎨᏒᏃ ᏂᎬᏩᎾᏛᏁᎴ ᎢᎳᏯ ᎠᎴ ᎼᏏ; ᏥᏌᏃ ᎬᏩᎵᏃᎮᏗᏍᎨᎢ.
5. ᏈᏓᏃ ᎤᏁᏨ ᎯᎠ ᏄᏪᏎᎴ ᏥᏌ, ᏔᏕᏲᎲᏍᎩ, ᎣᏏᏳ ᎠᏂ ᏥᏕᏙᎭ; ᎠᎴ ᏦᎢ ᏫᏙᏥᎵᏦᏛᎦ; ᏌᏉ ᏂᎯ ᏣᏤᎵᎦ, ᏌᏉᏃ ᎼᏏ ᎤᏤᎵᎦ, ᏌᏉᏃ ᎢᎳᏯ ᎤᏤᎵᎦ.
6. ᎥᏝᏰᏃ ᏯᎦᏔᎮ ᎢᏳᏪᏍᏗᏱ; ᎤᏣᏘᏰᏃ ᎠᏂᏍᎦᎢᎮᎢ.
7. ᎤᎶᎩᎸᏃ ᎤᏄᏢᏔᏁᎢ; ᎧᏁᎬᏃ ᎤᎶᎩᎸ ᏧᎾᏄᎪᏤᎢ, ᎯᎠ ᏂᎦᏪᏍᎨᎢ, ᎯᎠ ᎾᏍᎩ ᏥᎨᏳᎢ ᎠᏇᏥ; ᎾᏍᎩ ᎡᏣᏛᏓᏍᏓᏏ.
8. ᎩᎳᏉᏃ ᎢᏴᏛ ᏚᎾᎧᎿᎭᏂᏙᎸ, ᎥᏝ ᎿᎭᏉ ᎩᎶ ᏳᏂᎪᎮᎢ, ᏥᏌ ᎤᏩᏒ, ᎠᎴ ᎤᏅᏒ.
9. ᏧᏂᎦᏐᎠᏏᏗᏒᏃ ᎣᏓᎸᎢ, ᏚᏁᏤᎴ ᎾᏍᎩ ᎩᎶ ᎤᏂᏃᏁᏗᏱ ᏂᎨᏒᎾ ᏄᏍᏛ ᎤᏂᎪᎲᎢ, ᎬᏂ ᏴᏫ ᎤᏪᏥ ᎤᏲᎱᏒ ᏧᎴᎯᏌᏅᎯ ᎨᏎᏍᏗ ᏚᏬᏎᎴᎢ.
10. ᎾᏍᎩᏃ ᏄᏪᏒ ᎤᎾᎦᏌᏯᏍᏔᏁᎢ, ᏓᎾᏓᏛᏛᎲᏍᎨ ᎦᏛᎬ ᎠᏲᎱᏒ ᏗᎴᎯᏐᏗ ᎨᏒᎢ.
11. ᎬᏩᏛᏛᏁᏃ ᎯᎠ ᏄᏂᏪᏎᎢ, ᎦᏙᏃ ᏗᏃᏪᎵᏍᎩ ᎢᎳᏯ ᎢᎬᏱ ᏓᎦᎷᏥ ᏣᎾᏗᏍᎪᎢ?
12. ᎤᏁᏨᏃ ᎯᎠ ᏂᏚᏪᏎᎴᎢ, ᎢᎳᏯ ᎤᏙᎯᏳᎯ ᎢᎬᏱ ᎤᎷᎯᏍᏗ, ᎠᎴ ᏂᎦᏛ ᎤᏬᏢᎯᏐᏗ; ᎠᎴ ᎾᏍᏉ ᎯᎠ ᏂᎬᏅᎪᏪᎳ ᏴᏫ ᎤᏪᏥ ᎠᏥᏃᎮᏍᎬᎢ, ᎾᏍᎩ ᎤᏣᏘ ᏧᏓᎴᏅᏛ ᎤᎩᎵᏲᎢᏍᏗ ᎨᏎᏍᏗ, ᎠᎴ ᎠᏎᏉ ᏓᏰᏥᏰᎸᏂ.
13. ᎠᏎᏃ ᎯᎠ ᏂᏨᏪᏎᎭ, ᎢᎳᏯ ᎤᏙᎯᏳᎯ ᎤᎷᏨ, ᎠᎴ ᏄᏍᏛ ᎤᎾᏚᎵᏍᎬ ᏂᎬᏩᏁᎸ, ᎾᏍᎩᏯ ᏂᎬᏅ ᎪᏪᎸ ᎾᏍᎩ ᎠᏥᏃᎮᏍᎬᎢ.
14. ᎬᏩᏍᏓᏩᏗᏙᎯᏃ ᎠᏁᏙᎲ ᎤᎷᏨ, ᎤᏂᏣᏘ ᏚᎪᎮ ᎬᏩᎾᏓᏡᏫᏍᏕᎢ, ᎠᎴ ᏗᏃᏪᎵᏍᎩ ᎬᏩᎾᏛᏛᎮᎸᎢᏍᎨᎢ.
15. ᎩᎳᏉᏃ ᎢᏴᏛ ᏂᎦᏛ ᏴᏫ, ᎬᏩᎪᎲ, ᎤᏣᏘ ᎤᏂᏍᏆᏂᎪᏎᎢ; ᎬᏩᏗᏝᎣᎮᎸᏃ ᎬᏩᏲᎵᎴᎢ.
16. ᏚᏛᏛᏁᏃ ᏗᏃᏪᎵᏍᎩ, ᎦᏙ ᏕᏣᏛᏛᎮᎸᎥᏍᎦ ᏚᏬᏎᎴᎢ?
17. ᎠᏏᏴᏫᏃ ᎾᏍᎩ ᎤᏂᏣᏘ ᎨᏒ ᎨᎳ ᎤᏁᏨ ᎯᎠ ᏄᏪᏎᎢ, ᏔᏕᏲᎲᏍᎩ, ᎬᏯᏘᏃᎯᏏ ᎠᏇᏥ, ᎤᏩᎨᏫ ᎠᏓᏅᏙ ᎤᏪᎢ;
18. ᎢᎸᎯᏢᏃ ᎤᏱᎶᎯᏏ ᎤᎩᎸᏍᎪᎢ; ᎠᎴ ᏓᎭᏬᎢᎰᎢ, ᎠᎴ ᏕᎦᎸᏓᎩᏍᎪ ᏕᎦᏄᏙᎬᎢ, ᎠᎴ ᎤᎸᏕᎯᎰᎢ; ᎨᏣᏍᏓᏩᏗᏙᎯᏃ ᎦᏥᏔᏲᏎᎸ ᎤᏂᏄᎪᏫᏍᏗᏱ; ᎠᏎᏃ ᎤᏂᏄᎸᏅᏉ.
19. ᎤᏁᏤᎸᏃ, ᎯᎠ ᏄᏪᏎᎢ, Ᏺ! ᏂᏦᎯᏳᏒᎾ ᎪᎯ ᏥᏤᎭ! ᎢᎳᎪ ᎢᎪᎯᏛ ᎢᏨᏰᎳᏗᏙᎮᏍᏗ? ᎢᎳᎪ ᎢᎪᎯᏛ ᎤᏁᎳᎩ ᎢᏨᏰᎵᏎᎮᏍᏗ? ᎠᏂ ᎯᏯᏘᏃᎦ.
20. ᎤᎾᏘᏃᎮᎴᏃ; ᎤᎪᎲᏃ ᎩᎳᏉ ᎢᏴᏛ ᎠᏓᏅᏙ ᎤᎩᎸᏁᎢ; ᎡᎳᏗᏃ ᎤᏅᏤᎢ, ᎠᎴ ᏓᎭᏬᎢᎲ ᎠᎵᏗᏒᏂᎮᎢ.
21. ᎤᏛᏛᏁᏃ ᎤᏙᏓ, ᎢᎳᎪ ᏂᎪᎯᎩ ᎾᏍᎩ ᎯᎠ ᎢᎬᏩᎵᏍᏓᏁᎸᎯ? ᎤᏬᏎᎴᎢ. ᎠᏲᎵᏉ ᎨᏒᎢ, ᎤᏛᏁᎢ;
22. ᏯᏃᎩᏳᏃ ᎠᏥᎸᏱ ᎠᎴ ᎠᏑᏱ ᎤᏓᎡᎪᎢ, ᎾᏍᎩ ᎤᎯᏍᏗᏱ; ᎢᏳᏍᎩᏂᏃᏅ ᎪᎱᏍᏗ ᎨᏣᏛᏁᏗ ᎨᏎᏍᏗ, ᏍᎩᏍᏙᎵᎩ, ᎠᎴ ᏍᎩᏍᏕᎸ.
23. ᏥᏌᏃ ᎯᎠ ᏄᏪᏎᎴᎢ, ᎢᏳᏃ ᎨᏦᎯᏳᏗ ᎨᏎᏍᏗ, ᏂᎦᏗᏳ ᎪᎱᏍᏗ ᎢᎦᏰᎦᏛᏁᏗ ᎪᎯᏳᎲᏍᎩ.
24. ᎩᎳᏉᏃ ᎢᏴᏛ ᎠᏲᎵ ᎤᏙᏓ ᎤᏪᎷᏁᎢ, ᎠᎴ ᏗᎬᎦᏌᏬᎢᎯ ᎯᎠ ᏄᏪᏎᎢ, ᏣᎬᏫᏳᎯ, ᎪᎢᏳᎲᏍᎦ; ᏍᎩᏍᏕᎸᏏ ᎾᏉᎯᏳᏒᎾ ᎨᏒᎢ.
25. ᏥᏌᏃ ᎤᎪᎲ ᎾᏍᎩ ᎤᏂᏣᏘ ᎠᎾᏁᎷᎩᏍᎬ ᎠᎾᏓᏟᏏᏍᎬᎢ, ᎤᏍᎦᏤ ᎦᏓᎭ ᎠᏓᏅᏙ, ᎯᎠ ᏄᏪᏎᎴᎢ, ᏨᎨᏩ ᎠᎴ ᏗᏣᎵᎡᎾ ᎠᏓᏅᏙ, ᎬᏁᏤᎭ, ᎡᎯᏄᎪᎢ, ᎠᎴ ᏞᏍᏗ ᎿᎭᏉ ᎢᎸᎯᏳ ᏥᎯᏴᎵ.
26. [ᎠᏓᏅᏙᏃ] ᎤᏪᎷᏅ, ᎠᎴ ᎤᏣᏘ ᎤᎩᎸᏅ, ᎤᏄᎪᏤᎢ; ᎠᎴ ᎤᏲᎱᏒᎯᏉ ᎾᏍᎩᏯ ᎨᏎᎢ; ᎾᏍᎩ ᎢᏳᏍᏗ ᎤᏂᏣᏖ, ᎠᏲᎱᎯ, ᎠᎾᏗᏍᎨᎢ.
27. ᎠᏎᏃ ᏥᏌ ᎤᏬᏯᏁᏒ, ᏚᎴᏔᏁᎢ, ᎠᎴ ᏚᎴᏁᎢ.
28. ᎦᎵᏦᏕᏃ ᏫᎤᏴᎸ, ᎬᏩᏍᏓᏩᏗᏙᎯ ᎤᏅᏒ ᎨᏒ ᎬᏩᏛᏛᏁᎢ, ᎦᏙᏃ ᎠᏴ ᎥᏝ ᎦᏲᏥᏄᎪᏫᏍᏗ ᏱᎨᏎᎢ? ᎤᎾᏛᏁᎢ.
29. ᎯᎠᏃ ᏂᏚᏪᏎᎴᎢ, ᎯᎠ ᎾᏍᎩ ᎢᏳᏍᏗ ᎥᏝ ᏴᎦᏰᎦᏄᎪᏩ, ᎬᏂ ᎠᏓᏙᎵᏍᏔᏅᎯ ᎠᎴ ᎠᎹᏟ ᎬᏅᎯ ᏥᎨᏐᎢ.
30. ᎤᎾᏂᎩᏒᏃ ᎾᎿᎭᏂ, ᎨᎵᎵ ᎠᏰᎵ ᎤᏂᎶᏎᎢ; ᎥᏝᏃ ᏳᏚᎵᏍᎨ ᎩᎶ ᎤᏙᎴᎰᎯᏍᏗᏱ.
31. ᏚᏪᏲᏁᏰᏃ ᎬᏩᏍᏓᏩᏗᏙᎯ, ᎠᎴ ᎯᎠ ᏂᏚᏪᏎᎴᎢ, ᏴᏫ ᎤᏪᏥ ᏓᏥᏲᎯ ᏕᎨᏥᏲᎯᏏ ᏴᏫ. ᎠᎴ ᏓᎬᏩᎵ; ᎠᎴ ᎣᏂ ᎿᎭᏉ ᎠᏥᎸᎯ ᎨᏎᏍᏗ, ᏙᏛᎠᎴᎯᏌᏂ ᏦᎢᏁ ᎢᎦ.
32. ᎠᏎᏃ ᎥᏝ ᏳᏃᎵᏤ ᎾᏍᎩ ᏄᏪᏒ ᎠᎴ ᎠᏂᏍᎦᎢᎮ ᎤᎾᏛᏛᏗᏱ.
33. ᎨᏆᏂᏃ ᎤᎷᏥᎴᎢ; ᎦᎵᏦᎦᏃ ᎠᏯᎥ ᏚᏛᏛᏁ, ᎦᏙ ᎾᏍᎩ ᏥᏥᏃᎮᏍᎬ ᎢᏨᏒ ᎨᏒ Ꭰ ᏗᏓᎢᏒᎢ.
34. ᎠᏎᏃ ᎡᎳᏪᏱᏉ ᎤᏅᏎᎢ; ᏗᎾᎢᏒᏃ ᎠᏂᏃᎮᏍᎨ ᎤᏅᏒ ᎨᏒ ᎾᏍᎩ ᎤᏟ ᎠᏥᎸᏉᏗᏳ ᎨᏒᎢ.
35. ᎤᏪᏅᏃ, ᏔᎳᏚ ᎢᏯᏂᏛ ᏫᏚᏯᏅᎮᎢ, ᎠᎴ ᎯᎠ ᏂᏚᏪᏎᎴᎢ, ᎢᏳᏃ ᎩᎶ ᎢᎬᏱ ᎢᏳᎵᏍᏙᏗᏱ ᎤᏚᎵᏍᎨᏍᏗ, ᎾᏍᎩ ᎣᏂᏱ ᎠᎦᎴᏙᏗ ᎨᏎᏍᏗ ᎾᏂᎥᎢ, ᎠᎴ ᎾᏂᎥ ᎬᏩᏅᏏᏙᎯ ᎨᏎᏍᏗ.
36. ᎠᏲᎵᏃ ᏭᏯᏅᎲ, ᎠᏂᏅ ᎠᏰᎵ ᎤᏪᎧᏁᎢ; ᎤᏄᎶᎸᏃ ᎯᎠ ᏂᏚᏪᏎᎴᎢ,
37. ᎩᎶ ᎠᏏᏴᏫ ᎯᎠ ᎢᏳᎾᏍᏗ ᏗᏂᏲᎵ ᏓᏓᏂᎸᎨᏍᏗ ᎠᏴ ᎠᏴ ᏓᏆᏙᎥ ᏅᏗᎦᎵᏍᏙᏗᏍᎨᏍᏗ, ᎠᏴ ᏓᏆᏓᏂᎸᎨᏍᏗ; ᎩᎶᏃ ᎠᏴ ᏓᏆᏓᏂᎸᎨᏍᏗ, ᎥᏝ ᎠᏴ ᏱᏓᏆᏓᏂᎸᎨᏍᏗ, ᏅᏛᎩᏅᏏᏛᏍᎩᏂ ᏓᏓᏂᎸᎨᏍᏗ.
38. ᏣᏂᏃ ᎤᏁᏤᎴᎢ, ᎯᎠ ᏄᏪᏎᎢ, ᏔᏕᏲᎲᏍᎩ, ᎣᏥᎪᎲᎩ ᎠᏏᏴᏫ ᎠᏂᏍᎩᎾ ᏕᎦᏄᎪᏫᏍᎬᎩ ᏕᏣᏙᎥ ᎬᏗᏍᎬᎩ; ᎥᏝᏃ ᏱᎩᏍᏓᏩᏗᏙᎭ; ᎣᏥᏅᏍᏓᏕᎸᎩᏃ ᏂᎩᏍᏓᏩᏕᎬᎾ ᎨᏒ ᎢᏳᏍᏗ.
39. ᎠᏎᏃ ᏥᏌ ᎯᎠ ᏄᏪᏎᎢ, ᏞᏍᏗ ᎡᏥᏅᏍᏓᏕᎸᎩ; ᎥᏝᏰᏃ ᏰᎭ ᎩᎶ ᏓᏆᏙᎥ ᎬᏗᏍᎩ ᎤᏍᏆᏂᎪᏗ ᏧᎸᏫᏍᏓᏁᎯ, ᎾᏍᎩ ᎢᎬᏪᏅᏛ ᎤᏐᏅ ᎬᎩᏁᎢᏍᏙᏗ.
40. ᎩᎶᏰᏃ ᎾᏍᎩ ᏂᎦᏡᏗᏍᎬᎾ ᏥᎨᏐ, ᎾᏍᎩ ᎢᎦᎵᎪᏁᎯ ᎨᏐᎢ.
41. ᎩᎶᏰᏃ ᎠᎹ ᎤᎵᏍᏈᏗ ᎠᎧᎵᎢ ᎢᏣᏗᏔᏍᏗ ᎢᏥᏁᏁᎯ ᎠᏴ ᏓᏆᏙᎥ ᏅᏗᎦᎵᏍᏙᏗᏍᎨᏍᏗ, ᎦᎶᏁᏛ ᎡᏣᏤᎵ ᎨᏒ ᎢᏳᏍᏗ, ᎤᏙᎯᏳᎯᏯ ᎢᏨᏲᏎᎭ, ᎥᏝ ᎤᏲᎱᏎᏗ ᏱᎨᏎᏍᏗ ᎠᎦᎫᏴᎡᏗ ᎨᏒᎢ.
42. ᎠᎴ ᎩᎶ ᎠᏏᏴᏫ ᎯᎠ ᏧᎾᏍᏗ ᎨᏒ ᎾᏍᎩ ᏥᎬᏉᎯᏳᎲᏍᎦ ᏙᎪᏕᏍᏗᏍᎨᏍᏗ, ᎤᏟ ᎣᏏᏳ ᎢᏳᎵᏍᏓᏁᏗ ᎠᏍᏙᏍᎩ ᏅᏯ ᏯᏥᏯᏝᏅ, ᎠᎴ ᎠᎺᏉᎯ ᏱᏩᎦᏓᎢᏅ.
43. ᎢᏳ ᎠᎴ ᏦᏰᏂ ᏕᏦᏕᏍᏗᏍᎨᏍᏗ, ᎯᏍᏆᎵᏍᎨᏍᏗ; ᎤᏟ ᎣᏏᏳ ᎢᏣᎵᏍᏓᏁᏗ ᏣᎪᎳᏂ ᎬᏂᏛ ᏗᎨᏒ ᏱᏫᏣᏴᎸ, ᎠᏃ ᎢᏧᎳ ᏗᎨᎰᏯᏗ ᏨᏍᎩᏃ ᏱᏫᏣᏴᎸ, ᎾᎿᎭᎠᏥᎸᏱ ᎦᎬᏜᏓᏗᏍᏗ ᏂᎨᏒᎾ;
44. ᎾᎿᎭᎤᎾᏤᎵ ᏥᏍᎪᏴ ᏂᎦᎵᏬᎬᎾ ᏗᎨᏒᎢ, ᎠᎴ ᎠᏥᎸ ᏂᎬᏠᏍᎬᎾ ᏗᎨᏒᎢ.
45. ᎢᏳ ᎠᎴ ᏣᎳᏏᏕᏂ ᏙᏦᏕᏍᏗᏍᎨᏍᏗ, ᎯᏍᏆᎵᏍᎨᏍᏗ; ᎤᏟᏰᏃ ᎣᏏᏳ ᎢᏣᎵᏍᏓᏁᏗ ᎯᏲᎤᎵ ᎬᏂᏛ ᏗᎨᏒ ᏱᏫᏣᏴᎸ, ᎠᏃ ᎢᏧᎳ ᏗᎨᏣᎳᏍᎩ ᏨᏍᎩᏃ ᏱᏪᏣᏓᎢᏅ, ᎾᎿᎭᎠᏥᎸᏱ ᎦᎬ ᏜᏓᏗᏍᏗ ᏂᎨᏒᎾ;
46. ᎾᎿᎭᎤᎾᏤᎵ ᏥᏍᎪᏴ ᏂᎦᎵᏬᎬᎾ ᏗᎨᏒᎢ, ᎠᎴ ᎠᏥᎸ ᏂᎬᏠᏍᎬᎾ.
47. ᎢᏳ ᎠᎴ ᎯᎦᏙᎵ ᏙᏦᏕᏍᏗᏍᎨᏍᏗ, ᎭᏓᎦᏖᏙᎢᏍᎨᏍᏗ; ᎤᏟᏰᏃ ᎣᏏᏳ ᎢᏣᎵᏍᏓᏁᏗ ᏌᏉᏉ ᏱᎧᏅ ᎤᏁᎳᏅᎯ ᎤᏤᎵᎪᎯ ᏱᏫᏣᏴᎸ ᎠᏃ ᎢᏧᎳ ᏱᏘᎧᏅ ᏨᏍᎩᏃ ᎠᏥᎸᏱ ᏱᏪᏣᏓᎢᏅ;
48. ᎾᎿᎭᎤᎾᏤᎵ ᏥᏍᎪᏴ ᏂᎦᎵᏬᎬᎾ ᏗᎨᏒᎢ, ᎠᎴ ᎠᏥᎸ ᏂᎬᏠᏍᎬᎾ ᏗᎨᏒᎢ.
49. ᎾᏂᎥᏰᏃ ᎠᏥᎸ ᎬᏗ ¯ᎠᎹ ᎨᏥᏅᏝᏰᏗ ᎨᏎᏍᏗ, ᎠᎴ ᏂᎦᎥ ᎠᏥᎸ-ᎨᎳᏍᏗ ¯ᎠᎹ ᎦᏅᎵᏰᏗ ᎨᏎᏍᏗ.
50. ᎠᎹ ᎣᏏᏳ; ᎠᏎᏃ ¯ᎠᎹ ᏳᏥᏍᎪᎸ ᎦᏙ ᏱᏨᎦ ᏄᏥᏍᎪᎸᎾ ᏱᏂᏨᎦ? ¯ᎠᎹ ᎢᏥᎶᏨᎯ ᎨᏎᏍᏗ, ᎠᎴ ᏙᎯᏱ ᏂᏨᏁᏍᏗ ᎢᏤᎲᎢ.

== Mark 10 ==
1. ᎾᎿᎭᏃ ᏚᎴᏅ, ᏧᏗᏱ ᎦᏓ ᎠᎲᎢ ᎤᎷᏤᎢ, ᏦᏓᏂ ᎠᏍᎪᏂᏗᏢ ᏧᎶᎯᏍᏔᏁᎢ; ᎠᎴ ᎤᏂᏣᏘ ᏴᏫ ᏔᎵᏁ ᎢᎬᏩᏓᏟᏌᏁᎴᎢ; ᎠᎴ ᎢᏳᏛᏁᏗ ᎨᏒ ᏄᏛᏁᎴᎢ, ᏔᎵᏁ ᏚᏪᏲᏁᎢ.
2. ᎠᏂᏆᎵᏏᏃ ᎬᏩᎷᏤᎸ ᎬᏩᏛᏛᏁᎢ, ᎯᎠ ᏄᏂᏪᏎᎢ, ᏚᏳᎪᏗᏍᎪ ᎠᏍᎦᏯ ᎤᏓᎢᏅᏗᏱ ᎤᏓᎵᎢ? ᎬᏩᎪᎵᏰᏍᎨᎢ.
3. ᎤᏁᏨᏃ ᎯᎠ ᏂᏑᏪᏎᎴᎢ, ᎦᏙ ᎤᏍᏕ ᎢᏥᏁᏤᎴ ᎼᏏ?
4. ᎯᎠᏃ ᏄᏂᏪᏎᎢ, ᎼᏏ ᎤᎵᏍᎪᎸᏔᏁ ᎪᏪᎶᏗᏱ ᏙᎦᎴᏅᎲᎢ, ᎠᎴ ᎠᏓᎢᏅᏗᏱ.
5. ᏥᏌᏃ ᎤᏁᏨ, ᎯᎠ ᏂᏚᏪᏎᎴᎢ, ᏗᏍᏓᏱᏳ ᎨᏒ ᎢᏳᏍᏗ ᏗᏥᎾᏫ ᎯᎠ ᎾᏍᎩ ᏗᎧᎿᎭᏩᏛᏍᏗ ᎢᏦᏪᎳᏁᎴᎢ;
6. ᏗᏓᎴᏂᏍᎬᏍᎩᏂ ᎤᏪᏢᏅᏅᎢ, ᎤᏁᎳᏅᎯ ᎠᏍᎦᏯ ᎠᎴ ᎠᎨᏴ ᏚᏬᏢᏁᎢ.
7. ᎾᏍᎩ ᎢᏳᏍᏗ ᎠᏍᎦᏯ ᏕᎬᏕᎨᏍᏗ ᎤᏙᏓ ᎠᎴ ᎤᏥ, ᎠᎴ ᎤᏓᎵᎢ ᎠᏜᏓᏩᏍᏗᏍᎨᏍᏗ;
8. ᎾᏍᎩᏃ ᎠᏂᏔᎵ ᏌᏉᏉ ᎨᏎᏍᏗ ᎤᏂᏇᏓᎸᎢ; ᎾᏍᎩᏃ ᎥᏝ ᎿᎭᏉ ᎠᏂᏔᎵ ᏱᎩ, ᏌᏉᏉᏍᎩᏂ ᎤᏂᏇᏓᎸᎢ.
9. ᎾᏍᎩ ᎢᏳᏍᏗ ᎤᏁᎳᏅᎯ ᏧᏭᏓᏔᏅᎯ ᏞᏍᏗ ᏴᏫ ᏧᎦᎴᏅᏔᏅᎩ.
10. ᎦᎵᏦᏕᏃ ᎠᏂᏯᎥ ᎬᏩᏍᏓᏩᏗᏙᎯ ᏔᎵᏁ ᎢᎬᏩᏛᏛᏁ ᎾᏍᎩ ᎤᎬᏩᎵ.
11. ᎯᎠᏃ ᏂᏚᏪᏎᎴᎢ, ᎩᎶ ᎤᏓᎵᎢ ᎠᏓᎡᎨᏍᏗ, ᎠᎴ ᏅᏩᏓᎴ ᎠᏓᏰᎨᏍᏗ, ᎾᏍᎩ ᎠᏓᏲᏁᎮᏍᏗ ᎠᏍᎦᏅᏤᎮᏍᏗ ᎾᏍᎩ.
12. ᎢᏳ ᎠᎴ ᎠᎨᏴ ᎤᏰᎯ ᎠᏓᎡᎨᏍᏗ, ᎠᎴ ᏅᏩᏓᎴ ᏓᎾᏤᎨᏍᏗ, ᎾᏍᎩ ᎠᏓᏲᏁᎮᏍᏗ.
13. ᏧᎾᏍᏗᏃ ᏗᏂᏲᎵ ᏕᎬᏩᏘᏃᎮᎴᎢ, ᎾᏍᎩ ᏧᏒᏂᏍᏗᏱ; ᎬᏩᏍᏓᏩᏗᏙᎯᏃ ᏚᏂᎬᏍᎪᎸᏁ ᎾᏍᎩ ᏧᎾᏘᏃᎸᎯ.
14. ᏥᏌᏍᎩᏂ ᎤᎪᎲ ᎤᏣᏘ ᏒᏍᎦ ᎤᏰᎸᏁᎢ, ᎠᎴ ᎯᎠ ᏂᏚᏪᏎᎴᎢ, ᎤᏁᎳᎩ ᏕᏤᎵᏎᎮᏍᏗ ᏧᎾᏍᏗ ᏗᏂᏲᎵ ᎬᎩᎷᏤᏗᏱ, ᎠᎴ ᏞᏍᏗ ᏱᏗᏥᏅᏍᏓᏕᎮᏍᏗ; ᎾᏍᎩᏰᏃ ᏄᎾᏍᏗ ᎤᏁᎳᏅᎯ ᎤᏤᎵᎪᎯ.
15. ᎤᏙᎯᏳᎯᏯ ᎯᎠ ᏂᏨᏪᏎᎭ, ᎢᏳᏃ ᎩᎶ ᎤᏁᎳᏅᎯ ᎤᎬᏫᏳᎯ ᎨᏒ ᏂᏓᏓᏂᎸᎬᎾ ᎢᎨᏎᏍᏗ ᎾᏍᎩᏯ ᎠᏲᎵ ᏥᏓᏓᏂᎸᎪᎢ, ᎥᏝ ᎾᎿᎭᏱᏮᎬᏴᎭ.
16. ᏚᏁᏒᏃ ᎠᎴ ᏚᏏᏔᏛ, ᎣᏍᏛ ᏚᏁᏤᎴᎢ.
17. ᎤᏂᎩᏒᏃ ᎦᏅᏅ ᏭᎷᏨ, ᎩᎶ ᎢᏳᏍᏗ ᎤᏗᏠᎡᎸᎩ, ᎠᎴ ᏚᎵᏂᏆᏅᏁᎸᎩ, ᎤᏛᏛᏁ ᎯᎠ ᏄᏪᏎᎴᎢ, ᎰᏍᏛ ᏔᏕᏲᎲᏍᎩ, ᎦᏙ ᏓᎦᏛᏁᎵ ᎤᎵᏍᏆᏗᏍᏗ ᏂᎨᏒᎾ ᎬᏂᏛ ᎠᏆᏤᎵ ᎢᏳᎵᏍᏙᏗᏱ?
18. ᏥᏌᏃ ᎯᎠ ᏄᏪᏎᎴᎢ, ᎦᏙᏃ ᎰᏍᏛ ᎢᏍᏉᏎᎭ ᎠᏴ? ᎥᏝ ᎩᎶ ᎣᏍᏛ ᏱᎩ, ᏌᏉ ᎤᏩᏒᎯᏳ, ᎾᏍᎩ ᎤᏁᎳᏅᎯ.
19. ᏕᎯᎦᏔᎭ ᏗᎧᎿᎭᏩᏛᏍᏗ, ᎾᏍᎩ, ᏞᏍᏗ ᏣᏓᏲᏁᎸᎩ, ᏞᏍᏗ ᏣᏓᎸᎩ, ᏞᏍᏗ ᏣᏃᏍᎩᏒᎩ, ᏞᏍᏗ ᎦᏰᎪᎩ ᏣᏃᎮᎸᎩ, ᏞᏍᏗ ᏣᏓᎶᏄᎮᎸᎩ, ᏣᏙᏓ ᎠᎴ ᏣᏥ ᏕᎯᎸᏉᏕᏍᏗ.
20. ᎤᏁᏨᏃ ᎯᎠ ᏄᏪᏎᎴᎢ, ᏔᏕᏲᎲᏍᎩ, ᎯᎠ ᎾᏍᎩ ᏂᎦᏛ ᏓᎩᏍᏆᏂᎪᏔᏅ ᏥᏧᏣ ᎨᏒ ᏅᏓᎬᏩᏓᎴᏅᏛ.
21. ᏥᏌᏃ ᏚᎧᎿᎭᏅ, ᎤᎨᏳᎯᏳ ᏄᎵᏍᏔᏁᎢ, ᎠᎴ ᎯᎠ ᏄᏪᏎᎴᎢ, ᏑᏓᎴᎩ ᏣᎷᎳ; ᎮᎾ ᏫᎾᏚᎦ ᏂᎦᎥ ᎪᎱᏍᏗ ᏣᎾᎥᎢ, ᎠᎴ ᎤᏲ ᎢᏳᎾᏛᎿᎭᏕᎩ ᎩᏁᎸᎭ, ᏦᏒᏃ ᏫᏣᎮᏍᏗ ᏧᎬᏩᎶᏗ; ᎠᎴ ᏖᏒᎭ, ᏧᏓᎿᎭᏩᏛ ᎯᏴᎲᎭ, ᎠᎴ ᏍᎩᏍᏓᏩᏕᏒᎭ.
22. ᎤᏲᏃ ᎤᏰᎸᏁ ᎾᏍᎩ ᎾᏥᏪᏎᎸ, ᎠᎴ ᎡᎯᏍᏗ ᎬᏩᏓᏅᏘ ᎤᏓᏅᏎᎢ; ᎤᏣᏘᏰᏃ ᎤᎿᎭᎡᎢ.
23. ᏥᏌᏃ ᎤᏚᏫᏛ ᏚᎧᎿᎭᏂᏙᎸ, ᎯᎠ ᏂᏚᏪᏎᎴ ᎬᏩᏍᏓᏩᏗᏙᎯ, ᎾᏍᏓᏯ ᏧᎬᏩᎶᏗ ᎤᏂᎯ ᎤᏁᎳᎲᎯ ᎤᏤᎵᎪᎯ ᏭᏂᏴᏍᏗᏱ.
24. ᎬᏩᏍᏓᏩᏗᏙᎯᏃ ᎬᏩᏍᏆᏂᎪᏎᎴ ᎾᏍᎩ ᏄᏪᏒᎢ. ᎠᏎᏃ ᏥᏌ ᏔᎵᏁ ᎢᎤᏁᏨ, ᎯᎠ ᏂᏚᏪᏎᎴᎢ, ᏗᏥᏲᎵ. ᎾᏍᏓᏯ ᎾᏍᎩ ᎨᏅᎢᏍᏗ ᎨᏒ ᎠᎾᎵᏍᎦᏍᏙᏗᏍᎩ, ᎤᏁᎳᏅᎯ ᎤᏤᎵᎪᎯ ᏭᏂᏴᏍᏗᏱ.
25. ᎤᏟ ᎠᎯᏗᏳ ᎨᎻᎵ ᏴᎩ ᎦᏌᏁᎾᏛᏗᏱ ᎤᎦᏛᎴᎯᏍᏗᏱ, ᎠᏃ ᎤᏪᎿᎭᎢ ᏴᏫ ᎤᏁᎳᏅᎯ ᎤᏤᎵᎪᎯ ᏭᏴᏍᏗᏱ.
26. ᎤᎶᏒᏍᏔᏅᎯᏃ ᎤᏂᏍᏆᏂᎪᏍᎨᎢ, ᎯᎠ ᏂᏓᎾᏓᏪᏎᎮᎢ, ᎦᎪᎨ ᏰᎵ ᎦᏰᏥᏍᏕᎸᏗ?
27. ᏥᏌᏃ ᎾᏍᎩ ᏚᎧᎿᎭᏅ, ᎯᎠ ᏄᏪᏎᎢ, ᏴᏫ ᎨᏒ ᎾᏍᎩ ᎢᎬᏛᏁᏗ ᏂᎨᏒᎾ, ᎤᏁᎳᏅᎯᏍᎩᏂ ᎨᏒ ᎥᏝ; ᎤᏁᎳᏅᎯᏰᏃ ᎨᏒ ᏂᎦᎥ ᎪᎱᏍᏗ ᎢᎬᏛᏁᏗ.
28. ᎿᎭᏉᏃ ᏈᏓ ᎤᎴᏅᎮ ᎯᎠ ᏄᏪᏎᎴᎢ, ᎬᏂᏳᏉ ᎠᏴ ᏂᎦᏗᏳ ᎣᎬᏕᏦᏅ, ᎠᎴ ᏂᎯ ᎢᏨᏍᏓᏩᏕᏅ.
29. ᏥᏌᏃ ᎤᏁᏨ ᎯᎠ ᏄᏪᏎᎢ; ᎤᏙᎯᏳᎯᏯ ᎯᎠ ᏂᏨᏪᏎᎭ, ᎥᏝ ᎩᎶ ᏰᎭ ᎾᏍᎩ ᎤᏮᏕᏨᎯ ᎢᎨᏎᏍᏗ ᎠᏓᏁᎸᎢ, ᎠᎴ ᎠᎾᎵᏅᏟ, ᎠᎴ ᏧᏙ, ᎠᎴ ᎤᏙᏓ, ᎠᎴ ᎤᏥ, ᎠᎴ ᎤᏓᎵᎢ, ᎠᎴ ᏧᏪᏥ, ᎠᎴ ᏚᎶᎨᏒᎢ, ᎠᏴ ᎨᏒ ᏅᏗᎦᎵᏍᏙᏗᏍᎨᏍᏗ, ᎠᎴ ᎣᏍᏛ ᎧᏃᎮᏛ ᏅᏗᎦᎵᏍᏙᏗᏍᎨᏍᏗ,
30. ᎾᏍᎩ ᎪᎯ ᎨᏒ ᎠᏥᏁᏗ ᏂᎨᏒᎾ ᎨᏒ ᎠᏍᎪᎯᏧᏈ ᎢᏳᏩᎫᏗ ᎤᎶᏒᏍᏗ ᏓᏓᏁᎸᎢ, ᎠᎴ ᎠᎾᎵᏅᏟ, ᎠᎴ ᏧᏙ, ᎠᎴ ᏧᏥ, ᎠᎴ ᏧᏪᏥ, ᎠᎴ ᏕᎦᎶᎨᏒᎢ, ᎠᎩᎵᏲᎢᏍᏗ ᎨᏒ ᏔᎵ ᎤᏛᏗ; ᏐᎢᏱᏃ ᏗᎨᏒ ᎤᎵᏍᏆᏗᏍᏗ ᏂᎨᏒᎾ ᎬᏂᏛ.
31. ᎠᏎᏃ ᎤᏂᏣᏔ ᎾᏍᎩ ᎢᎬᏱ ᏥᎩ, ᎣᏂ ᎨᏎᏍᏗ; ᎣᏂᏃ ᏥᎩ, ᎢᎬᏱ ᎨᏎᏍᏗ.
32. ᎦᏅᏅᏃ ᎠᎾᎢᏎ ᏥᎷᏏᎵᎻ ᏣᏂᎦᏖᎢ; ᏥᏌᏃ ᎢᎬᏱ ᏚᏪᏅᎡᎴᎢ; ᎤᏂᏍᏆᏂᎪᏎᏃ; ᎾᏍᎩᏃ ᎠᎾᎵᏍᏓᏩᏗᏒ ᎠᏂᏍᎦᎢᎮᎢ. ᏔᎵᏁᏃ ᏚᏯᏅᎲ ᏔᎳᏚ ᎢᏯᏂᏛ, ᎤᎴᏅᎮ ᏚᏃᏁᎴ ᎾᏍᎩ ᎢᏳᎵᏍᏓᏁᎵᏓᏍᏗ ᎨᏒᎢ.
33. [ᎯᎠ ᏂᎦᏪᏍᎨᎢ;] ᎬᏂᏳᏉ ᏥᎷᏏᎵᎻ ᏫᏗᎦᏘ; ᎠᎴ ᏴᏫ ᎤᏪᏥ ᏙᏓᏰᏥᏲᏏ ᏄᏂᎬᏫᏳᏒ ᎠᏥᎸ ᎠᏁᎶᎯ ᎠᎴ ᏗᏃᏪᎵᏍᎩ ᏙᏓᎨᏥᏲᎯᏎᎵ; ᎠᎴ ᏙᏓᎬᏭᎪᏓᏁᎵ ᎤᏲᎱᎯᏍᏗᏱ, ᎠᎴ ᏧᎾᏓᎴᏅᏛ ᏴᏫ ᏫᏙᏛᏂᏲᎯᏎᎵ;
34. ᎠᎴ ᏓᎬᏩᏐᏢᎢᏍᏔᏂ, ᎠᎴ ᏓᎬᏩᎵᎥᏂᎵ, ᎠᎴ ᏙᏓᎬᏩᎵᏥᏍᏈ, ᎠᎴ ᏓᎬᏩᎵ; ᏦᎢᏁᏃ ᎢᎦ ᏔᎵᏁ ᏙᏛᎠᎴᏂ.
35. ᏥᎻᏃ ᎠᎴ ᏣᏂ, ᏤᏈᏗ ᏧᏪᏥ ᎬᏩᎷᏤᎴᎢ, ᎯᎠ ᏄᏂᏪᏎᎢ, ᏔᏕᏲᎲᏍᎩ, ᏍᎩᎾᏚᎵᎭ ᎢᏍᎩᎾᏛᏁᏗᏱ ᏄᏍᏛ ᎢᏍᏛᏔᏲᏎᏗ ᎨᏒᎢ.
36. ᎯᎠᏃ ᏂᏚᏪᏎᎴᎢ, ᎦᏙᏃ ᎢᏍᏓᏚᎵ ᎢᏍᏛᏯᏛᏁᏗᏱ?
37. ᎯᎠᏃ ᏂᎬᏩᏪᏎᎴᎢ, ᏍᎩᎾᎵᏍᎪᎸᏓᏏ, ᎾᏍᎩ ᏦᎩᏂᏗᏱ, ᎠᏏᏴᏫ ᎯᎦᏘᏏᏗᏢ, ᏐᎢᏃ ᎯᎦᏍᎦᏂᏗᏢ, ᏣᏤᎵ ᎦᎸᏉᏗᏳ ᎨᏒᎢ.
38. ᎠᏎᏃ ᏥᏌ ᎯᎠ ᏂᏚᏪᏎᎴᎢ, ᎥᏝ ᏱᏍᏗᎦᏔᎭ ᏄᏍᏛ ᎢᏍᏗᏔᏲᎯᎲᎢ. ᏥᏌ ᏰᎵᏉ ᎨᏍᏓᏗᏔᏍᏗ ᎤᎵᏍᏈᏗ ᎾᏍᎩ ᎠᏆᏗᏔᏍᏗ ᏥᎩ? ᎠᎴ ᏗᎦᏰᏍᏓᏬᏍᏗ ᎾᏍᎩ ᏗᏓᏬᏍᏗ ᎨᏒ ᎾᏍᎩ ᎥᏆᏬᏍᏙᏗ ᏥᎩ?
39. ᎯᎠᏃ ᏂᎬᏩᏪᏎᎴᎢ, ᏰᎵᏉ. ᏥᏌᏃ ᎯᎠ ᏂᏚᏪᏎᎴᎢ, ᎤᏙᎯᏳᎯ ᏓᏍᏓᏗᏔᎯ ᎤᎵᏍᏈᏗ ᎾᏍᎩ ᎠᏴ ᎠᏆᏗᏔᏍᏗ ᏥᎩ, ᎠᎴ ᏗᏓᏬᏍᏗ ᎨᏒ ᎠᏴ ᎥᏆᏬᏍᏙᏗ ᏥᎩ, ᎾᏍᎩ ᏙᏓᏰᏍᏓᏬᏍᏔᏂ;
40. ᎤᏪᏗᏱᏍᎩᏂ ᎠᏉᎸ ᏥᎦᏘᏏ ᎢᏗᏢ, ᎠᎴ ᏥᎦᏍᎦᏂ ᎢᏗᏢ, ᎥᏝ ᎠᏴ ᎠᏆᏓᏁᏗ ᏱᎩ; ᎤᏅᏒᏍᎩᏂ ᎾᏍᎩ ᎨᎦᏛᏅᎢᏍᏓᏁᎸᎯ ᏥᎩ
41. ᎠᏍᎪᎯᏃ ᎢᏯᏂᏛ ᎤᎾᏛᎦᏅ, ᎤᎾᎴᏅᎮ ᎤᏣᏘ ᎡᏍᎦ ᏚᏂᏰᎸᎾᏁᎴ ᏥᎻ ᎠᎴ ᏣᏂ.
42. ᎠᏎᏃ ᏥᏌ ᏫᏚᏯᏅᎲ ᎯᎠ ᏂᏚᏪᏎᎴᎢ; ᎢᏥᎦᏔᎭ ᎾᏍᎩ ᎤᏂᎬᏫᏳᎯ ᎨᏥᏰᎸᎢ ᎨᏒ ᏧᎾᏓᎴᏅᏛ ᏴᏫ ᏓᏁᏩᏗᏒᎢ, ᏗᎬᏩᎾᏁᎶᏙᏗᏱ ᎾᏅᏁᎰᎢ; ᏧᏂᎸᏉᏗᏃ ᎨᏒ ᎬᏩᎾᏓᎵᏁᎯᏕᎰᎢ.
43. ᏂᎯᏍᎩᏂ ᎢᏤᎲ ᎥᏞᏍᏗ ᎾᏍᎩ ᏱᏂᏨᏁᏍᏗ; ᎩᎶᏍᎩᏂ ᎠᏥᎸᏉᏗ ᎢᏳᎵᏍᏙᏗᏱ ᎤᏚᎵᏍᎨᏍᏗ, ᎾᏍᎩ ᎡᏥᏅᏏᏓᏍᏗ ᎨᏎᏍᏗ.
44. ᎠᎴ ᎩᎶ ᏂᎯ ᏂᏣᏛᏅ ᏄᎬᏫᏳᏒ ᎢᏳᎵᏍᏙᏗᏱ ᎤᏚᎵᏍᎨᏍᏗ, ᎾᏍᎩ ᏂᎦᏛ ᎬᏩᏅᏏᏙᎯ ᎨᏎᏍᏗ.
45. ᎾᏍᏉᏰᏃ ᏴᏫ ᎤᏪᏥ ᎥᏝ ᏳᎷᏨ ᎪᎱᏍᏗ ᎠᎦᏛᏁᏗᏱ, ᎪᎱᏍᏗᏍᎩᏂ ᎤᏓᏛᏁᏗᏱ, ᎠᎴ ᎬᏅ ᏧᏲᎯᏍᏗᏱ ᏧᎫᏴᏙᏗᏱ ᎤᏂᏣᏘ.
46. ᏤᎵᎪᏃ ᎤᏂᎷᏤᎢ, ᎠᎴ ᎾᏍᎩ ᏤᎵᎪ ᎢᎤᏄᎪᏨ ᎠᎴ ᎾᏍᎩ ᎬᏩᏍᏓᏩᏗᏙᎯ, ᎠᎴ ᎤᏂᏣᏘ ᏴᏫ, ᏗᎨᏫ ᏆᏗᎻᏯ, ᎾᏍᎩ ᏗᎻᏯ ᎤᏪᏥ, ᎤᏬᎴ ᏅᏃᎱᎶᏗ ᎠᏚᎳᏗᏍᎨᎢ.
47. ᎤᏛᎦᏅᏃ ᎾᏍᎩ ᏥᏌ ᎾᏎᎵᏗ ᎡᎯ ᎨᏒᎢ, ᎤᎴᏅᎮ ᎤᏪᎷᏁ, ᎯᎠ ᏄᏪᏎᎢ, ᏕᏫ ᎤᏪᏥ, ᏥᏌ, ᏍᎩᏙᎵᎩ.
48. ᎤᏂᏣᏖᏃ ᎬᏩᎬᏍᎪᎸᏁ ᎬᏩᏁᏤᎴ ᎡᎳᏪᏱ ᎤᏮᏗᏱ; ᎠᏎᏃ ᎤᏟᏉ ᎢᎦᎢ ᎤᏪᎷᏁᎢ, ᏕᏫ ᎤᏪᏥ ᏍᎩᏙᎵᎩ, ᎠᏗᏍᎨᎢ.
49. ᏥᏌᏃ ᎤᎴᏫᏍᏔᏅ ᎤᏁᏤ ᏩᏥᏯᏅᏗᏱ. ᎤᏂᏯᏅᎮᏃ ᏗᎨᏫ, ᎯᎠ ᏄᏂᏪᏎᎴᎢ, ᎤᎦᎵᏍᏗᏉ ᎭᏓᏅᏓᏓ; ᏔᎴᎲᎦ; ᏗᏣᏯᏂᎭ.
50. ᎾᏍᎩᏃ ᎤᏓᎢᏅ ᎤᏄᏬ ᏚᎴᏁᎢ, ᎠᎴ ᏥᏌ ᏭᎷᏤᎴᎢ.
51. ᏥᏌᏃ ᎤᏁᏨ ᎯᎠ ᏄᏪᏎᎴᎢ, ᎦᏙ ᏣᏚᎵ ᎬᏯᏛᏁᏗᏱ? ᏗᎨᏫᏃ ᎯᎠ ᏄᏪᏎᎴᎢ, ᏣᎬᏫᏳᎯ, ᎥᎠᎩᎪᏩᏛᏗᏱ [ᎠᏆᏚᎵᎭ.]
52. ᏥᏌᏃ ᎯᎠ ᏄᏪᏎᎴᎢ, ᎮᎾᏉᏃ; ᏦᎯᏳᏒ ᏣᏍᏕᎸ. ᎩᎳᏉᏃ ᎢᏴᏛ ᎬᏩᎪᏩᏛᏗ ᏄᎵᏍᏔᏁᎢ, ᎠᎴ ᎤᏍᏓᏩᏛᏎ ᏥᏌ ᎠᎢᏒᎢ.

== Mark 11 ==
1. ᏥᎷᏏᎵᎻᏃ ᎾᎥ ᏭᏂᎷᏨ ᎾᏍᎩ ᏒᎦᏙᎯ ᎠᎴ ᏇᏗᏂᏱ ᎢᏴᏛ, ᎣᎵᏩᏲᎯ ᎤᏌᎯᎸᎢ, ᎠᏂᏔᎵ ᎬᏩᏍᏓᏩᏗᏙᎯ ᏚᏅᏎᎢ,
2. ᎠᎴ ᎯᎠ ᏂᏚᏪᏎᎴᎢ, ᎢᏍᏕᎾ Ꮎ ᏕᏍᏗᏙᎬ ᏧᏳᎪᏗ ᏨᏗᎦᏚᎭ ᏫᏍᏗᏣᎯ; ᏫᏍᏗᏴᎸᏉᏃ ᎾᎿᎭᏂ, ᏓᏰᏍᏗᏩᏛᎯ ᏗᎦᎵᎠᏅᎯᏛ ᎠᎩᎾ ᎨᎵᏌᏕᏍᏗ, ᎾᏍᎩ ᎥᏝ ᎩᎶ ᏴᏫ ᎤᎩᎸᏔᏅᎯ ᏱᎩ; ᎡᏍᏕᎵᏌᏕᏒᎭ ᎠᎴ ᏤᏍᏓᏘᏁᏒᎭ.
3. ᎢᏳᏃ ᎩᎶ ᎦᏙᏃ ᎾᏍᎩ ᏂᏍᏓᏛᏁᎭ ᎢᏍᏙᏎᎸᎭ? ᎤᎬᏫᏳᎯ ᎤᏚᎵᎭ, ᎢᏍᏓᏛᏅᎭ; ᎩᎳᏉᏃ ᎢᏴᏛ ᏙᏓᏳᏲᏏ ᎠᏂ ᎡᏍᏓᏘᏃᎯᏍᏗᏱ.
4. ᎤᏁᏅᏎᏃ, ᎠᎴ ᏭᏂᏩᏛᎮ ᎠᎩᎾ ᎨᎵᏌᏕ ᎦᎶᎯᏍᏗᏳᎶᏗ ᏙᏱᏗᏢ, ᎾᎿᎭᏕᎦᏅᏅ ᏓᏠᏍᎬᎢ; ᎤᏁᎵᏌᏕᏎᏃ.
5. ᎩᎶᏃ ᎢᏳᎾᏍᏗ ᎾᎿᎭᏗᏂᏙᎩ ᎯᎠ ᏂᏚᏂᏪᏎᎴᎢ, ᎦᏙᏃ ᎢᎡᏍᏕᎵᏌᏕ ᎠᎩᏫ?
6. ᎠᎴ ᎾᏍᎩᏯᏉ ᏥᏌ ᏄᏪᏒ ᎤᏁᏨ ᏂᏚᏂᏪᏎᎴᎢ: ᏚᏂᏲᏎᏃ.
7. ᎠᎩᎾᏃ ᏥᏌ ᎤᎾᏘᏃᎮᎴᎢ, ᎠᎴ ᏧᎾᏄᏬ ᏚᏂᏢᏁᎴᎢ; ᏥᏌᏃ ᎤᎩᎸᏔᏁᎢ.
8. ᎤᏂᏣᏖᏃ ᏧᎾᏄᏬ ᏅᏃᎯ ᏚᏄᏰᏍᏛᏁᎢ; ᎢᎦᏛᏃ ᏕᏡᎬ ᏚᏅᏂᎦᎸᎮᎢ, ᎠᎴ ᏅᏃᎯ ᏚᏂᎳᎨᏯᏛᏁᎢ.
9. ᎢᎬᏱᎢ ᎠᏁᎩ, ᎠᎴ ᎣᏂ ᎠᏁᎩ, ᎤᏁᎷᎨᎢ, ᎯᎠ ᎾᏂᏪᏍᎨᎢ, ᎰᏌᎾ, ᎦᎸᏉᏗᏳ ᎨᏎᏍᏗ ᏱᎰᏩ ᏕᎤᏙᏍᏛ ᏥᎦᎷᎯᏍᏗᏓ.
10. ᎦᎸᏉᏗᏳ ᎨᏎᏍᏗ ᏕᏫ ᎢᎩᏙᏓ ᎤᏤᎵ ᎤᎬᏫᏳᎯ ᎨᏒᎢ, ᎾᏍᎩ ᏱᎰᏩ ᏚᏙᏍᏛ ᏥᎦᎷᎯᏍᏗᎭ; ᎰᏌᎾ ᏩᏍᏛ ᎦᎸᎳᏗᏳ.
11. ᏥᏌᏃ ᏥᎷᏏᎵᎻ ᏭᏴᎴᎢ, ᎠᎴ ᎤᏔᏅ-ᏗᎦᎳᏫᎢᏍᏗᏱ ᏭᏴᎴᎢ; ᎿᎭᏉᏃ ᎬᏩᏚᏫᏛ ᏚᎧᎿᎭᏂᏙᎸ ᏂᎦᏛ ᏧᏓᎴᏅᏛ ᏚᎧᎿᎭᏅ, ᎠᎴ ᎿᎭᏉ ᎤᏒᎯᏴᏱ ᎨᏎᎢ, ᎤᏄᎪᏤ ᏇᏗᏂᏱ ᏭᎶᏎ ᎠᏁᎮ ᏔᎳᏚ ᎢᏯᏂᏛ.
12. ᎤᎩᏨᏛᏃ ᏇᏗᏂᏱ ᏧᏂᎶᏒ ᎠᎪᏄ ᎤᏲᏏᏍᎨᎢ;
13. ᏭᎪᎮᏃ Ꭸ ᎢᏴᏛ ᏗᏡᎨ ᏒᎦᎳᎢᏳᏍᏗ, ᎤᎵᏍᏚᏎᎢ, ᏭᎷᏤᎢ, ᏯᏎᎦᎩ ᏱᏥᏩᏛ ᎪᎱᏍᏗ ᏳᏔ ᎤᏪᎵᏎᎢ; ᎾᎿᎭᏃ ᏭᎷᏨ ᎥᏝ ᎪᎱᏍᏗ ᏳᏩᏛᎮ ᎤᎵᏍᏚᏒᏉ ᎤᏩᏒ; ᎥᏝᏰᏃ ᎠᏏ ᏳᏍᏆᎸᎮ ᏒᎦᏔᎢᏳᎾᏍᏗ ᎤᏅᏂᏍᏗᏱ.
14. ᏥᏌᏃ ᎤᏁᏨ ᎯᎠ ᏄᏪᏎᎴᎢ, ᏞᏍᏗ ᎩᎶ ᎢᎸᎯᏳ ᏥᎠᎩ ᏂᎯ ᏣᏓᏔᏅᎯ ᎪᎯ ᎢᏳᏓᎴᏅᏛ. ᎬᏩᏍᏓᏩᏗᏙᎯᏃ ᎤᎾᏛᎦᏁᎢ.
15. ᏥᎷᏏᎵᎻᏃ ᎤᏂᎷᏤᎢ; ᏥᏌᏃ ᎤᏔᏅ-ᏗᎦᏔᏫᎢᏍᏗᏱ ᏭᏴᎸ, ᎤᎴᏅᎮ ᏚᏄᎪᏫᏎ ᎠᏂᎾᏕᎩ ᎠᎴ ᎤᏂᏩᎡᎥᏍᎩ ᎾᎿᎭᎤᏔᏅ-ᏗᎦᎳᏫᎢᏍᏗᏱ, ᎠᎴ ᏚᎷᏆᏗᏅᏎ ᏚᏂᏍᎩᎸ ᎠᏕᎸ ᏗᏂᏟᏴᏍᎩ, ᎠᎴ ᎤᎾᏅᏗᏱ ᎫᎴ-ᏗᏂᏍᎪᏂᎯ ᏗᏂᎾᏕᎩ;
16. ᎠᎴ ᎥᏝ ᎤᏁᎳᎩ ᏳᏪᎵᏎᎴ ᎩᎶ ᎪᎱᏍᏗ ᎤᏍᏗ ᎠᏖᎵᏙ ᎤᏴᏙᏗᏱ ᎤᏛᏅ-ᏗᎦᎳᏫᎢᏍᏗᏱ.
17. ᏚᏕᏲᏁᏃ, ᎯᎠ ᏂᏚᏪᏎᎴᎢ, ᏝᏍᎪ ᎯᎠ ᏱᏂᎬᏅ ᏱᎪᏪᎳ, ᎠᏆᏤᎵ ᎠᏓᏁᎸ ᏂᎦᏗᏳ ᏧᎾᏓᎴᏅᏛ ᏴᏫ ᎤᎾᏓᏙᎵᏍᏙᏗᏱ ᏚᏙᎡᏍᏗ? ᏂᎯᏍᎩᏂ ᎠᏂᏃᏍᎩᏍᎩ ᎤᏂᏴᏍᏗᏱ ᎤᏍᏓᎦᎸ ᏂᏨᏁᎸ.
18. ᏗᏃᏪᎵᏍᎩᏃ ᎠᎴ ᏄᏂᎬᏫᏳᏒ ᎠᏥᎸ-ᎠᏁᎶᎯ ᎤᎾᏛᎦᏁᎢ, ᎠᎴ ᎤᏂᏲᎴ ᎢᏳᏅᏁᏗᏱ ᎤᏂᎯᏍᏗᏱ; ᎬᏩᎾᏰᏍᎨᏰᏃ, ᏅᏗᎦᎵᏍᏙᏗᏍᎨ ᏂᎦᏛ ᏴᏫ ᎤᏂᏍᏆᏂᎪᏍᎬ ᏄᏍᏛ ᏓᏕᏲᎲᏍᎬᎢ.
19. ᎤᏒᏃ ᏄᎵᏍᏔᏅ ᎤᏄᎪᏤ ᎦᏚᎲᎢ.
20. ᏑᎾᎴᏃ ᎠᎾᎢᏒᎢ, ᎤᏂᎪᎮ ᎡᎦᏔᎢᏳᏍᏗ ᏡᎬ ᎤᏩᏴᏒᎯ ᎨᏎ ᏚᎿᎭᏍᏕᏢ ᏅᏓᎬᏩᏓᎴᏅᏛ.
21. ᏈᏓᏃ ᎤᏅᏓᏛ ᎯᎠ ᏄᏪᏎᎴᎢ, ᏔᏕᏲᎲᏍᎩ, ᎬᏂᏳᏉ, ᎡᎦᏔ-ᎢᏳᏍᏗ ᏡᎬ ᏥᏍᎦᏨᎩ ᎤᏩᏴᏐᏅ.
22. ᏥᏌᏃ ᎤᏁᏨ, ᎯᎠ ᏂᏚᏪᏎᎴᎢ, ᎤᏁᎳᏅᎯ ᎡᏦᎢᏳᏎᏍᏗ.
23. ᎤᏙᎯᏳᎯᏯᏰᏃ ᎯᎠ ᏂᏨᏪᏎᎭ, ᎩᎶ ᎯᎠ ᏂᎦᏪᏎᎮᏍᏗ ᎯᎠ ᏦᏓᎸ, ᏪᏣᎲᎾ, ᎠᎴ ᎠᎺᏉᎯ ᏪᏣᏚᎦ; ᎠᎴ ᏄᏜᏓᏏᏛᎡᎲᎾ ᎢᎨᏎᏍᏗ ᎤᎾᏫᏱ, ᎪᎯᏳᎲᏍᎨᏍᏗᏉᏍᎩᏂ ᎾᏍᎩ ᏂᎦᏪᏍᎬ ᎠᏎ ᎢᏳᎵᏍᏙᏗ ᎨᏒᎢ; ᎾᏍᎩ ᎤᎮᏍᏗ ᏂᎦᎥ ᏄᏪᏒᎢ.
24. ᎾᏍᎩ ᎢᏳᏍᏗ ᎯᎠ ᏂᏨᏪᏎᎭ, ᏂᎦᎥ ᎪᎱᏍᏗ ᎢᏥᏔᏲᎭ ᎢᏣᏓᏙᎵᏍᏓ, ᎢᏦᎯᏳᎲᏍᎨᏍᏗ ᎡᏥᏁᎢ ᎨᏒᎢ, ᎠᎴ ᎠᏎ ᎢᏥᎮᏍᏗ.
25. ᎢᏳᏃ ᎢᏣᎴᎲᏍᎨᏍᏗ ᎢᏣᏓᏙᎵᏍᏗᏍᎨᏍᏗ, ᎨᏣᏓᏁᎮᏍᏗ ᎡᏥᏍᎦᏅᏤᎸᎢ, ᎢᏳᏃ ᎪᎱᏍᏗ ᎡᏤᎵᏎᎮᏍᏗ ᎩᎶᎢ; ᎾᏍᎩ ᎾᏍᏉ ᎢᏥᏙᏓ ᎦᎸᏔᏗ ᏤᎭ ᎦᎨᏥᏁᏗᏱ ᎯᎠ ᎢᏥᏍᎦᏅᏨᎢ.
26. ᎢᏳᏍᎩᏂ ᏂᏣᏓᏁᎲᎾ ᎢᎨᏎᏍᏗ ᎡᏥᏍᎦᏅᏤᎸᎢ, ᎥᏝ ᎾᏍᏉ ᎢᏥᏙᏓ ᎦᎸᎳᏗ ᎡᎯ ᏴᎨᏥᏙᎵᎩ ᎢᏥᏍᎦᏅᏨᎢ.
27. ᏥᎷᏏᎵᎻᏃ ᏔᎵᏁ ᎤᏂᎷᏤᎢ; ᎤᏛᏅᏃ-ᏗᎦᎳᏫᎢᏍᏗᏱ ᎡᏙᎮᎢ, ᎬᏩᎷᏤᎴ ᏄᏂᎬᏫᏳᏒ ᎠᏥᎸ-ᎠᏁᎶᎯ, ᎠᎴ ᏗᏃᏪᎵᏍᎩ, ᎠᎴ ᏗᏂᎳᏫᎩ,
28. ᎠᎴ ᎯᎠ ᏂᎬᏩᏪᏎᎴᎢ, ᎦᏙ ᏣᎵᏍᎦᏍᏙᏗ ᎯᎠ ᎾᏍᎩ ᏥᎿᎭᏛᏁᎭ? ᎠᎴ ᎦᎪ ᏣᏁᎴ ᎾᏍᎩ ᎯᎠ ᎢᏣᏛᏁᏗᏱ?
29. ᏥᏌᏃ ᎤᏁᏨ ᎯᎠ ᏂᏚᏪᏎᎴᎢ, ᎠᏴ ᎾᏍᎩ ᏑᏓᎴᎩ ᏛᏨᏯᏛᏛᏂ, ᎠᎴ ᏍᎩᏃᎲᏏ, ᎠᏴᏃ ᏓᏨᏃᏁᎵ ᏄᏍᏛ ᎠᏆᎵᏍᎦᏍᏙᏛ ᎯᎠ ᎾᏍᎩ ᏥᏂᎦᏛᏁᎭ.
30. ᏣᏂ ᏥᏓᏓᏬᏍᎬᎩ, ᎦᎸᎳᏍᎪ ᏧᏓᎴᏁᎢ, ᏴᏫᏉᎨ ᎠᏁᎲᎢ? ᏍᎩᏃᎲᏏ.
31. ᎤᏅᏒᏃ ᎨᏒ ᎤᎾᎵᏃᎮᎴᎢ, ᎯᎠ ᏄᏂᏪᏎᎢ, ᎢᏳᏃ ᎦᎸᎳᏗ ᏅᏓᏳᏓᎴᏅᎯ ᏱᎦᏛᏅ, ᎯᎠ ᏱᏂᎦᏫ, ᎦᏙᏃ Ꮭ ᏱᎡᏦᎢᏳᏁᎢ?
32. ᎢᏳᏃ ᏴᏫᏉ ᎠᏁᎲ ᏱᎦᏛᏅ,—ᎾᏍᎩ ᏓᏂᏍᎦᎢᎮ ᏴᏫ; ᏂᎦᏛᏰᏃ ᏴᏫ ᎠᏙᎴᎰᏍᎩ ᎤᏙᎯᏳᎯ ᎬᏩᏰᎸᎭ ᏣᏂ.
33. ᎤᏂᏁᏨᏃ ᎯᎠ ᏄᏂᏪᏎᎴ ᏥᏌ, ᎥᏝ ᏲᏥᎦᏔᎭ. ᏥᏌᏃ ᎤᏁᏨ ᎯᎠ ᏂᏚᏪᏎᎴᎢ, ᎥᏝ ᎾᏍᏉ ᎠᏴ ᏴᏓᏨᏃᏁᎵ ᎢᏳᏍᏗ ᎠᏆᎵᏍᎦᏍᏙᏛ ᎯᎠ ᎾᏍᎩ ᏥᏂᎦᏛᏁᎭ.

== Mark 12 ==
1. ᎤᎴᏅᎮᏃ ᏚᏬᏁᏔᏁ ᏓᏟᎶᏍᏗᏍᎬᎢ. ᎩᎶ ᎢᏳᏍᏗ ᏖᎸᎳᏗ ᏚᏫᏎᎢ, ᎠᎴ ᎤᏐᏱᎴ ᎬᏩᏚᏫᏛ, ᎠᎴ ᎤᏍᎪᏎ ᎩᎦᎨ-ᎠᏗᏔᏍᏗ ᎪᏢᏗᏱ, ᎠᎴ ᎤᏁᏍᎨᎮ ᎢᏅ ᎢᎦᏘ, ᎠᎴ ᏚᏙᎳᏍᏔᏁ ᏠᎨᏏ ᏧᏂᎸᏫᏍᏓᏁᎯ, ᎠᎴ ᎢᏅ ᏭᎶᏎᎢ.
2. ᎤᏅᏂᏍᏗᏱᏃ ᎨᏒ ᎢᏳᎢ, ᎤᏅᏎ ᎤᏅᏏᏓᏍᏗ ᏠᎨᏏ ᏧᏂᎸᏫᏍᏓᏁᎯ ᏗᏁᎲᎢ, ᎾᏍᎩ ᏠᎨᏏ ᏧᏂᎸᏫᏍᏓᏁᎯ ᏅᏓᎬᏩᏁᏗᏱ ᎤᏁᏉᏨᎯ ᏖᎸᎳᏗ ᏓᏫᏒᎢ.
3. ᎢᎬᏩᏂᏴᎮᏃ, ᎠᎴ ᎢᎬᏩᎵᎥᏂᎴᎢ, ᎠᎴ ᎠᏒᎭ ᎢᎬᏩᏂᎩᏍᏔᏁᎢ.
4. ᏔᎵᏁᏃ ᏅᏩᏓᎴ ᎤᏅᏏᏓᏍᏗ ᎤᏅᏎ ᏗᏁᎲᎢ; ᎾᏍᎩᏃ ᏅᏯᏉ ᏙᎬᏩᏂᏍᏔᏁᎢ, ᎠᎴ ᎢᎬᏩᏐᏅᏁ ᎠᏍᎪᎵ, ᎠᎴ ᎢᎬᏩᏂᎩᏍᏔᏁ ᎤᏕᎰᎯᏍᏗ ᎢᎬᏩᏁᎸᎯ.
5. ᏔᎵᏁᏃ ᏅᏩᏓᎴ ᎤᏅᏎᎢ; ᎠᎴ ᎾᏍᎩ ᎤᏂᎴᎢ; ᎠᎴ ᎤᏂᏣᏖ ᏅᏩᎾᏓᎴᎢ; ᎢᎦᏛ ᏓᏂᎵᎥᏂᎮᎢ, ᎢᎦᏛᏃ ᏓᏂᎯᎮᎢ.
6. ᎠᏏᏃ ᏌᏉ ᎤᏪᏥ ᎡᎮᎢ, ᎤᎨᏳᎯ, ᎾᏍᎩ ᎾᏍᏉ ᎤᏅᏎ ᎣᏂᏱ ᏗᏁᎲᎢ, ᎯᎠ ᏄᏪᏎᎢ, ᎠᏎ ᏛᏂᎸᏉᏔᏂ ᎠᏇᏥ.
7. ᎠᏎᏃ ᎾᏍᎩ Ꮎ ᏠᎨᏏ ᏧᏂᎸᏫᏍᏓᏁᎯ, ᎯᎠ ᏂᏚᎾᏓᏪᏎᎴᎢ, ᎯᎠ ᎾᏍᎩ ᏧᎬᏩᎶᏗ ᏭᏘᏰᎵᎯᏍᏗ ᎨᏒᎢ; Ꭷ, ᎡᏗᎷᎦ, ᏧᎬᏩᎶᏗᏃ ᎤᏘᏰᏗ ᎢᎦᏤᎵᎦ ᎨᏎᏍᏗ.
8. ᎬᏩᏂᏴᎲᏃ ᎬᏩᎴᎢ, ᎠᎴ ᏖᎸᎳᏗ ᏓᏫᏒ ᏙᏱᏗᏢ ᏫᎬᏩᏓᎢᏅᏎᎢ.
9. ᎦᏙᏃ ᎾᏍᎩ ᏛᏛᏁᎵ ᏖᎸᎳᏗ ᏓᏫᏒ ᎤᏤᎵᎦ? ᏓᎦᎷᏥ ᎠᎴ ᏙᏛᏛᏔᏂ ᎾᏍᎩ ᏠᎨᏏ ᏧᏂᎸᏫᏍᏓᏁᎯ, ᎠᎴ ᏅᏩᎾᏓᎴ ᏙᏛᏁᎵ ᏖᎸᎳᏗ ᏓᏫᏒᎢ.
10. ᏝᏍᎪᏃ ᏱᏥᎪᎵᏰᎣ ᎯᎠ ᎾᏍᎩ ᏥᏂᎬᏅ ᏥᎪᏪᎳ? ᎾᏍᎩ ᏅᏯ, ᏗᎾᏁᏍᎨᏍᎩ ᎤᏂᏲᎢᏎᎸᎯ ᏄᎬᏫᏳᏒ ᎤᏅᏏᏴ ᎠᏗ ᏄᎵᏍᏔᏅ;
11. ᎾᏍᎩ ᎯᎠ ᏱᎰᏩ ᏄᏛᏁᎸ, ᎠᎴ ᎤᏍᏆᏂᎪᏗᏳ ᏕᏓᎧᏂᏍᎬᎢ.
12. ᎤᎾᏁᎶᏔᏁᏃ ᎬᏩᏂᏴᏗᏱ, ᎠᏎᏃ ᎤᏂᏣᏘ ᏴᏫ ᏓᏂᏍᎦᎢᎮᎢ; ᎠᏂᎦᏔᎮᏰᏃ ᎤᏅᏒ ᎨᏥᏛᎬ ᎾᏍᎩ ᏚᏟᎶᏍᏔᏅᎢ; ᎢᎬᏩᏓᏅᎡᎴᏃ ᎠᎴ ᏚᏁᏅᏎᎢ.
13. ᏚᏂᏅᏎᏃ ᏫᎬᏩᎷᏤᏗᏱ ᎩᎶ ᎢᏳᎾᏍᏗ ᎠᏂᏆᎵᏏ ᎠᎴ ᎡᎶᏛ ᎬᏩᏍᏕᎵᏍᎩ, ᎤᏂᏌᏛᏗᏱ ᎤᎾᏚᎵᏍᎨ ᎦᏬᏂᏍᎬᎢ.
14. ᎤᏂᎷᏨᏃ, ᎯᎠ ᏂᎬᏩᏪᏎᎴᎢ, ᏔᏕᏲᎲᏍᎩ, ᎣᏥᎦᏔᎭ ᏚᏳᎪᏛ ᎯᏬᏂᏍᎬ ᎨᏒᎢ, ᎠᎴ ᎩᎶ ᏂᏖᎾᏰᏍᎬᎾ ᎨᏒᎢ; ᎥᏝᏰᏃ ᏄᎾᏍᏛ ᏴᏫ ᏱᏖᎸᏉᏙᎢ, ᎤᏁᎳᏅᎯᏍᎩᏂ ᎤᏅᏅ ᎤᏙᎯᏳᏒ ᏕᎭᏕᏲᎲᏍᎪᎢ; ᏚᏳᎪᏗᏍᎪ ᎠᏰᎵ ᎠᎾᎫᏱᏍᎬ ᏏᏌ ᎠᎫᏴᎡᏗᏱ, ᏝᎨ?
15. ᏓᏲᏥᏂᏧ, ᏝᎨ ᏴᏓᏲᏥᏂ? ᎠᏎᏃ ᎠᎦᏔᎮ ᎤᎾᏠᎾᏍᏛᎢ, ᎯᎠ ᏂᏚᏪᏎᎴᎢ, ᎦᏙᏃ ᎢᏍᎩᎪᎵᏰᎭ? ᎡᏍᎩᎥᏏ ᎠᎩᏏ ᏧᎬᏩᎶᏗ ᎾᏍᎩ ᎠᎩᎪᏩᏛᏗᏱ.
16. ᎤᏂᏲᎴᏃ. ᎯᎠᏃ ᏂᏚᏪᏎᎴᎢ, ᎦᎪ ᎯᎠ ᏓᎦᏟᎶᏍᏗ, ᎠᎴ ᎦᎪ ᎠᏥᏃᎮᎭ ᎯᎠ ᏥᎦᏪᎳ? ᏏᏌ, ᎢᎬᏬᏎᎴᎢ.
17. ᏥᏌᏃ ᎤᏁᏟ ᎯᎠ ᏂᏑᏪᏎᎴᎢ, ᏏᏌ ᎡᏣᎫᏴᏏ ᏏᏌ ᎤᏤᎵᎦ, ᎤᏁᎳᏅᎯᏃ ᎤᏁᎳᏅᎯ ᎤᏤᎵᎦ. ᎢᎬᏩᏍᏆᏂᎪᏎᎴᏃ.
18. ᏃᏆᎴ ᎠᏂᏌᏚᏏ ᎢᎬᏩᎷᏤᎴᎢ, ᎾᏍᎩ ᎠᏲᎱᏒ ᎥᏝ ᏗᎴᎯᏐᏗ ᏱᎩ ᎠᎾᏗᏍᎩ; ᎠᎴ ᎢᎬᏩᏛᏛᏁᎢ, ᎯᎠ ᏄᏂᏪᏎᎢ.
19. ᏔᏕᏲᎲᏍᎩ, ᎼᏏ ᎣᎪᏪᎳᏁᎸᎩ ᎯᎠ ᏃᎩᏪᏎᎸᎩ, ᎠᎾᎵᏅᏟ ᎩᎶ ᎠᏲᎱᏍᎨᏍᏗ, ᎠᎴ ᎤᏓᎵᎢ ᎢᎦᎧᎯᏯᏍᎨᏍᏗ, ᏧᏪᏥᏃ ᏂᏗᎦᎧᎯᏯᏍᎬᎾ ᎢᎨᏎᏍᏗ, ᎠᎾᎵᏅᏟ ᎠᏯᏂᏍᎨᏍᏗ ᎤᏓᎵᎢ, ᎠᎴ ᎾᏍᎩ ᎠᎾᎵᏅᏟ ᏧᏪᏥ ᏓᏛᎯᏍᏓᏁᎮᏍᏗ.
20. ᎾᏍᎩᏃ ᎦᎵᏉᎩ ᎠᎾᎵᏅᏟ ᎠᏁᎲᎩ; ᎢᎬᏱᏃ ᎡᎯ ᎤᏕᏒᏅᎩ, ᎠᎴ ᎤᏲᎱᏒᎩ ᏧᏪᏥ ᎾᏁᎲᎾ.
21. ᏔᎵᏁᏃ ᏪᎯ ᎾᏍᎩ ᎤᏓᏴᏒᎩ, ᎠᎴ ᎤᏲᎱᏒᎩ; ᎾᏍᏉᏃ ᎾᏍᎩ ᎥᏝ ᏧᏪᏥ ᏱᏚᏪᎧᎯᏰᎢ; ᎠᎴ ᎾᏍᎩᏯ ᎾᏍᏉ ᏦᎢᏁ ᏪᎯ.
22. ᎠᎴ ᎾᏍᎩ ᎦᎵᏉᎩ ᎢᏯᏂᏛ ᎤᎾᏓᏴᏒᎩ, ᎠᎴ ᎥᏝ ᏱᏚᏂᎯᎧᎯᏰ ᏧᏁᏥ; ᎣᏂᏱᏃ ᎠᎨᏴ ᎾᏍᏉ ᎤᏲᎱᏎᎢ.
23. ᏧᏂᏲᎱᏒᎯᏃ ᏧᎾᎴᎯᏐᏗ ᎨᏒᎢ, ᎾᎯᏳ ᎾᏍᎩ ᎯᎠ ᏓᎾᎴᎯᏌᏅᎭ, ᎦᎪ ᎤᏓᎵᎢ ᎨᏎᏍᏗ ᎾᏍᎩ ᎯᎠ? ᎦᎵᏉᎩᏰᏃ ᎢᏯᏂᏛ ᎠᎾᏓᏰᎲᎩ.
24. ᏥᏌᏃ ᎤᏁᏨ ᎯᎠ ᏂᏚᏪᏎᎸᎩ, ᏝᏍᎪ ᏱᏥᎵᏓᏍᏗᎭ, ᏱᏅᏗᎦᎵᏍᏙᏗᎭ ᏂᏦᎵᎬᎾ ᎨᏒ ᎪᏪᎵ, ᎠᎴ ᎤᏁᎳᏅᎯ ᎤᎵᏂᎩᏗᏳ ᎨᏒᎢ?
25. ᎾᎯᏳᏰᏃ ᏧᎾᎴᎯᏐᏗ ᎨᏒ ᏧᏂᏲᎱᏒᎯ, ᎥᏝ ᏱᏓᎾᏕᏒᎲᏍᎪᎢ, ᎥᏝ ᎠᎴ ᏱᏗᎨᏥᏰᎪᎢ; ᎦᎸᎳᏗᏍᎩᏂ ᎠᏁᎯ ᎨᏥᏅᏏᏓᏍᏗ ᏄᎾᏍᏛ ᎾᏍᎩᏯ ᏄᎾᏍᏗ.
26. ᏧᏂᏲᎱᏒᎯᏃ ᎾᏍᎩ ᏧᎾᎴᎯᏐᏗ ᎨᏒᎢ; ᏝᏍᎪ ᏱᏥᎪᎵᏰᎣ ᎼᏏ ᎤᏤᎵ ᎪᏪᎵᎯ, ᎾᏍᎩ ᎤᏪᏲᏓᏛ ᎤᏁᎳᏅᎯ ᎤᎵᏃᎮᏔᏅᎢ, ᎯᎠ ᏄᏪᏎᎸᎢ, ᎠᏴ ᎠᏆᏁᎳᏅᎯ ᎡᏆᎭᎻ ᎤᏤᎵᎦ, ᎠᎴ ᎠᏆᏁᎳᏅᎯ ᎡᏏᎩ ᎤᏤᎵᎦ, ᎠᎴ ᎠᏆᏁᎳᏅᎯ ᏤᎦᏈ ᎤᏤᎵᎦ.
27. ᎥᏝ ᏧᏂᏲᎱᏒᎯ ᎤᎾᏤᎵ ᎤᏁᎳᏅᎯ ᏱᎩ, ᏗᏅᏃᏛᏍᎩᏂ ᎤᎾᏤᎵ ᎤᏁᎳᏅᎯ; ᎾᏍᎩ ᎢᏳᏍᏗ ᎤᏣᏘ ᎢᏥᎵᏓᏍᏗᎭ.
28. ᏗᏃᏪᎵᏍᎩᏃ ᎨᏒ ᎠᏏᏴᏫ ᎤᎷᏤᎸ, ᎤᏛᎦᏅ ᎠᎾᎵᏃᎮᏍᎬᎢ, ᎠᎴ ᎤᏙᎴᎰᏒ ᎣᏏᏳ ᏄᏪᏒ ᏚᏁᏤᎸᎢ, ᎤᏛᏛᏁᎢ, ᎦᏙ ᎤᏍᏗ ᎤᏟ ᎦᎸᏉᏗᏳ ᏂᎦᏛ ᏗᎧᎿᎭᏩᏛᏍᏗ ᎨᏒᎢ? ᎤᏛᏁᎢ.
29. ᏥᏌ ᎤᏁᏤᎴ ᎯᎠ ᏄᏪᏎᎴᎢ, ᎤᏟ ᎦᎸᏉᏗ ᏂᎦᏛ ᏗᎧᎿᎭᏩᏛᏍᏗ ᎨᏒ ᎯᎠ ᎾᏍᎩ; ᎭᏛᎬᎦ ᎢᏏᎵ; ᏱᎰᏩ ᎢᎦᏁᎳᏅᎯ ᏌᏉᎯᏳ ᏱᎰᏩ;
30. ᎠᎴ ᎯᎨᏳᏎᏍᏗ ᏱᎰᏩ ᏣᏁᎳᏅᎯ ᎲᏗᏍᎨᏍᏗ ᏂᎬ ᏣᎾᏫ, ᎠᎴ ᏂᎬᏣᏓᏅᏙ, ᎠᎴ ᏂᎬ ᏣᏓᏅᏖᏗᏱ, ᎠᎴ ᏂᎦᎥ ᏣᎵᏂᎬᎬᎢ. ᎯᎠ ᎾᏍᎩ ᏭᏓᎪᎾᏛᏛ ᎦᎸᏉᏗ ᏗᎧᎿᎭᏩᏛᏍᏗ.
31. ᏔᎵᏁᏃ ᎨᏒᎢ, ᎾᏍᎩᏯᏉ, ᎯᎠ ᎾᏍᎩ ᏄᏍᏗ, ᏨᏒ ᏂᏣᏓᎨᏳᏒ ᎾᏍᎩᏯ ᏂᎨᏳᏎᏍᏗ ᎾᎥ ᎢᏗᏍᏓᏓᎳ. ᎥᏝ ᏅᏩᏓᎴ ᏗᎧᎿᎭᏩᏛᏍᏗ ᏯᎭ ᎤᏟ ᎢᎦᎸᏉᏗ ᎡᏍᎦᏉ ᎾᏍᎩ.
32. ᏗᎪᏪᎵᏍᎩᏃ ᎯᎠ ᏄᏪᏎᎴᎢ; Ꭷ, ᏔᏕᏲᎲᏍᎩ, ᏚᏳᎪᏛ ᏂᏫ; ᏌᏉᏉᏰᏃ ᎡᎭ ᎤᏁᎳᏅᎯ; ᎥᏝ ᎠᎴ ᏅᏩᏓᎴ ᏰᎭ ᎾᏍᎩ ᎤᏩᏒᎯᏳ;
33. ᎾᏍᎩᏃ ᎠᎨᏳᏗᏱ ᎬᏙᏗᏱ ᏂᎬ ᎣᎾᏫᏱ, ᎠᎴ ᏂᎬ ᎠᏓᏅᏖᏗᏱ, ᎠᎴ ᏂᎬ ᎠᏓᏅᏙ, ᎠᎴ ᏂᎦᎥ ᏃᎵᏂᎬᎬᎢ, ᎠᎴ ᎾᎥ ᎢᏳᎾᏓᎳ ᎤᏩᏒ ᎤᏓᎨᏳᏒ ᎾᏍᎩᏯ ᎤᎨᏳᏗᏱ, ᎤᏟ ᎦᎸᏉᏗᏳ ᎡᏍᎦᏉ ᏂᎦᏛ ᏗᎬᏩᏃᏍᏛ ᎠᏥᎸ ᏗᎨᎳᏍᏙᏗ, ᎠᎴ ᎠᎵᏍᎪᎸᏙᏗ.
34. ᏥᏌᏃ ᎤᎪᎲ ᎠᎦᏔᎿᎭᎢ ᎢᏳᏪᏍᏗ ᏄᏪᏒ ᎤᏁᏨᎢ, ᎯᎠ ᏄᏪᏎᎴᎢ, ᎥᏝ ᎢᏅᎯᏳ ᏱᏂᏣᏛᎿᎭᏕᎦ ᎤᏁᎳᏅᎯ ᎤᏤᎵᎪᎯ ᎨᏒᎢ. ᎾᎯᏳᏃ ᎢᏳᏓᎴᏅᏛ ᎥᏝ ᎩᎶ ᎪᎱᏍᏗ ᎬᏩᏛᏛᏗ ᏱᎨᏎᎢ.
35. ᏥᏌᏃ ᎤᏁᏨ ᏓᏕᏲᎲᏍᎬ ᎤᏛᏅᏗᎦᎳᏫᎢᏍᏗᏱ, ᎯᎠ ᏄᏪᏎᎢ; ᎦᏙᏃ ᏗᏃᏪᎵᏍᎩ ᎦᎶᏁᏛ ᏕᏫ ᎤᏪᏥ, ᏣᎾᏗᏍᎪᎢ?
36. ᏕᏫᏰᏃ ᎤᏩᏒ ᎦᎸᏉᏗᏳ ᎠᏓᏅᏙ ᎤᏪᏲᎲᏍᎬ ᎯᎠ ᏄᏪᏎᎢ, ᏱᎰᏩ ᎯᎠ ᏄᏪᏎᎴ ᎠᏆᏤᎵ ᎤᎬᏫᏳᎯ, ᏥᎦᏘᏏ ᎢᏗᏢ ᏦᎴᏍᏗ ᎬᏂ ᎨᏣᏍᎦᎩ ᏗᏣᎳᏏᏗᏱ ᎦᏍᎩᎶ ᏂᎦᏥᏴᏁᎸᎭ.
37. ᏕᏫᏰᏃ ᎤᏩᏒ ᎤᎬᏫᏳᎯ ᎢᎪᏎᎭ; ᎦᏙᏃ ᏗᎦᎴᏍᏙᏗᎭ ᎤᏪᏥ ᎢᎩ? ᎤᏂᏣᏘᏃ ᏴᏫ ᎤᎾᎵᎮᎵᏨᎯ ᎬᏩᏛᏓᏁᎴᎢ.
38. ᎯᎠᏃ ᏂᏚᏪᏎᎴ ᏓᏕᏲᎲᏍᎬᎢ, ᏕᏤᏯᏙᏤᎮᏍᏗ ᏗᏃᏪᎵᏍᎩ ᎣᏏᏳ ᏧᏂᏰᎸ ᏗᎦᏅᎯᏛ ᏧᎾᏄᏩᎢ ᎤᏁᏓᏍᏗᏱ, ᎠᎴ ᎨᏥᏲᎵᏍᏗᏱ ᏗᎦᏃᏙᏗᏱ,
39. ᎠᎴ ᏄᎬᏫᏳᏒ ᏕᎦᏍᎩᎸ ᏗᎦᎳᏫᎢᏍᏗᏱ, ᎠᎴ ᏄᎬᏫᏳᏒ ᏧᎾᏂᏢᏗᏱ ᏓᎾᎵᏍᏓᏴᎲᎬᎢ;
40. ᎾᏍᎩ ᏥᏓᏂᏒᏁᎰ ᏧᏃᏑᎶᏨᎯ ᏓᏂᏁᎸᎢ, ᎠᎴ ᎤᎾᏠᎾᏍᏛ ᎪᎯᏗᏳ ᏣᎾᏓᏙᎵᏍᏗᏍᎪᎢ; ᎯᎠ ᎾᏍᎩ ᎤᏟ ᎢᎦᎢ ᎤᏂᎩᎵᏲᎢᏍᏗ ᏗᎨᎫᎪᏓᏁᏗ ᎨᏎᏍᏗ.
41. ᏥᏌᏃ ᎤᏬᎴ ᎠᏕᎸ-ᏗᏗᏱ ᏧᏳᎪᏗ, ᎠᎴ ᎤᎪᎮ ᎾᎾᏛᏁᎲ ᏴᏫ ᎠᏕᎸ ᏓᏂᎲᏍᎬ ᎠᏕᎸ-ᏗᏗᏱ; ᎤᏂᏣᏘᏃ ᏧᏁᎿᎭᎢ ᎤᏣᏘ ᏓᏂᎲᏍᎨᎢ.
42. ᎩᎶᏃ ᎢᏳᏍᏗ ᎤᏲ ᎢᏳᏛᎿᎭᏕᎩ ᎤᏬᏑᎶᏨᎯ ᎤᎷᏨ, ᏔᎵ ᎠᎩᏄᏛᏗ ᎢᏯᏓᏅᏖᏗ ᎤᏁᎢ, ᎾᏍᎩ ᎠᏰᎵ ᎢᏯᏓᏅᏖᏗ ᎢᎦᎢ ᏥᎩ.
43. ᏫᏚᏯᏅᎲᏃ ᎬᏩᏍᏓᏩᏗᏙᎯ, ᎯᎠ ᏂᏚᏪᏎᎴᎢ, ᎤᏙᎯᏳᎯᏯ ᎯᎠ ᏂᏨᏪᏎᎭ, ᎯᎠ ᎾᏍᎩ ᎤᏲ ᎢᏳᏛᎿᎭᏕᎩ ᎤᏬᏑᎶᏨᎯ ᎤᏟ ᎢᎦᎢ ᎠᎲᎦ ᎡᏍᎦᏉ ᏂᎦᏛ ᎾᏍᎩ ᎠᏕᎸ-ᏗᏗᏱ ᏣᏂᎲᎦ.
44. ᏂᎦᏛᏰᏃ ᎤᏣᏘ ᎤᏂᎲ ᎤᏃᏣᎴᏛ ᎠᏂᎲᎦ; ᎾᏍᎩᏍᎩᏂ-ᎤᏂᎩᏛ ᎨᏒ ᎠᎲᎦ ᏂᎦᏛ ᎤᎲᎢ, ᏂᎦᏛ ᎤᎵᏍᏕᎸᏙᏗ ᎤᎲᎢ.

== Mark 13 ==
1. ᎦᏄᎪᎮᏃ ᎤᏛᏅ-ᏗᎦᎳᏫᎢᏍᏗᏱ, ᎠᏏᏴᏫ ᎾᏍᎩ ᎬᏩᏍᏓᏩᏗᏙᎯ ᎯᎠ ᏄᏪᏎᎴᎢ, ᏔᏕᏲᎲᏍᎩ, ᎬᏂᏳᏉ Ꮎ ᏂᏕᎤᏍᏗ ᏅᏯ ᎠᎴ ᏂᏕᎤᏍᏗ ᏓᏓᏁ-ᎸᎢ?
2. ᏥᏌᏃ ᎤᏁᏨ ᎯᎠ ᏄᏪᏎᎴᎢ, ᏕᎯᎪᏩᏗᏍᎪ ᎯᎠ ᎾᏍᎩ ᏤᏆ ᏓᏓᏁᎸᎢ? ᎥᏝ ᏌᏉ ᏅᏯ ᎧᏃᎯᏴᎯ ᏱᎨᏎᏍᏗ ᏱᏚᏓᏌᏝᎮᏍᏗ, ᎾᏍᎩ ᏂᎪᎲᏔᏅᎾ ᏱᎨᏎᏍᏗ.
3. ᎣᎵᏩᏲᏃ ᎤᏌᎯᎸ ᎤᏬᎸᎢ, ᎤᏛᏅᏗᎦᎳᏫᎢᏍᏗᏱ ᎠᏓᏁᎸ ᏧᏳᎪᏗ, ᏈᏓ, ᎠᎴ ᏥᎻ, ᎠᎴ ᏣᏂ, ᎠᎴ ᎡᏂᏗ, ᎤᏅᏒ ᎨᏒ ᎬᏩᏛᏛᏁᎢ, ᎯᎠ ᏄᏂᏪᏎᎢ,
4. ᏍᎩᏃᎲᏏ, ᎢᎳᎩᏳ ᎾᏍᎩ ᎯᎠ ᏅᏓᎦᎵᏍᏔᏂ? ᎠᎴ ᎦᏙ ᎤᏰᎸᏛ ᎨᏎᏍᏗ ᎾᎯᏳ ᎯᎠ ᎾᏍᎩ ᏂᎦᏛ ᎤᎵᏰᎢᎶᎯᏍᏗ ᎨᏒᎢ?
5. ᏥᏌᏃ ᏚᏁᏤᎸ, ᎤᎴᏅᎮ ᎯᎠ ᏄᏪᏎᎢ, ᎢᏤᏯᏔᎮᏍᏗ, ᏞᏍᏗ ᎩᎶ ᏥᏥᎶᏄᎮᎵ.
6. ᎤᏂᏣᏖᏍᏗᏰᏃ ᎠᏴ ᏓᏆᏙᏍᏛ ᎠᏂᎷᎯᏍᏗᏍᎨᏍᏗ, ᎯᎠ ᎾᏂᏪᏍᎨᏍᏗ, ᎠᏴ ᎾᏍᎩ; ᎠᎴ ᎤᏂᏣᏖᏍᏗ ᏓᏂᎶᏄᎮᏍᎨᏍᏗ.
7. ᎢᏣᏛᎩᏍᎨᏍᏗᏃ ᏓᏅᏩ, ᎠᎴ ᎠᏂᏃᎮᎵᏙᎲ ᏓᏅᏩ, ᏞᏍᏗ ᏱᏣᏕᏯᏔᏁᎮᏍᏗ; ᎾᏍᎩᏰᏃ ᎠᏎ ᎢᏳᎵᏍᏙᏗ; ᎤᎵᏍᏆᏗᏍᏗᏱᏍᎩᏂ ᎨᏒ ᎠᏏ ᎨᏎᏍᏗ.
8. ᏧᎾᏓᎴᏛᏰᏃ ᏴᏫ ᏙᏛᎾᎴᏂ ᏙᏛᎾᏓᏡᏔᏂ, ᎠᎴ ᎠᏰᎵ ᏕᎪᏢᏩᏗᏒ ᏙᏛᎾᏓᏡᏔᏂ; ᎠᎴ ᎦᏙᎯ ᏓᎵᏖᎸᏂᏙᎮᏍᏗ, ᎠᎴ ᏓᎪᏄᎶᏏᏙᎮᏍᏗ ᎠᎴ ᎤᏕᏯᏙᏗ ᏂᎦᎵᏍᏔᏂᏙᎮᏍᏗ; ᎯᎠ ᎾᏍᎩ ᎠᏓᎴᏂᏍᎬ ᎠᎩᎵᏯ.
9. ᎠᏗᎾ ᎢᏤᏯᏔᎮᏍᏗ; ᏓᏂᎳᏫᎥᏰᏃ ᏕᎨᏥᏲᏍᎨᏍᏗ; ᏧᏂᏔᏫᎢᏍᏗᏱᏃ ᏕᏥᎵᎥᏂᎮᏍᏗ; ᎠᎴ ᏄᏂᎬᏫᏳᏌᏕᎩ ᎠᎴ ᎤᏂᎬᏫᏳᎯ ᎠᏂᏅ ᏤᏣᏖᏃᎯᏍᏗ ᎨᏎᏍᏗ ᎠᏴ ᎨᏒ ᏅᏗᎦᎵᏍᏙᏗᏍᎨᏍᏗ, ᎾᏍᎩ ᎪᎯᏳᏗᏍᎩ ᏧᏂᎦᏘᎴᎩ.
10. ᎣᏍᏛᏃ ᎧᏃᎮᏛ ᎢᎬᏱ ᏂᎬᎾᏛ ᏧᏁᏩᏗᏒ ᏴᏫ ᎠᎵᏥᏙᏗ ᎨᏎᏍᏗ.
11. ᎠᎴ ᎿᎭᏉ ᏕᏣᏘᏁᎨᏍᏗ, ᎠᎴ ᏕᏥᏲᏍᎨᏍᏗ, ᏞᏍᏗ ᎢᎬᏱ ᎦᏰᎯ ᏱᏤᎵᎯᏍᎨᏍᏗ ᎢᏥᏪᏍᏗᏱ ᎢᏥᏁᎢᏍᏗᏱ, ᎠᎴ ᏞᏍᏗ ᎢᎬᏱ ᎦᏰᎯ ᏱᏣᏓᏅᏖᏍᎨᏍᏗ; ᏄᏍᏛᏍᎩᏂ ᏫᎯᏳ ᎨᏒ ᎡᏥᏁᎸ ᎾᏍᎩ ᎢᏥᏁᎨᏍᏗ; ᎥᏝᏰᏃ ᏂᎯ ᏱᏣᏁᎪᎢ, ᎦᎸᏉᏗᏳᏍᎩᏂ ᎠᏓᏅᏙ.
12. ᎠᎾᎵᏅᏟᏃ ᏚᏲᏍᎨᏍᏗ ᎠᎾᎵᏅᏟ ᎤᏲᎱᎯᎯᏍᏗᏱ; ᎠᏍᎦᏯᏃ ᎤᏪᏥ ᏚᏲᏍᎨᏍᏗ; ᎠᎴ ᏗᎨᎦᏅᎩ ᏓᎾᎴᎲᏍᎨᏍᏗ ᏧᏂᎦᏴᎵᎨ ᏓᎾᏡᏗᏍᎨᏍᏗ, ᎠᎴ ᎾᏍᎩ ᎾᏅᏂᏏᏍᎨᏍᏗ ᏕᎨᏥᎢᎮᏍᏗ.
13. ᎠᎴ ᏂᎦᏗᏳ ᏴᏫ ᎨᏥᏍᎦᎩ ᎨᏎᏍᏗ ᎠᏴ ᏧᏆᏙᎥ ᏅᏗᎦᎵᏍᏙᏗᏍᎨᏍᏗ; ᎩᎶᏍᎩᏂ ᎬᎵᏍᏆᏗᏍᎩ ᏗᎧᎿᎭᏩᏕᎩ, ᎾᏍᎩ ᎠᏥᏍᏕᎸᏗ ᎨᏎᏍᏗ.
14. ᎢᏥᎪᏩᏘᏍᎨᏍᏗᏍᎩᏂ ᎤᏍᎦᎢᏍᏗ ᎠᏛᏗᏍᎩ ᏕᏂᎵ ᎠᏙᎴᎰᏍᎩ ᎤᏁᎢᏍᏔᏅᎯ, ᎦᏙᎨᏍᏗ ᎾᎿᎭᎬᏩᎴᏗ ᏂᎨᏒᎾ, (ᎩᎶ ᎠᎪᎵᏰᏍᎨᏍᏗ ᎪᎵᎨᏍᏗ,) ᎿᎭᏉ ᏧᏗᏱ ᎠᏂᏂ ᎠᎾᎵᏒᎭ ᏙᏦᏓᎸ ᏩᏂᎶᏒᎭ.
15. ᎠᎴ ᎩᎶ ᎦᏌᎾᎵ ᎤᎩᎴᏍᏗ, ᏞᏍᏗ ᏴᏗᏠᎠᏍᎨᏍᏗ ᎠᏓᏁᎸ ᏫᏯᏴᎯᎮᏍᏗ, ᎠᎴ ᏞᏍᏗ ᎾᎿᎭᏫᏯᏴᎯᎮᏍᏗ ᏭᎩᏍᏗᏱ ᎪᎱᏍᏗ ᎤᎿᎭᎥ ᎦᏁᎸᎢ.
16. ᎠᎴ ᎩᎶ ᏠᎨᏏ ᎡᏙᎯ ᏞᏍᏗ ᏴᏗᎤᏨᏎᏍᏗ ᎤᏄᏬ ᏳᏁᏐᎴᏍᏗ.
17. ᎠᎴ ᎤᏲᎢᏳ ᎢᏳᎾᎵᏍᏓᏁᏗ ᏗᏂᏁᎵᏛ, ᎠᎴ ᏧᏂᏍᏓᎢ ᎾᎯᏳ ᎨᏎᏍᏗ.
18. ᎠᎴ ᎢᏣᏓᏙᎵᏍᏗᏍᎨᏍᏗ ᎢᏥᏔᏲᎯᎮᏍᏗ ᎪᎳ ᎢᏣᎵᏍᏗᏱ ᏂᎨᏒᎾ ᎢᏳᎵᏍᏙᏗᏱ.
19. ᎾᎯᏳᏰᏃ ᎨᏎᏍᏗ ᎠᎩᎵᏯ ᎡᎮᏍᏗ, ᎾᏍᎩ ᎪᏢᏅᎢ ᎾᏍᎩ ᎤᏁᎳᏅᎯ ᏧᏬᏢᏁ ᏅᏓᎬᏩᏓᎴᏅᏛ ᎪᎯ ᎢᏯᏍᏗ ᎥᏝ ᎾᏍᎩ ᎢᏳᏍᏗ ᏳᏕᏃᎢ, ᎥᏝ ᎠᎴ ᎤᏕᏗ ᏱᎨᏎᏍᏗ.
20. ᎠᎴ ᎤᎬᏫᏳᎯ ᏂᏚᎪᎳᏛᎾ ᏱᎨᏎ ᎾᎯᏳ ᎢᎦ, ᎥᏝ ᎤᏇᏓᎵ ᏱᎦᏰᏥᏍᏕᎸᎮᎢ; ᎨᎦᏑᏰᏛᏍᎩᏂ ᏅᏗᎦᎵᏍᏙᏗᎭ, ᎾᏍᎩ ᏧᏑᏰᏛ ᎨᏒᎢ, ᎾᏍᎩ ᏚᎪᎳᏛ ᎾᎯᏳ ᎢᎦ.
21. ᎿᎭᏉᏃ ᎢᏳ ᎩᎶ ᎯᎠ ᏂᏥᏪᏎᎸᎭ, ᎬᏂᏳᏉ ᎠᏂ ᎦᎶᏁᏛ; ᎠᎴ ᎬᏂᏳᏉ ᎾᎿᎭᏂ; ᏞᏍᏗ ᎢᏦᎢᏳᏅᎩ;
22. ᎦᎶᏁᏛᏰᏃ ᎤᎾᏤᎸᎯ ᎠᎴ ᎠᎾᏙᎴᎰᏍᎩ ᎤᎾᏤᎸᎯ ᏛᏂᎾᏄᎪᏥ, ᎠᎴ ᎠᏂᎾᏄᎪᏫᏍᎨᏍᏗ ᎤᏰᎸᏛ ᎠᎴ ᎤᏍᏆᏂᎪᏗ, ᎾᏍᎩ ᏧᏂᎶᏄᎮᏗᏱ, ᎢᏳᏃ ᏰᎵ ᏱᎩ, ᎾᏍᏉ ᎨᎦᏑᏰᏛ.
23. ᏂᎯᏍᎩᏂ ᎢᏤᏯᏔᎮᏍᏗ; ᎬᏂᏳᏉ ᏂᎦᏛ ᏂᏨᏃᏁᎸ.
24. ᎾᎯᏳᏍᎩᏂ ᎨᏎᏍᏗ, ᎤᎶᏐᏁᏍᏗ ᎾᏍᎩ ᎠᎩᎵᏯ, ᏅᏙ ᎢᎦ ᎡᎯ ᏛᎵᏏᎲᏏ, ᎠᎴ ᏅᏙ ᏒᏃᏱ ᎡᎯ ᎥᏝ ᎢᎦ ᏳᏖᏍᏕᏗ;
25. ᎠᎴ ᏃᏈᏏ ᎠᏂᎧᎸ ᎦᎸᎶᎢ ᎠᏂᏅᎪᎠᏍᎨᏍᏗ, ᎠᎴ ᎤᏂᏣᏖ ᎦᎸᎶ ᏣᏂᎧᎳ ᏛᎾᎵᏖᎸᏂ.
26. ᎿᎭᏉᏃ ᏛᏂᎪᎯ ᏴᏫ ᎤᏪᏥ ᏣᎢᏎᏍᏗ ᎤᎶᎩᎸᎢ, ᎤᏄᏬᏍᏕᏍᏗ ᎤᏣᏘ ᎤᎵᏂᎩᏗᏳ ᎨᏒ ᎠᎴ ᎦᎸᏉᏗᏳ ᎨᏒᎢ.
27. ᎿᎭᏉᏃ ᏙᏓᎦᏅᏏ ᏧᏤᎵ ᏗᏂᎧᎿᎭᏩᏗᏙᎯ, ᎠᎴ ᏙᏓᎦᏟᏌᏂ ᎨᎦᏑᏰᏛ ᏧᏤᎵᎦ ᏫᏙᏛᏯᏅᎯ ᏅᎩ ᏂᏙᏗᎦᎶᏍᎬ ᎤᏃᎴ, ᎡᎶᎯ ᏭᎵᏍᏘᏂᎸ ᏅᏓᏳᏓᎴᏅᏛ ᎦᎸᎶᏃ ᏭᎵᏍᏘᏂᎸ ᏫᎦᎷᎩ.
28. ᎢᏣᏕᎶᏆᏃ ᏒᎦᏔ-ᎢᏳᏍᏗ ᏡᎬ ᏓᏟᎶᏍᏛᎢ; ᎤᏩᏂᎦᎸ ᎿᎭᏉ ᎤᏓᎨ ᏂᎦᎵᏍᏓ, ᎠᎴ ᏥᎦᎵᏍᏚᎲᏍᎪᎢ, ᎢᏥᎦᏔᎰ ᎪᎩ ᎾᎥᏂᏳ ᎨᏒᎢ;
29. ᎾᏍᎩᏯ ᎾᏍᏉ ᏂᎯ, ᎿᎭᏉ ᎢᏥᎪᏩᏘᏍᎨᏍᏗ ᎯᎠ ᎾᏍᎩ ᏂᎦᎵᏍᏔᏂᏙᎲᎢ, ᎢᏥᎦᏔᎮᏍᏗ ᎾᎥᏂᏳ ᎨᏒᎢ, ᎦᎶᎯᏍᏗᏱᏉ ᎨᏒᎢ.
30. ᎤᏙᎯᏳᎯᏯ ᎯᎠ ᏂᏨᏪᏎᎮ, ᎯᎠ ᎾᏍᎩ ᎪᎯ ᏣᏁᎭ ᎥᏝ ᏴᏛᏂᎶᏐᏂ ᎬᏂ ᎯᎠ ᎾᏍᎩ ᏂᎦᏗᏳ ᏂᎦᎵᏍᏔᏅᎭ.
31. ᎦᎸᎶ ᎠᎴ ᎡᎶᎯ ᏛᏂᎶᏐᏂ; ᎠᏴᏍᎩᏂ ᎠᎩᏁᏨ ᎥᏝ ᏴᏓᎦᎶᏐᏂ.
32. ᎾᎯᏳᏍᎩᏂ ᎢᎦ ᎨᏒ ᎠᎴ ᎢᏳ ᎧᎳᏩᏗᏒ ᎥᏝ ᎩᎶ ᏯᎦᏔᎭ, ᎥᏝ ᎾᏍᏉ ᏗᏂᎧᎿᎭᏩᏗᏙᎯ ᎦᎸᎳᏗ ᎠᏁᎯ, Ꮭ ᎾᏉᏃ ᎤᏪᏥ, ᎠᎦᏴᎵᎨᏍᎩᏂ ᎤᏩᏒ.
33. ᎢᏤᏯᏔᎮᏍᏗ, ᎢᏥᏯᏫᏍᎨᏍᏗ ᎠᎴ ᎢᏣᏓᏙᎵᏍᏗᏍᎨᏍᏗ; ᎥᏝᏰᏃ ᏱᏥᎦᏔᎭ ᎢᏳ ᎨᏒᎢ.
34. [ᏴᏫᏰᏃ ᎤᏪᏥ] ᎾᏍᎩᏯᏉ ᎠᏍᎦᏯ ᏣᏂᎩᏍᎪ ᎢᎸᎯᏢ ᏤᎪᎢ, ᎾᏍᎩ ᏥᎬᏕᎪ ᎦᏁᎸᎢ, ᎠᎴ ᎠᏂᎦᏘᏯ ᏥᏂᏕᎬᏁᎰ ᏧᏅᏏᏓᏍᏗ, ᎠᎴ ᎠᏂᏏᏴᏫᎭ ᏧᏂ ᎸᏫᏍᏓᏁᏗ ᏥᏓᏁᎰᎢ, ᎠᎴ ᎦᎶᎯᏍᏗᏱ ᎠᎦᏘᏯ ᏥᎧᏁᏤᎰ ᎤᏯᏫᏗᏱ.
35. ᎾᏍᎩ ᎢᏳᏍᏗ ᎢᏥᏯᏫᏍᎨᏍᏗ; ᎥᏝᏰᏃ ᏱᏥᎦᏔᎭ ᎢᏳᏉ ᎤᎷᎯᏍᏗᏱ ᎦᏁᎳ, ᎤᏒᎢ, ᎠᎴ ᏒᏃᏱ ᎠᏰᎵ, ᎠᎴ ᏣᏔᎦ ᎠᏂᏴᎬᎢ, ᎠᎴ ᏑᎾᎴᎢ;
36. ᏱᎦᎷᎩᏰᏃ ᏯᏰᎶᎢᏍᏓ, ᏴᏥᏩᏛᏓ ᎢᏥᎵᎾᎥᎢ.
37. ᎾᏍᎩᏃ ᎯᎠ ᏂᎯ ᏥᏂᏨᏪᏎᎭ, ᎾᏍᎩ ᏂᎦᏛᏉ ᏂᎦᏥᏪᏎᎭ-ᎢᏥᏯᏫᏍᎨᏍᏗ.

== Mark 14 ==
1. ᏔᎵᏃ ᏫᏄᏒᎸ ᎧᏃᎯᏴᎩ ᏗᎵᏍᏓᏴᏗᏱ ᎠᎴ ᎾᎪᏔᏅᎾ ᎦᏚ ᎠᎩᏍᏗᏱ ᎤᏍᏆᎸᏗ ᎨᏎᎢ, ᏄᏂᎬᏫᏒᏃ ᎠᏥᎸᎠᏁᎶᎯ ᎠᎴ ᏗᏃᏪᎵᏍᎩ ᎤᏂᏲᎴ ᎢᏳᎾᏛᏁᏗᏱ ᎦᎶᏄᎮᏛ ᎤᏅᏙᏗᏱ ᎤᏂᏂᏴᏗᏱ, ᎠᎴ ᎤᏂᎯᏍᏗᏱ.
2. ᎠᏎᏃ ᎥᏞᏍᏗ ᏗᎵᏍᏓᏴᏗᏱ ᎢᏳ ᎢᎦ ᎨᏒᎢ, ᏯᎾᎵᏕᎸᎲᎦᏰᏃ ᏴᏫ, ᎤᎾᏛᏁᎢ.
3. ᏇᏗᏂᏱᏃ ᎡᏙᎮᎢ, ᎠᎠᏩᏂ ᎠᏓᏰᏍᎩ ᎤᏢᏨᎯ ᎦᏁᎸᎢ, ᎦᏅᎨᏃ ᎠᎵᏍᏓᏴᎲᏍᎨᎢ, ᎠᎨᏴ ᎤᎷᏤ ᎠᏰᎮ ᎫᎫ ᏅᏯ ᎤᏁᎬ ᎪᏢᏔᏅᎯ ᎠᏟᏍᏕ ᎠᏠᏁᏗ ᎾᏓ ᏧᏙᎢᏛ, ᎤᏣᏘ ᏧᎬᏩᎶᏗ; ᎠᎴ ᎤᎶᏒ ᎫᎫ, ᎠᎴ ᎤᎶᏁᏔᏁ ᎠᏍᎪᎵ.
4. ᎩᎶᏃ ᎤᎾᏓᏑᏰ ᎤᏅᏳᏤ ᏙᏧᎾᏓᏅᏛᎢ, ᎠᎴ ᎯᎠ ᏄᏂᏪᏎᎢ, ᎦᏙᏃ ᎯᎠ ᎠᏤᏬᎩ ᎠᏠᏁᏗ?
5. ᏳᏂᎾᏗᏅᏎᏰᏃ ᎾᏍᎩ ᎯᎠ ᎠᏠᏁᏗ ᏦᎢᏧᏈ ᎠᏂᎩᏏ ᏧᎾᎬᏩᎶᏗ ᎤᎶᏒᏍᏗ ᏱᏚᎵᎬᏩᎳᏁᎢ, ᎠᎴ ᎤᏲ ᎢᏳᎾᏛᎿᎭᏕᎩ ᏗᎬᏁᏗ ᏱᎨᏎᎢ. ᎠᎴ ᎬᏩᎪᏁᎶᎯᏎᎴᎢ.
6. ᏥᏌᏃ ᎯᎠ ᏄᏪᏎᎢ, ᎤᏁᎳᎩ; ᎦᏙᏃ ᎢᎡᏣᏕᏯᏙᏗᎭ? ᎣᏏᏳ ᏕᎤᎸᏫᏍᏓᏏ ᏥᎾᏋᎦ.
7. ᎤᏲᏰᏃ ᎢᏳᎾᏛᎿᎭᏕᎩ ᏂᎪᎯᎸ ᎨᏤᎳᏗᏙᎭ, ᎠᎴ ᎢᏳᏉ ᎢᏤᎵᏍᎬᎢ ᎣᏍᏛ ᏱᏂᏕᏣᏛᏂᏏ; ᎠᏴᏍᎩᏂ ᎥᏝ ᏂᎪᎯᎸ ᏱᏨᏰᎳᏗᏙᎭ.
8. ᏂᎦᎥ ᎢᎬᏩᏛᏁᏗ ᎨᏒ ᎾᏛᎦ; ᎢᎬᏱ ᎦᏰᎯ ᎦᎷᎩ ᎤᎶᏁᏗᏱ ᏥᏰᎴ ᎥᎩᏂᏐᏗᏱ ᎤᎬᏩᎵ.
9. ᎤᏙᎯᏳᎯᏯ ᎯᎠ ᏂᏨᏪᏎᎭ, ᎢᎸᎯᏢ ᎯᎠ ᎾᏍᎩ ᎣᏍᏛ ᎧᏃᎮᏛ ᎠᎵᏥᏙᏗ ᏂᎦᎵᏍᏗᏍᎨᏍᏗ ᎡᎶᎯ ᏂᎬᎾᏛᎢ, ᎯᎠ ᎾᏍᎩ ᏥᎾᏛᎦ ᎾᏍᏉ ᎤᏂᏃᎮᏗ ᎨᏎᏍᏗ ᎾᏍᎩ ᎠᎦᏅᏓᏗᏍᏙᏗ.
10. ᏧᏓᏏᏃ ᎢᏯᎦᎳᏗ, ᎠᏏᏴᏫ ᎾᏍᎩ ᏔᎳᏚ ᎢᏯᏂᏛ ᎨᏒᎢ, ᎤᏪᏅᏎ ᏄᏂᎬᏫᏳᏒ ᎠᏥᎸ-ᎠᏁᎶᎯ ᏗᏂᏅᎢ, ᎾᏍᎩ ᏧᏲᎯᏎᏗᏱ.
11. ᎤᎾᏛᎦᏅᏃ ᎣᏏᏳ ᎤᏂᏰᎸᏁᎢ, ᎠᎴ ᎤᏂᏚᎢᏍᏓᏁᎴ ᎠᏕᎸ ᏧᏂᏁᏗᏱ. ᎤᏲᎴᏃ ᎣᏍᏛ ᎤᏜᏓᏅᏓᏕᏗᏱ ᏧᏲᎯᏎᏗᏱ.
12. ᎢᎬᏱᏱᏃ ᎢᎦ ᎾᎪᏔᏅᎾ ᎦᏚ ᎠᎩᏍᏗᏱ, ᎾᎯᏳ ᎤᏂᎸ ᎧᏃᎯᏰᎩ ᏗᎵᏍᏓᏴᏗᏱ, ᎬᏩᏍᏓᏩᏗᏙᎯ ᎯᎠ ᏂᎬᏩᏪᏎᎴᎢ, ᎭᏢ ᏣᏚᎵ ᏬᎦᏛᏅᎢᏍᏙᏗᏱ, ᎧᏃᎯᏰᎩ ᏣᎵᏍᏓᏴᏗᏱ?
13. ᏚᏅᏎᏃ ᎠᏂᏔᎵ ᎬᏩᏍᏓᏩᏗᏙᎯ, ᎠᎴ ᎯᎠ ᏂᏚᏪᏎᎴᎢ, ᏗᎦᏚᎲ ᎢᏍᏕᎾ, ᏙᏓᏣᏠᏏᏃ ᎠᏍᎦᏯ ᎠᏰᎮᏍᏗ ᎠᏖᎵᏙ ᎠᎹ ᎠᏟᏍᏕᏍᏗ; ᎡᏍᏗᏍᏓᏩᏕᏒᎭ.
14. ᎢᎸᎯᏢᏃ ᏩᏴᎸᎭ, ᎯᎠ ᏁᏍᏗᏪᏎᎸᎭ ᎠᏍᎦᏯ ᎦᏁᎳ, ᏗᏕᏲᎲᏍᎩ ᎯᎠ ᏂᎦᏪᎭ, ᎭᏢ ᎠᏁᏙᎯ ᎤᏂᏴᏍᏗᏱ, ᎾᎿᎭᎧᏃᎯᏰᎩ ᎢᏧᎳᎭ ᎣᎦᎵᏍᏓᏴᏗᏱ ᎬᎩᏍᏓᏩᏗᏙᎯ.
15. ᏓᏍᏓᏎᎮᎵᏃ ᎤᏛᏅ ᎦᎸᎳᏗ ᎧᏅᏑᎸᎢ, ᎦᏳᎳ ᎬᎿᎭᎢ, ᎠᎴ ᎠᏛᏅᎢᏍᏔᏅᎯ; ᎾᎿᎭᏍᎩᏯᏛᏅᎢᏍᏓᏁᎸᎭ.
16. ᎬᏩᏍᏓᏩᏗᏙᎯᏃ ᎤᏁᏅᏎ ᎠᎴ ᏗᎦᏚᎲ ᏭᏂᎷᏤᎢ, ᎠᎴ ᏭᏂᏩᏛᎮ ᎾᏍᎩᏯ ᏂᏚᏪᏎᎸᎢ; ᎤᎾᏛᏅᎢᏍᏔᏁᏃ ᎧᏃᎯᏰᎩ ᏗᎵᏍᏓᏴᏗᏱ.
17. ᎤᏒᏃ ᏄᎵᏍᏔᏅ ᎤᎷᏤ ᏓᏖᏁᎮ ᏔᎳᏚ ᎢᏯᏂᏛ.
18. ᎾᏍᎩᏃ ᎠᏂᏅᏜᏓᎡᎢ ᎠᎴ ᎠᎾᎵᏍᏓᏴᎲᏍᎨᎢ, ᏥᏌ ᎯᎠ ᏄᏪᏎᎢ, ᎤᏙᎯᏳᎯᏯ ᎯᎠ ᏂᏨᏪᏎᎭ, ᎠᏏᏴᏫ ᎯᎠ ᏥᏂᏣᏛᏅ ᎢᏧᎳᎭ ᏦᏍᏓᎵᏍᏓᏴᎲᏍᎦ, ᏛᏆᏡᏔᏂ.
19. ᎤᎾᎴᏅᎮᏃ ᎤᏲ ᎤᏂᏰᎸᏁᎢ, ᎠᎴ ᎯᎠ ᏂᎬᏩᏪᏎᎴᎢ, ᏌᏉ ᎬᏪᏒᏛ, ᏥᎪ ᎠᏴ? ᏅᏩᏓᎴᏃ, ᏥᎪ ᎠᏴ? ᎠᏗᏍᎨᎢ.
20. ᎤᏁᏨᏃ ᎯᎠ ᏂᏚᏪᏎᎴᎢ, ᎠᏏᏴᏫ ᏔᎳᏚ ᎢᏥᏛ ᎨᏒ ᎾᏍᎩ ᎢᏧᎳᎭ ᎠᏖᎵᏙᎩᎯ ᏦᏍᏓᏑᏩᏍᎦ.
21. ᏴᏫ ᎤᏪᏥ ᎤᏙᎯᏳᎯ ᎤᏪᏅᏍᏗ ᎾᏍᎩᏯ ᏂᎬᏅ ᎪᏪᎸ ᎠᏥᏃᎮᏍᎬᎢ; ᎠᏎᏃ ᎤᏲᎢᏳ ᎢᏳᎵᏍᏓᏁᏗ ᎾᏍᎩ ᎠᏍᎦᏯ ᏴᏫ ᎤᏪᏥ ᎠᏡᏗᏍᎩ! ᎣᏏᏳ ᏱᎨᏎ ᎢᏳᏃ ᎾᏍᎩ ᎠᏍᎦᏯ ᏄᏕᏅᎾᏉ ᏱᎨᏎᎢ.
22. ᎠᎾᎵᏍᏓᏴᎲᏍᎬᏃ ᏥᏌ ᎦᏚ ᎤᎩᏒ, ᎠᎴ ᎤᎵᎮᎵᏨ, ᎤᎬᎭᎷᏰᎢ, ᎠᎴ ᏚᏁᎴᎢ, ᎠᎴ ᎯᎠ ᏄᏪᏎᎢ, ᎢᏥᎩ, ᎢᏥᎦ; ᎯᎠ ᎾᏍᎩ ᎠᏴ ᏥᏰᎸᎢ.
23. ᎠᎴ ᎤᎵᏍᏈᏗ ᎤᎩᏒ, ᎠᎴ ᎤᎵᎮᎵᏨ, ᎾᏍᎩ ᏚᏁᎴᎢ; ᏂᎦᏛᏃ ᎾᏍᎩ ᎤᎾᏗᏔᎮᎢ.
24. ᎯᎠᏃ ᏂᏚᏪᏎᎴᎢ, ᎯᎠ ᎾᏍᎩ ᎠᏴ ᎠᎩᎩᎬ ᎢᏨ ᎧᏃᎮᏛ ᏓᏠᎯᏍᏛᎢ, ᎾᏍᎩ ᎤᏂᏣᏘ ᏥᎨᎦᏤᏪᎸ.
25. ᎤᏙᎯᏳᎯᏯ ᎯᎠ ᏂᏨᏪᏎᎭ, ᎥᏝ ᎿᎭᏉ ᎢᎸᎯᏳ ᏴᎦᎦᏗᏔ ᏖᎸᎳᏗ ᎤᎾᏄᎪᏫᏒᎯ, ᎬᏂ ᎾᎯᏳ ᎢᎦ ᎢᏤ ᎦᏗᏔᎲᎭ ᎤᏁᎳᏅᎯ ᎤᏤᎵᎪᎯ.
26. ᏚᏂᏃᎩᏒᏃ, ᎤᏂᏄᎪᏤ ᎣᎵᏩᏲ ᎣᏓᎸ ᏭᏂᎶᏎᎢ.
27. ᏥᏌᏃ ᎯᎠ ᏂᏚᏪᏎᎴᎢ, ᏂᏥᎥ ᏂᎯ ᏙᏓᏦᏕᎵ ᎪᎯ ᏒᏃᏱ ᏥᎩ, ᎠᏴ ᎨᏒ ᏅᏗᎦᎵᏍᏙᏗᏍᎨᏍᏗ; ᎯᎠᏰᏃ ᏂᎬᏅᎢᎪᏪᎳ, ᎠᏫ ᏗᎦᏘᏯ ᏓᏥᏴᏂᎵ, ᎤᏂᏃᏕᎾᏃ ᏛᎾᏗᎦᎴᏲᏥ.
28. ᎠᏎᏃ ᎿᎭᏉ ᏗᏆᎴᏅᎯ ᎨᏎᏍᏗ, ᎢᎬᏱ ᏓᏨᏰᏅᎡᎵ ᎨᎵᎵ ᎢᏴᏛ.
29. ᎠᏎᏃ ᏈᏓ ᎯᎠ ᏄᏪᏎᎴᎢ, ᎾᏍᏉ ᏂᎦᏛ ᏱᏚᏃᏕᏍᏔᏅ, ᎠᏴ ᎠᏎ ᎥᏝ.
30. ᏥᏌᏃ ᎯᎠ ᏄᏪᏎᎴᎢ, ᎤᏙᎯᏳᎯᏯ ᎯᎠ ᏂᎬᏪᏎᎭ, ᎾᏍᎩ ᎪᎯ ᎢᎦ, ᎠᎴ ᎪᎯᏉ ᏒᏃᏱ, ᎠᏏ ᏔᎵᏁ ᎾᏂᏴᎬᎾ ᏣᏔᎦ, ᏦᎢ ᏅᏓᏍᏆᏓᏱᎵ.
31. ᎠᏎᏃ ᎤᏟ ᎤᎵᏂᎩᏛ ᎤᏁᏤ ᎯᎠ ᏄᏪᏎᎢ, ᎢᏳᏃ ᎾᏍᏉ ᎢᏧᎳᎭ ᏗᎩᏂᏲᎱᎯᏍᏗ ᏱᎩ, ᎠᏎ ᎥᏝ ᏴᎦᎬᏯᏓᏱᎦ. ᎾᏍᎩᏯ ᎾᏍᏉ ᏄᏂᏪᏎ ᏂᎦᏛ.
32. ᎨᏎᎻᏂᏃ ᏚᏙᎥ ᎤᏂᎷᏤᎢ; ᎯᎠᏃ ᏂᏚᏪᏎᎴ ᎬᏩᏍᏓᏩᏗᏙᎯ, ᎠᏂ ᎢᏥᏁᏍᏗ, ᏫᎦᏓᏙᎵᏍᏗᏍᎬ ᎢᎪᎯᏛ.
33. ᏚᏖᏅᏎᏃ ᏈᏓ ᎠᎴ ᏥᎻ ᎠᎴ ᏣᏂ, ᎠᎴ ᎤᎴᏅᎮ ᎤᏣᏘ ᎤᏕᏯᏔᏁᎴᎢ, ᎠᎴ ᎤᏣᏘ ᎡᎯᏍᏗ ᎤᏓᏅᏓᏕᎢ;
34. ᎠᎴ ᎯᎠ ᏂᏚᏪᏎᎴᎢ, ᎠᏆᏓᏅᏙ ᎤᏣᏘ ᎤᏕᏯᏔᏁᎭ ᎠᏲᎱᎯᏍᏗ ᎾᏍᎩᏯᎢ; ᎠᏂ ᎢᏥᏁᏍᏗ, ᎠᎴ ᎢᏥᏯᏫᏍᎨᏍᏗ.
35. ᎤᏍᏗᎩᏛᏃ ᎢᏴᏛ ᎢᎤᏪᏅ, ᎡᎳᏗ ᎤᏓᏅᏁᎢ, ᎠᎴ ᎤᏓᏙᎵᏍᏔᏁ, ᎤᏔᏲᎴᎢ, ᎾᏍᎩ ᏰᎵ ᎢᎬᏩᎵᏍᏙᏗ ᏱᎩ, ᎾᎯᏳ ᎨᏒ ᎤᎶᎯᏎᏗᏱᏉ.
36. ᎠᎴ ᎯᎠ ᏄᏪᏎᎢ, ᎠᏆ, ᎡᏙᏓ, ᏂᎯ, ᎨᏒ ᏰᎵᎦᏯᏉ ᎢᎨᏣᏛᏁᏗ ᏂᎦᎥᎢ; ᏍᎩᎲᏏᏉ ᎯᎠ ᎾᏍᎩ ᎤᎵᏍᏈᏗ; ᎥᏝᏍᎩᏂᏃᏅ ᎠᏴ ᎠᏆᏚᎵᏍᎬᎢ, ᏂᎯᏍᎩᏂ ᏣᏚᎵᏍᎬᎢ.
37. ᎢᎤᎷᏤᏃ ᎠᎴ ᏚᏩᏛᎮ ᎠᏂᎵᎾᎡᎢ, ᎠᎴ ᎯᎠ ᏄᏪᏎᎴ ᏈᏓ, ᏌᏩᏂ, ᎯᎵᎭᏉᏧ? ᏝᏍᎪ ᏑᏟᎶᏛᏉ ᎢᎪᎯᏛ ᎾᏍᏉ ᎨᏣᏯᏫᏍᏗ ᏱᎨᏎᎢ?
38. ᎢᏥᏯᏫᏍᎨᏍᏗ ᎠᎴ ᎢᏣᏓᏙᎵᏍᏗᏍᎨᏍᏗ ᎾᏍᎩ ᏞᏍᏗ ᎤᏓᎴᎾᏍᏗᏱ ᏫᏥᎾᏄᎪᏨᎩ; ᎠᏓᏅᏙ ᎤᏙᎯᏳᎯ ᎤᏛᏅᎢᏍᏗ, ᎤᏇᏓᎸᏍᎩᏂ ᎠᏩᎾᎦᎳᎯᏳ.
39. ᏔᎵᏁᏃ ᎢᏴᏛ ᏭᎶᏒ, ᎤᏓᏙᎵᏍᏔᏁᎢ, ᏄᏪᏒ ᎾᏍᎩᏯ ᏫᏄᏪᏎᎢ.
40. ᏗᎤᎷᏨᏃ ᏚᏩᏛᎮ ᏔᎵᏁ ᎠᏂᎵᎾᎡᎢ, ᏗᏂᎦᏙᎵᏰᏃ ᏗᎦᎨᏗᏳ ᎨᏎᎢ, ᎥᏝ ᎠᎴ ᏱᏂᎦᏔᎮ ᎢᏳᏂᏪᏍᏗᏱ ᎤᏂᏁᏤᏗᏱ.
41. ᏦᎢᏁᏃ ᏫᏚᎷᏤᎴᎢ, ᎠᎴ ᎯᎠ ᏂᏚᏪᏎᎴᎢ, ᎨᏥᎵᏁᏍᏗᏉ ᎿᎭᏉ, ᎠᎴ ᎢᏣᏣᏪᏐᎸᏍᏓ; ᎿᎭᏉ ᎦᎶᏐᎾ-ᎿᎭᏉ ᎠᏍᏆᎸ ᎾᎯᏳ ᎨᏒᎢ; ᎬᏂᏳᏉ ᏴᏫ ᎤᏪᏥ ᎠᏂᏍᎦᎾ ᏕᎨᏥᏲᎯᏏ.
42. ᏗᏣᎴᎲᎦ, ᎢᏕᎾ; ᎬᏂᏳᏉ ᎠᏆᏡᏗᏍᎩ ᎡᏍᎦᏂᏳ ᏓᏯᎢ.
43. ᎩᎳᏉᏃ ᎢᏴᏛ ᎠᏏᏉ ᎦᏪᏂᏍᎨᎢ, ᏧᎾᎸᎪᏤ, ᏧᏓᏏ, ᎠᏏᏴᏫ ᏔᎳᏚ ᎢᏯᏂᏛ ᎨᏒ, ᏓᏘᏁᎮ ᎤᏂᏣᏘ, ᎠᏰᎳᏍᏗ-ᏗᎦᏅᎯᏛ ᎠᎴ ᎠᏓ ᏗᏂᏁᎯ, ᏅᏓᎬᏩᏂᏅᏏᏛ ᏄᏂᎬᏫᏳᏒ ᎠᏥᎸ-ᎠᏁᎶᎯ, ᎠᎴ ᏗᏃᏪᎵᏍᎩ, ᎠᎴ ᏗᏂᎳᏫᎩ.
44. ᎤᏡᏗᏍᎩᏃ ᎬᏂᎨᏒ ᎢᏧᏩᏁᎸᎯ ᎨᏎ ᎤᎾᏙᎴᎰᎯᏍᏙᏗ, ᎯᎠ ᎢᏳᏪᏒᎯ ᎨᏎᎢ, ᎩᎶ ᏥᏯᏚᏣᎳᏅᎭ, ᎾᏍᎩ ᎨᏎᏍᏗ, ᏒᏥᏂᏴᎲᎭ, ᎡᏣᏘᎾᏫᏛᎲᎭ ᎬᏩᏚᏓᎴᏍᏗ ᏂᎨᏒᎾ ᏁᏨᏁᏍᏗ.
45. ᎤᎷᏨᏉᏃ ᎩᎳᏉ ᎢᏴᏛ ᏭᎷᏤᎴᎢ, ᎠᎴ ᎯᎠ ᏄᏪᏎᎢ, ᏗᏍᏇᏲᎲᏍᎩ, ᏗᏍᏇᏲᎲᏍᎩ; ᎠᎴ ᎤᏚᏣᎳᏁᎢ.
46. ᏕᎬᏩᏏᏔᏕᏃ, ᎠᎴ ᎬᏩᏂᏴᎮᎢ.
47. ᎠᏏᏴᏫᏃ ᎾᎥ ᎠᏂᏙᎿᎭᎢ, ᎠᏰᎳᏍᏗ-ᎦᏅᎯᏛ ᎤᎸᎮᎢ, ᎠᎴ ᏄᎬᏫᏳᏒ ᎠᏥᎸ-ᎨᎶᎯ ᎤᏅᏏᏓᏍᏗ ᎤᎷᏰ ᎠᎴ ᎤᎵᏍᏕᏍᏔᏁᎢ.
48. ᏥᏌᏃ ᎤᏁᏨ ᎯᎠ ᏂᏚᏪᏎᎴᎢ, ᏥᎪ ᎦᏃᏍᎩᏍᎩ ᏨᏤᏥᏂᏴᎯᏐ ᎾᏍᎩᏯ ᎢᏥᎷᎩ, ᏗᏥᏁᎯ ᎠᏰᎳᏍᏗ-ᏗᎦᏅᎯᏛ ᎠᎴ ᎠᏓ ᎠᏴ ᏍᎩᏂᏴᎰᎦ?
49. ᏂᏚᎩᏨᏂᏒ ᎢᏨᏰᎳᏗᏙᎲᎩ ᎤᏛᏅ-ᏗᎦᎳᏫᎢᏍᏗᏱ, ᏕᎦᏕᏲᎲᏍᎬᎩ, ᎠᎴ ᎥᏝ ᏱᏍᎩᏂᏴᎮᎢ; ᎤᏙᎯᏳᏗᏍᎩᏂᏃᏅ ᏂᎬᏅ ᎪᏪᎸᎢ.
50. ᏂᎦᏗᏳᏃ ᎬᏩᏕᏦᏁᎢ, ᎠᎴ ᎤᎾᎵᏎᎢ.
51. ᎩᎶᏃ ᎢᏳᏍᏗ ᎠᏫᏅ ᎤᏍᏓᏩᏛᏎᎢ, ᏙᎴᏛ ᎠᏄᏬ ᎤᏓᏇᏅᏕ ᎤᏰᎸᎭ ᎨᏒᎢ; ᎠᏂᏫᏅᏃ ᎬᏩᏂᏴᎮᎢ.
52. ᏙᎴᏛᏃ ᎠᏄᏬ ᎤᏂᏰᎢ, ᎠᎴ ᎤᏰᎸᎭ ᏚᎵᏘᎡᎴᎢ.
53. ᏥᏌᏃ ᏄᎬᏫᏳᏒ ᎠᏥᎸ-ᎨᎶᎯ ᏧᏬᎸ ᏭᎾᏘᏅᏍᏔᏁᎢ; ᎾᏍᎩᏃ ᏕᎬᏩᎳᏫᎡ ᏂᎦᏛ ᏄᏂᎬᏫᏳᏒ ᎠᏥᎸᎠᏁᎶᎯ, ᎠᎴ ᏗᏂᎳᏫᎩ, ᎠᎴ ᏗᏃᏪᎵᏍᎩ.
54. ᏈᏓᏃ Ꭸ ᎢᏴᏛ ᎤᏍᏓᏩᏗᏎᎢ, ᎾᏍᎩ ᏄᎬᏫᏳᏒ ᎠᏥᎸ-ᎨᎶᎯ ᏗᎦᏁᎸ ᏭᏴᎴᎢ, ᎤᏬᎴᏃ ᎨᏥᏅᏏᏓᏍᏗ ᎠᏂᏅᎢ, ᎠᎴ ᎪᏛ ᎤᎦᎾᏬᏍᎨᎢ.
55. ᏄᏂᎬᏫᏳᏒᏃ ᎠᏥᎸ-ᎠᏁᎶᎯ ᎠᎴ ᏂᎦᏛ ᏓᏂᎳᏫᎥ ᎤᏂᏲᎮ ᎤᏂᏃᎮᎸᎯ ᏥᏌ ᎤᏡᏗᏍᎩ, ᎾᏍᎩ ᎤᏂᎯᏍᏗᏱ, ᎤᎾᏠᏤᏃ.
56. ᎤᏂᏣᏖᏰᏃ ᎦᏰᎪᎩ ᎠᏂᏃᎮᏍᎩ ᎬᏩᏡᏗᏍᎨᎢ, ᎠᏎᏃ ᎠᏂᏃᎮᏍᎬ ᎥᏝ ᎤᏠᏱ ᏱᎨᏎᎢ.
57. ᏚᎾᎴᏁᏃ ᎩᎶ ᎢᏳᎾᏍᏗ ᎠᎴ ᎦᏰᎪᎩ ᎤᏂᏃᎮᎴ ᎬᏩᏡᏗᏍᎬᎢ, ᎯᎠ ᎾᏂᏪᏍᎨᎢ;
58. ᎣᎦᏛᎦᏅᎩ ᎯᎠ ᏂᎧᏪᏍᎬᎩ, ᏓᏥᏲᏍᏔᏂ ᎯᎠ ᎤᏛᏅ-ᏗᎦᎳᏫᎢᏍᏗᏱ, ᎾᏍᎩ ᏗᎪᏱ ᏗᎬᏔᏅᎯ ᎪᏢᏅᎯ, ᏦᎢᏉᏃ ᏧᏒᎯᏛ ᏛᏥᏱᎵᏙᎵ ᏛᎦᏁᏍᎨᎯ ᏅᏩᏓᎴ ᏗᎪᏱ ᏗᎬᏔᏅᎯ ᏂᎨᏒᎾ.
59. ᎠᏎᏃ ᎾᏍᏉ ᎾᏍᎩ ᎤᏂᏃᎮᎸᎯ ᎥᏝ ᎤᏠᏱ ᏱᎨᏎᎢ.
60. ᏄᎬᏫᏳᏒᏃ ᎠᏥᎸ-ᎨᎶᎯ ᎠᏰᎵ ᎤᎴᏅ, ᎤᏛᏛᏁ ᏥᏌ, ᎯᎠ ᏁᏪᏎᎢ, ᏝᏍᎪ ᎪᎱᏍᏗ ᏯᏗᎭ? ᎦᏙ ᎾᏍᎩ ᎯᎠ ᏣᏂᏃᎮᎭ ᎨᏣᏡᏗᏍᎬᎢ?
61. ᎠᏎᏃ ᎡᎳᏪᏉ ᎤᏩᏎᎢ, ᎠᎴ ᎥᏝ ᎪᎱᏍᏗ ᏳᏛᏁ ᏨᏁᏤᎢ. ᏄᎬᏫᏳᏒᏃ ᎠᏥᎸ-ᎨᎶᎯ ᏔᎵᏁ ᎤᏛᏛᏁ, ᎠᎴ ᎯᎠ ᏄᏪᏎᎴᎢ, ᏂᎯᏍᎪ ᎦᎶᏁᏛ, ᎠᏥᎸᏉᏗ ᎤᏪᏥ?
62. ᏥᏌᏃ ᎯᎠ ᏄᏪᏎᎢ, ᎠᏴ ᎾᏍᎩ; ᎠᎴ ᏓᏰᏥᎪᎢ ᏴᏫ ᎤᏪᏥ ᎤᏬᎴᏍᏗ ᎠᎦᏘᏏ ᎢᏗᏢ ᎤᎵᏂᎩᏛ ᎨᏒᎢ, ᎠᎴ ᏣᎢᏎᏍᏗ ᎤᎶᎩᎸ ᎦᎸᎶᎢ.
63. ᏄᎬᏫᏳᏒᏃ ᎠᏥᎸ-ᎨᎶᎯ ᏚᏄᏩᎥ ᏚᏪᏣᎦᎸᎮᎢ, ᎯᎠ ᏄᏪᏎᎢ, ᎦᏙᏃ ᎠᏏ ᏱᏗᎦᏚᎵ ᎠᏂᏃᎮᏍᎩ?
64. ᎢᏣᏛᎬᎦ ᎠᏐᏢᎢᏍᏗᏍᎬᎢ; ᎦᏙ ᎢᏤᎵᎭ? ᏂᎦᏛᏃ ᏕᎬᏭᎪᏓᏁᎴ ᏰᎵᏉ ᎬᏩᏲᎱᎯᏍᏗ ᎨᏒᎢ.
65. ᎢᎦᏛᏃ ᎤᎾᎴᏅᎮ ᏕᎬᏩᎵᏥᏍᏆᏍᎨᎢ, ᎠᎴ ᎤᎧᏛ ᎬᏭᏢᏁᎮᎢ, ᎠᎴ ᎠᏍᏈᏅ ᏕᎬᏩᏂᏗᏍᎨᎢ, ᎠᎴ ᎯᎠ ᏂᎬᏩᏪᏎᎮᎢ, ᎭᏙᎴᎰᎯ; ᎠᎴ ᎨᏥᏅᏏᏓᏍᏗ ᏕᎬᏩᏂᎮᎢ.
66. ᏈᏓᏃ ᎡᎳᏗᏢ ᎾᎿᎭᎠᏓᏁᎸ ᎡᏙᎮᎢ, ᎤᎷᏤ ᎠᏏᏴᏫ ᎠᎨᏴ ᏄᎬᏫᏳᏒ ᎠᏥᎸ-ᎨᎶᎯ ᎤᏅᏏᏓᏍᏗ.
67. ᎾᏍᎩᏃ ᎤᎪᎲ ᏈᏓ ᎤᎦᎾᏬᏍᎬᎢ, ᏚᎧᎿᎭᏁᎢ, ᎠᎴ ᎯᎠ ᏄᏪᏎᎢ, ᏂᎯ ᎾᏍᏉ ᏥᏍᏕᏙᎲᎩ ᏥᏌ ᎾᏎᎵᏗ ᎡᎯ.
68. ᎠᏎᏃ ᎤᏓᏱᎴᎢ, ᎯᎠ ᏄᏪᏎᎢ, ᎥᏝ ᏱᏥᎦᏔᎭ, ᎥᏝ ᎠᎴ ᏱᎪᎵᎦ ᏂᏪᏍᎬᎢ. ᎤᏄᎪᏤᏃ ᏙᏱᏗᏢ ᏩᏲᏓᏝᎲ ᏭᎶᏎᎢ; ᏣᏔᎦᏃ ᎤᏴᎵᏎᎢ.
69. ᎠᏛᏃ ᏔᎵᏁ ᎤᎪᎮᎢ, ᎠᎴ ᎤᎴᏅᎮ ᎯᎠ ᏂᏚᏪᏎᎴ ᎾᎥ ᎠᏂᏙᎾᎢ, ᎯᎠ ᎾᏍᎩ ᎾᎿᎭᎨᎳ.
70. ᏔᎵᏁᏃ ᎤᏓᏱᎴᎢ. ᏂᎪᎯᎸᎾᏃ ᎣᏂ ᎾᏍᎩ ᎾᎥ ᎠᏂᏙᎾᎢ ᏔᎵᏁ ᎯᎠ ᏄᏂᏪᏎᎴ ᏈᏓ, ᎤᏙᎯᏳᎯ ᏂᎯ ᎾᎿᎭᎮᎳ; ᎨᎵᎵᏰᏃ ᎮᎯ, ᎠᎴ ᎪᏬᏂᏍᎬ ᎤᏠᏱ ᎢᎩ.
71. ᎠᏎᏃ ᎤᎴᏅᎮ ᎤᏍᎩᏅᏕ ᎠᎴ ᎤᏎᎵᏔᏁ ᎯᎠ ᏁᏪᏎᎢ, ᎥᏝ ᏱᏥᎦᏔᎭ Ꮎ ᎠᏍᎦᏯ ᎾᏍᎩ ᏤᏥᏃᎮᎭ.
72. ᏔᎵᏁᏃ ᎤᏴᎵᏎ ᏣᏔᎦ. ᏈᏓᏃ ᎤᏅᏓᏕ ᏥᏌ ᏄᏪᏒᎢ, ᎯᎠ ᏥᏄᏪᏎᎴᎢ, ᎠᏏ ᏣᏔᎦ ᏔᎵ ᏄᏴᎳᏒᎾ ᎨᏎᏍᏗ, ᏦᎢ ᏅᏓᏍᏆᏓᏱᎵ. ᎾᏍᎩᏃ ᎤᏓᏅᏖᎸ ᏚᏠᏱᎴᎢ.

== Mark 15 ==
1. ᎩᎳᏉᏃ ᎢᏴᏛ ᏭᎩᏨᏅ ᏄᏂᎬᏫᏳᏒ ᎠᏥᎸ-ᎠᏁᎶᎯ, ᎠᎴ ᏧᎾᏛᏐᏅᎯ, ᎠᎴ ᏗᏃᏪᎵᏍᎩ, ᎠᎴ ᏂᎦᏛ ᏗᏂᎳᏫᎩ ᎤᎾᎵᏃᎮᎸ ᎤᎾᎸᎴ ᏥᏌ, ᎠᎴ ᎤᎾᏘᎾᏫᏛᎮᎢ, ᎠᎴ ᏆᎴᏗ ᏫᏚᏂᏲᎯᏎᎴᎢ.
2. ᏆᎴᏗᏃ ᎤᏛᏛᏁ ᎯᎠ ᏄᏪᏎᎴᎢ, ᏂᎯᏍᎪ ᏣᎬᏫᏳᎯ ᎠᏂᏧᏏ ᎤᎾᏤᎵᎦ? ᎤᏁᏨᏃ ᎯᎠ ᏄᏪᏎᎴᎢ, ᏰᎵᏉ ᏂᏫ.
3. ᏄᏂᎬᏫᏳᏒᏃ ᎠᏥᎸ-ᎠᏁᎶᎯ ᎤᏣᏖ ᏧᏓᎴᏅᏛ ᎬᏭᎯᏍᏗᏍᎨᎢ.
4. ᏆᎴᏗᏃ ᏔᎵᏁ ᎤᏛᏛᏁ ᎯᎠ ᏄᏪᏎᎢ; ᏝᏍᎪ ᎪᎱᏍᏗ ᏯᏗᎭ? ᎬᏂᏳᏉ ᎤᏣᏘ ᏧᏓᎴᏅᏛ ᎠᏂᏃᎮᎭ ᎨᏣᏡᏗᎭ.
5. ᎠᏎᏃ ᏥᏌ ᎠᏏ ᎥᏝ ᎪᎱᏍᏗ ᏯᏗᏍᎨᎢ; ᎾᏍᎩ ᎢᏳᏍᏗ ᏆᎴᏗ ᎤᏍᏆᏂᎪᏎᎢ.
6. ᏓᎾᎵᏍᏓᏴᎲᏍᎬᏃ ᎢᏳᎢ ᏓᏲᎯᏎᎮ ᎠᏏᏴᏫ ᎠᏴᎩ, ᎾᏍᎩᏉ ᎠᏂᏔᏲᎭ.
7. ᎠᏏᏴᏫᏃ ᎡᎮ ᏆᎳᏆ ᏧᏙᎢᏛ ᎾᏍᎩ ᎢᏧᎳᎭ ᏕᎨᎦᎸᎡ ᎬᏩᎵᎪᏁᎸᎯ ᎤᎾᏓᏑᏰᏛ ᎤᎾᎵᏖᎸᏅᎯ, ᎾᏍᎩ ᎤᎾᏓᎸᎯ ᎨᏎ ᎾᎯᏳ ᎤᎾᏓᏑᏰᏛ ᎤᎾᎵᏖᎸᏅᎢ.
8. ᎤᏂᏣᏘᏃ ᎠᏍᏓᏯ ᎤᎾᎵᏍᏕᎢ, ᎤᎾᎴᏅᎮ ᎤᏂᏔᏲᎴ ᎾᏍᎩᏯ ᏂᏚᏛᏁᎸ ᏧᏩᎫᏔᏅᏒ ᎢᏧᏛᏁᏗᏱ.
9. ᏆᎴᏗᏃ ᏚᏁᏤᎴ ᎯᎠ ᏄᏪᏎᎢ, ᎢᏣᏚᎵᏍᎪ ᎤᎬᏫᏳᎯ ᎠᏂᏧᏏ ᎤᎾᏤᎵᎦ ᏗᏳᏲᎯᏎᏗᏱ.
10. ᎠᎦᏔᎮᏰᏃ ᎾᏍᎩ ᏄᏂᎬᏫᏳᏒ ᎠᏥᎸ-ᎠᏁᎶᎯ ᎠᏅᏳᏤᎲᏉ ᏅᏗᎦᎵᏍᏙᏗᏍᎬ ᏕᎬᏩᏲᏒᎢ.
11. ᎠᏎᏃ ᏄᏂᎬᏳᏒ ᎠᏥᎸ-ᎠᏁᎶᎯ ᏄᏅᏂᏌᏁ ᎤᏂᏣᏘ ᏴᏫ, ᎾᏍᎩ ᏆᎳᏆ ᎤᏂᏔᏲᏍᏗᏱ ᏧᏲᎯᏎᏗᏱ.
12. ᏆᎴᏗᏃ ᏔᎵᏁ ᎤᏁᏨ, ᎯᎠ ᏂᏚᏪᏎᎴᎢ, ᎦᏙᏃ ᎢᏣᏚᎵ ᏥᏴᏁᏗᏱ ᎾᏍᎩ Ꮎ ᎤᎬᏫᏳᎯ ᎠᏂᏧᏏ ᎤᎾᏤᎵᎦ ᏤᏦᏎᎭ?
13. ᏔᎵᏁᏃ ᎤᏁᎷᏁᎢ ᎯᏯᏛᎥᎦ ᎤᎾᏛᏁᎢ.
14. ᏆᎴᏗᏃ ᎯᎠ ᏂᏚᏪᏎᎴᎢ, ᎦᏙᏃ, ᎦᏙ ᎤᏍᏗ ᎤᏲ ᏚᎸᏫᏍᏓᏁᎸ? ᎠᏎᏃ ᎤᏟᏉ ᎢᏯᏍᏓᏯ ᎤᏁᎷᏁᎢ, ᎯᏯᏛᎥᎦ, ᎤᎾᏛᏁᎢ.
15. ᏆᎴᏗᏃ ᎣᏏᏳ ᎤᏰᎸᏎ ᎣᏍᏛ ᏧᏓᏅᏓᏗᏍᏙᏗᏱ ᎤᏂᏣᏘ, ᏚᏲᎯᏎᎴ ᏆᎳᏆ, ᏥᏌᏃ ᎤᎵᎥᏂᎸ ᏚᏲᏎ ᎠᎦᏛᏗᏱ.
16. ᎠᏂᏯᏫᏍᎩᏃ ᎬᏩᏘᎾᏫᏛᎮ ᏫᎬᏩᏴᏔᏁ ᎤᎬᏫᏳᎯᏱ ᎠᏓᏁᎸᎢ ᎾᏍᎩ ᎤᎬᏫᏳᎯ ᏣᏥᎳᏫᏤᏗᏱ, ᏂᎦᏛᏃ ᏑᎾᏓᏡᎩ ᏫᏚᏂᏯᏅᎮᎢ.
17. ᎩᎦᎨᏃ ᎬᏩᏄᏪᎡᎢ, ᎠᎴ ᎠᎵᏍᏚᎶ ᏧᏣᏲᏍᏗ ᎪᏢᏔᏅᎯ ᎤᏂᏍᏕᏲᏅ, ᎾᏍᎩ ᎤᏂᏍᏚᎶᏔᏁᎢ.
18. ᎠᎴ ᎤᎾᎴᏅᎮ ᎠᏂᏲᎵᎮᎢ, ᎢᏨᏲᎵᎦ, ᏣᎬᏫᏳᎯ ᎠᏂᏧᏏ ᎤᎾᏤᎵᎦ, ᎠᎾᏗᏍᎨᎢ.
19. ᎠᏍᎪᎵᏃ ᏕᎬᏩᏂᎮ ᎦᎾᏍᏓ ᎬᏗ, ᎠᎴ ᏕᎬᏩᎵᏥᏍᏆᏍᎨᎢ, ᎠᎴ ᏓᎾᎵᏂᏆᏅᎥᏍᎨ ᎬᏩᏓᏙᎵᏍᏓᏁᎮᎢ.
20. ᎤᎾᏕᎰᏔᏃᏅᏃ, ᎬᏩᏄᏪᏎ ᎩᎦᎨᎢ, ᎠᎴ ᎤᏩᏒ ᏧᏄᏬ ᏕᎬᏩᏄᏬᎡᎢ, ᎠᎴ ᏫᎬᏩᏘᏅᏍᏔᏁ ᎬᏩᏛᏗᏱ.
21. ᎩᎶᏃ ᎢᏳᏍᏗ ᏌᏩᏂ ᏧᏙᎢᏛ ᏌᎵᏂ ᎡᎯ ᎠᎢᏎᎢ, ᏙᏗᎦᎶᎨᏒ ᏅᏓᏳᎶᏒᎯ, ᎾᏍᎩ ᎡᎵᎩ ᎠᎴ ᎷᏆᏏ ᎤᏂᏙᏓ, ᎾᏍᎩ ᎤᏤᎵ ᏧᏓᎿᎭᏩᏛ ᎤᏪᏅᏍᏗᏱ ᏄᏅᏁᎴᎢ.
22. ᎪᎵᎦᏓᏃ ᏚᏙᎥ ᏫᎬᏩᏘᏅᏔᏁᎢ, ᎾᏍᎩ ᎠᏁᏢᏔᏅᎯ ᎨᏒ ᎤᏍᏆᎷᎪ ᎦᏛᎦ.
23. ᎬᏩᏁᏁᎴᏃ ᎤᏗᏔᏍᏗ ᎩᎦᎨᎠᏗᏔᏍᏗ ᎻᎳ ᎠᏑᎵ; ᎠᏎᏃ ᎥᏝ ᏳᏁᎩᏎᎢ.
24. ᎿᎭᏉᏃ ᏓᏓᎿᎭᏩᏍᏛ ᎬᏩᏛᏅ ᎤᏂᏯᏙᎴ ᏧᏄᏬᎢ, ᎤᎾᏎᏒᎮ ᎤᎾᏙᎴᎰᎯᏍᏗᏱ ᎾᏍᎩ ᎠᏂᏏᏴᏫᎭ ᏧᏂᏁᏒᏍᏗ ᎨᏒᎢ.
25. ᏐᎣᏁᎳᏃ ᎢᏳᏟᎶᏛ ᎧᎳᏩᏗᏒ ᎨᏎᎢ, ᎠᎴ ᎬᏩᏛᏁᎢ.
26. ᎦᎸᎳᏗᏢᏃ ᎪᏪᎴ ᏄᏍᏛ ᎠᎫᎢᏍᏛᎢ, ᎯᎠ ᏂᎬᏁᎢ, ᎤᎬᏫᏳᎯ ᎠᏂᏧᏏ ᎤᎾᏤᎵᎦ.
27. ᎢᏧᎳᎭᏃ ᏕᎨᎦᏛᏁ ᎠᏂᏔᎵ ᏗᎾᏓᎾᏌᎲᏍᎩ; ᎠᏏᏴᏫ ᎠᎦᏘᏏᏗᏢ, ᏐᎢᏃ ᎠᎦᏍᎦᏂ ᎢᏗᏢ.
28. ᎪᏪᎸᏃ ᎤᏙᎯᏳᏁᎢ, ᎯᎠ ᏥᏂᎦᏪᎭ, ᎤᏂᏍᎦᏅᏨᎯ ᎨᎦᏎᎸ ᎠᎦᏠᏯᏍᏔᏅᎩ.
29. ᎠᏂᎶᏍᎩᏃ ᎦᎬᏩᏐᏢᏗᏍᎨᎢ, ᎠᎴ ᏓᎾᎵᏍᏛᏂᎮ ᎯᎠ ᎾᏂᏪᏍᎨᎢ, Ᏺ, ᎤᏛᏅ-ᏗᎦᎳᏫᎢᏍᏗᏱ ᎯᏲᏍᏗᏍᎩ, ᎠᎴ ᏦᎢᏉᏉ ᎢᎦ ᎯᏱᎵᏙᎯ ᎭᏁᏍᎨᏍᎩ,
30. ᏨᏒ ᎭᎵᏍᏕᎸ, ᎠᎴ ᎡᎭᏠᎠᎯ ᏓᏓᎿᎭᏩᏍᏛᎢ.
31. ᎾᏍᎩᏯ ᎾᏍᏉ ᏄᏂᎬᏫᏳᏒ ᎠᏥᎸ ᎠᏁᎶᎯ ᎠᎴ ᏗᏃᏪᎵᏍᎩ ᎬᏩᏕᎰᏗᏍᎬ, ᎯᎠ ᏂᏓᎾᏓᏪᏎᎮᎢ, ᏅᏩᎾᏓᎴ ᏓᏍᏕᎵᏍᎬᎩ; ᎤᏩᏒ ᎥᏝ ᏴᎬᎵᏍᏕᎸ.
32. ᎦᎶᏁᏛ ᎤᎬᏫᏳᎯ ᎢᏏᎵ ᎤᎾᏤᎵᎦ ᎿᎭᏉ ᏩᏠᎠᎯ ᏓᏓᎿᎭᏩᏍᏛᎢ, ᎾᏍᎩ ᎣᎩᎪᏩᏛᏗᏱ ᎠᎴ ᎣᎪᎯᏳᏗᏱ. ᎠᎴ ᎾᏍᎩ ᎢᏧᎳᎭ ᏗᎨᎦᏛᏅᎯ ᎦᎬᏩᏐᏢᏕᎢ.
33. ᏔᎳᏚᏃ ᎢᏳᏟᎶᏛ ᎤᎵᏰᎢᎶᎸ ᎤᎵᏏᎲᏎ ᏂᎬᎾᏛ ᎾᎿᎭᎦᏙᎯ, ᏦᎢ ᎢᏳᏟᎶᏛ ᎢᏯᏍᏘ.
34. ᏦᎢᏁ ᎢᏳᏟᎶᏛ ᎤᎵᏰᎢᎶᎸ ᏥᏌ ᎠᏍᏓᏯ ᎤᏪᎷᏁᎢ, ᎯᎠ ᏄᏪᏎᎢ, ᎢᎶᎢ, ᎢᎶᎢ, ᎳᎹ ᏌᏆᏓᏂ? ᎾᏍᎩ ᎠᏁᏢᏔᏅᎯ ᎯᎠ ᏄᏍᏗ ᎦᏛᎦ, ᎠᏆᏁᎳᏅᎯ, ᎠᏆᏁᎳᏅᎯ, ᎦᏙᏃ ᎥᏍᏋᏕᎩ?
35. ᎢᎦᏛᏃ ᎾᎥ ᎠᏂᏙᎾᎢ ᎤᎾᏛᎦᏅ, ᎯᎠ ᏄᏂᏪᏎᎢ, ᎬᏂᏳᏉ, ᎢᎳᏯ ᎠᏯᏂᎭ.
36. ᎠᏎᏴᏫᏃ ᏚᏍᏆᎸᏔᏅ, ᎠᎴ ᏚᏬᎵ ᏧᏂᏦᏯᏍᏗ ᏭᎧᎵᎢᏍᏔᏅ, ᎠᎴ ᎦᎾᏍᏙᎯ ᎤᏪᏆᏔᏅ, ᎤᏁᏁᎸ ᎤᏗᏔᏍᏗ; ᎯᎠ ᏄᏪᏎᎢ, ᎤᏁᎳᎩ, ᎢᏓᏙᎴᎰᎯ, ᏥᎪᏃ ᎢᎳᏯ ᏓᎦᎷᏥ ᏓᏳᏠᎥᏔᏂᎵ.
37. ᏥᏌᏃ ᎠᏍᏓᏯ ᎤᏪᎷᏅ, ᎤᎵᏍᏆᏕᎴᎢ.
38. ᎠᏰᏙᎳᏛᏗᏃ ᎤᏛᏅ-ᏗᎦᎳᏫᎢᏍᏗᏱ ᎦᏛ ᎤᏓᏣᎦᎸᎮ ᏔᎵ ᏄᏓᏕᎢ, ᎦᎸᎳᏗ ᏅᏓᏳᏓᎴᏅᏛ ᎡᎳᏗ ᏩᏍᏗ.
39. ᎠᏍᎪᎯᏧᏈᏃ ᏗᏘᏂᏙᎯ ᎠᎢᏗᏢ ᏧᏳᎪᏗ ᎦᏙᎩ, ᎤᏙᎴᎰᏒ ᎾᏍᎩ ᎤᏪᎷᏅᎢ, ᎠᎴ ᎤᎵᏍᏆᏕᎸᎢ, ᎯᎠ ᏄᏪᏎᎢ, ᎤᏙᎯᏳᎯ ᎯᎠ ᎠᏍᎦᏯ ᎤᏁᎳᏅᎯ ᎤᏪᏥ ᎨᏎᎢ.
40. ᎠᏂᎨᏴᏃ ᎾᏍᏉ Ꭸ ᎢᏴᏛ ᏙᏗᏂᎧᏁᎢ; ᎾᎿᎭᏃ ᎠᏁᎴ ᎺᎵ ᏑᎩᏕᎵ ᎡᎯ, ᎠᎴ ᎺᎵ ᏥᎻ ᎤᏍᏗ ᎠᎴ ᏦᏏ ᎤᏂᏥᎢ, ᎠᎴ ᏌᎶᎻ.
41. ᎾᏍᎩ ᎾᏍᏉ ᎨᎵᎵ ᏤᏙᎮ ᎬᏩᏍᏓᏩᏗᏙᎮ ᎠᎴ ᎬᏩᏍᏕᎸᎯᏙᎮᎢ; ᎠᎴ ᎤᏂᏣᏖ ᏅᏩᎾᏓᎴ ᎠᏂᎨᏴ ᏥᎷᏏᎵᎻ ᏅᏓᎬᏩᏍᏓᏩᏙᎸᎯ.
42. ᎿᎭᏉᏃ ᎤᏒ ᏄᎵᏍᏔᏅ, ᎾᏍᎩ ᎠᏛᏅᎢᏍᏙᏗᏱ ᎨᏒ ᎢᏳᏍᏗ, ᎾᏍᎩ ᎤᎾᏙᏓᏈᏕᎾ ᎢᎦ ᎨᏒᎢ.
43. ᏦᏩ ᎠᎵᎹᏗᏱ ᎡᎯ ᎠᏥᎸᏉᏗ ᏗᎦᎳᏫᎩ, ᎾᏍᎩ ᎾᏍᏉ ᎠᎦᏘᏰ ᎤᏁᎳᏅᎯ ᎤᎬᏫᏳᎯ ᎨᏒ ᎤᎷᎯᏍᏗᏱ, ᎾᏍᎩ ᎤᎷᏤᎢ, ᎠᎴ ᎾᏍᎦᎢᎲᎾ ᏭᏴᎴ ᏆᎴᏗᏱ, ᎠᎴ ᎤᏔᏲᎴ ᏥᏌ ᎠᏰᎸᎢ.
44. ᏆᎴᏗᏃ ᎤᏍᏆᏏᎪᏎ ᎤᏜᏓᏏᏛᎡᎮ ᎾᏞᎬ ᎤᏲᎱᏒᎢ; ᏭᏯᏅᎲᏃ ᎠᏍᎪᎯᏧᏈ ᏗᏘᏂᏙᎯ, ᎤᏛᏛᏁ, ᏰᎵᏍᎪ ᎪᎯᎩ ᎬᏩᏲᎱᏒᎯ, ᎤᏛᏁᎢ.
45. ᎬᏂᎨᏒᏃ ᏄᏩᏁᎸ ᎠᏍᎪᎯᏧᏈ ᏗᏘᏂᏙᎯ, ᏦᏩ ᏚᏲᎯᏎᎴ ᎠᏰᎸᎢ.
46. ᎤᏩᏒᏃ ᎤᏏᏙᎵ ᏙᎴᏛ ᎠᏄᏬ, ᎠᎴ ᎤᏕᏒ ᎠᏰᎸᎢ, ᎠᎴ ᎠᏄᏬᎩᎯ ᏙᎴᏛ ᎤᏪᏣᏄᎳᏅ, ᎠᏤᎵᏍᏛ ᎤᏅᏁ ᎾᏍᎩ ᏅᏲᎯ ᎠᏍᎪᏒᎢ, ᎠᎴ ᏅᏯ ᎤᏪᏌᏆᎴᎴᎢ ᎠᏤᎵᏍᏛ ᎦᎶᎯᏍᏗᏱ ᎤᏁᎢ.
47. ᎺᎵᏃ ᎹᎩᏕᎵ ᎡᎯ, ᎠᎴ ᎺᎵ ᏦᏏ ᎤᏥ ᎤᏂᎪᎮ ᎾᎿᎭᎤᏂᏅᏅᎢ.

== Mark 16 ==
1. ᎤᎾᏙᏓᏆᏍᎬᏃ ᎤᎶᏐᏅ, ᎺᎵ ᎹᎩᏕᎵ ᎡᎯ, ᎠᎴ ᎺᎵ ᏥᎻ ᎤᏥ ᎠᎴ ᏌᎶᎻ ᎤᏂᏩᏒᎯ ᎨᏎ ᎤᎦᎾᏍᏛ ᎦᏩᏒᎩ, ᎤᏂᎷᎯᏍᏗᏱ ᎤᏂᏰᎸᏎ ᎠᎴ ᎬᏩᎶᏁᏗᏱ.
2. ᏑᎾᎴᎢᏳᏃ ᎢᎬᏱᏱ ᎢᎦ ᏑᎾᏙᏓᏆᏍᏗ ᎨᏒᎢ, ᎤᏂᎷᏤ ᎠᏤᎵᏍᏛ ᏨᏗᎧᎸᎪᏉ.
3. ᎯᎠᏃ ᏂᏚᎾᏓᏪᏎᎴᎢ, ᎦᎪ ᏓᎩᎲᎡᎵ ᏅᏯ ᎠᏤᎵᏍᏛ ᎦᎶᎯᏍᏗᏱ ᎠᎲᎢ?
4. ᏫᏚᎾᎧᎿᎭᏅᏃ ᎤᏂᎪᎮ ᏅᏯ ᎠᎲᏛ ᎨᏒᎢ, ᎤᏣᏘᏰᏃ ᎡᏉᎯᏳ ᎨᏎᎢ.
5. ᏭᏂᏴᎸᏃ ᎠᏤᎵᏍᏛᎢ, ᎤᏂᎪᎮ ᎠᏫᏴ ᎠᎦᏘᏏᏗᏢ ᎤᏬᎴᎢ, ᎤᏄᏪ ᎦᏅᎯᏛ ᎤᏁᎬ ᎠᏄᏬ; ᎠᏂᏍᎦᎢᎮᏃ.
6. ᎯᎠᏃ ᏂᏚᏪᏎᎴᎢ, ᏞᏍᏗ ᏱᏥᏍᎦᎢᎮᏍᏗ; ᏥᏌ ᎾᏎᎵᏗ ᎡᎯ ᎡᏥᏲᎭ, ᎾᏍᎩ ᏣᎦᏛᎥᏍᎬᎩ; ᏚᎴᎯᏌᏅ; ᎥᏝ ᎠᏂ ᏱᎦᏅ; ᏗᏣᎧᏅᎦ Ꭰ ᎤᏂᏅᏅᎢ.
7. ᎠᏎᏃ ᏥᏤᎾ, ᎠᎴ ᏫᏗᏥᏃᎲᏏ ᎬᏩᏍᏓᏩᏗᏙᎯ ᎠᎴ ᏈᏓ ᎾᏍᎩ ᎢᎬᏱ ᏫᏚᎶᎯᏎᏗᏱ ᎨᎵᎵ; ᎾᎿᎭᏓᏰᏥᎪᎢ, ᎾᏍᎩᏯ ᏂᏥᏪᏎᎸᎢ.
8. ᎤᎵᏍᏗᏃ ᎤᏂᏄᎪᏨ ᏚᎾᎵᏖᏎ ᎠᏤᎵᏍᏛᎢ; ᏚᏂᎾᏫᏍᎨᏰᏃ ᎠᎴ ᎤᏂᏍᏆᏂᎪᏍᎨᎢ; ᎥᏝ ᎠᎴ ᎩᎶ ᎪᎱᏍᏗ ᏳᏃᏎᎴᎢ; ᎠᏂᏍᎦᎢᎮᏰᏃ.
9. ᏥᏌᏃ ᏚᎴᎯᏌᏅ ᏑᎾᎴᎢᏳ ᎢᎬᏱᏱ ᎢᎦ ᏑᎾᏙᏓᏆᏍᏗ ᎨᏒᎢ, ᎢᎬᏱ ᎬᏂᎨᏒ ᏄᏛᏁᎴ ᎺᎵ ᎹᎩᏕᎵ ᎡᎯ, ᎾᏍᎩ ᎦᎵᏉᎩ ᎠᏂᏍᎩᎾ ᏥᏚᏄᎪᏫᏎᎴᎢ.
10. ᎾᏍᎩᏃ ᎤᏪᏅ ᎤᏁᏙᎸᎯ ᏫᏚᏃᏁᎴ ᎤᏲ ᏚᎾᏓᏅᏛᎢ ᎠᎴ ᏓᎾᏠᏱᎲᎢ.
11. ᎾᏍᎩᏃ ᎤᎾᏛᎦᏅ ᎬᏅᎢ, ᎠᎴ ᎾᏍᎩ ᎤᎪᎲᎢ, ᎥᏝ ᏳᏃᎯᏳᏁᎢ.
12. ᎣᏂᏃ ᏅᏩᏓᎴ ᏄᏍᏕ ᎬᏂᎨᏒ ᏂᏚᏛᏁᎴ ᎠᏂᏔᎵ ᎾᎿᎭᎠᏁᎳ ᎠᎾᎢᏎᎢ, ᏙᏗᎦᎶᎨᏒ ᏩᏂᎦᏖᎢ.
13. ᎾᏍᎩᏃ ᎤᏁᏅ ᏫᏚᏂᏃᏁᎴ ᎠᏂᏐᎢ; ᎾᏍᏉ ᎥᏝ ᏱᏚᏃᎯᏳᏁ ᎾᏍᎩ.
14. ᎣᏂᏃ ᎬᏂᎨᏒ ᏂᏚᏛᏁᎴ ᏌᏚ ᎢᏯᏂᏛ ᎠᎾᎵᏍᏓᏴᎲᏍᎬᎢ, ᎠᎴ ᏚᎬᏍᎪᎸᏁ ᏂᎦᎵᏍᏙᏗᏍᎨ ᏄᏃᎯᏳᏒᎾ ᎨᏒ ᎠᎴ ᏗᏍᏓᏱᏳ ᎨᏒ ᏧᏂᎾᏫ, ᏂᏚᏃᎯᏳᏅᎾ ᎨᏒ ᎢᏳᏍᏗ ᎾᏍᎩ ᎬᏩᎪᎲᎯ ᏧᎴᎯᏌᏅᎯ ᏂᎨᏎᎢ.
15. ᎯᎠᏃ ᏂᏚᏪᏎᎴᎢ, ᎢᏤᏙᎾ ᎡᎶᎯ ᏂᎬᎾᏛᎢ, ᎠᎴ ᏫᏗᏣᎵᏥᏙᎲᏏ ᎣᏍᏛ ᎧᏃᎮᏛ ᎾᏂᎥ ᎨᎪᏢᏅᎯ.
16. ᎩᎶ ᎪᎯᏳᎲᏍᎨᏍᏗ ᎠᎴ ᎠᎦᏬᏍᎨᏍᏗ ᎠᏥᏍᏕᎸᏗ ᎨᏎᏍᏗ; ᏂᎪᎯᏳᎲᏍᎬᎾᏍᎩᏂ ᏣᎫᎪᏓᏁᏗ ᎨᏎᏍᏗ.
17. ᎯᎠᏃ ᎾᏍᎩ ᎤᏰᎸᏛ ᏗᎪᎵᏍᏙᏗ ᏔᎵ ᏚᏛᏗᏕᎨᏍᏗ ᎠᏃᎯᏳᎲᏍᎩ; ᎠᏴ ᏓᏆᏙᎥ ᎠᏅᏗᏍᎨᏍᏗ ᎠᏂᏍᎩᎾ ᏓᏂᏄᎪᏫᏍᎨᏍᏗ; ᏅᏩᎾᏓᎴ ᏧᏂᏬᏂᎯᏍᏗ ᏓᏂᏬᏂᏍᎨᏍᏗ;
18. ᎢᎾᏛ ᏓᏂᏁᏍᎨᏍᏗ; ᎢᏳ ᎠᎴ ᎪᎱᏍᏗ ᎠᏓᎯᎯ ᏳᎾᏗᏔᎲ, ᎥᏝ ᎪᎱᏍᏗ ᏳᏅᏁᎮᏍᏗ; ᏧᏂᏢᎩ ᏓᎾᏏᏔᏗᏍᎨᏍᏗ, ᎠᎴ ᏚᎾᏗᏩᏍᎨᏍᏗ.
19. ᎾᏍᎩᏃ ᎤᎬᏫᏳᎯ ᏚᏬᏁᏔᏅ, ᎦᎸᎳᏗ ᏙᏣᏕᏓᏂᎸᏤᎢ, ᎠᎴ ᎠᎦᏘᏏ ᎢᏗᏢ ᎤᏁᎳᏅᎯ ᎤᏬᎸ ᎤᏪᏁᎢ.
20. ᎤᏁᏅᏎᏃ ᎠᎴ ᏂᎬᎾᏛ ᎤᎾᎵᏥᏙᏂᏙᎴᎢ, ᎤᎬᏫᏳᎯ ᏔᎵ ᎤᏛᏗᏕᎨ ᏚᏂᎸᏫᏍᏓᏁᎲᎢ, ᎠᎴ ᎠᏂᏁᎬ ᎠᏍᏓᏱᏗᏍᏗᏍᎨ ᎤᏰᎸᏛ ᎤᎵᏠᏯᏍᏗᏕᎬᎢ. ᎡᎺᏅ.

== Luke 1 ==
1. ᎾᏍᎩᏃ ᎠᏂᎪᏗᏳ ᏧᎾᏁᎶᏔᏅ ᎬᏂᎨᏒ ᎢᏳᏅᏁᏗᏱ ᎧᏃᎲᏍᎩ ᏧᏓᎴᏅᏛ ᏄᎵᏍᏔᏂᏙᎸ ᎾᏍᎩ ᎤᏙᎯᏳᎯᏯ ᏦᎪᎯᏳᎭ,
2. ᎾᏍᎩᏯ ᏂᎪᎩᏪᏎᎸ ᎾᏍᎩ ᏗᏓᎴᏂᏍᎬ ᏅᏓᎬᏩᏓᎴᏅᏛ ᎤᏅᏒ ᎤᏂᎪᎯᏙᎸᎯ, ᎠᎴ ᎧᏃᎮᏛ ᎤᎾᎵᏥᏙᏅᎯ ᎨᏒᎢ—
3. ᎾᏍᏉ ᎠᏴ ᎣᏏᏳ ᎠᎩᏰᎸᏅ ᏫᎬᏲᏪᎳᏁᏗᏱ ᎣᏍᏛ ᎠᎩᏰᎢᎸᏍᏗᏱ, ᏂᎯ ᎡᏣᎸᏉᏗ ᏗᎣᏈᎵ, ᎠᎩᏍᏆᏂᏰᏛᏰᏃ ᏂᎦᏛ ᎯᎠ ᏧᏓᎴᏅᏛ ᏗᏓᎴᏂᏍᎬ ᏅᏓᎬᏩᏓᎴᏅᏛ,
4. ᎾᏍᎩ ᏣᎦᏙᎥᎯᏍᏗᏱ ᎤᏙᎯᏳᎯᏯ ᎨᏒ ᎾᏍᎩ ᎾᎿᎭᏧᏓᎴᏅᏛ ᎡᏤᏲᏅᎢ.
5. ᎾᎯᏳ ᎡᎶᏛ ᎤᎬᏫᏳᎯ ᎨᏎ ᏧᏗᏱ, ᎩᎶ ᎢᏳᏍᏗ ᎡᎮ ᎠᏥᎸ-ᎨᎶᎯ ᏤᎦᎳᏯ ᏧᏙᎢᏛ, ᎾᏍᎩ ᎡᏆᏯ ᎠᎦᏘᏅᏔᏅ ᎨᎳ ᎨᏎᎢ, ᎤᏓᎵᎢᏃ ᎡᎳᏂ ᏧᏪᏥᏛᎯ ᎨᏒ ᏅᏓᏳᏓᎴᏅᎯ ᎨᏎᎢ, ᎠᎴ ᎵᏏ ᏚᏙᎡᎢ.
6. ᎠᎴ ᎢᏧᎳ ᏚᏳᎪᏛ ᏧᏂᎸᏫᏍᏓᏁᎯ ᎨᏎ ᎤᏁᎳᏅᎯ ᏙᏗᎧᏅᎢ, ᏓᏂᎧᎿᎭᏩᏗᏎ ᏂᎦᏛ ᏗᎧᎿᎭᏩᏛᏍᏗ ᎠᎴ ᎤᎵᏁᏨ ᎢᏯᏛᏁᎵᏓᏍᏗ ᎨᏒ ᏱᎰᏩ ᏧᏤᎵᎦ, ᎤᏐᏅ ᏂᎨᏥᎳᎾᏎᎲᎾ.
7. ᎠᎴ ᏁᎲᎾ ᎨᏎ ᎤᏁᏥ, ᎵᏏᏰᏃ ᎥᏝ ᏱᏓᎷᎸᎥᏍᎨᎢ, ᎠᎴ ᎢᏧᎳ ᎿᎭᏉ ᎠᏂᎦᏴᎵᎨ ᎨᏎᎢ.
8. ᎯᎠᏃ ᏄᎵᏍᏔᏁᎢ, ᎾᏍᎩ ᎠᏥᎸᎨᎶᎯ ᏧᎸᏫᏍᏓᏁᏗ ᎨᏒ ᏚᎸᏫᏍᏓᏁᎮ ᎤᎮᎳᏅᎯ ᎠᎦᏔᎲᎢ, ᎾᎯᏳ ᎤᎵᏱᎶᎸ ᏧᏂᎸᏫᏍᏓᏁᏗᏱ ᎾᎿᎭᎨᎸᎢ,
9. ᎾᏍᎩ ᎢᏳᎾᏛᏁᏗ ᎨᏒ ᎠᏥᎸᎠᏁᎶᎯ, ᎾᏍᎩ ᎤᏩᏙᏗ ᏂᎦᎵᏍᏗᏍᎨ ᎠᏜᏓᎦᏩᏒᎩ ᎾᎯᏳ ᏩᏴᎭ ᏱᎰᏩ ᎤᏤᎵ ᎤᏛᏅ-ᏗᎦᎳᏫᎢᏍᏗᏱ.
10. ᎤᏂᏣᏘᏃ ᏴᏫ ᏙᏱᏗᏢ ᎠᎾᏓᏙᎵᏍᏗᏍᎨ ᎾᎯᏳ ᎠᏜᏓᎦᏩᏒᎩ ᎬᏙᏗᏱ ᎤᏍᏆᎸᎲ.
11. ᏱᎰᏩᏃ ᎤᏤᎵ ᏗᎧᎿᎭᏩᏗᏙᎯ ᎬᏂᎨᏒ ᏄᏛᏁᎴ ᎦᏙᎨ ᎠᎦᏘᏏᏗᏢ ᎦᏩᏒᎩ ᎬᏙᏗᏱ ᎪᏢᏒᎢ.
12. ᏤᎦᎳᏯᏃ ᎤᎪᎲ, ᎤᏕᏯᏔᏁᎴ ᎠᎴ ᎤᏍᎦᎴᎢ.
13. ᎠᏎᏃ ᏗᎧᎿᎭᏩᏗᏙᎯ ᎯᎠ ᏄᏪᏎᎴᎢ; ᏤᎦᎳᏯ ᏞᏍᏗ ᏣᏍᎦᎸᎩ; ᎭᏓᏙᎵᏍᏗᏍᎬᏰᏃ ᎡᏣᏛᎦᏁᎸ; ᎠᎴ ᏣᏓᎵᎢ ᎵᏏ ᏓᏣᎾᏄᎪᏫᏎᎵ ᏤᏥ ᎠᏧᏣ, ᏣᏂᏃ ᏕᎯᏲᎥᎭ.
14. ᎠᎴ ᎭᎵᎮᎵᎨᏍᏗ ᎠᎴ ᎣᏍᏛ ᏣᏰᎸᏎᏍᏗ; ᎠᎴ ᎤᏂᏣᏘ ᎠᎾᎵᎮᎵᎨᏍᏗ ᎤᏕᏅ ᎢᏳᏍᏗ.
15. ᎠᎴ ᎠᏥᎸᏉᏗᏳ ᎨᏎᏍᏗ ᏱᎰᏩ ᏙᏗᎧᏅᎢ, ᎥᏝ ᎠᎴ ᎤᏗᏔᏍᏗ ᏱᎨᏎᏍᏗ ᎩᎦᎨ-ᎠᏗᏔᏍᏗ ᎠᎴ ᎠᏓᏴᏍᏕᏍᏗᏍᎩ; ᎠᎴ ᎤᎧᎵᏨᎯ ᎨᏎᏍᏗ ᎦᎸᏉᏗᏳ ᎠᏓᏅᏙ, ᎤᏥ ᎤᎾᏅᎪᏫᏒ ᎤᏓᎬᏩᏓᎴᏅᏛ.
16. ᎠᎴ ᎤᏂᏣᏘ ᎢᏏᎵ ᏧᏪᏥ ᏙᏛᎪᎸᏏ ᏱᎰᏩ ᎤᎾᏁᎳᏅᎯ ᎢᏗᏢ ᏙᏛᎦᏔᎲᏍᏔᏂ.
17. ᎠᎴ ᎢᎬᏱ ᏓᏳᏪᏅᎡᎵ [ᎤᎬᏫᏳᎯ] ᎢᎳᏯ ᎾᏍᎩᏯ ᎨᏎᏍᏗ ᎤᏓᏅᏙᎩ ᎠᎴ ᎤᎵᏂᎩᏗᏳ ᎨᏒᎢ, ᏧᎦᏔᎲᏍᏗᏱ ᏧᏂᎾᏫ ᎠᏂᎦᏴᎵᎨᎢ ᏗᏂᏲᎵ ᎢᏗᏢ ᏫᏚᎦᏔᎲᏍᏙᏗᏱ, ᎠᎴ ᏄᏃᎯᏳᏒᎾ ᏧᎦᏔᎲᏍᏗᏱ ᎤᎾᏓᏅᏘ ᎠᏂᎦᏔᎿᎭᎥ ᎢᏗᏢ ᏫᏚᎦᏔᎲᏍᏙᏗᏱ; ᏧᏛᏅᎢᏍᏙᏗᏱ ᏴᏫ, ᎤᎬᏫᏳᎯ ᏧᏛᏅᎢᏍᏓᏁᏗᏱ.
18. ᏤᎦᎳᏯᏃ ᎯᎠ ᏄᏪᏎᎴ ᏗᎧᎿᎭᏩᏗᏙᎯ, ᎦᏙᏃ ᎠᏆᏙᎴᎰᎯᏍᏙᏗ ᎨᏎᏍᏗ ᎾᏍᎩ ᎯᎠ? ᎠᏆᏛᏐᏅᎯᏰᏃ, ᎠᎴ ᎠᏆᏓᎵᎢ ᎿᎭᏉ ᎠᎦᏴᎵᎨᎢ.
19. ᏗᎧᎿᎭᏩᏗᏙᎯᏃ ᎤᏁᏨ ᎯᎠ ᏄᏪᏎᎴᎢ; ᎠᏴ ᎨᏈᎵ, ᏥᏥᏙᎪ ᎤᏁᎳᏅᎯ ᎠᎦᏔᎲᎢ; ᎠᎴ ᏨᎩᏅᏒ ᎬᏯᎵᏃᎮᏙᏗᏱ, ᎠᎴ ᎬᎾᏄᎪᏫᏎᏗᏱ ᎯᎠ ᎾᏍᎩ ᎣᏍᏛ ᎧᏃᎮᏛ.
20. ᎠᎴ ᎬᏂᏳᏉ ᏨᎨᏫ ᎨᏎᏍᏗ, ᎠᎴ ᎨᏣᏁᎢᏍᏗ ᏂᎨᏒᎾ ᎨᏎᏍᏗ ᎬᏂ ᎾᎯᏳ ᎢᎦ ᎾᏍᎩ ᎯᎠ ᏂᎦᎵᏍᏔᏅᎭ, ᏅᏗᎦᎵᏍᏙᏗᎭ ᏂᏦᎯᏳᏅᎾ ᎨᏒ ᏥᏁᎬᎢ, ᎾᏍᎩ ᎠᏎ ᎢᏳᎵᏍᏙᏗ ᏥᎩ ᎢᏳᎵᏍᏙᏗᏱ ᎠᏍᏆᎸᎲᎭ.
21. ᏴᏫᏃ ᎬᏩᎦᏘᏰ ᏤᎦᎳᏯ, ᎠᎴ ᎤᏂᏍᏆᏂᎪᏍᎨ ᎪᎯᏗᏳ ᏩᏯᎥ ᎤᏛᏅᏗᎦᎳᏫᎢᏍᏗᏱ.
22. ᏧᏄᎪᏨᏃ ᎥᏝ ᏗᎬᏩᎵᏃᎮᏙᏗ ᏱᎨᏎᎢ; ᎤᎾᏙᎴᎰᏎᏃ ᎤᏁᎳᏫᏎᎸ ᏩᏯᎥ ᎤᏛᏅ-ᏗᎦᎳᏫᎢᏍᏗᏱ. ᏓᏁᎶᏓᏁᎮᏃ ᎠᎴ ᏅᏩᏍᏕᏉ ᎤᏩᎨᏫ ᎨᏎᎢ.
23. ᎠᎴ ᎯᎠ ᏄᎵᏍᏔᏁᎢ, ᎾᏍᎩ ᎿᎭᏉ ᎤᏍᏆᏛ ᎠᏎᎸᎯ ᎨᏒ ᎢᎪᎯᏛ ᏧᎸᏫᏍᏓᏁᏗᏱ, ᎤᏪᏅᏎ ᏧᏪᏅᏒᎢ.
24. ᎣᏂᏃ ᎢᏴᏛ ᎤᏓᎵᎢ ᎵᏏ ᎤᏁᎵᏤᎢ, ᎠᎴ ᎤᏗᏍᎦᎳᏁ ᎯᏍᎩ ᎢᏯᏅᏙ, ᎯᎠ ᏄᏪᏎᎢ,
25. ᎯᎠ ᎾᏍᎩ ᎾᏆᏛᏁᎸ ᏱᎰᏩ ᎾᎯᏳ ᎢᎦ ᏕᎠᏆᎧᎿᎭᏅ, ᎠᎩᎲᎡᏗᏱ ᎤᏕᎰᎯᏍᏗ ᎥᏆᏓᏅᏖᏗᏱ ᏴᏫ ᎠᏁᎲᎢ.
26. ᏑᏓᎵᏁᏃ ᎧᎸᎢ ᏗᎧᎿᎭᏩᏗᏙᎯ ᎨᏈᎵ ᎤᏁᎳᏅᎯ ᏅᏓᏳᏅᏏᏛ ᎤᎷᏤ ᎦᏚᎲ ᎨᎵᎵ ᎾᏎᎵᏗ ᏧᏙᎢᏛ,
27. ᎤᎷᏤᎴ ᎠᏛ ᎾᏍᎩ ᏦᏩ ᏧᏙᎢᏛ ᎠᏍᎦᏯ ᎤᏓᏴᏍᏗ, ᎾᏍᎩ ᏕᏫ ᎤᏁᏢᏔᏅᏛ ᏅᏓᏳᏓᎴᏅᎯ ᎨᏎᎢ; ᎾᏍᎩᏃ ᎠᏛ ᎺᎵ ᏧᏙᎢᏛ ᎨᏎᎢ.
28. ᏗᎧᎿᎭᏩᏗᏙᎯᏃ ᎤᎷᏤᎸ ᎯᎠ ᏄᏪᏎᎢ; ᎬᏲᎵᎦ ᏂᎯ ᎡᏣᎸᏉᏔᏅᎯ, ᏱᎰᏩ ᏫᏗᏣᎧᎿᎭᏩᏗᏓ; ᎠᏂᎨᏴ ᎠᏁᎲ ᏂᎯ ᏭᏓᎪᎾᏛᏗ ᎣᏏᏳ ᎢᏣᎵᏍᏓᏁᏗ.
29. ᎤᎪᎲᏃ ᎤᏕᏯᏔᏁᎴ ᎾᏍᎩ ᏄᏪᏎᎸᎢ, ᎠᎴ ᎤᏓᏅᏖᎴ ᏄᏍᏛ ᎤᏰᎸᏛ ᎯᎠ ᎾᏍᎩ ᎤᏲᎵᎸᎢ.
30. ᏗᎧᎿᎭᏩᏗᏙᎯᏃ ᎯᎠ ᏄᏪᏎᎴᎢ; ᎺᎵ ᏞᏍᏗ ᏣᏍᎦᎸᎩ; ᎤᏁᎳᏅᎯᏰᏃ ᎣᏍᏛ ᏣᏰᎸᏗ ᎨᏒ ᏣᏩᏛᎲ.
31. ᎠᎴ ᎬᏂᏳᏉ ᏘᏁᎵᏥ, ᎠᎴ ᏘᎾᏄᎪᏫᏏ ᎠᏧᏣ, ᎠᎴ ᏥᏌ ᏙᏘᏲᎢ.
32. ᎠᏥᎸᏉᏗᏳ ᎨᏎᏍᏗ ᎾᏍᎩ, ᎠᎴ ᏩᏍᏛ ᎦᎸᎳᏗᏳ ᎡᎯ ᎤᏪᏥ ᎠᎪᏎᎮᏍᏗ; ᏱᎰᏩᏃ ᎤᏁᎳᏅᎯ ᏓᏳᏁᎵ ᎤᏙᏓ ᏕᏫ ᎤᏪᏍᎩᎸᎢ.
33. ᎠᎴ ᏫᎾᏍᏛᎾ ᎤᎬᏫᏳᎯ ᎨᏎᏍᏗ ᏤᎦᏈ ᎤᏁᏢᏔᏅᏛ ᎨᏒ ᎠᏁᎲᎢ; ᎠᎴ ᎾᏍᎩ ᎤᎬᏫᏳᎯ ᎨᏒ ᏭᏍᏗᏥᎯᏍᏗ ᏂᎨᏒᎾ ᎨᏎᏍᏗ.
34. ᎺᎵᏃ ᎯᎠ ᏄᏪᏎᎴ ᏗᎧᎿᎭᏩᏗᏙᎯ; ᎦᏙ ᏱᎦᎵᏍᏙᏓ ᎾᏍᎩ ᏱᏂᎦᎵᏍᏓ, ᏂᏥᎦᏔᎲᎾᏃ ᏥᎩ ᎠᏍᎦᏯ?
35. ᏗᎧᎿᎭᏩᏗᏙᎯᏃ ᎤᏁᏨ ᎯᎠ ᏄᏪᏎᎴᎢ; ᎦᎸᏉᏗᏳ ᎠᏓᏅᏙ ᏓᏣᎷᏤᎵ ᎠᎴ ᎤᎵᏂᎩᏗᏳ ᎨᏒ ᏩᏍᏛ ᎦᎸᎳᏗᏳ ᎡᎯ ᏓᏣᏓᏩᏗᏍᏙᏔᏂ; ᎾᏍᎩ ᎢᏳᏍᏗ ᎾᏍᏉ ᎾᏍᎩ ᎦᎸᏉᏗᏳ ᏨᏓᏣᏕᏁᎵ ᎤᏁᎳᏅᎯ ᎤᏪᏥ ᎠᎪᏎᎮᏍᏗ.
36. ᎠᎴ ᎬᏂᏳᏉ ᎢᏍᏗᏠᏱ ᎵᏏ ᎾᏍᏉ ᎠᏧᏣ ᎤᏁᎵᏨ ᎿᎭᏉ ᎠᎦᏴᎵᎨ ᎨᏒᎢ; ᎠᎴ ᎪᎯ ᏥᎩ ᎿᎭᏉ ᏑᏓᎵᏁ ᎧᎳ ᎬᏩᏁᎵᏨᎯ ᎾᏍᎩ ᏗᎷᎸᎥᏍᎩ ᏂᎨᏒᎾ ᏣᎪᏎᎲᎩ.
37. ᎤᏁᎳᏅᎯᏰᏃ ᎥᏝ ᎪᎱᏍᏗ ᎤᏄᎸᏗ ᏱᎨᏎᏍᏗ.
38. ᎺᎵᏃ ᎯᎠ ᏄᏪᏎᎢ; ᎬᏂᏳᏉ ᎠᏉ ᎤᏅᏏᏓᏍᏗ ᎠᎨᏴ; ᏱᎰᏩ ᎾᏍᎩᏯ ᏂᏣᏪᏒ ᏫᎾᏆᎵᏍᏓᏏ. ᏗᎧᎿᎭᏩᏗᏙᎯᏃ ᎤᏓᏅᎡᎴᎢ.
39. ᎺᎵᏃ ᎾᎯᏳ ᏚᎴᏁᎢ, ᎤᏩᏅᏤ ᎣᏓᎵ ᎨᏒ ᏭᎶᏎᎢ, ᏧᏗᏱ ᎦᏚᎲ ᏭᎷᏤᎢ;
40. ᎠᎴ ᏭᏴᎴ ᏤᎦᎳᏯ ᎦᏁᎸᎢ, ᎠᎴ ᎤᏲᎵᎴ ᎵᏏ
41. ᎯᎠᏃ ᏄᎵᏍᏔᏁᎢ, ᎾᏍᎩ ᎵᏏ ᎤᏛᎦᏅ ᎺᎵ ᎤᏲᎵᎲᎢ, ᎠᏲᎵ ᎦᏁᎵᏒ ᎤᎵᏖᎸᏁᎢ; ᎠᎴ ᎵᏏ ᎤᎧᎵᏤ ᎦᎸᏉᏗᏳ ᎠᏓᏅᏙ,
42. ᎠᎴ ᎠᏍᏓᏯ ᎤᏁᏤᎢ, ᎯᎠ ᏄᏪᏎᎢ; ᎠᏂᎨᏴ ᎠᏁᎲ ᏂᎯ ᏭᏓᎪᎾᏛᏗ ᎡᏣᎸᏉᏗᏳ; ᎠᎴ ᎦᎸᏉᏗᏳ ᎾᏍᎩ ᏂᎯ ᏨᏘᎾᏄᎪᏫᏏ.
43. ᎦᏙᏃ ᏓᎦᎵᏍᏙᏓ ᎠᏴ ᎾᏍᎩ ᏥᎾᏆᎵᏍᏓᏏ, ᎾᏍᎩ ᎠᏆᏤᎵ ᎤᎬᏫᏳᎯ ᎤᏥ ᏣᎩᎷᏥᏏ?
44. ᎬᏂᏳᏉᏰᏃ ᎠᏆᏛᎦᏅᏉ ᎯᏁᎬ ᏍᎩᏲᎵᎲᎢ, ᎠᏲᎵ ᏥᏁᎵᏒ ᎤᎵᏖᎸᏅ ᎠᎵᎮᎵᎬᎢ.
45. ᎠᎴ ᎣᏏᏳ ᎢᏳᎵᏍᏓᏁᏗ ᎤᏬᎯᏳᏅᎯ; ᎾᏍᎩᏰᏃ ᏅᏧᏪᏎᎸ ᏱᎰᏩ ᎾᏍᎩ ᎠᏎ ᏅᏓᎦᎵᏍᏔᏂ.
46. ᎺᎵᏃ ᎯᎠ ᏄᏪᏎᎢ, ᎠᏆᏓᏅᏙ ᎤᏣᏘ ᎦᎸᏉᏗᎭ ᏱᎰᏩ,
47. ᎠᎴ ᎠᏆᏓᏅᏙ ᎤᎵᎮᎵᏤᎸ ᎤᏁᎳᏅᎯ ᎠᎩᏍᏕᎵᏍᎩ.
48. ᏕᎤᎧᎿᎭᏅᏰᏃ ᎤᏲ ᏄᏛᎿᎭᏕᎬ ᎠᎨᏴ ᎤᏅᏏᏓᏍᏗ; ᎬᏂᏳᏉᏰᏃ ᎪᎯ ᎢᏳᏓᎴᏅᏛ ᎾᎾᏓᏁᏟᏴᏏᏒ ᏴᏫ ᎦᎸᏉᏗᏳ ᎬᏉᏎᎮᏍᏗ.
49. ᎤᎵᏂᎩᏛᏰᏃ ᏥᎩ ᎾᏍᎩ ᎤᏍᏆᏂᎪᏗᏳ ᎾᏆᏛᏁᎸ; ᎠᎴ ᎦᎸᏉᏗᏳ ᎾᏍᎩ ᏕᎤᏙᎥᎢ.
50. ᎠᎴ ᎤᏓᏙᎵᏍᏗ ᎨᏒ ᏕᎦᎾᏄᎪᏫᏎᎭ ᎬᏩᎾᏰᏍᎩ ᎾᎾᏓᏁᏟᏴᏏᏒᎢ.
51. ᎧᏃᎨᏂ ᎤᏮᏔᏅ ᎤᎾᏄᎪᏫᏒ ᎤᎵᏂᎩᏛ ᎨᏒᎢ; ᎤᎾᏢᏉᏗ ᏙᏧᎾᏓᏅᏛ ᏚᏗᎦᎴᏯᏍᏔᏅ.
52. ᏧᎾᎵᏂᎩᏛ ᏚᏪᎧᎲᏒ ᎤᎾᏅᏗᏱ, ᎠᎴ ᎤᏲ ᎢᏳᎾᏛᎿᎭᏕᎩ ᏚᏌᎳᏓᏅ.
53. ᎠᎪᏄ ᏧᏂᏲᏏᏍᎩ ᎣᏍᏛ ᎨᏒ ᏚᎧᎵᎢᏍᏔᏅ, ᏧᏁᎿᎭᎢᏃ ᎠᏒᎭ ᏙᎤᏁᏅᏍᏗᏱ ᏂᏚᏩᏁᎸᎩ.
54. ᎢᏏᎵ ᎤᏅᏏᏓᏍᏗ ᎤᏍᏕᎸᎲ ᎠᏅᏓᏗᏍᎬ ᎤᏓᏙᎵᏣᏛᎢ,
55. ᎾᏍᎩᏯ ᏂᏚᏪᏎᎸ ᏗᎩᎦᏴᎵᎨᎢ, ᎡᏆᎭᎻ, ᎠᎴ ᎾᏍᎩ ᏧᏁᏢᏔᏅᏛ ᎨᏒ ᏂᎪᎯᎸᎢ.
56. ᎺᎵᏃ ᏦᎢ ᎢᏯᏅᏙ ᎢᏴᏛ ᎵᏏᏱ ᎤᏕᏁᎢ, ᎩᎳᏃ ᎤᏩᏒ ᏧᏪᏅᏒ ᏫᎤᎶᏎᎢ.
57. ᎵᏏᏃ ᎿᎭᏉ ᎤᏍᏆᎸᎡᎴ ᎤᏕᏗᏱ ᎠᏲᎵ, ᎠᎴ ᎤᎾᏄᎪᏫᏎ ᎠᏧᏣ.
58. ᎾᎥᏃ ᎢᏳᎾᏓᎳ ᎠᎴ ᎪᎱᏍᏗ ᏧᏩᎿᎭᎤᎾᏛᎦᏁ ᎤᏁᎳᏅᎯ ᎤᏣᏘ ᎤᏪᏙᎵᏨᎢ, ᎠᎴ ᎢᏧᎳᎭ ᎤᎾᎵᎮᎵᏤᎢ.
59. ᎯᎠᏃ ᏄᎵᏍᏔᏁᎢ, ᎾᏍᎩ ᏧᏁᎵᏁ ᎢᎦ ᎤᏂᎱᏍᏕᏎᎸᎭ ᎠᏲᎵ, ᎠᎴ ᏤᎦᎳᏯ ᏚᏃᎡᎢ, ᎤᏙᏓ ᏚᏙᎥ ᏚᏃᏍᏔᏁᎢ.
60. ᎤᏥᏃ ᎤᏁᏨ ᎯᎠ ᏄᏪᏎᎢ; ᎥᏞᏍᏗ; ᏣᏂᏍᎩᏂ ᎠᎪᏎᎮᏍᏗ.
61. ᎯᎠᏃ ᏂᎬᏩᏪᏎᎴᎢ; ᎥᏝ ᎩᎶ ᎢᏥᏠᏱ ᎨᏒ ᎾᏍᎩ ᏱᏄᏍᏗ ᏱᏚᏙᎥ.
62. ᎤᏙᏓᏃ ᏓᎾᏁᎶᏓᏁᎲ ᎤᎾᏛᏛᏁ ᏄᏍᏛ ᎤᏚᎵᏍᎬ ᏣᎪᏍᏗᏱ.
63. ᎤᏔᏲᎴᏃ ᏗᎪᏪᎶᏗᏱ ᎠᎴ ᎤᏬᏪᎳᏁ ᎯᎠ ᏂᎦᏪᏍᎨᎢ; ᏣᏂ ᏚᏙᎥ. ᏂᎦᏛᏃ ᎤᏂᏍᏆᏂᎪᏎᎢ.
64. ᎩᎳᏉᏃ ᎢᏴᏛ ᎠᎱᎵ ᎤᎵᏍᏚᎢᏎᎢ, ᎦᏃᎪᏃ ᎤᏕᎵᏌᏕᏎᎢ, ᎠᎴ ᎤᏬᏂᏎ ᎤᎸᏉᏔᏁ ᎤᏁᎳᏅᎯ.
65. ᎾᎿᎭᏃ ᎬᏩᏚᏫᏛ ᏗᏂᏁᎸ ᏂᎦᏛ ᎤᏂᎾᏰᏎᎢ; ᎠᎴ ᏂᎦᏛ ᎾᏍᎩ ᎯᎠ ᏄᎵᏍᏔᏂᏙᎸ ᏚᏃᏣᎶᏤ ᏂᎬᎾᏛ ᎣᏓᎵ ᎨᏒ ᏧᏗᏱ.
66. ᎾᏂᎥᏃ ᎾᏍᎩ ᎤᎾᏛᎦᏅᎯ ᏧᏂᎾᏫᏱ ᎤᏂᏍᏆᏂᎪᏔᏁᎢ, ᎯᎠ ᎾᏂᏪᏍᎨᎢ; ᎦᏙ ᎤᏍᏕᏍᏗ ᎯᎠ ᎠᏲᎵ? ᏱᎰᏩᏃ ᎤᏍᏕᎸᎯᏙᎮᎢ.
67. ᎤᏙᏓᏃ ᏤᎦᎳᏯ ᎤᎧᎵᏨᎯ ᎨᏎ ᎦᎸᏉᏗᏳ ᎠᏓᏅᏙ, ᎠᎴ ᎤᏙᎴᎰᏎ ᎯᎠ ᏄᏪᏎᎢ;
68. ᎦᎸᏉᏗᏳ ᎨᏎᏍᏗ ᏱᎰᏩ ᎤᏁᎳᏅᎯ ᎢᏏᎵ ᎤᎾᏤᎵᎦ; ᏚᏩᏛᎰᎸᏰᏃ ᎠᎴ ᏚᎫᏴᎲ ᏧᏤᎵᎦ ᏴᏫ.
69. ᎠᎴ ᎢᎩᎾᏄᎪᏫᏎᎸ ᎤᏲᏅ ᎢᎦᎵᏍᏕᎸᏙᏗ, ᏕᏫ ᎤᏅᏏᏓᏍᏗ ᎤᏁᏢᏔᏅᏛ ᎨᏒ ᎠᏁᎲ ᎤᎾᏄᎪᏨ;
70. ᎾᏍᎩᏯ ᏄᏪᏒ ᏕᎬᏗᏍᎬ ᏧᏤᎵ ᎨᏥᎸᏉᏗ ᎠᎾᏙᎴᎰᏍᎩ ᎤᎾᏕᏅᎯ ᏥᎩ ᏗᏓᎴᏂᏍᎬ ᏅᏓᎬᏩᏓᎴᏅᏛ;
71. ᎾᏍᎩ ᏗᏓᏚᏓᎳᎡᏗᏱ ᎨᎩᏍᎦᎩ, ᎠᎴ ᎠᏍᏓᏯ ᏂᎨᎬᏅ ᏗᏓᏚᏓᎳᎡᏗᏱ ᏂᎦᏗᏳ ᎨᎩᏂᏆᏘᎯ;
72. ᎢᏳᏛᏁᏗᏱ ᏚᏚᎢᏍᏓᏁᎸ ᏗᎩᎦᏴᎵᎨ ᏧᏪᏙᎵᏍᏗᏱ, ᎠᎴ ᎤᏅᏓᏗᏍᏗᏱ ᎤᏤᎵ ᎦᎸᏉᏗᏳ ᎧᏃᎮᏛ ᏓᏠᎯᏍᏛᎢ,
73. ᎾᏍᎩ ᏧᏎᎵᏔᏁ ᏧᏚᎢᏍᏓᏁᎴ ᎢᎩᎦᏴᎵᎨ ᎡᏆᎭᎻ,
74. ᎾᏍᎩ ᎨᏓᏚᏓᎳᎡᎸᎯ ᎨᏒ ᎨᎩᏍᎦᎩ ᎢᎦᎵᏍᎪᎸᏓᏁᏗᏱ ᏂᏗᎾᏰᏍᎬᎾ ᎡᏓᏓᏙᎵᏍᏓᏁᏗᏱ,
75. ᏂᏗᏍᎦᏅᎾ ᎠᎴ ᏚᏳᎪᏛ ᎢᎨᏓᏍᏗᏱ ᎠᎦᏔᎲ ᏂᎪᎯᎸ ᎢᏓᎴᏂᏙᎲᎢ.
76. ᏂᎯᏃ ᎯᏲᎵ, ᏩᏍᏛ ᎦᎸᎳᏗᏳ ᎡᎯ ᎤᏤᎵ ᎠᏙᎴᎰᏍᎩ ᎡᏦᏎᎮᏍᏗ, ᏂᎯᏰᏃ ᎢᎬᏱ ᏘᏰᏅᎡᎵ ᏱᎰᏩ, ᎯᏯᏛᏅᎢᏍᏓᏁᏗᏱ ᎤᎶᎯᏍᏗᏱ;
77. ᎬᏂᎨᏒ ᎢᏧᏩᏁᏗᏱ ᏧᏤᎵ ᏴᏫ ᎾᏍᎩ ᎤᎾᎵᏍᏕᎸᏙᏗ ᎨᏒᎢ, ᎦᎨᏥᏁᎲ ᎤᏂᏍᎦᏅᏨᎢ,
78. ᏱᎰᏩ ᎤᏓᏙᎵᏣᏘᏳ ᎨᏒ ᎢᎦᏁᎳᏅᎯ, ᎾᏍᎩ ᏥᏂᎦᎵᏍᏙᏗᎭ ᎢᎦᎦᏘ ᏗᏰᎵᎯᏍᏗᏍᎩ ᎦᎸᎳᏗ ᏅᏓᏳᏓᎴᏅᎯ ᎢᎩᏩᏛᎯᎸᎯ ᏥᎩ,
79. ᎢᎦ ᏧᏘᏍᏓᏁᏗᏱ ᎤᎵᏏᎬ ᎠᎴ ᎠᏲᎱᎯᏍᏗ ᎨᏒ ᎤᏓᏩᏗᏍᏙᏛ ᏣᏂᎾ, ᎠᎴ ᏗᎦᏖᏅᏍᏗᏱ ᏅᏩᏙᎯᏯᏛ ᎦᏅᏅᎢ.
80. ᎠᏲᎵᏃ ᎠᏛᏍᎨᎢ ᎠᎴ ᎧᏁᏉᎨ ᎤᎵᏂᎪᏍᎬ ᎤᏓᏅᏛᎢ, ᎠᎴ ᎢᎾᎨᏉ ᎡᎮᎢ ᎬᏂ ᎬᏂᎨᏒ ᏂᏚᏛᏁᎸ ᎢᏏᎵ.

== Luke 2 ==
1. ᎾᎯᏳᏃ ᎯᎠ ᏄᎵᏍᏔᏁᎢ, ᎾᏍᎩ ᏏᏌ ᎣᎦᏍᏓ ᎤᏁᏨᎯ ᎤᎾᏄᎪᏤ ᏂᎬᎾᏛ ᎡᎶᎯ ᎨᎦᏎᏍᏗᏱ.
2. ᎾᏍᎩ ᎯᎠ ᎤᎾᏎᎵᏙᎴ ᎠᏏ ᏌᎵᏂ ᏏᎵᏱ ᎤᎬᏫᏳᎯ ᏂᎨᏒᎾ ᏂᎨᏎᎢ.
3. ᎠᎴ ᏂᎦᏛ ᎤᏁᏅᏎ ᎨᎦᏎᏍᏗᏱ ᎠᏂᏏᏴᏫᎭ ᎨᏒ ᏙᏓᏂᏚᎲᎢ.
4. ᎠᎴ ᏦᏩ ᎾᏍᏉ ᎨᎵᎵ ᎤᏂᎩᏎᎢ ᎤᏄᎪᏤ ᎾᏎᎵᏗ ᎦᏚᎲᎢ, ᏭᎷᏤ ᏧᏗᏱ, ᏕᏫ ᏧᏪᏚᎲᎢ, ᎦᏚᏱ ᏧᏙᎢᏛ, ᏕᏫᏰᏃ ᎤᏁᏢᏔᏅᏛ ᎨᏒ ᏅᏓᏳᏓᎴᏅᎯ ᎨᏎᎢ ᎤᎦᏴᎵᎨ ᎨᏎᎢ ᎠᎴ ᏕᏫ,
5. ᎨᎦᏎᏍᏗᏱ ᎤᏰᎸᏎ ᎤᏩᏒ ᎠᎴ ᎺᎵ ᎤᏓᏴᏍᏗ, ᎾᏍᎩ ᎦᏁᎵᏛ ᎨᏎᎢ.
6. ᎯᎠᏃ ᏄᎵᏍᏔᏁᎢ, ᎾᏍᎩ ᎠᏏ ᎾᎿᎭᎠᏁᏙᎮᎢ, ᎤᏍᏆᎸᎮ ᎠᏲᎵ ᎤᎾᏄᎪᏫᏍᏗᏱ.
7. ᎤᎾᏄᎪᏫᏎᏃ ᎢᎬᏱ ᎡᎯ ᎤᏪᏥ ᎠᏧᏣ, ᎠᎴ ᎤᏪᏣᏄᎳᏁᎢ, ᎠᎴ ᏐᏈᎵ ᎤᎾᎵᏍᏓᏴᏗᏱ ᎤᎸᏁᎢ; ᎥᏝᏰᏃ ᏳᏜᏓᏅᏕ ᏧᏂᏒᏍᏗᏱ ᎠᏓᏁᎸᎢ.
8. ᎾᎿᎭᏃ ᎾᎥᎢ ᎠᏫ-ᏗᏂᎦᏘᏯ ᎠᏁᏙᎮ ᎤᏜᏓᏅᏛᎢ, ᎠᏫ ᏓᏂᎦᏘᏰ ᏒᏃᏱ.
9. ᎬᏂᏳᏉᏃ ᏗᎧᎿᎭᏩᏗᏙᎯ ᏱᎰᏩ ᎤᏤᎵᎦ ᎤᏂᎷᏤᎴᎢ, ᎠᎴ ᎦᎸᏉᏗᏳ ᏚᎸᏌᏛ ᎤᎬᏫᏳᎯ ᎤᏤᎵᎦ ᏚᎾᏚᏫᏍᏔᏁᎢ ᎠᎴ ᎤᏣᏔᏅᎯ ᎤᏂᏍᎦᎴᎢ.
10. ᏗᎧᎿᎭᏩᏗᏙᎯᏃ ᎯᎠ ᏂᏚᏪᏎᎴᎢ; ᏞᏍᏗ ᏱᏥᏍᎦᎢᎮᏍᏗ, ᎬᏂᏳᏉᏰᏃ ᎢᏨᏲᎯᏏ ᎣᏍᏛ ᎧᏃᎮᏛ ᎤᏣᏘ ᎠᎵᎮᎵᏍᏗ, ᎾᏂᎥ ᏴᏫ ᎤᎾᏛᎪᏗ.
11. ᎪᎯᏰᏃ ᎢᎦ ᎢᏣᏕᏁᎸ ᏕᏫ ᎤᏪᏚᎲᎢ, ᎢᏥᏍᏕᎵᏍᎩ ᎾᏍᎩ ᎦᎶᏁᏛ ᎤᎬᏫᏳᎯ.
12. ᎯᎠᏃ ᎾᏍᎩ ᎢᏣᏙᎯᎰᎯᏍᏙᏗ ᎨᏎᏍᏗ; ᏓᏰᏥᏩᏛᎯ ᎠᏲᎵ ᎠᏥᏣᏄᎴᏍᏗ, ᏐᏈᎵ ᎤᎾᎵᏍᏓᏴᏗᏱ ᎦᏅᎨᏍᏗ.
13. ᎩᎳᏉᏃ ᎢᏴᏛ ᎤᏂᏣᏘ ᎦᎸᎳᏗ ᎠᏁᎯ ᎬᏩᎵᎪᏁᎴ ᏗᎧᎿᎭᏩᏗᏙᎯ, ᎤᏁᎳᏅᎯ ᎠᏂᎸᏉᏗᏍᎨᎢ, ᎯᎠ ᎾᏂᏪᏍᎨᎢ;
14. ᎦᎸᏉᏗᏳ ᎨᏎᏍᏗ ᎤᏁᎳᏅᎯ ᏩᏍᏛ ᎦᎸᎳᏗᏳ, ᎡᎶᎯᏃ ᏙᎯᎣ ᎨᏎᏍᏗ, ᎣᏍᏛ ᎨᎦᏓᏅᏖᏍᎨᏍᏗ ᏴᏫ.
15. ᎿᎭᏉᏃ ᎯᎠ ᏄᎵᏍᏔᏁᎢ, ᎾᏍᎩ ᏗᏂᎧᎿᎭᏩᏗᏙᎯ ᎬᏩᎾᏓᏅᎡᎸ, ᎦᎸᎳᏗ ᏫᎤᏂᎶᏒ, ᎯᎠ ᏂᏚᎾᏓᏪᏎᎴ ᎠᏫ-ᏗᏂᎦᏘᏯ; Ꭷ, ᎿᎭᏉ ᎦᏚᏱ ᎢᏕᎾ, ᎠᎴ ᏫᏓᏙᎴᎰᎯ ᎾᏍᎩ ᎯᎠ ᏄᎵᏍᏔᏅᎢ, ᎾᏍᎩ ᏱᎰᏩ ᎬᏂᎨᏒ ᏥᏂᎬᏂᏏ.
16. ᎤᎵᏍᏗᏳᏃ ᏭᏂᎷᏤᎢ, ᎠᎴ ᏚᏂᏩᏛᎮ ᎺᎵ ᎠᎴ ᏦᏩ, ᎠᎴ ᎠᏲᎵ ᏐᏈᎵ ᎤᎾᎵᏍᏓᏴᏗᏱ ᎦᏅᎨᎢ.
17. ᎤᏂᎪᎲᏃ ᎤᏂᏃᎮᎵᏙᎴ ᏄᏍᏛ ᎨᏥᏃᎮᎮᎸ ᎾᏍᎩ ᎠᏲᎵ ᎠᏥᏁᎢᏍᏗᏍᎬᎢ.
18. ᏂᎦᏛᏃ ᎤᎾᏛᎦᏅᎯ ᎤᏂᏍᏆᏂᎪᏎ ᏄᏍᏛ ᎬᏩᏂᏃᎮᎮᎸ ᎠᏫ-ᏗᏂᎦᏘᏯ.
19. ᎺᎵᏍᎩᏂ ᎾᏍᎩ ᎯᎠ ᏂᎦᏛ ᎤᏍᏆᏂᎪᏔᏁᎢ, ᎠᎴ ᎾᏍᎩ ᎤᏓᏅᏖᎯᎶᎡ ᏧᏓᏅᏛᎢ.
20. ᎠᏫᏃ-ᏗᏂᎦᏘᏯ ᎢᎤᎾᏨᏎᎢ, ᎠᏂᎸᏉᏗᏍᎨ ᎠᎴ ᎠᎾᎵᎮᎵᏤᎮ ᎤᏁᎳᏅᎯ ᏅᏗᎦᎵᏍᏙᏗᏍᎨ ᏂᎦᎥ ᎤᎾᏛᎦᏅ ᎠᎴ ᎤᏂᎪᎲᎢ, ᎾᏍᎩ ᏄᏍᏛ ᎨᏥᏃᏁᎸᎢ.
21. ᏧᏁᎵᏁᏃ ᎢᎦ ᎤᏍᏆᎸᎲ ᎾᏍᎩ ᎠᎱᏍᏕᏎᏗ ᎨᏒ ᎠᏲᎵ, ᏥᏌ ᏚᏃᎡᎢ, ᎾᏍᎩ ᏗᎧᎿᎭᏩᏗᏙᎯ ᏂᏚᏬᎡ ᎠᏏᏉ ᎾᏥᏁᎵᎬᎾ ᎨᏎᎢ.
22. ᎿᎭᏉᏃ ᎤᏍᏆᎸᎲ ᎤᎾᏓᏅᎦᎸᏗᏱ ᎾᏍᎩᏯ ᏂᎬᏅ ᏗᎧᎿᎭᏩᏛᏍᏗ ᎼᏏ ᎤᏬᏪᎳᏅᎯ, ᏥᎷᏏᎵᎻ ᎤᏂᏃᎴ ᏱᎰᏩ ᎤᏂᎧᏁᏗᏱ;
23. ᎾᏍᎩᏯ ᏂᎬᏅ ᎪᏪᎸ ᏗᎧᎿᎭᏩᏛᏍᏗᏱ ᎼᎰᏩ ᏣᏥᎵᎦ; ᎾᏂᎥ ᎢᎬᏱ ᎤᎾᏕᏅᎯ ᎠᏂᏍᎦᏯ ᏱᎰᏩ ᏣᏥᏲᎯᏎᎸᎯ ᎨᎪᏎᎮᏍᏗ;
24. ᎠᎴ ᎠᏥᎸ-ᎨᎳᏍᏗ ᎤᎾᎵᏍᎪᎸᏙᏗᏱ ᎾᏍᎩᏯ ᎯᎠ ᏂᎦᏪᏍᎬ ᏗᎧᎿᎭᏩᏛᏍᏗ ᏱᎰᏩ ᎤᏤᎵᎦ; ᎠᏂᏔᎵ ᏧᎴᏗᏂᏍᎪᏂᎯ, ᎠᎴ ᎠᏂᏔᎵ ᎠᏂᏛ ᏬᏱ.
25. ᎠᎴ ᎬᏂᏳᏉ ᎩᎶ ᎢᏳᏍᏗ ᎠᏍᎦᏯ ᏥᎷᏏᎵᎻ ᎡᎮ ᏏᎻᏯᏂ ᏧᏙᎢᏛ; ᎠᎴ ᎾᏍᎩ ᏚᏳᎪᏛ ᎢᏯᏛᏁᎯ ᎠᎴ ᎤᏁᎳᏅᎯ ᏗᎧᎿᎭᏩᏕᎩ ᎨᏎᎢ, ᎠᎦᏘᏰ ᎢᏏᎵ ᎨᏥᏄᏬᎯᏍᏙᏗᏱ; ᎦᎸᏉᏗᏳᏃ ᎠᏓᏅᏙ ᏔᎵ ᎤᏛᏗᏕᎨᎢ.
26. ᎠᎴ ᎬᏂᎨᏒ ᎢᏳᏩᏁᎸᎯ ᎨᏎ ᎦᎸᏉᏗᏳ ᎠᏓᏅᏙ, ᎾᏍᎩ ᎠᏲᎱᎯᏍᏗ ᎨᏒ ᎤᎪᏩᏛᏗ ᏂᎨᏒᎾ ᎨᏒ ᎬᏂ ᏱᎰᏩ ᎤᏤᎵ ᎦᎶᏁᏛ ᎤᎪᎲᎯ ᏱᎩ
27. ᎠᎴ ᎠᏓᏅᏙ ᎤᏓᏅᏖᎮᎸᎯ ᏭᎷᏤ ᎤᏛᎾ-ᏗᎦᎳᏫᎢᏍᏗᏱ; ᏧᎦᏴᎵᎨᏃ ᎤᏂᏴᏔᏂᎸ ᎠᏲᎵ ᏥᏌ ᎾᏍᎩ ᏂᎬᏅ ᏗᎧᎿᎭᏩᏛᏍᏗ ᎢᏳᎾᏛᏁᏗᏱ,
28. ᎿᎭᏉ ᎾᏍᎩ ᎤᏁᏎᎢ, ᎠᎴ ᎤᎸᏉᏔᏁ ᎤᏁᎳᏅᎯ, ᎯᎠ ᏄᏪᏎᎢ;
29. ᏣᎬᏫᏳᎯ, ᎿᎭᏉ ᎯᏅᏏᏓᏍᏗ ᏅᏩᏙᎯᏯᏛ ᏕᎯᏲᏍᎦ, ᎾᏍᎩᏯ ᏂᏣᏪᏒ ᏣᏁᏨᎢ;
30. ᏗᏥᎦᎵᏰᏃ ᎬᏗ ᏥᎪᏩᏛ ᏣᏤᎵ ᎠᎵᏍᏕᎸᏙᏗ.
31. ᎾᏍᎩ ᏣᏓᏁᎳᏅᎯ ᏥᎩ ᎾᏂᎥ ᏴᏫ ᎠᏂᎦᏔᎲᎢ,
32. ᎢᎦ-ᎦᏘ ᏧᏂᎸᏌᏓᏕᏗ ᏧᎾᏓᎴᏅᏛ ᏴᏫ, ᎠᎴ ᎦᎸᏉᏗᏳ ᎨᏒ ᏗᏣᏤᎵ ᏴᏫ ᎢᏏᎵ ᎤᎾᏤᎵᎦ.
33. ᏦᏩᏃ ᎠᎴ ᎠᏲᎵ ᎤᏥ ᎠᏂᏍᏆᏂᎪᏍᎨ ᏄᏍᏛ ᎠᏥᏁᎢᏍᏗᏍᎬ ᎾᏍᎩ.
34. ᎻᎻᏯᏂᏃ ᎣᏍᏛ ᏚᏁᏤᎴᎢ, ᎠᎴ ᎯᎠ ᏄᏪᏎᎴ ᎺᎵ ᎠᏲᎵ ᎤᏥ, ᎬᏂᏳᏉ ᎯᎠ ᎾᏍᎩ ᎠᏲᎵ ᎠᏥᎧᏅ ᎾᏍᎩ ᎢᏏᎵ ᎠᏁᎯ ᎤᏂᏣᏘ ᏧᏂᏅᎢᏍᏗᏱ ᎠᎴ ᏧᎾᎴᎯᏐᏙᏗᏱ; ᎠᎴ ᎤᏰᎸᏛ ᎤᎾᏡᏙᏗ ᎠᏂᏬᏂᏍᎬᎢ.
35. ᎾᏍᎩ ᎤᏂᏣᏘ ᏄᏍᏛ ᏓᎾᏓᏅᏖᏍᎬ ᏧᏂᎾᏫᏱ ᎬᏂᎨᏒ ᎢᏳᎵᏍᏙᏗᏱ: ᎥᎥ, ᎠᏰᎳᏍᏗ-ᎦᏅᎯᏛ ᎾᏍᏉ ᏨᏒ ᏣᏓᏅᏙ ᏓᏣᏘᎵ.
36. ᎠᎴ ᎩᎶ ᎢᏳᏍᏗ ᎠᎨᏴ ᎡᏂ ᏧᏙᎢᏛ ᎠᏙᎴᎰᏍᎩ ᎡᎮᎢ, ᎾᏍᎩ ᏆᏄᎡᎵ ᎤᏪᏥ ᎨᏎᎢ, ᎡᏌ ᎠᏂᎳᏍᏓᎸ ᎤᏠᏱ, ᎾᏍᎩ ᎤᏣᏘ ᎠᎦᏴᎵᎨ ᎨᏎᎢ, ᎠᎴ ᎦᎵᏉᎩ ᎢᏧᏕᏘᏴᏛ ᎤᎾᏁᎳᏛᎯ ᎨᏎ ᎠᏍᎦᏯ ᎠᏛᏉ ᎨᏒ ᏧᎾᏨᏛ;
37. ᎠᎴ ᎤᏬᏑᎶᏨᎯ ᎨᏎ ᏁᎳᏍᎪᎯ ᏅᎩᎦᎵ ᎢᏴᏛ ᎢᏳᏕᏘᏴᏛ, ᎾᏍᎩ ᎥᏝ ᏱᏓᏅᏍᎨ ᎤᏛᎾ-ᏗᎦᎳᏫᎢᏍᏗᏱ, ᎤᏁᎳᏅᎯᏉ ᏓᎧᎿᎭᏩᏗᏎᎢ ᎠᎹᏟ ᎬᏍᎬ ᎠᎴ ᎠᏓᏙᎵᏍᏗᏍᎬ ᏂᏚᎵᏏᏂᏒ ᎠᎴ ᏂᏚᎩᏨᏂᏒᎢ.
38. ᎾᏍᎩᏃ ᎾᏍᏉ ᎾᎯᏳᏉ ᎤᎷᏤ ᎤᎵᎮᎵᏤᎴ ᏱᎰᏩ, ᎠᎴ ᎾᏍᎩ ᏕᎧᏁᎢᏍᏓᏁᎮ ᎾᏂᎥᏉ ᏥᎷᏏᎵᎻ ᎠᏁᎯ ᎠᏂᎦᏖᏃᎯ ᎠᎫᏴᏙᏗ ᎨᏒ ᎤᎾᏄᎪᎢᏍᏗᏱ.
39. ᎤᏂᏍᏆᏛᏃ ᏂᎦᏛ ᎢᏯᏛᏁᎵᏓᏍᏗ ᎨᏒ ᎾᏍᎩᏯ ᏂᎬᏅ ᏗᎧᎿᎭᏩᏛᏍᏗ ᏱᎰᏩ ᎤᏤᎵᎦ, ᎢᎤᎾᏨᏎ ᎨᎵᎵ ᏭᏂᎶᏎ, ᎤᏅᏒ ᏧᏂᏚᎲ ᎾᏎᎵᏗ ᏭᏂᎷᏤᎢ.
40. ᎠᏲᎵᏃ ᎠᏛᏍᎨᎢ ᎠᎴ ᎤᏓᏅᏛ ᎠᎵᏂᎪᏍᎨᎢ, ᎤᎧᎵᏨᎯ ᎨᏎ ᎠᎦᏙᎥᎯᏍᏗ ᎨᏒᎢ; ᎠᎴ ᎤᏁᎳᏅᎯ ᎤᏓᏙᎵᏍᏗ ᎨᏒ ᏚᎧᎿᎭᏩᏗᏙᎮᎢ.
41. ᏧᎦᏴᎵᎨᏃ ᏥᎷᏏᎵᎻ ᎠᏁᎨ ᏂᏓᏕᏘᏴᎯᏒ ᎧᏃᎯᏰᎩ ᏗᎵᏍᏓᏴᏗᏱ ᎠᏍᏆᎵᏍᎬ ᎢᏳᎢ.
42. ᏔᎳᏚᏃ ᎢᏳᏕᏘᏴᏛ ᎨᏎ ᏥᎷᏏᎵᎻ ᎤᏁᏅᎭ ᎾᏍᎩᏯ ᎢᏳᎾᏛᏁᏗ ᎨᏒ ᏓᎾᎵᏍᏓᏴᎲᏍᎬ ᎢᏳᎢ.
43. ᎤᏂᏍᏆᏛᏃ ᎢᎪᎯᏛ ᏚᎵᏒᏍᏛᎢ, ᎥᎤᎾᏨᏏᏗᏒ ᎠᏲᎵ ᏥᏌ ᏥᎷᏏᎵᎻ ᏗᎤᏗᎩᏰᎢ, ᏦᏩᏃ ᎠᎴ ᎤᏥ ᎥᏝ ᏱᏁᎵᏍᎨᎢ.
44. ᎾᏍᎩᏃ ᏑᎾᏓᏡᎩ ᎠᎾᎢᏒ ᎨᎳᏗ ᎠᏁᎵᏍᎬ ᏏᎦ ᎡᏅᏍᏗ ᎢᏴᏛ ᎤᏁᏅᏎᎢ; ᎪᎱᏍᏗᏃ ᏧᏅᏅ ᎠᎴ ᏗᎾᏓᎦᏔᎯ ᎠᏂᏅ ᎤᏂᏲᎴᎢ.
45. ᎬᏩᏠᏨᏃ ᎢᎤᎾᏨᏎᎢ ᏥᎷᏏᎵᎻ ᏭᏂᎶᏎ ᎬᏩᏲᎮᎢ.
46. ᎯᎠᏃ ᏄᎵᏍᏔᏁᎢ, ᎾᏍᎩ ᏦᎢᏁ ᎢᎦ ᎤᏂᏩᏛᎮ ᎤᏛᏃᎯ ᏗᎦᎳᏫᎢᏍᏗᏱ, ᎤᏬᎴ ᎠᏰᎵ ᎠᏂᏅ ᏗᎾᏕᏲᎲᏍᎩ ᏓᏛᏓᏍᏓᏁᎮ ᎠᎴ ᏓᏛᏛᎮᎸᎥᏍᎨᎢ.
47. ᏂᎦᏛᏃ ᎬᏩᏛᎦᏁᎸᎯ ᎤᏂᏍᏆᏂᎪᏎ ᏃᏒ ᎪᎵᎬᎢ, ᎠᎴ ᎬᏩᏛᏛᎲᏍᎬ ᏕᎦᏬᎯᎵᏴᏍᏓᏁᎲᎢ.
48. ᏧᎦᏴᎵᎨᏃ ᎬᏩᎪᎲ ᎤᏂᏍᏆᏂᎪᏎᎢ; ᎤᏥᏃ ᎯᎠ ᏄᏪᏎᎴᎢ ᎠᏇᏥ, ᎦᏙᏃ ᏅᏍᎩᎾᏛᏂᏏᏉ? ᏣᏙᏓ ᎢᏍᏛᏲᎲᎩ ᎤᏪᎵᎯᏍᏗ ᎣᎩᎾᏓᏅᏔᏩᏕᎬᎩ.
49. ᎯᎠᏃ ᏂᏚᏪᏎᎴᎢ; ᎦᏙᏃ ᎢᏍᎩᏂᏲᎮᎢ? ᏝᏍᎪ ᏱᏍᏗᎦᏔᎮ ᎡᏙᏙᏱ ᎠᏎ ᎠᏇᏓᏍᏗ ᎨᏒᎢ?
50. ᎠᏎᏃ ᎥᏝ ᏳᏃᎵᏤ ᎾᏍᎩ ᏂᏚᏪᏎᎸᎢ.
51. ᏚᏍᏓᏩᏛᏎᏃ, ᎠᎴ ᎾᏎᎵᏗ ᏭᎷᏤᎢ, ᎠᎴ ᏕᎤᏁᎶᏕᎢ. ᎤᏥᏍᎩᏂ ᎯᎠ ᎾᏍᎩ ᏂᎦᏛ ᎤᏍᏆᏂᎪᏔᏁ ᎤᎾᏫᏱ.
52. ᎠᎴ ᏥᏌ ᎧᏁᏉᏥᏎ ᎠᎦᏔᎿᎭᎢᏳ ᎨᏒ ᎠᎴ ᎠᏛᏍᎬᎢ ᎠᎴ ᎤᏁᎳᏅᎯ ᎠᎴ ᏴᏫ ᎬᏩᎨᏳᎯᏳ ᎨᏒᎢ.

== Luke 3 ==
1. ᎯᏍᎩᎦᏚᏏᏁᏃ ᎤᏕᏘᏴᏌᏗᏒ ᏓᏈᎵᏯ ᏏᏌ ᎤᎬᏫᏳᎯ ᎨᏒᎢ, ᏋᏗᏯ ᏆᎴᏗ ᏧᏗᏱ ᏣᎦᏁᎶᏗ ᎨᏎᎢ, ᎠᎴ ᎡᎶᏛ ᎨᎵᎵ ᏍᎦᏚᎩ ᎨᏒ ᎠᏥᎦᏘᏗᏍᏗ ᎨᏎᎢ, ᎤᏅᏟᏃ ᏈᎵᎩ ᎢᏚᎵ ᎠᎴ ᏝᎪᏂᏗ ᎠᏥᎦᏘᏗᏍᏗ ᎨᏎᎢ, ᎵᏌᏂᏯᏃ ᎠᏈᎵᏂ ᎠᏥᎦᏘᏗᏍᏗ ᎨᏎᎢ;
2. ᎡᎾᏃ ᎠᎴ ᎦᏱᏆ ᏄᏂᎬᏫᏳᏒ ᎠᏥᎸ-ᎠᏁᎶᎯ ᎨᏎᎢ, ᎤᏁᎳᏅᎯ ᎤᏬᏂᏒᎯ ᎢᎾᎨ ᎤᎷᏤᎴ ᏣᏂ ᏤᎦᎳᏯ ᎤᏪᏥ.
3. ᎠᎴ ᎾᏍᎩ ᎤᎷᏤ ᎤᏪᏙᎴ ᏦᏓᏂ ᎾᎥᏂᎨ ᎨᏒᎢ, ᎠᎵᏥᏙᎲᏍᎨ ᎧᏃᎮᏍᎨ ᏗᏓᏬᏍᏗ ᎨᏒ ᎦᏁᏟᏴᏛ ᎨᏒ ᎣᏓᏅᏛᎢ, ᎾᏍᎩ ᎦᏴᏓᏘᏁᏗᏱ ᎣᏍᎦᏅᏨᎢ;
4. ᎾᏍᎩᏯ ᏂᎬᏅ ᎪᏪᎸ ᎪᏪᎵᎯ ᎢᏌᏯ ᎠᏙᎴᎰᏍᎩ ᎤᏪᏂᏒᎯ, ᎯᎠ ᏥᏂᎦᏪᎭ; ᎤᏪᎷᎦ ᎩᎶ ᎢᎾᎨᎢ, ᎯᎠ ᏂᎦᏪᎭ; ᎡᏣᏛᏅᎢᏍᏓᏏ ᏱᎰᏩ ᎤᎶᎯᏍᏗᏱ, ᏚᏅᏅ ᏗᏥᏥᏃᎯᏍᏓ.
5. ᏚᎨᏓᎵᏴᏅ ᏂᎦᏗᏳ ᏗᎧᎵᎢᏍᏗ ᎨᏎᏍᏗ, ᏙᏓᎸᏃ ᎠᎴ ᏚᏌᎯᎸ ᏂᎦᏗᏳ ᎡᎳᏗᎭ ᎢᏗᎬᏁᏗ ᎨᏎᏍᏗ, ᏧᏓᏥᏃᏍᏈᏗᏰᏛᏃ ᎨᏒ ᏗᎦᏥᏃᎯᏍᏙᏗ ᎨᏎᏍᏗ, ᎤᏲᏃ ᏕᎦᏅᏅ ᎬᎾᏕᏍᎩ ᎢᏗᎬᏁᏗ ᎨᏎᏍᏗ.
6. ᏂᎦᏛᏃ ᎤᏇᏓᎵ ᏛᎪᎯ ᎤᏁᎳᏅᎯ ᎤᏓᏍᏕᎸᏙᏗ ᎨᏒᎢ.
7. ᎿᎭᏉᏃ ᎯᎠ ᏂᏚᏪᏎᎴ ᎤᏂᏣᏘ ᎾᏍᎩ ᏗᎨᎦᏬᏍᏗᏱ ᎤᏂᎸᏐᎸᎯ; Ᏺ ᎢᎾᏛ ᏧᏁᏥ ᏂᎯ! ᎦᎪ ᎢᏤᏯᏔᏅ ᎡᏣᎵᎡᏗᏱ ᎤᏔᎳᏬᎯᏍᏗ ᎤᎷᎯᏍᏗ ᎨᏒᎢ?
8. ᎾᏍᎩ ᎢᏳᏍᏗ ᎢᏥᎾᏄᎪᏩ ᎠᏙᎴᎰᎯᏍᏙᏗ ᏕᏥᏁᏟᏴᏒ ᏕᏣᏓᏅᏛᎢ; ᎠᎴ ᏞᏍᏗ ᎢᏣᎴᏅᎲ ᎯᎠ ᎢᏥᏪᏒ ᏕᏣᏓᏅᏛᎢ; ᎡᏆᎭᎻ ᎣᎩᏙᏓ ᎠᏴ; ᎢᏨᏲᏎᏰᏃ ᎤᏁᎳᏅᎯ ᏰᎵᏉ ᎯᎠ ᏅᏯ ᏱᏕᎬᏓ ᏱᏕᎪᏢᎾ ᎡᏆᎭᎻ ᏧᏪᏥ.
9. ᎠᎴ ᎾᏍᏉ ᎦᏳᎳ ᎦᎷᏯᏍᏗ ᎠᏅᎯ ᏚᎿᎭᏍᏕᏢ ᏕᏡᎬᎢ; ᎾᏍᎩ ᎢᏳᏍᏗ ᏂᎦᏗᏳ ᏕᏡᎬ ᎣᏍᏛ ᎾᏓᏛᏍᎬᎾ ᎢᎨᏎᏍᏗ ᏗᎦᎴᏴᏍᏙᏗ ᎠᎴ ᎠᏥᎸᏱ ᏫᏓᏗᏅᏗ ᎨᏎᏍᏗ.
10. ᎤᏂᏣᏘᏃ ᎬᏩᏛᏛᏁ ᎯᎠ ᏂᎬᏩᏪᏎᎴᎢ; ᎦᏙ ᏓᏲᏣᏛᏁᎵ?
11. ᎤᏁᏨ ᎯᎠ ᏂᏚᏪᏎᎴᎢ; ᎩᎶ ᏔᎵ ᏗᎦᏌᎴᎾ ᏚᎾᎡᏍᏗ, ᏄᎾᎥᎾ ᎨᏒ ᎦᏅᏁᎮᏍᏗ; ᎩᎶᏃ ᎠᎵᏍᏓᏴᏗ ᎤᎮᏍᏗ, ᎾᏍᎩᏯ ᎾᏛᏁᎮᏍᏗ.
12. ᎾᏍᏉᏃ ᎠᏕᎸ-ᎠᏂᎩᏏᏙᎯ ᎤᏂᎸᏐᎴ ᏗᎨᎦᏬᏍᏗᏱ, ᎠᎴ ᎯᎠ ᏂᎬᏩᏪᏎᎴᎢ; ᏔᏕᏲᎲᏍᎩ, ᎦᏙ ᏓᏲᏣᏛᏁᎵ?
13. ᎯᎠᏃ ᏂᏚᏪᏎᎴᎢ; ᏞᏍᏗ ᏱᏥᎶᏒᏍᏗᏍᎨᏍᏗ ᎢᎦᎢ ᎡᏥᏁᏤᎸ ᎢᏥᎩᏏᏓᏍᏗᏱ.
14. ᎠᏂᏯᏫᏍᎩᏃ ᎾᏍᏉ ᎢᎬᏩᏛᏛᏁ, ᎯᎠ ᏄᏂᏪᏎᎢ; ᎠᏴ ᎾᏃ ᎦᏙ ᏓᏲᏣᏛᏁᎵ? ᎯᎠᏃ ᏂᏚᏪᏎᎴᎢ; ᏞᏍᏗ ᎩᎶ ᎬᏍᎦᎢᏍᏓᎩ ᎢᏰᏨᏁᎸᎩ, ᎠᎴ ᏞᏍᏗ ᎦᏰᎪᎩ ᏱᏣᏓᎳᏫᏎᎮᏍᏗ; ᎠᎴ ᏰᎵᏉ ᎢᏥᏰᎸᏎᏍᏗ ᎡᏣᎫᏴᎡᎲᎢ.
15. ᎤᏂᏣᏘᏃ ᎠᏂᎦᏖᏃᎮᎢ, ᎠᎴ ᏂᎦᏛᏉ ᎠᏫ ᏙᏧᎾᏓᏅᏛ ᎬᏩᏓᏅᏖᏍᎨ ᏣᏂ, ᎾᏍᎩ ᎦᎶᏁᏛ ᎨᏒ, ᎠᎴ ᎦᎶᏁᏛ ᏂᎨᏒᎾ ᎨᏒᎢ;
16. ᏣᏂ ᎤᏁᏤ ᎯᎠ ᏂᏚᏪᏎᎴ ᏂᎦᏛ, ᎠᏴ ᎤᏙᎯᏳᎯ ᎠᎹ ᏕᏨᏯᏬᏍᏗᎭ; ᏓᏯᎢᏍᎩᏂ ᎤᏟ ᎤᎵᏂᎩᏗᏳ ᎡᏍᎦᏉ ᎠᏴ, ᎾᏍᎩ ᏓᎧᏁᏌᏛ ᏧᎳᏑᎶᎩ ᎥᏝ ᏰᎵ ᏱᏂᎪᎢ ᏗᎩᎧᏁᏴᏗᏱ; ᎾᏍᎩ ᎦᎸᏉᏗᏳ ᎠᏓᏅᏙ ᎠᎴ ᎠᏥᎸ ᏙᏓᏣᏬᏍᏔᏂ;
17. ᎾᏍᎩ ᎤᎳᏐᏫᏍᏗ ᎠᏰᎭ, ᎠᎴ ᏂᎦᏛ ᏓᎦᎳᏐᏫᏏ ᎠᏲᏓᏝᎲᎢ, ᎤᏣᎴᏍᏗᏃ ᏓᎦᏟᏌᏂ ᏛᏂ ᎤᏗᏱ; ᎤᏬᎭᏄᎶᏔᏅᎯᏍᎩᏂ ᏛᎪᎲᏍᏔᏂ ᎠᏥᎸᏱ ᏂᎬᏠᏍᎬᎾ.
18. ᎠᎴ ᎤᏣᏖ ᏧᏓᎴᏅᏛ ᏕᎦᏬᏁᏗᏍᎬ ᏚᎵᏥᏙᏁᎴ ᏴᏫ.
19. ᎡᎶᏛᏍᎩᏂ ᏍᎦᏚᎩ ᎠᏥᎦᏘᏗᏍᏗ ᎨᏒᎢ, ᏣᏂ ᎤᎬᏍᎪᎸᏁ ᏗᎵᏰᎢᎸᏍᏗᏍᎨ ᎡᎶᏗᏏ ᎤᏅᏟ ᏈᎵᎩ ᎤᏓᎴᎢ, ᎠᎴ ᎾᏍᏉ ᏂᎦᏛ ᎤᏣᏘᏂ ᏄᏛᏁᎸ ᎡᎶᏛ,
20. ᎠᏏ ᏭᏓᎪᎾᏛ ᎯᎠ ᎾᏍᎩ ᏄᏛᏁᎴᎢ, ᏣᏂ ᏗᏓᏍᏚᏗᏱ ᎤᏍᏚᏁᎢ.
21. ᎿᎭᏉᏃ ᎯᎠ ᏄᎵᏍᏔᏁᎢ, ᏂᎦᏛ ᏴᏫ ᏕᎨᎦᏬᎥ ᏥᏌ ᎾᏍᏉ ᎠᎦᏬᎡᎢ, ᎠᎴ ᎤᏓᏙᎵᏍᏔᏅ ᎦᎸᎳᏗ ᎤᎵᏍᏚᎢᏎᎢ,
22. ᎠᎴ ᎦᎸᏉᏗᏳ ᎠᏓᏅᏙ ᏧᏠᎠᏎ ᎾᏍᎩ ᎤᏪᏯᎸᏤᎢ, ᎠᏰᎸ ᏧᎴ-ᏗᏍᎪᏂᎯ ᎾᏍᎩᏯ ᎨᏎ ᎤᏙᏢᏒᎢ; ᎧᏁᎬᏃ ᎦᎸᎳᏗ ᏧᎶᏎ ᎯᎠ ᏅᏧᏪᏎᎢ; ᎯᎯ ᎬᎨᏳᎢ ᎠᏇᏥ; ᎣᏏᏳ ᎬᏰᎸᎢ ᏂᎯ.
23. ᏥᏌᏃ ᎿᎭᏉ ᎠᏎ ᏦᎠᏍᎪᎯ ᎢᏳᏕᏘᏴᏛ ᎨᏎᎢ, ᎾᏍᎩ ᏦᏩ ᎤᏪᏥ ᎤᏂᏰᎸᏎᎢ, ᎾᏍᎩ ᎯᎳᏱ ᎤᏪᏥ ᎨᏎᎢ,
24. ᎾᏍᎩ ᎹᏓᏗ ᎤᏪᏥ ᎨᏎᎢ, ᎾᏍᎩ ᎵᏫ ᎤᏪᏥ ᎨᏎᎢ, ᎾᏍᎩ ᎺᎵᎦᏱ ᎤᏪᏥ ᎨᏎᎢ, ᎾᏍᎩ ᏣᎾ ᎤᏪᏥ ᎨᏎᎢ, ᎾᏍᎩ ᏦᏩ ᎤᏪᏥ ᎨᏎᎢ,
25. ᎾᏍᎩ ᎹᏗᏓᏯ ᎤᏪᏥ ᎨᏎᎢ, ᎾᏍᎩ ᎡᎼᏏ ᎤᏪᏥ ᎨᏎᎢ, ᎾᏍᎩ ᏁᎠᎻ ᎤᏪᏥ ᎨᏎᎢ, ᎾᏍᎩ ᎡᏏᎳ, ᎤᏪᏥ ᎨᏎᎢ, ᎾᏍᎩ ᎾᎩ ᎤᏪᏥ ᎨᏎᎢ,
26. ᎾᏍᎩ ᎺᎠᏗ ᎤᏪᏥ ᎨᏎᎢ, ᎾᏍᎩ ᎹᏗᏓᏯ ᎤᏪᏥ ᎨᏎᎢ, ᎾᏍᎩ ᏏᎻᏯ ᎤᏪᏥ ᎨᏎᎢ, ᎾᏍᎩ ᏦᏩ ᎤᏪᏥ ᎨᏎᎢ, ᎾᏍᎩ ᏧᏓ ᎤᏪᏥ ᎨᏎᎢ,
27. ᎾᏍᎩ ᏦᎠᎾ ᎤᏪᏥ ᎨᏎᎢ, ᎾᏍᎩ ᎵᏌ ᎤᏪᏥ ᎨᏎᎢ, ᎾᏍᎩ ᏥᎳᏇᎵ ᎤᏪᏥ ᎨᏎᎢ, ᎾᏍᎩ ᏌᎳᏓᏱᎵ ᎤᏪᏥ ᎨᏎᎢ, ᎾᏍᎩ ᏏᎳᏱ ᎤᏪᏥ ᎨᏎᎢ,
28. ᎾᏍᎩ ᎺᎵᎦᏱ ᎤᏪᏥ ᎨᏎᎢ, ᎾᏍᎩ ᎠᏓᏱ ᎤᏪᏥ ᎨᏎᎢ, ᎾᏍᎩ ᎪᏌᎻ ᎤᏪᏥ ᎨᏎᎢ, ᎾᏍᎩ ᎡᎵᎼᏓᎻ ᎤᏪᏥ ᎨᏎᎢ, ᎾᏍᎩ ᎥᎵ ᎤᏪᏥ ᎨᏎᎢ,
29. ᎾᏍᎩ ᏦᏏ ᎤᏪᏥ ᎨᏎᎢ, ᎾᏍᎩ ᎢᎵᎡᏌ ᎤᏪᏥ ᎨᏎᎢ, ᎾᏍᎩ ᏦᎵᎻ ᎤᏪᏥ ᎨᏎᎢ, ᎾᏍᎩ ᎹᏓᏗ ᎤᏪᏥ ᎨᏎᎢ, ᎾᏍᎩ ᎵᏫ ᎤᏪᏥ ᎨᏎᎢ,
30. ᎾᏍᎩ ᏏᎻᏯᏂ ᎤᏪᏥ ᎨᏎᎢ, ᎾᏍᎩ ᏧᏓ ᎤᏪᏥ ᎨᏎᎢ, ᎾᏍᎩ ᏦᏩ ᎤᏪᏥ ᎨᏎᎢ, ᎾᏍᎩ ᏦᎾᏂ ᎤᏪᏥ ᎨᏎᎢ, ᎾᏍᎩ ᎢᎳᏱᎩᎻ ᎤᏪᏥ ᎨᏎᎢ,
31. ᎾᏍᎩ ᎻᎵᎠ ᎤᏪᏥ ᎨᏎᎢ, ᎾᏍᎩ ᎻᎾᏂ ᎤᏪᏥ ᎨᏎᎢ, ᎾᏍᎩ ᎹᏓᏓ ᎤᏪᏥ ᎨᏎᎢ, ᎾᏍᎩ ᏁᏓᏂ ᎤᏪᏥ ᎨᏎᎢ, ᎾᏍᎩ ᏕᏫ ᎤᏪᏥ ᎨᏎᎢ,
32. ᎾᏍᎩ ᏥᏏ ᎤᏪᏥ ᎨᏎᎢ, ᎾᏍᎩ ᎣᏆᏗ ᎤᏪᏥ ᎨᏎᎢ, ᎾᏍᎩ ᏉᏏ ᎤᏪᏥ ᎨᏎᎢ, ᎾᏍᎩ ᏌᎵᎹ ᎤᏪᏥ ᎨᏎᎢ, ᎾᏍᎩ ᎾᏐᏂ ᎤᏪᏥ ᎨᏎᎢ,
33. ᎾᏍᎩ ᎡᎻᏂᏓ ᎤᏪᏥ ᎨᏎᎢ, ᎾᏍᎩ ᎡᎵᎻ ᎤᏪᏥ ᎨᏎᎢ, ᎾᏍᎩ ᎢᏏᎳᎻ ᎤᏪᏥ ᎨᏎᎢ, ᎾᏍᎩ ᏇᎵᏏ ᎤᏪᏥ ᎨᏎᎢ, ᎾᏍᎩ ᏧᏓ ᎤᏪᏥ ᎨᏎᎢ,
34. ᎾᏍᎩ ᏤᎦᏈ ᎤᏪᏥ ᎨᏎᎢ, ᎾᏍᎩ ᎡᏏᎩ ᎤᏪᏥ ᎨᏎᎢ, ᎾᏍᎩ ᎡᏆᎭᎻ ᎤᏪᏥ ᎨᏎᎢ, ᎾᏍᎩ ᏕᎳ ᎤᏪᏥ ᎨᏎᎢ, ᎾᏍᎩ ᏁᎰ ᎤᏪᏥ ᎨᏎᎢ,
35. ᎾᏍᎩ ᏎᎳᎩ ᎤᏪᏥ ᎨᏎᎢ, ᎾᏍᎩ ᎴᎪ ᎤᏪᏥ ᎨᏎᎢ, ᎾᏍᎩ ᏇᎵᎩ ᎤᏪᏥ ᎨᏎᎢ, ᎾᏍᎩ ᎯᏆ ᎤᏪᏥ ᎨᏎᎢ, ᎾᏍᎩ ᏎᎳ ᎤᏪᏥ ᎨᏎᎢ,
36. ᎾᏍᎩ ᎧᏱᏅ ᎤᏪᏥ ᎨᏎᎢ, ᎾᏍᎩ ᎠᏆᏣ ᎤᏪᏥ ᎨᏎᎢ, ᎾᏍᎩ ᏎᎻ ᎤᏪᏥ ᎨᏎᎢ, ᎾᏍᎩ ᏃᏯ ᎤᏪᏥ ᎨᏎᎢ, ᎾᏍᎩ ᎴᎻᎩ ᎤᏪᏥ ᎨᏎᎢ,
37. ᎾᏍᎩ ᎻᏚᏏᎳ ᎤᏪᏥ ᎨᏎᎢ, ᎾᏍᎩ ᎢᏃᎩ ᎤᏪᏥ ᎨᏎᎢ, ᎾᏍᎩ ᏤᎳᏗ ᎤᏪᏥ ᎨᏎᎢ, ᎾᏍᎩ ᎹᎵᎵᎵ ᎤᏪᏥ ᎨᏎᎢ, ᎾᏍᎩ ᎧᏱᏅ ᎤᏪᏥ ᎨᏎᎢ,
38. ᎾᏍᎩ ᎢᏃᏏ ᎤᏪᏥ ᎨᏎᎢ, ᎾᏍᎩ ᏎᏗ ᎤᏪᏥ ᎨᏎᎢ, ᎾᏍᎩ ᎠᏓᏫ ᎤᏪᏥ ᎨᏎᎢ, ᎾᏍᎩ ᎤᏁᎳᏅᎯ ᎤᏪᏥ ᎨᏎᎢ.

== Luke 4 ==
1. ᏥᏌᏃ ᎤᎧᎵᏨᎯ ᎨᏎ ᎦᎸᏉᏗᏳ ᎠᏓᏅᏙ ᏦᏓᏂ ᏗᎤᏨᏎᎢ, ᎠᎴ ᎠᏓᏅᏙ ᎢᎾᎨ ᏭᏘᏅᏍᏔᏁᎢ,
2. ᎠᎴ ᏅᎦᏍᎪᎯ ᏧᏒᎯᏛ ᎤᎪᎵᏰᏍᎨ ᎠᏍᎩᎾ. ᎾᏍᎩᏃ ᎢᎪᎯᏛ ᎥᏝ ᎪᎱᏍᏗ ᏳᏎᎢ ᎾᏍᎩᏃ ᎤᎵᏍᏆᏛ ᎩᎳ ᎤᏲᏏᏌᏁᎢ.
3. ᎠᏍᎩᎾᏃ ᎯᎠ ᏄᏪᏎᎴᎢ; ᎢᏳᏃ ᏂᎯ ᎤᏁᎳᏅᎯ ᎤᏪᏥ ᎨᏎᏍᏗ, ᎯᏁᎩ ᎯᎠ ᏅᏯ ᎦᏚ ᎢᏳᎵᏍᏙᏗᏱ.
4. ᏥᏌᏃ ᎤᏁᏤᎴ ᎯᎠ ᏄᏪᏎᎢ; ᎯᎠ ᏂᎬᏅ ᎪᏪᎳ; ᏴᏫ ᎥᏝ ᎦᏚᏉ ᎤᏩᏒ ᏱᎬᎿᎭᏗᏍᏕᏍᏗ, ᏂᎦᎥᏍᎩᏂ ᎤᏁᎳᏅᎯ ᎤᏁᏨᎢ.
5. ᎠᏍᎩᎾᏃ ᎤᏘᏅᏎ ᎤᎿᎭᎷᏔᏁ ᎢᏅᎢᎦᏘ ᎣᏓᎸᎢ, ᎠᎴ ᏚᏎᎮᎴ ᎩᎳᏉ ᎢᏴᏛ ᎢᎪᎯᏛ ᏂᎦᎥ ᎠᏰᎵ ᏕᎪᏢᏩᏗᏒ ᎡᎶᎯ.
6. ᎠᎴ ᎠᏍᎩᎾ ᎯᎠ ᏄᏪᏎᎴᎢ; ᎯᎠ ᎾᏍᎩ ᏂᎦᏛ ᎤᎵᏂᎩᏗᏳ ᎨᏒ ᏱᏕᎬᏲᎯᏏ, ᎠᎴ ᎾᏍᎩ ᎦᎸᏉᏗᏳ ᎨᏒᎢ; ᎠᏴᏰᏃ ᏛᎩᏲᎯᏎᎸ, ᎠᎴ ᎩᎶ ᏥᎥᏏ ᎨᎳ ᏥᏁᎰᎢ.
7. ᎾᏍᎩ ᎢᏳᏍᏗ ᎢᏳᏃ ᏱᏍᏆᏓᏙᎵᏍᏓᏁᎸ, ᏂᎦᏗᏳ ᏂᎯ ᏣᏤᎵ ᎨᏎᏍᏗ.
8. ᏥᏌᏃ ᎤᏁᏤ ᎠᎴ ᎯᎠ ᏄᏪᏎᎴᎢ; ᎠᏆᏐᎭᏛ ᎭᎴᏓ ᏎᏓᏂ; ᎯᎠᏰᏃ ᏂᎬᏅ ᎪᏪᎳ; ᏱᎰᏩ ᏣᏁᎳᏅᎯ ᎯᏯᏓᏙᎵᏍᏓᏁᎮᏍᏗ, ᎠᎴ ᎾᏍᎩ ᎤᏩᏒᎯᏳ ᏕᎯᏯᏁᎶᏕᏍᏗ.
9. ᎠᎴ ᏥᎷᏏᎵᎻ ᎤᏘᏃᎴᎢ, ᎠᎴ ᎤᏛᎾ-ᏗᎦᎳᏫᎢᏍᏗᏱ ᎤᏍᎪᎵ ᎤᎩᎸᏔᏁᎢ, ᎠᎴ ᎯᎠ ᏄᏪᏎᎴᎢ; ᎢᏳᏃ ᏂᎯ ᎤᏁᎳᏅᎯ ᎤᏪᏥ ᎨᏎᏍᏗ, ᏨᏒ ᎭᏓᎶᎥᏓ ᎠᏂ;
10. ᎯᎠᏰᏃ ᏂᎬᏅ ᎢᎪᏪᎳ; ᏧᏤᎵ ᏗᏂᎧᎿᎭᏩᏗᏙᎯ ᏙᏓᎧᏁᏤᎵ ᏗᎨᏣᎧᎾᏩᏗᏓᏍᏗᏱ ᎨᏣᏍᏆᏂᎪᏙᏗᏱ;
11. ᎠᎴ ᏧᏃᏰᏂ ᎨᏣᏌᎳᏙᏗᏕᎨᏍᏗ, ᎾᏍᎩ ᎢᎸᎯᏳ ᏅᏲᎯ ᏣᎾᏍᏆᎶᏍᏙᏗᏱ ᏂᎨᏒᎾ.
12. ᏥᏌᏃ ᏧᏁᏨ ᎯᎠ ᏄᏪᏎᎴᎢ; ᎯᎠ ᎢᎦᏪᏛ ᎢᎩ; ᏞᏍᏗ ᏱᎰᏩ ᏣᏁᎳᏅᎯ ᎯᎪᎵᏰᎥᎩ.
13. ᎠᏍᎩᎾᏃ ᎤᏍᏆᏛ ᏂᎦᏛ ᎤᎪᎵᏰᏍᎬᎢ, ᎤᏓᏅᎡᎴ ᎢᎸᏍᎩ ᎢᎪᎯᏛ.
14. ᏥᏌᏃ ᎠᏓᏅᏙ ᎤᏘᏂᏙᎲ ᎨᎵᎵ ᎢᎤᎷᏤᎢ; ᏕᎦᏃᏣᎸᏃ ᎾᎿᎭᎬᏩᏚᏫᏛ ᏚᏰᎵᏏᏙᎴᎢ.
15. ᎠᎴ ᏓᏕᏲᎲᏍᎨ ᏧᏂᎳᏫᎢᏍᏗᏱ, ᎾᏂᎥᏃ ᎬᏩᎸᏉᏗᏳ ᎨᏎᎢ.
16. ᎾᏎᎵᏗᏃ ᎤᎷᏤ ᎾᎿᎭᎠᎦᏛᎯᏍᏔᏅᎢ; ᎢᏳᏛᏁᏗᏃ ᎨᏒ ᏄᏛᏁᎴ ᏭᏴᎴ ᏗᎦᎳᏫᎢᏍᏗᏱ ᎤᎾᏙᏓᏆᏍᎬ ᎢᎦ, ᎠᎴ ᏚᎴᏁ ᏧᎪᎵᏰᏗᏱ ᎪᏪᎵ.
17. ᎠᏥᏅᏁᎴᏃ ᎪᏪᎵ ᎢᏌᏯ ᎠᏙᎴᎰᏍᎩ ᎤᏬᏪᎳᏅᎯ. ᎤᏍᏚᎢᏒᏃ ᎪᏪᎵ ᎤᏩᏛᎮ ᎯᎠ ᏂᎬᏅ ᎪᏪᎸᎢ;
18. ᎠᏓᏅᏙ ᏱᎰᏩ ᎤᏤᎵ ᏔᎵ ᎠᏆᏛᏓᏁᎵᏕᎦ ᏅᏗᎦᎵᏍᏙᏗ ᏣᎩᎶᏁᎥ ᎦᏥᏯᎵᏥᏙᏁᏗᏱ ᎣᏍᏛ ᎧᏃᎮᏛ ᎤᏲ ᎢᏳᎾᏛᎿᎭᏕᎩ; ᏗᎩᏅᏒ ᏗᎦᏥᏅᏬᏗᏱ ᎤᏲ ᎤᎾᏓᏅᏔᏩᏕᎩ, ᎦᏥᏃᏁᏗᏱ ᎠᏂᏴᎩ ᎬᏩᎾᏚᏓᎴᏍᏗ ᎨᏒᎢ, ᎠᎴ ᏗᏂᎨᏫ ᎬᏩᏂᎪᏩᏛᏗ ᎨᏒᎢ, ᎠᎴ ᏗᎦᏥᏯᎪᏗᏱ ᏗᎨᏥᏂᏆᎶᏔᏅᎯ,
19. ᎠᎩᏃᎮᎵᏓᏍᏗᏱ ᎠᏕᏘᏱᏍᎬ ᏱᎰᏩ ᏧᏓᏂᎸᎢᏍᏗ ᎨᏒᎢ.
20. ᎤᏍᏚᏁᏃ ᎪᏪᎵ ᎠᎴ ᏫᎤᏅᏁᎴ ᎠᏥᏅᏏᏓᏍᏗ, ᎠᎴ ᎤᏪᏁᎢ. ᏂᎦᏛᏃ ᏗᎦᎳᏫᎢᏍᏗᏱ ᎠᏂᏯᎢ ᎤᏯᏅᏒᎯ ᏕᎬᏩᎧᎿᎭᏁᎢ.
21. ᎠᎴ ᎤᎴᏅᎮ ᎯᎠ ᏂᏚᏪᏎᎴᎢ; ᎪᎯ ᎢᎦ ᏥᎩ ᎯᎠ ᎾᏍᎩ ᎪᏪᎸ ᎠᏙᎯᏳᎲᎦ ᎢᏣᏛᎩᏍᎬᎢ.
22. ᏂᎦᏗᏳᏃ ᎬᏩᎸᏉᏗᏍᎨᎢ ᎠᎴ ᎠᏂᏍᏆᏂᎪᏍᎨ ᎾᏍᎩ ᏃᏒ ᎤᏬᏂᏒᎢ. ᎯᎠᏃ ᏄᏂᏪᏎᎢ, ᏝᏍᎪ ᎯᎠ ᎾᏍᎩ ᏦᏩ ᎤᏪᏥ ᏱᎩ?
23. ᎯᎠᏃ ᏂᏚᏪᏎᎴᎢ; ᎠᏎ ᏓᏍᎩᏁᎢᏍᏓᏁᎵ ᎯᎠ ᎢᎦᏪᏍᏗ ᏥᎩ; ᏔᏓᏅᏫᏍᎩ, ᏨᏒ ᎭᏓᏅᏮᎦ; ᏂᎦᎥ ᏄᏍᏛ ᎣᎦᏛᎦᏅ ᏕᏣᎸᏫᏍᏓᏁᎸ ᎨᏆᏂ, ᎾᏍᎩ ᎾᏍᏉ ᎿᎭᏛᎦ ᎠᏂ ᏣᏤᎵᎪᎯ.
24. ᎯᎠᏃ ᏄᏪᏎᎢ; ᎤᏙᎯᏳᎯᏯ ᎯᎠ ᏂᏨᏪᏎᎭ, ᎠᏙᎴᎰᏍᎩ ᎥᏝ ᏱᏓᎦᏓᏂᎸᎪ ᎤᏩᏒ ᎤᏤᎵᎪᎯ.
25. ᎠᏎᏃ ᎤᏙᎯᏳᎯᏯ ᎯᎠ ᏂᏨᏪᏎᎭ; ᎤᏂᏣᏖ ᏧᏃᏑᎶᏨᎯ ᎢᏏᎵᏱ ᎾᎯᏳ ᎢᎳᏯ ᏤᎮᎢ, ᎦᎸᎶᎢ ᏧᎵᏍᏚᎯ ᏦᎢ ᏧᏕᏘᏴᏛ ᏑᏓᎵᏃ ᎢᏯᏅᏙ, ᎾᎯᏳ ᎤᏣᏘ ᏥᏚᎪᏄᎶᎭ ᏂᎬᎾᏛᎢ.
26. ᎠᏎᏃ ᎥᏝ ᎢᎳᏯ ᏯᏥᏅᏎ ᎩᎶ ᏭᎷᏤᏗᏱ, ᎠᎨᏴ ᎤᏬᏑᎶᏨᎯ ᎤᏩᏒ, ᏌᎴᏓ ᎾᏍᎩ ᏌᏙᏂ ᎦᏚᎲ ᎦᏁᎳ.
27. ᎠᎴ ᎤᏂᏣᏖ ᎠᏁᎮ ᎠᏓᏰᏍᎩ ᏧᏂᏢᎩ ᎢᏏᎵᏱ ᎾᎯᏳ ᎢᎳᏏᏯ ᎠᏙᎴᎰᏍᎩ ᏤᎮᎢ; ᎠᏎᏃ ᎥᏝ ᎩᎶ ᏯᏥᏅᎦᎸᎡ, ᏁᎹᏂ ᏏᎵᏱ ᎡᎯ ᎤᏩᏒ.
28. ᏂᎦᏛᏃ ᏗᎦᎳᏫᎢᏍᏗᏱ ᎠᏂᏯᎢ ᎾᏍᎩ ᎯᎠ ᎤᎾᏛᎦᏅ ᎤᏂᎧᎵᏤ ᎤᏂᏔᎳᏬᏍᎬᎢ.
29. ᏚᎾᎴᏁᏃ ᎠᎴ ᎬᏩᏄᎪᏫᏎ ᎦᏚᎲᎢ, ᎠᎴ ᏭᏩᏝᎥ ᎤᏌᎯᎸ ᏫᎬᏩᏘᏅᏍᏔ ᎾᎿᎭᎤᏂᏚᎲ ᎦᎧᎲᎢ, ᏗᎬᏩᎶᎥᏔᏂᏎᎢ
30. ᎠᏎᏃ ᎤᎦᏛᎴᏎ ᎠᏰᎵ ᎠᏂᏙᎾᎥ ᎢᎬᏪᏅᏍᏔᏁᏉ;
31. ᎠᎴ ᎨᏆᏂ ᏭᎷᏤ ᎾᏍᎩ ᎨᎵᎵ ᎦᏚᎲᎢ, ᎠᎴ ᏕᎨᏲᎲᏍᎨ ᎤᎾᏙᏓᏆᏍᎬ ᎢᎦ ᏓᏍᏆᎸᎮᎬᎢ.
32. ᎤᏂᏍᏆᏂᎪᏎᏃ ᏄᏍᏛ ᏓᏕᏲᎲᏍᎬᎢ, ᎤᎵᏂᎩᏗᏳᏰᏃ ᎧᏁᎨᎢ.
33. ᏗᎦᎳᏫᎢᏍᏗᏱᏃ ᎠᏯᎡ ᎩᎶ ᎢᏳᏍᏗ ᎠᏍᎦᏯ ᎦᏓᎭ ᎠᏓᏅᏙ ᎠᏍᎩᎾ ᎤᏯᎢ, ᎠᎴ ᎠᏍᏓᏇ ᎤᏪᎷᏁᎢ,
34. ᎯᎠ ᏂᎦᏪᏍᎨᎢ, ᎣᎦᏁᎳᎩ; ᎦᏙ ᏗᎦᏓᏛᏙᏗ ᏂᎯ ᏥᏌ ᎾᏎᎵᏗ ᎮᎯ? ᏍᎩᏛᏔᏂᏄᏧ? ᎬᎦᏔᎭ ᏂᎯ ᎾᏍᎩ ᎨᏒᎢ-ᎦᎸᏉᏗᏳ ᎤᏁᎳᏅᎯ ᎤᏤᎵᎦ ᎨᏒᎢ
35. ᏥᏌᏃ ᎤᏍᎦᏤᎢ, ᎯᎠ ᏄᏪᏎᎢ, ᎡᎳᏪ ᎲᎾ, ᎠᎴ ᎯᏄᎪᎢ ᎠᏍᎩᎾᏃ ᎠᏂᏅ ᎠᏰᎵ ᎤᏍᏢᏂᏍᏔᏅ ᎤᏄᎪᏤ ᎠᏍᎦᏲᎯ, ᎠᎴ ᎥᏝ ᎪᎱᏍᏗ ᏳᏩᏁᎴᎢ.
36. ᏂᎦᏛᏃ ᎤᏂᏍᏆᏂᎪᏎᎢ, ᎠᎴ ᎤᎾᎵᏃᎮᎴ ᎤᏅᏒ ᎨᏒ ᎯᎠ ᏂᏚᎾᏓᏪᏎᎴᎢ; ᎦᏙ ᎤᏍᏗ ᎧᏁᎢᏍᏗ ᎯᎠ? ᎤᏤᎵᎦᏯᏰᏃ ᎠᎴ ᎤᎵᏂᎩᏛ ᎨᏒ ᏕᎬᏗᎭ ᏕᎧᏁᏤ ᎠᏂᎦᏓᎭ ᏗᏓᏅᏙ, ᎠᎴ ᎠᏂᏄᎪᎦ.
37. ᏕᎦᏃᏣᎸᏃ ᎾᎿᎭᏂᎬᎾᏛ ᏚᏰᎵᏏᏙᎴᎢ.
38. ᏚᎴᏅᏃ ᎤᏄᎪᏤ ᏗᎦᎳᏫᎢᏍᏗᏱ, ᏌᏩᏂᏃ ᎦᏁᎸ ᏭᏴᎴᎢ. ᏌᏩᏂᏃ ᎤᏓᎵᎢ ᎤᏥ ᎤᏣᏘ ᎤᏗᎴᎲᏍᎨᎢ; ᎬᏩᏔᏲᏎᎴᏃ ᎤᏍᏕᎸᏗᏱ.
39. ᎦᏅᎬᏃ ᎾᎥ ᎤᎴᏁ, ᎠᎴ ᎤᏍᎦᏤ ᎤᏗᎴᎲᏍᎬᎢ, ᎤᏙᎣᎴᏃ ᎤᏗᎴᎲᏍᎬᎢ, ᎩᎳᏉᏃ ᎢᏴᏛ ᎤᏗᏛᎮ, ᎠᎴ ᏚᏍᏕᎸᎪᏙᎴᎢ.
40. ᎠᎴ ᎿᎭᏉ ᏭᏕᎵᎨ ᏅᏙ ᏂᎦᏛ ᏧᏓᎴᏅᏛ ᏧᏂᏢᎩ ᏧᏁᎯ ᏕᎬᏩᏘᏃᎮᎴᎢ, ᎠᎴ ᎠᏂᏏᏴᏫᎭ ᏚᏏᏔᏕ ᎠᎴ ᏚᏅᏩᏁᎢ
41. ᎠᎴ ᎠᏂᏍᎩᎾ ᎾᏍᏉ ᎬᏩᏂᏄᎪᎨ ᎤᏂᏣᏖᎢ, ᎠᏁᎷᎲᏍᎨ ᎯᎠ ᎾᏂᏪᏍᎨᎢ; ᏂᎯ ᎦᎶᏁᏛ ᎤᏁᎳᏅᎯ ᎤᏪᏥ. ᏚᏍᎦᏤᏃ ᏚᏅᏍᏓᏕᎴ ᎤᏂᏁᎢᏍᏗᏱ; ᎠᏂᎦᏔᎮᏰᏃ ᎾᏍᎩ ᎦᎶᏁᏛ ᎨᏒᎢ.
42. ᎠᎴ ᎿᎭᏉ ᎤᎩᏨᏅ ᎤᏂᎨᏎ ᎠᎴ ᎢᎾᎨ ᏭᎶᏎᎢ; ᎤᏂᏣᏘᏃ ᎬᏩᏲᎴᎢ, ᎠᎴ ᎬᏩᎷᏤᎴᎢ, ᎠᎴ ᎬᏩᏗᎩᏯᏍᎨᎢ, ᏞᏍᏗ ᏍᎩᏯᏓᏅᎡᎸᎩ ᎬᏬᏎᎮᎢ.
43. ᎯᎠᏃ ᏂᏚᏪᏎᎴᎢ; ᎠᏎ ᎾᏍᏉ ᏗᏐᎢ ᏕᎦᏚᏩᏗᏒ ᎦᏥᏯᎵᏥᏙᏁᏗ ᎠᎩᏃᎮᏗ ᎤᏁᎳᏅᎯ ᎤᎬᏫᏳᎯ ᎨᏒᎢ; ᎾᏍᎩᏰᏃ ᎢᏯᏆᏛᏁᏗᏱ ᏨᎩᏅᏒ.
44. ᎠᎴ ᎠᎵᏥᏙᎲᏍᎨ ᏗᎦᎳᏫᎢᏍᏗᏱ ᏓᏓᏁᎸ ᎨᎵᎵ.

== Luke 5 ==
1. ᎯᎠᏃ ᏄᎵᏍᏔᏁᎢ, ᎾᏍᎩ, ᎤᏂᏣᏘ ᎬᏩᏜᏓᏫᏍᏗᏕᎨ ᎤᎾᏛᎪᏗᏱ ᎧᏃᎮᏛ ᎤᎾᎳᏅᎯ ᎤᏤᎵᎦ, ᎨᏂᏏᎳᏗ ᎥᏓᎷᎶᏗ ᎦᏙᎨᎢ.
2. ᏥᏳᏃ ᏔᎵ ᏚᎪᎮ ᎥᏓᎷᎶᏗ ᏓᏔᎴᎢ; ᎠᏂᎦᏯᎷᎥᏍᎩᏍᎩᏂ ᎤᎾᏣᎢᏛ ᎨᏎᎢ, ᎠᎴ ᏓᏅᎩᎶᏍᎨ ᎫᏂᎦᏯᎷᏗ.
3. ᏌᏉᏃ ᎠᏔᎸ ᏥᏳ ᎤᏣᏁᎢ ᎾᏍᎩ ᏌᏩᏂ ᎤᏤᎵᎦ ᎨᏎᎢ, ᎠᎴ ᎤᏔᏲᏎᎴ ᎤᏍᏗᎩᏛ ᎢᏴᏛ ᏭᎧᏙᏯᏍᏗᏱ. ᎤᏪᏁᏃ ᎠᎴ ᏚᏪᏲᏁ ᎤᏂᏣᏘ ᏥᏳᎢ ᎬᏩᏣᎢ.
4. ᎿᎭᏉᏃ ᎤᏲᎯᏍᏔᏅ ᎦᏬᏂᏍᎬ ᎯᎠ ᏄᏪᏎᎴ ᏌᏩᏂ, ᏗᏍᏛᎬ ᏫᏅᏍᏛ ᎠᎴ ᎡᎳᏗ ᏂᏗᏨᎦ ᏗᏥᎦᏯᎷᏗ ᏗᏥᏂᏴᏗᏱ.
5. ᏌᏩᏂᏃ ᎤᏁᏤ ᎯᎠ ᏄᏪᏎᎴᎢ; ᏔᏕᏲᎲᏍᎩ ᎤᎵᏨᏓᏆᏛ ᏙᎩᎸᏫᏍᏓᏏ ᎥᏝᏃ ᎪᎱᏍᏗ ᏲᏥᏂᏴ; ᎠᏎᏃ ᏂᎯ ᏣᏁᏨ ᎢᏳᏍᏗ ᏓᎬᏂ ᎠᎦᏯᎷᏗ.
6. ᎾᏍᎩᏃ ᏄᎾᏛᏁᎸ ᎤᏂᏣᏘ ᏚᏂᏂᏴᎮ ᎠᏣᏗ; ᎠᎴ ᎤᏂᎦᏯᎷᏗ ᏚᎾᎵᎦᎵᏎᎴᎢ
7. ᏚᎾᏁᎶᏥᏁᎴᏃ ᎤᎾᎵᎪᎯ ᏐᎢᏱ ᏥᏳᎯ ᎤᎾᏣᎢ ᏅᏓᎬᏩᏂᏍᏕᎸᎲᏍᏗᏱ. ᎤᏂᎷᏤᏃ, ᎠᎴ ᎢᏧᎳ ᏥᏳ ᏚᏂᎧᎵᎴᎢ, ᎾᏍᎩᏃ ᎿᎭᏉ ᏕᎦᏃᏴᎨᎢ.
8. ᏌᏃᏂᏃ ᏈᏓ ᎤᎪᎲ ᎤᏓᏅᏁ ᏥᏌ ᏗᎧᏂᎨᏂ ᎾᎥᎢ, ᎯᎠ ᏂᎦᏪᏍᎨᎢ; ᏣᎬᏫᏳᎯ ᏍᏆᏓᏅᏏ, ᏥᏍᎦᎾᎯᏳᏰᏃ ᎠᏴ.
9. ᎤᏍᏆᏂᎪᏎᏰᏃ ᎠᎴ ᏂᎦᏛ ᎠᏁᎯ ᎤᏂᏍᏆᏂᎪᏎ ᏅᏗᎦᎵᏍᏙᏗᏍᎨ ᎾᏂᎥ ᎠᏣᏗ ᏚᏂᏂᏴᎲᎢ;
10. ᎠᎴ ᎾᏍᏉ ᏥᎻ ᎠᎴ ᏣᏂ ᏤᏈᏗ ᏧᏪᏥ ᎾᏍᎩ ᎤᎾᎵᎪᎯ ᏥᎨᏎ ᏌᏩᏂ. ᏥᏌᏃ ᎯᎠ ᏄᏪᏎᎴ ᏌᏩᏂ; ᏞᏍᏗ ᏣᏍᎦᎸᎩ; ᎪᎯ ᎢᏳᏓᎴᏅᏛ ᏴᏫ ᏘᏂᏱᏍᎩ ᎨᏎᏍᏗ.
11. ᎤᏩᏝᎥᏃ ᏚᏂᏔᎳᏗᎸ ᏥᏳ, ᏂᎦᏛ ᏚᏂᏲᏐᏁ ᎠᎴ ᎬᏩᏍᏓᏩᏛᏎᎢ.
12. ᎯᎠᏃ ᏄᎵᏍᏔᏁ ᎢᎸᎯᏢ ᎦᏚᎲ ᎡᏙᎲᎢ, ᎬᏂᏳᏉ ᎠᏍᎦᏯ ᏂᎬ ᎠᏓᏰᏍᎩ ᎤᏢᎩ ᎾᎿᎭᎡᏙᎮᎢ; ᎾᏍᎩ ᏥᏌᎤᎪᎲ ᎤᏯᏍᏚᏎᎢ, ᎠᎴ ᎤᏔᏲᏎᎴ ᎯᎠ ᏄᏪᏎᎢ, ᏣᎬᏫᏳᎯ, ᎢᏳᏃ ᎣᏏᏳ ᏱᏣᏰᎸᏅ ᏰᎵᏉ ᏱᏍᎩᏅᎦᎸ.
13. ᎤᏙᏯᏅᎯᏛᏃ ᎤᏒᏂᎴᎢ, ᎯᎠ ᏄᏪᏎᎢ; ᎣᏏᏳ ᏥᏰᎸᎾ; ᏣᏓᏅᎦᎸᏛ ᎨᏎᏍᏗ. ᎩᎳᏉᏃ ᎢᏴᏛ ᎠᏓᏰᏍᎩ ᎤᏢᎬ ᎤᏓᏅᎡᎴᎢ.
14. ᎤᏁᏤᎴᏃ ᎩᎶ ᎤᏃᏁᏗᏱ ᏂᎨᏒᎾ; ᎮᎾᏉᏍᎩᏂ, [ᎤᏬᏎᎴᎢ,] ᏫᏯᏓᎾᏄᎪᏫᏏ ᎠᏥᎸ-ᎨᎶᎯ, ᎠᎴ ᎼᏏ ᎤᏁᏨ ᏣᏓᏅᎦᎸᎲ ᎠᎵᏍᎪᎸᏙᏗ ᏫᎲᎦ, ᎾᏍᎩ ᎤᎾᏙᎴᎰᎯᏍᏙᏗ.
15. ᎠᏎᏃ ᎤᏟᏉ ᎢᎦᎢ ᏚᏰᎵᏎ ᎾᏍᎩ ᏕᎦᏃᏣᎸᎢ. ᎤᏂᏣᏘᏃ ᏚᏂᎳᏫᏦᎴ ᎤᎾᏚᎵᏍᎨ ᎤᎾᏛᎪᏗᏱ ᎠᎴ ᏧᏅᏬᏗᏱ ᏚᏂᏢᎬᎢ.
16. ᎤᏓᏅᏎᏃ ᎢᎾᎨ ᏬᎶᏎ ᎠᎴ ᎠᏓᏙᎵᏍᏗᏍᎨᎢ.
17. ᎢᎸᎯᏳᏃ ᎯᎠ ᏄᎵᏍᏔᏁᎢ, ᎾᎯᏳ ᏓᏕᏲᎲᏍᎨᎢ, ᎾᎿᎭᎠᏂᏁ ᎠᏂᏆᎵᏏ ᎠᎴ ᏗᎧᎿᎭᏩᏛᏍᏗ ᏗᏃᏏᏏᏍᎩ ᏕᎦᏚᏩᏗᏒ ᎨᎵᎵ ᏅᏓᏩᏂᎶᏒᎯ, ᎠᎴ ᏧᏗᏱ, ᎠᎴ ᏥᎷᏏᎵᎻ; ᎤᎬᏫᏳᎯᏃ ᎤᎵᏂᎬᎬ ᏚᎾᏗᏫᏍᏗᏍᎨᎢ.
18. ᎠᎴ ᎬᏂᏳᏉ ᎩᎶ ᎢᏳᎾᏍᏗ ᎠᏂᏍᎦᏯ ᎤᏂᏃᎴ ᎠᏤᏍᏙᎩᎯ ᎦᏅᎨ ᎠᏍᎦᏯ ᎤᎸᏓᎸᎥᏍᎩ; ᎤᎾᏁᎶᏔᏁᏃ ᎤᏂᏴᏔᏂᎯᏍᏗᏱ, ᎠᎴ [ᏥᏌ] ᎢᎬᏱᏢ ᎤᏂᏅᏁᏗᏱ.
19. ᎤᎾᏠᏨᏃ ᎢᏳᎾᏛᏁᏗᏱ ᎤᏂᏴᏔᏂᎯᏍᏗᏱ ᎤᏂᏣᏘ ᎨᏒ ᎢᏳᏍᏗ, ᎦᏌᎾᎵ ᎤᎾᎩᎳᏫᏎᎢ, ᎾᎿᎭᏃ ᏧᏂᎦᏛᎴᎯᏍᏔᏁ ᎤᎾᏠᎥᏔᏂᎴ ᎤᏤᏍᏙ ᎬᏩᏠᏯᏍᏗ ᎤᎾᏓᏡᎬ ᎠᏰᎵ, ᏥᏌ ᎢᎬᏱᏢ ᎤᏂᏅᏁᎴᎢ.
20. ᎤᏃᎯᏳᏒᏃ ᎤᏙᎴᎰᏒ, ᎯᎠ ᏄᏪᏎᎴᎢ; ᎯᏍᎦᏯ, ᏣᏍᎦᏅᏨ ᎡᏣᏙᎵᎩ.
21. ᏗᏃᏪᎵᏍᎩᏃ ᎠᎴ ᎠᏂᏆᎵᏏ ᎤᎾᏓᏅᏖᎴ ᎯᎠ ᏄᏂᏪᏎᎢ; ᎦᎪ ᎯᎠ ᎾᏍᎩ ᏣᏐᏢᎢᏍᏗᎭ? ᎦᎪ ᎬᏩᏓᏙᎵᏍᏗ ᎠᏍᎦᏅᏨᎢ? ᏝᏍᎪ ᎤᏁᎳᏅᎯ ᎤᏩᏒ?
22. ᎠᏎᏃ ᏥᏌ ᎤᏙᎴᎰᏒ ᏄᏍᏛ ᏓᎾᏓᏅᏖᏍᎬᎢ, ᎤᏁᏤ ᎯᎠ ᏂᏚᏪᏎᎴᎢ; ᎦᏙ ᎢᏣᏓᏅᏖᎭ ᏙᏗᎶᏓᏅᏛᎢ?
23. ᎦᏙ ᎤᏍᏗ ᎤᏟ ᎠᎯᏗᏳ ᎧᏁᎢᏍᏗᏱ, ᏣᏍᎦᏅᏨ ᎡᏣᏙᎵᎩ ᎠᏛᏗᏱ; ᎠᎴ ᎯᎠ ᎢᎦᏪᏍᏗᏱ, ᏔᎴᎲᎦ ᎠᎴ ᎮᏓ?
24. ᎠᏎᏃ ᎢᏣᏙᎴᎰᎯᏍᏗᏱ ᏴᏫ ᎤᏪᏥ ᏰᎵᏉ ᎠᏂ ᎡᎶᎯ ᎬᏩᏓᏙᎵᏍᏗ ᎨᏒ ᎣᏍᎦᏅᏨᎢ, (ᎯᎠ ᏄᏪᏎᎴ ᎤᎸᏓᎸᎥᏍᎩ;) ᎯᎠ ᏂᎬᏪᏎᎭ; ᏔᎴᎲᎦ, ᏣᏤᏍᏙ ᎯᎾᎩ, ᎠᎴ ᏗᏤᏅᏒ ᎮᎾ.
25. ᎩᎳᏉᏃ ᎢᏴᏛ ᎤᏗᏛᎮ ᏓᏂᎧᏅᎢ, ᎠᎴ ᎤᏁᏎ ᎤᏤᏍᏙᎩ, ᎠᎴ ᏧᏪᏅᏒ ᏭᎶᏎᎢ, ᎦᎸᏉᏗᏍᎨ ᎤᏁᎳᏅᎯ.
26. ᏂᎦᏗᏳᏃ ᎤᏣᏔᏅᎯ ᎤᏂᏍᏆᏂᎪᏎᎢ, ᎠᎴ ᎤᏂᎸᏉᏔᏁ ᎤᏁᎳᏅᎯ, ᎠᎴ ᎤᎧᎵᏨᎯ ᎤᎾᏰᎯᏍᏗ ᎤᎾᏓᏅᏓᏕᎢ, ᎯᎠ ᎾᏂᏪᏍᎨᎢ; ᎤᏍᏆᏂᎪᏗᏳ ᎢᏗᎪᏩᏛ ᎪᎯ ᎢᎦ.
27. ᎾᏍᎩᏃ ᎯᎠ ᏄᎵᏍᏔᏂᏙᎸ ᎤᏄᎪᏤᎢ, ᎠᎴ ᎤᎪᎮ ᎠᏕᎸ ᎠᎩᏏᏙᎯ ᎵᏫ ᏧᏙᎢᏛ, ᎤᏬᎴ ᎠᏰᎵ ᎡᎯ ᎠᏕᎸ ᎠᎫᏴᏗᏱ; ᎠᎴ ᎯᎠ ᏄᏪᏎᎴᎢ, ᏍᎩᏍᏓᏩᏚᎦ.
28. ᏂᎦᏛᏃ ᎤᏮᏕᏦᏁ ᎠᎴ ᏚᎴᏁ ᎤᏍᏓᏩᏛᏎᎢ.
29. ᎵᏫᏃ ᎤᏣᏘ ᏣᎦᎵᏍᏓᏴᎾᏁᏗᏱ ᎤᏛᏅᎢᏍᏓᏁᎴ ᎤᏩᏒ ᎦᏁᎸᎢ; ᎠᎴ ᎤᏂᏣᏖ ᎠᏕᎸ ᎠᏂᎩᏏᏙᎯ ᎠᎴ ᏅᏩᎾᏓᎴ ᎢᏧᎳᎭ ᎠᏂᏅᏜᏓᎡᎢ.
30. ᏗᏃᏪᎵᏍᎩᏍᎩᏂ ᏧᎾᏤᎵ ᎠᎴ ᎠᏂᏆᎵᏏ ᏚᏂᏔᎳᏬᎯᏎᎴ ᎬᏩᏍᏓᏩᏗᏙᎯ, ᎯᎠ ᏄᏂᏪᏎᎢ; ᎦᏙᏃ ᎢᏧᎳᎭ ᎢᏣᎵᏍᏓᏴᎲᏍᎦ ᎠᎴ ᎢᏣᏗᏔᏍᎦ ᎠᏕᎸ ᎠᏂᎩᏏᏙᎯ ᎠᎴ ᎠᏂᏍᎦᎾᎢ?
31. ᏥᏌᏃ ᎤᏁᏨ ᎯᏴ ᏂᏑᏪᏎᎴᎢ; ᏂᏚᏂᏢᎬᎾ ᎥᏝ ᎤᏚᎸᏗ ᏱᏄᎾᎵᏍᏓᏁᎰ ᏗᏓᏅᏫᏍᎩ, ᏧᏂᏢᎩᏍᎩᏂ.
32. ᎥᏝ ᎤᎾᏓᏅᏘ ᏱᏗᏥᏯᏅᎯᎸ, ᎠᏂᏍᎦᎾᏍᎩᏂ ᏧᏂᏁᏟᏴᏍᏗᏱ ᏚᎾᏓᏅᏛᎢ.
33. ᎯᎠᏃ ᏂᎬᏩᏪᏎᎴᎢ; ᎦᏙᏃ ᏣᏂ ᎬᏩᏍᏓᏩᏗᏙᎯ ᏯᏃᎩᏳ ᎠᎹᏟ ᎠᏅᏍᎪᎢ ᎠᎴ ᎠᎾᏓᏙᎵᏍᏗᏍᎪᎢ, ᎠᎴ ᎾᏍᏉ ᎠᏂᏆᎵᏏ ᎬᏩᏂᏍᏓᏩᏗᏙᎯ; ᏂᎯᏍᎩᏂ ᎨᏣᏍᏓᏩᏗᏙᎯ ᎠᎾᎵᏍᏓᏴᎲᏍᎪ ᎠᎴ ᎠᎾᏗᏔᏍᎪᎢ.
34. ᎯᎠᏃ ᏂᏚᏪᏎᎴᎢ; ᏥᎪ ᏕᎨᎦᏨᏍᏗᏍᎬ ᎠᏂᎦᏔᎯ ᎠᎹᏟ ᎤᏅᏗᏱ ᏱᏂᏕᏨᏂᏏ ᎠᏏᏉ ᎤᏁᎳᏗᏙᎲ ᎤᏕᏒᏂᎸᎯ?
35. ᎠᏎᏃ ᏗᎵᏰᎢᎶᎵ ᎢᎦ ᏓᎨᏥᏯᏅᎡᎵ ᎤᏕᏒᏂᎸᎯ, ᎾᎯᏳᏃ ᎿᎭᏉ ᎠᎹᏟ ᎠᏅᏍᎨᏍᏗ.
36. ᏚᏟᎶᏍᏓᏁᎴᏃ ᎾᏍᏉ [ᎯᎠ ᏄᏪᏎᎢ;] ᎥᏝ ᎩᎶ ᎢᏤ ᎠᏄᏬ ᎤᏪᏘᎯ ᏱᎦᎳᏍᏢᎥᏍᎪᎢ; ᎢᏳᏰᏃ ᎾᏍᎩ ᏱᏄᏛᏁᎸ, ᎢᏤ ᎠᏄᏬ ᎦᏣᎦᎵᏍᎪ ᎤᏪᏘ, ᎠᎴ ᎾᏍᏉ ᎢᏤ ᎠᎬᎭᎸᏛ ᎥᏝ ᏱᏓᎾᏙᎵᎪ ᎤᏪᏘ.
37. ᎥᏝ ᎠᎴ ᎩᎶ ᎩᎦᎨ-ᎠᏗᏔᏍᏗ ᏧᏪᏘ ᏗᏑᏢᏛ ᏱᏓᏟᏍᏗᏍᎪᎢ; ᎢᏤᏰᏃ ᎩᎦᎨ-ᎠᏗᏔᏍᏗ ᏱᏙᎦᏣᎦᎸ ᏗᏑᏢᏛ ᎠᎴ ᏯᏤᏬᎩ, ᏗᏑᏢᏛᏃ ᏱᏓᏲᎩ.
38. ᎢᏤᏍᎩᏃ ᎩᎦᎨ-ᎠᏗᏔᏍᏗ ᎠᏎ ᏗᏤ ᏗᏑᏢᏛ ᏗᏟᏍᏙᏗ; ᎩᎳ ᎿᎭᏉ ᎢᏧᎳ ᏂᏗᎬᏩᏍᏙᎢ
39. ᎥᏝ ᎠᎴ ᎩᎶ ᎤᏪᏘ ᎩᎦᎨ-ᎠᏗᏔᏍᏗ ᎤᏚᎩᏛ ᏥᎨᏐ ᎢᎬᏪᏅᏛ ᎢᏤ ᏳᏚᎵᏍᎪᎢ; ᎯᎠᏰᏃ ᏂᎦᏪᏍᎪᎢ, ᎤᏪᏘ ᎤᏟ ᏃᎯ.

== Luke 6 ==
1. ᎯᎠᏃ ᏄᎵᏍᏔᏁ ᏔᎵᏁ ᎤᎾᏙᏓᏆᏍᎬ ᎢᎬᏱᏱ ᏄᎵᏐᏃᎢ, ᎾᏍᎩ ᏠᎨᏏ ᎤᏣᎴᏍᏗ ᏓᏫᏒ ᎤᎶᏎᎢ, ᎬᏩᏍᏓᏩᏗᏙᎯᏃ ᏚᏂᏍᎫᏕᏎ ᎤᏣᎴᏍᏗ, ᎠᎴ ᎤᏂᏍᏗᎨ ᎠᎾᏍᎪᎵᏰᏍᎨ ᏧᏃᏰᏂ.
2. ᎩᎶᏃ ᎢᏳᎾᏍᏗ ᎠᏂᏆᎵᏏ ᎯᎠ ᏂᎬᏩᏂᏪᏎᎴᎢ, ᎦᏙᏃ ᏂᎯ ᏂᏣᏛᏁᎭ ᎾᏍᎩ ᎢᎬᏛᏁᏗ ᏂᎨᏒᎾ ᎨᏒ ᎤᎾᏙᏓᏆᏍᎬ ᎢᎦ.
3. ᏥᏌᏃ ᏚᏁᏤᎸ ᎯᎠ ᏄᏪᏎᎢ; ᏝᏍᎪ ᎾᏍᏉ ᎯᎠ ᎾᏍᎩ ᏱᏥᎪᎵᏰᎣᎢ, ᎾᏍᎩ ᏕᏫ ᏄᏛᏁᎸᎢ, ᎠᎪᏄ ᏧᏲᏏᏍᎨ ᎤᏩᏒ ᎠᎴ ᎾᏍᎩ ᏣᏁᎮᎢ?
4. ᎾᏍᎩ ᏧᏴᎴ ᎤᏁᎳᏅᎯ ᎤᏤᎵ ᎠᏓᏁᎸᎢ, ᎠᎴ ᏧᎩᏎ ᎠᎴ ᏧᎨ ᎦᏚ ᎠᎦᏙᏗ, ᎠᎴ ᎾᏍᏉ ᏥᏚᏁᎴ ᎾᏍᎩ ᏣᏁᎮᎢ; ᎾᏍᎩ ᏂᏚᏳᎪᏛᎾ ᏥᎩ ᎩᎶ ᎤᎩᏍᏗᏱ ᎠᏥᎸ-ᎠᏁᎶᎯ ᎤᏅᏒ.
5. ᎠᎴ ᎯᎠ ᏂᏚᏪᏎᎴᎢ; ᎾᏍᏉ ᎤᎾᏙᏓᏆᏍᎬ ᏴᏫ ᎤᏪᏥ ᎤᏤᎵᎦ.
6. ᎯᎠᏃ ᎾᏍᏉ ᏄᎵᏍᏔᏁ Ꮕ-ᏩᏓᎴ ᎤᎾᏙᏓᏆᏍᎬᎢ, ᎾᏍᎩ ᏭᏴᎴ ᏗᎦᎳᏫᎢᏍᏗᏱ ᎠᎴ ᏚᏕᏲᏁᎢ; ᎾᎿᎭᏃ ᎡᏙᎮ ᎠᏍᎦᏯ ᎠᎦᏘᏏᏗᏢ ᎤᏬᏰᏂ ᎤᏩᎢᏎᎸᎯ
7. ᏗᏃᏪᎵᏍᎩᏃ ᎠᎴ ᎠᏂᏆᎵᏏ ᎬᏩᏯᏫᏍᎨᎢ, ᏥᎪ ᎬᏩᏓᏅᏬᏗᏉ ᎤᎾᏙᏓᏆᏍᎬ ᎢᎦ ᎠᏁᎵᏍᎨᎢ, ᎾᏍᎩ ᎪᎱᏍᏗ ᎬᏩᏄᎯᏍᏙᏗ ᎤᏂᏲᎮᎢ.
8. ᎠᏎᏃ ᎠᎦᏔᎮ ᏄᏍᏛ ᏓᎾᏓᏅᏖᏍᎬᎢ, ᎠᎴ ᎯᎠ ᏄᏪᏎᎴ ᎠᏍᎦᏯ ᎤᏩᎢᏎᎸᎯ ᎤᏬᏰᏂ; ᏔᎴᎲᎦ, ᎠᎴ ᎠᏰᎵ ᎭᎴᏂᎦ. ᏚᎴᏅᏃ ᎤᎴᏂᎴᎢ.
9. ᎿᎭᏉᏃ ᏥᏌ ᎯᎠ ᏂᏚᏪᏎᎴᎢ; ᏑᏓᎴᎩ ᏓᏨᏯᏛᏛᏂ; ᎦᏙ ᏚᏳᎪᏗ ᎤᎾᏙᏓᏆᏍᎬᎢ? ᎣᏍᏛᏍᎪ ᏗᎦᎸᏫᏍᏓᏁᏗᏱ, ᎤᏲᎨ ᏗᎦᎸᏫᏍᏓᏁᏗᏱ? ᎬᏅ ᎠᏍᏕᎸᏗᏱ, ᎠᏓᎯᏍᏗᏱᎨ?
10. ᏚᎧᎿᎭᏂᏙᎸᏃ ᎬᏩᏚᏫᏛ ᏂᎦᏛ ᏄᎾᏛᏅᎢ, ᎯᎠ ᏄᏪᏎᎴ ᎠᏍᎦᏯ; ᎭᏙᏯᏅᎯᏛ. ᎾᏍᎩᏃ ᏄᏛᏁᎴᎢ; ᎤᏬᏰᏂᏃ ᎤᏗᏩᏎ ᎾᏍᎩᏯ ᏐᎢ ᏄᏍᏛ ᏄᎵᏍᏔᏁᎢ.
11. ᎤᏂᎧᎵᏤᏃ ᎤᏂᏔᎳᏬᏍᎬᎢ; ᏚᎾᎵᏃᎮᎴᏃ ᎤᏅᏒ ᎢᏳᏅᏁᏗᏱ ᏥᏌ.
12. ᎯᎠᏃ ᏄᎵᏍᏔᏁ ᎾᎯᏳᎢ, ᎾᏍᎩ ᎣᏓᎸ ᏭᎶᎭ ᎤᏓᏙᎵᏍᏔᏅᏎᎢ, ᎠᎴ ᎤᏨᏓᏇ ᎤᏁᎳᏅᎯ ᎠᏓᏙᎵᏍᏓᏁᎲᎢ.
13. ᎿᎭᏉᏃ ᎢᎦ ᏄᎵᏍᏔᏅ ᎬᏩᏍᏓᏩᏗᏙᎯ ᏫᏚᏯᏅᎮᎢ; ᎾᏍᎩᏃ ᎬᏩᏍᏓᏩᏗᏙᎯ ᎨᏒ ᏔᎳᏚ ᎢᏯᏂᏛ ᏚᏑᏰᏎᎢ, ᎠᎴ ᎨᏥᏅᏏᏛ ᏚᏬᎡᎢ—
14. ᏌᏩᏂ, ᎾᏍᎩ ᎾᏍᏉ ᏈᏓ ᏚᏬᎡᎢ, ᎡᏂᏗᏃ ᎾᏍᎩᏉ ᎤᏅᏟ. ᏥᎻ ᎠᎴ ᏣᏂ, ᏈᎵᎩ ᎠᎴ ᏆᏙᎳᎻ,
15. ᎹᏚ ᎠᎴ ᏓᎻ, ᏥᎻ ᎡᎵᏈ ᎤᏫᏥ, ᏌᏩᏂᏃ ᏏᎶᏗ ᏣᏃᏎᎰᎢ,
16. ᏧᏓᏏᏃ ᏥᎻ ᏗᎾᏓᏅᏟ, ᎠᎴ ᏧᏓᏏ ᎢᏍᎦᎳᏗ ᎾᏍᎩ ᎠᏓᎶᏄᎮᏍᎩ ᏥᏄᎵᏍᏔᏁᎢ.
17. ᎾᏍᎩᏃ ᎢᏧᎳᎭ ᏧᏂᎦᏐᎠᏒ ᎤᏬᏓᎸ ᎤᎴᏁᎢ. ᎠᎴ ᎤᏂᏣᏘ ᎬᏩᏍᏓᏩᏗᏙᎯ, ᎠᎴ ᎤᏂᏧᏈᏍᏗ ᏴᏫ ᏂᎬᎾᏛ ᏧᏗᏱ ᎠᎴ ᏥᎷᏏᎵᎻ ᏅᏓᏳᏂᎶᏒᎯ, ᎠᎴ ᏔᏯ ᎠᎴ ᏌᏙᏂ ᎠᎺᏉᎯ ᎤᎶᏗ ᏅᏓᏳᏂᎶᏒᎯ, ᎾᏍᎩ ᏧᏂᎷᏤ ᎬᏩᏛᎦᏁᏗᏱ, ᎠᎴ ᏗᎨᏥᏅᏬᏗᏱ ᏚᏂᏢᎬᎢ.
18. ᎠᎴ ᎠᏂᎦᏓᎭ ᏗᏓᏅᏙ ᎬᏩᎾᏕᏯᏙᏗᏕᎩ [ᎤᏂᎷᏤᎢ]; ᎠᎴ ᏕᎨᏥᏅᏩᏁᎢ.
19. ᏂᎦᏛᏃ ᎤᏂᏣᏘ ᎨᏒ ᎠᎾᏟᏂᎬᏁᎮ ᎬᏩᏒᏂᏍᏗᏱ. ᎾᏍᎩᏰᏃ ᎨᏒ ᏗᏓᎴᎲᏍᎨ ᎤᏓᏅᏬᏗ ᎨᏒ ᎠᎴ ᏚᎾᏗᏫᏍᏗᏍᎨ ᎾᏂᎥᎢ.
20. ᏚᏌᎳᏓᏁᏃ ᏗᎦᏙᎵ ᏚᎧᎾᏁ ᎬᏩᏍᏓᏩᏗᏙᎯ, ᎯᎠ ᏄᏪᏎᎢ; ᎣᏏᏳ ᎢᏣᎵᏍᏓᏁᏗ ᎤᏲ ᎢᏣᏛᎿᎭᏕᎩ; ᎢᏣᏤᎵᏰᏃ ᎤᏁᎳᏅᎯ ᎤᎬᏫᏳᎯ ᎨᏒᎢ.
21. ᎣᏏᏳ ᎢᏣᎵᏍᏓᏁᏗ ᏗᏥᏲᏏᏍᎩ ᎪᎯ ᎨᏒᎢ; ᏙᏓᏦᎸᏏᏰᏃ. ᎣᏏᏳ ᎢᏣᎵᏍᏓᏁᏗ ᏗᏣᏠᏱᎯ ᎪᎯ ᎨᏒᎢ; ᏛᏥᏰᏥᏰᏃ.
22. ᎣᏏᏳ ᎢᏣᎵᏍᏓᏁᏗ ᎢᏳᏃ ᏴᏫ ᎨᏥᏂᏆᏘᎮᏍᏗ, ᎠᎴ ᎨᏣᏓᏓᎴᏗᏍᎨᏍᏗ, ᎠᎴ ᎦᎨᏥᏐᏢᏕᏍᏗ, ᎠᎴ ᎠᏂᏍᎦᎩᏳ ᎨᏎᏍᏗ ᏕᏣᏙᎥ ᎪᎱᏍᏗ ᎤᏲ ᎾᏍᎩᏯᎢ, ᏴᏫ ᎤᏪᏥ ᏅᏗᎦᎵᏍᏙᏗᏍᎨᏍᏗ.
23. ᎢᏣᎵᎮᎵᎨᏍᏗ ᎾᎯᏳ ᎢᎦ, ᎠᎴ ᏕᏣᎵᏔᏕᎨᏍᏗ ᎢᏣᎵᎮᎵᎬᎢ; ᎬᏂᏳᏉᏰᏃ ᎤᏣᏘ ᎡᏣᎫᏴᎡᏗ ᎦᎸᎳᏗ; ᎾᏍᎩᏯᏰᏃ ᏧᏂᏙᏓ ᏂᏚᏅᏁᎴ ᎠᎾᏙᎴᎰᏍᎩ.
24. ᏂᎯᏍᎩᏂ ᏗᏤᎾᎢ ᏥᎩ, ᎤᏲ ᎢᏣᎵᏍᏓᏁᏗ! ᎦᏳᎳᏰᏃ ᎢᏥᎭ ᎢᏥᎦᎵᏍᏓᏗᏍᎩ.
25. ᎤᏲᎢᏳ ᎢᏣᎵᏍᏓᏁᏗ ᏗᏦᎸᏒᎯ! ᏙᏛᏥᏲᏏᏌᏂᏰᏃ. ᎤᏲᎢᏳ ᎢᏣᎵᏍᏓᏁᏗ ᎢᏥᏰᏣᏍᎩ ᏥᎩ ᎪᎯ! ᎤᏲᏰᏃ ᎢᏣᏓᏅᏔᏩᏕᎨᏍᏗ ᎠᎴ ᏕᏣᏠᏱᎮᏍᏗ.
26. ᎤᏲᎢᏳ ᎢᏣᎵᏍᏓᏁᏗ ᎾᎯᏳ ᏂᎦᏗᏳ ᏴᏫ ᎣᏏᏳ ᎨᏥᏃᎮᏍᎨᏍᏗ! ᎾᏍᎩᏯᏰᏃ ᏧᏂᎦᏴᎵᎨ ᏂᏚᏂᎸᏉᏕ ᎤᎾᏠᎾᏍᏗ ᎠᎾᏙᎴᎰᏍᎩ.
27. ᎠᏎᏃ ᎯᎠ ᏂᏨᏪᏎᎭ ᏂᎯ ᏥᏍᎩᏯᏛᎦᏁᎭ; ᏕᏥᎨᏳᏎᏍᏗ ᎨᏥᏍᎦᎩ, ᎣᏍᏛ ᏂᏕᏣᏛᏁᎮᏍᏗ ᎨᏥᏂᏆᏘᎯ,
28. ᎣᏍᏛ ᏕᏥᏁᏤᎮᏍᏗ ᎨᏥᏍᎩᏅᏗᏍᎩ, ᎠᎴ ᎢᏣᏓᏙᎵᏍᏗᏍᎨᏍᏗ ᎨᏥᏙᎵᏍᏗᏱ ᎦᎨᏥᏐᏢᏗᏍᎩ.
29. ᎩᎶᏃ ᎯᎪᏆᎵᎢ ᎢᏨᏂᎮᏍᏗ ᏐᎢᏱ ᎾᏍᏉ ᎯᏯᎵᏍᎪᎸᏓᏁᎮᏍᏗ; ᎩᎶᏃ ᎤᏛᏃᎯ ᏣᎾᎡᎮᏍᏗ, ᎾᏍᏉ ᎭᏫᏂ ᏣᏄᏬ ᏞᏍᏗ ᎯᎨᏳᏔᏅᎩ.
30. ᎾᏂᎥ ᎨᏣᏔᏲᏎᎯ ᏕᎯᏁᎮᏍᏗ; ᎪᎱᏍᏗᏃ ᏣᎾᎥ ᏣᎩᎡᎯ ᏞᏍᏗ ᎯᏔᏲᏎᎸᎩ.
31. ᎾᏍᎩᏯᏃ ᏄᏍᏛ ᎢᏣᏚᎵᏍᎬ ᎢᎨᏣᏛᏁᏗᏱ ᏴᏫ, ᎾᏍᎩᏯ ᎾᏍᏉ ᏂᏕᏣᏛᏁᎮᏍᏗ.
32. ᎢᏳᏰᏃ ᎨᏥᎨᏳᎯᏉ [ᎤᏅᏒ] ᏱᏗᏥᎨᏳᎭ, ᎦᏙ ᎢᏥᎭ ᎦᏰᏣᎵᎡᎵᏤᏗ ᎨᏒᎢ? ᎠᏂᏍᎦᎾᏰᏃ ᎾᏍᏉ ᏚᏂᎨᏳᏐ ᎬᏩᏂᎨᏳᎯ.
33. ᎢᏳ ᎠᎴ ᎣᏍᏛ ᏱᏂᏗᏣᏛᏁᎭ ᎣᏍᏛ ᎢᎨᏣᏛᏁᎯ, ᎦᏙ ᎢᏥᎭ ᎦᏰᏣᎵᎡᎵᏤᏗ ᎨᏒᎢ? ᎠᏂᏍᎦᎾᏰᏃ ᎾᏍᏉ ᎾᏍᎩᏯ ᎾᎾᏛᏁᎰᎢ.
34. ᎢᏳ ᎠᎴ ᏛᎪᎩᏁᎵ ᏗᏤᎵᏎᎯ ᏱᏗᏣᏙᎳᏍᏗᎭ; ᎦᏙ ᎢᏥᎭ ᎦᏰᏣᎵᎡᎵᏤᏗ ᎨᏒᎢ? ᎠᏂᏍᎦᎾᏰᏃ ᎾᏍᏉ ᎠᏂᏍᎦᎾ ᏓᎾᏙᎳᏍᏗᏍᎪᎢ, ᎾᏍᎩ ᎢᎦᎢ ᏔᎵᏁ ᎥᎨᏥᏁᏗᏱ.
35. ᏂᎯᏍᎩᏂ ᏕᏥᎨᏳᏎᏍᏗ ᎨᏥᏍᎦᎩ, ᎠᎴ ᎣᏍᏛ ᏕᏥᎸᏫᏍᏓᎡᎮᏍᏗ, ᎠᎴ ᎢᏣᏓᏙᎳᏍᏗᏍᎨᏍᏗ ᎤᏚᎩ ᏂᏨᏒᎾ ᎥᎡᏥᏂᏗᏱ ᎪᎱᏍᏗ; ᎤᏣᏘᏃ ᎡᏣᎫᏴᎡᏗ ᎨᏎᏍᏗ, ᏩᏍᏛᏃ ᎦᎸᎳᏗᏳ ᎡᎯ ᏧᏪᏥ ᎨᏎᏍᏗ ᏂᎯ; ᎾᏍᎩᏰᏃ ᎣᏍᏛ ᏂᏓᏛᏁᎰ ᏄᎾᎵᎮᎵᏣᏛᎾ ᎠᎴ ᎤᏂᏲᎢ.
36. ᎾᏍᎩ ᎢᏳᏍᏗ ᎢᏣᏓᏙᎵᏣᏘᏳ ᎨᏎᏍᏗ, ᎾᏍᎩᏯ ᎢᏥᏙᏓ ᎾᏍᏉ ᎤᏓᏙᎵᏣᏗᏳ ᏥᎩ.
37. ᏞᏍᏗ ᎢᏣᏓᎳᏫᏎᎸᎩ, ᏂᎯᏃ ᎥᏝ ᏴᎦᏰᏥᎳᏫᏏ; ᏞᏍᏗ ᏗᏣᏓᏚᎪᏓᏁᎸᎩ, ᏂᎯᏃ ᎥᏝ ᏱᏙᎦᏰᏧᎪᏓᏏ; ᏕᏥᏙᎵᎨᏍᏗ ᎨᏥᏍᎦᏅᏤᎯ, ᏂᎯᏃ ᎠᏎ ᎡᏥᏙᎵᏍᏗ ᎨᏎᏍᏗ;
38. ᎢᏣᏓᏁᎮᏍᏗ, ᏂᎯᏃ ᎠᏎ ᎡᏥᏁᏗ ᎨᏎᏍᏗ; ᎣᏍᏛ ᎠᏟᎶᏛ, ᎠᏍᏓᏲᏔᏅᎯ, ᎠᎴ ᎠᏖᎸᏅᎯ, ᎠᎴ ᎬᏤᏬᎩ, ᎨᏥᏁᏗ ᎨᏎᏍᏗ ᏴᏫ ᏕᏣᏓᏠᎲᎢ. ᏄᏍᏛᏰᏃ ᎢᏣᏓᏟᎶᎡᎸ ᎾᏍᎩᏯ ᎾᏍᏉ ᎡᏣᏟᎶᎡᏗ ᎨᏎᏍᏗ;
39. ᎯᎠᏃ ᏄᏪᏎ ᏚᏟᎶᏍᏓᏁᎴᎢ; ᏥᎪᏗᎨᏫ ᏰᎵᏉ ᏯᏘᏄᎦ ᏗᎨᏫ? ᏝᏍᎪ ᎢᏧᎳ ᎠᏔᎴᏒ ᏱᏙᎬᏂᎸᎩ?
40. ᏗᏕᎶᏆᏍᎩ ᎥᏝ ᎤᏟ ᏱᎾᏥᎸᏉᏙ ᎡᏍᎦᏉ ᏧᏪᏲᎲᏍᎩ; ᎾᏂᎥᏍᎩᏂ ᎤᏂᏍᏆᏛᎯ ᏧᏁᏲᎲᏍᎩ ᏄᏍᏛ ᎾᏍᎩᏯ ᎨᏎᏍᏗ.
41. ᎠᎴ ᎦᏙᏃ ᎢᎯᎪᏩᏘᏍᎪ ᎤᏢᏓᎸᏛ ᎤᎦᏑᎲᎢ ᏗᏍᏓᏓᏅᏟ, ᏁᎵᏍᎬᎾᏃ ᎢᎨᏐ ᎤᏃᏍᏛ ᎠᏓ ᏨᏒ ᏣᎦᏑᎲᎢ?
42. ᎠᎴ ᎦᏙ ᏱᎦᎵᏍᏙᏓ ᎯᎠ ᏱᏂᏪᏏ ᏗᏍᏓᏓᏅᏟ; ᏗᎾᏓᏅᏟ ᎬᎸᏏ ᎤᏢᏓᎸᏛ ᏣᎦᏑᎲᎢ, ᏨᏒᏃ ᏂᎪᏩᏘᏍᎬᎾ ᎤᏃᏍᏛ ᎠᏓ ᏨᏒ ᏣᎦᏑᎲᎢ? ᏣᏠᎾᏍᏗ! ᎢᎬᏱ ᎯᎸ ᎤᏃᏍᏛ ᎠᏓ ᏨᏒ ᏣᎦᏑᎲᎢ, ᎿᎭᏉᏃ ᎬᏂᎨᏒᎢᏳ ᏣᎪᏩᏛᏗᏱ ᎨᏎᏍᏗ ᎯᎸᎡᏗᏱ ᎤᏢᏓᎸᏛ ᏗᏍᏓᏓᏅᏟ ᎤᎦᏑᎲᎢ.
43. ᎣᏍᏛᏰᏃ ᏡᎬ ᎥᏝ ᎤᏲ ᏯᏓᏛᏍᎪᎢ; ᎠᎴ ᎤᏲ ᏡᎬ ᎥᏝ ᎣᏍᏛ ᏯᏓᏛᏍᎪᎢ.
44. ᏡᎬᏰᏃ ᎪᎵᏍᏙᏗ ᎨᏐ ᏄᏍᏛ ᎤᏩᏒ ᎠᏓᏛᏍᎬᎢ; ᏥᏍᏚᏂᎩᏍᏗᎯᏰᏃ ᎥᏝ ᏒᎦᏔ-ᎢᏳᎾᏍᏗ ᏱᏓᎾᏕᏍᎪ ᏴᏫ, ᎠᎴ ᎠᏄᎦᎸᎯ ᎥᏝ ᏖᎸᎳᏗ ᏱᏓᎾᏕᏍᎪᎢ.
45. ᎣᏍᏛ ᏴᏫ ᎣᏍᏛ ᎤᏍᏆᏂᎪᏛ ᎤᎾᏫᏱ ᎣᏍᏛ ᎨᏒ ᎦᎾᏄᎪᏫᏍᎪᎢ; ᎤᏲᏃ ᏴᏫ ᎤᏲ ᎤᏍᏆᏂᎪᏛ ᎤᎾᏫᏱ ᎤᏲ ᎨᏒ ᎦᎾᏄᎪᏫᏍᎪᎢ; ᎤᏣᏛᏰᏃ ᎤᎾᏫ ᎤᏪᎲ ᎠᎰᎵ ᎧᏁᎪᎢ.
46. ᎠᎴ ᎦᏙᏃ ᏣᎬᏫᏳᎯ, ᏣᎬᏫᏳᎯ, ᎢᏍᎩᏲᏎᎰᎢ, ᏂᏥᏪᏍᎬᏃ ᏂᏣᏛᏁᎲᎾ ᎢᎨᏐᎢ?
47. ᎩᎶ ᎠᎩᎷᏤᎮᏍᏗ, ᎠᎴ ᎠᏛᎩᏍᎨᏍᏗ ᏂᏥᏪᏍᎬᎢ, ᎠᎴ ᎾᏍᎩ ᎾᏛᏁᎮᏍᏗ, ᏓᏨᎾᏄᎪᏫᏎᎵ ᏓᏤᎸ ᎾᏍᎩ;
48. ᎠᏍᎦᏯ ᏓᏤᎸ ᎾᏍᎩ Ꮎ ᏧᏁᏍᎨᎮᎢ, ᎠᎴ ᎭᏫᏂ ᏧᏍᎪᏎᎢ, ᎠᎴ ᎦᎫᏍᏛᏗ ᏅᏲᎯ ᏧᏝᏁᎢ; ᎤᏃᎱᎦᏅᏃ ᎡᏉᏂ ᎾᎿᎭᎠᏓᏁᎸ ᎠᏍᏓᏱᏳ ᎬᏂᎵᎯᎮᎢ, ᎠᎴ ᎥᏝ ᎬᏩᏖᎸᏗ ᏱᎨᏎᎢ; ᏅᏲᎯᏰᏃ ᎦᎧᎮᎢ.
49. ᎾᏍᎩᏍᎩᏂ Ꮎ ᎤᏛᎦᏅᎯ, ᏄᏛᏁᎸᎾᏃ, ᎾᏍᎩ ᎠᏍᎦᏯ ᏓᏤᎸ ᏂᏚᎫᏍᏓᎥᎾ ᎦᏙᎯᏉ ᎠᏓᏁᎸ ᏧᏁᏍᎨᎮᎢ; ᎡᏉᏂᏃ ᎾᎿᎭᎤᎵᏂᎩᏗᏳ ᎬᏂᎵᎯᎮᎢ, ᎩᎳᏉᏃ ᎢᏴᏛ ᎤᏪᏇᏴᏎᎢ; ᎤᏍᎦᏎᏗᏳᏃ ᏄᎵᏍᏔᏁ ᎤᏲᏨ ᎾᏍᎩ ᎠᏓᏁᎸᎢ.

== Luke 7 ==
1. ᎿᎭᏉᏃ ᎤᏍᏆᏛ ᏂᎦᏛ ᎦᏬᏂᏍᎬ ᎠᎾᏛᎩᏍᎬ ᏴᏫ, ᎨᏆᏂ ᏭᏴᎴᎢ.
2. ᎩᎶᏃ ᎢᏳᏍᏗ ᎠᏍᎪᎯᏧᏈ ᎠᏂᏯᏫᏍᎩ ᏗᏖᏂᏙᎯ ᎤᏅᏏᏓᏍᏗ, ᎣᏍᏛ ᎤᏰᎸᎯ, ᎤᏢᎨᎢ, ᎠᎴ ᎤᏲᎱᏏᏕᎾ ᎨᏎᎢ.
3. ᏥᏌᏃ ᎠᏥᏃᎮᏍᎬ ᎤᏛᎦᏅ, ᏚᏅᏎ ᏤᏙᎲ ᏗᏂᎳᏫᎩ ᎠᏂᏧᏏ ᏧᎾᏤᎵᎦ, ᏭᏔᏲᏎᎮ ᏅᏓᏳᏪᏅᏍᏗᏱ ᎤᏅᏬᏗᏱ ᎤᏅᏏᏗᏍᏗ.
4. ᏥᏌᏃ ᎬᏩᎷᏤᎸ, ᎤᏣᏘ ᎬᏩᏍᏗ ᏰᏔᏁᎢ, ᎯᎠ ᎾᏂᏪᏍᎨᎢ; ᎤᏓᏅᏘᏳ ᎾᏍᎩ ᎯᎠ ᏥᏅᏘᏯᏛᏁᎵ;
5. ᎤᎨᏳᎯᏳᏰᏃ ᎢᎩᏠᏱ ᎨᏒ ᏴᏫ, ᎠᎴ ᎢᎦᏁᏍᎨᎸ ᏗᎩᎳᏫᎢᏍᏗᏱ.
6. ᏥᏌᏃ ᏚᏍᏓᏩᏛᏎᎢ. ᎿᎭᏉᏃ ᎾᎥᏉ ᎤᎷᎴ ᏗᏓᏁᎸ, ᎠᏍᎪᎯᏧᏈ ᎠᏂᏯᏫᏍᎩ ᏗᏘᏂᏙᎯ ᏙᏧᏅᏎ ᏧᎵᎢ ᏂᏙᏓᎬᏩᏠᎯᏍᏗᏱ, ᎯᎠ ᏅᏧᏪᏎᎴᎢ; ᏣᎬᏫᏳᎯ, ᏞᏍᏗ ᏨᏒ ᏣᏓᏕᏯᏙᏔᏅᎩ; ᎥᏝᏰᏃ ᏰᎵ ᏱᏂᎪᎯ ᏣᏴᏍᏗᏱ ᏥᏁᎸᎢ ᏥᎾᏆᏍᏗᏉ;
7. ᎥᏝ ᎠᎴ ᎾᏍᏉ ᏰᎵ ᏂᎪᎢ ᏱᏇᎵᏎ ᏫᎬᎷᏤᏗᏱ; ᎯᏁᎩᏉᏍᎩᏂ, ᏥᏅᏏᏓᏍᏗᏃ ᏧᏳᏗᏩᏏ.
8. ᎠᏴᏰᏃ ᎾᏍᏉ ᏗᏆᏓᏁᎶᏗᏉ, ᎠᎴ ᏗᎩᎧᎭ ᎠᏂᏯᏫᏍᎩ ᎠᎴ ᎠᏴ ᏕᎬᏆᏁᎶᏙᎢ, ᎩᎶᏃ ᎮᎾ ᏥᏲᏏ, ᎡᎪᎢ; ᏅᏩᏓᎴᏃ ᎡᎮᎾ ᏥᏲᏏ, ᏗᎡᎪᎢ; ᏥᏅᏏᏓᏍᏗᏃ ᎯᎠ ᎿᎭᏛᎦ ᏥᏲᏏ, ᎾᏍᎩ ᎾᏛᏁᎰᎢ.
9. ᏥᏌᏃ ᎾᏍᎩ ᎯᎠ ᎤᏛᎦᏅ, ᎤᏍᏆᏂᎪᏎᎴᎢ, ᎠᎴ ᎤᎦᏔᎲᏎᎢ, ᎠᎴ ᎯᎠ ᏂᏚᏪᏎᎵ ᏴᏫ ᎾᏍᎩ ᏅᏓᎬᏩᏍᏓᏩᏛᏛ; ᎯᎠ ᏂᏨᏪᏎᎭ; ᎥᏝ ᎾᏍᏉ ᎢᏏᎵ ᎠᏁᎲ ᎾᏍᎩ ᎢᎦᎢ ᎪᎯᏳᏗ ᎨᏒ ᏯᎩᏩᏛᎲ.
10. ᎾᏍᎩᏃ Ꮎ ᏅᏓᎨᏥᏅᏏᏛ, ᏫᎤᏂᎷᏨ ᏗᏓᏁᎸ, ᎠᏥᏅᏏᏓᏍᏗ ᎤᏢᏨᎯ ᎤᏂᏩᏛᎮ ᎤᏗᏩᏒᎯ ᎢᎨᏎᎢ.
11. ᎯᎠᏃ ᏄᎵᏍᏔᏁ ᎤᎩᏨᏛ, ᎾᏍᎩ ᏗᎦᏚᎲ ᎾᏱᏂ ᏧᏙᎢᏛ ᏭᏴᎴᎢ; ᏰᎵᏃ ᎠᏂᎪᏗᏳ ᎬᏩᏍᏓᏩᏗᏙᎯ ᎬᏩᏍᏓᏩᏛᏎᎢ, ᎠᎴ ᎤᏂᏣᏘ ᏴᏫ.
12. ᎿᎭᏉᏃ ᎦᎶᎯᏍᏗᏱ ᎪᏢᏒ ᎦᏚᎲ ᎾᎥ ᎤᎷᏨ, ᎬᏂᏳᏉ ᎠᏍᎦᏯ ᎤᏲᎱᏒᎯ ᎠᏂᏄᎪᏫᏍᎨ ᎠᏂᏂᏎᎢ, ᎤᏩᏒᎯᏳ ᎤᏪᏥ ᎨᏎ ᎤᏥ, ᎠᎴ ᎾᏍᎩ ᎤᏬᏑᎶᏨᎯ ᎨᏎᎢ; ᎤᏂᏣᏖᏃ ᏴᏫ ᎦᏚᎲ ᎠᏁᎯ ᎬᏩᏍᏓᏩᏗᏎᎢ.
13. ᎤᎬᏫᏳᎯᏃ ᎤᎪᎲ ᎤᏪᏙᎵᏤᎢ, ᎠᎴ ᎯᎠ ᏄᏪᏎᎴᎢ; ᏞᏍᏗ ᏗᏣᏠᏱᎸᎩ.
14. ᎤᎷᏨᏃ ᎤᏏᏔᏕ ᎠᏥᏢᏛᎢ, ᎬᏩᏁᎩᏃ ᎤᎾᎴᎾᏫᏍᏔᏁᎢ. ᎯᎠᏃ ᏄᏪᏎᎢ; ᎯᏫᏅ, ᎭᏗᏛ, ᎬᏲᏎᎭ.
15. ᎤᏲᎱᏒᎯᏃ ᎤᏗᏛᎮ ᎤᏪᏁᎢ, ᎠᎴ ᎤᎴᏅᎮ ᎤᏬᏂᏎᎢ; ᎤᏥᏃ ᎤᏪᎧᏁᎴᎢ.
16. ᏂᎦᏛᏃ ᎤᏂᎾᏰᏎᎢ; ᎠᎴ ᎤᏂᎸᏉᏔᏁ ᎤᏁᎳᏅᎯ, ᎯᎠ ᎾᏂᏪᏍᎨᎢ; ᎠᏥᎸᏉᏗ ᎠᏙᎴᎰᏍᎩ ᎦᎾᏄᎪᎩ ᎢᏕᎲᎢ; ᎠᎴ ᎯᎠ; ᎤᏁᎳᏅᎯ ᏓᏩᏛᎯᎦ ᏧᏤᎵ ᏴᏫ.
17. ᎾᏍᎩᏃ ᎯᎠ ᎠᏥᏃᎮᏍᎬ ᏧᏗᏱ ᏂᎬᎾᏛ ᏚᏰᎵᏏᏙᎴᎢ, ᎠᎴ ᎾᎿᎭᎬᏩᏚᏫᏛ ᎨᏒᎢ.
18. ᏣᏂᏃ ᎬᏩᏍᏓᏩᏗᏙᎯ ᎾᏍᎩ ᎯᎠ ᏂᎦᏛ ᎬᏩᏃᏁᎴᎢ.
19. ᏣᏂᏃ ᎠᏂᏔᎵ ᎬᏩᏍᏓᏩᏗᏙᎯ ᏫᏚᏯᏅᎮ ᏥᏌ ᏤᏙᎲ ᏚᏅᏎ ᎯᎠ ᏫᏄᏪᏎᎢ; ᏂᎯᏍᎪ ᎤᎷᎯᏍᏗ ᏥᎩ? ᏥᎪᎨ ᏅᏩᏓᎴ ᎣᏥᎦᏕᏃᎮᏍᏗ?
20. ᎠᏂᏍᎦᏯᏃ ᎬᏩᎷᏤᎸ, ᎯᎠ ᏄᏂᏪᏎᎢ; ᏣᏂ ᏗᏓᏬᏍᎩ ᏦᎩᏂᏅᏒ ᎢᏍᏛᎷᏤᏗᏱ, ᎯᎠ ᏅᏗᎦᏪᎭ; ᏂᎯᏍᎪ ᎤᎷᎯᏍᏗ ᏥᎨᏒᎩ? ᏥᎪᎨ ᏅᏩᏓᎴ ᎣᏥᎦᏖᏃᎮᏍᏗ?
21. ᎾᎯᏳᏉᏃ ᏚᏅᏩᏁ ᎤᏂᏣᏘ ᏚᏂᏢᎬ ᎠᎴ ᎥᏳᎩ ᏚᏂᏱᎵᏙᎲ, ᎠᎴ ᎤᏂᏲᏗᏓᏅᏙ ᎬᏩᏂᏱᎵᏙᎲᎢ; ᎠᎴ ᎤᏂᏣᏘ ᏗᏂᎨᏫ ᎬᏩᏂᎪᏩᏛᏗ ᏄᏩᏁᎴᎢ.
22. ᎿᎭᏉᏃ ᏥᏌ ᎤᏁᏨ ᎯᎠ ᏂᏚᏪᏎᎴᎢ; ᏥᏍᏕᎾ ᎠᎴ ᏣᏂ ᏪᏍᏗᏃᎲᏏ ᏄᏍᏛ ᎢᏍᏗᎪᎲ ᎠᎴ ᏄᏍᏛ ᎢᏍᏓᏛᎦᏅᎢ; ᎾᏍᎩ ᏗᏂᎨᏫ ᎠᏂᎪᏩᏘᏍᎬᎢ, ᏗᏂᏲᎤᎵ ᎠᏁᏙᎲᎢ, ᎠᏓᏰᏍᎩ ᏧᏂᏢᎩ ᎨᏥᏅᎦᎵᏍᎬᎢ, ᏧᏂᎵᎡᏅ ᎠᎾᏛᎩᏍᎬᎢ, ᏧᏂᏲᎱᏒᎯ ᏕᎨᎦᎴᏗᏍᎬᎢ, ᎤᏲᏃ ᎢᏳᎾᏛᎿᎭᏕᎩ ᎣᏍᏛ ᎧᏃᎮᏛ ᎨᎦᎵᏥᏙᏁᎲᎢ.
23. ᎠᎴ ᎣᏏᏳ ᎢᏳᎵᏍᏓᏁᏗ ᎩᎶ ᎠᏴ ᏂᏗᏥᏲᏕᏍᏗᏍᎬᎾ ᎢᎨᏎᏍᏗ.
24. ᎿᎭᏉᏃ ᏣᏂ ᏂᏙᏓᏳᏅᏏᏛ ᎢᎤᏁᏅ, ᎤᎴᏅᎮ ᏣᏂ ᏚᏁᎢᏍᏓᏁᎴ ᏴᏫ; ᎦᏙ ᎢᏣᎦᏔᏅᏎ ᎢᎾᎨᎢ? ᏩᏐᎾᏍᎪ ᎤᏃᎴ ᎤᏖᎸᎮᏍᎬᎢ?
25. ᎦᏙᎨ ᎢᏣᎦᏔᏅᏎᎢ? ᎠᏍᎦᏯᏍᎪ ᏗᏬᏍᎩᎵ ᏧᏄᏩᎢ? ᎬᏂᏳᏉ ᏧᏬᏚᎯ ᏧᎾᏄᏩᎢ ᎠᎴ ᎣᏍᏛ ᏗᎾᎵᏍᏓᏴᎲᏍᎩ ᎤᏂᎬᏫᏳᎯ ᏓᏂᏁᎸ ᎠᏁᎰᎢ.
26. ᎦᏙᎨ ᎢᏣᎦᏔᏅᏎᎢ? ᎠᏙᎴᎰᏍᎩᏍᎪ? ᎥᎥ, ᎢᏨᏲᏎᎭ, ᎠᎴ ᎤᏟ ᎠᏥᎸᏉᏗᏳ ᎡᏍᎦᏉ ᎠᏙᎴᎰᏍᎩ.
27. ᎾᏍᎩᏍᎩᏂ ᎯᎠ ᎠᏥᏃᎮᏍᎬ ᎯᎠ ᏥᏂᎬᏅ ᏥᎪᏪᎳ; ᎬᏂᏳᏉ ᏥᏅᎵ ᏥᏅᏏᏓᏍᏗ ᏣᎧᏛ ᎢᎬᏱᏗᏢ, ᎾᏍᎩ ᏓᏣᏛᏅᎢᏍᏓᏁᎵ ᏣᎶᎯᏍᏗᏱ ᎢᎬᏱᏗᏢ.
28. ᎯᎠᏰᏃ ᏂᏨᏪᏎᎭ; ᎠᏂᎨᏴ ᎬᏩᏂᎾᏄᎪᏫᏒᎯ ᏥᎩ ᎥᏝ ᏳᏜᏓᏍᏗ ᎩᎶ ᎠᏙᎴᎰᏍᎩ ᎤᏟ ᎢᏯᏥᎷᏉᏗ ᎡᏍᎦᏉ ᏣᏂ ᏗᏓᏬᏍᎩ; ᎠᏎᏃ ᎤᏍᏗᎧᏂ ᎤᏁᎳᏅᎯ ᎤᏤᎵᎪᎯ ᎨᎳ ᎤᏟ ᎠᏥᎸᏉᏗᏳ ᎡᏍᎦᏉ ᏣᏂ.
29. ᏂᎦᏛᏃ ᏴᏫ ᎤᎾᏛᎦᏅᎯ, ᎠᎴ ᎠᏕᎸ ᎠᏂᎩᏏᏙᎯ, ᎤᏂᎸᏉᏔᏁ ᎤᏁᎳᏅᎯ, ᏗᎨᎦᎧᏍᏔᏅᎯᏰᏃ ᎨᏎ ᏣᏂ ᏧᏓᏬᏍᏙᏗ ᎨᏒᎢ.
30. ᎠᏂᏆᎵᏏᏍᎩᏂ ᎠᎴ ᏗᎧᎿᎭᏩᏛᏍᏗ ᏗᏃᏏᏏᏍᎩ ᎤᏁᎳᏅᎯ ᏚᏓᏅᏖᎮᎸᎢ ᎤᏂᏲᎢᏎᎴ ᎤᏅᏒ ᎤᎾᏓᏡᏔᏁᎢ, ᏂᏗᎨᎦᏬᎥᎾ ᎨᏒᎢ.
31. ᎤᎬᏫᏳᎯᏃ ᎯᎠ ᏄᏪᏎᎢ; ᎦᏙᎨᏙᏓᎦᏥᏯᏟᎶᏍᏔᏂ ᏴᏫ ᎪᎯ ᏣᏁᎭ? ᎠᎴ ᎦᏙ ᏓᎾᏤᎸ?
32. ᏗᏂᏲᎵᏉ ᎾᏍᎩᏯ ᎦᏃᏙᏗᏱ ᏣᏂᏃᎢ, ᎠᎴ ᏥᏫᏓᎾᏓᏯᏂᏍᎪᎢ, ᎯᎠ ᏥᏫᎾᏂᏪᏍᎪᎢ; ᎠᏤᎷᎩ ᎣᎬᏔᏅ ᏕᏨᏃᎩᎡᎸ, ᎠᏎᏃ ᎥᏝ ᏱᏣᎵᏍᎩᏎᎢ; ᏙᏥᏴᎬ ᎢᏣᏛᎪᏗ, ᎠᏎᏃ ᎥᏝ ᏱᏗᏣᏠᏱᎴᎢ.
33. ᏣᏂᏰᏃ ᏗᏓᏬᏍᎩ ᎤᎷᏨᎩ ᎥᏝ ᎦᏚ ᏯᎩᏍᎨᎢ, ᎥᏝ ᎠᎴ ᎩᎦᎨ-ᎠᏗᏔᏍᏗ ᏯᏗᏔᏍᎨᎢ; ᎯᎠᏃ ᏂᏥᏪᏎ; ᎠᏍᎩᎾ ᎤᏯᎠ.
34. ᏴᏫ ᎤᏪᏥ ᎤᎷᏨ ᎠᎵᏍᏓᏴᎲᏍᎦ ᎠᎴ ᎠᏗᏔᏍᎦ; ᎯᎠᏃ ᏂᏥᏪᎭ; ᎬᏂᏳᏉ ᎠᏍᎦᏯ ᎤᎬᎥᏍᎩ ᎠᎵᏍᏓᏴᏗ ᎠᎴ ᎩᎦᎨ-ᎠᏗᏔᏍᏗ ᎠᏗᏔᏍᎩ, ᎠᏕᎸ ᎠᏂᎩᏏᏙᎯ ᎠᎴ ᎠᏂᏍᎦᎾ ᎤᎾᎵᎢ.
35. ᎠᏎᏃ ᎠᎦᏔᎾᎢ ᏧᏪᏥ ᏂᎦᏛ ᎣᏏᏳ ᎢᎬᏩᏰᎸᎭ
36. ᎩᎶᏃ ᎢᏳᏍᏗ ᎠᏆᎵᏏ ᎤᏔᏲᏎᎴ ᎤᎵᏍᏓᏴᎾᏁᏗᏱ ᏭᏴᎴᏃ ᎠᏆᎵᏏ ᎦᏁᎸᎢ, ᎠᎴ ᎤᎵᎩᏳᏍᏓᏅᏁ ᎠᎵᏍᏓᏴᏗᏱ.
37. ᎬᏂᏳᏉᏃ ᎠᎨᏴ ᎾᎿᎭᎦᏚᎲ ᎡᎯ, ᎠᏍᎦᎾᎢ, ᎤᏙᎴᎰᏒ ᏥᏌ ᎠᏆᎵᏏ ᎦᏁᎸ ᎦᏅᎬ ᎠᎵᏍᏓᏴᎲᏍᎬᎢ, ᎤᏲᎴ ᎫᎫ ᏅᏯ ᎤᏁᎬ ᎪᏢᏔᏅᎯ ᎠᏟᏍᏕ ᎠᏠᏁᏗ,
38. ᎠᎴ ᎤᎴᏁ ᏚᏜᏓᏌᏛ ᎣᏂᏗᏢ ᏓᏠᏱᎮᎢ, ᎠᎴ ᎤᎴᏅᎮ ᏧᎳᏏᏕᏂ ᏚᏬᏑᎴᏔᏁ ᏧᎦᏌᏬᎸᎯ, ᎠᎴ ᏚᎧᏲᏙᏔᏁ ᎤᏍᏗᏰᎬᎢ, ᎠᎴ ᏚᏚᏣᎳᏁ ᏧᎳᏏᏕᏂ, ᎠᎴ ᏚᎶᏁᏔᏁ ᎠᏠᏁᏗ.
39. ᎠᏆᎵᏏᏃ ᎾᏍᎩ ᏭᏯᏅᏛ ᎤᎪᎲ, ᎤᏁᏤ ᏧᏓᏅᏛ ᎯᎠ ᏂᎦᏪᏍᎨᎢ; ᎯᎠ ᎠᏍᎦᏯ ᎢᏳᏃ ᎠᏙᎴᎰᏍᎩ ᏱᎨᏎ ᏳᏙᎴᎰᏎ ᎾᏍᎩ ᎨᏒ ᎠᎴ ᎢᏳᏍᏗᏉ ᎨᏒ ᎯᎠ ᎠᎨᏴ ᏧᏃᏟᏍᏗᎭ, ᎠᏍᎦᎾᏰᏃ.
40. ᏥᏌᏃ ᎤᏁᏨ ᎯᎠ ᏄᏪᏎᎴᎢ; ᏌᏩᏂ, ᎠᎩᎭ ᎪᎱᏍᏗ ᎬᏲᏎᏗ. ᎯᎠᏃ ᏄᏪᏎᎢ; ᏔᏕᏲᎲᏍᎩ, ᏂᏫᎪᎦ.
41. ᎩᎶ ᎢᏳᏍᏗ ᎡᎮ ᏧᏓᏚᎩ, ᎾᏍᎩ ᎠᏂᏔᎵ ᏧᏚᎩ ᎠᏁᎮᎢ; ᏏᏴᏫ ᎯᏍᎩᏧᏈ ᎠᏂᎩᏏ ᏧᎾᎬᏩᎶᏗ ᎠᏥᏚᎨᎢ, ᏐᎢᏃ ᎯᏍᎦᏍᎪᎯ.
42. ᎪᎱᏍᏗᏃ ᏄᏂᎲᎾ ᎨᏒ ᎤᎾᎫᏴᏙᏗ, ᏚᏲᏎᏉ ᎢᏧᎳ. ᎾᏍᎩᏃ ᏍᎩᏃᎲᏏ, ᎦᎪ ᎾᏍᎩ ᎤᏟ ᏄᏓᎨᏳᏎᏍᏗ?
43. ᏌᏩᏂ ᏧᏁᏨ ᎯᎠ ᏄᏪᏎᎢ; ᎠᏎᎨᎵ ᎾᏍᎩ Ꮎ ᎤᏟ ᎢᎦᎢ ᏗᎬᏩᏲᎯᏎᎸᎯ. ᎯᎠᏃ ᏄᏪᏎᎴᎢ; ᏚᏳᎪᏛ ᏕᎱᎪᏓ.
44. ᎠᎨᏴᏃ ᎦᏙᎬ ᎢᏗᏢ ᏭᎦᏔᎲᏍᏔᏅ ᎯᎠ ᎾᏥᏪᏎᎴ ᏌᏩᏂ; ᎯᎪᏩᏘᏍᎪ ᎯᎠ ᎠᎨᏴ? ᎯᏁᎸ ᎠᎩᏴᎸᎩ, ᎠᎹ ᎥᏝ ᏱᏍᎩᏁᏁᎴ ᏗᏉᏑᎴᏗ ᏗᏆᎳᏏᏕᏂ; ᎾᏍᎩᏍᎩᏂ Ꮎ ᏓᏉᏑᎵᏏ ᏗᏆᎳᏏᏕᏂ ᏧᎦᏌᏬᎸᎯ ᎬᏓ, ᎠᎴ ᏓᎩᎧᏲᏙᏓᏏ ᎤᏍᏘᏰᎬᎢ.
45. ᎥᏝ ᏱᏍᏆᏔᏪᏙᏁᎢ; ᎯᎠᏍᎩᏂ ᎠᎨᏴ, ᎠᎩᏴᎵᎸ ᏅᏓᎬᏩᏓᎴᏅᏛ, ᎥᏝ ᏳᏑᎵᎪᏨ ᏓᏆᏚᏣᎳᏁᎲ ᏗᏆᎳᏏᏕᏂ.
46. ᏥᏍᎪᎵ ᎥᏝ ᏱᏍᎩᎶᏁᏔᏁ ᎪᎢ; ᎯᎠᏍᎩᏂ ᎠᎨᏴ ᎠᏠᏁᏗ ᏚᎶᏁᏔᏅ ᏗᏆᎳᏏᏕᏂ.
47. ᎾᏍᎩ ᎢᏳᏍᏗ ᎯᎠ ᏂᎬᏪᏎᎭ; ᎤᏍᎦᏅᏨ, ᎾᏍᎩ ᏧᏈᏯ ᏥᎩ, ᎠᏥᏙᎵᎩ, ᎤᏣᏘᏰᏃ ᎤᏓᎨᏳᏎᎢ; ᎩᎶᏍᎩᏂ ᎤᏍᏗ ᎠᏥᏙᎵᏨᎯ, ᎾᏍᎩ ᎤᏍᏗ ᎤᏓᎨᏳᏐᎢ.
48. ᎯᎠᏃ ᏄᏪᏎᎴ ᎠᎨᏴ; ᏣᏍᎦᏅᏨ ᎡᏣᏙᎵᎩ.
49. ᎾᏍᎩᏃ Ꮎ ᎢᏧᎳᎭ ᎠᏂᏂᏜᏓᎢ ᎠᎾᎵᏍᏓᏴᎲᏍᎬ ᎤᎾᎴᏅᎮ ᏙᏧᎾᏓᏅᏛ ᎯᎠ ᏄᏂᏪᏎᎢ; ᎦᎪ ᎾᏍᎩ ᎯᎠ, ᎠᏍᎦᏅᏨ ᎾᏍᏉ ᏥᏕᎦᏙᎵᎦ?
50. ᎯᎠᏃ ᏄᏪᏎᎴ ᎠᎨᏴ, ᏦᎯᏳᏒ ᏣᏍᏕᎸ; ᏅᏩᏙᎯᏯᏛ ᏥᎮᎾ.

== Luke 8 ==
1. ᎣᏂᏃ ᎢᏴᏛ ᎯᎠ ᏄᎵᏍᏔᏁᎢ, ᎾᏍᎩ ᏕᎦᏚᏩᏗᏒ ᏧᏛᎾ ᎠᎴ ᏧᏍᏗ ᎤᏪᏙᏁᎢ, ᎠᎵᏥᏙᎲᏍᎨ ᎠᎴ ᎬᏂᎨᏒ ᏂᎬᏁᎮ ᎣᏍᏛ ᎧᏃᎮᏛ ᎤᏁᎳᏅᎯ ᎤᎬᏫᏳᎯ ᎨᏒ ᎧᏃᎮᏍᎩ, ᏔᎳᏚᏃ ᎢᏯᏂᏛ ᎤᎾᎵᎪᏩᏕᎨᎢ;
2. ᎠᎴ ᎩᎶ ᎢᏳᎾᏍᏗ ᎠᏂᎨᏴ ᏗᎨᏥᏅᏩᏅᎯ ᎤᏂᏲ ᏗᏓᏅᏙ ᎬᏩᎾᏕᏯᏙᏗᏍᎬ ᎠᎴ ᏚᏂᏢᎬᎢ, ᎾᏍᎩ ᎺᎵ ᎹᎦᏕᎵ ᎡᎯ ᏣᏃᏎᎰᎢ, ᎾᏍᎩ ᎦᎵᏉᎩ ᎠᏂᏍᎩᎾ ᎬᏩᏄᎪᏤᎸᎯ,
3. ᎠᎴ ᏦᎢᏁ ᎤᏓᎵᎢ ᏧᏌ ᎾᏍᎩ ᎡᎶᏛ ᎤᏤᎵ ᏧᎬᏩᎶᏗ ᎤᎦᏌᏯᏍᏗᏕᎩ, ᎠᎴ ᏑᏌᏂ, ᎠᎴ ᎠᏂᎪᏗᏳ ᏅᏩᎾᏓᎴ ᎾᏍᎩ ᏥᎬᏩᏍᏕᎸᏙᏗᏍᎨ ᎪᎱᏍᏗ ᎤᏂᎿᎭᎥᎢ.
4. ᎠᏂᎪᏗᏳᏃ ᏴᏫ ᏚᏂᎳᏫᏦᎸ ᎾᏍᎩ ᎬᏩᎷᏤᎸ ᏕᎦᏚᏩᏗᏒ ᏂᏙᏓᏳᏂᏄᎪᏨᎯ, ᎤᏁᏤ ᏚᏟᎶᏍᏓᏁᎴᎢ;
5. ᎠᏫᏍᎩ ᎤᏫᏒᏎ ᎤᏤᎵ ᎤᎦᏔ; ᎤᏫᏒᏃ ᎢᎦᏛ ᏅᏃᎱᎶᏗ ᎤᎳᎨᏯᏛᏤᎢ; ᎤᎾᎳᏍᏓᎡᎴᏃ ᎠᎴ ᏥᏍᏆ ᎦᎳᏅᏛ ᎠᏂᏃᎯᎵᏙᎯ ᎤᏂᎪᏁᎢ.
6. ᎢᎦᏛᏃ ᏅᏲᎯ ᎤᎳᎨᏯᏛᏤᎢ; ᏧᎵᏰᏅᏉᏃ ᎤᎿᎭᏍᎬᏤ ᏅᏗᎦᎵᏍᏙᏗᏍᎨ ᏄᏬᏕᏫᏒᎾ ᎨᏒᎢ.
7. ᎢᎦᏛᏃ ᎠᏄᎦᎸᎯ ᎤᎳᎨᏯᏛᏤᎢ; ᎠᏄᎦᎸᏃ ᎢᏧᎳᎭ ᏗᎤᏛᏎᎢ, ᎠᎴ ᎤᏁᏄᎳᏍᏔᏁᎢ.
8. ᎢᎦᏛᏃ ᎣᏒ ᎦᏙᎯ ᎤᎳᎨᏯᏛᏤᎢ, ᎠᎴ ᏧᏛᏎᎢ, ᎠᎴ ᎤᎦᏔᏔᏁᎢ ᎤᏁᏉᏤ ᎠᏍᎪᎯᏧᏈ ᎢᏳᏩᎫᏗ. ᎾᏍᎩᏃ ᎯᎠ ᏄᏪᏒ, ᎤᎵᏍᏔᏁᎢ, ᎯᎠ ᏄᏪᏎᎢ, ᎩᎶ ᏕᎦᎵᎷᎨᏍᏗ ᎤᏛᎪᏗᏱ ᏩᏛᎬᎦ
9. ᎬᏩᏍᏓᏩᏗᏙᎯᏃ ᎬᏩᏛᏛᏁ ᎯᎠ ᏂᎬᏩᏪᏎᎴᎢ; ᎦᏙ ᎦᏛᎦ ᎯᎠ ᏓᏟᎶᏍᏛᎢ.
10. ᎯᎠᏃ ᏄᏪᏎᎢ; ᏂᎯ ᎡᏥᏁᎸᎯ ᎢᏦᎵᏍᏗᏱ ᎤᏕᎵᏛ ᎨᏒ ᎤᏁᎳᏅᎯ ᎤᎬᏫᏳᎯ ᎨᏒᎢ; ᎠᏂᏐᎢᏍᎩᏂ ᏗᎨᎦᏟᎶᏍᏓᏁᏗ; ᎾᏍᎩ ᎠᏂᎪᏩᏘᏍᎬ ᎬᏩᏂᎪᏩᏛᏗ ᏂᎨᏒᎾ, ᎠᎴ ᎠᎾᏛᎩᏍᎬ ᎬᏩᏃᎵᏍᏗ ᏂᎨᏒᎾ.
11. ᏓᏟᎶᏍᏛᏃ ᎯᎠ ᎾᏍᎩ ᏄᏍᏗ; ᎤᎦᏔ ᎧᏃᎮᏛ ᎤᏁᎳᏅᎯ ᎤᏤᎵ ᎦᏛᎦ.
12. ᏅᏃᎱᎶᏗᏃ ᏧᎳᎨᏯᏛᏤᎢ ᎾᏍᎩ ᎠᎾᏛᎩᏍᎩ ᎨᏥᏛᎦ; ᎿᎭᏉᏃ ᎠᏍᎩᎾ ᎦᎷᎪᎢ, ᎠᎴ ᎠᎩᏍᎪ ᎦᏄᎪᏫᏍᎪ ᎧᏃᎮᏛ ᏧᏂᎾᏫᏱ, ᎦᎬᏩᏃᎯᏳᏗ ᎠᎴ ᎦᎨᏥᏍᏕᎸᏗ ᏂᎨᏒᎾ ᎢᏳᎵᏍᏙᏗᏱ.
13. ᎾᏃ ᏅᏲᎯ ᏧᎳᎨᏯᏛᏤᎢ, ᎨᏥᏛᎦ ᎾᏍᎩ ᎠᎾᏛᎬᎦ ᎤᎵᎮᎵᏍᏗᏳ ᏥᏓᎾᏓᏂᎸᎪ ᎧᏃᎮᏛ; ᎠᎴ ᎥᏝ ᏱᏚᏂᎿᎭᏍᏕᏠᎢ; ᏞᎦ ᎠᏃᎯᏳᎲᏍᎪᎢ; ᎠᎴ ᎨᏥᎪᎵᏯ ᎠᏂᏑᎵᎪᎪᎢ.
14. ᎾᏃ ᎠᏄᎦᎸᎯ ᏧᎳᎨᏯᏛᏤᎢ ᎨᏥᏛᎦ ᎾᏍᎩ ᎠᎾᏛᎬᎦ. ᎢᎸᎯᏢ ᏥᏩᏂᎶᏍᎪᎢ, ᎡᎶᎯᏃ ᎡᎯ ᎤᏪᎵᎯᏍᏗ ᎠᎴ ᎨᏅᎢᏍᏗ ᎨᏒ, ᎠᎴ ᎣᏍᏛ ᎠᏰᎸᏗ ᎨᏒ ᎠᏂᏁᏄᎳᏍᏗᏍᎪᎢ, ᎠᎴ ᎥᏝ ᏯᏂᎾᏄᎪᏫᏍᎪ ᎤᎦᏛᎾᏨᎯ.
15. ᎾᏃ ᎣᏒ ᎦᏙᎯ ᏧᎳᎨᏯᏛᏤᎢ ᎨᏥᏛᎦ ᎾᏍᎩ ᏄᏠᎾᏍᏛᎾ ᎠᎴ ᎣᏍᏛ ᎨᏒ ᎤᏂᎾᏫ ᎬᏗ ᎠᎾᏛᎬᎦ ᎧᏃᎮᏛ, ᎠᏂᏍᏆᏂᎪᏗᏍᎪᎢ, ᎠᎴ ᎠᏂᎾᏄᎪᏫᏍᎪ ᎤᎦᏔᏔᏅᎯ ᎠᏅᏂᏗᏳ ᎨᏐᎢ.
16. ᎥᏝ ᎠᎴ ᎩᎶ ᎠᏨᏍᏛᎦ ᎠᏨᏍᏙᏗ ᎠᏖᎵᏙ ᏱᎫᏢᏗᏍᎪᎢ, ᎠᎴ ᎦᏂᏢᏩ ᏱᎦᎧᎲᏍᎪᎢ; ᎦᎪᏗᏱᏍᎩᏂ ᎦᎧᎲᏍᎪᎢ, ᎾᏍᎩ ᎠᏂᏴᎯᎯ ᎤᏂᎪᏩᏛᏗᏱ ᎢᎦᎦᏛᎢ.
17. ᎥᏝᏰᏃ ᎪᎱᏍᏗ ᎤᏕᎵᏛ ᏱᎩ ᎾᏍᎩ ᎬᏂᎨᏒ ᎢᎬᏁᏗ ᏂᎨᏒᎾ; ᎥᏝ ᎠᎴ ᎪᎱᏍᏗ ᏱᎬᏍᎦᎸ ᎾᏍᎩ ᎠᎦᏙᎥᎯᏍᏗ ᎠᎴ ᎬᏂᎨᏒ ᎢᎬᏁᏗ ᏂᎨᏒᎾ.
18. ᎾᏍᎩ ᎢᏳᏍᏗ ᎢᏤᏯᏔᎮᏍᏗ ᏄᏍᏛ ᎢᏣᏛᎩᏍᎬᎢ, ᎩᎶᏰᏃ ᎤᎮᏍᏗ, ᎾᏍᎩ ᎠᏥᏁᏗ ᎨᏎᏍᏗ; ᎩᎶᏃ ᏄᎲᎾ ᎨᏎᏍᏗ, ᎾᏍᎩ ᎠᏥᎩᎡᏗ ᎨᏎᏍᏗ ᎾᏍᎩ Ꮎ ᏧᎰ ᏥᏅᏩᏍᏙᎢ.
19. ᎿᎭᏉᏃ ᎬᏩᎷᏤᎴ ᎤᏥ ᎠᎴ ᎠᎾᎵᏅᏟ, ᎠᎴ ᎥᏝ ᎾᎥ ᏫᎦᎬᏩᏂᎷᏤᏗ ᏱᎨᏎ ᏅᏗᎦᎵᏍᏙᏗᏍᎨ ᏴᏫ ᎤᏂᏣᏛᎢ.
20. ᎬᏩᏃᏁᎴᏃ ᎯᎠ ᏄᏂᏪᏎᎢ; ᏣᏥ ᎠᎴ ᎢᏣᎵᏅᏟ ᏙᏱᏗᏢ ᏓᏂᏙᎦ ᎤᎾᏚᎵ ᎨᏣᎪᏩᏛᏗᏱ.
21. ᎤᏁᏨᏃ ᎯᎠ ᏂᏚᏪᏎᎴᎢ; ᎡᏥ ᎠᎴ ᎣᏣᎵᏅᏟ ᎯᎠ ᎾᏍᎩ ᏣᎾᏛᎩᎠ ᎧᏃᎮᏛ ᎤᏁᎳᏅᎯ ᎤᏤᎵᎦ, ᎠᎴ ᎾᏍᎩ ᏂᎦᏪᏍᎬ ᎢᏯᎾᏛᏁᎯ.
22. ᎯᎠᏃ ᏄᎵᏍᏔᏁ ᎢᎸᎯᏳ ᎢᏴᏛ, ᎾᏍᎩ ᎤᏣᏁ ᏥᏳᎯ ᎤᎾᎵᎪᏎ ᎬᏩᏍᏓᏩᏗᏙᎯ; ᎯᎠᏙ ᏂᏚᏪᏎᎴᎢ, ᏗᏗᏐᎩ ᎥᏓᎸ ᏍᎪᎾ ᏫᏗᎶᎯ. ᎠᎴ ᎤᏂᏴᏫᏛᎮ.
23. ᎠᏂᏂᏒᏃ ᏥᏳ ᎤᎸᏁᎢ; ᎤᏃᎴᏃ ᎤᏱᎶᎴ ᎥᏓᎸᎢ; ᎤᏂᎧᎵᏤᎴᏃ ᎠᎹ, ᎠᎴ ᎤᎾᏰᎯᏍᏗ ᏄᎾᎵᏍᏓᏁᎴᎢ.
24. ᎬᏩᎷᏤᎴᏃ ᎠᎴ ᎬᏩᏰᏍᏔᏁᎢ, ᎯᎠ ᎾᏂᏪᏍᎨᎢ; ᏔᏕᏲᎲᏍᎩ, ᏔᏕᏲᎲᏍᎩ, ᏓᏲᏣᏗᏒᏂ! ᎿᎭᏉᏃ ᎤᏗᏛᎮ ᎠᎴ ᏚᏍᎦᏤ ᎦᏃᎸᎥᏍᎬ ᎠᎴ ᏓᎵᏍᏗᎳᏁᎬ ᎠᎹ; ᎤᏂᏑᎵᎪᏤᏃ ᎠᎴ ᎤᏓᏥᎾᏍᏛᎯ ᏄᎵᏍᏔᏁᎢ.
25. ᎯᎠᏃ ᏂᏚᏪᏎᎴᎢ, ᎭᏝ ᎢᏦᎯᏳᏒᎢ? ᎾᏍᎩᏃ ᎠᏂᏍᎦᎢᎲ ᎤᏂᏍᏆᏂᎪᏎᎢ, ᎯᎠ ᏂᏚᎾᏓᏪᏎᎴᎢ; ᎦᏙ ᎤᏍᏗ ᎯᎠ ᎠᏍᎦᏯ? ᏕᎧᏁᏤᏰᏃ ᎤᏃᎴ ᎠᎴ ᎠᎹ, ᎠᎴ ᎢᎬᏬᎯᏳᎲᏍᎦ.
26. ᎠᏂᎨᏕᎳᏃ ᎤᎾᏤᎵᎪᎯ ᏭᏂᎷᏤ, ᎾᏍᎩ ᎨᎵᎵ ᏧᏳᎪᏗ ᏍᎪᏂᏗᏢ ᏥᎩ.
27. ᏭᏣᎢᏒᏃ, ᏚᏠᏎ ᎩᎶ ᎢᏳᏍᏗ ᎠᏍᎦᏯ ᎦᏚᎲ ᏅᏓᏳᏄᎪᏨᎯ, ᎪᎯᏗᏳ ᎠᏂᏍᎩᎾ ᎬᏩᏯᎢ ᏂᎨᏎᎢ, ᎠᎴ ᎥᏝ ᏱᏓᏄᏬᏍᎨᎢ, ᎥᏝ ᎠᎴ, ᎠᏓᏁᎸ ᏯᏕᎲᏍᎨᎢ, ᏓᏤᎵᏍᏛᏉᏍᎩᏂ.
28. ᎤᎪᎲᏃ ᏥᏌ, ᎤᏪᎷᏁᎢ, ᎠᎴ ᎤᏓᏅᏁ ᎦᏙᎬ ᎢᎬᏱᏗᏢ, ᎠᎴ ᎠᏍᏓᏯ ᎯᎠ ᏄᏪᏎᎢ; ᎦᏙ ᏗᎩᎾᏓ-ᏛᏙᏗ, ᏥᏌ, ᎤᏁᎳᏅᎯ ᏩᏍᏛ ᎦᎸᎳᏗᏳ ᎡᎯ ᎤᏪᏥ? ᎬᏔᏲᏎᎭ ᏞᏍᏗ ᏍᎩᎩᎸᏅᎩ.
29. ᏄᏁᏤᎶᏰᏃ ᎦᏓᎭ ᎠᏓᏅᏙ ᎤᏄᎪᎢᏍᏗᏱ ᎠᏍᎦᏯ. ᏯᏃᏉᏰᏃ ᎤᏂᏱᏍᎨᎢ; ᏧᏓᏕᏒᏛᏃ ᎠᎴ ᏗᎵᏰᏌᎾᎶ ᏓᎦᎸᏍᏗᏍᎨᎢ; ᏓᎦᎵᏍᎨᏃ ᏚᏓᎸᏍᏛᎢ, ᎠᎴ ᎠᏍᎩᎾ ᎢᎾᎨ ᏭᏱᎸᏍᏗᏍᎨᎢ.
30. ᏥᏌᏃ ᎤᏛᏛᏁ ᎯᎠ ᏄᏪᏎᎴᎢ; ᎦᏙ ᏕᏣᏙᎥ? ᎯᎠᏃ ᏅᏗᎤᏪᏎᎢ; ᏑᎾᏓᏡᎩ; ᎤᏂᏣᏖᏰᏃ ᎠᏂᏍᎩᎾ ᎬᏩᏴᎸᎯ ᎨᏎᎢ.
31. ᎬᏩᏔᏲᏎᎴᏃ ᏧᏁᏤᏗᏱ ᏂᎨᏒᎾ ᏗᏍᏛᎬ ᏭᏂᎶᎯᏍᏗᏱ.
32. ᎾᎿᎭᏃ ᎠᎾᎵᏍᏓᏴᏂᏙᎮ ᎦᏚᏏ ᎤᏂᏣᏘ ᏑᎾᏓᏡᎩ ᏏᏆ; ᎾᏍᎩᏃ ᎬᏩᏔᏲᏎᎴ ᎤᏁᎳᎩ ᏧᏪᎵᏎᏗᏱ ᎾᏍᎩ ᏫᏚᏂᏴᏍᏗᏱ; ᎤᏁᎳᎩᏃ ᏚᏪᎵᏎᎴᎢ
33. ᎿᎭᏉᏃ ᎠᏂᏍᎩᎾ ᎬᏩᏄᎪᏤ ᎠᏍᎦᏯ, ᎠᎴ ᏏᏆ ᏫᎬᏩᏂᏴᎴᎢ; ᏑᎾᏓᏡᎩᏃ ᎠᏯᏄᎵᏳ ᎤᎾᎵᏎ ᏭᏂᎦᏐᎠᏎ ᎦᏁᏡᎩ ᎨᏒ ᎥᏓᎸ ᏭᏂᎷᏤ ᎠᎴ ᏚᏂᎬᏤᎢ.
34. ᏧᏁᎶᎸᎯᏃ ᎤᏂᎪᎲ ᏄᎵᏍᏔᏅᎢ ᏚᎾᎵᏘᏎᎢ, ᎠᎴ ᎤᏁᏅᏎ ᏭᏂᏃᏁ ᏗᎦᏚᎲ ᎠᎴ ᎢᏴᏛ ᏭᏩᎫᏛᎢ.
35. ᎤᏁᏅᏎᏃ ᎤᎾᎦᏔᏅᏎ ᏄᎵᏍᏔᏅᎢ; ᏥᏌᏃ ᏭᏂᎷᏤᎴᎢ, ᎠᎴ ᎤᏂᏩᏛᎮ ᎠᏍᎦᏯ, ᎾᏍᎩ ᎬᏩᏄᎯᏨᎯ ᎠᏂᏍᎩᎾ, ᎤᏬᎴ ᏥᏌ ᏚᎳᏍᎬᎢ, ᏚᏄᏩᎡᎢ, ᎠᎴ ᎤᏓᏅᏘᏌᏅᎯ ᎨᏎᎢ; ᎤᏂᏍᎦᎴᏃ.
36. ᎤᏂᎪᎲᎯᏃ ᎾᏍᏉ ᏚᏂᏃᏁᎴ ᏄᎵᏍᏙᏔᏅ ᎠᏂᏍᎩᎾ ᎬᏩᏯᎢ ᎠᏥᏅᏩᏅᎢ.
37. ᎿᎭᏉᏃ ᏂᎦᏗᏳ ᎤᏂᏣᏘ ᎠᏂᎨᏕᎳ ᎤᎾᏤᎵᎪᎯ ᏂᎬᎾᏛ ᏗᏁᎯ ᎬᏩᏔᏲᏎᎴ ᏧᏓᏅᎡᏗᏱ; ᎤᏣᏘᏰᏃ ᎠᏂᏍᎦᎢᎮᎢ; ᏥᏳᎯᏃ ᎤᏣᏅ ᎢᎤᏨᏎᎢ.
38. ᎾᏍᎩᏃ ᎠᏍᎦᏯ ᎠᏂᏍᎩᎾ ᎬᏩᏄᎪᏤᎸᎯ, ᎤᏍᏗᏰᏔᏁ ᎤᎵᏍᎪᎸᏓᏁᏗᏱ ᎤᏍᏓᏩᏗᏓᏍᏗᏱ; ᎠᏎᏃ ᏥᏌ ᎤᏁᏤᎴ ᎤᏓᏅᏍᏗᏱ ᎯᎠ ᏄᏪᏎᎴᎢ,
39. ᏥᎮᎾ ᏗᏤᏅᏒᎢ, ᎠᎴ ᎬᏂᎨᏒ ᏫᏅᎦ ᏂᎦᎥ ᎤᏍᏆᏂᎪᏗ ᏂᏣᏛᏁᎸ ᎤᏁᎳᏅᎯ. ᎤᏪᏅᏎᏃ, ᎠᎴ ᏭᏃᎮᎵᏙᎴ ᏂᎬᎢ ᎦᏚᎲ ᏂᎦᎥ ᎤᏍᏆᏂᎪᏗ ᏄᏛᏁᎸ ᏥᏌ.
40. ᎯᎠᏃ ᏄᎵᏍᏔᏁ ᏥᏌ ᏫᎤᎷᏨ, ᎾᏍᎩ ᏴᏫ ᏕᎬᏩᏓᏂᎸᏤᎢ; ᏂᎦᏛᏰᏃ ᎬᏩᎦᏘᏰᎢ.
41. ᎬᏂᏳᏉᏃ ᎤᎷᏤᎴ ᎠᏍᎦᏯ ᏤᎳ ᏧᏙᎢᏛ ᏄᎬᏫᏳᏌᏕᎩ ᏗᎦᎳᏫᎢᏍᏗᏱ; ᏥᏌᏃ ᏚᎳᏍᎬ ᎤᏓᏅᏁᎢ, ᎠᎴ ᎤᏔᏲᏎᎴ ᎦᏁᎸ ᎤᏴᏍᏗᏱ;
42. ᏌᏉᎯᏳᏰᏃ ᎡᎮ ᎤᏪᏥ ᎠᎨᏳᏣ ᏔᎳᏚ ᎢᏴᏛ ᎢᏳᏕᏘᏴᏛ, ᎠᎴ ᎾᏍᎩ ᎠᏲᎱᏍᎨᎢ. ᎠᎢᏒᏃ ᎤᏂᏣᏘ ᏴᏫ ᎬᏩᏓᏡᏩᏍᏗᏕᎨᎢ.
43. ᎠᎨᏴᏃ ᎤᏢᎨ ᎩᎬ ᎤᏪᏅᎡᎮ ᏔᎳᏚ ᏧᏕᏘᏴᏛ ᎬᏩᏓᎴᏅᎡᎸᎯ, ᎤᏒᏅᎯ ᎨᏎ ᏂᎦᏛ ᎤᎵᏍᏕᎸᏙᏗ ᏓᎫᏴᎡᎲ ᎠᏂᎦᎾᎦᏘ, ᎠᏎᏃ ᎥᏝ ᎩᎶ ᎬᏩᏅᏬᏗ ᏱᎨᏎᎢ,
44. ᎾᏍᎩ ᎣᏂᏗᏢ ᎤᎷᎯᏍᏓᏁᎢ, ᎠᎴ ᎦᏓᎷᏯᏛ ᎤᏄᏩᎥ ᎤᏒᏂᎴᎢ; ᎩᎳᏉᏃ ᎢᏴᏛ ᎩᎬ ᎤᏪᏅᎡᎲ ᎤᏲᎯᏍᏔᏁᎢ.
45. ᏥᏌᏃ ᎯᎠ ᏄᏪᏎᎢ; ᎦᎪ ᎠᏆᏒᏂᎦ? ᏂᎦᏛᏃ ᎤᎾᏓᏱᎸ, ᏈᏓ ᎠᎴ ᎾᏍᎩ ᎠᏁᎯ ᎯᎠ ᏄᏂᏪᏎᎢ; ᏔᏕᏲᎲᏍᎩ, ᎤᏂᏣᏘ ᎨᏣᏓᏡᏫᏍᏗᏕᎦ ᎠᎴ ᎨᏣᏁᏄᎳᏍᏗᎭ, ᏥᎪᏃ ᎦᎪ ᎠᏆᏒᏂᎦ ᎢᎭᏗᎭ?
46. ᏥᏌᏃ ᎯᎠ ᏄᏪᏎᎢ, ᎩᎶ ᎠᏆᏒᏂᎦ; ᎦᏙᎴᎰᏍᎦᏰᏃ ᎠᏆᏓᏅᏬᏗ ᎨᏒ ᎠᎩᏄᎪᏤᎸᎢ.
47. ᎠᎨᏰᏃ ᎤᏙᎴᎰᏒ ᏄᏗᏍᎦᎸᎾ ᎨᏒᎢ, ᎤᎷᏤ ᎤᏪᎾᏫᏍᎨᎢ, ᎠᎴ ᎢᎬᏱᏢ ᎤᏓᏅᏁᎴᎢ, ᏂᎦᏛᏃ ᏴᏫ ᎠᏂᎦᏔᎲ ᎤᏃᏁᎴ ᏅᏧᎵᏍᏙᏔᏅ ᎤᏒᏂᎸᎢ, ᎠᎴ ᎾᏍᎩ ᎩᎳᏉ ᎢᏴᏛ ᎤᏗᏩᏒᎢ.
48. ᎯᎠᏃ ᏄᏪᏎᎴᎢ; ᎠᏇᏥ, ᎤᎦᎵᏍᏗ ᎭᏓᏅᏓᏓ; ᏦᎯᏳᏒ ᏣᏗᏫᏍᏓ; ᏅᏩᏙᎯᏯᏛ ᏥᎮᎾ.
49. ᎠᏏᏉ ᎦᏬᏂᏍᎨ ᎩᎶ ᎤᎷᏤ ᏗᎦᎳᏫᎢᏍᏗᏱ ᎤᎬᏫᏳᏌᏕᎩ ᎦᏁᎸ ᏅᏓᏳᎶᏒᎯ, ᎯᎠ ᏄᏪᏎᎴᎢ, ᏤᏥ ᎤᏲᎱᏒ, ᏞᏍᏗ ᎯᏯᏕᏯᏙᏔᏅ ᏗᏕᏲᎲᏍᎩ.
50. ᎠᏎᏃ ᏥᏌ ᎤᏛᎦᏅ ᎤᏁᏤᎴ ᎯᎠ ᏄᏪᏎᎢ; ᏞᏍᏗ ᏱᏍᎦᎢᎮᏍᏗ; ᏦᎯᏳᏎᏍᏗᏉ, ᏓᏳᏗᏩᏏᏃ.
51. ᎠᏓᏁᎸᏃ ᎤᏴᎸ, ᎥᏝ ᎩᎶ ᏳᎵᏍᎪᎸᏓᏁᎴ ᎤᏴᏍᏗᏱ, ᏈᏓ ᎠᎴ ᏥᎻ ᎠᎴ ᏣᏂ ᎤᏅᏒ, ᎠᎴ ᎠᎨᏳᏣ ᎤᏙᏓ ᎠᎴ ᎤᏥ.
52. ᏂᎦᏛᏃ ᏓᎾᏠᏱᎮ ᎠᎴ ᎠᏂᏍᎪᏂᎮᎢ. ᎠᏎᏃ ᎯᎠ ᏄᏪᏎᎢ; ᏞᏍᏗ ᏗᏣᏠᏱᎸᎩ; ᎥᏝ ᏳᏲᎱᏒ, ᎦᎵᎭᏉᏍᎩᏂ.
53. ᎢᎬᏩᏙᏢᏔᏁᏃ, ᎠᏂᎦᏔᎮᏰᏃ ᎤᏲᎱᏒᎯ ᎨᏒᎢ.
54. ᏂᎦᏛᏃ ᏚᏄᎪᏫᏒ ᎠᎴ ᎤᏬᏯᏁᏒ ᎤᏯᏅᎮ ᎯᎠ ᏄᏪᏎᎢ; ᎯᎨᏳᏣ, ᎭᏗᏛ.
55. ᎤᏓᏅᏙᏃ ᎤᎷᏥᏌᏁᎴᎢ, ᎠᎴ ᎩᎳᏉ ᎢᏴᏛ ᎤᏗᏛᎮᎢ; ᎤᏁᏤᏃ ᎤᎵᏍᏓᏴᏗ ᎤᏂᏁᏗᏱ.
56. ᏧᎦᏴᎵᎨᏃ ᎤᏂᏍᏆᏂᎪᏎᎢ; ᎠᏎᏃ ᏚᏁᏤᎴ ᎩᎶ ᎤᏂᏃᏁᏗᏱ ᏂᎨᏒᎾ ᎾᏍᎩ ᏄᎵᏍᏔᏅᎢ.

== Luke 9 ==
1. ᏫᏚᏯᎲᏃ ᏔᎳᏚ ᎢᏯᏂᏛ ᎬᏩᏍᏓᏩᏗᏙᎯ, ᏚᏁᎴ ᎾᏂᎥ ᎠᏂᏍᎩᎾ ᎬᏩᏃᎯᏳᏗᏱ, ᎠᎴ ᏚᏂᏢᎬ ᏧᎾᏓᏅᏬᏗᏱ.
2. ᏚᏅᏎᏃ ᎤᎾᎵᏥᏙᏅᏍᏗᏱ ᎤᏁᎳᏅᎯ ᎤᎬᏫᏳᎯ ᎨᏒ ᎤᎬᏩᎵ, ᎠᎴ ᏧᏂᏢᎩ ᏧᏂᏅᏬᏗᏱ
3. ᎠᎴ ᎯᎠ ᏂᏚᏪᏎᎴᎢ, ᏞᏍᏗ ᎪᎱᏍᏗ ᎢᏣᏓᏁᎳᏅᎩ ᎢᏣᎵᏍᏕᎸᏙᏗ ᎢᏣᎢᏒᎢ, ᏞᏍᏗ ᏗᏙᎳᏅᏍᏗ, ᎠᎴ ᏕᎦᎶᏗ, ᎠᎴ ᎦᏚ, ᎠᎴ ᎠᏕᎸ; ᎠᎴ ᎢᏥᏏᏴᏫᎭ ᏞᏍᏗ ᏔᎵ ᏗᏣᏄᏬ ᏱᏗᏥᏁᎮᏍᏗ.
4. ᎢᎸᎯᏢᏃ ᎠᏓᏁᎸ ᎢᏥᏴᎯᎮᏍᏗ ᎾᎭᏉ ᎢᏥᏁᏍᏗ, ᎠᎴ ᎾᎿᎭᎢᏣᏂᎩᏍᎨᏍᏗ.
5. ᎩᎶᏃ ᏂᏗᏣᏓᏂᎸᎬᎾ ᎢᎨᏎᏍᏗ, ᎾᎿᎭᎦᏚᎲ ᎢᏥᏄᎪᎨᏍᏗ, ᏗᏣᎳᏏᏕᏂ ᎪᏍᏚ ᏚᏅᎦᎸ ᏕᏥᏅᎪᎥᏗᏍᎨᏍᏗ ᎾᏍᎩ ᎧᏃᎮᏍᎩ ᎨᏎᏍᏗ ᎤᎾᏡᏗᏍᎩ.
6. ᎤᎾᏂᎩᏒᏃ ᏕᎦᏚᏩᏗᏒ ᎤᏁᏙᎴ ᎠᎾᎵᏥᏙᎲᏍᎨ ᎣᏍᏛ ᎧᏃᎮᏛ, ᎠᎴ ᏓᎾᏓᏅᏫᏍᎨ ᏂᎦᎥ ᎠᏁᏙᎲᎢ.
7. ᎡᎶᏛᏃ ᏅᎩ ᎢᎦᏚᎩ ᎨᏒ ᏍᎦᏚᎩ ᎠᏥᎦᏘᏗᏍᏗ ᎤᏛᎦᏁ ᏂᎦᏛ ᏕᎤᎸᏫᏍᏓᏁᎲᎢ; ᎠᎴ ᎤᏕᏯᏔᏁᎴᎢ, ᏅᏗᎦᎵᏍᏙᏗᏍᎨ ᎩᎶ ᏣᏂ ᎤᏲᎱᏒ ᏕᎤᎴᎯᏌᏅ ᎠᎾᏗᏍᎬᎢ;
8. ᎩᎶᏃ ᎢᎳᏯ ᎦᎾᏄᎪᎩ ᎠᎾᏗᏍᎬᎢ; ᎢᎦᏛᏃ ᎩᎶ ᎢᏳᏍᏗ ᎢᎸᎯᏳ ᏣᏁᎮ ᎠᎾᏙᎴᎰᏍᎩ ᏚᎴᎯᏌᏅ ᎠᎾᏗᏍᎬᎢ.
9. ᎡᎶᏛᏃ ᎯᎠ ᏄᏪᏎᎢ, ᏣᏂ ᏥᏍᎫᏕᏒᎩ; ᎯᎠᏍᎩᏂ ᎦᎪ, ᎾᏍᎩ ᎯᎠ ᏥᏄᏍᏗ ᏥᏥᏯᏛᎩᎭ? ᎤᏟᏂᎬᏁᎴᏃ ᎤᎪᏩᏛᏗᏱ.
10. ᎨᏥᏅᏏᏛᏃ ᎢᎤᏂᎷᏨ, ᎬᏩᏃᏁᎴ ᏂᎦᏛ ᏄᎾᏛᏁᎸᎢ. ᏚᏘᏅᏎᏃ ᎠᎴ ᎤᏅᏒ ᎨᏒ ᎢᎾᎨ ᏭᎶᏎ ᎦᏚᎲ ᎾᎥ ᏇᏣᏰᏗ ᏣᏃᏎᎰᎢ.
11. ᏴᏫᏃ ᎤᎾᏙᎴᎰᏒ ᎬᏩᏍᏓᏩᏛᏎᎢ; ᎠᎴ ᏚᏓᏂᎸᏤᎢ, ᏚᏁᎢᏍᏓᏁᎴ ᎤᏁᎳᏅᎯ ᎤᎬᏫᏳᎯ ᎨᏒ ᎤᎬᏩᎵ, ᎠᎴ ᏚᏅᏩᏁ ᎤᏚᎸᏗ ᎢᏳᎾᎵᏍᏓᏁᎯ ᏗᎨᏥᏅᏬᏗᏱ.
12. ᎢᎦᏃ ᎿᎭᏉ ᎦᎶᏐᎲᏍᎨᎢ ᎬᏩᎷᏎᎴ ᏔᎳᏚ ᎢᏯᏂᏛ ᎠᎴ ᎯᎠ ᏂᎬᏩᏪᏤᎴᎢ, ᏘᏰᎵᎯᏍᏓ ᎤᏂᏣᏘ, ᎾᏍᎩ ᏩᏁᎾ ᏙᏗᎦᏚᎲ ᎠᎴ ᏙᏗᎦᎶᎨᏒ ᎠᏂ ᎬᏩᏚᏫᏛ ᏫᏚᏂᏒᏍᏗᏱ, ᎠᎴ ᎤᎾᎵᏍᏓᏴᏗ ᏭᏂᏩᏛᏗᏱ; ᎠᏂᏰᏃ ᎢᎾᎨᏉ ᎨᏒ ᎢᏕᏙᎭ.
13. ᎠᏎᏃ ᎯᎠ ᏂᏚᏪᏎᎴᎢ; ᏂᎯ ᏗᏤᎳᏍᏓ. ᎯᎠᏃ ᏄᏂᏪᏎᎢ, ᎯᏍᎩᏉ ᎦᏚ ᏙᏥᏰᎭ ᎠᎴ ᎠᏣᏗ ᏔᎵᏉᎢ; ᎢᏳᏍᎩᏂᏃᏅ ᏲᎩᏩᏎᏅ ᏂᎦᏛ ᎯᎠ ᎾᏍᎩ ᏴᏫ ᎤᎾᎵᏍᏓᏴᏗ.
14. ᎯᏍᎩᏰᏃ ᎢᏯᎦᏴᎵ ᎢᏴᏛ ᎾᏂᎡ ᎠᏂᏍᎦᏯ. ᎯᎠᏃ ᏂᏚᏪᏎᎴ ᎬᏩᏍᏓᏩᏗᏙᎯ, ᏩᎾᏅᎥᎦ ᎯᏍᎦᏍᎪᎯ ᎢᎫᏂᏨᏛ ᎨᏎᏍᏗ.
15. ᎾᏍᎩᏃ ᏄᎾᏛᏁᎴᎢ, ᎠᎴ ᏂᎦᏛ ᎤᎾᏅᏗᏱ ᏂᏚᏅᎴᎢ.
16. ᎯᏍᎩᏃ ᎦᏚ ᏚᎩᏎᎢ, ᎠᎴ ᏔᎵ ᎠᏣᏗ ᏚᏁᏎᎢ; ᎦᎸᎳᏗᏃ ᏫᏚᎧᎿᎭᏅ ᎤᎵᎮᎵᏤᎢ, ᎠᎴ ᎤᎬᎭᎷᏰᎢ, ᎠᎴ ᏚᏁᎴ ᎬᏩᏍᏓᏩᏗᏙᎯ ᏧᏂᏁᏗᏱ ᎤᏂᏣᏘ.
17. ᎤᎾᎵᏍᏓᏴᏁᏃ, ᎠᎴ ᏂᎦᏛ ᏚᏃᎸᏎᎢ; ᎠᎴ ᎤᏄᏖᏎ ᎤᎵᎬᎭᎷᏴᎯ ᎤᎾᏘᏰᎸᎯ ᏔᎳᏚ ᎢᏯᎧᎵᎢ ᏔᎷᏣ.
18. ᎯᎠᏃ ᏄᎵᏍᏔᏁᎢ ᎾᏍᎩ ᎤᏩᏒ ᎨᏒ ᎠᏓᏙᎵᏍᏗᏍᎬ ᎬᏩᏍᏓᏩᏗᏙᎯ ᎠᏁᎮᎢ; ᏚᏛᏛᏁᏃ ᎯᎠ ᏂᏚᏪᏎᎴᎢ, ᎦᎪ ᎬᏉᏎᎰ ᏴᏫ?
19. ᎤᏂᏁᏨᏃ ᎯᎠ ᏄᏂᏪᏎᎢ, ᏣᏂ ᏗᏓᏬᏍᎩ; ᎢᎦᏛᏍᎩᏂ ᎢᎳᏯ; ᎠᏂᏐᎢᏃ, ᎩᎶ ᎢᏳᏍᏗ ᎢᎸᎯᏳ ᎤᎾᏕᏅᎯ ᎠᎾᏙᎴᎰᏍᎩ ᏚᎴᎯᏌᏅ [ᎠᎾᏗᏍᎪᎢ.]
20. ᎯᎠᏃ ᏂᏚᏪᏎᎴᎢ, ᏂᎯᎾᏃ ᎦᎪ ᏍᎩᏲᏎᎭ? ᏈᏓ ᎤᏁᏨ ᎯᎠ ᏄᏪᏎᎢ, ᎦᎶᏁᏛ ᎤᏁᎳᏅᎯ ᎤᏤᎵᎦ.
21. ᎤᎵᏂᎩᏛᏃ ᏚᏅᏍᏓᏕᎴ ᏚᏁᏤᎴ ᎩᎶ ᎤᏂᏃᏁᏗᏱ ᏂᎨᏒᎾ ᎾᏍᎩ,
22. ᎯᎠ ᏂᎦᏪᏍᎨᎢ, ᏴᏫ ᎤᏪᏥ ᎠᏎ ᎤᏣᏘ ᏧᏓᎴᏅᏛ ᏧᎩᎵᏳᏤᏗ ᎨᏎᏍᏗ, ᎠᎴ ᏗᎬᏩᏲᎯᏍᏗ ᎨᏎᏍᏗ ᏗᏂᎳᏫᎩ ᎠᎴ ᏄᏂᎬᏫᏳᏒ ᎠᏥᎸ-ᎠᏁᎶᎯ ᎠᎴ ᏗᏃᏪᎵᏍᎩ, ᎠᎴ ᎠᏥᎢᏍᏗ ᎨᏎᏍᏗ, ᎠᎴ ᏦᎢᏁ ᎢᎦ ᏣᎦᎴᏙᏗ ᎨᏎᏍᏗ.
23. ᎯᎠᏃ ᏂᏚᏪᏎᎴ ᏂᎦᏛ, ᎢᏳᏃ ᎩᎶ ᎤᏚᎵᏍᎨᏍᏗ ᎠᎩᏍᏓᏩᏛᏍᏗᏱ ᎤᏩᏒ ᎠᏓᏓᏱᎮᏍᏗ, ᎠᎴ ᎠᏱᏍᎨᏍᏗ ᏂᏚᎩᏨᏂᏒ ᎤᏤᎵ ᏧᏓᎿᎭᏩᏛ, ᎠᎴ ᎠᎩᏍᏓᏩᏕᎨᏍᏗ.
24. ᎩᎶᏰᏃ ᎤᏚᎵᏍᎨᏍᏗ ᎤᏍᏕᎸᏗᏱ ᎬᏅᎢ ᎤᏲᎱᏎᏗ ᎨᏎᏍᏗ; ᎩᎶᏍᎩᏂ ᎬᏅ ᎤᏲᎱᏎᎮᏍᏗ ᎠᏴ ᏅᏗᎦᎵᏍᏙᏗᏍᎨᏍᏗ, ᎾᏍᎩ ᎤᏍᏕᎸᏗ ᎨᏎᏍᏗ.
25. ᎦᏙᏰᏃ ᏳᏁᏉᏥ ᏴᏫ ᎢᏳᏃ ᏂᎬ ᎡᎶᎯ ᎤᏤᎵ ᏱᏄᎵᏍᏔᏅ, ᎤᏩᏒᏃ ᏳᏲᎱᏒ ᎠᎴ ᏯᎦᏓᎢᏅ.
26. ᎩᎶᏰᏃ ᎠᏆᏕᎰᏍᎨᏍᏗ ᎠᏴ ᎠᎴ ᎠᎩᏁᏨᎢ, ᎾᏍᎩ ᏴᏫ ᎤᏪᏥ ᎤᏕᎰᎯᏍᏗ ᎨᏎᏍᏗ ᎾᎯᏳ ᎦᎷᏨᎭ ᎤᏄᏬᏍᏕᏍᏗ ᎦᎸᏉᏗᏳ ᎨᏒ ᎤᏩᏒ ᎤᏤᎵᎦ, ᎠᎴ ᎤᏙᏓ ᎤᏤᎵᎦ, ᎠᎴ ᎨᏥᎸᏉᏗ ᏗᏂᎧᎿᎭᏩᏗᏙᎯ ᎤᎾᏤᎵᎦ.
27. ᎠᏎᏃ ᎤᏙᎯᏳᎯᏯ ᎢᏨᏃᏁᎭ, ᎩᎶ ᎠᏂ ᏓᏂᏙᎦ ᎥᏝ ᏴᏛᎾᏙᎴᎰᏏ ᎠᏲᎱᎯᏍᏗ ᎨᏒ ᎬᏂ ᎤᏁᎳᏅᎯ ᎤᎬᏫᏳᎯ ᎨᏒ ᎠᏂᎪᎲᎭ.
28. ᏧᏁᎳᏃ ᎢᏴᏛ ᏫᏄᏒᎸ ᎾᏍᎩ ᎯᎠ ᏄᏪᏐᎢ, ᎯᎠ ᏄᎵᏍᏔᏁᎢ, ᎾᏍᎩ ᏈᏓ ᎠᎴ ᏣᏂ ᎠᎴ ᏥᎻ ᏚᏘᏅᏎ ᎠᎴ ᎤᎿᎭᎷᏎ ᎣᏓᎸ ᎤᏓᏙᎵᏍᏔᏅᏎᎢ.
29. ᎠᏓᏙᎵᏍᏗᎨᏃ ᏄᏍᏛ ᎤᎧᏛ ᎤᏓᏁᏟᏴᏎᎢ, ᎠᎴ ᏚᏄᏩᎥ ᎤᏁᎩᏳ ᎠᎴ ᎬᏩᏥᏍᏓᎷᎩᏍᎩ ᏄᎵᏍᏔᏁᎢ.
30. ᎠᎴ ᎬᏂᏳᏉ ᎬᏩᎵᏃᎮᏔᏁ ᎠᏂᏔᎵ ᎠᏂᏍᎦᏯ, ᎾᏍᎩ ᎼᏏ ᎠᎴ ᎢᎳᏯᎨᏎᎢ,
31. ᎾᏍᎩ ᎦᎸᏉᏗᏳ ᎨᏒ ᎤᎾᏄᏬᏍᏕ ᎬᏂᎨᏒ ᏄᎾᏛᏁᎴᎢ; ᎠᎴ ᎤᏂᏁᎢᏍᏔᏁ ᎤᎵᏍᏆᏕᏗᏱ ᎨᏒ ᏥᎷᏏᎵᎻ.
32. ᏈᏓᏍᎩᏂ ᎠᎴ ᎾᏍᎩ Ꮎ ᎠᏁᎯ ᎤᏣᏘ ᏓᏂᎸᏍᎨᎢ; ᎤᏂᏰᏨᏃ ᎤᏂᎪᎮ ᎤᏤᎵ ᎦᎸᏉᏗᏳ ᎨᏒᎢ, ᎠᎴ ᎾᏍᎩ ᎠᏂᏔᎵ ᎠᏂᏍᎦᏯ ᎦᏙᎬ ᏗᏂᏙᎩ.
33. ᎯᎠᏃ ᏄᎵᏍᏔᏁᎢ, ᎾᏍᎩ ᎿᎭᏉ ᎬᏩᏓᏅᎡᎮᎢ, ᏈᏓ ᎯᎠ ᏄᏪᏎᎴ ᏥᏌ, ᏔᏕᏲᎲᏍᎩ, ᎣᏏᏳ ᎠᏂ ᏥᏕᏙᎭ; ᎠᎴ ᏦᎢ ᏫᏙᏥᎵᏦᏛᎦ; ᏌᏉ ᏂᎯ ᏣᏤᎵᎦ, ᏌᏉᏃ ᎼᏏ ᎤᏤᎵᎦ, ᏌᏉᏃ ᎢᎳᏯ ᎤᏤᎵᎦ, ᎥᏝ ᏯᎦᏔᎮ ᏂᎦᏪᏍᎬᎢ.
34. ᎠᏏᏉ ᎾᏍᎩ ᏂᎦᏪᏍᎨᎢ ᎤᎶᎩᎳᏕᎢ ᎠᎴ ᎤᏄᏢᏔᏁᎢ; ᎠᎴ ᎤᏂᏍᎦᎴ ᎤᏂᏄᏴᎸ ᎤᎶᎩᎸᎢ.
35. ᎤᎶᎩᎸᏃ ᏧᎶᏎ ᎧᏁᎬ ᎯᎠ ᏂᎦᏪᏍᎨᎢ, ᎯᎠ ᎾᏍᎩ ᏥᎨᏳᎢ ᎠᏇᏥ, ᎾᏍᎩ ᎡᏣᏛᏓᏍᏓᏁᎮᏍᏗ.
36. ᎧᏁᎬ ᎤᎶᏐᏅ ᎤᏩᏒᏉ ᎠᏥᏩᏛᎮ ᏥᏌ. ᎡᎳᏪᏱᏉᏃ ᎤᏅᏎᎢ, ᎠᎴ ᎥᏝ ᎩᎶ ᏳᏂᏃᏁᎴ ᎾᎯᏳ ᎨᏒ ᏄᏍᏛ ᎤᏂᎪᎲᎢ.
37. ᎯᎠᏃ ᏄᎵᏍᏔᏁ ᎾᏍᎩ ᎤᎩᏨᏛ ᏧᏂᎦᏐᎠᏒ ᎣᏓᎸᎢ, ᎤᏂᏣᏘ ᏴᏫ ᏕᎬᏩᏠᏎᎢ.
38. ᎠᎴ ᎬᏂᏳᏉ ᎠᏍᎦᏯ ᎾᎿᎭᎤᎾᏓᏡᎬ ᎤᏪᎷᏁᎢ ᎯᎠ ᏂᎦᏪᏍᎨᎢ, ᏔᏕᏲᎲᏍᎩ, ᎬᏍᏗᏰᏗᎭ ᏘᏯᎦᏃᏗᏱ ᎠᏇᏥ; ᎤᏩᏒᎯᏳᏰᏃ ᎠᏇᏥ ᎾᏍᎩ;
39. ᎠᎴ ᎬᏂᏳᏉ, ᎠᏓᏅᏙ ᎤᏂᏱᏍᎪᎢ, ᎠᎴ ᎩᎳᏉ ᎢᏴᏛ ᎨᎷᎲᏍᎪᎢ, ᎠᎴ ᎤᎸᏕᏍᏗᏍᎪᎢ ᎠᎴ ᏓᎭᏬᎢᎰᎢ, ᎤᏂᏆᎶᏛᏃ ᎦᏂᎳ ᎤᏓᏅᎡᎰᎢ.
40. ᎦᏥᏔᏲᏎᎸᏃ ᎨᏣᏍᏓᏩᏗᏙᎯ ᎤᏂᏄᎪᏫᏍᏗᏱ; ᎠᏎᏃ ᎤᏂᏄᎸᏅᎩ.
41. ᏥᏌᏃ ᎤᏁᏨ ᎯᎠ ᏄᏪᏒᎩ; Ᏺ, ᏂᏦᎯᏳᏒᎾ ᎠᎴ ᎢᏣᎦᏔᎲᏛ ᎪᎯ ᏥᏤᎭ! ᎢᎳᎪ ᏂᎪᎯᎴᏍᏗ ᎢᏨᏰᎳᏗᏙᎮᏍᏗ, ᎠᎴ ᎤᎾᏁᎳᎩ ᎢᏨᏰᎵᏎᎮᏍᏗ? ᎡᎯᏯᏘᏄᎦ ᏤᏥ.
42. ᎠᏏᏉᏃ ᏣᎢᏎᎢ ᎠᏍᎩᎾ ᎤᏍᏢᏂᏍᏔᏁᎢ, ᎠᎴ ᎤᎸᏕᏍᏔᏁᎢ. ᏥᏌᏃ ᎤᏍᎦᏤ ᎦᏓᎭ ᎠᏓᏅᏙ ᎠᎴ ᎤᏅᏩᏁ ᎠᏲᎵ, ᎠᎴ ᏔᎵᏁ ᎢᎤᏪᎧᏁᎴ ᎤᏙᏓ.
43. ᏂᎦᏛᏃ ᎤᏂᏍᏆᏂᎪᏎ ᎤᏣᏘ ᎤᎵᏂᎩᏗᏳ ᎨᏒ ᎤᏁᎳᏅᎯ. ᏂᎦᏛᏃ ᎤᏂᏍᏆᏂᎪᏒ ᏂᎦᎥ ᏥᏌ ᏄᏛᏁᎸᎢ, ᎯᎠ ᏂᏚᏪᏎᎴ ᎬᏩᏍᏓᏩᏗᏙᎯ;
44. ᎯᎠ ᎾᏍᎩ ᏥᏂᏥᏪᎭ ᏩᏴᎭ ᏗᏥᎴᏂ; ᏴᏫᏰᏃ ᎤᏪᏥ ᏴᏫ ᏗᎨᏥᏲᎯᏎᏗ ᎨᏎᏍᏗ.
45. ᎠᏎᏃ ᎥᏝ ᏳᏃᎵᏤ ᎾᏍᎩ ᏂᏚᏪᏎᎸᎢ, ᎠᎴ ᎨᎬᏍᎦᎳᏁᎴᎢ, ᎾᏍᎩ ᏄᏂᎪᎲᎾ ᎨᏎᎢ; ᎠᎴ ᎠᏂᏍᎦᎢᎮ ᎬᏩᏛᏛᏗᏱ ᎾᏍᎩ ᏄᏪᏒᎢ.
46. ᎿᎭᏉᏃ ᎤᏂᏃᎮᎴ ᎤᏅᏒ ᎨᏒᎢ, ᎾᏍᎩ Ꮎ ᎤᎾᏓᏡᎬ ᎤᏟ ᎠᏥᎸᏉᏗᏳ ᎨᏒᎢ.
47. ᏥᏌᏃ ᎤᏙᎴᎰᏒ ᏄᏍᏛ ᏓᎾᏓᏅᏖᏍᎬ ᏙᏧᎾᏓᏅᏛᎢ, ᎠᏲᎵ ᏭᏯᏅᎮ ᎠᎴ ᎤᏬᎸ ᎾᎥ ᎤᏪᎧᏁᎢ,
48. ᎠᎴ ᎯᎠ ᏂᏚᏪᏎᎴᎢ, ᎩᎶ ᏓᏓᏂᎸᎨᏍᏗ ᎯᎠ ᎠᏲᎵ ᎠᏴ ᏓᏆᏙᎥ ᏅᏗᎦᎵᏍᏙᏗᏍᎨᏍᏗ, ᎠᏴ ᏓᏆᏓᏂᎸᎨᏍᏗ; ᎩᎶᏃ ᎠᏴ ᏓᏆᏓᏂᎸᎨᏍᏗ, ᏓᏓᏂᎸᎨᏍᏗ ᏅᏛᎩᏅᏏᏛ, ᎾᏍᎩᏰᏃ ᎤᏍᏗᎧᏂ ᏂᎯ ᏂᎦᏛ ᏂᏣᏛᏅᎢ, ᎾᏍᎩ ᎠᏥᎸᏉᏗᏳ ᎨᏎᏍᏗ.
49. ᏣᏂᏃ ᎤᏁᏤ ᎯᎠ ᏄᏪᏎᎢ, ᏔᏕᏲᎲᏍᎩ, ᎣᏥᎪᎥᎩ ᎠᏏᏴᏫ ᎠᏂᏍᎩᎾ ᏕᎦᏄᎪᏫᏍᎬᎩ ᏕᏣᏙᎥ ᎬᏗᏍᎬᎩ; ᎣᏥᏅᏍᏓᏕᎸᎩᏃ ᏅᏓᎦᎵᏍᏙᏗᏍᎬᎩ ᏂᎩᏍᏓᏩᏕᎬᎾ ᎨᏒᎢ.
50. ᏥᏌᏃ ᎯᎠ ᏄᏪᏎᎸᎩ, ᏞᏍᏗ ᎡᏥᏅᏍᏓᏕᎸᎩ; ᎩᎶᏰᏃ ᏂᎦᏡᏗᏍᎬᎾ ᏱᎩ ᎾᏍᎩ ᎢᎦᎵᎪᏁᎯ.
51. ᎯᎠᏃ ᏄᎵᏍᏔᏁ ᎿᎭᏉ ᎠᏍᏆᎵᏍᎨ ᎦᎸᎳᏗ ᏣᎦᏓᏂᎸᎢᏍᏗᏱ, ᎤᎵᏂᎩᏗᏳ ᎤᏓᏅᏖ ᏥᎷᏏᎵᎻ ᏭᎶᎯᏍᏗᏱ.
52. ᏚᏅᏎᏃ ᎢᎬᏱ ᎠᏁᎩ; ᎤᏁᏅᏎᏃ, ᎠᎴ ᏌᎺᎵ ᎠᏁᎯ ᎤᏂᏚᎲ ᏭᏂᏴᎴᎢ, ᎾᏍᎩ ᎬᏩᏛᏅᎢᏍᏓᏁᏗᏱ.
53. ᎥᏝᏃ ᏱᏗᎬᏩᏓᏂᎸᏤᎢ, ᏅᏗᎦᎵᏍᏙᏗᏍᎨ ᏥᎷᏏᎵᎻ ᏥᏩᎦᏙ ᏅᏩᏍᏕᎢ.
54. ᎬᏩᏍᏓᏩᏗᏙᎯᏃ ᏥᎻ ᎠᎴ ᏣᏂ ᎾᏍᎩ ᎤᏂᎪᎲ, ᎯᎠ ᏄᏂᏪᏎᎢ, ᏣᎬᏫᏳᎯ, ᎣᏏᏉᏍᎪ ᏱᏰᎸᎾ ᏲᎩᏂᏁᏨ ᎠᏥᎸ ᎦᎸᎳᏗ ᏅᏓᏳᎶᎯᏍᏗᏱ ᎠᎴ ᎤᎾᎪᎲᏍᏙᏗᏱ ᎾᏍᎩᏯ ᎢᎳᏯ ᏄᏛᏁᎸᎢ?
55. ᎠᏎᏃ ᎤᎦᏔᎲᏒ ᏚᎬᏍᎪᎸᏁ ᎯᎠ ᏄᏪᏎᎢ, ᎥᏝ ᏱᏍᏗᎦᏔᎭ ᏄᏍᏛ ᎠᏓᏅᏙ ᎢᏍᏗᎲᎢ.
56. ᏴᏫᏰᏃ ᎤᏪᏥ ᏧᎷᏥᎸ ᎥᏝ ᏴᏫ ᏓᏅᏅ ᏱᏚᏛᏔᏂᎸ, ᏚᏍᏕᎸᎯᎸᏉᏍᎩᏂ. ᏅᏩᏓᎴᏃ ᏗᎦᏚᎲ ᏭᏂᎶᏎᎢ.
57. ᎠᎾᎢᏒᏃ ᏅᏃᎯ ᎯᎠ ᏄᎵᏍᏔᏁᎢ, ᎩᎶ ᎢᏳᏍᏗ ᎯᎠ ᏄᏪᏎᎴᎢ, ᏣᎬᏫᏳᎯ, ᏓᎬᏍᏓᏩᏗᏙᎵ ᏂᎦᎥ ᎮᏙᎲᎢ.
58. ᏥᏌᏃ ᎯᎠ ᏄᏪᏎᎴᎢ, ᏧᎳ ᏚᏂᏔᎴᏐᎢ, ᏥᏍᏆᏃ ᎦᎳᏅᏛ Ꭰ-ᏂᏃᎯᎵᏙᎯ ᏚᎾᏁᏍᏓᏝᎰᎢ; ᏴᏫᏍᎩᏂ ᎤᏪᏥ ᎥᏝ ᎢᎸᎯᏢ ᎠᏍᎪᎵ ᎤᏠᏗᏱ ᏱᎩ.
59. ᎤᏩᏓᎴᏃ ᎯᎠ ᏄᏪᏎᎴᎢ, ᏍᎩᏍᏓᏩᏚᎦ. ᎠᏎᏃ ᎯᎠ ᏄᏪᏎᎢ, ᏣᎬᏫᏳᎯ, ᏍᏆᎵᏍᎪᎸᏓᏏ ᎢᎬᏱ ᎠᏇᏅᏍᏗᏱ ᏫᏥᏂᏐᏗᏱ ᎡᏙᏓ.
60. ᏥᏌ ᎯᎠ ᏄᏪᏎᎴᎢ, ᏧᏂᏲᎱᏒᎯ ᏓᏂᏂᏏᏍᎨᏍᏗ ᏗᎬᏩᏂᏲᎱᎯᏎᎸᎯ; ᏂᎯᏍᎩᏂ ᎮᎾ ᏩᎵᏥᏙᎲᎦ ᏫᏃᎲᎵ ᎤᏁᎳᏅᎯ ᎤᎬᏫᏳᎯ ᎨᏒᎢ.
61. ᏅᏩᏓᎴᏃ ᎾᏍᏉ ᎯᎠ ᏄᏪᏎᎢ, ᏣᎬᏫᏳᎯ, ᏓᎬᏍᏓᏩᏗᏙᎵ; ᎠᏎᏃ ᎢᎬᏱ ᎨᎾ ᏫᎦᏥᏲᎵᎦ ᏅᏛᏂᏂ ᏗᏇᏅᏒᎢ.
62. ᏥᏌᏃ ᎯᎠ ᏄᏪᏎᎴᎢ, ᎥᏝ ᎩᎶᎢ, ᏧᏏᏔᏛᎯ ᎦᏓᎷᎪᏗ ᏱᎠᎦᏔᎲᏃ, ᏰᎵ ᎤᏁᎳᏅᎯ ᎤᎬᏫᏳᎯ ᎨᏒ ᏫᎬᏩᏴᏍᏗ ᏱᎩ.

== Luke 10 ==
1. ᎾᏍᎩᏃ ᏄᎵᏍᏔᏂᏙᎸ, ᎤᎬᏫᏳᎯ ᏅᏩᎾᏓᎴ ᎦᎵᏆᏍᎪᎯ ᎢᏯᏂᏛ ᎾᏍᏉ ᏚᏑᏰᏎᎢ ᎠᎴ ᏚᏅᏎ ᏔᎵ ᏧᎾᎵᎪᏅᏛ ᎢᎬᏱ ᏄᏁᏅᏍᏗᏱ ᏂᎦᏛ ᏕᎦᏚᏩᏗᏒ ᎠᎴ ᏂᎬᎾᏛ, ᎾᎿᎭᎤᏩᏒ ᏭᎷᎯᏍᏗ ᎨᏒᎢ.
2. ᎾᏍᎩ ᎢᏳᏍᏗ ᎯᎠ ᏂᏚᏪᏎᎴᎢ, ᎤᎦᏛᎾᏨᎯ ᎤᏙᎯᏳᎯ ᎤᏣᏔ, ᏧᏂᎸᏫᏍᏓᏁᎯᏍᎩᏂ ᎠᏂᎦᏲᎵᏳ; ᎾᏍᎩ ᎢᏳᏍᏗ ᎡᏣᏓᏙᎵᏍᏓᏏ ᎤᎬᏫᏳᎯ ᎤᎦᏛᎾᏨᎯ ᎤᏤᎵᎦ, ᏂᏙᏓᏳᏅᏍᏗᏱ ᏧᏂᎸᏫᏍᏓᏁᎯ ᎾᎿᎭᎤᎦᏛᎾᏤᎸᎢ.
3. ᎢᏤᎾ; ᎬᏂᏳᏉ ᎢᏨᏅᎵ ᎤᏂᏃᏕᎾ ᎠᏂᎩᎾ ᏩᏲᎯ ᏥᏩᏂᎶᏍᎪ ᎾᏍᎩᏯᎢ.
4. ᏞᏍᏗ ᏗᏥᏅᏒᎩ ᎠᏕᎸ ᏗᎦᎶᏗ, ᎠᎴ ᏕᎦᎶᏗ, ᎠᎴ ᏗᎳᏑᎶ; ᎠᎴ ᏞᏍᏗ ᎩᎶ ᎡᏥᏲᎵᎸᎩ ᎢᏣᎢᏒᎢ.
5. ᎢᎸᎯᏢᏃ ᎠᏓᏁᎸ ᎢᏥᏴᎯᎮᏍᏗ, ᎢᎬᏱ, ᏅᏩᏙᎯᏯᏛ ᎡᎮᏍᏗ ᎠᏂ ᎠᏓᏁᎸᎢ, ᎢᏣᏗᏍᎨᏍᏗ.
6. ᎢᏳᏃ ᏅᏩᏙᎯᏯᏛ ᎤᏪᏥ ᎾᎿᎭᎡᎮᏍᏗ, ᏅᏩᏙᎯᏯᏛ ᎢᏣᏤᎵᎦ ᎤᎷᏤᏗ ᎨᏎᏍᏗ; ᎢᏳᏃ ᎾᎿᎭᏁᎲᎾ ᎢᎨᏎᏍᏗ ᎢᏨᏒᏉ ᎢᏥᎷᏥᏌᏁᏗ ᎨᏎᏍᏗ.
7. ᎠᎴ ᎾᎿᎭᏉ ᎠᏓᏁᎸ ᎢᏥᏁᏍᏗ, ᎢᏣᎵᏍᏓᏴᏗᏍᎨᏍᏗ ᎠᎴ ᎢᏣᏗᏔᏍᎨᏍᏗ ᏄᏍᏛ ᎡᏥᏁᎲᎢ; ᏧᎸᏫᏍᏓᏁᎯᏰᏃ ᏚᏳᎪᏗ ᎠᎫᏴᎡᏗᏱ ᏚᎸᏫᏍᏓᏁᎸᎢ. ᏞᏍᏗ ᏓᏓᏁᎳᏗᏒ ᏱᏤᏙᎵᏙᎮᏍᏗ
8. ᎠᎴ ᎢᎸᎯᏢ ᎦᏚᎲ ᎢᏥᎷᎨᏍᏗ, ᎠᎴ ᏕᎨᏣᏓᏂᎸᎨᏍᏗ, ᏄᏍᏛ ᎨᏤᎳᏍᏗᏍᎬ ᎢᏣᎵᏍᏓᏴᏗᏍᎨᏍᏗ.
9. ᎠᎴ ᏕᏥᏅᏫᏍᎨᏍᏗ ᏧᏂᏢᎩ ᎾᎿᎭᎠᏁᎲᎢ, ᎠᎴ ᎯᎠ ᏂᏕᏥᏪᏎᎮᏍᏗ, ᎤᏁᎳᏅᎯ ᎤᎬᏫᏳᎯ ᎨᏒ ᎾᎥᏂᏳ ᎢᏥᎷᏤᎸ.
10. ᎢᎸᎯᏢᏍᎩᏂ ᎦᏚᎲ ᎢᏥᏴᎯᎮᏍᏗ, ᏂᏗᎨᏣᏓᏂᎸᎬᎾᏃ ᎢᎨᏎᏍᏗ, ᎢᏥᏄᎪᎨᏍᏗ ᏕᎦᎳᏅᏛ ᎾᎿᎭᏂ ᏫᏥᎶᏍᎨᏍᏗ, ᎯᎠ ᏂᏥᏪᏍᎨᏍᏗ,
11. ᎾᏍᏉ ᎪᏍᏚᏉ ᎢᏥᏚᎲ ᎦᎳᎨᏴᎢ, ᎾᏍᎩ ᎣᎩᏯᎸᎬᎢ ᎣᏥᏅᎪᎥᏗ ᎢᏨᎢᏰᎭ; ᎠᏎᏃ ᎯᎠ ᏄᏍᏕᏍᏗ ᎢᏥᎦᏔᎮᏍᏗ, ᎾᏍᎩ ᎤᏁᎳᏅᎯ ᎤᎬᏫᏳᎯ ᎨᏒ ᎾᎥᏂᏳ ᎢᏥᎷᏤᎸᎢ.
12. ᎠᏎᏃ ᎯᎠ ᏂᏨᏪᏎᎭ, ᎡᏍᎦᏉ ᎢᎦᎢ ᎤᏂᎩᎵᏲᎢᏍᏗ ᎨᏎᏍᏗ ᏐᏓᎻ ᎾᎯᏳ ᎢᎦ ᎨᏎᏍᏗ ᎤᏟᎯᏳ ᎾᏍᎩ ᎦᏚᎲᎢ.
13. ᎤᏲᏂᏳ ᎢᏣᎵᏍᏓᏁᏗ ᏂᎯ ᎪᎴᏏᏂ! ᎤᏲᎢᏳ ᎢᏣᎵᏍᏓᏁᏗ ᏂᎯ ᏇᏣᏱᏗ! ᎢᏳᏰᏃ ᎤᏍᏆᏂᎪᏗ ᏱᏙᎦᎸᏫᏍᏓᏁᎴ ᏔᏯ ᎠᎴ ᏌᏙᏂ ᏂᎯ ᎢᏤᎲ ᏕᎦᎸᏫᏍᏓᏁᎸᎢ, ᎪᎯᎩ ᏗᎬᏩᏂᏁᏟᏴᏛ ᏱᎨᏎ ᏚᎾᏓᏅᏛᎢ, ᏧᏏᏕᎾ ᏱᏚᎾᏄᏩᎡ ᎠᎴ ᎪᏍᏚᎯ ᏳᎾᏅᏁᎢ.
14. ᎠᏍᎡᏃ ᎤᏟ ᎣᏏᏳ ᎢᏳᎾᎵᏍᏓᏁᏗ ᎨᏎᏍᏗ ᏔᏯ ᎠᎴ ᏌᏙᏂ ᎤᎵᏍᏆᎸᏗ ᎢᎦ ᎨᏎᏍᏗ ᎡᏍᎦᏉ ᏂᎯ.
15. ᎠᎴ ᏂᎯ ᎨᏆᏂ ᎦᎸᎳᏗ ᎢᏴᏛ ᏤᏣᏌᎳᏓ, ᏨᏍᎩᏃ ᎢᏴᏛ ᏮᏓᏰᏣᎶᎥᏔᏂ.
16. ᎩᎶ ᏂᎯ ᎢᏣᏛᏓᏍᏓᏁᎮᏍᏗ ᎠᏴ ᎠᏆᏛᏓᏍᏓᏁᎮᏍᏗ; ᎩᎶᏃ ᎢᏥᏂᏆᏘᎮᏍᏗ, ᎠᏴ ᎠᎩᏂᏆᏘᎮᏍᏗ; ᎩᎶᏃ ᎠᏴ ᎠᎩᏂᏆᏘᎮᏍᏗ ᎦᏂᏆᏘᎮᏍᏗ ᏅᏛᎩᏅᏏᏛ.
17. ᎦᎵᏆᏍᎪᎯᏃ ᎢᏯᏂᏛ ᏔᎵᏁ ᎤᏂᎷᏤ ᎤᎵᎮᎵᏍᏗ ᏚᏁᏓᏅᏖᎢ, ᎯᎠ ᎾᏂᏪᏍᎨᎢ, ᏣᎬᏫᏳᎯ, ᎠᏂᏍᎩᎾ ᎾᏍᏉ ᎢᎪᎪᎯᏳᎲᏍᎦ ᏂᎯ ᏕᏣᏙᎥ ᏅᏗᎦᎵᏍᏙᏗᎭ.
18. ᎯᎠᏃ ᏂᏚᏪᏎᎴᎢ, ᏎᏓᏂ ᏥᎪᎥᎩ ᎠᎾᎦᎵᏍᎩ ᎦᎸᎳᏗ ᏨᏗᎦᏙᎠᏍᎪ ᎾᏍᎩᏯ ᏓᏳᏙᎠᏒᎩ.
19. ᎬᏂᏳᏉ ᎢᏨᏯᎵᏍᎪᎸᏓᏏ ᏗᏣᎳᏍᏓᎡᏗᏱ ᎢᎾᏛ ᎠᎴ ᏗᏂᏙᎬ ᏗᎾᏓᏨᏯᏍᏗᏍᎩ, ᎠᎴ ᎢᏣᏓᎵᏁᎯᏕᏗᏱ ᏂᎦᎥ ᎤᎵᏂᎩᏗᏳ ᎨᏒ ᎠᎦᏍᎩ; ᎥᏝ ᎠᎴ ᎪᎱᏍᏗ ᏰᎵ ᎤᏲ ᎢᎨᏨᏁᏗ ᏱᎨᏎᏍᏗ.
20. ᎠᏎᏍᎩᏂᏃᏅ ᎯᎠ ᎾᏍᎩ ᎥᏝᏍᏗ ᏱᏣᎵᎮᎵᏍᏗᏍᎨᏍᏗ, ᎾᏍᎩ ᏗᏓᏅᏙ ᎨᏦᎯᏳᏒᎢ; ᎢᏣᎵᎮᎵᎨᏍᏗᏍᎩᏂ ᏅᏗᎦᎵᏍᏙᏗᏍᎨᏍᏗ ᏕᏣᏙᎥ ᎦᎸᎳᏗ ᏦᏒ ᏫᏗᎪᏪᎸᎢ.
21. ᎾᎯᏳ ᏥᏌ ᎤᎵᎮᎵᏤ ᎤᏓᏅᏙᎩᎯ, ᎯᎠ ᏄᏪᏎᎢ, ᎬᏯᎵᎡᎵᏤᎭ ᎡᏙᏓ ᏣᎬᏫᏳᎯ ᎦᎸᎳᏗ ᎠᎴ ᎡᎶᎯ, ᎾᏍᎩ ᎯᎠ ᏥᏕᎲᏍᎦᎳᏁᎸ ᎠᏂᏏᎾᏌᏂ ᎠᎴ ᎠᏁᏯᏔᎯ, ᏗᏂᏲᎵᏃ ᏥᏕᎯᎾᏄᎪᏫᏎᎸ; ᎥᎥ, ᎡᏙᏓ; ᎾᏍᎩᏰᏃ ᎣᏏᏳ ᏣᏰᎸᏅᎯ.
22. ᏂᎦᎥ ᎪᎱᏍᏗ ᏓᎩᏲᎯᏎᎸ ᎡᏙᏓ; ᎥᏝ ᎠᎴ ᎩᎶ ᏯᎦᏔᎭ ᎾᏍᎩ ᎨᏒ ᎤᏪᏥ, ᎠᎦᏴᎵᎨ ᎤᏩᏒ; ᎠᎴ ᎾᏍᎩ ᎠᎦᏴᎵᎨ ᎨᏒ ᎤᏪᏥ ᎤᏩᏒ, ᎠᎴ ᎩᎶ ᏥᎾᏄᎪᏫᏏ ᎡᎳ ᎤᏪᏥ.
23. ᎬᏩᏍᏓᏩᏗᏙᎯᏃ ᎢᏗᏢ ᏭᎦᏔᎲᏍᏔᏅ ᎯᎠ ᏂᏚᏪᏎᎴ ᎤᏅᏒ ᎨᏒᎢ, ᏗᎦᎸᏉᏔᏅᎯ ᏗᎦᏙᎵ ᎾᏍᎩ ᏥᏓᎪᏩᏘᎭ ᏂᎯ ᏥᏥᎪᏩᏘᎭ;
24. ᎢᏨᏲᏎᏰᏃ ᎤᏂᏣᏛᎩ ᎠᎾᏙᎴᎰᏍᎩ ᎠᎴ ᎤᏂᎬᏫᏳᎯ ᎤᎾᏚᎸᎲᎩ ᏂᎯ ᏥᏥᎪᏩᏘ ᎤᏂᎪᏩᏛᏗᏱ, ᎠᏎᏃ ᎥᏝ ᏳᏂᎪᎮᎢ; ᎠᎴ ᎤᎾᏛᎪᏗᏱ ᎾᏍᎩ ᏂᎯ ᏥᏣᏛᎩᎭ, ᎠᏎᏃ ᎥᏝ ᏳᎾᏛᎦᏁᎢ
25. ᎬᏂᏳᏉᏃ, ᎩᎶ ᎢᏳᏍᏗ ᏗᎧᎿᎭᏩᏛᏍᏗ ᏗᎪᏏᏏᏍᎩ ᏚᎴᏁᎢ, ᎠᎴ ᎤᎪᎵᏰᏍᎬ ᎯᎠ ᏄᏪᏎᎢ, ᏔᏕᏲᎲᏍᎩ, ᎦᏙ ᏯᏆᏛᏁᎸ ᎠᏆᏤᎵ ᏱᏂᎦᎵᏍᏓ ᎬᏂᏛ ᎠᎵᏍᏆᏗᏍᎩ ᏂᎨᏒᎾ?
26. ᎯᎠᏃ ᎾᏥᏪᏎᎴᎢ, ᎦᏙ ᎬᏅ ᎪᏪᎳ ᏗᎧᎿᎭᏩᏛᏍᏗᏱ? ᎦᏙ ᎤᏍᏙ ᎯᎪᎵᏰᏍᎪᎢ?
27. ᏧᏁᏨᏃ ᎯᎠ ᏄᏪᏎᎢ, ᎯᎨᏳᏎᏍᏗ ᏱᎰᏩ ᏣᏁᎳᏅᎯ, ᎲᏗᏍᎨᏍᏗ ᏂᎦᎥ ᏣᎾᏫ ᏣᎸᎢ, ᎠᎴ ᏂᎦᎥ ᏣᏓᏅᏙᎩ, ᎠᎴ ᏂᎦᎥ ᏣᎵᏂᎬᎬᎢ, ᎠᎴ ᏂᎦᎥ ᏣᏓᏅᏖᏗ ᎨᏒᎢ; ᎾᎥᏃ ᎢᏗᏍᏓᏓᎳ ᏨᏒ ᏂᏣᏓᎨᏳᏒ ᎾᏍᎩᏯ ᏂᎨᏳᏎᏍᏗ.
28. ᎯᎠᏃ ᏄᏪᏎᎴᎢ, ᏰᎵᏉ ᏂᏫ; ᎾᏍᎩ ᎯᎠ ᎿᎭᏛᏁᎮᏍᏗ, ᎲᏁᏍᏗᏃ.
29. ᎠᏎᏃ ᎤᏚᎵᏍᎬ ᎤᏚᏓᎴᏍᏗᏱ ᎯᎠ ᏄᏪᏎᎴ ᏥᏌ, ᎦᎪᏃ ᎾᎥ ᎢᏦᎩᎾᏓᎳ?
30. ᏥᏌᏃ ᏧᏁᏨ ᎯᎠ ᏄᏪᏎᎴᎢ, ᎩᎶ ᎢᏳᏍᏗ ᏥᎷᏏᎵᎻ ᎤᏂᎩᏎ ᏤᎵᎪ ᎤᏪᏅᏎᎢ, ᏗᎾᏓᎾᏌᎲᏍᎩᏃ ᏚᎾᏓᏩᏛᏔᏁᎢ, ᎾᏍᎩ ᏕᎬᏩᏄᏪᏎ ᏚᏄᏩᎥᎢ, ᎠᎴ ᎬᏩᎵᎥᏂᎴᎢ, ᎠᎴ ᎤᎾᏓᏅᏎ ᎬᏩᏕᏤ ᎠᏰᎵ ᎢᏴᏛ ᎤᏲᎱᏒᎯ ᎨᏎᎢ.
31. ᎠᏰᎵᏃ ᏄᏮᏔᏁ ᎩᎶ ᎢᏳᏍᏗ ᎠᏥᎸ-ᎨᎶᎯ ᎾᎿᎭᏂᎦᏅᏅ ᏗᎤᎶᏎᎢ; ᎤᎪᎲᏃ ᎠᏂᏗᏢᏉ ᏄᎶᏎᎢ.
32. ᎠᎴ ᎾᏍᏉ ᎠᎵᏫ ᎾᎿᎭᎡᏙᎲ, ᎤᎷᏤ ᎤᎦᏔᏁᎢ, ᎠᎴ ᎠᏂᏗᏢᏉ ᏄᎶᏎᎢ.
33. ᎩᎶᏍᎩᏂ ᎢᏳᏍᏗ ᏌᎺᎵᏱ ᎡᎯ ᎠᎢᏒᎢ, ᎤᎷᏤ ᎦᏅᎢ; ᎤᎪᎲᏃ ᎤᏪᏙᎵᏤᎢ;
34. ᎠᎴ ᏭᎷᏤ ᎠᎴ ᏚᎸᎡᎴ ᏓᏥᏐᏅᏅᎢ, ᎠᎴ ᎪᎢ ᎩᎦᎨᏃ-ᎠᏗᏔᏍᏗ ᏓᏍᏚᏞᎮᎢ, ᎠᎴ ᎤᏩᏒ ᎤᎩᎸᏙᏗ ᎤᎩᎸᏔᏁᎢ, ᏧᏂᏒᏍᏗᏱᏃ ᎠᏓᏁᎸ ᎤᏘᏃᎴᎢ, ᎠᎴ ᎤᏍᏆᏂᎪᏔᏁᎢ.
35. ᎤᎩᏨᏛᏃ ᎿᎭᏉ ᎤᏂᎩᏒ, ᏔᎵ ᎠᏂᎩᏏ ᏧᎾᎬᏩᎶᏗ ᏑᎴᏎᎢ, ᎠᎴ ᏚᏁᎴ ᎦᏁᎳ, ᎠᎴ ᎯᎠ ᏄᏪᏎᎴᎢ, ᎯᏍᏆᏂᎪᏕᏍᏗ, ᎢᎦᎢᏃ ᏫᎦᎶᏒᏍᏗᏍᎬ ᏣᎫᏴᎯᏙᎸᎢ, ᎢᏥᎷᏨᎭ ᎢᎬᏯᎫᏴᎡᎸᎭ.
36. ᎯᎠᏃ ᎾᏍᎩ ᏦᎢ ᎢᏯᏂᏛ ᎨᏒ, ᏂᎯ ᎭᏓᏅᏖᏍᎬ, ᎦᎪ ᎾᎥ ᎢᏧᎾᏓᎳ ᏅᏩᏍᏗ ᎾᏍᎩ ᏗᎾᏓᎾᏌᎲᏍᎩ ᏥᏚᎾᏓᏩᏛᏔᏁᎢ?
37. ᎯᎠᏃ ᏄᏪᏎᎢ, ᎾᏍᎩ Ꮎ ᎤᏪᏙᎵᏨᎯ. ᎿᎭᏉᏃ ᏥᏌ ᎯᎠ ᏄᏪᏎᎴᎢ, ᎮᎾ, ᎠᎴ ᏂᎯ ᎾᏍᎩᏯ ᏫᎾᏛᎦ.
38. ᎯᎠᏃ ᏄᎵᏍᏔᏁ ᎠᎾᎢᏒᎢ, ᎾᏍᎩ ᎢᎸᎯᏢ ᎦᏚᎲ ᎤᎷᏤᎢ; ᎩᎶᏃ ᎢᏳᏍᏗ ᎠᎨᏴ ᎹᏗ ᏧᏙᎢᏛ ᏚᏓᏂᎸᏤ ᎦᏁᎸᎢ.
39. ᎤᎸᏃ ᎡᎮ ᎺᎵ ᏧᏙᎢᏛ, ᎾᏍᎩ ᎾᏍᏉ ᎤᏬᎴ ᏥᏌ ᏚᎳᏍᎬᎢ, ᎠᎴ ᎤᏛᏓᏍᏕ ᎦᏬᏂᏍᎬᎢ.
40. ᎹᏗᏍᎩᏂ ᎤᏪᎵᎯᏍᏗᏍᎨ ᎤᏣᏘ ᏚᎸᏫᏍᏓᏁᎲᎢ, ᎠᎴ ᎤᎷᏤᎴ ᎯᎠ ᏄᏪᏎᎴᎢ, ᏣᎬᏫᏳᎯ, ᏝᏍᎪ ᎪᎱᏍᏗ ᏰᎵᎭ ᎥᎩᎸ ᏣᏋᏕᏨ ᏣᎩᎯᏯᏍᏓᏁᎸ ᎠᏋᏒᏉ ᎪᎱᏍᏗ ᎢᏨᏯᏛᏁᏗᏱ? ᎾᏍᎩ ᎢᏳᏍᏗ ᏘᏁᏥ ᏓᎩᏍᏕᎸᏗᏱ.
41. ᏥᏌᏃ ᎤᏁᏨ ᎯᎠ ᏄᏪᏎᎴᎢ, ᎹᏗ, ᎹᏗ, ᎤᏣᏘ ᏧᏓᎴᏅᏛ ᏣᎦᏌᏯᏍᏛ ᏤᎵᎯᏍᏗᎭ ᎠᎴ ᏣᏕᏯᏙᏗᎭ;
42. ᏑᏓᎴᎩᏉ ᏍᎩᏂ ᎤᏚᎸᏗ; ᎠᎴ ᎺᎵ ᎤᏑᏰᏒ ᎾᏍᎩ ᎣᏌᏂ ᎨᏒᎢ, ᎾᏍᎩ ᎦᏰᏥᎩᎡᏗ ᏂᎨᏒᎾ ᏥᎩ.

== Luke 11 ==
1. ᎯᎠᏃ ᏄᎵᏍᏔᏁᎢ, ᎾᏍᎩ ᎠᏓᏙᎵᏍᏗᏍᎬ ᎢᎸᎯᏢ, ᎤᏑᎵᎪᏨ, ᎠᏏᏴᏫ ᎤᏍᏓᏩᏗᏙᎯ ᎯᎠ ᏄᏪᏎᎴᎢ, ᏣᎬᏫᏳᎯ, ᏍᎩᏰᏲᎲᎦ ᎣᎦᏓᏙᎵᏍᏙᏗᏱ, ᎾᏍᎩ ᏣᏂ ᏥᏄᏛᏁᎴ ᏥᏚᏪᏲᏁ ᎬᏩᏍᏓᏩᏗᏙᎯ.
2. ᎯᎠᏃ ᏂᏚᏪᏎᎴᎢ, ᎢᏣᏓᏙᎵᏍᏗᏍᎨᏍᏗ ᎯᎠ ᏂᏥᏪᏍᎨᏍᏗ, ᎣᎩᏙᏓ ᎦᎸᎳᏗ ᎮᎯ, ᎦᎸᏉᏗᏳ ᎨᏎᏍᏗ ᏕᏣᏙᎥᎢ; ᏨᎬᏫᏳᎯ ᎨᏒ ᏫᎦᎾᏄᎪᎢ; ᎭᏓᏅᏖᏍᎬ ᏫᏂᎦᎵᏍᏓ ᎡᎶᎯ ᎾᏍᎩᏯ ᎦᎸᎳᏗ ᏥᏂᎦᎵᏍᏗᎭ.
3. ᎣᎦᎵᏍᏓᏴᏗ ᏍᎩᏁᎮᏍᏗ ᏂᏚᎩᏨᏂᏒᎢ.
4. ᎠᎴ ᏗᎨᏍᎩᎥᏏᏉ ᎣᎩᏍᎦᏅᏨᎢ; ᎠᏴᏰᏃ ᎾᏍᏉ ᏗᎦᏲᏥᏁᎰ ᏂᎦᏛ ᏦᏥᏚᎩ; ᎠᎴ ᏞᏍᏗ ᎤᏓᎪᎵᏰᏗᏱ ᏫᏗᏍᎩᏯᏘᏅᏍᏔᏅᎩ; ᏍᎩᏳᏓᎴᏍᎨᏍᏗᏉᏍᎩᏂ ᎤᏲ ᎨᏒᎢ.
5. ᎯᎠᏃ ᏂᏚᏪᏎᎴᎢ, ᎦᎪ ᎯᎠ ᏥᏂᏣᏛᏅ ᎤᎵᎢ ᏰᎭ, ᎠᎴ ᎡᏃᏱ ᎠᏰᎵ ᏱᏭᎷᏤᎸ, ᎠᎴ ᎯᎠ ᏱᏄᏪᏎᎸ, ᎩᎾᎵᎢ, ᏦᎢ ᎦᏚ ᏗᏍᏆᏙᎳᏍᏓ;
6. ᎣᎩᎾᎵᎢᏰᏃ ᎠᎢᏒ ᎠᎩᎷᏥ, ᎥᏝ ᎠᎴ ᎪᎱᏍᏗ ᏯᎩᎭ ᏥᏰᎳᏍᏙᏗ;
7. ᎾᏍᎩᏃ ᏗᏯᎥ ᏴᏓᎧᏁᎩ ᎯᎠ ᏱᏅᏓᎦᏫ, ᏞᏍᏗ ᏍᏆᏕᏯᏙᏔᏅᎩ; ᎦᎶᎯᏍᏗᏱ ᎦᏳᎳ ᎠᏍᏚᎭ, ᏗᏂᏲᎵᏃ ᏗᏇᏥ ᎣᏥᏂᏝᎠ, ᎥᏝ ᏰᎵ ᏴᎦᎦᏗᏛ ᏱᏙᎦᎬᎥᏏ.
8. ᎢᏨᏲᏎᎭ ᎬᏩᏗᏛᏗ ᏂᎨᏒᎾ ᎠᎴ ᏗᎬᏩᏁᏗ ᏂᎨᏒᎾ ᏱᎩ, ᎤᎾᎵᎢᏉ ᎨᏒ ᎢᏳᏍᏗ, ᎾᏑᎵᎪᎬᎾᏍᎩᏂ ᎨᏒ ᎢᏳᏍᏗ ᏯᏗᏛ ᎠᎴ ᏱᏕᎠᎲᏏ ᏂᎦᎥ ᏚᏚᎵᏍᎬᎢ.
9. ᎠᎴ ᎯᎠ ᏂᏨᏪᏎᎭ, ᎢᏥᏔᏲᎭ, ᎠᏎ ᏓᏰᏥᏁᎵ; ᎢᏥᏲᎦ, ᎠᏎ ᏓᏥᏩᏛᎯ; ᎢᏨᏂᎦ, ᎠᏎ ᏓᏰᏥᏍᏚᎢᎡᎵ;
10. ᎾᏂᎥᏉᏰᏃ ᎩᎶ ᏣᏂᏔᏲᎯᎰ ᎨᏥᏁᎰᎢ; ᎩᎶᏃ ᏧᏲᎰ ᎠᏩᏘᏍᎪᎢ; ᎩᎶᏃ ᏥᏫᎬᏂᎰ ᎠᏥᏍᏚᎢᎡᎰᎢ.
11. ᎢᏳ ᎠᎴ ᎩᎶ ᎯᎠ ᏥᏂᏣᏛᏅ ᎢᏥᎦᏴᎵᎨ ᎨᏒ ᎤᏪᏥ ᎦᏚ ᏳᏔᏲᏎᎭ, ᏥᏌ ᏅᏯᏉ ᏯᎲᏏ? ᎢᏳ ᎠᎴ ᎠᏣᏗ ᏳᏔᏲᏎᎭ, ᏥᎪ ᎠᏣᏗ ᎤᏅᏁᏗ ᎨᏒ ᎢᎾᏛᏉ ᏱᎦᏅᎥᏏ?
12. ᎢᏳ ᎠᎴ ᎤᏪᏥ ᏳᏔᏲᏎᎸ, ᏥᎪ ᎦᏙᎬ-ᎠᏓᏨᏯᏍᏗᏍᎩ ᏱᎦᏅᎥᏏ.
13. ᎾᏍᎩ ᎢᏳᏍᏗ ᎢᏳᏃ ᏂᎯ ᎢᏥᏲᎢ, ᏱᏥᏏᎾᎯ ᎣᏍᏛ ᎨᏒ ᏗᏥᏁᏗᏱ ᏗᏤᏥ, ᎤᏟᎯᏳ ᏄᏛᏅᎢᏍᏗ ᎢᏥᏙᏓ ᎦᎸᎳᏗ ᎡᎯ ᏧᏁᏗᏱ ᎦᎸᏉᏗᏳ ᎠᏓᏅᏙ ᎬᏩᏔᏲᏎᎯ!
14. ᎠᏍᎩᎾᏃ ᎦᏄᎪᏫᏍᎨᎢ, ᎠᎴ ᎤᏩᎨᏫ ᎨᏎᎢ. ᎯᎠ Ꮓ ᏄᎵᏍᏔᏁᎢ, ᎾᏍᎩ ᎠᏍᎩᎾ ᎤᏄᎪᏨ ᎤᏩᎨᏫ ᎤᏬᏂᏎᎢ; ᏴᏫᏃ ᎤᏂᏍᏆᏂᎪᏎᎢ.
15. ᎢᎦᏛᏍᎩᏂ ᎯᎠ ᏄᏂᏪᏎᎢ, ᎠᏂᏍᎩᎾ ᏕᎦᏄᎪᏫᏍᎦ ᎤᏍᏕᎵᎭ ᏇᎵᏥᏆ ᎤᎬᏫᏳᎯ ᎠᏂᏍᎩᎾ ᎤᎾᏤᎵᎦ.
16. ᎠᏂᏐᎢᏃ ᎬᏩᎪᎵᏰᏍᎬ, ᎬᏩᏔᏲᏎᎴ ᏧᎾᏄᎪᏫᏎᏗᏱ ᎤᏰᎸᏛ ᎦᎸᎳᏗ ᏅᏓᏳᎶᏒᎯ.
17. ᎠᏎᏃ ᎠᎦᏔᎮ ᏄᏍᏛ ᏓᎾᏓᏅᏖᏍᎬ ᎯᎠ ᏂᏚᏪᏎᎴᎢ, ᏂᎦᎥ ᎠᏰᎵ ᏕᎪᏢᏒᎢ ᏔᎵ ᏥᎾᏓᏗᏍᎪ ᎤᏩᏒ ᏣᏓᏡᏗᏍᎪᎢ, ᎠᏲᎪᏉ; ᎠᎴ ᏏᏓᏁᎸ ᏔᎵ ᏥᏄᏓᎣ ᎤᏩᏒ ᏣᏓᏡᏗᏍᎪ ᎠᏲᎪᎢ.
18. ᎢᏳ ᎠᎴ ᏎᏓᏂ ᏔᎵ ᏱᏄᏓᎠ ᎤᏩᏒ ᏯᏓᏡᏗᎭ, ᎦᏙ ᏱᎦᎵᏍᏙᏓ ᏱᏂᎬᏩᏍᏗᏉ ᎤᏤᎵᎪᎯ? ᏅᏗᎦᎵᏍᏙᏗᎭ ᏇᎵᏥᏆ ᎤᏍᏕᎵᎭ ᎠᏂᏍᎩᎾ ᏥᏕᎦᏄᎪᏫᏍᎦ ᏥᏍᎩᏲᏎᎭ.
19. ᎢᏳᏃ ᏇᎵᏥᏆ ᏯᎩᏍᏕᎵᎭ ᎠᏂᏍᎩᎾ ᏕᏥᏄᎪᏫᏍᎬᎢ, ᎦᎪ ᎤᏂᏍᏕᎵᎭ ᏗᏤᏥ ᎾᏍᎩ ᏓᏂᏄᎪᏫᏍᎬᎢ? ᎾᏍᎩ ᎢᏳᏍᏗ ᎾᏍᎩ ᏗᎨᏧᎪᏓᏁᎯ ᎨᏎᏍᏗ.
20. ᎢᏳᏍᎩᏂ ᎠᏴ ᎠᏂᏍᎩᎾ ᏕᏥᏄᎪᏫᏍᎬ ᎤᏁᎳᏅᎯ ᎦᏰᏌᏛ ᏱᎬᏗᎭ, ᎥᏝ ᏳᏜᏓᏏᏛᎭ ᎤᏁᎳᏅᎯ ᎤᎬᏫᏳᎯ ᎨᏒ ᎢᏥᎷᏤᎸᎢ.
21. ᎢᏳᏃ ᎤᎵᏂᎩᏛ ᎠᏍᎦᏯ ᎤᎵᏍᎦᏍᏙᏗ ᎬᏰᎯ ᏯᎦᏘᏯ ᎦᏁᎸᎢ ᏅᏩᏙᎯᏯᏛ ᏄᏍᏛ ᎤᎿᎭᎥᎢ.
22. ᎤᏟᏍᎩᏂ ᎢᏳᎵᏂᎩᏛ ᏳᏃᎵᎸ ᎠᎴ ᏳᏎᎪᎩᏒ, ᎤᎩᎡᎰ ᏂᎦᏛ ᎤᎵᏍᎦᏍᏙᏗ ᎤᎵᏍᎦᏍᏙᏔᏅᎢ, ᎠᎴ ᎠᏯᏙᎯᎰ ᏧᎬᏩᎶᏗ ᎤᏓᏬᏅᎲᎢ.
23. ᎩᎶ ᎾᏆᎵᎪᏁᎲᎾ ᏥᎨᏐ ᎠᏆᏡᏗᏍᎪᏉ; ᎩᎶᏃ ᏃᏍᏗᏟᏏᏍᎬᎾ ᏥᎨᏐ ᎠᏗᎦᎴᏯᏍᎪᏉ.
24. ᎢᏳᏃ ᎦᏓᎭ ᎠᏓᏅᏙ ᏴᏫ ᎤᏄᎪᎩ, ᎡᏙᎰ ᎤᎧᏲᏛᎯ ᎨᏒᎢ, ᎤᏲᎰ ᎠᏣᏪᏐᎸᏍᏙᏗᏱ; ᎤᏠᎩᏃ, ᎯᎠ ᏂᎦᏪᏍᎪᎢ, ᏛᎦᏨᏏ ᏗᏇᏅᏒ ᏗᎩᏄᎪᏨ ᏮᏛᏥᎶᏏ.
25. ᏫᎦᎷᎩᏃ ᎠᏩᏘᏍᎪ ᎬᏃᏌᎲᎯ ᎠᎴ ᎪᏚᎢᏍᏔᏅᎯ ᎨᏐᎢ.
26. ᎿᎭᏉᏃ ᎡᎪᎢ, ᎠᎴ ᏫᏓᏯᏂᏍᎪ ᎦᎵᏉᎩ ᏗᏓᏅᏙ ᏅᏩᎾᏓᎴ ᎤᏟ ᎢᏳᏂᏁᎫᏥᏛ ᎡᏍᎦᏉ ᎤᏩᏒ; ᎾᏍᎩᏃ ᎠᏂᏴᎯᎰ ᎠᎴ ᎾᎿᎭᎠᎾᏁᎳᏗᏍᎪᎢ; ᎣᏂᏱᏃ ᏄᏍᏛ Ꮎ ᎠᏍᎦᏯ ᎤᏟ ᎤᏲᎢᏳ ᎨᏐᎢ ᎡᏍᎦᏉ ᎢᎬᏱᏱ.
27. ᎯᎠᏃ ᏄᎵᏍᏔᏁᎢ, ᎠᏏᏉ ᎾᏍᎩ ᎯᎠ ᏂᎦᏪᏍᎨᎢ, ᎩᎶ ᎢᏳᏍᏗ ᎠᎨᏴ ᎨᎳ ᎤᎾᏓᏡᎬ ᎤᏌᎳᏓᏁ ᎧᏁᎬ ᎠᎴ ᎯᎠ ᏄᏪᏎᎴᎢ; ᎣᏏᏳ ᎢᏳᎵᏍᏓᏁᏗ ᏂᎯ ᏣᎾᏄᎪᏫᏒᎯ ᎠᎴ ᎾᏍᎩ ᏣᏍᏛᏅᎯ.
28. ᎠᏎᏃ ᎯᎠ ᏄᏪᏎᎢ, ᎥᎥ, ᎤᏟᎯᏳᏍᎩᏂ ᎣᏍᏛ ᎢᏳᎾᎵᏍᏓᏁᏗ ᎠᎾᏛᎩᏍᎩ ᎧᏃᎮᏛ ᎤᏁᎳᏅᎯ ᎤᏤᎵᎦ ᎠᎴ ᎾᏍᎩ ᎠᏂᏍᏆᏂᎪᏗᏍᎩ.
29. ᎿᎭᏉᏃ ᏴᏫ ᎦᏁᏄᎵ ᎤᎾᏓᏟᏌᏅ, ᎤᎴᏅᎮ ᎯᎠ ᏄᏪᏎᎢ; ᎤᏂᏲ ᎪᎯ ᏣᏁᎭ; ᎤᏂᏲᎭ ᎤᏰᎸᏛᎢ; ᎠᏎᏃ ᎥᏝ ᎨᏥᎾᏄᎪᏫᏎᏗ ᏱᎨᏎᏍᏗ ᎤᏰᎸᏛᎢ, ᏦᎾ ᎠᏙᎴᎰᏍᎩ ᎤᏤᎵ ᎤᏰᎸᏛ ᎤᏩᏒ.
30. ᏦᎾᏰᏃ ᎤᏰᎸᏛ ᏥᏂᎨᎬᏁᎴ ᏂᏂᏫ ᎠᏁᎯ, ᎾᏍᎩᏯ ᎾᏍᏉ ᏴᏫ ᎤᏪᏥ ᎤᏰᎸᏛ ᏅᏓᎨᎬᏁᎵ ᎪᎯ ᏣᏁᎭ.
31. ᎤᎬᏫᏳᎯ ᎠᎨᏴ ᏧᎦᎾᏮ ᏤᎮᎢ ᏙᏛᎾᎴᏂ ᎪᎯ ᏣᏁᎭ ᏗᎫᎪᏙᏗᏱ ᎨᏎᏍᏗ, ᎠᎴ ᏧᎾᏚᎪᏓᏁᏗᏱ ᏂᏙᏓᎬᏁᎵ; ᎾᏍᎩᏰᏃ ᏩᏍᏛ ᎢᏴᏛ ᎦᏙᎯ ᏧᏅᏎ ᎤᏛᎦᏂᎴ ᏐᎵᎹᏅ ᎠᎦᏔᎾᎥᎢ; ᎬᏂᏳᏉᏃ ᎠᏂ ᎡᏙᎭ ᎤᏟ ᎢᏯᏥᎸᏉᏗ ᎡᏍᎦᏉ ᏐᎵᎹᏅ.
32. ᏴᏫ ᏂᏂᏫ ᏣᏁᎮ ᏙᏛᎾᎴᏂ ᎪᎯ ᏣᏁᎭ ᏗᎫᎪᏗᏱ ᎨᏎᏍᏗ, ᎠᎴ ᏧᎾᏚᎪᏓᏁᏗᏱ ᏅᏛᏅᏁᎵ; ᏚᏂᏁᏟᏴᏎᏰᏃ ᏚᎾᏓᏅᏛ ᏦᎾ ᏚᎵᏥᏙᏁᎸ; ᎬᏂᏳᏉᏃ ᎠᏂ ᎡᏙᎭ ᎤᏟ ᎢᏯᏥᎸᏉᏗ ᎡᏍᎦᏉ ᏦᎾ.
33. ᎥᏝ ᎠᎴ ᎩᎶ ᎠᏨᏍᏛᎦ ᎠᏨᏍᏙᏗ ᎤᏕᎵᏒ ᏱᎦᎧᎲᏍᎪᎢ, ᎥᏝ ᎠᎴ ᎠᏟᎶᏍᏗ ᏱᎫᏢᏗᏍᎪᎢ, ᎦᎪᏗᏱᏍᎩᏂ ᎦᎪᏗᏍᎪᎢ, ᎾᏍᎩ ᏅᏛᏂᏴᎯᎯ ᎤᏂᎪᏩᏛᏗᏱ ᎢᎦ ᎦᏛᎢ.
34. ᎠᎦᏔ ᎠᏰᎸ ᎢᎦ ᎠᏘᏍᏓᏁᎯ; ᎾᏍᎩ ᎢᏳᏍᏗ, ᎢᏳᏃ ᎪᎱᏍᏗ ᏄᏍᏛᎾ ᎨᏎᏍᏗ ᎯᎦᏙᎵ, ᏂᎬ ᎯᏰᎸ ᎾᏍᏉ ᎧᎵᏬᎯ ᎨᏎᏍᏗ ᎢᎦ ᎦᏘ; ᎢᏳᏍᎩᏂ ᎯᎦᏙᎵ ᎤᏲ ᎨᏎᏍᏗ ᏂᎬ ᎯᏰᎸ ᎾᏍᏉ ᎧᎵᏬᎯ ᎨᏎᏍᏗ ᎤᎵᏏᎩ.
35. ᎾᏍᎩ ᎢᏳᏍᏗ ᎮᏯᏔᎮᏍᏗ ᎾᏍᎩ ᎢᎦ ᎦᏘ ᎭᏫᏂ ᏤᎲ ᏞᏍᏗ ᎤᎵᏏᎩ ᏱᎨᏎᏍᏗ.
36. ᎢᏳᏃ ᏂᎬ ᎯᏰᎸ ᎧᎵᏬᎯ ᎨᏎᏍᏗ ᎢᎦ ᎦᏘ, ᎢᎸᎯᏢ ᏄᏓᏓᎸᎾ ᎤᎵᏏᎩ, ᏂᎬ ᎤᎧᎵᏨᎯ ᎨᏎᏍᏗ ᎢᎦ ᎦᏘ, ᎾᏍᎩᏯ ᎠᏨᏍᏙᏗ ᎣᏍᏛ ᎠᏓᏪᎵᎩᏍᎬ ᎢᎦ ᏥᏣᏘᏍᏓᏁᎰᎢ.
37. ᎠᏏᏉᏃ ᎦᏬᏂᏍᎨ ᎩᎶ ᎢᏳᏍᏗ ᎠᏆᎵᏏ ᎤᏔᏲᏎᎴ ᎤᎵᏍᏓᏴᎾᏁᏗᏱ; ᎤᏴᎴᏃ, ᎠᎴ ᎤᎵᎩᏳᏍᏓᏅᏁᎢ.
38. ᎠᏆᎵᏏᏃ ᎤᎪᎲ ᎤᏍᏆᏂᎪᏎ ᏂᏚᏬᏑᎴᎥᎾ ᎨᏒ ᎠᏏᏉ ᏄᎵᏍᏓᏴᏅᎾ.
39. ᎤᎬᏫᏳᎯᏃ ᎯᎠ ᏄᏪᏎᎴᎢ, ᏂᎯ ᎢᏥᏆᎵᏏ ᎤᎵᏍᏈᏗ ᎠᎴ ᎠᏖᎵᏙ ᎦᏚᎢᏗᏢ ᏕᏥᏅᎦᎵᏍᎪᎢ; ᎭᏫᏂᏍᎩᏂ ᎨᏒ ᎢᏥᎧᎵᏨᎯ ᎨᏐ ᎠᏎᏉ ᎠᏓᎩᎡᏗ ᎨᏒ ᎠᎴ ᎠᏍᎦᎾᎢ.
40. ᎢᏥᏁᎫ, ᏝᏍᎪ ᎾᏍᎩ ᎦᏚᎢᏗᏢ ᎡᎯ ᎤᏬᏢᏅᎯ ᎾᏍᏉ ᎭᏫᏂᏗᏢ ᎡᎯ ᏳᏬᏢᏁᎢ?
41. ᎤᎬᏫᏳᏎᏍᏗᏍᎩᏂ ᎢᏣᏓᏁᎮᏍᏗ ᏄᏍᏛ ᎢᏥᎲᎢ; ᎬᏂᏳᏉᏃ ᏂᎦᏗᏳ ᎢᏣᏓᏅᎦᎸᎡᎸᎯ ᎨᏎᏍᏗ.
42. ᏂᎯᏍᎩᏂ ᎢᏥᏆᎵᏏ ᎤᏲᎢᏳ ᎢᏣᎵᏍᏓᏁᏗ! ᎠᏍᎪᎯᏁᏰᏃ ᎪᏣᎴᏛ ᎢᏣᎫᏱᏍᎪ ᏒᏟ ᎠᏟ ᎷᏫ ᎠᎴ ᏂᎦᎥ ᎤᏰᎿᎭᎥᎢ, ᎢᏥᏃᎯᏯᏍᎪᏃ ᏚᏳᎪᏛ ᎢᏯᏛᏁᏗ ᎨᏒ ᎠᎴ ᎤᏁᎳᏅᎯ ᎠᎨᏳᏗ ᎨᏒᎢ; ᎾᏍᎩᏍᎩᏂ ᏱᏂᏣᏛᏁᎴᎢ, ᎠᎴ ᏐᎢ ᏂᏥᏃᎯᏴᎾᏉ ᏱᎨᏎᎢ.
43. ᎤᏲᎢᏳ ᎢᏣᎵᏍᏓᏁᏗ ᎢᏥᏆᎵᏏ! ᏕᏥᎸᏉᏙᏰᏃ ᏄᎬᏫᏳᏒ ᏕᎦᏍᎩᎸ ᏗᎦᎳᏫᎢᏍᏗᏱ, ᎠᎴ ᎡᏥᏲᎵᏍᏗᏱ ᏗᎦᏃᏙᏗᏱ.
44. ᎣᏲᎢᏳᎢᏣᎵᏍᏓᏁᏗ ᏗᏦᏪᎵᏍᎩ, ᎠᎴ ᎢᏥᏆᎵᏏ, ᎢᏣᏠᎾᏍᏗ! ᏂᎯᏰᏃ ᏓᏓᏂᏌᎲ ᏕᏣᏤᎸ ᏄᏪᎵᏍᏛᎾ ᏥᎨᏐᎢ, ᎠᎴ ᏴᏫ ᎦᏚᎢ ᎠᏂᎶᏍᎩ ᎥᏝ ᏱᎾᏙᎴᎰᏍᎪᎢ.
45. ᎿᎭᏉᏃ ᎠᏏᏴᏫ ᏗᎧᎿᎭᏩᏛᏍᏗ ᏗᎪᏏᏏᏍᎩ ᎤᏁᏤ ᎯᎠ ᏄᏪᏎᎴᎢ, ᏔᏕᏲᎲᏍᎩ, ᎾᏍᎩ ᎯᎠ ᏥᏂᏪᎭ ᎠᏴ ᎾᏍᏉ ᎨᏍᎩᏐᏢᏗᎭ.
46. ᎯᎠᏃ ᏄᏪᏎᎢ; ᏂᎯ ᎾᏍᏉ ᏗᎧᎿᎭᏩᏛᏍᏗ ᏗᏦᏏᏏᏍᎩ ᎤᏲᎢᏳ ᎢᏣᎵᏍᏓᏁᏗ! ᏕᏥᏐᏈᎸᏍᎪᏰᏃ ᏴᏫ ᏗᎵᏒᏍᏗ ᎤᏕᏯᏙᏗ ᏗᎵᏒᏍᏗᏱ, ᎢᏨᏒᏍᎩᏂ ᎥᏝ ᏴᎨᏥᏃᏟᏍᏓ ᏗᎵᏒᏍᏗ ᏴᎨᏨᏓ ᏌᏉ ᎢᏥᏰᏌᏛᎢ.
47. ᎤᏲᎢᏳ ᎢᏣᎵᏍᏓᏁᏗ! ᏕᏦᏢᎯᏏᏍᎪᏰᏃ ᎠᎾᏙᎴᎰᏍᎩ ᏕᎨᏥᏂᏌᎲᎢ, ᎠᎴ ᏗᏥᏙᏓ ᏕᎤᏂᎸᎩ.
48. ᎤᏙᎯᏳᎯᏯ ᎬᏂᎨᏒ ᏂᏨᏁᎭ ᎾᏍᎩ ᎣᏏᏳ ᎢᏥᏰᎸᏒ ᏄᏍᏛ ᏚᏂᎸᏫᏍᏓᏁᎸ ᏗᏥᎦᏴᎵᎨᎢ; ᎾᏍᎩᏰᏃ ᎤᏙᎯᏳᎯ ᏚᏂᎸᎩ, ᏂᎯᏃ ᏕᏦᏢᎯᏏᎭ ᏕᎨᏥᏂᏎᎲᎢ.
49. ᎾᏍᎩ ᎢᏳᏍᏗ ᎾᏍᏉ ᎯᎠ ᏄᏪᏒ ᎤᏁᎳᏅᎯ ᎠᎦᏔᎾᎥᎢ, ᏓᎦᏥᏅᏏ ᏫᎬᏩᏂᎷᏤᏗᏱ ᎠᎾᏙᎴᎰᏍᎩ, ᎠᎴ ᎨᏥᏅᏏᏛ, ᎾᏍᎩᏃ ᎢᎦᏛ ᏙᏛᏂᎵ ᎠᎴ ᏙᏛᏂᎨᎯᏙᎵ,
50. ᎾᏍᎩ ᏂᎦᏛ ᎠᎾᏙᎴᎰᏍᎩ ᎤᏂᎩᎬ ᎠᏨᏅᎯ ᎨᏒ ᎡᎶᎯ ᏧᏙᏢᏅ ᏅᏓᎬᏩᏓᎴᏅᏛ ᎨᏥᏔᏲᏎᏗᏱ ᎪᎯ ᏣᏁᎭ;
51. ᎡᏈᎵ ᎤᎩᎬ ᏅᏛᎴᏅᏛ, ᏤᎩᎳᏯ ᎤᎩᎬ ᏩᏍᏗ, ᎾᏍᎩ ᏧᎵᏍᏆᏕᎴ ᎠᏰᎵ ᎠᏥᎸ-ᎨᎳᏍᏗᏱ ᎤᏛᏅᏃ-ᏗᎦᎳᏫᎢᏍᏗᏱ; ᎤᏙᎯᏳᎯᏯ ᎢᏨᏲᏎᎭ, ᎨᏥᏔᏲᏎᏗ ᎨᏎᏍᏗ ᎪᎯ ᏣᏁᎭ.
52. ᎤᏲᎢᏳ ᎢᏣᎵᏍᏓᏁᏗ ᏂᎯ ᏗᎧᎿᎭᏩᏛᏍᏗ ᏗᏦᏏᏏᏍᎩ! ᎢᏥᏴᏫᏛᎲᏰᏃ ᎠᏍᏚᎢᏍᏗ ᎠᎦᏙᎥᎯᏍᏗ ᎨᏒᎢ; ᎥᏝᏰᏃ ᎢᏨᏒ ᏱᏥᏴᎸ, ᎠᎴ ᎾᏍᎩ Ꮎ ᎠᏂᏴᎯᎯ ᏕᏥᏲᏍᏙᏓᏁᎸ.
53. ᎾᏍᎩᏃ ᎯᎠ ᏂᏕᎦᏪᏎᎮᎢ, ᏗᏃᏪᎵᏍᎩ ᎠᎴ ᎠᏂᏆᎵᏏ ᎤᎵᏂᎩᏛ ᎬᏩᏅᏫᏍᏗᏍᎨᎢ, ᎠᎴ ᎬᏩᏂᎳᏕᎮ ᎤᎪᏗᏗ ᏧᏓᎴᏅᏛ ᎤᏃᎮᏗᏱ;
54. ᎬᏩᏯᏫᏍᎨᎢ, ᎠᎴ ᎤᏂᏲᎮ ᎤᏂᏩᏛᎡᏗᏱ ᎪᎱᏍᏗ ᎦᎬᏩᎳᏫᏎᏗ ᎨᏒᎢ.

== Luke 12 ==
1. ᎾᎯᏳᏉᏃ ᏕᎠᏂᎳᏫᎡ ᎤᏂᏧᏈᏍᏗ ᏴᏫ, ᎾᏍᎩ ᎢᏳᏍᏗ ᏕᎠᎾᏓᎳᏍᏛᏗᏍᎨᎢ, ᎾᏍᎩ ᎤᎴᏅᎮ ᎯᎠ ᎢᎬᏴ ᏂᏚᏪᏎᎴ ᎬᏩᏍᏓᏩᏗᏙᎯ, ᎢᏤᏯᏔᎮᏍᏗ ᎠᎪᏙᏗ ᎠᏂᏆᎵᏏ ᎤᎾᏤᎵᎦ, ᎾᏍᎩ ᎠᏠᎾᏍᏗ ᏥᎩ.
2. ᎥᏝᏰᏃ ᎪᎱᏍᏗ ᏱᎬᏍᎦᎳ ᎾᏍᎩ ᎬᏂᎨᏒ ᎢᏳᎵᏍᏙᏗ ᏂᎨᏒᎾ ᎨᏒᎢ, ᎥᏝ ᎠᎴ ᎪᎱᏍᏗ ᎤᏕᎵᏛ ᏱᎩ ᎾᏍᎩ ᎠᎦᏙᎥᎯᏍᏗ ᏂᎨᏒᎾ ᎨᏒᎢ.
3. ᎾᏍᎩ ᎢᏳᏍᏗ ᎾᎦᎥ ᎪᎱᏍᏗ ᎤᎵᏏᎬ ᎢᏥᏁᏨ ᎢᎦ ᎦᏛ ᎠᏛᎪᏗ ᎨᏎᏍᏗ; ᎾᏍᎩᏃ Ꮎ ᎢᏣᏙᏅᎸᎢ ᏕᎧᏅᏑᎸ, ᎦᏌᎾᎵ ᎬᏂᎨᏒ ᎢᎬᏁᏗ ᎨᏎᏍᏗ.
4. ᎠᎴ ᎢᏨᏲᏎᎭ ᏂᎯ ᎢᎦᎵᎢ, ᏞᏍᏗ ᏱᏗᏥᏍᎦᎢᎮᏍᏗ ᎠᏰᎸ ᎠᏂᎯᎯ, ᎿᎭᏉᏃ ᎪᎱᏏᏗ ᎤᏟ ᎢᏴᏛ ᏫᎬᏩᎾᏛᏁᏗ ᏂᎨᏒᎾ ᏥᎩ.
5. ᎠᏎᏃ ᏓᏨᏰᏯᏔᏂ ᎾᏍᎩ ᎡᏥᎾᏰᏍᏗ ᎨᏒᎢ; ᎡᏥᎾᏰᏍᎨᏍᏗ ᎾᏍᎩ Ꮎ ᏳᏓᎸ, ᏰᎵᏉ ᏨᏍᎩᏃ ᏫᎬᏩᏓᏓᎢᏅᏗ ᎨᏒᎢ; ᎥᎥ, ᎢᏨᏲᏎᎭ ᎡᏥᎾᏰᏍᎨᏍᏗ ᎾᏍᎩ.
6. ᏝᏍᎪ ᎯᏍᎩ ᏥᏍᏆᏯ ᏔᎵ ᎢᏯᏓᏅᏖᏗ ᏱᏓᎾᎵᎬᏩᎸᏍᎪᎢ? ᎥᏝᏃ ᏌᏉ ᎾᏍᎩ ᎠᎬᎨᏫᏒᎯ ᏱᎩ ᎤᏁᎳᏅᎯ ᎠᎦᏔᎲᎢ.
7. ᎾᏍᏉᏍᎩᏂ ᎢᏥᏍᏗᏰᎬ ᎢᏥᏍᎪᎵ ᏂᎦ-ᏗᏳ ᏗᏎᎸᎯ. ᎾᏍᎩ ᎢᏳᏍᏗ ᏞᏍᏗ ᏱᏥᏍᎦᎢᎮᏍᏗ; ᏂᎯ ᎤᏟ ᎢᎦᎢ ᏗᏣᎬᏩᎶᏗ ᎡᏍᎦᏉ ᎤᏂᏣᏘ ᏥᏍᏆᏯ.
8. ᎾᏍᏉ ᎢᏨᏲᏎᎭ, ᎩᎶ ᎬᏂᎨᏒ ᎾᏋᏁᎮᏍᏗ ᏴᏫ ᎠᏂᎦᏔᎲᎢ, ᎾᏍᎩ ᏴᏫ ᎤᏪᏥ ᎬᏂᎨᏒ ᎾᏍᏉ ᏅᏓᏳᏩᏁᎵ ᎠᏂᎦᏔᎲ ᏗᏂᎧᎿᎭᏩᏗᏙᎯ ᎤᏁᎳᏅᎯ ᏧᏤᎵᎦ.
9. ᎩᎶᏍᎩᏂ ᎠᏆᏓᏱᎮᏍᏗ ᏴᏫ ᎠᏂᎦᏔᎲᎢ, ᎠᎦᏓᏱᏍᏗ ᎨᏎᏍᏗ ᎠᏂᎦᏔᎲ ᏗᏂᎧᎿᎭᏩᏗᏙᎯ ᎤᏁᎳᏅᎯ ᏧᏤᎵᎦ.
10. ᎠᎴ ᎩᎶ ᎦᏬᏂᏍᎬ ᎠᏡᏗᏍᎨᏍᏗ ᏴᏫ ᎤᏪᏥ, ᎦᏰᏥᏙᎵᏍᏗᏉ ᎨᏎᏍᏗ; ᎩᎶᏍᎩᏂ ᎦᎸᏉᏗᏳ ᎠᏓᏅᏙ ᎠᏐᏢᎢᏍᏗᏍᎨᏍᏗ ᎥᏝ ᎦᏰᏥᏙᎵᏍᏗ ᏱᎨᏎᏍᏗ.
11. ᎠᎴ ᏗᎦᎳᏫᎢᏍᏗᏱ ᏕᏣᏘᏃᎯᎮᏍᏗ, ᎠᎴ ᏄᏂᎬᏫᏳᏌᏕᎩᏱ, ᎠᎴ ᎤᏂᎬᏫᏳᎯᏱ, ᏞᏍᏗ ᏱᏤᎵᎯᏍᎨᏍᏗ ᏄᏍᏛ ᎠᎴ ᎢᏳᏍᏗ ᎨᏒ ᎢᏣᏓᏁᏤᏗᏱ, ᎠᎴ ᎢᏥᏪᏍᏗᏱ;
12. ᎦᎸᏉᏗᏳᏰᏃ ᎠᏓᏅᏙ ᏓᏤᏲᏂ ᎾᎯᏳ ᎨᏒ ᎢᏥᏪᏍᏗᏱ.
13. ᎠᏏᏴᏫᏃ ᎾᏍᎩ ᎤᎾᏓᏡᎬ ᎯᎠ ᏄᏪᏎᎴᎢ, ᏔᏕᏲᎲᏍᎩ, ᎯᏁᏥ ᏦᏍᏓᏓᏅᏟ ᏔᎵ ᎢᏲᎩᏂᏗᏍᏗᏱ ᏧᎬᏩᎶᏗ ᎤᏘᏴᎯ.
14. ᎯᎠᏃ ᏄᏪᏎᎴᎢ, ᎯᏍᎦᏯ, ᎦᎪ ᏗᏍᏛᏳᎪᏓᏁᎯ ᎠᎴ ᎢᏍᏛᏯᏙᎮᎯ ᎾᏋᏁᎸ?
15. ᎠᎴ ᎯᎠ ᏂᏚᏪᏎᎴᎢ, ᎢᏤᏯᏙᏤᎮᏍᏗ ᏧᎬᏩᎶᏗ ᎠᎬᎥᎯᏍᏗ ᎨᏒᎢ; ᏴᏫᏰᏃ ᎬᏅ ᎥᏝ ᎤᏣᏘ ᎤᎿᎭᎥ ᏳᎵᏍᏕᎸᏙᏗ.
16. ᏚᏟᎶᏍᏓᏁᎴᏃ ᎯᎠ ᏂᏚᏪᏎᎴᎢ, ᎩᎶ ᎢᏳᏍᏗ ᎤᏪᎿᎭᎢ ᎠᏍᎦᏯ ᎤᎶᎨᏒ ᎤᏣᏘ ᎤᏛᏒᏁᎴᎢ;
17. ᎤᏓᏅᏖᎴᏃ ᎤᏩᏒ ᏧᏓᏅᏛᎢ, ᎯᎠ ᏄᏪᏎᎢ, ᎦᏙ ᏓᎦᏛᏁᎵ, ᎥᏝᏰᏃ ᏰᎵ ᏳᏜᏓᏅᏛ ᎠᎩᏗᏱ ᎠᏆᏛᎯᏎᎸᎯ.
18. ᎯᎠᏃ ᏄᏪᏎᎢ; ᎯᎠ ᏅᏓᎦᏛᏁᎵ; ᏙᏓᏥᏲᏍᏔᏂ ᎠᎩᏅᏗᏱ ᏓᏓᏁᎸᎢ, ᏧᏛᏂᏗᏃ ᏓᏓᎦᏁᏍᎨᎯ; ᎾᎿᎭᏃ ᏓᏥᏂ ᏂᎦᏛ ᎠᏆᏛᎯᏎᎸᎯ ᎠᎴ ᎠᎩᎾᎥᎢ.
19. ᎯᎠᏃ ᏅᏓᏥᏪᏎᎵ ᎠᏆᏓᏅᏙ; ᎠᏆᏓᏅᏙᎩ, ᎤᏣᏔ ᏣᏍᏆᏂᎪᏗ ᏧᎬᏩᎶᏗ ᎤᏣᏘ ᎢᏧᏕᏘᏴᏗ ᏣᎵᏍᏕᎸᏙᏗ; ᎭᏣᏪᏐᎸᏍᏓ, ᎭᎵᏍᏓᏴᎲᏍᎨᏍᏗ, ᎭᏗᏔᏍᎨᏍᏗ, ᎭᎵᎮᎵᎨᏍᏗ.
20. ᎠᏎᏃ ᎤᏁᎳᏅᎯ ᎯᎠ ᏄᏪᏎᎴᎢ; ᏘᏣᏓᏅᏛᎾ, ᎪᎯᏉ ᎤᏒᎢ ᏣᏓᏅᏙ ᏓᏰᏣᏯᏅᏒᎵ; ᎦᎪᏃ ᎤᏤᎵ ᎨᏎᏍᏗ ᎾᏍᎩ ᏥᏣᏓᏁᎳᏅ.
21. ᎾᏍᎩ ᎯᎠ ᏄᏍᏗ ᎩᎶ ᏣᏓᏓᏟᏌᏁᎰ ᏧᎬᏩᎶᏗ ᎤᏩᏒ ᎤᏤᎵᎦ, ᎤᏁᎳᏅᎯᏱᏃ ᎢᏗᏢ ᏄᏪᎿᎭᎥᎾ ᏥᎨᏐᎢ.
22. ᎯᎠᏃ ᏂᏚᏪᏎᎴ ᎬᏩᏍᏓᏩᏗᏙᎯ, ᎾᏍᎩ ᎢᏳᏍᏗ ᎯᎠ ᏂᏨᏪᏎᎭ, ᏞᏍᏗ ᏱᏤᎵᎯᏍᎨᏍᏗ ᏕᏨᏅᎢ, ᎢᏳᏍᏗ ᎢᏣᎵᏍᏓᏴᏗᏱ; ᎠᎴ ᏗᏥᏰᎸᎢ, ᎢᏳᏍᏗ ᏗᏣᏄᏬᏍᏗᏱ.
23. ᎠᎬᏅ ᎤᏟᎯᏳ ᎡᏍᎦᏉ ᎠᎵᏍᏓᏴᏗ, ᎠᎴ ᎠᏰᎸ ᎤᏟᎯᏳ ᎡᏍᎦᏉ ᏗᏄᏬ.
24. ᎪᎳᏅ ᏗᏣᏓᏅᏛᎵ; ᎥᏝᏰᏃ ᏯᏂᏫᏍᎪᎢ, ᎥᏝ ᎠᎴ ᏯᏂᏍᎫᏕᏍᎪᎢ; ᎥᏝ ᎠᎴ ᏧᎾᏓᎾᏅᏗᏱ ᎠᎴ ᎤᏂᏅᏗᏱ ᏱᏓᏓᏁᎸ; ᎠᎴ ᎤᏁᎳᏅᎯ ᏕᎨᎶᎰᎢ. ᏂᎦᎥ ᎤᏟ ᏁᏥᎸᏉᏗ ᏂᎯ ᎡᏍᎦᏉ ᏥᏍᏆ.
25. ᎦᎪᏃ ᎯᎠ ᏥᏂᏣᏛᏅ ᎤᏪᎵᎯᏍᎬᏉ ᏖᎵ ᏱᎦᏅᎯᏓ ᎬᏅᎢ ᏌᏉ ᎢᏯᎩᏳᏍᏈᏛ.
26. ᎢᏳᏃ ᎾᏍᎩ ᎤᏍᏗᎧᏂ ᎨᏒ ᏰᎵ ᎢᎨᏣᏛᏁᏗ ᏂᎨᏒᎾ ᏱᎩ, ᎦᏙᏃ ᎠᏏ ᏅᏩᏓᎴ ᏫᏤᎵᎯᏍᎪᎢ?
27. ᏗᏣᏓᏅᏛᎵ ᏧᏥᎸᎯ ᏓᏛᏍᎬᎢ; ᎥᏝ ᏱᏚᏂᎸᏫᏍᏓᏁᎰᎢ, ᎥᏝ ᎠᎴ ᏯᏂᏍᏙᎰᎢ; ᎠᏎᏃ ᎯᎠ ᏂᏨᏪᏎᎭ, ᎾᏍᏉ ᏐᎵᎹᏅ ᏂᎦᎥ ᎤᏬᏚᎯᏳ ᎨᏒ ᎥᏝ ᎾᏍᎩ ᏱᏄᏍᏕ ᏚᏄᏩᎥᎢ ᎯᎠ ᎾᏍᎩ ᏌᏉ ᏄᏍᏛᎢ.
28. ᎢᏳᏰᏃ ᎤᏁᎳᏅᎯ ᎾᏍᎩ ᏱᏂᎬᏁᎭ ᏱᎦᏄᏬᎭ ᎧᏁᏍᎦ, ᎾᏍᎩ ᎪᎯ ᎢᎦ ᏠᎨᏏ ᏤᎭ, ᎤᎩᏨᏅᏃ ᏗᎦᏚᏗᏱ ᏬᎾᏗᏅᏗ ᏥᎩ, ᎤᏟᎯᏳᏍᎩᏂ ᏂᎯ ᏂᏙᏓᏥᏄᏬᎢ ᎤᏍᏗ ᎢᏦᎯᏳᎯ!
29. ᎠᎴ ᏞᏍᏗ ᏂᎯ ᏱᏥᏲᎮᏍᏗ ᎢᏳᏍᏗ ᎢᏣᎵᏍᏓᏴᏗᏱ, ᎠᎴ ᎢᏳᏍᏗ ᎢᏣᏗᏔᏍᏗᏱ, ᎠᎴ ᏞᏍᏗ ᏧᏢᏫᏛ ᏱᏂᏚᏍᏕᏍᏗ ᏕᏣᏓᏅᏛᎢ.
30. ᎾᏍᎩᏰᏃ ᏂᎦᏛ ᎯᎠ ᏧᎾᏓᎴᏅᏛ ᏴᏫ ᎡᎶᎯ ᏓᏁᏩᏗᏒ ᎤᏂᏲᎰᎢ; ᎢᏥᏙᏓᏃ ᎠᎦᏔᎰ ᎾᏍᎩ ᎯᎠ ᏧᏓᎴᏅᏛ ᎢᏥᏂᎬᎬᎢ.
31. ᎢᏥᏲᎮᏍᏗᏍᎩᏂ ᎤᏁᎳᏅᎯ ᎤᎬᏫᏳᎯ ᎨᏒᎢ; ᎾᏍᎩᏃ ᎯᎠ ᏂᎦᏛ ᏧᏓᎴᏅᏛ ᎡᏣᏠᏯᏍᏓᏁᏗ ᎨᏎᏍᏗ.
32. ᏞᏍᏗ ᏱᏥᏍᎦᎢᎮᏍᏗ ᎢᏥᎦᏲᎵ ᎠᏫ; ᎢᏥᏙᏓᏰᏃ ᎣᏏᏳ ᎤᏰᎸᎭ ᎢᏥᏁᏗᏱ ᎤᎬᏫᏳᎯ ᎨᏒᎢ.
33. ᎢᏥᎾᏕᎨᏍᏗ ᎢᏥᎿᎭᎥᎢ ᎠᎴ ᎢᏣᏓᏁᎸᎥᏍᎨᏍᏗ; ᎢᏣᏓᏁᎴᏍᏗ ᏕᎦᎶᏗ ᏂᏚᏪᏔᎬᎾ, ᏧᎬᏩᎶᏗ ᎦᎸᎳᏗ ᏫᏥᏟᏏᏍᎨᏍᏗ ᎠᏗᏒᎲᏍᎩ ᏂᎨᏒᎾ, ᎾᎿᎭᏫᎬᏩᎷᎯᏍᏗ ᏂᎨᏒᎾ ᎦᏃᏍᎩᏍᎩ, ᎠᎴ ᏥᏍᎪᏯ ᏫᎬᏩᏲᏍᏙᏗ ᏂᎨᏒᎾ.
34. ᎾᎿᎭᏰᏃ ᏫᏥᎲ ᏧᎬᏩᎶᏗ, ᎾᎿᎭᎾᏍᏉ ᏫᏓᎮᏍᏗ ᏗᏥᎾᏫ.
35. ᏕᏣᏓᏠᎮᏍᏗ, ᏕᏥᏨᏍᏛᏃ ᏓᏓᏪᎵᎩᏍᎨᏍᏗ.
36. ᎢᏨᏒᏃ ᏕᏣᏤᎴᏍᏗ ᎠᏂᏍᎦᏯ ᎾᏍᎩ ᏣᏂᎦᏘᏲ ᎤᏂᏅᏏᏙᎯ, ᎢᏳᏉ ᎤᎷᎯᏍᏗᏱ ᏕᎨᎦᏨᏍᏗᏍᎬ ᏭᏪᏙᎸᎯ; ᎾᏍᎩᏃ ᏳᎷᏨ ᎠᎴ ᏳᏩᏂᎸ, ᎾᏍᎩ ᎩᎳᏉ ᎢᏴᏛ ᏫᎬᏩᏍᏚᎢᎡᏗᏱ.
37. ᎣᏏᏳ ᎢᏳᎾᎵᏍᏓᏁᏗ ᎾᏍᎩ ᎨᏥᏅᏏᏓᏍᏗ, ᎤᏂᏅᏏᏙᎯ ᎦᎷᏨᎭ ᏓᏩᏛᎲᎭ ᎠᏂᏯᏫᏍᎬᎢ; ᎤᏙᎯᏳᎯᏯ ᎢᏣᏲᏎᎭ ᏛᏓᏠᎵ ᎤᏩᏒ, ᎠᎴ ᏙᏓᎧᏁᏤᎵ ᎤᎾᏂᏢᏗᏱ [ᎤᎾᎵᏍᏓᏴᏗᏱ,] ᎠᎴ ᏓᎦᎷᏥ ᏙᏛᏍᏕᎸᎯ.
38. ᎢᏳᏃ ᏔᎵᏁ ᎠᏯᏫᏍᏗᏱ ᎨᏒ ᏳᎷᏨ, ᎠᎴ ᏦᎢᏁ ᎠᏯᏫᏍᏗᏱ ᎨᏒ ᏳᎷᏨ, ᎠᎴ ᏱᏚᏩᏛᎲ ᎾᏍᎩ ᎾᎾᏛᏁᎲᎢ, ᎣᏏᏳ ᎢᏳᎾᎵᏍᏓᏁᏗ ᎾᏍᎩ ᎨᏥᏅᏏᏓᏍᏗ.
39. ᎯᎠᏃ ᎾᏍᎩ ᎢᏥᎦᏔᎮᏍᏗ, ᎾᏍᎩ ᎢᏳ ᎦᏁᎳ ᏯᎦᏔᎮ ᎢᏳᏟᎶᏛ ᎠᎵᏰᎢᎵᏒ ᏗᎦᎷᏥᏒ ᎦᏃᏍᎩᏍᎩ, ᏳᏯᏫᏎᎢ, ᎠᎴ ᎥᏝ ᏩᎩᏴᏏ ᎠᏓᏁᎸ ᏱᎬᏪᎵᏎᎢ.
40. ᎾᏍᎩ ᎢᏳᏍᏗ ᏂᎯ ᎾᏍᏉ ᎢᏣᏛᏅᎢᏍᏕᏍᏗ; ᏴᏫᏰᏃ ᎤᏪᏥ ᏓᎦᎷᏥ ᎢᏳᏉ ᎠᎵᏰᎢᎵᏒ ᏂᏤᎵᏍᎬᎾ ᎨᏒᎢ.
41. ᏈᏓᏃ ᎯᎠ ᏄᏪᏎᎴᎢ, ᏣᎬᏫᏳᎯ, ᎠᏴᏍᎪ ᎯᎠ ᎾᏍᎩ ᏕᏍᎩᏯᏟᎶᏍᏓᏁᎭ, ᏂᎦᏛᏉᎨ?
42. ᎤᎬᏫᏳᎯᏃ ᎯᎠ ᏄᏪᏎᎢ, ᎦᎪᏃ ᎾᏍᎩ Ꮎ ᎣᏍᏛ ᎠᎴ ᎠᎦᏔᎾᎢ ᎠᏓᏁᎸ ᎠᏥᎦᏘᏗᏍᏗ, ᎾᏍᎩ ᎤᏅᏏᏙᎯ ᏄᎬᏫᏳᏌᏕᎩ ᏅᏓᏳᏩᏁᎵ ᎦᏁᎸᎢ, ᎾᏍᎩ ᏧᏁᏗᏱ ᎤᎾᎵᏍᏓᏴᏗ ᏂᏓᏍᏆᎸᎯᏒᎢ?
43. ᎣᏏᏳ ᎢᏳᎵᏍᏓᏁᏗ ᎾᏍᎩ Ꮎ ᎠᏥᏅᏏᏓᏍᏗ, ᎾᏍᎩ ᎤᏅᏏᏙᎯ ᎦᎷᏨᎭ ᎤᏩᏛᎲ ᎾᏍᎩ ᎾᏛᏁᎲᎢ.
44. ᎤᏙᎯᏳᎯᏯ ᎢᏨᏲᏎᎭ, ᎾᏍᎩ ᎤᎬᏫᏳᏌᏕᎩ ᏅᏓᏳᏩᏁᎵ ᏂᎦᎥ ᎤᎿᎭᎥᎢ.
45. ᎢᏳᏍᎩᏂ ᎾᏍᎩ Ꮎ ᎠᏥᏅᏏᏓᏍᏗ ᎯᎠ ᏂᎦᏪᏒ ᎤᎾᏫᏱ, ᎠᎩᏅᏏᏙᎯ ᎪᎯᏗᎭ ᎤᎷᎯᏍᏗᏱ; ᎠᎴ ᎠᎴᏅᎲᎭ ᏙᎦᎵᎥᏂᎮᏍᏗ ᎠᏂᏍᎦᏯ ᎠᎴ ᎠᏂᎨᏴ ᎨᏥᏅᏏᏓᏍᏗ, ᎠᎴ ᎠᎵᏍᏓᏴᎲᏍᎨᏍᏗ ᎠᎴ ᎠᏗᏔᏍᎨᏍᏗ, ᎠᎴ ᎤᏴᏍᏕᏍᎨᏍᏗ;
46. ᎾᏍᎩ Ꮎ ᎠᏥᏅᏏᏓᏍᏗ ᎤᏅᏏᏙᎯ ᏓᎦᎷᏥ ᎢᏳᏉ ᎢᎦ ᎾᏓᎦᏖᏃᎲᎾ ᎨᏒᎢ, ᎠᎴ ᎢᏳᏉ ᎠᎵᏰᎢᎵᏒ ᏁᎵᏍᎬᎾ ᎨᏒᎢ, ᎠᎴ ᏙᏓᏳᎦᎵᏏ, ᎠᎴ ᏮᏓᏳᏎᎮᎵ ᏄᏃᎯᏳᏒᎾ ᏗᏁᎲᎢ.
47. ᎾᏍᎩᏃ Ꮎ ᎠᏥᏅᏏᏓᏍᏗ ᎠᎦᏔᎯ ᏄᏍᏛ ᎤᏚᎵᏍᎬ ᎤᏅᏏᏙᎯ, ᎠᎴ ᏄᏛᏅᎢᏍᏔᏅᎾ ᎢᎨᏎᏍᏗ, ᎠᎴ ᎾᏍᎩᏯ ᏄᏍᏛ ᎤᏚᎵᏍᎬ ᏄᏛᏁᎸᎾ ᎢᎨᏎᏍᏗ, ᎤᏣᏘ ᎢᏯᎬᏂᏍᏗ ᎨᏎᏍᏗ.
48. ᎾᏍᎩᏂ ᎾᎦᏔᎲᎾ ᎨᏒ ᎠᎴ ᏰᎵᏉ ᎦᏰᏥᎵᎥᏂᏍᏗ ᎢᏳᏛᏁᎸᎯ ᎨᏎᏍᏗ ᎾᏍᎩ ᎦᏲᎵᏉ ᎢᏯᎬᏂᏍᏗ ᎨᏎᏍᏗ. ᏱᎶᏃ ᎤᏣᏘ ᎠᏥᏁᎸᎯ, ᎤᏣᏘ ᎠᏥᏔᏲᏎᏗ ᎨᏎᏍᏗ; ᎠᎴ ᎩᎶ ᎤᏣᏘ ᏗᎬᏩᏲᎯᏎᎸᎯ ᏴᏫ, ᎾᏍᎩ ᎤᏟ ᎢᎦᎢ ᎬᏩᏔᏲᏎᏗ ᎨᏎᏍᏗ.
49. ᎠᎩᎷᏥᎸ ᎾᏍᎩ ᎢᏯᏋᏂᏐᏗᏱ ᎠᏥᎸ ᎦᏙᎯ ᎤᎷᎯᏍᏗᏱ; ᎠᎴ ᎦᏙ ᏯᏆᏚᎳ ᎢᏳᏃ ᎦᏳᎳ ᏳᏥᏍᏝ?
50. ᎠᏎᏃ ᎠᎩᎭ ᎠᏓᏬᏍᏗ ᎨᏒ ᎥᏆᏬᏍᏙᏗ; ᎠᎴ ᏂᎦᎥ ᎤᏪᎵᎯᏍᏗ ᎠᏆᏓᏅᏔ ᎬᏂ ᎠᎵᏍᏆᏛᎭ!
51. ᏥᏌ ᏅᏩᏙᎯᏯᏛ ᏚᏁᎵᎸ ᎡᎶᎯ ᏍᎩᏰᎵᏎᎭ? ᎥᏝ ᎢᏨᏲᏎᎭ; ᏔᎵᏉᏍᎩᏂ ᎢᏳᎾᏓᏗᏍᏗᏱ;
52. ᎪᎯᏰᏃ ᎢᏳᏓᎴᏅᏛ ᏏᏓᏁᎸᎯ ᎨᏒ ᎯᏍᎩ ᎢᏯᏂᏛ ᏔᎵ ᏄᎾᏓᎡᏍᏗ, ᏦᎢ ᎢᏯᏂᏛ ᎤᎾᎵᎪᏎᏍᏗ ᎠᏂᏔᎵ ᏚᎾᏡᏕᏍᏗ, ᎠᎴ ᎠᏂᏔᎵ ᎤᎾᎵᎪᏎᏍᏗ ᏦᎢ ᏚᎾᏡᏕᏍᏗ.
53. ᎠᎦᏴᎵᎨᎢ ᏔᎵ ᏄᎾᏓᎡᏍᏗ ᎠᏍᎦᏯ ᎤᏪᏥ, ᎠᎦᏅᎩᏃ ᎠᏍᎦᏯ ᏔᎵ ᏄᎾᏓᎡᏍᏗ ᎤᏙᏓ; ᎠᎴ ᎠᎨᏴ ᏔᎵ ᏄᎾᏓᎡᏍᏗ ᎠᎨᏴ ᎤᏪᏥ, ᎠᎴ ᎠᎦᏅᎩ ᎠᎨᏴ ᏔᎵ ᏄᎾᏓᎡᏍᏗ ᎤᏥ; ᎤᏦᎯᏃ ᏔᎵ ᏄᎾᏓᎡᏍᏗ ᎤᏓᏦᎯᏯ, ᎠᎴ ᎤᏓᏦᎯᏯ ᏔᎵ ᏄᎾᏓᎡᏍᏗ ᎤᏦᎯ.
54. ᎠᎴ ᎾᏍᏉ ᎯᎠ ᏂᏚᏪᏎᎴ ᏴᏫ, ᎤᎶᎩᎸ ᎢᏥᎪᏩᏛ ᏅᏙ ᏭᏕᎵᎬ ᏓᎦᎶᎯ, ᎩᎳᏉ ᎢᏴᏛ ᎯᎠ ᏂᏥᏪᏍᎪᎢ, ᎠᎹ ᏛᏰᎢᎵ; ᎾᏍᎩᏃ ᏂᎦᎵᏍᏗᏍᎪᎢ.
55. ᎠᎴ ᎢᏣᏙᎴᎰᎯ ᏧᎦᎾᏮ ᏗᎦᏃᎸᏗᏍᎬᎢ, ᎯᎠ ᏂᏥᏪᏍᎪᎢ, ᎤᏗᎴᎩᏳ ᎨᏎᏍᏗ; ᎠᎴ ᎾᏍᎩ ᏂᎦᎵᏍᏗᏍᎪᎢ.
56. ᎢᏣᏠᎾᏍᏗ! ᏰᎵᏉ ᎢᏣᏙᎴᎰᏍᎪ ᏄᏍᏛ ᎦᎸᎳᏗ, ᎠᎴ ᎡᎶᎯ; ᎦᏙᏃ ᏗᎦᎵᏍᏙᏗᎭ ᏂᏣᏙᎴᎰᏍᎬᎾ ᏥᎩ ᎪᎯ ᎨᏒᎢ?
57. ᎠᎴ ᎦᏙᏃ ᎢᏨᏒ ᎨᏒ ᏗᎨᏧᎪᏙᏗ ᏂᎨᏒᎾ ᎢᎩ ᏚᏳᎪᏛ ᎨᏒᎢ?
58. ᎢᏳᏃ ᏣᏱᎵᏙᎯ ᏗᎫᎪᏗᏍᎩᏱ ᏍᏓᎢᏎᏍᏗ, ᎠᏏᏉ ᏫᏍᏓᎢᏒᎢ, ᎭᏟᏂᎬᏁᎸᎭ ᎯᏯᏚᎵᎳᎡᏗᏱ; ᏗᎫᎪᏗᏍᎩᏱ ᎾᏏ ᏫᏱᏣᏘᏃᎦ, ᏗᎫᎪᏗᏍᎩᏃ ᏗᏓᏂᏱᏍᎩᏱ ᏫᏱᏕᏣᏲᎯ, ᏗᏓᏂᏱᏍᎩᏃ ᏗᏓᏍᏚᏗᏱ ᏫᏱᏣᏴᏓ.
59. ᎬᏲᏎᎭ, ᎥᏝ ᎾᎿᎭᏴᏛᎦᎯᏄᎪᎢ, ᎬᏂ ᏣᎫᏴᎮᏍᏗ ᎤᎵᏍᏆᎸᏗ ᎠᎩᏄᏛᏗ ᎢᏯᏓᏅᏖᏗ.

== Luke 13 ==
1. ᎾᏍᎩᏃ ᎠᏁᏙᎮ ᎩᎶ ᎬᏩᏃᏁᎸᎯ ᎬᏩᏁᎢᏍᏓᏁᎸᎯ ᎨᎵᎵ ᎠᏁᎯ, ᎾᏍᎩ ᎤᏂᎩᎬ ᏇᎴᏗ ᏚᏑᏰᏓᏁᎸ ᎠᏥᎸ-ᎠᏁᎶᎲᎢ.
2. ᏥᏌᏃ ᏚᏁᏤᎴ ᎯᎠ ᏂᏚᏪᏎᎴᎢ, ᎢᏣᏓᏅᏖᏍᎬᏍᎪ ᎯᎠ ᎾᏍᎩ ᎨᎵᎵ ᎠᏁᎯ ᏧᏂᎪᎾᏛᏔᏅᎯ ᎨᏎ ᎠᏂᏍᎦᎾᎯᏳ ᎨᏒ ᏂᎦᏛ ᎨᎵᎵ ᎠᏁᎯ, ᏅᏗᎦᎵᏍᏙᏗᎭ ᎾᏍᎩ ᏥᏄᎾᎵᏍᏓᏁᎴᎢ?
3. ᎥᏝ ᎢᏨᏲᏎᎭ; ᏂᎯᏍᎩᏂ ᏂᏗᏥᏁᏟᏴᏒᎾ ᎢᎨᏎᏍᏗ ᏕᏣᏓᏅᏛᎢ, ᏂᎦᏛ ᎾᏍᎩᏯ ᏓᏣᏗᏒᏂ.
4. ᎠᎴ Ꮎ ᏁᎳᏚ ᎢᏯᏂᏛ ᏌᎶᎻ ᎢᏅᎢᎦᏘ ᎠᏓᏁᎸ ᏧᎾᏐᏁᎢ, ᎠᎴ ᏥᏚᏂᎴᎢ, ᏥᎪ ᎢᏣᏓᏅᏖᏍᎬ ᏧᏂᎪᎾᏛᏔᏅᎯ ᎨᏎ ᎠᏂᏍᎦᎾᎯᏳ ᎨᏒ ᏂᎦᏛ ᏥᎷᏏᎵᎻ ᎠᏁᎯ?
5. ᎥᏝ ᎢᏨᏲᏎᎭ; ᏂᎯᏍᎩᏂ ᏂᏗᏥᏁᏟᏴᏒᎾ ᎢᎨᏎᏍᏗ ᏕᏣᏓᏅᏛᎢ, ᏂᎦᏛ ᎾᏍᎩᏯ ᏓᏩᏗᏒᏂ.
6. ᎯᎠ ᎾᏍᏉ ᏄᏪᏎ ᏚᏟᎶᏍᏓᏁᎴᎢ; ᎩᎶ ᎢᏳᏍᏗ, ᎡᎦᏔ-ᎢᏳᏍᏗ ᏡᎬ ᎤᏫᏎ ᏖᎸᎳᏗ ᏚᏫᏒᎢ; ᎤᎷᏤᏃ ᎤᏲᎴ ᎤᏓᏔᏅᎯ, ᎠᎴ ᎥᏝ ᏳᏩᏛᎮᎢ.
7. ᎿᎭᏉᏃ ᎯᎠ ᏄᏪᏎᎴ ᎣᏍᏛ ᎢᏳᏩᎿᎭᏕᎩ ᏖᎸᎳᏗ ᏚᏫᏒᎢ, ᎬᏂᏳᏉ, ᎿᎭᏉ ᏦᎢ ᎾᏕᏘᏴ ᏥᎷᎬᎩ ᎠᎩᏲᎲᎩ ᎤᏓᏔᏅᎯ ᎯᎠ ᎾᏍᎩ ᎡᎦᏔ-ᎢᏳᏍᏗ ᏡᎬᎢ, ᎠᎴ ᎥᏝ ᏱᏥᏩᏘᎭ; ᎯᎴᏴᏍᏓ; ᎦᏙᏃ ᎢᎤᎨᏗ ᎦᏙᎯ?
8. ᎤᏁᏨᏃ ᎯᎠ ᏄᏪᏎᎴᎢ, ᏣᎬᏫᏳᎯ, ᎤᏁᎳᎩ ᎮᎳ ᎪᎯ ᎾᏍᏉ ᏧᏕᏘᏴᏌᏗ, ᎬᏂ ᎦᏍᎪᏏᏙᎸᎭ, ᎠᎴ ᎣᏍᏛ ᎦᏓ ᏥᏅᎭ.
9. ᎢᏳᏃ ᎢᎠᏓᏔᏅᎭ, ᎤᏁᎳᎩᏉ ᎨᏎᏍᏗ; ᎢᏳᏃ ᏄᏔᏅᎾ ᏱᎩ, ᎩᎳ ᎣᏂ ᎯᎴᏴᏍᏔᏅᎭ.
10. ᏓᏕᏲᎲᏍᎨᏃ ᎢᎸᎯᏢ ᎠᏓᏁᎸ ᏗᎦᎳᏫᎢᏍᏗᏱ ᎤᎾᏙᏓᏆᏍᎬᎢ;
11. ᎬᏂᏳᏉᏃ ᎾᎿᎭᎡᏙᎮ ᎠᎨᏴ ᎠᏓᏅᏙ ᎥᏳᎩ ᎪᏢᏍᎩ ᎤᏯᎢ ᏁᎳᏚ ᎢᏳᏕᏘᏴᏛ ᎢᎬᏩᎵᏍᏔᏅᎯ ᎨᏎᎢ, ᎠᎴ ᎤᏗᏌᏕᎢ, ᎠᎴ ᎬᏩᏟᏍᏛ ᎤᎵᏥᏃᎯᏍᏙᏗᏱ ᎨᏎᎢ.
12. ᏥᏌᏃ ᎤᎪᎲ ᏭᏯᏅᎮᎢ, ᎠᎴ ᎯᎠ ᏄᏪᏎᎴᎢ, ᎯᎨᏴ, ᏣᏢᎬ ᎡᏧᏓᎳᎩ.
13. ᏚᏏᏔᏕᏃ; ᎠᎴ ᎩᎳᏉ ᎢᏴᏛ ᎦᏥᏃᏍᏛ ᏄᎵᏍᏔᏁᎢ, ᎠᎴ ᎤᎸᏉᏔᏁ ᎤᏁᎳᏅᎯ.
14. ᏗᎦᎳᏫᎢᏍᏗᏱᏃ ᏄᎬᏫᏳᏌᏕᎩ ᎤᎿᎭᎸᎯ ᎤᏁᏤᎢ, ᏅᏗᎦᎵᏍᏙᏗᏍᎨ ᏥᏌ ᎤᏓᏅᏩᏅ ᎤᎾᏙᏓᏆᏍᎬ ᎢᎦ; ᎠᎴ ᎯᎠ ᏂᏚᏪᏎᎴ ᏴᏫ, ᏑᏓᎵ ᎢᎦ ᏚᏳᎪᏗ ᏧᏂᎸᏫᏍᏓᏁᏗᏱ ᏴᏫ; ᎾᎯᏳᏍᎩᏂ ᎢᏥᎷᎨᏍᏗ ᎠᎴ ᏕᏥᏅᏫᏍᎨᏍᏗ, ᏞᏍᏗᏃ ᎤᎾᏙᏓᏆᏍᎬ ᎢᎦ.
15. ᎤᎬᏫᏳᎯᏃ ᎿᎭᏉ ᎤᏁᏤᎴ ᎯᎠ ᏄᏪᏎᎴᎢ, ᏣᏠᎾᏍᏗ! ᏝᏍᎪ ᏂᎯ ᎢᏥᏏᏴᏫᎭ ᎨᏒ ᎤᎾᏙᏓᏆᏍᎬ ᏰᏤᎵᏌᏕᏍᎪ ᏗᎨᎳᏍᏗᏱ ᎢᏣᏤᎵ ᏩᎦ ᎠᎴ ᏐᏈᎵᏗᎦᎵᎠᏅᎯᏛ, ᎠᎴ ᏰᏣᏘᏁᎪ ᎠᎹ ᏰᏣᏗᏔᏍᏔᏁᎪᎢ?
16. ᎯᎠᏃ ᎠᎨᏴ ᎡᏆᎭᎻ ᎤᏪᏥ ᏥᎩ, ᎾᏍᎩ ᏎᏓᏂ ᎿᎭᏉ ᎬᏂᏳ ᏁᎳᏚ ᏧᏕᏗᏴᏛ ᎬᏩᎸᎸᎯ ᏥᎩ, ᏝᏍᎪ ᏱᏚᏳᎪᏕ ᎤᎾᏙᏓᏆᏍᎬ ᎠᎦᎸᏒᏗᏱ ᎯᎠ ᎾᏍᎩ ᎤᏓᎸᏍᏛᎢ?
17. ᎾᏍᎩᏃ ᎯᎠ ᏄᏪᏒ, ᏂᎦᏛ ᏗᎬᏩᎦᏗᎴᎩ ᎤᎾᏕᎰᏎᎢ; ᏂᎦᏛᏃ ᏴᏫ ᎠᎾᎵᎮᎵᎨ ᏅᏗᎦᎵᏍᏙᏗᏍᎨ ᏂᎦᏛ ᎦᎸᏉᏗᏳ ᎾᏍᎩ ᏕᎤᎸᏫᏍᏓᏁᎲᎢ.
18. ᎿᎭᏉᏃ ᎯᎠ ᏄᏪᏎᎢ, ᎦᏙ ᏓᏤᎸ ᎤᏁᎳᏅᎯ ᎤᎬᏫᏳᎯ ᎨᏒᎢ? ᎠᎴ ᎦᏙ ᏙᏓᎦᏟᎶᏍᏔᏂ?
19. ᎠᏥᎸ-ᎤᎦᏔ ᏓᏤᎸ, ᎾᏍᎩ ᎠᏍᎦᏯ ᏧᎩᏎ ᎠᎴ ᎤᏫᏒᏗᏱ ᏥᏭᏗᏅᏎᎢ; ᎠᎴ ᎤᏛᏎᎢ, ᎠᎴ ᎡᏉᎯᏳ ᏄᎵᏍᏔᏁ ᏡᎬᎢ; ᎠᎴ ᏥᏍᏆ ᎦᎸᎶ ᎠᏂᏃᎯᎵᏙᎯ ᏚᏩᏂᎦᎸ ᎤᎾᎭᏓᏕᎢ.
20. ᎠᎴᏬ ᎯᎠ ᏄᏪᏎᎢ, ᎦᏙ ᏙᏓᎦᏟᎶᏍᏔᏂ ᎤᏁᎳᏅᎯ ᎤᎬᏫᏳᎯ ᎨᏒᎢ?
21. ᎠᎪᏙᏗ ᎾᏍᎩᏯᎢ, ᎾᏍᎩ ᎠᎨᏴ ᏧᎩᏎ ᎠᎴ ᏧᏑᏴᏁ ᏦᎢ ᎢᏳᏟᎶᏛ ᎢᏒ ᎦᎸᎢ, ᎬᏂ ᏂᎦᏛ ᎤᏬᏘᏐᏅ.
22. ᎤᎦᏛᎴᏏᏙᎴᏃ ᎤᏪᏙᎴ ᏧᏛᎾ ᏕᎦᏚᎲ ᎠᎴ ᏧᏍᏗ ᏕᎦᏚᎲᎢ, ᏓᏕᏲᎲᏍᎨᎢ, ᎠᎴ ᏥᎷᏏᎵᎻ ᏩᎦᏖᎢ.
23. ᎠᏏᏴᏫᏃ ᎯᎠ ᏄᏪᏎᎴᎢ, ᏣᎬᏫᏳᎯ, ᎠᏂᎦᏲᎵᏉᏍᎪ ᎨᏥᏍᏕᎸᏗ ᎨᏎᏍᏗ? ᎯᎠᏃ ᏂᏚᏪᏎᎴᎢ,
24. ᎢᏣᏟᏂᎬᏁᎮᏍᏗ ᎢᏥᏴᏍᏗᏱ ᎠᏯᏙᎵ ᎦᎶᎯᏍᏗᏱ; ᎤᏂᏣᏘᏰᏃ, ᎢᏨᏲᏎᎭ, ᏓᏳᏂᏲᎵ ᎤᏂᏴᏍᏗᏱ, ᎠᎴ ᎥᏝ ᏰᎵ ᏫᎬᏩᏂᏴᏍᏗ ᏱᎨᏎᏍᏗ.
25. ᎢᏳᏃ ᎿᎭᏉ ᎠᏍᎦᏯ ᎦᏁᎳ ᏓᎴᏅᎭ ᎠᎴ ᎠᏍᏚᏅᎭ ᎦᎶᎯᏍᏗᏱ, ᏂᎯᏃ ᎢᏣᎴᏅᎲ ᏙᏱᏗᏢ ᎢᏥᏙᎾᎥᎢ, ᎠᎴ ᎢᏨᏂᎮᏍᏗ ᎦᎶᎯᏍᏗᏱ ᎯᎠ ᏂᏤᏪᏍᎨᏍᏗ, ᏣᎬᏫᏳᎯ, ᏣᎬᏫᏳᎯ, ᎡᏍᎩᏍᏚᎢᏏ; ᎠᎴ ᏗᎧᏁᏨ ᎯᎠ ᏅᏗᏥᏪᏎᎸᎭ, ᎥᏝ ᏱᏥᎦᏔᎭ ᏗᏣᏓᎴᏅᎢ;
26. ᎿᎭᏉ ᏓᏣᎴᏅᎯ ᎯᎠ ᏅᏓᏥᏪᏏ, ᎣᎦᎵᏍᏓᏴᏅᎩ ᎠᎴ ᎣᎦᏗᏔᎲᎩ ᎯᎦᏔᎲᎢ, ᎠᎴ ᏕᏣᏕᏲᏅᎩ ᎣᎩᏚᎲ ᎡᏓᏍᏗᏱ ᏕᎦᎳᏅᏛᎢ.
27. ᎠᏎᏃ ᎯᎠ ᏅᏓᎦᏪᏏ, ᎢᏨᏲᏎᎭ, ᎥᏝ ᏱᏥᎦᏔᎭ ᏗᏣᏓᎴᏅᎢ; ᏍᎩᏯᏓᏅᏏ, ᏂᏥᎥ ᎤᏲ ᏗᏥᎸᏫᏍᏓᏁᎯ.
28. ᎾᎿᎭᏓᏂᏴᎨᏍᏗ ᎠᎴ ᏓᏂᎸᏓᎩᏍᎨᏍᏗ ᏓᏂᏄᏙᎬᎢ, ᎾᎯᏳ ᏕᏥᎪᎲᎭ ᎡᏆᎭᎻ ᎠᎴ ᎡᏏᎩ ᎠᎴ ᏤᎦᏈ ᎠᎴ ᏂᎦᏛ ᎠᎾᏙᎴᎰᏍᎩ, ᎤᏁᎳᏅᎯ ᎤᎬᏫᏳᎯ ᎨᏒ ᎾᎿᎭᎠᏂᏯᎡᏍᏗ, ᎢᏨᏒᏃ ᎡᏥᏄᎪᏫᏒᎯ ᎨᏎᏍᏗ.
29. ᏗᎧᎸᎬᏃ ᎢᏗᏢ ᏗᏂᎶᏍᎨᏍᏗ, ᎠᎴ ᏭᏕᎵᎬᎢ, ᎠᎴ ᏧᏴᏢᎢ, ᎠᎴ ᏧᎦᎾᏮᎢ, ᎠᎴ ᎠᎾᏅᎥᏍᎨᏍᏗ ᎤᏁᎳᏅᎯ ᎾᎿᎭᎤᎬᏫᏳᎯ ᎨᏒᎢ.
30. ᎠᎴ ᎬᏂᏳᏉ ᎠᏁᎭ ᎣᏂ ᏥᎩ, ᎾᏍᎩ ᎢᎬᏱ ᎨᏎᏍᏗ, ᎠᎴ ᎠᏁᎭ ᎢᎬᏱ ᏥᎩ, ᎾᏍᎩ ᎣᏂ ᎨᏎᏏᏗ.
31. ᎾᎯᏳᏉᏃ ᎢᎦ ᎩᎶ ᎢᏳᎾᏍᏗ ᎠᏂᏆᎵᏏ ᎤᏂᎷᏤ ᎯᎠ ᏂᎬᏩᏪᏎᎴᎢ, ᎯᏄᎪᎢ, ᎠᎴ ᎭᏓᏅᎾ ᎠᏂ; ᎡᎶᏛ ᎾᏏ ᎤᏚᎵ ᏣᎯᏍᏗᏱ.
32. ᎯᎠᏃ ᏂᏚᏪᏎᎴᎢ, ᎢᏤᎾ, ᎠᎴ ᎯᎠ ᏫᏁᏥᏪᏏ Ꮎ ᎫᎳ, ᎬᏂᏳᏉ ᎠᏂᏍᎩᎾ ᏕᏥᏄᎪᏫᏍᎦ, ᎠᎴ ᏕᎦᏓᏅᏫᎭ ᎪᎯ ᎢᎦ ᎠᎴ ᎤᎩᏨᏅᎢ, ᏦᎢᏁᏃ ᎢᎦ ᎠᎩᏍᏆᏛᎯ ᎨᏎᏍᏗ.
33. ᎠᏎᏍᎩᏂᏃᏅ ᎠᏇᏓᏍᏗ ᏂᎦᎵᏍᏗᎭ ᎪᎯ ᎢᎦ, ᎠᎴ ᎤᎩᏨᏅᎢ, ᎠᎴ ᎤᎩᏨᏛ; ᎥᏝᏰᏃ ᎠᏙᎴᎰᏍᎩ ᏰᎵ ᎢᎸᎯᏢ ᎦᏰᏥᎢᏍᏗ ᏱᎩ, ᏥᎷᏏᎵᎻ ᎤᏩᏒ.
34. ᏥᎷᏏᎵᎻ! ᏥᎷᏏᎵᎻ! ᎠᎾᏙᎴᎰᏍᎩ ᏘᎯᎯ, ᎠᎴ ᏅᏯ ᏛᏂᏍᏗᏍᎩ ᎨᏣᎷᏤᏗᏱ ᎨᏥᏅᏒᎯ; ᏯᏃᎩᏳ ᎠᏆᏚᎵᏍᎬ ᎦᏥᏯᏟᏐᏗᏱ ᏗᏤᏥ, ᎾᏍᎩᏯ ᏣᏔᎦ ᏥᏕᎦᏟᏏᏍᎪ ᏧᏪᏥ ᎠᏂᏛ ᎠᏫᏂᏗᏢ ᏗᎧᏃᎨᏂ, ᎠᏎᏃ ᎥᏝ ᏱᏣᏚᎵᏍᎨᎢ!
35. ᎬᏂᏳᏉ ᎢᏥᏁᎸ ᏅᏔ ᏁᏨᏁᎸ; ᎠᎴ ᎯᎠ ᏂᏨᏪᏎᎭ, ᎥᏝ ᏴᎨᏍᎩᎪᏩᏛ ᎪᎯ ᎢᏳᏓᎴᏅᏛ ᎬᏂ ᎯᎠ ᎢᏥᏪᏍᏗᏱ ᎠᏍᏆᎸᎲᎭ, ᎠᏥᎸᏉᏗᏳ ᎾᏍᎩ Ꮎ ᏱᎰᏩ ᏕᏅᏙᎥ ᏥᎦᎷᎯᏍᏗᎭ.

== Luke 14 ==
1. ᎯᎠᏃ ᏄᎵᏍᏔᏁᎢ, ᎾᏍᎩ ᎤᏴᎸ ᎩᎶ ᎢᏳᏍᏗ ᏣᎦᏁᎶᏗ ᎠᏆᎵᏏ ᎦᏁᎸ ᎤᎵᏍᏓᏴᏗᏱ ᎤᎾᏙᏓᏆᏍᎬ ᎢᎦ, ᎾᏍᎩ ᎬᏩᎦᏌᏯᏍᏕᎢ.
2. ᎬᏂᏳᏉᏃ ᎩᎶ ᎢᏳᏍᏗ ᎠᏍᎦᏯ ᎢᎬᏱᏗᏢ ᏄᏛᏁ ᎤᏢᎩ ᎠᎹ ᎤᏓᏁᏁᎯ.
3. ᏥᏌᏃ ᎤᏁᏤ ᎯᎠ ᏂᏚᏪᏎᎴ ᏗᎧᎿᎭᏩᏛᏍᏗ ᏗᏃᏏᏏᏍᎩ ᎠᎴ ᎠᏂᏆᎵᏏ; ᏚᏳᎪᏗᏍᎪ ᏗᏓᏅᏬᏗᏱ ᎤᎾᏙᏓᏆᏍᎬ ᎢᎦ?
4. ᎡᎳᏪᏱᏃ ᎤᏅᏁᎢ. ᎤᏂᏴᎲᏃ ᎤᏅᏩᏁᎢ, ᎠᎴ ᏚᏲᏎᎢ;
5. ᏚᏁᏤᎴᏃ ᎯᎠ ᏂᏚᏪᏎᎴᎢ, ᎦᎪ ᎯᎠ ᏥᏂᏣᏛᏅ ᏐᏈᎵ-ᏗᎦᎵᎠᏅᎯᏛ ᎠᎴ ᏩᎦ ᏳᎸᏤᎸ ᎠᏔᎴᏒ ᎥᏝ ᎩᎳᏉ ᎢᏴᏛ ᏱᏮᎦᎳᎩ ᎤᎾᏙᏓᏆᏍᎬ ᎢᎦ?
6. ᎥᏝᏃ ᏰᎵ ᏅᏓᎬᏩᏬᎯᎵᏴᏍᏓᏁᏗ ᏱᎨᏎ ᎾᏍᎩ ᎯᎠ.
7. ᎠᎴ ᏚᏟᎶᏍᏔᏁᎴ ᎾᏍᎩ Ꮎ ᏫᎨᏥᏯᏅᏛ, ᏚᎪᎲ ᏓᎾᏑᏰᏍᎬ ᏄᎬᏫᏳᏒ ᏗᏂᏢᏗᏱ, ᎯᎠ ᏂᏚᏪᏎᎴᎢ,
8. ᎢᏳᏃ ᎩᎶ ᏕᎨᎦᏨᏍᏗᏍᎬ ᏤᏅᏍᏗᏱ ᏣᏯᏅᎲᎭ, ᏞᏍᏗ ᏄᎬᏫᏳᏒ ᏗᏂᏢᏗᏱ ᏣᏂᏏᏅᎩ; ᎤᏟᏰᏃ ᎢᏯᏥᎸᏉᏗ ᎡᏍᎦᏉ ᏂᎯ ᏩᏥᏯᏅᏛ ᏱᏂᎦᎩ;
9. ᏫᏍᏗᏯᏅᏛᏃ ᏱᎦᎷᎩ ᎯᎠ ᏱᏂᏣᏪᏏ, ᎯᏯᏜᏓᏅᏓᏗᏏ ᎯᎠ; ᎿᎭᏉᏃ ᏣᏕᎰᏒᎯ ᏯᎴᏅ ᎡᎳᏗ ᎨᏒ ᏗᏂᏢᏗᏱ ᏫᏱᎶᎯ.
10. ᎡᏣᏯᏂᏍᎨᏍᏗᏍᎩᏂ, ᎮᎨᏍᏗ ᎠᎴ ᏣᏂᏏᎲᏍᎨᏍᏗ ᎡᎳᏗ ᎨᏒ ᏗᏂᏢᏗᏱ; ᎾᏍᎩᏃ ᏫᏣᏯᏅᏛ ᎦᎷᎨᏍᏗ, ᎯᎠ ᎢᏳᏣᏪᏎᏗ ᏱᎩ, ᎩᎾᎵᎢ, ᎦᎸᎳᏗᏢᏍᏙᏗ ᏫᎶᎯ; ᎿᎭᏉ ᎡᏣᎸᏉᏗᏳ ᎨᏎᏍᏗ ᎠᏂᎦᏔᎲ ᎢᏧᎳᎭ ᎢᏥᏂᏜᏓᎢ [ᏗᎵᏍᏓᏴᏗᏱ.]
11. ᎩᎶᏰᏃ ᎤᏩᏒ ᎠᏓᏌᎳᏗᏍᎨᏍᏗ ᎡᎳᏗ ᎢᏯᎬᏁᏗ ᎨᏎᏍᏗ; ᎩᎶᏃ ᎤᏩᏒ ᎡᎳᏗ ᎾᏓᏛᏁᎮᏍᏗ ᎾᏍᎩ ᎠᏥᏌᎳᏙᏗ ᎨᏎᏍᏗ.
12. ᎯᎠᏃ ᎾᏍᏉ ᏄᏪᏎᎴ ᏭᏯᏅᏛ, ᎢᏳᏃ ᏕᎭᏕᎳᏍᏗᏍᎨᏍᏗ ᎢᎦ ᎡᎯ ᎠᎴ ᎤᏒ ᎡᎯ, ᏞᏍᏗ ᏱᏫᏘᏯᏂᏍᎨᏍᏗ ᏗᏣᎵᎢ, ᎠᎴ ᎢᏣᎵᏅᏟ, ᎠᎴ ᎪᎱᏍᏗ ᏗᏨᏅ, ᎠᎴ ᏧᏁᎾᎢ ᎾᎥ ᎢᏣᏓᎳ; ᎾᏍᏉᏰᏃ ᏂᎯ ᏱᏮᎨᏣᏯᏅ ᎠᎴ ᏴᎨᏣᎫᏴᏏ.
13. ᎢᏳᏍᎩᏂ ᏕᎭᏕᎳᏍᏗᏍᎨᏍᏗ, ᏫᏘᏯᏂᏍᎨᏍᏗ ᎤᏲ ᎢᏳᎾᏛᎿᎭᏕᎩ, ᎪᎱᏍᏗ ᎤᏍᏛ ᏗᏂᏰᎸ ᎤᏂᏲᎱᏎᎸᎯ, ᏗᏂᏲᏅᎵ, ᎠᎴ ᏗᏂᎨᏫ;
14. ᎣᏏᏳᏃ ᎢᏣᎵᏍᏓᏁᏗ ᎨᏎᏍᏗ; ᎥᏝᏰᏃ ᏴᎦᎨᏣᎫᏴᏏ; ᎡᏣᎫᏴᎡᏗᏰᏃ ᎨᏎᏍᏗ ᏓᎾᎴᎯᏌᏅ ᎤᎾᏓᏅᏘ.
15. ᎠᏏᏴᏫᏃ ᎾᏍᎩ ᎢᏧᎳᎭ ᎤᎾᎵᏍᏓᏴᏅᎯ ᎾᏍᎩ ᎤᏛᎦᏅ, ᎯᎠ ᏄᏪᏎᎴᎢ, ᎣᏏᏳ ᎢᏳᎵᏍᏓᏁᏗ ᎾᏍᎩ Ꮎ ᎤᏁᎳᏅᎯ ᎤᎬᏫᏳᎯ ᎨᏒ ᎾᎿᎭᎬᏩᎵᏍᏓᏴᏗ ᏂᎦᎵᏍᏓᏅᎭ.
16. ᎠᎴ [ᏥᏌ] ᎯᎠ ᏄᏪᏎᎴᎢ, ᎩᎶ ᎢᏳᏍᏗ ᎠᏍᎦᏯ ᎤᏣᏘ ᏚᏕᎳᏍᏔᏁᎢ, ᎠᎴ ᎤᏂᏣᏘ ᏫᏚᏯᏅᎮᎢ;
17. ᎠᎵᏍᏓᏴᏗᏱᏃ ᎨᏒ ᎤᏍᏆᎸᎲᎤᏅᏎ ᎤᏅᏏᏓᏍᏗ ᎯᎠ ᏫᏂᏚᏪᏎᏗᏱ ᏫᎨᏥᏯᏅᏛ; ᎡᏤᎾ, ᏂᎦᏗᏳᏰᏃ ᎿᎭᏉ ᎠᏛᏅᎢᏍᏗ.
18. ᏂᎦᏛᏃ ᎤᏠᏱ ᏧᎾᏢᏫᏍᏙᏗ ᎤᎾᎴᏅᎮ ᎤᏂᏲᎴᎢ. ᎢᎬᏱᏱ ᎯᎠ ᏄᏪᏎᎴᎢ, ᏠᎨᏏ ᎠᎩᏩᏒ, ᎠᎴ ᎠᏎ ᎠᏇᏅᏍᏗ ᎠᎴ ᎠᏆᎦᏔᏅᏍᏗ ᏂᎦᎵᏍᏗᎭ; ᎬᏔᏲᏎ ᎤᏁᎳᎩ ᏍᏇᎵᏎᏗᏱ.
19. ᏅᏩᏓᎴᏃ ᎯᎠ ᏄᏪᏎᎢ, ᎯᏍᎩ ᎢᏳᎾᎩᎳᎾᎳ ᏩᎦ ᏓᎩᏩᏒ, ᎠᎴ ᏕᎦᏁᎶᏔᏂ; ᎬᏔᏲᏎ ᎤᏁᎳᎩ ᏍᏇᎵᏎᏗᏱ.
20. ᏅᏩᏓᎴᏃ ᎯᎠ ᏄᏪᏎᎢ, ᎠᏆᏕᏒᏅ, ᎾᏍᎩᏃ ᎢᏳᏍᏗ ᎥᏝ ᏰᎵ ᏫᎬᎩᎷᎯᏍᏗ ᏱᎩ.
21. ᎾᏍᎩᏃ Ꮎ ᎠᏥᏅᏏᏓᏍᏗ ᎢᎤᎷᏨ ᎤᎾᏄᎪᏫᏎᎴ ᎤᏅᏏᏙᎯ ᎾᏍᎩ ᎯᎠ ᏄᎵᏍᏔᏂᏙᎸᎢ. ᎦᏁᎳᏃ ᎤᎾᎸᎯᏳ ᎨᏒ ᎯᎠ ᏄᏪᏎᎴ ᎤᏅᏏᏓᏍᏗ, ᎮᎾ ᏄᎳ ᏫᏴᎲ ᎡᎾᎢᏓᏍᏗᏱ ᎠᎴ ᏧᏍᏗ ᏕᎦᎳᏅᏛᎢ ᎦᏚᎲᎢ, ᎠᎴ ᏕᎭᏘᏃᎸᎭ ᎤᏲ ᎢᏳᎾᏛᎿᎭᏕᎩ, ᎠᎴ ᎪᎱᏍᏗ ᎤᏍᏛ ᏗᏂᏰᎸ ᎤᏂᏲᎱᏎᎸᎯ, ᎠᎴ ᏗᏂᏲᎤᎵ, ᎠᎴ ᏗᏂᎨᏫ.
22. ᎠᏥᏅᏏᏓᏍᏗᏃ ᎯᎠ ᏄᏪᏎᎢ, ᏍᎩᏅᏏᏙᎯ, ᏂᏣᏪᏒ ᎾᏍᎩᏯ ᏂᎦᏛᎦ, ᎠᏏᏉᏃ ᎤᏜᏓᏅᏛ.
23. ᎤᏅᏏᏙᎯᏃ ᎯᎠ ᏄᏪᏎᎴ ᎤᏅᏏᏓᏍᏗ, ᎯᏄᎪᎢ ᏕᎦᏅᎿᎭᏩᏗᏒ ᎠᎴ ᏓᏐᏴᎢ ᏫᎶᎯ, ᎠᎴ ᎠᏎ ᎤᏂᏴᏍᏗᏱ ᏂᎩᏴᏁᎸᎭ ᎾᏍᎩ ᎤᎧᎵᎢᏍᏗᏱ ᏥᏁᎸᎢ.
24. ᎯᎠᏰᏃ ᏂᏨᏪᏎᎭ, ᎥᏝ ᎩᎶ ᎾᏍᎩ Ꮎ ᏫᎨᏥᏯᏅᏛ ᎨᏒ ᏴᏛᎾᎵᏍᏓᏴᏔᏂ ᏓᏆᏕᎳᏍᏔᏅᎢ.
25. ᎤᏂᏣᏘᏃ ᏴᏫ ᎬᏩᏍᏓᏩᏛᏎᎢ; ᎤᎦᏔᎲᏒᏃ ᎯᎠ ᏂᏚᏪᏎᎴᎢ,
26. ᎩᎶ ᎠᏴ ᎠᎩᎷᏤᎮᏍᏗ ᏂᏗᎦᏂᏆᏘᎲᎾᏃ ᎢᎨᏎᏍᏗ ᎤᏙᏓ, ᎠᎴ ᎤᏥ, ᎠᎴ ᎤᏓᎵᎢ, ᎠᎴ ᏧᏪᏥ, ᎠᎴ ᎠᎾᎵᏅᏟ, ᎠᎴ ᏧᏙ, ᎥᎥ, ᎠᎴ ᎤᏩᏒ ᎾᏍᏉ ᎬᏅᎢ, ᎥᏝ ᏰᎵ ᎠᎩᏍᏓᏩᏗᏙᎯ ᏱᏅᎦᎵᏍᏓ.
27. ᎠᎴ ᎩᎶ ᎤᏤᎵ ᏧᏓᎿᎭᏩᏛ ᎾᏱᏍᎬᎾ ᎠᎴ ᎾᎩᏍᏓᏩᏕᎬᎾ ᎢᎨᏎᏍᏗ, ᎥᏝ ᏰᎵ ᎠᎩᏍᏓᏩᏗᏙᎯ ᏱᏅᎦᎵᏍᏓ.
28. ᎦᎪᏰᏃ ᎯᎠ ᏥᏂᏣᏛᏅ, ᏯᏓᏅᏖ ᎢᏅ ᎢᎦᏘ ᎤᏁᏍᎨᏗᏱ, ᎥᏝ ᎢᎬᏱ ᏱᎦᎲᏍᎪ ᏯᏎᎯᎰ ᎢᎦᎢ ᏧᎬᏩᏔᏂᎯᏍᏗ ᎨᏒᎢ, ᎤᏙᎴᎰᎯᏍᏗᏱ ᏰᎵ ᎬᏩᏍᏆᏗᏍᏙᏗ ᎢᎦᎢ ᎤᎲᎢ.
29. ᎢᏳᏰᏃ ᎦᎫᏍᏛᏗ ᏧᏛᎯ ᏱᎩ, ᎠᎴ ᎬᏩᏍᏆᏗᏍᏗ ᏂᎨᏒᎾ ᏱᎩ, ᏂᎦᏛ ᎠᏂᎪᏩᏘᏍᎩ ᏯᎾᎴᏅ ᏱᎬᏩᏕᎰᏛ,
30. ᎯᎠ ᏱᎾᏂᏫ, ᎯᎠ ᎠᏍᎦᏯ ᎤᎴᏅᎲᎩ ᎠᏁᏍᎨᏍᎬᎢ, ᎠᎴ ᎥᏝ ᏰᎵ ᎬᏩᏍᏆᏗᏍᏗ ᏱᎨᏎᎢ.
31. ᎠᎴ ᎦᎪ ᎢᏳᏍᏗ ᎤᎬᏫᏳᎯ, ᏓᎿᎭᏩ ᏱᏅᏛᏅᏁᎵ ᏅᏩᏓᎴ ᎤᎬᏫᏳᎯ, ᎥᏝ ᎢᎬᏱ ᏱᎦᎲᏍᎪ ᎠᎴ ᏯᏓᏅᏖᏍᎪ ᏰᎵᏉ ᎠᏍᎪᎯ ᎢᏯᎦᏴᎵ ᏓᏘᏁᎲ ᏗᎬᏩᎾᏟᏴᏗ ᎨᏒ ᏧᎦᏘᎴᎩ ᏔᎳᏍᎪᎯ ᎢᏯᎦᏴᎵ ᏓᏘᏁᎲᎢ.
32. ᎢᏳᏃ ᏰᎵ ᏂᎨᏒᎾ ᏱᎩ, ᎠᏏ ᏐᎢ ᎢᏅᎯᏳ ᏨᏣᎢᏐᎢ, ᏕᎦᏅᏍᎪ ᏧᏅᏏᏛ ᎠᏔᏲᎯᎰ ᏙᎯᏱ ᎢᏳᏅᏁᏗᏱ.
33. ᎾᏍᎩᏯ ᎾᏍᏉ ᏂᎯ, ᎢᏳᏃ ᎩᎶ ᏂᏚᏲᏐᎲᏍᎬᎾ ᎢᎨᏎᏍᏗ ᏂᎦᏛ ᎤᏤᎵ ᎨᏒᎢ, ᎥᏝ ᏰᎵ ᎠᎩᏍᏓᏩᏕᎩ ᏱᏅᎦᎵᏍᏓ.
34. ¯ᎠᎹ ᎣᏏᏳ; ᎢᏳᏍᎩᏂ ¯ᎠᎹ ᏳᏥᏍᎪᎸ, ᎦᏙ ᏘᎦᎵᏍᏙᏓ ¯ᎠᎹ ᏯᏙᏢᎾ.
35. ᎥᏝ ᎿᎭᏉ ᏠᎨᏏ ᎦᎳᎨᏯᏛᏗ ᎠᎴ ᎣᏍᏛ ᎦᏓ ᎦᏡᎬ ᎬᏗ ᏱᎨᏐᎢ; ᏭᎾᏕᎪᏉ. ᎩᎶ ᏕᎦᎵᎷᎨᏍᏗ ᎤᏛᎪᏗᏱ ᏩᏛᎬᎦ.

== Luke 15 ==
1. ᎿᎭᏉᏃ ᎾᎥ ᎬᏩᎷᏤᎴ ᏂᎦᏛ ᎠᏕᎸ ᎠᏂᎩᏏᏙᎯ ᎠᎴ ᎠᏂᏍᎦᎾ ᎬᏩᏛᏓᏍᏓᏁᏗᏱ.
2. ᎠᏂᏆᎵᏏᏃ ᎠᎴ ᏗᏄᏪᎵᏍᎩ ᎤᏂᏐᏅᏤᎴ ᎯᎠ ᏄᏂᏪᏎᎢ, ᎯᎠ ᎠᏍᎦᏯ ᏓᏓᏂᎸᎪ ᎠᏂᏍᎦᎾᎢ, ᎠᎴ ᎢᏧᎳᎭ ᎠᎾᎵᏍᏓᏴᎲᏍᎪᎢ.
3. ᎯᎠᏃ ᏄᏪᏎ ᏚᏟᎶᏍᏔᏁᎴᎢ,
4. ᎦᎪ ᎯᎠ ᏥᏂᏣᏛᏅ, ᎠᏍᎪᎯᏧᏈ ᏱᏚᎾᏝᎠ ᎤᏂᏃᏕᎾ, ᎢᏳᏃ ᏌᏉ ᏳᏲᎱᏎᎸ, ᎥᏝ ᏱᏗᎬᏕᎪ ᎢᎾᎨ ᎠᏁᏙᎲ ᏐᎣᏁᎳᏍᎪᎯ ᏐᎣᏁᎳᎦᎵ ᎢᏯᏂᏛ, ᎠᎴ ᏳᏲᎴᎪ ᎤᏲᎱᏎᎸᎯ, ᎬᏂ ᎠᏩᏛ?
5. ᎢᏳᏃ ᎠᏩᏛ ᎠᏃᎭᏢᎥᏍᎪᎢ ᎠᎵᎮᎵᎪᎢ.
6. ᎥᎦᎷᎩᏃ ᎤᏪᏅᏒ ᏫᏓᏯᏂᏍᎪ ᏧᎵᎢ ᎠᎴ ᎾᎥ ᎢᏳᎾᏓᎳ, ᎯᎠ ᏂᏕᎦᏪᏎᎰᎢ, ᎢᏧᎳᎭ ᎢᏓᎵᎮᎵᎩ; ᎢᏥᏩᏛᎲᏰᏃ ᎤᏃᏕᎾ ᏣᎩᏲᎱᏎᎲᎩ.
7. ᎢᏨᏲᏎᎭ, ᎾᏍᏉᏍᎩᏂ ᎤᏟᎯᏳ ᎾᎾᎵᎮᎵᎨᏍᏗ ᎦᎸᎳᏗ ᏦᏒ ᏌᏉ ᎠᏍᎦᎾ ᎦᏁᏟᏴᏍᎨᏍᏗ ᎤᏓᏅᏛᎢ, ᎡᏍᎦᏉ ᎢᏴᏛ ᏐᎣᏁᎳᏍᎪᎯ ᏐᎣᏁᎳᎦᎵ ᎢᏯᏂᏛ ᎤᎾᏓᏅᏘ ᎠᏂᏍᎦᏯ ᏧᏂᏁᏟᏴᏍᏗ ᏄᎾᎵᏍᏓᏁᎲᎾ ᏚᎾᏓᏅᏛᎢ.
8. ᎠᎴ ᎦᎪ ᎢᏳᏍᏗ ᎠᎨᏴ ᎠᏍᎪᎯ ᏱᏚᎭ ᎠᎩᏏ ᏧᎾᎬᏩᎶᏗ, ᎢᏳᏃ ᏌᏉ ᏳᏲᎱᏎᎸ, ᎥᏝ ᏯᏨᏍᏛᏍᎪ ᎠᏨᏍᏙᏗ ᎠᎴ ᏱᎬᏃᏌᏍᎪ ᎦᎵᏦᏕ, ᎠᎴ ᎤᎵᏏᎾᎯᏍᏗ ᏳᏲᎰ ᎬᏂ ᎠᏩᏛ?
9. ᎢᏳᏃ ᎠᏩᏛ ᏫᏓᏯᏂᏍᎪ ᏧᎵᎢ ᎠᎴ ᎾᎥ ᎢᏳᎾᏓᎳ, ᎯᎠ ᏂᎦᏪᏍᎪᎢ, ᎢᏧᎳᎭ ᎢᏓᎵᎮᎵᎩ; ᎠᎩᏩᏛᎲᏰᏃ ᎠᏕᎸ ᏣᎩᏲᎱᏎᎲᎩ.
10. ᎾᏍᏉᏍᎩᏂ ᎢᏨᏲᏎᎭ ᎠᎾᎵᎮᎵᎪ ᏗᏂᎧᎿᎭᏩᏗᏙᎯ ᎤᏁᎳᏅᎯ ᏧᏤᎵᎦ ᏌᏉ ᎠᏍᎦᎾ ᎦᏁᏟᏴᎾ ᎤᏓᏅᏛᎢ.
11. ᎯᎠᏃ ᏄᏪᏎᎢ, ᎩᎶ ᎢᏳᏍᏗ ᎠᏍᎦᏯ ᎠᏂᏔᎵ ᏧᏪᏥ ᎠᏂᏍᎦᏯ ᎠᏁᎮᎢ.
12. ᎣᏂᏃ ᎡᎯ ᎯᎠ ᏄᏪᏎᎴ ᎤᏙᏓ, ᎡᏙᏓ, ᎠᏆᏤᎵ ᎢᏳᎵᏍᏙᏗ ᎨᏒ ᏧᎬᏩᎶᏗ ᏣᎲᎢ ᏍᎩᎲᏏ. ᏔᎵᏃ ᏂᏚᏪᏕᎴ ᏂᎦᎥ ᏧᎬᏩᎶᏗ ᎤᎲᎢ.
13. ᎢᏳᏍᎩᏉᏃ ᏫᏄᏒᎸ ᎤᏪᏥ ᎣᏂ ᎡᎯ ᏂᎦᏛ ᎤᏪᏟᏌᏁᎢ, ᎠᎴ ᎤᏂᎩᏎ ᎢᏅ ᏭᎶᏎᎢ, ᎾᎿᎭᏃ ᏄᏁᎸᎾ ᎡᎲᎢ ᏭᏤᏫᏙᎴ ᏧᎬᏩᎶᏗ ᎤᎲᎢ.
14. ᎠᎴ ᏂᎦᏛ ᎤᏤᏬᏅ ᎤᏣᏘ ᏚᎪᏄᎶᏎ ᎾᎿᎭᏂ, ᎿᎭᏉᏃ ᎤᎴᏅᎮ ᎤᏚᎸᎲᏁᎢ.
15. ᎤᏪᏅᏎᏃ ᎤᎵᎪᏁᎴ ᎾᎿᎭᎡᎯ ᎠᏍᎦᏯ; ᏙᏧᎶᎨᏒᏃ ᏏᏆ ᏗᎨᎶᎸ ᎤᏅᏎᎢ.
16. ᎠᎴ ᎤᏚᎵᏍᎨ ᏧᏪᏰᏍᏗᏱ ᎧᎵᏎᏥ ᎤᎾᏓᏛᏅᎯ ᏏᏆ ᎤᎾᎵᏍᏓᏴᏗ, ᎠᏎᏃ ᎥᏝ ᎩᎶ ᏱᏚᏅᏁᎮᎢ.
17. ᎤᏓᏅᏘᏌᏅᏃ ᎯᎠ ᏄᏪᏎᎢ; ᏄᏂᏣᏔ ᎨᎦᎫᏴᎡᎯ ᎨᏥᏅᏏᏓᏍᏗ ᎡᏙᏓ ᏧᏤᎵᎦ ᎤᎶᏒᏍᏔᏅᎯ ᎤᏂᎭ ᎤᎾᎵᏍᏓᏴᏗ, ᎠᏴᏃ ᎠᎪᏄᏉ ᎠᎩᎯᎭ!
18. ᏙᏓᎦᎴᏂ, ᎡᏙᏓ ᏮᏓᏥᎷᏤᎵ, ᎯᎠ ᏫᏅᏓᏥᏪᏎᎵ; ᎡᏙᏓ, ᎦᎸᎳᏗ ᏥᏍᎦᏅᏤᎸ, ᎠᎴ ᏂᎯ ᎯᎦᏔᎲᎢ.
19. ᎠᎴ ᎥᏝ ᎿᎭᏉ ᏰᎵ ᎠᏇᏥ ᎨᏍᏉᏎᏗ ᏱᎩ; ᏘᏅᏏᏓᏍᏗᏉ ᏔᎫᏴᎡᎯ ᏄᎾᏍᏛ ᎾᏍᎩᏯ ᏂᏍᏋᎦ.
20. ᎠᎴ ᏚᎴᏁ ᎤᏙᏓ ᏭᎷᏤᎴᎢ. ᎠᏎᏃ ᎠᏏ ᎢᏅᎯᏳ ᏣᎢᏎᎢ ᎤᏙᏓ ᏭᎪᎮᎢ, ᎠᎴ ᎤᏪᏙᎵᏤᎢ, ᎠᎴ ᏚᏍᏆᎸᏔᏁᎢ, ᎠᎴ ᎠᎩᎵᎨᏂ ᎤᏪᏯᎸᏤᎢ, ᎠᎴ ᎤᏔᏪᏙᏁᎢ.
21. ᎤᏪᏥᏃ ᎯᎠ ᏄᏪᏎᎴᎢ; ᎡᏙᏓ, ᎦᎸᎳᏗ ᏥᏍᎦᏅᏤᎸ, ᎠᎴ ᏂᎯ ᎯᎦᏔᎲᎢ; ᎠᎴ Ꮭ ᎿᎭᏉ ᎠᏇᏥ ᎨᏍᏉᏎᏗ ᏱᎩ.
22. ᎠᏎᏃ ᎤᏙᏓ ᎯᎠ ᏂᏚᏪᏎᎴ ᏧᏅᏏᏓᏍᏗ; ᎣᏌᏂ ᎠᏄᏬ ᏫᏥᎾᎩ, ᎡᏥᏄᏬᏣ, ᎠᎴ ᎡᏥᏰᏑᏍᏙᎦ, ᎠᎴ ᏤᏣᎳᏑᎸᎦ.
23. ᎠᎴ ᎦᎵᏦᏔᏅᎯ ᏩᎦ ᎠᎩᎾ ᏫᏥᏯᏅ, ᎠᎴ ᎡᏥᎷᎦ; ᎠᎴ ᎢᏓᎵᏍᏓᏴᎲᎦ, ᎣᏍᏛ ᎢᏓᏓᏅᏓᏓ.
24. ᎯᎠᏰᏃ ᎠᏇᏥ ᎤᏲᎱᏒᎯ ᎨᏒᎩ, ᏔᎵᏁᏃ ᎢᎡᎭ, ᎠᎴ ᎡᏓᏠᏨᎯ ᎨᏒᎩ, ᎢᎠᏥᏩᏛᎲᏃ; ᎤᎾᎴᏅᎮᏃ ᎣᏍᏛ ᎤᎾᏓᏅᏓᏕᎢ.
25. ᎤᏓᏂᎵᎨᏃ ᎤᏪᏥ ᏠᎨᏏ ᏪᏙᎮᎢ; ᏗᎤᏪᏅᏃ ᎠᎴ ᎠᏓᏁᎸ ᎾᎥ ᎤᎷᏨ, ᏓᏂᏃᎩᏍᎬ ᎠᎴ ᎠᎾᎵᏍᎩᏍᎬ ᎤᏛᎦᏁᎢ
26. ᏭᏯᏅᎮᏃ ᎠᏏᏴᏫ ᎠᏥᏅᏏᏓᏍᏗ, ᎠᎴ ᎤᏛᏛᏁ ᎤᏰᎸᏛ ᎾᏍᎩ ᎾᎾᏛᏁᎲᎢ.
27. ᎾᏍᎩᏃ ᎯᎠ ᏄᏪᏎᎴᎢ; ᎡᏣᏅᏟ ᎤᎷᏨ, ᏣᏙᏓᏃ ᎦᎵᏦᏔᏅᎯ ᏩᎦ ᎠᎩᎾ ᎤᎸ, ᏙᎯᏱ ᎤᎾᏄᎪᏥᎸ ᎢᏳᏍᏗ.
28. ᎤᏔᎳᏬᏎᏃ, ᎠᎴ ᏫᏄᏴᎸᎾᏉ ᎨᏎᎢ; ᎾᏍᎩ ᎢᏳᏍᏗ ᎤᏙᏓ ᏧᏄᎪᏤ ᎤᏍᏗᏰᏔᏁᎢ.
29. ᎤᏁᏨᏃ ᎯᎠ ᏄᏪᏎᎴ ᎤᏙᏓ; ᎬᏂᏳᏉ ᎤᏣᏔ ᎾᏕᏘᏴ ᎬᏍᏕᎸᎯᏓ, ᎠᎴᎥᏝ ᎢᎸᎯᏳ ᎾᏉᎯᏳᏅᎾ ᏱᎩ ᏣᏁᏨᎢ, ᎠᏎᏃ ᎥᏝ ᎢᎸᎯᏳ ᎠᏫ-ᎠᎩᎾ ᎠᏎᏄᎸᎯ ᏱᏍᎩᎧᏁᎶᎢ, ᎣᏍᏛ ᎣᎦᏓᏅᏓᏗᏍᏙᏗ ᏗᏆᎵᎢ.
30. ᎯᎠᏍᎩᏂ ᏤᏥ ᎤᎷᏦᏅᎯᏉ, ᎾᏍᎩ ᏣᏒᏁᎸᎯ ᏧᎬᏩᎶᏗ ᎠᏂᎨᏴᎯ ᎤᏂᏁᎫᏥᏛ ᎤᏪᎳᏗᏙᎸᎢ, ᎢᎯᎡᎸ ᎦᎵᏦᏔᏅᎯ ᏩᎦ ᎠᎩᎾ.
31. ᎯᎠᏃ ᏄᏪᏎᎴᎢ; ᎠᏇᏥ, ᏂᎪᎯᎸᏉ ᎢᏧᎳᎭ ᎢᏂᏁᎸ, ᎠᎴ ᏣᏤᎵᏉ ᏂᎦᎥ ᎠᎩᎾᎥᎢ.
32. ᏚᏳᎪᏛᎩ ᎣᏍᏛ ᎢᎦᏓᏅᏓᏗᏍᏗᏱ, ᎠᎴ ᎢᎩᎵᎮᎵᏍᏗᏱ; ᎯᎠᏰᏃ ᎡᏣᏅᏟ ᎤᏲᎱᏒᎯ ᎨᏒᎩ, ᏔᎵᏁᏃ ᎢᎡᎭ, ᎠᎴ ᎡᏓᏠᏨᎯ ᎨᏒᎢ, ᎢᎠᏥᏩᏛᎲᏃ.

== Luke 16 ==
1. ᎠᎴ ᎾᏍᏉ ᎯᎠ ᏂᏚᏪᏎᎴ ᎬᏩᏍᏓᏩᏗᏙᎯ, ᎩᎶ ᎢᏳᏍᏗ ᎡᎮ ᎤᏪᎿᎭᎢ ᎠᏍᎦᏯ ᎾᏍᎩ ᎤᏪᎧᎮ ᎤᎦᏌᏯᏍᏗᏕᎩ ᎤᎿᎭᎥᎢ; ᎠᎴ ᎾᏍᎩ ᎠᏥᎳᏫᏎᎲ ᏧᎬᏩᎶᏗ ᎤᏓᏤᏪᎸ ᎠᏥᏃᏁᎴᎢ.
2. ᏭᏯᏅᎮᏃ ᎯᎠ ᏄᏪᏎᎴᎢ, ᎦᏙ ᏗᎦᎵᏍᏙᏗᎭ ᏥᏄᏍᏗ ᏥᎬᏯᏛᎩᎭ? ᎬᏂᎨᏒ ᏅᎦ ᏄᏍᏛ ᏕᏣᎸᏫᏍᏓᏁᎸ ᏣᎦᏌᏯᏍᏗᏕᎩ ᎨᏒᎢ; ᎪᎯᏰᏃ ᎢᏳᏓᎴᏅᏛ ᎥᏝ ᎿᎭᏉ ᏣᎦᏌᏯᏍᏗᏕᎩ ᏱᎨᏎᏍᏗ.
3. ᎤᎦᏌᏯᏍᏗᏕᎩᏃ ᎯᎠ ᏄᏪᏎ ᎤᏩᏒ ᏧᏓᏅᏛᎢ, ᎦᏙ ᏓᎦᏛᏁᎵ, ᎠᎩᏅᏏᏙᎯᏰᏃ ᎠᎩᎩᎡᎭ ᎠᏆᎦᏌᏯᏍᏗᏕᎩ ᎨᏒᎢ? ᏝᏃ ᏰᎵ ᎬᏆᏍᎪᏍᏗ ᏱᎩ; ᎠᏆᏚᎳᏗᏓᏍᏗᏱᏃ ᎢᎦᏕᎣᏍᎦ.
4. ᏕᎫᎪᏓ ᎢᏯᏆᏛᏁᏗᏱ, ᎾᏍᎩ ᎥᎩᏌᏕᏒ ᎠᏆᎦᏌᏯᏍᏗᏕᎩ ᎨᏒ ᏗᎦᎬᏆᏓᏂᎸᎢᏍᏗ ᎢᏳᎵᏍᏙᏗᏱ ᏓᏂᏁᎸᎢ.
5. ᎰᏩᏃ ᏫᏚᏯᏅᎮ ᏂᎦᏛ ᎤᏅᏏᏙᎯ ᏧᏚᎩ, ᎢᎬᏱᏱᏃ ᎯᎠ ᏄᏪᏎᎴᎢ, ᎢᎳᎪ ᎢᎦᎢ ᏣᏚᎦ ᎠᎩᏅᏏᏙᎯ.
6. ᎯᎠᏃ ᏄᏪᏎᎢ, ᎠᏍᎪᎯᏧᏈ ᎢᏳᏟᎶᏛ ᎪᎢ. ᎯᎠᏃ ᏄᏪᏎᎢ, ᎯᎾᎩ ᎪᏪᎵ ᎡᏣᏚᎬᎢ, ᎠᎴ ᏄᎳ ᎯᎲᎦ, ᎠᎴ ᎯᏍᎩᏍᎪᎯ ᎰᏪᎸᎦ.
7. ᏅᏩᏓᎴᏃ ᎯᎠ ᏄᏪᏎᎴᎢ, ᏂᎯᎾ ᎢᎳᎪ ᎡᏣᏚᎦ? ᎯᎠᏃ ᏄᏪᏎᎢ, ᎠᏍᎪᎯᏧᏈ ᎢᏳᏟᎶᏛ ᎤᏣᎴᏍᏗ. ᎯᎠᏃ ᏄᏪᏎᎴᎢ, ᎯᎾᎩ ᎪᏪᎵ ᎡᏣᏚᎬᎢ, ᎠᎴ ᏁᎳᏍᎪᎯ ᎰᏪᎸᎦ.
8. ᎤᎾᏜᏓᎢᏃ ᎤᎸᏉᏔᏁ ᏂᏚᏳᎪᏛᎾ ᎢᏯᏛᎾᎯ ᎤᎦᏌᏯᏍᏗᏕᎩ, ᎤᏗᎦᎵᏍᏙᏍᎨ ᎤᏏᎾᏌᏅᏨᎢ; ᎡᎶᎯᏰᏃ ᏧᏪᏥ ᎤᏅᏒ ᎠᏁᎲᎢ, ᎤᏟ ᎾᏂᏏᎾᏌᏅ ᎡᏍᎦᏉ ᎢᎦᎦᏘ ᏧᏪᏥ.
9. ᎠᎴ ᎢᏨᏲᏎᎭ, ᎢᏣᎵᎢᏓ ᎤᏓᎵᏓᏍᏗ ᎨᏅᎢᏍᏗ ᎨᏒᎢ; ᎾᏍᎩ ᎡᏍᎦ ᏂᏣᎵᏍᏓᏁᎸ ᎤᎵᏍᏆᏗᏍᏗ ᏂᎨᏒᎾ ᏩᏕᏗᏱ ᎨᏒ ᎦᎨᏣᏓᏂᎸᎢᏍᏗ ᎨᏎᏍᏗ.
10. ᎩᎶ ᏚᏳᎪᏛ ᎢᏯᏛᏁᎯ ᎦᏲᎵ ᎨᏒᎢ, ᎾᏍᏉ ᏚᏳᎪᏛ ᎾᏛᏁᎰ ᎤᎪᏗᏗ ᎨᏒᎢ; ᏂᏚᏳᎪᏛᎾᏃ ᎢᏯᏛᏁᎯ ᎤᏍᏗ ᎨᏒ, ᎾᏍᏉ ᏂᏚᏳᎪᏛᎾ ᎾᏛᏁᎰ ᎤᎪᏗᏗ ᎨᏒᎢ.
11. ᎾᏍᎩ ᎢᏳᏍᏗ ᎢᏳᏃ ᏚᏳᎪᏛ ᏂᏣᏛᏁᎲᎾ ᎢᎨᏎᏍᏗ ᎤᏓᎵᏓᏍᏗ ᎨᏅᎢᏍᏗ ᎨᏒ ᎪᎱᏍᏗ ᎢᏨᏗᏍᎬᎢ, ᎦᎪ ᏱᏥᎦᏘᏗᏍᏓ ᏄᏓᎵᏓᏍᏛᎾ ᎨᏅᎢᏍᏗ ᎨᏒᎢ?
12. ᎢᏳᏃ ᏚᏳᎪᏛ ᏂᏣᏛᏁᎸᎾ ᏱᎩ ᏅᏩᏓᎴ ᎤᏤᎵᎦ ᎨᏒᎢ, ᎦᎪ ᏓᏥᏁᎵ ᎢᏨᏒ ᎢᏣᏤᎵ ᎨᏒᎢ?
13. ᎥᏝ ᎩᎶ ᎠᏥᏅᏏᏓᏍᏗ ᏰᎵ ᎠᏂᏔᎵ ᎬᏩᏅᏏᏙᎯ ᎪᎱᏍᏗ ᏱᏙᎬᏛᏂᏏ; ᏱᎠᏍᎦᎦᏰᏃ ᏌᏉ ᏱᎤᎨᏳᎭᏃ ᏐᎢ; ᏱᏙᎤᏂᏴᏆᎴ ᏌᏉ ᏱᎦᏂᏆᏘᎭᏃ ᏐᎢ. ᏝᏍᎩᏂ ᏰᎵ ᎤᏁᎳᏅᎯ ᎠᎴ ᎹᎹᏂ ᎪᎱᏍᏗ ᏱᏙᎨᏣᏛᏂᏏ.
14. ᎠᏂᏆᎵᏏᏃ ᎾᏍᏉ, ᎾᏍᎩ ᎠᏕᎸ ᎤᏂᎬᎥᏍᎩ ᏥᎨᏎᎢ, ᎾᏍᎩ ᎯᎠ ᏂᎦᏛ ᎤᎾᏛᎦᏁᎢ; ᎠᎴ ᎬᏩᏕᎰᏔᏁᎢ.
15. ᎯᎠᏃ ᏂᏚᏪᏎᎴᎢ, ᏂᎯ ᎧᏂ ᏚᏳᎪᏛ ᎢᏣᏛᏁᎯ ᏅᏩᏍᏙᎢ ᏴᏫ ᎠᏂᎦᏔᎲᎢ; ᎤᏁᎳᏅᎯᏍᎩᏂ ᏓᎦᏔᎭ ᏗᏥᎾᏫ; ᎾᏍᎩᏰᏃ ᎦᎸᏉᏗᏳ ᏧᏂᏰᎸᏐ ᏴᏫ, ᎤᏂᏆᏘᏍᏗᏳ ᎤᏁᎳᏅᎯ ᏓᎧᏂᏍᎬᎢ.
16. ᏗᎧᎿᎭᏩᏛᏍᏗ ᎠᎴ ᎠᎾᏙᎴᎰᏍᎩ ᏕᏤᎲᎩ ᏣᏂ ᎤᎾᏄᎪᏥᎸ ᎢᏯᏍᏗ; ᎾᎯᏳ ᏅᏓᎬᏩᏓᎴᏅᏛ ᎤᏁᎳᏅᎯ ᎤᎬᏫᏳᎯ ᎨᏒ ᎠᏂᏃᎮᎭ ᎠᎾᎵᏥᏙᎲᏍᎦ, ᎠᎴ ᎾᏂᎥ ᏴᏫ ᎠᎾᏁᎷᎩ ᎠᏂᏴᎯᎭ.
17. ᎠᎴ ᎤᏟ ᎠᎯᏗᏳ ᎦᎸᎶᎢ ᎠᎴ ᎡᎶᎯ ᎤᏂᎶᏐᎲᏍᏗᏱ, ᎠᏃ ᏌᏉ ᎤᏍᏗᎧᏂ ᏗᎧᎿᎭᏩᏛᏍᏗ ᎡᏍᎦ ᎢᏳᎵᏍᏙᏗᏱ.
18. ᎩᎶ ᎤᏓᎵᎢ ᎢᎠᏓᎡᎨᏍᏗ, ᎠᎴ ᏅᏩᏓᎴ ᎠᏓᏰᎨᏍᏗ, ᎠᏓᏲᏁᎮᏍᏗ; ᎩᎶᏃ ᎠᎦᏓᎢᏅᏛ ᎠᏓᏰᎨᏍᏗ ᎠᏓᏲᏁᎮᏍᏗ.
19. ᎩᎶ ᎢᏳᏍᏗ ᎠᏍᎦᏯ ᎤᏪᎿᎭᎢ ᎡᎮᎢ, ᎩᎦᎨ ᎠᎴ ᎤᏏᏙᎵ ᏙᎴᏛ ᏗᏄᏬ ᏓᏄᏬᏍᎨᎢ, ᎠᎴ ᏂᏓᏙᏓᏈᏒ ᎣᏍᏛ ᏓᎵᏍᏓᏴᎲᏍᎨᎢ.
20. ᎠᎴ ᎾᏍᏉ ᎡᎮ ᎩᎶ ᎢᏳᏍᏗ ᎤᏲ ᎢᏳᏛᎿᎭᏕᎩ ᎳᏏᎳ ᏧᏙᎢᏛ, ᎾᏍᎩ ᎠᏥᏂᏏᏁ ᎤᏪᎿᎭᎢ ᎤᏤᎵ ᎦᎶᎯᏍᏗᏱ, ᏧᏥᏓᎳ ᎨᏎᎢ,
21. ᎠᎴ ᎤᏚᎵᏍᎨ ᎠᎨᎳᏍᏙᏗᏱ ᎤᏅᎪᎣᏒᎯ ᎤᏪᎿᎭᎢ ᎤᏪᏍᎩᎸᎢ; ᎠᎴ ᎾᏍᏉ ᎩᎵ ᎤᏂᎷᏤ ᏚᏂᎦᎾᏕ ᏚᏥᏓᎸᎢ.
22. ᎯᎠᏃ ᏄᎵᏍᏔᏁᎢ; ᎾᏍᎩ ᎤᏲ ᎢᏳᏛᎿᎭᏕᎩ ᎤᏲᎱᏎᎢ, ᎠᎴ ᏗᏂᎧᎿᎭᏩᏗᏙᎯ ᎬᏩᏅᏎ ᎡᏆᎭᎻ ᎦᏁᏥᎢ ᏫᎬᏪᎧᏁᎢ. ᎤᏪᎿᎭᎢᏃ ᎾᏍᏉ ᎤᏲᎱᏎᎢ ᎠᎴ ᎠᏥᏂᏌᏁᎢ.
23. ᎠᎴ ᏨᏍᎩᏃᎢ ᏚᏌᎳᏓᏁ ᏗᎦᏙᎵ ᎠᎩᎵᏲᎨᎢ, ᎠᎴ ᎾᎿᎭᎢᏅ ᏭᎪᎮ ᎡᏆᎭᎻ, ᎠᎴ ᎳᏏᎳ ᎡᏆᎭᎻ ᎦᏁᏥᎢ.
24. ᎠᎴ ᎤᏪᎷᏁ ᎯᎠ ᏄᏪᏎᎢ; ᎡᏙᏓ ᎡᏆᎭᎻ, ᏍᎩᏙᎵᎩ, ᎠᎴ ᎡᎯᏅᎵ ᎳᏏᎳ, ᎠᎴ ᎾᏍᎩ ᎤᏍᎪᎵ ᎦᏰᏌᏛ ᎠᎼᎯ ᏩᎱᏓ, ᎠᎴ ᏩᎩᏙᎣᎸᏍᏓᏏ ᏥᏃᎪᎢ; ᏥᎩᎵᏲᎦᏰᏃ ᎠᏂ ᎠᏓᏪᎵᎩᏍᎬᎢ.
25. ᎠᏎᏃ ᎡᏆᎭᎻ ᎯᎠ ᏄᏪᏎᎢ; ᎠᏇᏥ, ᎭᏅᏓᏓ, ᏂᎯ ᎠᏏ ᏣᎴᏂᏙᎲᎩ ᎯᏩᏘᏍᎬ ᏣᏤᎵᎦ ᎣᏍᏛ, ᎠᎴ ᎳᏏᎳ ᎾᏍᏉ ᎠᏩᏘᏍᎬᎩ ᎤᏤᎵᎦ ᎤᏲᎢ. ᎠᏎᏃ ᎿᎭᏉ ᎠᏥᏄᏬᎯᏍᏔᏅ, ᏂᎯᏃ ᎢᎯᎩᎵᏲᎦ.
26. ᎠᎴᏃ ᎾᏍᏉ ᎠᏴ ᎣᏤᎲ ᏂᎯᏃ ᎢᏤᎲ ᎾᎿᎭᎠᏰᎵ ᎨᏒ ᎡᏉᎯᏳ ᎤᏜᏓᏅᏛᎢ ᎪᏢᎭ, ᎾᏍᎩ ᎢᏳᏍᏗ ᎩᎶ ᏳᎾᏚᎵᎭ ᎠᏂ ᎤᎾᏓᎴᏍᏗᏱ ᏗᏤᎲ ᏭᏂᎶᎯᏍᏗᏱ, ᎥᏝ ᏰᎵ ᏱᏅᎬᎾᏛᎦ, ᎠᎴ ᎾᏍᏉ ᎠᏂ ᎣᏤᎲᎢ ᎥᏝ ᏴᎬᏂᎷᎩ ᎾᎿᎭᏅᏓᏳᏂᎶᎯᏍᏗᏱ ᏳᎾᏚᎵᎭ.
27. ᎯᎠᏃ ᏄᏪᏎᎢ; ᎠᏗᎾ ᎡᏙᏓ, ᎬᏔᏲᏎᎭ, ᎯᏅᏍᏗᏱ ᎡᏙᏓ ᏗᎦᏁᎸᎢ;
28. ᎯᏍᎩᏰᏃ ᎾᏂᎥ ᎣᏣᎵᏅᏟ ᎠᏁᎭ; ᎾᏍᎩᏃ ᏱᏫᏕᎧᏃᎲᏏ ᎾᏍᏉᏰᏃ ᎠᏂ ᎠᎩᎵᏲᎢᏍᏗᏱ ᎨᏒ ᏯᏂᎷᎩ.
29. ᎡᏆᎭᎻ ᎯᎠ ᏄᏪᏎᎴᎢ; ᎼᏏ ᎠᎴ ᎠᎾᏙᎴᎰᏍᎩ ᏚᏁᎭ; ᎾᏍᎩ ᏫᏓᎾᏛᏓᏍᏓᏏ.
30. ᎯᎠᏃ ᏄᏪᏎᎢ, ᏞᏍᏗ ᎡᏙᏓ ᎡᏆᎭᎻ, ᎢᏳᏍᎩᏂ ᎩᎶ ᎤᏲᎱᏒᎯ ᏱᏭᏂᎷᏤᎸ ᎠᏎ ᏱᏓᏂᏁᏟᏴᎾ ᏓᎾᏓᏅᏛᎢ.
31. ᎠᏎᏃ ᎯᎠ ᏄᏪᏎᎴᎢ; ᎢᏳᏃ ᏂᏓᎾᏛᏓᏍᏓᏁᎲᎾ ᏱᎩ ᎼᏏ ᎠᎴ ᎠᎾᏙᎴᎰᏍᎩ, ᎥᏝ ᎾᏍᏉ ᏴᎬᏃᎯᏳᎲᎦ, ᎾᏍᏉ ᎩᎶ ᎤᏲᎱᏒᎯ ᏱᏚᎴᏅ.

== Luke 17 ==
1. ᎿᎭᏉᏃ ᎯᎠ ᏂᏚᏪᏎᎴ ᎬᏩᏍᏓᏩᏗᏙᎯ, ᎠᏎ ᏗᏓᏙᏕᏍᏗᏍᎩ ᎤᎾᏄᎪᎢᏍᏗ; ᎠᏎᏃ ᎤᏲᎢᏳ ᎢᏳᎵᏍᏓᏁᏗ ᎾᏍᎩ Ꮎ ᎤᎾᏄᎪᏫᏒᎯ!
2. ᎤᏟ ᎣᏏᏳ ᎢᏳᎵᏍᏓᏁᏗ ᏱᎨᏎ ᏅᏯ ᎠᏍᏙᏍᎩ ᏯᏥᏯᏝᏁᎢ, ᎠᎴ ᎠᎺᏉᎯ ᏱᏩᎦᏓᎢᏅᏎᎢ, ᎠᏃ ᎯᎠ ᎠᏏᏴᏫ ᏧᎾᏍᏗ ᎨᏒ ᏧᏬᏕᏍᏗᏱ.
3. ᎢᏨᏒ ᎢᏣᏓᏯᏫᏍᎨᏍᏗ. ᎢᏳᏃ ᏗᏍᏓᏓᏅᏟ ᎢᏣᏍᎦᏅᏤᎮᏍᏗ, ᎯᎬᏍᎪᎸᎥᏍᎨᏍᏗ; ᎢᏳᏃ ᎤᏲ ᎢᏯᏰᎸᏍᎨᏍᏗ, ᎯᏯᏙᎵᎨᏍᏗ.
4. ᎢᏳ ᎠᎴ ᎦᎵᏉᎩ ᏂᏣᏍᎦᏅᏤᎮᏍᏗ ᏏᎦ ᎨᏒ, ᎠᎴ ᎦᎵᏉᎩ ᏂᏣᎷᏤᎮᏍᏗ ᏏᎦ ᎨᏒ, ᎯᎠ ᏂᏣᏪᏎᎮᏍᏗ, ᎤᏲ ᎠᎩᏰᎸᎭ, ᎠᏎ ᎯᏯᏙᎵᎨᏍᏗᏉ.
5. ᎨᏥᏅᏏᏛᏃ ᎯᎠ ᏄᏂᏪᏎᎴ ᎤᎬᏫᏳᎯ, ᏍᎩᏁᏉᏏ ᎣᎪᎯᏳᏒᎢ.
6. ᎤᎬᏫᏳᎯᏃ ᎯᎠ ᏄᏪᏎᎢ, ᎢᏳᏃ ᎠᏥᎸ-ᎤᎦᏔ ᏥᏂᎬ ᎢᎩᏛ ᎪᎯᏳᏗ ᎨᏒ ᏱᏥᎭ, ᎯᎠ ᏱᏂᏥᏪᏏ ᎯᎠ ᎫᏩ-ᏧᏁᎬ ᏥᏡᎦ, ᏫᏕᏣᎾᏍᏕᏢᏓ, ᎠᎴ ᎠᎺᏉᎯ ᏪᏣᎧᎲᎦ, ᎠᎴ ᏱᏦᎯᏳᎲᎦ.
7. ᎠᏎᏃ ᎦᎪ ᎯᎠ ᏥᏂᏣᏛᏅ, ᎡᏥᏅᏏᏓᏍᏗ ᏱᎦᏓᎷᎩᎭ, ᎠᎴ ᏱᎨᎶᎸᎥᏍᎦ, ᏠᎨᏏ ᏅᏓᏳᎶᏐᏅᎯ, ᎩᎳᏉ ᎢᏴᏛ ᎯᎠ ᏱᏁᏥᏪᏏ, ᎮᎾ ᏩᎵᏍᏓᏴᎲᎦ?
8. ᏝᏍᎪ ᎯᎠ ᏱᎬᏩᎬᏫᏳ ᏱᏅᎦᏰᏥᏪᏏ, ᎭᏛᏅᎢᏍᏓ ᎠᏆᎵᏍᏓᏴᏗᏱ, ᎠᎴ ᎭᏓᏠᎦ, ᎠᎴ ᏍᎩᏍᏕᎸᎯᏓ ᎦᎵᏍᏓᏴᎲᏍᎬ ᎠᎴ ᎦᏗᏔᏍᎬ ᎢᎬᎯᏛ; ᎣᏂᏃ ᏨᏒ ᎭᎵᏍᏓᏴᏅᎭ ᎠᎴ ᎭᏗᏔᎲᎭ?
9. ᎠᎦᎵᎡᎵᏤᎰᏍᎪ ᎾᏍᎩ ᎠᏥᏅᏏᏓᏍᏗ ᎾᏥᏪᏎᎸ ᏄᏛᏁᎸᎢ? ᎥᏝ ᎠᎩᏰᎸᎭ.
10. ᎾᏍᎩᏯ ᎾᏍᏉ ᏂᎯ, ᎿᎭᏉ ᏂᎦᏛ ᏄᏥᏪᏎᎸ ᏂᏣᏛᏁᎰᏅᎭ, ᎯᎠ ᏂᏥᏪᏒᎭ, ᎪᎱᏍᏗ ᎣᎬᏙᏗ ᏂᎨᏒᎾ ᎣᎩᏅᏏᏓᏍᏗ; ᎢᏲᎦᏛᏁᏗᏉ ᎨᏒ ᏃᎦᏛᏁᎸ.
11. ᎯᎠᏃ ᏄᎵᏍᏔᏁ ᎾᏍᎩ ᏥᎷᏏᎵᎻ ᏩᎦᏖᎢ, ᏌᎺᎵᏱ ᎠᎴ ᎨᎵᎵ ᎠᏰᎵ ᎤᎶᏎᎢ.
12. ᎢᎸᎯᏢᏃ ᎦᏚᎲ ᏩᏴᎯᎲᎢ ᎠᏍᎪᎯ ᎢᏯᏂᏛ ᎠᏂᏍᎦᏯ ᎠᏓᏰᏍᎩ ᏧᏂᏢᎩ ᏕᎬᏩᏠᏎᎢ, ᎢᏅ ᏧᎾᎴᏅᏁᎢ;
13. ᎠᎴ ᎤᏂᏌᎳᏓᏁ ᎠᏂᏁᎬ ᎯᎠ ᏄᏂᏪᏎᎢ, ᏥᏌ ᏔᏕᏲᎲᏍᎩ, ᏍᎩᏯᏙᎵᎩ.
14. ᏚᎪᎲᏃ, ᎯᎠ ᏂᏚᏪᏎᎴᎢ, ᎢᏤᎾ ᎠᏥᎸ-ᎠᏁᎶᎯ ᎬᏂᎨᏒ ᏫᏂᏗᏣᏛᏂᏏ. ᎯᎠᏃ ᏄᎵᏍᏔᏁᎢ, ᎠᎾᎢᏒᏉ ᏚᎾᏓᏅᎦᎸᎮᎢ.
15. ᎠᏏᏴᏫᏃ, ᎤᏙᎴᎰᏒ ᎠᏥᏅᏩᏅᎢ, ᏗᎤᏨᏎᎢ, ᎠᎴ ᎠᏍᏓᏯ ᎤᏁᏤ ᎤᎸᏉᏔᏁ ᎤᏁᎳᏅᎯ,
16. ᎠᎴ ᎤᏓᏅᏁ ᎤᎵᏯᏍᏚᏁ ᏚᎳᏍᎬ ᎾᎥᎢ, ᎠᎵᎮᎵᏤᎮᎢ. ᎠᎴ ᏌᎺᎵᏱ ᎡᎯ ᎨᏎᎢ.
17. ᏥᏌᏃ ᎤᏁᏨ ᎯᎠ ᏄᏪᏎᎢ, ᏝᏍᎪ ᎠᏍᎪᎯ ᏱᎨᏥᏅᎦᎸᎡᎢ? ᎠᏎᏃ ᏐᎣᏁᎳ ᎢᏯᏂᏛ ᎭᏢ?
18. ᎥᏝ ᏱᎨᏥᏩᏛ ᏅᏓᏳᎾᏨᏛ ᎤᏁᎳᏅᎯ ᎠᏂᎸᏉᏗᏍᎩ, ᎯᎠ ᏅᏩᏓᎴ ᏴᏫ ᎤᏩᏒ.
19. ᎯᎠᏃ ᏄᏪᏎᎴ ᎾᏍᎩ, ᏔᎴᎲᎦ, ᎠᎴ ᏥᎮᎾ; ᏦᎯᏳᏒ ᏣᏗᏫᏍᏓ.
20. ᎠᏂᏆᎵᏏᏃ ᎬᏩᏛᏛᏅ ᎢᏳᏉ ᎤᎷᎯᏍᏗᏱ ᎤᏁᎳᏅᎯ ᎤᎬᏫᏳᎯ ᎨᏒ, ᏚᏁᏤᎴᎢ, ᎯᎠ ᏄᏪᏎᎢ, ᎤᏁᎳᏅᎯ ᎤᎬᏫᏳᎯ ᎨᏒ ᎥᏝ ᎬᎪᏩᏛᏗ ᏱᎨᏎᏍᏗ ᎦᎷᏨᎭ.
21. ᎥᏝ ᎠᎴ ᎯᎠ ᏱᏂᎬᏂᏪᏍᎨᏍᏗ, ᎬᏂᏳᏉ ᎠᏂ! ᎠᎴ, ᎬᏂᏳᏉ ᎾᎿᎭᏂ! ᎬᏂᏳᏉᏰᏃ ᎤᏁᎳᏅᎯ ᎤᎬᏫᏳᎯ ᎨᏒ ᎢᏤᎳᏗᏙᎭ.
22. ᎯᎠᏃ ᏂᏚᏪᏎᎴ ᎬᏩᏍᏓᏩᏗᏙᎯ, ᏛᏍᏆᎸᎯ ᎾᎯᏳ ᎨᏒ ᎢᏣᏚᎵᏍᎨᏍᏗ ᎢᏥᎪᏩᏛᏗᏱ ᏌᏉ ᎢᎦ ᏴᏫ ᎤᏪᏥ ᎤᏤᎵᎦ, ᎠᎴ ᎥᏝ ᏴᎨᏥᎪᏩᏛ.
23. ᎠᎴ ᎯᎠ ᏂᎨᏥᏪᏎᎮᏍᏗ, ᎬᏂᏳᏉ ᎠᏂ; ᎠᎴ ᎬᏂᏳᏉ ᎾᎿᎭᏂ; ᏞᏍᏗ ᎢᏤᏅᏒᎩ, ᎠᎴ ᏞᏍᏗ ᏗᏥᏍᏓᏩᏛᏒᎩ.
24. ᎾᏍᎩᏯᏰᏃ ᎠᎾᎦᎵᏍᎩ ᏌᏉ ᎢᏗᏢ ᎦᎸᎶᎢ ᏨᏗᎦᎵᏍᎪᎢ, ᎤᏣᏘᏂᏃ ᎢᏗᏢ ᎦᎸᎶᎢ ᏥᏫᏗᎦᎸᏌᏓᏗᏍᎪᎢ; ᎾᏍᎩ ᎾᏍᏉ ᏄᏍᏕᏍᏗ ᏴᏫ ᎤᏪᏥ ᎤᏤᎵ ᎢᎦ ᎠᎵᏱᎶᎸᎭ.
25. ᎠᏎᏃ ᎢᎬᏱ ᎤᏣᏘ ᏧᏓᎴᏅᏛ ᎤᎩᎵᏲᎢᏍᏗ, ᎠᎴ ᏗᎬᏩᏲᎯᏍᏗ ᎨᏎᏍᏗ ᎪᎯ ᏣᏁᎭ.
26. ᎠᎴ ᎾᏍᎩᏯ ᏥᏄᏍᏕ ᎾᎯᏳ ᏃᏯ ᏤᎮᎢ, ᎾᏍᎩ ᎾᏍᏉ ᏄᏍᏕᏍᏗ ᎾᎯᏳ ᏴᏫ ᎤᏪᏥ ᎤᏤᎵ ᎢᎦ ᎠᎵᏱᎶᎸᎭ.
27. ᏓᎾᎵᏍᏓᏴᎲᏍᎨᎢ, ᏓᎾᏗᏔᏍᎨᎢ, ᏓᎾᏕᏒᎲᏍᎨᎢ, ᏕᎨᏥᏰᎨᎢ, ᎬᏂ ᎾᎯᏳ ᎢᎦ ᏃᏯ ᎤᏣᏅ ᏥᏳᎯ, ᎠᎴ ᎤᏃᎱᎦᏂᎸ ᎠᎴ ᏂᎦᏛ ᏚᏂᎬᏦᏅ.
28. ᎾᏍᎩᏯ ᎾᏍᏉ ᏥᏄᏍᏕ ᎾᎯᏳ ᎶᏛ ᏤᎮᎢ; ᏓᎾᎵᏍᏓᏴᎲᏍᎨᎢ ᏓᎾᏗᏔᏍᎨᎢ, ᎤᏂᏩᎡᎥᏍᎨᎢ, ᎠᏂᏃᏔᏅᎥᏍᎨᎢ, ᏓᏂᏫᏒᎥᏍᎨᎢ, ᏓᎾᏁᏍᎨᏍᎨᎢ;
29. ᎠᏎᏃ ᎾᎯᏳᏉ ᎢᎦ ᎶᏛ ᏐᏓᎻ ᎤᏄᎪᏨ, ᎦᎸᎳᏗ ᏧᎦᎿᎭᏁ ᎠᏥᎸ ᎠᎴ ᏌᎪᏂᎨ ᎠᏓᏪᎳᎩᏍᎩ, ᏂᎦᏗᏳᏃ ᏚᏂᎰᏁᎢ.
30. ᎾᏍᎩᏯ ᏄᏍᏕᏍᏗ ᎾᎯᏳ ᎢᎦ ᏴᏫ ᎤᏪᏥ ᎦᎾᏄᎪᏂᎸᎭ.
31. ᎾᎯᏳ ᎢᎦ ᎩᎶ ᎦᏌᎾᎵ ᎤᎩᎴᏍᏗ, ᎤᎿᎭᎥᏃ ᎦᎵᏦᏕ ᎠᎮᏍᏗ, ᏞᏍᏗ ᏅᏓᏳᏠᎠᏒᎩ ᎤᏫᏛᏗᏱ; ᎠᎴ ᎩᎶ ᏠᎨᏏ ᏫᎡᏙᎮᏍᏗ, ᏞᏍᏗ ᎾᏍᏉ ᏅᏓᏳᏨᏒᎩ.
32. ᎡᏣᏅᏓᏓ ᎶᏛ ᎤᏓᎵᎢ.
33. ᎩᎶ ᎤᏩᏒ ᎬᏅ ᎤᏍᏕᎸᏗᏱ ᎤᏲᎮᏍᏗ ᎤᏲᎱᏎᏗ ᎨᏎᏍᏗ; ᎩᎶᏃ ᎤᏲᎱᏎᎮᏍᏗ, ᎾᏍᎩ ᎤᏍᏕᎸᏗ ᎨᏎᏍᏗ.
34. ᎢᏤᏲᏎᎭ, ᎾᎯᏳ ᏒᏃᏱ ᎨᏎᏍᏗ ᎠᏂᏔᎵ ᏌᏉ ᎠᏤᏍᏙᎩᎯ ᏓᏂᏅᎨᏍᏗ; ᎠᏏᏴᏫ ᎠᏥᏯᏅᏗ ᎨᏎᏍᏗ, ᏐᎢᏃ ᎠᏥᎧᎯᏯᏍᏗ ᎨᏎᏍᏗ.
35. ᎠᏂᏔᎵ ᎠᏂᎨᏴ ᎢᏧᎳᎭ ᎠᏂᏍᏙᏍᎨᏍᏗ; ᎠᏏᏴᏫ ᎠᏥᏯᏅᏗ ᎨᏎᏍᏗ, ᏐᎢᏃ ᎠᏥᎧᎯᏯᏍᏗ ᎨᏎᏍᏗ.
36. ᎠᏂᏔᎵ ᏠᎨᏏ ᎠᏁᏙᎮᏍᏗ; ᎠᏏᏴᏫ ᎠᏥᏯᏅᏗ ᎨᏎᏍᏗ, ᏐᎢᏃ ᎠᏥᎧᎯᏯᏍᏗ ᎨᏎᏍᏗ.
37. ᎤᏂᏁᏨᏃ ᎯᎠ ᏂᎬᏩᏪᏎᎴᎢ, ᎭᏢ, ᏣᎬᏫᏳᎯ? ᎯᎠᏃ ᏂᏚᏪᏎᎴᎢ, ᎢᎸᎯᏢ ᎪᎱᏍᏗ ᎤᎵᏬᏨᎯ ᏥᎦᏃᎢ, ᎾᎿᎭᎠᏬᎭᎵ ᎠᎾᏓᏟᏏᏍᎪᎢ.

== Luke 18 ==
1. ᏚᏟᎶᏍᏓᏁᎴᏃ, ᎯᎠ ᏄᏍᏕ ᎤᎬᏩᎴᎢ, ᎾᏍᎩ ᏴᏫ ᏂᎪᎯᎸ ᎤᎾᏓᏙᎵᏍᏙᏗᏱ, ᎠᎴ ᏧᏂᏯᏪᎢᏍᏗ ᏂᎨᏒᎾ;
2. ᎯᎠ ᏄᏪᏎᎢ, ᎡᎮ ᏗᎫᎪᏗᏍᎩ ᎢᎸᎯᏢ ᎦᏚᎲᎢ, ᎾᏍᎩ ᎤᏁᎳᏅᎯ ᏂᎦᎾᏰᏍᎬᎾ, ᎠᎴ ᏴᏫ ᏂᏚᏁᎶᏛᎾ;
3. ᎠᎴ ᎤᏬᏑᎶᏨᎯ ᎾᎿᎭᎦᏚᎲ ᎡᎮᎢ; ᎾᏍᎩᏃ ᎤᎷᏤᎴᎢ, ᎯᎠ ᏂᎦᏪᏍᎨᎢ, ᏚᏳᎪᏛ ᏂᏍᎩᎾᏛᏂᏏ ᏦᏍᏓᏓᏱᎵᏙᎯ.
4. ᎠᏎᏃ ᎤᏉᏌᏁ ᎢᎸᏍᎩ ᎢᎪᎯᏛ; ᎣᏂᏍᎩᏂ ᎯᎠ ᏂᎤᏪᏎ ᎤᏩᏒ ᏧᏓᏅᏛᎢ, ᏝᏍᎩᏂᏃᏅ ᏱᏥᎾᏰᏍᎦ ᎤᏁᎳᏅᎯ, ᎠᎴ ᎥᏝ ᏱᏗᏥᏯᏁᎶᏗ ᏴᏫ;
5. ᎠᏎᏃ ᎯᎠ ᎤᏬᏑᎶᏨᎯ ᏣᏆᏕᏯᏙᏗᎭ ᏅᏓᎦᎵᏍᏙᏔᏂ ᏚᏳᎪᏛ ᏅᏓᏥᏯᏛᏁᎵ, ᏂᎪᎯᎸᏰᏃ ᎦᎷᎬ ᏱᏓᎩᏯᏪᎢᏍᏓ.
6. ᎤᎬᏫᏳᎯᏃ ᎯᎠ ᏄᏪᏎᎢ, ᎢᏣᎦᏌᏯᏍᏓ ᏂᏚᏳᎪᏛᎾ ᎢᏯᏛᏁᎯ ᏗᎫᎪᏗᏍᎩ ᏂᎦᏪᏍᎬᎢ.
7. ᏝᏍᎪᏃ ᎤᏁᎳᏅᎯ ᏚᏳᎪᏛ ᏱᏂᏙᎬᏛᏂᏏ ᎤᏩᏒ ᏧᏤᎵ ᎨᎦᏑᏴᏛ, ᎾᏍᎩ ᏗᎬᏩᎩᏨᏗ ᏥᎬᏩᏓᏙᎵᏍᏓᏁᎭ, ᎾᏍᏉ ᎪᎯᏗᏳ ᏱᏓᏙᎯᏕᎭ?
8. ᎢᏨᏲᏎᎭ ᏞᎩᏳ ᏙᏓᎫᎴᏏ. ᎠᏎᏃ, ᏴᏫ ᎤᏪᏥ ᎦᎷᏨᎭ, ᎪᎯᏳᏗᏍᎪ ᎨᏒ ᏛᏩᏛᎯ ᎡᎶᎯ?
9. ᎯᎠᏃ ᏚᏟᎶᏍᏓᏁᎴ ᎩᎶ ᎢᏳᎾᏍᏗ ᎤᏅᏒ ᎠᎾᏓᎸᏉᏗᏍᎩ, ᎾᏂᏍᎦᏅᎾ ᎤᎾᏤᎸᎯ, ᎤᏩᎾᏓᎴᏃ ᏅᎵᏌᎵ ᏗᏂᏰᎸᏍᎩ.
10. ᎠᏂᏔᎵ ᎠᏂᏍᎦᏯ ᎤᏛᎾ-ᏗᎦᎳᏫᎢᏍᏗᏱ ᎤᎾᏓᏙᎵᏍᏔᏅᏎᎢ, ᎠᏏᏴᏫ ᎠᏆᎵᏏ ᎨᏎᎢ, ᏐᎢᏃ ᎠᏕᎸ-ᎠᎩᏏᏙᎯ.
11. ᎠᏆᎵᏏ ᎤᎴᏁ ᎤᏩᏒ ᎨᏒᎢ ᎤᏓᏙᎵᏍᏔᏁ ᎯᎠ ᏄᏪᏎᎢ; ᏣᏁᎳᏅᎯ ᎬᏯᎵᎡᎵᏤᎭ ᎠᏂᏐᎢ ᏴᏫ ᏄᎾᏍᏛᎢ ᎾᏍᎩ ᎾᏆᏍᏛᎾ ᏥᎩ, ᎾᏍᎩ ᎠᏎᏉ ᎠᎾᏓᎩᎡᎯ ᏥᎩ, ᎠᎴ ᏂᏚᏳᎪᏛᎾ ᎢᏯᎾᏛᏁᎯ, ᎠᎴ ᏗᎾᏓᏲᏁᎯ, ᎠᎴ ᎾᏍᏉ ᎯᎠ ᎠᏕᎸ-ᎠᎩᏏᏙᎯ ᎾᏍᎩ ᏄᏍᏛ ᎾᏆᏍᏛᎾ ᏥᎩ.
12. ᏑᎾᏙᏓᏆᏍᏗ ᎨᏒ ᏔᎵ ᎠᎹᏟ ᏂᎬᏍᎪᎢ; ᎠᎴ ᏂᎦᎥ ᎠᎩᎾᎥ ᎠᏍᎪᎯᏁ ᎪᏣᎴᏛ ᏥᎥᏍᎪᎢ.
13. ᎠᏕᎸᏃ-ᎠᎩᏏᏙᎯ ᎢᏅ ᏧᎴᏁᎢ, ᎥᏝ ᏰᎵ ᎦᎸᎳᏗ ᏫᏗᎬᏩᎧᏃᏗ ᏱᎨᏎᎢ, ᎦᏁᏥᏉᏍᎩᏂ ᎤᏩᏂᎴᎢ, ᎯᎠ ᏄᏪᏎᎢ; ᏣᏁᎳᏅᎯ, ᏍᎩᏙᎵᎩ ᏥᏍᎦᎾᎢ.
14. ᎢᏨᏲᏎᎭ, ᎯᎠ ᎾᏍᎩ ᎠᏍᎦᏯ ᎤᏚᏓᎴᏛ ᏧᏪᏅᏒ ᏭᎶᏎᎢ, ᏐᎢᏃ ᎥᏝ. ᎩᎶᏰᏃ ᎤᏩᏒ ᎢᎠᏓᏌᎳᏗᏍᎨᏍᏗ ᎡᎳᏗ ᎢᏯᎬᏁᏗ ᎨᏎᏍᏗ, ᎩᎶᏃ ᎤᏩᏒ ᎡᎳᏗ ᏂᎠᏓᏛᏁᎮᏍᏗ ᎠᏥᏌᎳᏙᏗ ᎨᏎᏍᏗ.
15. ᎠᎴ ᎾᏍᏉ ᏕᎬᏩᏘᏃᎮᎴ ᏧᎾᏍᏗ ᏗᏂᏲᎵ, ᎾᏍᎩ ᏧᏏᏔᏗᏍᏗᏱ; ᎠᏎᏃ ᎬᏩᏍᏓᏩᏗᏙᎯ ᎤᎾᏙᎴᎰᏒ ᏚᏂᎬᏍᎪᎸᏁᎢ.
16. ᏥᏌᏃ ᏫᏚᏯᏅᎲ ᎯᎠ ᏄᏪᏎᎢ, ᎤᎾᏁᎳᎩ ᏗᏤᎵᏏ ᏗᏂᏲᎵ ᎬᎩᎷᏤᏗᏱ, ᎠᎴ ᏞᏍᏗ ᏗᏥᏅᏍᏓᏕᎸᎩ; ᎾᏍᎩᏰᏃ ᏄᎾᏍᏗ ᎾᎿᎭᎤᏁᎳᏅᎯ ᎤᎬᏫᏳᎯ ᎨᏒᎢ.
17. ᎤᏙᎯᏳᎯᏯ ᎯᎠ ᏂᏨᏪᏎᎭ, ᎩᎶ ᎤᏁᎳᏅᎯ ᎤᎬᏫᏳᎯ ᎨᏒ ᏂᏓᏓᏂᎸᎬᎾ ᎢᎨᏎᏍᏗ ᎾᏍᎩᏯ ᎠᏲᎵ ᏥᏓᏓᏂᎸᎪᎢ, ᎥᏝ ᎾᎿᎭᎤᏴᏍᏗ ᏱᎨᏎᏍᏗ.
18. ᎩᎶᏃ ᎢᏳᏍᏗ ᏄᎬᏫᏳᏌᏕᎩ ᎤᏛᏛᏁ, ᎯᎠ ᏄᏪᏎᎢ, ᎰᏍᏛ ᏔᏕᏲᎲᏍᎩ, ᎦᏙ ᏯᏆᏛᏁᎸ ᏫᎾᏍᏛᎾ ᎬᏂᏛ ᏱᏥᏩᏛ?
19. ᏥᏌᏃ ᎯᎠ ᏄᏪᏎᎴᎢ, ᎦᏙᏃ ᎰᏍᏛ ᎢᏍᏉᏎᎭ? ᎥᏝ ᎩᎶ ᎣᏍᏛ ᏱᎩ ᏌᏉ ᎤᏩᏒᎯᏳ, ᎾᏍᎩ ᎤᏁᎳᏅᎯ.
20. ᏕᎯᎦᏔᎭᏉ ᏗᎧᎿᎭᏩᏛᏍᏗ, ᏞᏍᏗ ᏣᏓᏲᏁᎸᎩ, ᏞᏍᏗ ᏣᏓᎸᎩ, ᏞᏍᏗ ᏣᏃᏍᎩᏒᎩ, ᏞᏍᏗ ᎦᏰᎪᎩ ᏣᏃᎮᎸᎩ, ᏕᎩᎸᏉᏕᏍᏗ ᏣᏙᏓ ᎠᎴ ᏣᏥ.
21. ᎯᎠᏃ ᏄᏪᏎᎢ, ᎯᎠ ᎾᏍᎩ ᏂᎦᏛ ᏓᎩᎧᎾᏩᏕᏅ ᏥᏧᏣ ᎨᏒ ᏅᏓᎬᏩᏓᎴ ᏅᏛ.
22. ᏥᏌᏃ ᎾᏍᎩ ᎯᎠ ᎤᏛᎦᏅ, ᎯᎠ ᏄᏪᏎᎴᎢ, ᎠᏏ ᏑᏓᎴᎩ ᏣᎷᎳ; ᎯᎾᏚᎦ ᏂᎦᏛ ᏣᎾᎥᎢ, ᎠᎴ ᏘᏯᏙᎯᏏ ᎤᏲ ᎢᏳᎾᏛᎿᎭᏕᎩ, ᎦᎸᎳᏗᏃ ᏫᏣᎮᏍᏗ ᏧᎬᏩᎶᏗ; ᏖᏒᏃ ᏍᎩᏍᏓᏩᏕᏒᎭ.
23. ᎾᏍᎩᏃ ᎯᎠ ᎤᏛᎦᏅ ᎤᏣᏘ ᎤᏲ ᎤᏰᎸᏁᎢ; ᎤᏣᏘᏰᏃ ᎤᏪᎿᎭᎢᏳ ᎨᏎᎢ.
24. ᏥᏌᏃ ᎤᎪᎲ ᎤᏣᏘ ᎤᏲ ᎤᏰᎸᏒᎢ, ᎯᎠ ᏄᏪᏎᎢ, ᏂᎦᎥ ᎠᏍᏓᏱᏳ ᏧᏁᎿᎭᎢ ᎤᏁᎳᏅᎯ ᎤᎬᏫᏳᎯ ᏗᎨᏒ ᏭᏂᏴᏍᏗᏱ!
25. ᎤᏟᏰᏃ ᎠᎯᏗᏳ ᎨᎻᎵ ᎤᎦᏛᎴᎯᏍᏗᏱ ᏴᎩ ᎦᏌᏁᎾᏛᏗᏱ ᎠᏃ ᎤᏪᎿᎭᎢ ᏴᏫ ᏭᏴᏍᏗᏱ ᎤᏁᎳᏅᎯ ᎤᎬᏫᏳᎯ ᏗᎨᏒᎢ.
26. ᎤᎾᏛᎦᏅᎯᏃ ᎯᎠ ᏄᏂᏪᏎᎢ, ᎦᎪᏃ ᏰᎵ ᏯᏥᏍᏕᎸ?
27. ᎯᎠᏃ ᏄᏪᏎᎢ, ᎾᏍᎩ ᏴᏫ ᏰᎵ ᎢᎬᏩᎾᏛᏁᏗ ᏂᎨᏒᎾ ᏥᎩ, ᏰᎵᏉ ᎢᎬᏩᏛᏁᏗ ᎤᏁᎳᏅᎯ.
28. ᎿᎭᏉᏃ ᏈᏓ ᎯᎠ ᏂᎤᏪᏎᎢ, ᎬᏂᏳᏉ ᎠᏴ ᏂᎦᏗᏳ ᏙᎩᏲᏐᏅ, ᎠᎴ ᎢᏨᏍᏓᏩᏕᏅ.
29. ᎯᎠᏃ ᏂᏚᏪᏎᎴᎢ, ᎤᏙᎯᏳᎯᏯ ᎯᎠ ᏂᏨᏪᏎᎭ, ᎥᏝ ᎩᎶ ᏧᏮᏕᏨᎯ ᏱᎩ ᎦᏁᎸᎢ, ᎠᎴ ᏧᎦᏴᎵᎨᎢ, ᎠᎴ ᎠᎾᎵᏅᏟ, ᎠᎴ ᎤᏓᎵᎢ, ᎠᎴ ᏧᏪᏥ, ᏅᏓᏳᎵᏍᏙᏔᏅᎯ ᎤᏁᎳᏅᎯ ᎤᎬᏫᏳᎯ ᎨᏒᎢ,
30. ᎾᏍᎩ ᎠᏥᏁᏗ ᏂᎨᏒᎾ ᎨᏒ ᎤᏣᏘ ᎢᏳᏩᎫᏗ ᎪᎯ ᎨᏒᎢ, ᏐᎢᏱᏃ ᏗᎨᏒ ᎬᏂᏛ ᏫᎾᏍᏛᎾ.
31. ᎿᎭᏉᏃ ᏔᎳᏚ ᎢᏯᏂᏛ ᎢᏴᏛ ᏫᏚᏘᏅᏍᏔᏁᎢ, ᎠᎴ ᎯᎠ ᏂᏚᏪᏎᎴᎢ, ᎬᏂᏳᏉ ᏥᎷᏏᎵᎻ ᏫᏗᎦᏘ, ᎠᎴ ᏂᎦᎥ ᏚᏃᏪᎸ ᎠᎾᏙᎴᎰᏍᎩ ᏴᏫ ᎤᏪᏥ ᎠᏥᏃᎮᏍᎬ ᎾᏍᎩ ᎢᏳᎵᏍᏙᏗ ᎨᏎᏍᏗ.
32. ᏧᎾᏓᎴᏅᏛᏰᏃ ᏴᏫ ᏙᏓᎨᏥᏲᎯᏎᎵ, ᎠᎴ ᏓᏰᎦᏕᎰᏔᏂ, ᎠᎴ ᏓᎦᏰᏥᏐᏢᏔᏂ, ᎠᎴ ᏙᏓᏰᎦᎵᏥᏍᏈ,
33. ᎠᎴ ᏓᎬᏩᎵᎥᏂᎵ, ᎠᎴ ᏓᎬᏩᎵ; ᏦᎢᏁᏃ ᎢᎦ ᏙᏛᎠᎴᎯᏌᏂ.
34. ᎠᎴ ᎯᎠ ᎾᏍᎩ ᎥᏝ ᏳᏃᎵᏤᎢ; ᎠᎴ ᎾᏍᎩ ᎯᎠ ᏄᏪᏒ ᎨᎬᏍᎦᎳᏁᎴᎢ, ᎠᎴ ᎥᏝ ᏯᏂᎦᏔᎮ ᎢᏳᏍᏗ ᎦᏛᎬ ᎾᏍᎩ ᎤᏁᏨᎢ.
35. ᎠᎴ ᎯᎠ ᏄᎵᏍᏔᏁᎢ, ᎾᏍᎩ ᏤᎵᎪ ᎾᎥ ᎤᎷᏨ, ᎩᎶ ᎢᏳᏍᏗ ᏗᎨᏫ ᏅᏃᎱᎶᏗ ᎤᏬᎴ ᎠᏚᎳᏗᏍᎨᎢ;
36. ᎤᏛᎦᏅᏃ ᎤᏂᏣᏘ ᎠᏂᎶᏍᎬ ᎤᏛᏛᏁ ᎾᏍᎩ ᎤᏰᎸᏛᎢ.
37. ᎬᏩᏃᏁᎴᏃ ᎾᏍᎩ ᏥᏌ ᎾᏎᎵᏗ ᎡᎯ ᎦᎶᏍᎬᎢ.
38. ᎤᏪᎷᏁᏃ ᎯᎠ ᏄᏪᏎᎢ, ᏥᏌ, ᏕᏫ ᎤᏪᏥ, ᏍᎩᏙᎵᎩ.
39. ᎢᎬᏱᏃ ᎠᏁᎩ ᎬᏩᎬᏍᎪᎸᏁᎢ, ᎡᎳᏪ ᎲᎾ ᎬᏬᏎᎴᎢ; ᎠᏎᏃ ᎤᏟᏉ ᎢᎦᎢ ᎤᏪᎷᏁᎢ; ᏕᏫ ᎤᏪᏥ ᏍᎩᏙᎵᎩ, ᎠᏗᏍᎨᎢ.
40. ᏥᏌᏃ ᎤᎴᏫᏍᏔᏅ ᎤᏁᏤ ᎠᎦᏘᏃᎮᏗᏱ; ᎿᎭᏉᏃ ᎾᎥ ᎤᎷᏨ ᎤᏛᏛᏁᎢ,
41. ᎯᎠ ᏄᏪᏎᎢ, ᎦᏙ ᏣᏚᎵ ᎬᏯᏛᏁᏗᏱ? ᎯᎠᏃ ᏄᏪᏎᎢ, ᏣᎬᏫᏳᎯ, ᎥᎠᎩᎪᏩᏛᏗᏱ ᎠᏆᏚᎵᎭ.
42. ᏥᏌᏃ ᎯᎠ ᏄᏪᏎᎴᎢ, ᎨᏣᎪᏩᏛᏗ ᏫᏂᎦᎵᏍᏓ; ᏦᎯᏳᏒ ᏣᏍᏕᎸ.
43. ᎩᎳᏉᏃ ᎢᏴᏛ ᎬᏩᎪᏩᏛᏗ ᏄᎵᏍᏔᏁᎢ, ᎠᎴ ᎤᏍᏓᏩᏛᏎ ᎦᎸᏉᏗᏍᎨ ᎤᏁᎳᏅᎯ; ᏂᎦᏛᏃ ᏴᏫ ᎤᏂᎪᎲ ᎤᏂᎸᏉᏔᏁ ᎤᏁᎳᏅᎯ.

== Luke 19 ==
1. ᏥᏌᏃ ᎤᏴᎴ ᎠᎴ ᎤᎶᏎ ᏤᎵᎪ.
2. ᎠᎴ ᎬᏂᏳᏉ ᎡᎮ ᎠᏍᎦᏯ ᏌᎩᏯ ᏧᏙᎢᏛ, ᎾᏍᎩ ᏄᎬᏫᏳᏒ ᎨᏎ ᎠᏕᎸᎠᎩᏏᏙᎯ, ᎠᎴ ᎤᏪᎿᎭᎢᏳ ᎨᏎᎢ.
3. ᎠᎴ ᎤᏲᎴ ᏥᏌ ᎤᎪᏩᏛᏗᏱ, ᎾᏍᎩ ᏄᏍᏛᎢ; ᎠᏎᏃ ᎤᏄᎸᏁ ᏅᏗᎦᎵᏍᏙᏗᏍᎨ ᎤᏂᏣᏘ ᎨᏒᎢ, ᎤᏍᏗᎩᏳᏰᏃ ᎨᏎᎢ.
4. ᎢᎬᏱᏃ ᏭᏗᏢᏍᏔᏅ ᎤᎸᏎ ᎫᏩᏧᏁᎬ ᏡᎬ ᎤᎪᏩᏛᏗᏱ ᎤᏚᎵᏍᎨᎢ; ᎾᎿᎭᏰᏃ ᎢᏗᏢ ᏭᎶᎯᏍᏗ ᎨᏎᎢ.
5. ᏥᏌᏃ ᎾᎿᎭᎤᎷᏨ, ᎦᎸᎳᏗ ᏫᏚᎧᎿᎭᏁᎢ, ᎠᎴ ᎤᎪᎮᎢ, ᎠᎴ ᎯᎠ ᏄᏪᏎᎴᎢ, ᏌᎩᏯ, ᏞᎩᏳ ᎡᎭᏠᎠᎯ; ᎪᎯᏰᏃ ᎢᎦ ᏥᎩ ᏘᏁᎸ ᏫᎨᏙᎮᏍᏗ.
6. ᎤᏩᏅᏤᏃ ᏗᎤᏠᎠᏎᎢ, ᎠᎴ ᎤᎵᎮᎵᏨᎯ ᏚᏓᏂᎸᏤᎢ.
7. ᎤᏂᎪᎲᏃ ᎾᏍᎩ ᏂᎦᏛ ᎤᏂᏐᏅᏤᎴᎢ, ᎯᎠ ᏄᏂᏪᏎᎢ, ᏩᏴᏢ ᏮᏛᏒᏎᎵ ᎠᏍᎦᏯ ᎠᏍᎦᎾᎢ.
8. ᏌᎩᏯᏃ ᎤᎴᏁ ᎯᎠ ᏄᏪᏎᎴ ᎤᎬᏫᏳᎯ, ᎬᏂᏳᏉ, ᏣᎬᏫᏳᎯ, ᎠᏰᎵ ᎢᎦᎢ ᏧᎬᏩᎶᏗ ᎠᎩᎲ ᎤᏲ ᎢᏳᎾᏛᎿᎭᏕᎩ ᏕᏥᎥᏏ; ᎢᏳ ᎠᎴ ᎦᏰᎪᎩ ᎠᏋᏔᏅᎯ ᏱᎩ ᎩᎶ ᎪᎱᏍᏗ ᏱᏥᎩᎡᎸ, ᏅᎩ ᎢᏳᏩᎫᏗ ᎢᎦᎢ ᏥᎥᏏ.
9. ᏥᏌᏃ ᎯᎠ ᏄᏪᏎᎴᎢ, ᎪᎯ ᎢᎦ ᎠᎵᏍᏕᎸᏙᏗ ᎨᏒ ᎦᎷᎩ ᎠᏂ ᎠᏓᏁᎸᎢ, ᏅᏗᎦᎵᏍᏙᏗ ᎾᏍᎩ ᎾᏍᏉ ᎡᏆᎭᎻ ᎤᏪᏥ ᎨᏒᎢ.
10. ᏴᏫᏰᏃ ᎤᏪᏥ ᏚᏲᎵᎸ ᎠᎴ ᏚᏍᏕᎸᎯᎸ ᎤᎾᎴᎾᎸᎯ ᏥᎨᏒᎩ.
11. ᎾᏍᎩᏃ ᎯᎠ ᎤᎾᏛᎦᏅ ᎤᏁᏉᎡ ᏚᏟᎶᏍᏓᏁᎴᎢ, ᏅᏗᎦᎵᏍᏙᏗᏍᎨ ᏥᎷᏏᎵᎻ ᎾᎥ ᎤᎷᏥᏗᏒᎢ, ᎠᎴ ᏅᏗᎦᎵᏍᏙᏗᏍᎨ ᎤᏁᎳᏅᎯ ᎤᎬᏫᏳᎯ ᎨᏒ ᎢᎬᏪᏅᏛ ᏓᎦᎾᏄᎪᏥ ᎠᏁᎵᏍᎬᎢ.
12. ᎾᏍᎩ ᎢᏳᏍᏗ ᎯᎠ ᏄᏪᏎᎢ, ᎩᎶ ᎢᏳᏍᏗ ᎠᏍᎦᏰᎬᏍᏓ ᎢᎸᎯᏢ ᎢᏅ ᏭᎶᏎᎢ, ᎤᎸᏒᏎ ᎤᎬᏫᏳᎯ ᎢᏯᎬᏁᏗᏱ ᎠᎴ ᎥᎤᎷᎯᏍᏗᏱ.
13. ᏫᏚᏯᏅᎮᏃ ᎠᏍᎪᎯ ᎢᏯᏂᏛ ᏧᏅᏏᏓᏍᏗ, ᎠᎴ ᏕᎤᏲᎯᏎᎴ ᎠᏍᎪᎯ ᎢᏳᏓᎨᏛ [ᎠᏕᎸ,] ᎯᎠ ᏂᏚᏪᏎᎴᎢ, ᎪᎱᏍᏗ ᏕᏨᏗᏍᎨᏍᏗ ᎬᏂ ᎢᏥᎷᏨᎭ.
14. ᎠᏎᏃ ᏧᏤᎵ ᏴᏫ ᎢᎬᏩᏂᏆᏘᎴᎢ, ᎠᎴ ᏚᏂᏅᏎ ᎬᏩᎨᎮᎩ, ᎯᎠ ᏫᎾᏂᏪᏍᎨᎢ, ᎥᏝ ᏲᎦᏚᎵ ᎯᎠ ᎠᏍᎦᏯ ᎤᎬᏫᏳᎯ ᎣᎦᏤᎵ ᎢᏳᎵᏍᏙᏗᏱ.
15. ᎯᎠᏃ ᏄᎵᏍᏔᏁᎢ, ᎢᎤᎷᏥᎸ, ᎤᎬᏫᏳᎯ ᎢᏯᎬᏁᎸᎯ ᎨᏎᎢ, ᎤᏁᏤ ᎾᏍᎩ ᎨᏥᏅᏏᏓᏍᏗ ᏫᎨᏥᏯᏅᏗᏱ ᎬᏩᎷᏤᏗᏱ, ᎾᏍᎩ Ꮎ ᎠᏕᎸ ᏧᎨᏅᏛᎯ, ᎾᏍᎩ ᎤᏙᎴᎰᎯᏍᏗᏱ ᎢᎦᎢ ᎠᏂᏏᏴᏫ ᎤᏂᏁᏉᏤᎸ ᎠᏂᏃᏗᏍᎬᎢ.
16. ᎢᎬᏱᏃ ᎤᎷᏨᎯ, ᎯᎠ ᏄᏪᏎᎢ, ᏍᎩᎾᏝᎢ, ᏣᏤᎵ ᏑᏓᎨᏛ ᎠᏍᎪᎯ ᎢᏳᏓᎨᏛ ᎤᏁᏉᏨ.
17. ᎾᏍᎩᏃ ᎯᎠ ᏄᏪᏎᎴᎢ, ᎣᏏᏳ, ᎰᏍᏛ ᎡᏣᏅᏏᏓᏍᏗ; ᎤᏍᏗ ᎨᏒ ᎣᏏᏳ ᏂᏣᏛᏁᎸ; ᏣᎬᏫᏳᏌᏕᎩ ᎨᏎᏍᏗ ᎠᏍᎪᎯ ᏕᎦᏚᎲᎢ.
18. ᏔᎵᏁᏃ ᎤᎷᏨᎯ, ᎯᎠ ᏄᏪᏎᎢ, ᏍᎩᎾᏝᎢ, ᏣᏤᎵ ᏑᏓᎨᏛ ᎯᏍᎩ ᎢᏳᏓᎨᏛ ᎤᏁᏉᏨ.
19. ᎾᏍᎩᏃ ᎾᏍᏉ ᎯᎠ ᏄᏪᏎᎴᎢ, ᏂᎯ ᎾᏍᏉ ᎯᏍᎩ ᎢᎦᏚᎩ ᏣᎬᏫᏳᏌᏕᎩ ᎨᏎᏍᏗ.
20. ᏅᏩᏓᎴᏃ ᎤᎷᏤᎢ, ᎯᎠ ᏄᏪᏎᎢ, ᏍᎩᎾᏝᎢ, ᎬᏂᏳᏉ ᎠᏂ ᏣᏤᎵ ᏑᏓᎨᏛ, ᎠᎩᏍᏆᏂᎪᏛᎩ ᎠᎩᏣᏄᎸᎩ ᎠᏯᏠᎩᎯ;
21. ᎬᎾᏰᏍᎬᏰᏃ, ᏅᏓᎦᎵᏍᏙᏗᏍᎬᎩ ᎯᏍᏓᏱᏳ ᎨᏒ ᎯᏍᎦᏯ; ᎯᎩᏍᎪᏰᏃ ᎾᏍᎩ ᏂᏣᏅᎾ ᎨᏒᎢ, ᎠᎴ ᎯᏍᎫᏕᏍᎪ ᎾᏍᎩ ᏂᏣᏫᏒᎾ ᎨᏒᎢ.
22. ᎯᎠᏃ ᏄᏪᏎᎴᎢ, ᏨᏒ ᏂᏣᏪᏒ ᏓᎬᏔᏂ ᏙᏓᎬᏳᎪᏓᏁᎵ ᏣᏲ ᎡᏣᏅᏏᏓᏍᏗ. ᎯᎦᏔᎲᎩ ᏥᏍᏓᏱᏳ ᎨᏒᎢ, ᏥᎩᏍᎬ ᎾᏍᎩ ᎠᎩᏅᎯ ᏂᎨᏒᎾ ᎨᏒᎢ, ᎠᎴ ᏥᏍᎫᏕᏍᎬ ᎾᏍᎩ ᎠᎩᏫᏒᎯ ᏂᎨᏒᎾ ᎨᏒᎢ;
23. ᎦᏙᏃ Ꮭ ᏗᏍᏆᏂᎪᏙᏗᏱ ᏱᏫᏙᏣᏁ ᏗᏆᏤᎵ ᎠᏕᏄ, ᎠᎩᎷᏥᎸᏃ ᏗᏆᏤᎵ ᎠᎴ ᎤᏂᏁᏉᏨᎯ ᏱᏓᎩᎩᏎᎢ.
24. ᎯᎠᏃ ᏂᏚᏪᏎᎴ ᎾᎥ ᎠᏂᏙᎾᎢ, ᎡᏥᎩᏏ ᎾᏍᎩ Ꮎ ᏑᏓᎨᏛ, ᎠᎴ ᎠᏍᎪᎯ ᎢᏳᏓᎨᏛ ᏧᎯ ᎡᏥᎥᏏ—
25. ᎯᎠᏃ ᏂᎬᏩᏪᏎᎴᎢ, ᏗᏍᎩᎾᏝᎢ, ᎠᏍᎪᎯ ᎢᏳᏓᎨᏛ ᏕᎤᎭ—
26. ᎯᎠᏰᏃ ᏂᏨᏪᏎᎭ, ᎾᏍᎩ ᎾᏂᎥ ᎤᏂᎯ ᎨᏥᏁᏗ ᎨᏎᏍᏗ; ᏄᏂᎲᎾᏃ ᏥᎩ, ᎾᏍᎩ ᎾᏍᏉ ᎤᏂᎲ ᎨᏥᎩᎡᏗ ᎨᏎᏍᏗ.
27. ᎾᏃ ᎬᎩᏍᎦᎩ, ᏄᎾᏚᎵᏍᎬᎾ ᏥᎨᏒ ᎠᎩᎬᏫᏳᎯ ᎢᏯᏆᎵᏍᏙᏗᏱ ᎠᏁᎲᎢ, ᎡᏗᏣᏘᏄᎦ, ᎠᎴ ᏗᏥᎷᎦ ᏥᎦᏔᎲᎢ
28. [ᏥᏌᏃ] ᎾᏍᎩ ᏄᏪᏒ, ᎢᎬᏱ ᎤᏪᏅᎭ ᎤᎿᎭᎷᏎ ᏥᎷᏏᎵᎻ ᏩᎦᏖᎢ.
29. ᎯᎠᏃ ᎸᎵᏍᏔᏁ ᎾᎥ ᎤᎷᏨ ᏒᎦᏙᎯ ᎠᎴ ᏇᏗᏂᏱ, ᎾᎿᎭᎣᎵᏩᏲᎯ ᎤᏌᎯᎸ ᏥᏚᏙᎠ, ᎾᏍᎩ ᎠᏂᏔᎵ ᎬᏩᏍᏓᏩᏗᏙᎯ ᏚᏅᏎᎢ,
30. ᎯᎠ ᏄᏪᏎᎢ, ᎢᏍᏕᎾ ᎢᏢ Ꮎ ᏨᏗᎦᏚᎭ, ᎾᎿᎭᏃ ᏫᏍᏗᎷᏨᎭ ᏓᏰᏍᏗᏩᏛᎯ ᎠᎩᎾ ᎨᎵᏌᏕᏍᏗ, ᎾᏍᎩ ᎥᏝ ᎠᏏ ᎩᎶ ᎤᎩᎸᏔᏅᎯ ᏱᎩ; ᎡᏍᏕᎵᏌᏕᏒᎭ ᎠᎴ ᏤᏍᏓᏘᏁᏒᎭ.
31. ᎢᏳᏃ ᎩᎶ ᎢᏍᏓᏛᏛᏅ ᎦᏙᏃ ᎢᎡᏍᏕᎵᏌᏕᎭ? ᎢᏍᏙᏎᎸᎭ, ᎯᎠ ᏁᏍᏗᏪᏎᎸᎭ; ᎤᎬᏫᏳᎯᏰᎾ ᎤᏚᎵᎭ.
32. ᎨᏥᏅᏒᎯᏃ ᎤᏁᏅᏎ ᎠᎴ ᏭᏂᏩᏛᎮ ᎾᏍᎩᏯ ᏂᏚᏪᏎᎸᎢ.
33. ᎠᏁᎵᏌᏕᏍᎨᏃ ᎠᎩᎾ, ᎤᏂᎾᏝᎢ ᎯᎠ ᏂᎬᏩᏂᏪᏎᎴᎢ, ᎦᏙᏃ ᎢᎡᏍᏕᎵᏌᏕ ᎠᎩᎾ?
34. ᎯᎠᏃ ᏄᏂᏪᏎᎢ, ᎤᎬᏫᏳᎯ ᎤᏚᎵᎭ.
35. ᏥᏌᏃ ᎤᎾᏘᏃᎮᎴᎢ; ᏧᎾᏄᏬᏃ ᎠᎩᎾ ᎦᏐᎯ ᏚᏂᏢᏁᎢ, ᎠᎴ ᎾᎿᎭᎤᎾᎩᎸᏔᏁ ᏥᏌ.
36. ᎠᎢᏒᏃ ᏧᎾᏄᏬ ᏚᏂᏰᏍᏛᏁ ᏅᏃᎯ.
37. ᎾᎥᏃ ᏭᎷᏨ, ᎾᎿᎭᎠᎦᏐᎠᏍᎬ ᎢᏴᏛ ᎣᎵᏩᏲ ᎤᏌᎯᎸᎢ, ᏂᎦᏛ ᎤᏂᏣᏘ ᎨᏒ ᎠᎾᏓᏍᏓᏩᏗᏙᎯ ᎤᎾᎴᏅᎮ ᎠᎾᎵᎮᎵᎨ ᎠᎴ ᎠᏂᎸᏉᏗᏍᎨ ᎤᏁᎳᏅᎯ ᎠᏍᏓᏯ ᎠᏂᏁᎨᎢ, ᏅᏗᎦᎵᏍᏙᏗᏍᎨ ᏂᎦᏛ ᎤᏍᏆᏂᎪᏗ ᏕᎦᎸᏫᏍᏓᏁᎸ ᎤᏂᎪᎲᎢ;
38. ᎯᎠ ᎾᏂᏪᏍᎨᎢ. ᎦᎸᏉᏗᏳ ᎨᏎᏍᏗ ᎾᏍᎩ Ꮎ ᎤᎬᏫᏳᎯ ᏱᎰᏩ ᏚᏙᏍᏛ ᏥᎦᎷᎯᏍᏗᎭ; ᎦᎸᎳᏗ ᏅᏩᏙᎯᏯᏛ ᎨᏎᏍᏗ, ᎠᎴ ᎦᎸᏉᏗᏳ ᎨᏎᏍᏗ ᏩᏍᏛ ᎦᎸᎳᏗᏳ ᎨᏒᎢ!
39. ᎢᎦᏛᏃ ᎠᏂᏆᎵᏏ ᎾᎿᎭᎤᏂᏣᏘ ᏄᎾᏛᏅ ᎯᎠ ᏅᏗᎬᏩᏪᏎᎴᎢ, ᏔᏕᏲᎲᏍᎩ, ᏘᏅᏍᏓᏗᏏ ᎨᏣᏍᏓᏩᏗᏙᎯ.
40. ᎤᏁᏨᏃ ᎯᎠ ᏂᏚᏪᏎᎴᎢ, ᎯᎠ ᏂᏨᏪᏎᎭ, ᎢᏳᏃ ᎯᎠ ᎡᎳᏪᏱ ᏳᏅᏅ, ᏅᏯ ᎩᎳᏉ ᎢᏴᏛ ᏯᏁᎷᎲᎦ.
41. ᎾᎥᏃ ᎤᎷᏨ, ᏚᎧᎿᎭᏅ ᎦᏚᎲᎢ, ᎤᏍᎪᏂᎴᎢ,
42. ᎯᎠ ᏄᏪᏎᎢ, ᎢᏳᏃ ᏂᎯ ᏱᎯᎦᏔᎮᎢ, ᎥᎥ, ᏂᎯ, ᎪᎯ ᎾᏍᏉ ᎾᏍᎩ ᎯᎠ ᏣᏤᎵ ᎢᎦ ᎨᏒᎢ, ᎾᏍᎩ ᏅᏩᏙᎯᏯᏛ ᏣᏁᎯ ᎨᏒᎢ! ᎠᏎᏃ ᎿᎭᏉ ᎡᏨᏍᎦᎳᏁᎸ.
43. ᎾᎯᏳᏰᏃ ᎨᏒ ᏓᏣᎵᏰᎢᎶᎮᎵ, ᎾᏍᎩ ᎨᏣᏍᎦᎩ ᎨᏒ ᏙᏛᏁᎵᏍᎦᎸᎯ ᎬᏩᏚᏫᏛ, ᎠᎴ ᏙᏓᎨᏣᏚᏫᏍᏔᏂ, ᎠᎴ ᏅᎦᏘᏓᏂ ᎨᏣᎵᏍᏚᏕᏍᏗ.
44. ᎠᎴ ᎦᏙᎯ ᏓᎨᏣᏡᏂ, ᎠᎴ ᏗᏤᏥ ᎬᏂᏯᎢ ᎨᏎᏍᏗ; ᎠᎴ ᎥᏝ ᎨᏣᎯᏰᏗ ᏱᎨᏎᏍᏗ ᏌᏉ ᏅᏯ ᏱᏚᏓᏌᏝᎮᏍᏗ; ᏅᏗᎦᎵᏍᏙᏗᎭ ᏂᎦᏔᎲᎾ ᏥᎨᏒ ᎢᏳ ᎡᏣᏩᏛᎯᎯᏍᏗ ᎨᏒᎢ.
45. ᏭᏴᎸᏃ ᎤᏛᎾ-ᏗᎦᎳᏫᎢᏍᏗᏱ, ᎤᎴᏅᎮ ᏚᏄᎪᏫᏎ ᎾᎿᎭᎠᏂᏃᏗᏍᎩ, ᎠᎴ ᎤᏂᏩᏒᎥᏍᎩ;
46. ᎯᎠ ᏂᏚᏪᏎᎴᎢ, ᎯᎠ ᏂᎬᏅ ᎪᏪᎳ, ᏥᏁᎸ ᎠᏓᏙᎵᏍᏙᏗᏱ ᎠᏓᏁᎸ ᏚᏙᎠ, ᎠᏎᏃ ᏂᎯ ᎠᏂᏃᏍᎩᏍᎩ ᎤᏂᏴᏍᏗᏱ ᎤᏍᏓᎦᎸ ᏂᏨᏁᎸ.
47. ᏂᏚᎩᏨᏂᏒᏃ ᏓᏕᏲᎲᏍᎨ ᎤᏛᎾᏗᎦᎳᏫᎢᏍᏗᏱ. ᎠᏎᏃ ᏄᏂᎬᏫᏳᏒ ᎠᏥᎸ-ᎠᏁᎶᎯ ᎠᎴ ᏗᏃᏪᎵᏍᎩ ᎠᎴ ᏄᏂᎬᏫᏳᏒ ᎠᏫ ᎤᎾᏁᎶᏔᏁ ᎬᏩᎯᏍᏗᏱ.
48. ᎠᎴ ᎤᎾᏠᏤ ᎢᏳᎾᏛᏁᏗᏱ; ᏂᎦᏛᏰᏃ ᏴᏫ ᎬᏩᏝᏫᏍᏗᏕᎨ ᎬᏩᏛᏓᏍᏓᏁᏗᏱ.

== Luke 20 ==
1. ᎯᎠᏃ ᏄᎵᏍᏔᏁᎢ, ᎾᏍᎩ ᏌᏉ ᎢᎦ ᎾᎯᏳ ᎨᏒ, ᏕᎨᏲᎲᏍᎨ ᏴᏫ ᎤᏛᎾᏗᎦᎳᏫᎢᏍᏗᏱ, ᎣᏍᏛ ᎧᏃᎮᏛ ᎠᎵᏥᏙᎲᏍᎨᎢ, ᎾᏍᎩ ᏄᏂᎬᏫᏳᏒ ᎠᏥᎸᎠᏁᎶᎯ, ᎠᎴ ᏗᏃᏪᎵᏍᎩ ᎬᏩᏃᎴᎢ, ᎤᎾᎵᎪᏎ ᏗᏂᎳᏫᎩ,
2. ᎠᎴ ᎬᏩᎵᏃᎮᏔᏁ, ᎯᎠ ᏄᏂᏪᏎᎢ, ᏍᎩᏃᎲᏏ, ᎦᏙ ᏣᎵᏍᎦᏍᏙᏗ ᎯᎠ ᎾᏍᎩ ᏥᏄᏍᏗ ᏥᏕᏣᎸᏫᏍᏓᏁᎭ? ᎠᎴ ᎦᎪ ᎾᏍᎩ Ꮎ ᏣᏁᎸᎯ ᎾᏍᎩ ᎢᏣᏛᏁᏗᏱ?
3. ᎤᏁᏨᏃ ᎯᎠ ᏂᏚᏪᏎᎴᎢ, ᎠᏴ ᎾᏍᏉ ᏑᏓᎴᎩ ᏓᏨᏯᏛᏛᏂ; ᎠᎴ ᏍᎩᏃᎲᏏ;
4. ᏣᏂ ᏧᏓᏬᏍᏗ ᎨᏒᎢ, ᎦᎸᎳᏗᏍᎪ ᏧᏓᎴᏁᎢ, ᏴᏫᏉᎨ ᎠᏁᎲᎢ.
5. ᏙᏧᎾᏓᏅᏛᏃ ᎤᎾᏓᏅᏖᎴ ᎯᎠ ᎾᏂᏪᏍᎨᎢ, ᎢᏳᏃ ᎦᎸᎳᏗ, ᏲᎦᏛᏅ, ᎯᎠ ᏱᏃᎩᏪᏏ, ᎦᏙᏃ Ꮭ ᏱᎡᏦᎢᏳᏁᎢ?
6. ᎢᏳᏃ ᏴᏫᏉ ᎠᏁᎲᎢ, ᏲᎦᏛᏅ, ᏂᎦᏛᏉ ᏴᏫ ᏅᏯ ᏱᏕᎪᎬᏂᏍᏓ; ᏣᏂᏰᏃ ᎠᏙᎴᎰᏍᎩ ᎨᏒᎩ, ᎠᏁᎵᎭ.
7. ᎤᏂᏁᏨᏃ, ᎥᏝ ᏲᏥᎦᏔᎭ ᏧᏓᎴᏅᎢ, ᎤᎾᏛᏁᎢ.
8. ᏥᏌᏃ ᎯᎠ ᏂᏚᏪᏎᎴᎢ, ᎥᏝ ᎾᏍᏉ ᎠᏴ ᏴᎨᏨᏃᎲᏏ ᎢᏳᏍᏗ ᎨᏒ ᎠᏆᎵᏍᎦᏍᏙᏛ ᎯᎠ ᎾᏍᎩ ᏥᏓᎩᎸᏫᏍᏓᏁᎭ.
9. ᎠᎴ ᎿᎭᏉ ᎤᎴᏅᎮ ᎾᏍᎩ ᎯᎠ ᏚᏟᎶᏍᏓᏁᎴ ᏴᏫ; ᎩᎶ ᎢᏳᏍᏗ ᎠᏍᎦᏯ ᏖᎸᎳᏗ ᏚᏫᏎᎢ, ᎠᎴ ᏚᏙᎳᏍᏔᏁ ᏠᎨᏏ ᏭᏂᎸᏫᏍᏓᏁᎯ, ᎠᎴ ᎢᏅ ᏭᎶᏎ ᎪᎯᏛ ᏭᏪᏙᎴᎢ.
10. ᎾᎯᏳᏃ ᎤᏅᏂᏍᏗᏱ ᎨᏒ ᎤᏅᏏᏓᏍᏗ ᎤᏅᏎ ᏠᎨᏏ ᏧᏂᎸᏫᏍᏓᏁᎯ ᏗᏁᎲᎢ, ᎾᏍᎩ ᏂᏙᏓᎬᏩᏅᏁᏗᏱ ᎤᎾᏓᏛᏅᎯ ᏖᎸᎳᏗ ᏓᏫᏒᎢ; ᎠᏎᏃ ᏠᎨᏏ ᏧᏂᎸᏫᏍᏓᏁᎯ ᎤᏂᎵᎥᏂᎸ ᎠᏒᎭ ᎤᏂᎨᎯᏙᎴᎢ.
11. ᎠᎴ ᏔᎵᏁ ᏅᏩᏓᎴ ᎤᏅᏎ ᎤᏅᏏᏓᏍᏗ ᎦᎬᏩᏂᏐᏢᏔᏅ, ᎠᏒᎭ ᎤᏂᎨᎯᏙᎴᎢ.
12. ᎠᎴᏬ ᏦᎢᏁ ᎤᏅᏎᎢ; ᎾᏍᎩᏃ ᎾᏍᏉ ᎤᏂᏐᏅᏅ ᎤᏂᏄᎪᏫᏎᎢ.
13. ᎿᎭᏉᏃ ᏖᎸᎳᏗ ᏓᏫᏒ ᎤᏤᎵᎦ, ᎯᎠ ᏄᏪᏎᎢ, ᎦᏙ ᏓᎦᏛᏁᎵ? ᎠᏇᏥ ᏥᎨᏳᎢ ᏓᏥᏅᏏ; ᏯᏂᎸᏉᏓ ᏱᎩ ᎾᏍᎩ ᎠᏂᎪᎲᎭ.
14. ᎠᏎᏃ ᏠᎨᏏ ᏧᏂᎸᏫᏍᏓᏁᎯ ᎤᏂᎪᎲ, ᎤᏅᏒ ᎨᏒ ᎤᎾᎵᏃᎮᎴ ᎯᎠ ᏂᏚᎾᏓᏪᏎᎴᎢ, ᎯᎠ ᎾᏍᎩ ᎤᏘᏰᏗ ᏥᎩ ᏧᎬᏩᎶᏗ, Ꭷ, ᎡᏗᎷᎦ, ᎾᏍᎩᏃ ᏧᎬᏩᎶᏗ ᎤᏘᏯᏍᏓᏁᏗ ᎨᏒ ᎢᎦᏤᎵ ᏱᏂᎦᎵᏍᏓ.
15. ᎰᏩᏃ ᎤᏂᏄᎪᏫᏒ ᏖᎸᎳᏗ ᏓᏫᏒᎢ, ᎤᏂᎴᎢ. ᎾᏍᎩ ᎢᏳᏍᏗ ᎾᏍᎩ Ꮎ ᏖᎸᎳᏗ ᏓᏫᏒ ᎤᏤᎵᎦ ᎦᏙ ᏙᏓᎬᏁᎵ ᎾᏍᎩ?
16. ᏓᎦᎷᏥ ᎠᎴ ᏙᏛᏛᏔᏂ ᎾᏍᎩ Ꮎ ᏠᎨᏏ ᏧᏂᎸᏫᏍᏓᏁᎯ, ᎠᎴ ᏅᏩᎾᏓᎴ ᏙᏛᏁᎵ ᏖᎸᎳᏗ ᏓᏫᏒᎢ. ᎾᏍᎩᏃ ᎤᎾᏛᎦᏁᎸ, ᎥᏞᏍᏗ, ᎤᎾᏛᏁᎢ.
17. ᏚᎧᎿᎭᏅᏃ, ᎯᎠ ᏄᏪᏎᎢ, ᎦᏙᏃ ᎾᏍᎩ ᎯᎠ ᏥᏂᎬᏅ ᏥᎪᏪᎳ, ᏗᎾᏁᏍᎨᏍᎩ ᎤᏂᏲᎢᏎᎸᎯ ᏅᏯ ᎾᏍᎩ ᏄᎬᏫᏳᏒ ᎤᏅᏏᏴ ᎠᏗ ᏄᎵᏍᏔᏅ?
18. ᎩᎶ ᎾᏍᎩ ᎾᎿᎭᏅᏲᎯ ᎠᏢᏨᎭ ᏓᏳᏐᏅᏂ; ᎩᎶᏃ ᎾᏍᎩ ᎤᏐᏅᎭ ᏓᏳᏪᏓᏬᏔᏂ.
19. ᏄᏂᎬᏫᏳᏒᏃ ᎠᏥᎸ-ᎠᏁᎶᎯ ᎠᎴ ᏗᏃᏪᎵᏍᎩ ᎾᎯᏳᏉ ᎤᎾᏁᎶᏔᏁ ᎤᏂᏂᏴᏗᏱ, ᎠᏎᏃ ᏚᏂᏍᎦᎴ ᏴᏫ; ᎤᎾᏙᎴᎰᏎᏰᏃ ᎾᏍᎩ ᎯᎠ ᏚᏟᎶᏍᏔᏅ ᎤᏅᏒ ᎨᏥᏛᎬᎢ.
20. ᎬᏩᎦᏌᏯᏍᏕᏃ, ᎠᎴ ᏙᏧᏂᏅᏎ ᎠᎾᏓᎦᏌᏯᏍᏗᏍᎩ, ᎾᏍᎩ ᎤᎾᏓᏅᏘ ᎤᎾᏣᎸᏗᏱ ᎾᏍᎩ ᎬᏩᎪᏁᎶᎯᏎᏗᏱ ᎦᏬᏂᏍᎬᎢ, ᎾᏍᎩᏃ ᏫᏚᏂᏲᎯᏎᏗᏱ ᎤᏰᎢᎵᏓᏍᏗᏱ ᎤᎬᏫᏳᎯ.
21. ᎬᏩᏛᏛᏁᏃ ᎯᎠ ᏄᏂᏪᏎᎢ, ᏔᏕᏲᎲᏍᎩ, ᎣᏥᎦᏔᎭ ᎯᏬᏂᏍᎬ ᎠᎴ ᏕᎭᏕᏲᎲᏍᎬ ᏚᏳᎪᏛ ᎨᏎᎢ, ᎠᎴ ᏂᏘᎸᏉᏙᏛᎾ ᎨᏒ ᏄᎾᏍᏛ ᏴᏫ, ᎤᏁᎳᏅᎯᏍᎩᏂ ᎤᏤᎵ ᎦᏅᏅ ᎤᏙᎯᏳᎯᏯ ᏕᎭᏕᏲᎲᏍᎬᎢ;
22. ᏚᏳᎪᏗᏍᎪ ᏏᏌ ᎡᏓᎫᏴᎡᏗᏱ ᎠᏰᎵ ᎠᎫᏴᏗ ᎨᏒᎢ, ᏝᎨ?
23. ᎠᏎᏃ ᎤᏙᎴᎰᏎ ᎠᏂᏏᎾᏌᏅᎬᎢ, ᎠᎴ ᎯᎠ ᏂᏚᏪᏎᎴᎢ, ᎦᏙᏃ ᎢᏍᎩᏌᏛᎥᏍᎦ?
24. ᏥᎪᏩᏛ ᎠᎩᏏ ᏧᎬᏩᎶᏗ. ᎦᎪ ᏓᎦᏟᎶᏍᏗ, ᎠᎴ ᎦᎪ ᎠᏥᏃᎮᎭ ᎯᎠ ᏥᎪᏪᎳ? ᎤᏂᏁᏤᏃ, ᏏᏌ, ᎤᎾᏛᏁᎢ.
25. ᎯᎠᏃ ᏂᏚᏪᏎᎵᎢ, ᏏᏌ ᎠᏗᎾ ᎡᏣᎫᏴᏏ ᏏᏌ ᎤᏤᎵᎦ, ᎤᏁᎳᏅᎯᏃ ᎤᏁᎳᏅᎯ ᎤᏤᎵᎦ.
26. ᎧᏁᎬᏃ ᎥᏝ ᏰᎵ ᎦᎬᏩᏂᎪᏁᎶᎯᏎᏗ ᏱᎨᏎ ᏴᏫ ᎠᏂᎦᏔᎲᎢ; ᎤᏂᏍᏆᏂᎪᏎᏃ ᏄᏪᏒ ᎤᏁᏨᎢ, ᎠᎴ ᎡᎳᏪᏱ ᎤᏅᏁᎢ.
27. ᎿᎭᏉᏃ ᎩᎶ ᎢᏳᎾᏍᏗ ᎠᏂᏌᏚᏏ, ᎾᏍᎩ ᏣᎾᏓᏱᎭ ᎠᏲᎱᏒ ᏗᎴᎯᏐᏗ ᎨᏒᎢ, ᎬᏩᎷᏤᎸ ᎬᏩᏛᏛᏁᎢ,
28. ᎯᎠ ᏄᏂᏪᏎᎢ, ᏔᏕᏲᎲᏍᎩ, ᎼᏏ ᎣᎪᏪᏁᎸᎩ ᎯᎠ ᏃᎩᏪᏎᎸᎩ, ᎩᎶ ᏗᎾᏓᏅᏟ ᎠᏲᎱᏍᎨᏍᏗ ᎤᏓᎵᎢ ᎤᏪᎧᎮᏍᏗ, ᎠᎴ ᏧᏪᏥ ᎾᏁᎲᎾ ᎠᏲᎱᏍᎨᏍᏗ, ᎾᏍᎩ ᏗᎾᏓᏅᏟ ᎠᏓᏰᎨᏍᏗ ᎤᏓᏴᏛ, ᎠᎴ ᏓᏛᎯᏍᏓᏁᎮᏍᏗ ᏧᏪᏥ ᏗᎾᏓᏅᏟ.
29. ᎾᏍᎩᏃ ᎠᏁᎲᎩ ᎦᎵᏉᎩ ᎢᏯᏂᏛ ᎠᎾᎵᏅᏟ; ᎤᏓᏂᎵᎨᏃ ᎤᏕᏒᏅᎩ, ᎠᎴ ᎤᏲᎱᏒ ᏧᏪᏥ ᎾᏁᎲᎾ.
30. ᎠᎴ ᏔᎵᏁ ᏪᎯ ᎾᏍᎩ ᎤᏓᏴᏒᎩ, ᎠᎴ ᎤᏲᎱᏒ ᏧᏪᏥ ᎾᏁᎲᎾ.
31. ᎠᎴ ᏦᎢᏁ ᏪᎯ ᎤᏓᏴᏒᎩ; ᎠᎴ ᎾᏍᎩᏯ ᎾᏍᏉ ᎦᎵᏉᎩ ᎢᏯᏂᏛ; ᎠᎴ ᏧᏁᏥ ᎾᏁᎲᎾ ᏚᏂᏲᎱᏒᎩ.
32. ᎣᏂᏱᏃ ᎠᎨᏴ ᎾᏍᏉ ᎤᏲᎱᏒᎩ.
33. ᎾᏍᎩᏃ ᎿᎭᏉ ᏗᎴᎯᏐᏗ ᏂᎦᎵᏍᏔᏂᎸᎭ, ᎦᎪ ᎤᏓᎵᎢ ᎨᏎᏍᏗ ᎾᏍᎩ, ᎦᎵᏉᎩᏰᏃ ᎢᏯᏂᏛ ᎤᎾᏓᏴᏛ ᎢᎩ.
34. ᏥᏌᏃ ᎤᏁᏨ ᎯᎠ ᏂᏚᏪᏎᎴᎢ, ᎠᏂ ᎡᎶᎯ ᎠᏁᎯ ᏓᎾᏕᏒᎲᏍᎪᎢ ᎠᎴ ᏕᎨᏥᏰᎪᎢ;
35. ᎾᏍᎩᏍᎩᏂ ᏐᎢᏱ ᏗᎨᏒ ᎠᎴ ᎠᏲᎱᏒ ᏗᎴᎯᏐᏗ ᎨᏒ ᏰᎵᏉ ᎬᏩᎾᏖᎳᏗᏍᏗ ᎨᏥᏰᎸᎯ, ᎥᏝ ᏱᏓᎾᏕᏒᎲᏍᎪᎢ, ᎥᏝ ᎠᎴ ᏱᏗᎨᏥᏰᎪᎢ.
36. ᎥᏝ ᎠᎴ ᎿᎭᏉ ᏗᎬᏩᏂᏲᎱᎯᏍᏗ ᏱᎨᏎᏍᏗ; ᏗᏂᎧᎿᎭᏩᏗᏙᎯᏍᎩᏂ ᎦᎸᎳᏗ ᎠᏁᎯ ᏄᎾᏍᏛ ᎾᏍᎩᏯ ᏄᎾᏍᏕᏍᏗ; ᎠᎴ ᎤᏁᎳᏅᎯ ᏧᏪᏥ ᎾᏍᎩ, ᎠᏲᎱᏒ ᏗᎴᎯᏐᏗ ᎨᏒ ᏧᏪᏥ ᎨᏒ ᎢᏳᏍᏗ.
37. ᎾᏃ ᏧᏂᏲᎱᏒᎯ ᏧᎾᎴᎯᏐᏗ ᎨᏒ, ᏱᏏ ᎬᏂᎨᏒ ᏄᏩᏁᎴ ᎤᏪᏲᏓᏛᎢ, ᎾᎯᏳ ᏱᎰᏩ ᎤᏁᎳᏅᎯ ᎡᏆᎭᎻ ᎤᏤᎵᎦ, ᎠᎴ ᎤᏁᎳᏅᎯ ᎡᏏᎩ ᎤᏤᎵᎦ, ᎠᎴ ᎤᏁᎳᏅᎯ ᏤᎦᏈ ᎤᏤᎵᎦ, ᏧᏬᏎᎴᎢ.
38. ᎤᏁᎳᏅᎯᏰᏃ ᎥᏝ ᏧᏂᏲᎱᏒᎯ ᎤᎾᏤᎵᎦ ᏱᎩ, ᏗᏅᏃᏛᏍᎩᏂ; ᎾᏍᎩᏰᏃ ᎠᏓᏅᏖᏍᎬ ᏂᎦᏗᏳ ᏗᏅᏃᏛ.
39. ᎿᎭᏉᏃ ᎩᎶ ᎢᏳᎾᏍᏗ ᏗᏃᏪᎵᏍᎩ ᎤᏂᏁᏤ ᎯᎠ ᏄᏂᏪᏎᎢ, ᏔᏕᏲᎲᏍᎩ, ᏰᎵᎦᏯ ᏂᏫ.
40. ᎾᎯᏳᏃ ᎢᏳᏓᎴᏅᏛ ᎠᏂᏍᎦᎢᎮ ᎪᎱᏍᏗ ᎬᏩᏛᏛᏗᏱ.
41. ᎯᎠᏃ ᏂᏚᏪᏎᎴᎢ, ᎦᏙ ᏗᎦᎵᏍᏙᏗᎭ ᎦᎶᏁᏛ ᏕᏫ ᎤᏪᏥ ᏣᎾᏗᎭ?
42. ᏕᏫᏃ ᎤᏩᏒ ᎯᎠ ᏂᎦᏪᎭ ᏗᎧᏃᎩᏍᏗᏱ ᎪᏪᎵ, ᏱᎰᏩ ᎯᎠ ᏄᏪᏎᎴ ᎤᎬᏫᏳᎯ ᎠᏆᏤᎵᎦ, ᏥᎦᏘᏏ ᎢᏗᏢ ᏦᎴᏍᏗ,
43. ᎬᏂ ᎨᏣᏍᎦᎩ ᏗᏣᎳᏏᏗᏱ ᎦᏍᎩᎶ ᏂᎦᏥᏴᏁᎸᎭ.
44. ᏕᏫᏰᏃ ᏣᎬᏫᏳᎯ ᎪᏎᎭ; ᎦᏙᏃ ᏗᎦᎵᏍᏙᏗᎭ ᎤᏪᏥ ᎢᎩ?
45. ᎿᎭᏉᏃ ᏂᎦᏛ ᏴᏫ ᎤᎾᏛᏓᏍᏛ, ᎯᎠ ᏂᏚᏪᏎᎴ ᎬᏩᏍᏓᏩᏗᏙᎯ,
46. ᏕᏤᏯᏙᏤᎮᏍᏗ ᏗᏃᏪᎵᏍᎩ, ᎾᏍᎩ ᏧᎾᏚᎵᏍᎪ ᏗᎦᏅᎯᏛ ᏧᎾᏄᏩᎢ ᎤᏁᏓᏍᏗᏱ, ᎠᎴ ᎣᏏᏳ ᏧᏂᏰᎸᎭ ᎨᏥᏲᎵᏍᏗᏱ ᏗᎦᏃᏙᏗᏱ, ᎠᎴ ᏄᎬᏫᏳᏒ ᏕᎦᏍᎩᎸ ᏗᎦᎳᏫᎢᏍᏗᏱ, ᎠᎴ ᏄᎬᏫᏳᏒ ᏗᎾᏢᏗᏱ ᏓᎾᎵᏍᏓᏴᎲᏍᎬᎢ;
47. ᎾᏍᎩ ᏥᏓᏂᏒᏁᎰ ᏧᏃᏑᎶᏨᎯ ᏓᏂᏁᎸᎢ, ᎠᎴ ᎤᎾᏠᎾᏍᏛ ᎪᎯᏗᏳ ᏣᎾᏓᏙᎵᏍᏗᏍᎪᎢ; ᎾᏍᎩ ᎤᏟᎯᏳ ᎢᎦᎢ ᎤᏂᎩᎵᏲᎢᏍᏗ ᎨᏎᏍᏗ.

== Luke 21 ==
1. ᏚᎧᎿᎭᏅᏃ ᏚᎪᎮ ᏧᏁᎿᎭᎢ ᎠᏂᎲᏍᎨ ᎠᏕᎸ-ᏗᏗᏱ ᎤᎾᎵᏍᎪᎸᏔᏅᎯ.
2. ᎠᎴ ᎾᏍᏉ ᎤᎪᎮ ᎩᎶ ᎢᏳᏍᏗ ᎤᏲ ᎢᏳᏛᎿᎭᏕᎩ ᎤᏬᏑᎶᏨᎯ ᎾᎿᎭᎠᎲᏍᎨ ᏔᎵ ᎠᎩᏄᏛᏗ ᎢᏯᏓᏅᏖᏗ.
3. ᎯᎠᏃ ᏄᏪᏎᎢ, ᎤᏙᎯᏳᎯᏯ ᎢᏨᏲᏎᎭ, ᎯᎠ ᎾᏍᎩ ᎤᏲ ᎢᏳᏛᎿᎭᏕᎩ ᎤᏬᏑᎶᏨᎯ ᎤᏟ ᎢᎦᎢ ᎠᎲᎦ ᎡᏍᎦᏉ ᏂᎦᏛ ᎠᏂᏐᎢ.
4. ᎯᎠᏰᏃ ᏂᎦᏛ ᎤᏣᏘ ᎤᏂᎲ ᎤᏃᏣᎴᏛ ᎠᏂᎲᎦ ᎤᏁᎳᏅᎯ ᎠᎵᏍᎪᎸᏓᏁᏗ ᎨᏒᎢ; ᎯᎠᏍᎩᏂ ᎤᏲ ᎢᏳᏛᎿᎭᏕᎩ ᎨᏒ ᏂᎦᏗᏳ ᎤᎵᏍᏕᎸᏙᏗ ᎤᎲᎠᎲᎦ.
5. ᎢᎦᏛᏃ ᎤᏂᏁᎢᏍᏔᏅ ᎤᏛᎾ-ᏗᎦᎳᏫᎢᏍᏗᏱ, ᏂᎦᎥ ᎪᏚᎢᏍᏛ ᎬᏔᏅᏅᏯ ᏧᏬᏚᎯ ᎠᎴ ᏗᎵᏍᎪᎸᏔᏅᎯ, ᎯᎠ ᏄᏪᏎᎢ;
6. ᎯᎠᏃ ᎾᏍᎩ ᏥᏕᏥᎪᏩᏗᎭ, ᏛᏍᏆᎸᎯ, ᎾᏍᎩ ᎥᏝ ᏌᏉᎤᏅ ᏅᏯ ᏱᏚᏓᏌᏝᎮᏍᏗ ᎾᏍᎩ ᏂᎪᎲᏔᏅᎾ ᏱᎨᏎᏍᏗ.
7. ᎬᏩᏛᏛᏁᏃ ᎯᎠ ᏄᏂᏪᏎᎢ, ᏔᏕᏲᎲᏍᎩ, ᎢᎳᎪᏃ ᎢᏳ ᎯᎠ ᎾᏍᎩ ᏅᏓᎦᎵᏍᏔᏂ? ᎠᎴ ᎦᏙ ᎤᏍᏗ ᎤᏰᎸᏛ ᎨᏎᏍᏗ ᎾᎯᏳ ᎯᎠ ᎾᏍᎩ ᏧᏓᎴᏅᏛ ᎠᎵᏰᎢᎶᎸᎭ?
8. ᎯᎠᏃ ᏄᏪᏎᎢ, ᎢᏤᏯᏔᎮᏍᏗ ᏞᏍᏗ ᏥᎡᏥᎶᎾᏍᏔᏂ; ᎤᏂᏣᏖᏍᏗᏰᏃ ᎠᏴ ᏓᏆᏙᎥ ᎠᏂᎷᎯᏍᏗᏍᎨᏍᏗ, ᎠᏴ [ᎦᎶᏁᏛ] ᎠᎾᏗᏍᎨᏍᏗ, ᎠᎴ ᎿᎭᏉ ᎤᏍᏆᎸᎯᏗ; ᎾᏍᎩ ᎢᏳᏍᏗ ᏞᏍᏗ ᏗᏥᏍᏓᏩᏛᏒᎩ.
9. ᎠᏎᏃ ᎢᏣᏛᎩᏍᎨᏍᏗ ᏓᏅᏩ ᎠᎴ ᏧᏓᎴᏅᏛ ᏂᎦᎵᏍᏔᏂᏙᎲᎢ, ᏞᏍᏗ ᏱᏥᏍᎦ-ᎢᎮᏍᏗ; ᎯᎠᏰᏃ ᎾᏍᎩ ᎠᏎ ᎢᎬᏱ ᎢᏳᎵᏍᏙᏗ, ᎥᏝᏍᎩᏂ ᎢᎬᏪᏅᏛᏉ ᎤᎵᏍᏆᏗᏍᏗ ᏱᎨᏎᏍᏗ.
10. ᎿᎭᏉᏃ ᎯᎠ ᏂᏚᏪᏎᎴᎢ, ᏧᎾᏓᎴᏅᏛ ᏴᏫ ᏙᏛᎾᎴᏂ ᏙᏛᎾᏓᏡᏔᏂ, ᎠᎴ ᎠᏰᎵ ᏚᏙᏢᏩᏗᏒ ᏙᏛᎾᏓᏡᏔᏂ;
11. ᎠᎴ ᎦᏙᎯ ᎤᏣᏘ ᏓᎵᏖᎸᏂᏙᎮᏍᏗ, ᎠᎴ ᏓᎪᏄᎶᏏᏙᎮᏍᏗ; ᎠᎴ ᎥᏳᎩᎯᏳ ᏂᎦᎵᏍᏔᏂᏙᎮᏍᏗ; ᎠᎴ ᎤᎾᏰᎯᏍᏗᏳ ᎠᎴ ᎤᏍᏆᏂᎪᏗ ᎤᏰᎸᏛ ᎦᎾᏄᎪᎨᏍᏗ ᎦᎸᎶᎢ.
12. ᎠᏎᏃ ᎠᏏ ᎾᏍᎩ ᎯᎠ ᏂᎦᏛ ᏄᎵᏍᏔᏅᎾ ᎨᏎᏍᏗ ᏙᏓᎨᏥᏂᏴᎯ ᎠᎴ ᎤᏲ ᏅᏓᎨᏨᏁᎵ, ᏕᎨᏥᏲᏍᎨᏍᏗ ᏧᏂᎳᏫᎢᏍᏗᏱ, ᎠᎴ ᏗᏓᏍᏚᏗᏱ, ᎠᎴ ᏕᏣᏗᏃᎯᎮᏍᏗ ᎤᏂᎬᏫᏳᎯ ᎠᎴ ᏄᏂᎬᏫᏳᏌᏕᎩ ᏚᏃᎸ ᎢᎬᏱᏗᏢ ᎠᏴ ᏓᏆᏙᎥ ᏅᏗᎦᎵᏍᏙᏗᏍᎨᏍᏗ.
13. ᎠᎴ ᎾᏍᎩ ᎧᏃᎮᏍᎩ ᎢᏣᎵᏍᏕ ᎸᏙᏗ ᏂᎦᎵᏍᏗᏍᎨᏍᏗ.
14. ᎾᏍᎩ ᎢᏳᏍᏗ ᏂᏗᏧᎪᏕᏍᏗ ᏕᏣᏓᏅᏛᎢ ᎠᏏᏉ ᎤᏓᎷᎴᏍᏗ, ᎢᏣᏓᏅᏖᎯᏐᏗᏱ ᏂᎨᏒᎾ ᎢᏥᏪᏍᏗᏱ ᎢᏣᎵᏍᏕᎵᏍᎬᎢ.
15. ᎠᏴᏰᏃ ᏓᏨᏁᎵ ᎢᏥᏪᏍᏗᏱ ᎠᎴ ᎠᎦᏙᎥᎯᏍᏗ ᎨᏒ ᎾᏍᎩ ᏂᎦᏛ ᎨᏣᏈᏗᏍᎩ ᏰᎵ ᏗᎬᏩᏂᎦᏘᎸᏍᏗ ᎠᎴ ᎬᏩᏂᏎᎷᎩᏍᏗ ᏂᎨᏒᎾ ᎨᏎᏍᏗ.
16. ᎠᎴ ᏕᎨᏥᏲᏍᎨᏍᏗ ᏗᏥᎦᏴᎵᎨᎢ, ᎠᎴ ᎢᏣᎵᏅᏟ, ᎠᎴ ᎪᎱᏍᏗ ᏗᏣᏓᏛᎿᎭ ᎠᎴ ᏗᏣᎵᎢ; ᎠᎴ ᎾᏍᎩ ᏅᏛᏅᏂᏌᏂ ᎩᎶ ᏂᎯ ᏤᏥᎢᏍᏗ ᎨᏎᏍᏗ.
17. ᎠᎴ ᏂᎦᏗᏳ ᏴᏫ ᎨᏥᏍᎦᎩ ᎨᏎᏍᏗ ᏴᏫ ᏓᏆᏙᎥ ᏅᏗᎦᎵᏍᏙᏗᏍᎨᏍᏗ.
18. ᎠᏎᏃ ᎥᏝ ᏌᏉᎤᏅ ᎢᏥᏍᏗᏰᎬ ᎢᏥᏍᎪᎵ ᎤᏲᎱᎯᏍᏗ ᏱᎨᏎᏍᏗ.
19. ᏗᏨᏂᏗᏳ ᎨᏒ ᏕᏥᏍᏕᎸᏙᏗᏍᎨᏍᏗ ᏗᏣᏓᏅᏙᎩ.
20. ᏥᎷᏏᎵᎻᏃ ᎢᏥᎪᏩᏘᏍᎨᏍᏗ ᎠᏂᏯᏫᏍᎩ ᎿᎭᏉ ᏚᎾᏚᏫᏍᏕᏍᏗ, ᎢᏥᎦᏔᎮᏍᏗ ᎾᏍᎩ ᎤᏲᎢᏍᏗ ᎨᏒ ᎤᏍᏆᎸᎯᏗᏒᎢ.
21. ᎿᎭᏉ ᎾᏍᎩ ᏧᏗᏱ ᎠᏁᎯ ᎠᎾᎵᏒᎭ ᎣᏓᎵ ᏩᏂᎶᏒᎭ; ᎠᎴ ᎾᏍᎩ ᎠᏰᎵ ᎨᏒ ᎠᏁᏙᎯ ᎠᏂᏄᎪᏨᎭ; ᎢᏴᏛᏃ ᏭᏩᎫᏛ ᏗᏁᎯ ᏞᏍᏗ ᎾᎿᎭᏳᏂᏴᎴᏍᏗ.
22. ᎤᏞᎩᏰᏃ ᎾᎯᏳ ᎨᏒ ᎤᎵᏱᎶᎯᏍᏗ ᎨᏎᏍᏗ, ᎾᏍᎩ ᏂᎦᏗᏳ ᎪᏪᎳᏅᎯ ᎨᏒ ᎾᏍᎩ ᎢᏳᎵᏍᏙᏗᏱ.
23. ᏗᏂᏁᎵᏛᏍᎩᏂ ᎠᎴ ᏧᏂᏍᏓᎢ ᎤᏲᎢᏳ ᎢᏳᎾᎵᏍᏓᏁᏗ ᎨᏎᏍᏗ ᎾᎯᏳ ᎨᏒᎢ! ᎤᏣᏘᏰᏃ ᎠᎩᎵᏯ ᎡᎮᏍᏗ ᎠᏂ ᎦᏙᎯ, ᎠᎴ ᎤᏔᎳᏬᎯᏍᏗ ᎨᏒ ᎤᏂᎷᏤᏗ ᎨᏎᏍᏗ ᎯᎠ ᏴᏫ.
24. ᎠᏰᎳᏍᏗᏃ-ᎦᏅᎯᏛ ᏧᏂᏅᎢᏍᏙᏗ ᎨᏎᏍᏗ, ᎠᎴ ᏗᎨᏥᏴᎩᏅᎯ ᏧᎾᏓᎴᏅᏛ ᏴᏫ ᏓᏁᏩᏗᏒ ᏫᏗᎨᎦᏘᏅᏍᏛᏗ ᎨᏎᏍᏗ; ᏥᎷᏏᎵᎻᏃ ᏧᎾᏓᎴᏅᏛ ᏴᏫ ᎤᎾᎳᏍᏓᎡᏗ ᎨᏎᏍᏗ, ᎬᏂ ᎠᏍᏆᏛᎭ ᏧᎾᏓᎴᏅᏛ ᏴᏫ ᎨᎦᏓᏁᎳᏁᎸᎯ ᎨᏒᎢ.
25. ᎤᏰᎸᏛᏃ ᎠᎪᏩᏛᏗ ᎨᏎᏍᏗ ᏅᏙ ᎢᎦ ᎡᎯ ᎧᎸᎢ, ᎠᎴ ᏅᏙ ᏒᏃᏱ ᎡᎯ ᎧᎸᎢ, ᎠᎴ ᏃᏈᏏ ᎠᏂᎧᎸᎢ; ᎠᎴ ᎡᎶᎯ ᏧᎾᏓᎴᏅᏛ ᏴᏫ ᎠᏁᎲ ᎤᏪᎵᎯᏍᏗ, ᎠᎴ ᎤᏕᏯᏙᏗ ᏅᏓᏳᎾᎵᏍᏓᏁᎵ; ᎠᎺᏉᎯ ᎠᎴ ᎠᎹ ᏓᎵᏍᏗᎳᏁᎬ ᎤᏍᏆᏃᏴᎨᏍᏗ;
26. ᏴᏫ ᏚᎾᏓᏅᏛ ᏚᎸᏕᎯᎮᏍᏗ ᏅᏗᎦᎵᏍᏙᏗᏍᎨᏍᏗ ᎠᏂᎾᏰᏍᎬ ᎠᎴ ᎠᏂᎦᏖᏃᎲ ᎾᏍᎩ ᏧᏓᎴᏅᏛ ᎡᎳᏂᎬ ᎤᎾᏄᎪᎢᏍᏗ ᎨᏒᎢ; ᎤᏂᏣᏘᏰᏃ ᎦᎸᎶ ᏣᏂᎧᎳ ᏛᎾᎵᏖᎸᏂ.
27. ᎿᎭᏉᏃ ᏛᏂᎪᎯ ᏴᏫ ᎤᏪᏥ ᏣᎢᏎᏍᏗ ᎤᎶᎩᎸᎢ ᎤᎵᏂᎩᏛ ᎠᎴ ᎤᏣᏘ ᎦᎸᏉᏗ ᏅᏧᏛᎿᎭᏗᏎᏍᏗ.
28. ᎾᏍᎩᏃ ᎯᎠ ᏧᏓᎴᏅᏛ ᎠᎴᏅᎲᎭ ᎾᏍᎩ ᏂᎦᎵᏍᏗᏍᎨᏍᏗ, ᎿᎭᏉ ᎦᎸᎳᏗ ᏫᏗᏣᎧᎾᏅᎭ, ᎠᎴ ᏕᏥᏌᎳᏓᏅᎭ ᏗᏥᏍᎪᎵ; ᎡᏧᏓᎴᏍᏗᏰᏃ ᎨᏒ ᎾᎥᏂᏳ ᏣᎢᏎᏍᏗ.
29. ᎤᏁᏤᏃ ᏚᏟᎶᏍᏓᏁᎴᎢ; ᏗᏣᎧᏅᎦ ᎡᎦᏔ-ᎢᏳᏍᏗ ᏡᎬᎢ, ᎠᎴ ᏂᎦᎥ ᏕᏡᎬᎢ;
30. ᎿᎭᏉ ᎩᎳ ᏥᎦᎳᏍᏚᎲᏍᎪᎢ, ᎾᏍᎩ ᎢᏥᎪᏩᏛ ᎢᏨᏒᏉ ᎨᏒ ᎢᏥᎦᏔᎰᎪᎩ ᎿᎭᏉ ᎾᎥᏂᏳ ᎨᏒᎢ.
31. ᎾᏍᎩᏯ ᎾᏍᏉ ᏂᎯ ᎯᎠ ᎾᏍᎩ ᏧᏓᎴᏅᏛ ᏂᎦᎵᏍᏗᏍᎬ ᎢᏥᎪᏩᏘᏍᎨᏍᏗ, ᎢᏥᎦᏔᎮᏍᏗ ᎤᏁᎳᏅᎯ ᎤᎬᏫᏳᎯ ᎨᏒ ᎾᎥᏂᏳ ᎨᏒᎢ.
32. ᎤᏙᎯᏳᎯᏯ ᎯᎠ ᏂᏨᏪᏎᎭ, ᎪᎯ ᏣᏁᎭ ᎥᏝ ᏴᏛᏂᎶᏐᏂ ᎬᏂ ᎾᏍᎩ ᎯᎠ ᏂᎦᏗᏳ ᏂᎦᎵᏍᏔᏅᎭ.
33. ᎦᎸᎶᎢ ᎠᎴ ᎡᎶᎯ ᏛᏂᎶᏐᏂ; ᎠᎩᏁᏨᏍᎩᏂ ᎥᏝ ᏴᏓᎦᎶᏐᏂ.
34. ᎠᎴ ᎢᏣᏓᎦᏌᏯᏍᏕᏍᏗ ᎢᏨᏒ ᎨᏒᎢ, ᏞᏍᏗ ᎢᎸᎯᏳ ᏕᏣᏓᏅᏛ ᎦᎨᏛ ᏱᏂᏣᎵᏍᏓᏁᎮᏍᏗ ᏱᏅᏗᎦᎵᏍᏙᏗᏍᎨᏍᏗ ᎢᏥᎶᏒᏍᏗᏍᎬ ᎢᏣᎵᏍᏓᏴᎲᏍᎬᎢ, ᎠᎴ ᏕᏥᏴᏍᏕᏍᎬᎢ, ᎠᎴ ᎡᎶᎯ ᎠᏓᏅᏖᏗ ᎨᏒᎢ, ᎾᏍᎩᏃ ᎾᎯᏳ ᎢᎦ ᏂᏤᎵᏍᎬᎾ ᎢᏥᎷᏤᏗᏱ.
35. ᏣᏌᏙᏰᏃ ᎢᎦᎦᏛ ᏓᏳᏂᎷᏤᎵ ᏂᎬᎾᏛ ᏗᏁᎯ.
36. ᎾᏍᎩ ᎢᏳᏍᏗ ᎢᏥᏯᏫᏍᎨᏍᏗ ᏂᎪᎯᎸᎢ, ᎢᏣᏓᏙᎵᏍᏗᏍᎨᏍᏗ, ᎾᏍᎩᏃ ᏰᎵᏉ ᎯᎠ ᏂᎦᏛ ᏧᏓᎴᏅᏛ ᎤᎵᏰᎢᎶᎯᏍᏗ ᏥᎩ ᎬᏩᎾᏗᏫᏎᏗ, ᎠᎴ ᏴᏫ ᎤᏪᏤ ᎤᏬᎸ ᎢᎬᏱᏗᏢ ᎬᏩᎾᎴᏗ ᎦᏰᏤᎵᏎᏗ ᏱᏂᎦᎵᏍᏓ.
37. ᎢᎦᏃ ᎨᏒ ᏓᏕᏲᎲᏍᎨ ᎤᏛᎾᏗᎦᎳᏫᎢᏍᏗᏱ; ᎤᏒᏃ ᎦᏄᎪᎨᎢ, ᎠᎴ ᎣᎵᏩᏲᎯ ᏣᏃᏎᎰ ᎣᏓᎸ ᎤᏒᎯᎮᎢ.
38. ᏂᎦᏛᏃ ᏴᏫ ᏑᎾᎴᎢᏳ ᎬᏩᎷᏤᎮ ᎤᏛᎾ-ᏗᎦᎳᏫᎢᏍᏗᏱ ᎬᏩᏛᏓᏍᏓᏁᏗᏱ.

== Luke 22 ==
1. ᎾᎪᏔᏅᎾᏃ ᎦᏚ ᎠᎩᏍᏗᏱ ᎤᏍᏆᎸᎯᏗᏎᎢ, ᎾᏍᎩ ᎧᏃᎯᏰᏃ ᏗᎵᏍᏓᏴᏗᏱ ᏥᏚᏙᎠ.
2. ᏄᏂᎬᏫᏳᏒᏃ ᎠᏥᎸ-ᎠᏁᎶᎯ ᎠᎴ ᏗᏃᏪᎵᏍᎩ ᎤᏂᏲᎴ ᎢᏳᏅᏁᏗᏱ ᎤᏂᎯᏍᏗᏱ; ᏓᏂᏍᎦᎢᎮᏰᏃ ᏴᏫ.
3. ᎿᎭᏉᏃ ᏎᏓᏂ ᎤᏴᏎᎴ ᏧᏓᏏ ᎢᏍᎦᎳᏗ ᏧᏙᎢᏛ, ᎾᏍᎩ ᎨᎳ ᎨᏎ ᏔᎳᏚ ᎢᏯᏂᏛ ᎨᏒᎢ.
4. ᎤᏪᏅᏎᏃ ᏫᏚᎵᏃᎮᏔᏁ ᏄᏂᎬᏫᏳᏒ ᎠᏥᎸ-ᎠᏁᎶᎯ ᎠᎴ ᏗᎾᏓᏂᏱᏍᎩ, ᎢᏳᏩᏁᏗᏱ [ᏥᏌ] ᏧᏲᎯᏎᏗᏱ.
5. ᎤᎾᎵᎮᎵᏤᏃ, ᎠᎴ ᎬᏩᏁᏤᎴ ᎠᏕᎸ ᏗᎬᏩᏁᏗᏱ.
6. ᎤᏚᎢᏍᏔᏁᏃ, ᎠᎴ ᎤᏲᎴ ᏧᏲᎯᏎᏗᏱ, ᎾᎯᏳ ᎤᏂᎪᏁᎸ ᎤᏂᏣᏘ.
7. ᎿᎭᏉᏃ ᎤᏍᏆᎸᎮ ᎾᎪᏔᏅᎾ ᎨᏒ ᎦᏚ ᎠᎩᏍᏗᏱ, ᎾᏍᎩ ᎧᏃᎯᏰᎩ ᏗᎵᏍᏓᏴᏗᏱ ᎠᎯᏍᏗ ᎨᏒᎢ.
8. [ᏥᏌᏃ] ᏚᏅᏎ ᏈᏓ ᎠᎴ ᏣᏂ, ᎯᎠ ᏄᏪᏎᎢ, ᎢᏍᏕᎾ ᏫᏍᏓᏛᏅᎢᏍᏓ ᎧᏃᎯᏰᎩ, ᎾᏍᎩ ᎢᎦᎵᏍᏓᏴᏗᏱ.
9. ᎯᎠᏃ ᏂᎬᏩᏪᏎᎴᎢ, ᎭᏢ ᏣᏚᎵᎭ ᎣᎩᎾᏛᏅᎢᏍᏙᏗᏱ?
10. ᎯᎠᏃ ᏂᏚᏪᏎᎴᎢ, ᎬᏂᏳᏉ, ᎦᏚᎲ ᎢᏍᏗᏴᎸᎭ, ᎠᏍᎦᏯ ᏙᏓᏣᏠᏏ, ᎠᏰᎮᏍᏗ ᎠᏖᎵᏙ ᎠᎹ ᎠᏟᏍᏕᏍᏗ; ᎡᏍᏗᏍᏓᏩᏕᏒᎭ ᎠᏓᏁᎸ ᏭᏴᎸᎢ ᏫᏍᏗᎷᏨᎭ.
11. ᎯᎠᏃ ᏁᏍᏗᏪᏎᎸᎭ ᎠᏍᎦᏯ ᎦᏁᎳ, ᏗᏕᏲᎲᏍᎩ ᎯᎠ ᏅᏗᏣᏪᏎᎭ, ᎭᏢ ᎠᏁᏙᎯ ᎤᏂᏴᏍᏗᏱ ᎾᎿᎭᎧᏃᎯᏰᎩ ᎢᏧᎳᎭ ᎣᎦᎵᏍᏓᏴᏗᏱ ᎬᎩᏍᏓᏩᏗᏙᎯ?
12. ᏓᏍᏓᏎᎮᎵᏃ ᎤᏛᎾ ᎦᎸᎳᏗ ᎧᏅᏑᎸ ᎣᏍᏛ ᎢᎬᏁᎸᎯ; ᎾᎿᎭᎢᏍᏓᏛᏅᎢᏍᏔᏅᎭ.
13. ᎤᏁᏅᏎᏃ ᎠᎴ ᏭᏂᏩᏛᎮ ᎾᏍᎩᏯ ᏂᏚᏪᏎᎸᎢ; ᎤᎾᏛᏅᎢᏍᏔᏁᏃ ᎧᏃᎯᏰᎩ ᏗᎵᏍᏓᏴᏗᏱ.
14. ᎤᏍᏆᎸᎲᏃ ᎾᎯᏳ ᎨᏒᎢ, ᎤᏂᏏᏁᎢ, ᎠᎴ ᎾᏍᏉ ᏔᎳᏚ ᎢᏯᏂᏛ ᎨᏥᏅᏏᏛ.
15. ᎯᎠᏃ ᏂᏚᏪᏎᎴᎢ, ᎤᏣᏘ ᎠᏆᏚᎵᏍᎬᎩ ᎯᎠ ᎧᏃᎯᏰᎩ ᎢᏧᎳᎭ ᎢᎦᎵᏍᏓᏴᏗᏱ ᎠᏏᏉ ᎾᎩᎩᎵᏲᏨᎾ.
16. ᎢᏨᏲᏎᏰᏃ ᎥᏝ ᎿᎭᏉ ᎯᎠ ᎾᏍᎩ ᏴᎦᎦᎵᏍᏓᏴᏓ ᎬᏂ ᎤᎵᏍᏆᏛᎯ ᎨᏎᏍᏗ ᎤᏁᎳᏅᎯ ᎾᎿᎭᎤᎬᏫᏳᎯ ᎨᏒᎢ.
17. ᎤᎩᏒᏃ ᎤᎵᏍᏈᏗ, ᎠᎴ ᎤᎵᎮᎵᏨ, ᎯᎠ ᏄᏪᏎᎢ; ᎯᎠ ᎢᏥᎩ ᎠᎴ ᎢᏥᏯᏙᎦ ᎢᏨᏒ ᎨᏒᎢ.
18. ᎯᎠᏰᏃ ᏂᏨᏪᏎᎭ, ᎥᏝ ᏴᎦᎦᏗᏔ ᏖᎸᎳᏗ ᎤᏁᏅᎯ ᎬᏂ ᎤᏁᎳᏅᎯ ᎤᎬᏫᏳᎯ ᎨᏒ ᎠᎵᏰᎢᎶᎸᎭ.
19. ᎦᏚᏃ ᎤᎩᏎᎢ, ᎠᎴ ᎤᎵᎮᎵᏨ, ᎤᎬᎭᎷᏰᎢ, ᎠᎴ ᏚᏁᎴᎢ, ᎯᎠ ᏄᏪᏎᎢ, ᎯᎠ ᎾᏍᎩ ᎠᏴ ᏥᏰᎸᎢ, ᎾᏍᎩ ᏂᎯ ᎡᏣᎫᏴᏔᏅᎯ ᏥᎩ, ᎯᎠ ᎾᏍᎩ ᏂᏣᏛᏁᎮᏍᏗ ᎠᏴ ᏍᎩᏯᏅᏓᏗᏍᎨᏍᏗ.
20. ᎾᏍᎩᏯ ᎾᏍᏉ ᎤᎵᏍᏈᏗ [ᏅᎩᏎ] ᎤᎾᎵᏍᏓᏴᏃᏅ, ᎯᎠ ᏄᏪᏎᎢ, ᎯᎠ ᎾᏍᎩ ᎤᎵᏍᏈᏗ ᎢᏤ ᎧᏃᎮᏛ ᏓᏠᎯᏍᏛᎢ ᎠᏴ ᎠᎩᎩᎬᎯ, ᎾᏍᎩ ᏂᎯ ᎢᏣᏤᏬᏤᎸᎯ ᏥᎩ.
21. ᎠᏎᏃ ᎬᏂᏳᏉ ᎾᏍᎩ ᎤᏬᏰᏂ ᎠᏆᏡᏗᏍᎩ ᎣᎩᎾᏖᏆᎶᎭ ᎠᏂ ᎦᏍᎩᎸᎢ.
22. ᎠᎴ ᎤᏙᎯᏳᎯᏯ ᎠᏴ ᎤᏪᏥ ᏓᏰᏏ ᎾᏍᎩᏯ ᏚᏚᎪᏔᏅᎢ, ᎠᏎᏃ ᎤᏲᎢᏳ ᎢᏳᎵᏍᏓᏁᏗ ᎾᏍᎩ Ꮎ ᎠᏍᎦᏯ ᎤᏡᏗᏍᎩ
23. ᎤᎾᎴᏅᎮᏃ ᏚᎾᏓᏛᏛᏁ ᎤᏅᏒ ᎨᏒ, ᎾᏍᎩ ᏅᏗᏛᏁᎵᏒ ᎯᎠ.
24. ᎠᎴ ᎾᏍᏉ ᎠᎾᏗᏒᎯᎮ ᎾᏍᎩ Ꮎ ᎤᏅᏒ ᎨᏒ ᎤᏟ ᎠᏥᎸᏉᏗᏳ ᎢᏳᎵᏍᏙᏗ ᎨᏒᎢ
25. ᎯᎠᏃ ᏂᏚᏪᏎᎴᎢ, ᎤᏂᎬᏫᏳᎯ ᏧᎾᏓᎴᏅᏛ ᏴᏫ ᏧᎾᏤᎵᎦ, ᏗᎬᏩᎾᏁᎶᏛᏗᏱ ᎾᏅᏁᎰ ᏴᏫ; ᎠᎴ ᎾᏍᎩ ᏗᎬᏩᎾᏁᎶᏙᏗ ᎢᏯᏅᏁᎯ ᎣᏍᏛ ᎢᏗᎾᏛᏁᎯ ᎨᎪᏎᎰᎢ.
26. ᏂᎯᏍᎩᏂ ᎥᏞᏍᏗ ᎾᏍᎩ ᏱᏂᏨᏁᏍᏗ; ᎾᏍᎩᏍᎩᏂ Ꮎ ᏂᎯ ᏂᏣᏛᏅ ᎤᏟ ᎢᏯᏥᎸᏉᏗ; ᎾᏍᎩ ᎠᏫᎾᎨ ᎾᏍᎩᏯ ᎨᏎᏍᏗ; ᎾᏍᎩᏯ Ꮎ ᏄᎬᏫᏳᏌᏕᎩ ᏗᏍᏕᎸᎯᏙᎯ ᎾᏍᎩᏯ ᎨᏎᏍᏗ.
27. ᎦᎪᏰᏃ ᎤᏟ ᎠᏥᎸᏉᏗᏳ, ᎠᎵᏍᏓᏴᎲᏍᎩ ᎠᏃ ᎠᏓᏍᏕᎸᎯᏙᎯ? ᏝᏍᎪ ᎾᏍᎩ Ꮎ ᎠᎵᏍᏓᏴᎲᏍᎩ? ᎠᏴᏍᎩᏂ ᎢᏨᏰᎳᏗᏙᎭ ᎠᏓᏍᏕᎸᎯᏙᎯ ᎾᏍᎩᏯᎢ.
28. ᏂᎯᏍᎩᏂ ᎾᏍᎩ ᏂᏥᏑᎵᎪᎬᎾ ᎢᎨᏙᎸᎯ ᎤᏲ ᎾᏆᎵᏍᏓᏁᎵᏙᎲᎢ;
29. ᎠᎴ ᎢᏨᏯᎵᏍᎪᎸᏓᏁᎭ ᎢᏥᎬᏫᏳᎯ ᎢᏣᎵᏍᏙᏗᏱ, ᎾᏍᎩᏯ ᎡᏙᏓ ᎠᏴ ᏣᏆᎵᏍᎪᎸᏓᏁᎸ;
30. ᎾᏍᎩ ᎢᏣᎵᏍᏓᏴᏗᏱ ᎠᎴ ᎢᏣᏗᏔᏍᏗᏱ ᎠᎩᏍᎩᎸ ᎾᎿᎭᎠᎩᎬᏫᏳᎯ ᎨᏒᎢ, ᎠᎴ ᎢᏣᏅᏗᏱ ᎤᏂᎬᏫᏳᎯ ᏧᏂᏗᏱ ᏕᎦᏍᎩᎸᎢ, ᏗᏧᎪᏓᏁᏗᏱ ᏔᎳᏚ ᎾᏂᎳᏍᏓᎸ ᎢᏏᎵ.
31. ᎤᎬᏫᏳᎯᏃ ᎯᎠ ᏄᏪᏎᎢ, ᏌᏩᏂ, ᏌᏩᏂ, ᎬᏂᏳᏉ, ᏎᏓᏂ ᎤᏔᏲᎸ ᎠᎦᎵᏍᎪᎸᏓᏁᏗᏱ ᎢᏨᎫᏍᏙᏗᏱ ᎤᏣᎴᏍᏗ ᏣᏅᎫᏍᏗᏍᎪ ᎾᏍᎩᏯᎢ.
32. ᎠᏎᏃ ᎠᏆᏓᏙᎵᏍᏔᏅ ᎡᏣᏍᏕᎸᏗᏱ, ᎾᏍᎩ ᏦᎯᏳᏒ ᎤᏓᎵᏛᏙᏗᏱ ᏂᎨᏒᎾ; ᏣᎦᏔᎲᏛᏃ ᎨᏎᏍᏗ ᏕᎭᎵᏂᎪᎯᏍᏔᏅᎭ ᎢᏣᎵᏅᏟ.
33. ᎯᎠᏃ ᏄᏪᏎᎴᎢ; ᏣᎬᏫᏳᎯ, ᎠᏆᏛᏅᎢᏍᏗ ᎬᏍᏓᏩᏛᏍᏗᏱ ᎾᏍᏉ ᏗᏓᏍᏚᏗᏱ ᎠᎴ ᎠᏲᎱᎯᏍᏗ ᎨᏒᎢ.
34. ᎯᎠᏃ ᏄᏪᏎᎢ ᎬᏲᏎᎭ ᏈᏓ, ᏣᏔᎦ ᎥᏝ ᏴᏛᏴᎳᏏ ᎪᎯ ᎢᎦ ᎬᏂ ᏦᎢ ᎢᏣᏓᏱᎸᎯ ᎨᏎᏍᏗ ᎠᏴ ᏍᎩᎦᏔᎲᎢ.
35. ᎯᎠᏃ ᏂᏚᏪᏎᎴᎢ, ᏥᏨᏅᏒᎩ ᏂᏗᏥᏁᎲᎾ ᎠᏕᎸ-ᏗᎦᎶᏗ, ᎠᎴ ᏕᎦᎶᏗ, ᎠᎴ ᏗᎳᏑᎶ, ᎪᎱᏍᏗᏍᎪ ᎢᏥᏂᎬᏎᎮᎢ? ᎥᏝ ᎪᎱᏍᏗ, ᎤᎾᏛᏁᎢ.
36. ᎿᎭᏉᏃ ᎯᎠ ᏂᏚᏪᏎᎴᎢ, ᎪᎯᏍᎩᏂ ᏥᎩ, ᎩᎶ ᎠᏕᎸ-ᏗᎦᎶᏗ ᎤᎾᎡᏍᏗ, ᎦᏁᎨᏍᏗ, ᎠᎴ ᎾᏍᏉ ᏕᎦᎶᏗ; ᎩᎶᏃ ᎠᏰᎳᏍᏗ ᎦᏅᎯᏛ ᏄᏩᏴᎾ ᎨᏎᏍᏗ, ᏫᎦᎾᏚᎦ ᎤᏄᏬ ᎠᎴ ᏭᏩᎯ.
37. ᎢᏨᏲᏎᎭᏰᏃ, ᎯᎠ ᎾᏍᎩ ᏥᎪᏪᎳ ᎠᏎ ᎠᏏ ᏛᏙᎯᏳᏂ ᎠᏴ ᏅᏓᎬᏂᏌᏂ; “ᎠᎴ ᎠᏂᏍᎦᎾ ᎨᎦᏎᎸᎢ ᎾᏍᎩ ᎠᎦᏠᏯᏍᏔᏅᎩ;” ᎠᏴᏰᏃ ᎠᎩᏃᎮᏍᎬ ᎠᏎ ᎾᏍᎩ ᏅᏓᎦᎵᏍᏔᏂ.
38. ᎯᎠᏃ ᏄᏂᏪᏎᎢ, ᏣᎬᏫᏳᎯ, ᎬᏂᏳᏉ, ᎠᏂ ᏔᎵ ᎠᏰᎳᏍᏗ-ᏗᎦᏅᎯᏛ; ᎯᎠᏃ ᏂᏑᏪᏎᎴᎢ, ᏰᎵᏉ ᎾᏍᎩ.
39. ᎠᎴ ᏧᏄᎪᏨ, ᎤᏪᏅᏎ ᎣᎵᏩᏲ ᎤᏌᎯᎸᎢ ᎾᏍᎩ ᎢᏳᏛᏁᏗ ᎨᏒᎢ; ᎠᎴ ᎬᏩᏍᏓᏩᏗᏙᎯ ᎾᏍᏉ ᎬᏩᏍᏓᏩᏛᏎᎢ.
40. ᎾᎿᎭᏃ ᏭᎷᏧ, ᎯᎠ ᏂᏚᏪᏎᎴᎢ, ᎢᏣᏓᏙᎵᏍᏓ ᎤᏓᎴᎾᏍᏗᏱ ᎨᏒ ᏫᏥᏴᏍᏗᏱ ᏂᎨᏒᎾ ᎨᏒᎢ.
41. ᏚᏓᏅᎡᎴᏃ ᏅᏯ ᏫᎬᏗᏅᏗ ᎢᏴᏛ ᎠᎴ ᏚᎵᏂᏆᏁ ᎤᏓᏙᎵᏍᏔᏁᎢ,
42. ᎯᎠ ᏄᏪᏎᎢ, ᎡᏙᏓ, ᎢᏳᏃ ᎣᏏᏳ ᏱᏣᏰᎸᏅ ᏍᎩᎲᏏᏉ ᎯᎠ ᎤᎵᏍᏈᏗ; ᎠᏎᏃ ᎥᏞᏍᏗ ᎠᏴ ᎦᏓᏅᏖᏍᎬᎢ, ᏂᎯᏍᎩᏂ ᎭᏓᏅᏖᏍᎬ ᏫᏂᎦᎵᏍᏓ.
43. ᎬᏂᎨᏒᏃ ᏄᏛᏁᎴ ᏗᎧᎿᎭᏩᏗᏙᎯ ᎦᎸᎳᏗ ᏅᏓᏳᎶᏒᎯ, ᎤᎵᏂᎪᎯᏍᏗᏍᎨᎢ.
44. ᎤᏣᏘᏃ ᎡᎯᏍᏗ ᎤᏓᏅᏖ ᎤᏟ ᎢᏳᎵᏂᎩᏛ ᎤᏓᏙᎵᏍᏔᏁᎢ; ᎠᎴ ᎠᎵ ᎤᎯᎲ ᎾᏍᎩᏯ ᎨᏎ ᎩᎬ ᎡᏉᎯᏳ ᎦᏙᎯ ᏥᏫᏗᎦᏬᎪᎢ.
45. ᏚᎴᏅᏃ ᎠᏓᏙᎵᏍᏗᏍᎬ ᎠᎴ ᏫᏙᎤᎷᏤᎸ ᎬᏩᏍᏓᏩᏗᏙᎯ, ᏚᏩᏛᎮ ᏓᏂᎵᎮ ᎤᏲ ᎤᏂᏰᎸᏒ ᎢᏳᏍᏗ.
46. ᎯᎠᏃ ᏂᏚᏪᏎᎴᎢ, ᎦᏙᏃ ᎢᏥᎵᎾᎠ? ᏗᏣᎴᎲᎦ ᎢᏣᏓᏙᎵᏍᏗ, ᎾᏍᎩ ᎤᏓᎴᎾᏍᏗᏱ ᎨᏒ ᏫᏥᏴᏍᏗᏱ ᏂᎨᏒᎾ.
47. ᎠᏏᏉᏃ ᎧᏁᎨᎢ, ᎬᏂᏳᏉ ᎤᏂᏣᏘ, ᎾᏃ ᏧᏓᏏ ᏣᎪᏎᎮᎢ, ᎾᏍᎩ ᏔᎳᏚ ᎢᏯᏂᏛ ᎨᏒ ᎨᎳ, ᎢᎬᏱ ᎠᎢᏎ, ᎠᎴ ᎾᎥ ᎤᎷᏤᎴ ᏥᏌ ᏧᏔᏪᏙᏂᏎᎢ,
48. ᏥᏌᏃ ᎯᎠ ᏄᏪᏎᎴᎢ, ᏧᏓᏏ, ᎯᏯᏔᏬᏙᎲᏍᎬᏍᎪ ᎯᎶᏄᎡᏗᎭ ᏴᏫ ᎤᏪᏥ?
49. ᎾᎥᏃ ᎠᏁᏙᎯ ᎤᎾᏙᎴᎰᏒ ᏄᏍᏛ ᏫᎬᏩᎵᏰᎢᎶᎯᏍᏗ ᎨᏒ, ᎯᎠ ᏂᎬᏩᏪᏎᎴᎢ, ᏣᎬᏫᏳᎯ, ᎠᏰᎳᏍᏗᏍᎪ-ᎦᏅᎯᏛ ᏙᏓᏲᏥᎷᏯᏍᏔᏂ?
50. ᎠᏏᏴᏫᏃ ᎤᎷᏰ ᏄᎬᏫᏳᏒ ᎠᏥᎸᎨᎶᎯ ᎤᏅᏏᏓᏍᏗ, ᎠᎴ ᎤᎵᏍᏕᏍᏔᏁ ᎠᎦᏘᏏ ᎦᎴᏂ.
51. ᏥᏌᏃ ᎤᏁᏨ ᎯᎠ ᏄᏪᏎᎢ, ᎤᎾᏁᎳᎩ, ᎾᏍᎩᏉ ᎢᎦᎢ ᎤᏒᏁᎴᏃ ᎦᎴᏂ ᎠᎴ ᎤᏅᏩᏁᎢ
52. ᎿᎭᏉᏃ ᏥᏌ ᎯᎠ ᏂᏚᏪᏎᎴ ᏄᏂᎬᏫᏳᏒ ᎠᏥᎸ-ᎠᏁᎶᎯ, ᎠᎴ ᎣᏍᏛ ᎢᏳᏅᎿᎭᏕᎩ ᎤᏛᎾ-ᏗᎦᎳᏫᎢᏍᏗᏱ, ᎠᎴ ᏗᏂᎳᏫᎩ, ᎾᏍᎩ ᎬᏩᏂᏴᎯᎸᎯ, ᎢᏥᎷᎩᏍᎪ ᎠᏓᎾᏌᎲᏍᎩ ᏤᏥᏲᎰ ᎾᏍᎩᏯᎢ, ᎠᏰᎳᏍᏗ-ᏗᎦᏅᎯᏛ ᎠᎴ ᎠᏓ ᏥᏕᏥᏁᎭ?
53. ᏂᏑᎩᏨᏂᏒ ᎢᏨᏰᎳᏗᏙᎲ ᎤᏛᎾ-ᏗᎦᎳᏫᎢᏍᏗᏱ, ᎥᏝ ᏱᏣᏁᎶᏔᏁ ᏍᎩᏂᏴᏗᏱ; ᎠᏎᏃ ᎢᏣᏤᎵᎦ ᎪᎯ ᏥᎩ, ᎠᎴ ᎤᎵᏏᎩ ᎤᎵᏂᎬᎬᎢ.
54. ᎿᎭᏉᏃ ᎬᏩᏂᏴᎮᎢ, ᎠᎴ ᎬᏩᏘᏅᏎ ᎠᎴ ᏫᎬᏩᏴᏔᏁ ᏄᎬᏫᏳᏒ ᎠᏥᎸᎨᎶᎯ ᏗᎦᏁᎸᎢ. ᏈᏓᏃ ᎢᏅ ᎣᏂ ᏗᎵᏍᏓᏩᏗᏎᎢ.
55. ᎿᎭᏉᏃ ᎤᏜᏓᏅᏛ ᎠᏰᎵ ᎤᏃᏔᏅ, ᎠᎴ ᎢᏧᎳᎭ ᎤᎾᏅᏅ, ᏈᏓ ᎤᏪᏁ ᎠᏂᏅᎢ.
56. ᎩᎶᏃ ᎢᏳᏍᏗ ᎠᏛ ᎤᎪᎲ ᎠᏥᎸᏳᎶᏗ ᎤᏬᎸᎢ, ᎠᎴ ᎤᏯᏅᏒᎯ ᏚᎧᎿᎭᏅ, ᎯᎠ ᏄᏪᏎᎢ, ᎯᎠ ᎠᏍᎦᏯ ᎾᏍᏉ ᏓᏁᏙᎲᎩ ᎾᏍᎩ.
57. ᎠᏎᏃ ᎤᏓᏱᎴ ᎯᎠ ᏄᏪᏎᎢ, ᎯᎨᏴ, ᎥᏝ ᏱᏥᎦᏔᎭ ᎾᏍᎩ.
58. ᎪᎯᏱᏃ ᎢᏴᏛ ᏅᏩᏓᎴ ᎤᎪᎲ, ᎯᎠ ᏄᏪᏎᎢ, ᏂᎯ ᎾᏍᏉ ᎾᎿᎭᎮᎸ ᎢᎩ. ᏈᏓᏃ ᎯᎠ ᏄᏪᏎᎢ, ᎯᏍᎦᏯ, ᎥᏝ ᎠᏴ ᎾᎿᎭᎨᎸ ᏱᎩ.
59. ᎣᏂᏃ ᏑᏟᎶᏛ ᎢᏴᏛ ᎢᎪᎯᏛ, ᏅᏩᏓᎴ ᎾᏍᎩ ᎤᏙᎯᏳᎯ ᎨᏒ ᎤᏍᏓᏱᏕᎢ, ᎯᎠ ᏄᏪᏎᎢ; ᎤᏙᎯᏳᎯ ᎯᎠ ᎾᏍᏉ ᏓᏁᏙᎲᎩ; ᎨᎵᎵᏰᏃ ᏕᎯ ᎢᎩ.
60. ᏈᏓᏃ ᎯᎠ ᏄᏪᏎᎢ; ᎯᏍᎦᏯ, ᎥᏝ ᏱᎪᎵᎦ ᏂᏪᏍᎬᎢ. ᎩᎳᏉᏃ ᎢᏴᏛ, ᎠᏏᏉ ᎧᏁᎨᎢ, ᏣᏔᎦ ᎤᏴᎳᏎᎢ.
61. ᎤᎬᏫᏳᎯᏃ ᎤᎦᏔᎲᏒ ᏚᎧᎿᎭᏁ ᏈᏓ. ᏈᏓᏃ ᎤᏅᏓᏕ ᎤᏁᏨ ᎤᎬᏫᏳᎯ, ᎯᎠ ᏥᏄᏪᏎᎴᎢ; ᎠᏏᏉ ᏄᏴᎳᏒᎾ ᏣᏔᎦ ᏦᎢ ᏅᏓᏍᏆᏓᏱᎵ.
62. ᎤᏄᎪᏤᏃ ᏈᏓ, ᎠᎴ ᎡᎯᏍᏗ ᏚᏠᏱᎴᎢ
63. ᎠᏂᏍᎦᏯᏃ ᏥᏌ ᏗᎬᏩᏂᏴᎯ ᎦᎬᏩᏐᏢᏕ ᎠᎴ ᏕᎬᏩᏂᎮᎢ.
64. ᏕᎬᏩᎦᏚᏢᏅᏃ ᎤᎧᏛ ᏕᎬᏩᏂᎮᎢ, ᎬᏩᏛᏛᎲᏍᎨ ᎯᎠ ᎾᏂᏪᏍᎨᎢ, ᎭᏙᎴᎰᎯ, ᎦᎪ ᏥᏨᏂᎦ?
65. ᎠᎴ ᎤᏣᏘ ᎠᏏ ᎢᏳᏓᎴᎩ ᎪᎱᏍᏗ ᎬᏬᏎᎮ ᎬᏩᏐᏢᎢᏍᏗᏍᎬᎢ.
66. ᎢᎦᏉᏃ ᏄᎵᏍᏔᏅ ᏗᏂᎳᏫᎩ ᏴᏫ ᎠᏁᎲ ᎠᎴ ᏄᏂᎬᏫᏳᏒ ᎠᏥᎸᎠᏁᎶᎯ ᎠᎴ ᏗᏃᏪᎵᏍᎩ ᏚᏂᎳᏫᏤᎢ, ᎠᎴ ᏓᏂᎳᏫᎥ ᎬᏩᏘᏃᎴ ᎯᎠ ᏄᏂᏪᏎᎢ;
67. ᏂᎯᏍᎪ ᎦᎶᏁᏛ? ᏍᎩᏃᎲᏏ. ᎯᎠᏃ ᏂᏚᏪᏎᎴᎢ, ᎢᏳᏃ ᏱᏨᏃᏁᎸ ᎥᏝ ᏴᎨᏦᎯᏳᎲᎦ;
68. ᎠᎴ ᎾᏍᏉ ᏱᏨᏯᏛᏛᏅ ᎥᏝ ᏴᎨᏍᎩᏁᏥ, ᎠᎴ ᎥᏝ ᏱᏙᎨᏍᎩᏲᎯ.
69. ᎢᎸᎯᏳ ᏛᏍᏆᎸᎯ ᏴᏫ ᎤᏪᏥ ᏓᎦᏂ ᎠᎦᏘᏏᏗᏢ ᎤᎵᏂᎩᏛ ᎤᏁᎳᏅᎯ ᎤᏬᎸᎢ.
70. ᎿᎭᏉᏃ ᎯᎠ ᏄᏂᏪᏎ ᏂᎦᏛ, ᏂᎯᏍᎪ ᎤᏁᎳᏅᎯ ᎤᏪᏥ? ᎯᎠᏃ ᏂᏚᏪᏎᎴᎢ, ᏰᎵ ᏂᏥᏫ, ᎠᏴᏰᏃ ᎾᏍᎩ.
71. ᎯᎠᏃ ᏄᏂᏪᏎᎢ, ᎦᏙᏃ ᎢᎬᏙᏗ ᎠᏏ ᎪᎯᏳᏗᏍᎩ? ᎢᎬᏒᏰᏃ ᎡᏓᏛᎦᏏ ᎤᏩᏒ ᎧᏁᎬᎢ.

== Luke 23 ==
1. ᏂᎦᏛᏃ ᎾᏍᎩ ᎤᏂᏣᏘ ᎨᏒ ᏚᎾᎴᏅ ᏆᎴᏗ ᏫᎬᏩᏘᏃᎮᎴᎢ.
2. ᎠᎴ ᎤᎾᎴᏅᎮ ᎬᏭᎯᏍᏗᏍᎨ ᎯᎠ ᎾᏂᏪᏍᎨᎢ, ᎯᎠ ᎾᏍᎩ ᏙᏥᏩᏛᎲᎩ ᏕᏓᎴᎾᏍᏗᏍᎬᎩ ᏴᏫ, ᎠᎴ ᏕᎧᏅᏍᏓᏕᎲᎩ ᎠᏰᎵ ᎠᏕᎸ ᏏᏌ ᎠᎫᏴᎡᏗᏱ, ᎯᎠ ᏂᎧᏪᏍᎬᎩ, ᎠᏴ ᎠᎩᎬᏫᏳᎯ, ᎦᎶᏁᏛ.
3. ᏆᎴᏗᏃ ᎤᏛᏛᏁ, ᎯᎠ ᏄᏪᏎᎢ, ᏂᎯᏍᎪ ᏣᎬᏫᏳᎯ ᎠᏂᏧᏏ ᎤᎾᏤᎵᎦ? ᎤᏁᏤᎴᏃ ᎯᎠ ᏄᏪᏎᎢ, ᎾᏍᎩ ᏂᏫ.
4. ᏆᎴᏗᏃ ᎯᎠ ᏂᎦᏪᏎᎴ ᏄᏂᎬᏫᏳᏒ ᎠᏥᎸ-ᎠᏁᎶᎯ ᎠᎴ ᏴᏫ, ᎥᏝ ᏱᏥᏩᏘ ᎤᏍᎦᏅᏨ ᎯᎠ ᎠᏍᎦᏯ.
5. ᎠᏎᏃ ᎤᏂᏍᏓᏱᏕ ᎯᎠ ᎾᏂᏪᏍᎨᎢ, ᏓᏖᎸᎲᏍᎦ ᎯᎠ ᏴᏫ, ᏓᏕᏲᏂᏙᎭ ᏧᏗᏱ ᏂᎬᎾᏛᎢ, ᎨᎵᎵ ᏅᏓᎬᏩᏓᎴᏅᏛ ᎠᏂ ᎢᏯᏍᏘ.
6. ᏆᎴᏗᏃ ᎤᏛᎦᏅ ᎨᎵᎵ ᎠᏂᏁᎢᏍᏗᏍᎬ ᎤᏛᏛᏁ, ᎨᎵᎵᏍᎪ ᎡᎯ ᎯᎠ ᎠᏍᎦᏯ, ᎤᏛᏁᎢ.
7. ᎤᏙᎴᎰᏒᏉᏃ ᎡᎶᏛ ᎤᎬᏫᏳᎯ ᎨᏒ ᎾᎿᎭᎡᏗ ᎨᏒᎢ, ᎡᎶᏛ ᏭᏪᎧᏁᎴᎢ, ᎾᏍᎩ ᎡᎶᏛ ᎤᏩᏒ ᏥᎷᏏᎵᎻ ᎡᏙᎮ ᎾᎯᏳᎢ.
8. ᎡᎶᏛᏃ ᎤᎪᎲ ᏥᏌ, ᎤᏣᏘ ᎣᏎ ᎤᏰᎸᏁᎢ; ᎪᎯᏗᏳᏰᏃ ᏅᏩᏚᎵᏍᎨ ᎤᎪᏩᏛᏗᏱ, ᏅᏗᎦᎵᏍᏗᏙᏗᏍᎨ ᎤᏣᏘ ᏧᏓᎴᏅᏛ ᎠᏥᏃᎮᏍᎬ ᎤᏛᎦᏅᎢ, ᎠᎴ ᎤᏚᎩ ᎤᏩᏎ ᎤᎪᏩᏛᏗᏱ ᎪᎱᏍᏗ ᎤᏍᏆᏂᎪᏗ ᏚᎸᏫᏍᏓᏁᎲᎢ.
9. ᎤᏛᏛᎮᎸᏁᏃ ᎤᏣᏘ ᏧᏓᎴᏅᏛ, ᎠᏎᏃ ᎥᏝ ᏳᏁᏤᎴᎢ.
10. ᏄᏂᎬᏫᏳᏒᏃ ᎠᏥᎸ-ᎠᏁᎶᎯ ᎠᎴ ᏗᏃᏪᎵᏍᎩ ᏓᏂᏙᎨ ᎤᎵᏂᎩᏛ ᎬᏭᎯᏍᏗᏍᎨᎢ.
11. ᎡᎶᏛᏃ ᎠᎴ ᏧᏤᎵ ᎠᏂᏯᏫᏍᎩ ᎦᎬᏩᏐᏢᏔᏁᎢ, ᎠᎴ ᎬᏩᏕᎰᏔᏁᎢ, ᎠᎴ ᏗᎬᏩᎸᏌᏛ ᎠᏄᏬ ᎤᏂᏄᏬᎥ ᏆᎴᏗ ᏔᎵᏁ ᏭᏂᎧᏁᎴᎢ.
12. ᎾᎯᏳᏃ ᎢᎦ ᏆᎴᏗ ᎠᎴ ᎡᎶᏛ ᎤᎾᎵᎢᏕᎢ; ᏗᎾᏓᏍᎦᎩᏳᏰᏃ ᎢᏳᎵᏍᏔᏅᎯ ᎨᏎ ᎾᎯᏳ ᎢᏯᏍᏘ.
13. ᏆᎴᏗᏃ ᏚᎳᏫᏛ ᏄᏂᎬᏫᏳᏒ ᎠᏥᎸ-ᎠᏁᎶᎯ, ᎠᎴ ᏄᏂᎬᏫᏳᏌᏕᎩ, ᎠᎴ ᎤᏂᏣᏘ ᎨᏒ ᏴᏫ,
14. ᎯᎠ ᏂᏚᏪᏎᎴᎢ, ᏍᎩᏯᏘᏃᎮᎸ ᎯᎠ ᎠᏍᎦᏯ ᏴᏫ ᏚᎾᏓᏅᏛ ᏗᎴᎾᏍᏗᏍᎩ ᎾᏍᎩᏯᎢ; ᎬᏂᏳᏉᏃ ᏥᎪᎵᏰᎥᎯ ᏥᎩ ᎢᏥᎦᏔᎲᎢ, ᎥᏝ ᎪᎱᏍᏗ ᏱᏥᏩᏘ ᎤᏍᎦᏅᏨ ᎯᎠ ᎠᏍᎦᏯ ᎾᏍᎩ ᏄᏍᏛ ᎡᏧᎢᏍᏗᏍᎬᎢ;
15. ᎡᎶᏛ ᎠᎴ ᎾᏍᏉ ᎥᏝ; ᎾᎿᎭᏰᏃ ᎢᏤᏅᏍᏗᏱ ᎢᏨᏁᏤᎸᎩ; ᎬᏂᏳᏉᏃ ᎥᏝ ᎪᎱᏍᏗ ᏰᎵ ᎬᏩᏲᎱᎯᏍᏗ ᎨᏒ ᏱᏄᏛᏁᎸ.
16. ᎾᏍᎩ ᎢᏳᏍᏗ ᏥᎵᎥᏂᎸᎭ ᏓᏥᏯᎧᏂ.
17. ᎠᏎᏰᏃ ᏌᏉ ᏧᏲᎯᏎᏗ ᎨᏐ ᏗᎵᏍᏓᏴᏗᏱ ᎨᏒ ᎢᏳᎢ.
18. ᎤᏁᎷᏁᏃ ᏌᏉ ᎢᎦᎦᏛ, ᎯᎠ ᏄᏂᏪᏎᎢ, ᎯᎷᎦ ᎯᎠ ᎠᏍᎦᏯ, ᏆᎳᏆᏃ ᏗᏍᎩᏲᎯᏏ.
19. ᎾᏍᎩ ᏆᎳᏆ ᎤᏓᏑᏰᏛ ᎤᎾᎵᏖᎸᏅ ᎾᎿᎭᎦᏚᎲ ᎠᎴ ᎤᏓᎸᎢ ᎠᏥᏍᏛᏗᏍᏔᏁ ᏗᏓᏍᏚᏗᏱ ᎠᏥᏴᏔᏅᎯ ᎨᏎᎢ.
20. ᏆᎴᏗᏃ ᎤᏚᎵᏍᎬ ᏥᏌ ᎤᏪᎪᏗᏱ ᏅᏧᎵᏍᏙᏔᏁ ᏔᎵᏁ ᏚᏁᏤᎴᎢ.
21. ᎠᏎᏃ ᎤᏁᎷᏁ ᎯᎠ ᏄᏂᏪᏎᎢ, ᎯᏍᏛᎥᎦ, ᎯᏯᏛᎥᎦ.
22. ᏦᎢᏁᏃ ᎯᎠ ᏂᏚᏪᏎᎴᎢ, ᎦᏙᏃ, ᎦᏙ ᎤᏍᏗ ᎤᏲ ᏚᎸᏫᏍᏓᏁᎸ? ᎥᏝ ᏱᏥᏩᏛᎡᎭ ᎪᎱᏍᏗ ᏰᎵ ᎬᏩᏲᎱᎯᏍᏗ ᎨᏒᎢ; ᎾᏍᎩ ᎢᏳᏍᏗ ᏓᏥᎵᎥᏂᎵ ᎠᎴ ᏙᏓᏥᏲᏏ.
23. ᎠᏎᏃ ᎤᎾᏟᏂᎬᏁᎴ ᎠᏍᏓᏯ ᎠᏂᏁᎬᎢ, ᎠᏂᏔᏲᎯᎮ ᎠᎦᏛᏗᏱ. ᎾᏍᎩᏃ Ꮎ ᎠᎴ ᏄᏂᎬᏫᏳᏒ ᎠᏥᎸ-ᎠᏁᎶᎯ ᎠᏂᏁᎬ ᎤᎬᏫᏳᏤᎢ.
24. ᏆᎴᏗᏃ ᎤᏁᏤ ᏄᏍᏛ ᎤᎾᏚᎵᏍᎬ ᎢᏳᎵᏍᏙᏗᏱ.
25. ᎠᎴ ᏚᏪᎧᏁᎴ ᎾᏍᎩ ᏧᏂᏔᏲᎴᎢ, ᏗᏓᏍᏚᏗᏱ ᎠᏥᏴᏔᏅᎯ ᏥᎨᏎᎢ ᏧᏍᏛᏗᏍᎨ ᎤᏓᏑᏰᏛ ᎤᎾᎵᏖᎸᏅ ᎠᎴ ᎤᏓᎸᎢ; ᏥᏌᏍᎩᏂ ᏚᏲᎯᏎᎴ ᎤᎾᏚᎵᏍᎬ ᎢᏳᏅᏁᏗᏱ.
26. ᎬᏩᏘᏂᏎᏃ ᎤᏂᏂᏴᎮ ᎩᎶ ᎢᏳᏍᏗ ᏌᏩᏂ ᏧᏙᎢᏛ, ᏌᎵᏂ ᎡᎯ, ᏙᏗᎦᎶᎨᏒ ᏅᏓᏳᎶᏒᎯ, ᎾᏍᎩᏃ ᎤᎾᏃᏝᏗᏍᏔᏁ ᏧᏓᎿᎭᏩᏛ, ᎾᏍᎩ ᏥᏌ ᎠᎢᏒ ᎣᏂᏗᏢ ᎤᏪᏅᏍᏗᏱ.
27. ᎬᏩᏍᏓᏩᏗᏎᏃ ᎤᏂᏣᏘ ᏴᏫ, ᎠᎴ ᎠᏂᎨᏴ, ᎾᏍᎩ ᎾᏍᏉ ᏓᏂᏴᎨ ᎠᎴ ᎬᏩᏍᎪᏂᎮᎢ.
28. ᏥᏌᏃ ᏚᎦᏔᎲᎡᎸ ᎯᎠ ᏄᏪᏎᎢ, ᎢᏥᎨᏴ ᏥᎷᏏᎵᎻ ᏧᏪᏥ, ᏞᏍᏗ ᎠᏴ ᏍᎩᏍᎪᏂᎸᎩ, ᎢᏨᏒᏍᎩᏂ ᏗᏣᏓᏍᎪᏂᎦ, ᎠᎴ ᏗᏤᏥ ᏗᏥᏍᎪᏂᎦ.
29. ᎬᏂᏳᏰᏃ ᏛᎵᏰᎢᎶᎵ ᎢᎦ, ᎾᎯᏳ ᎯᎠ ᏅᏛᏂᏪᏏ, ᎣᏏᏳ ᎢᏳᎾᎵᏍᏓᏁᏗ ᏗᎾᎷᎸᎥᏍᎩ ᏂᎨᏒᎾ, ᎠᎴ ᏧᎾᏓᎾᏄᎪᏫᏒᎯ ᏂᎨᏒᎾ, ᎠᎴ ᏧᎾᏓᏍᏛᏅᎯ ᏂᎨᏒᎾ.
30. ᎿᎭᏉᏃ ᏛᎾᎴᏅᎯ ᎯᎠ ᏂᏙᏛᏂᏪᏎᎵ ᏙᏓᎸᎢ, ᏍᎩᏯᏐᎥᎦ; ᎠᎴ ᏚᏌᎯᎸᎢ, ᏍᎩᏳᏢᎥᎦ.
31. ᎢᏳᏰᏃ ᎢᏤ ᏡᎬ ᎾᏍᎩ ᏱᏅᏛᏅᏁᎵ, ᎦᏙ ᎬᏁᏗ ᎨᏎᏍᏗ ᎤᎧᏲᏛ ᏡᎬᎢ?
32. ᎠᎴ ᎾᏍᏉ ᎠᏂᏔᎵ ᏅᏩᎾᏓᎴ ᎤᏲ ᏧᏂᎸᏫᏍᏓᏁᎯ ᎢᏧᎳᎭ ᏕᎨᎦᏘᏅᏎ ᏗᎨᏥᎢᏍᏗᏱ.
33. ᏭᏂᎷᏨᏃ ᎧᏫᎵ ᏚᏙᎥᎢ, ᎾᎿᎭᏓᏓᎿᎭᏩᏍᏛ ᎬᏩᏛᏁᎢ, ᎠᎴ ᏚᎾᏛᏁ ᎤᏲᏧᏂᎸᏫᏍᏓᏁᎯ, ᎠᏏᏴᏫ ᎠᎦᏘᏏᏗᏢ, ᏐᎢᏃ ᎠᎦᏍᎦᏂ ᎢᏗᏢ.
34. ᎿᎭᏉᏃ ᏥᏌ ᎯᎠ ᏄᏪᏎᎢ, ᎡᏙᏓ, ᏘᏙᎵᎩ; ᎥᏝᏰᏃ ᏯᏂᎦᏔᎭ ᎾᎾᏛᏁᎲᎢ. ᎤᏂᏯᏙᎴᏃ ᎤᏄᏬ ᎠᎴ ᎠᎾᏎᏍᏗᏍᎨᎢ.
35. ᏴᏫᏃ ᎤᎾᎴᎾᏫᏍᏕ ᏚᎾᎦᏙᏍᏕᎢ. ᏄᏂᎬᏫᏳᏌᏕᎩᏃ ᎾᏍᏉ ᏚᎾᎵᎪᏁᎴ ᎢᎬᏩᏕᎰᏔᏁᎢ, ᎯᎠ ᎾᏂᏪᏍᎨᎢ, ᎠᏂᏐᎢ ᏓᏍᏕᎵᏍᎬᎩ; ᎤᏩᏒ ᏩᎵᏍᏕᎸ ᎢᏳᏃ ᎦᎶᏁᏛ ᎤᏁᎳᏅᎯ ᎤᏑᏰᏛ ᎨᏎᏍᏗ.
36. ᎠᎴ ᎠᏂᏯᏫᏍᎩ ᎿᎭᏍᏉ ᎦᎬᏩᏐᏢᏕᎢ, ᎬᏩᎷᏤᎮ ᎠᎴ ᎬᏩᏁᏁᎮ ᏧᏂᏦᏯᏍᏗ,
37. ᎠᎴ ᎯᎠ ᎾᏂᏪᏍᎨᎢ, ᎢᏳᏃ ᏂᎯ ᎠᏂᏧᏏ ᎤᎾᏤᎵ ᎤᎬᏫᏳᎯ ᎨᏎᏍᏗ, ᏨᏒ ᎭᎵᏍᏕᎸ.
38. ᎠᎴ ᎾᏍᏉ ᎪᏪᎴ ᎤᎵᏍᏓᏛ ᎦᎸᎳᏗᏢ ᎠᏂᎪᎢ ᎤᏂᏬᏂᎯᏍᏗ, ᎠᎴ ᎠᏂᎶᎻ ᎤᏂᏬᏂᎯᏍᏗ, ᎠᎴ ᎠᏂᏈᎷ ᎤᏂᏬᏂᎯᏍᏗ ᎪᏪᎴ ᎯᎠ ᏂᎬᏁᎢ; ᎯᎠ ᎤᎬᏫᏳᎯ ᎠᏂᏧᏏ ᎤᎾᏤᎵᎦ.
39. ᎠᏏᏴᏫᏃ ᎾᏍᎩ ᎤᏲ ᏧᏂᎸᏫᏍᏓᏁᎯ ᎾᏍᎩ ᏗᎨᎦᏛᏅᎯ ᎦᎬᏩᏐᏢᏕᎢ, ᎯᎠ ᏂᎦᏪᏍᎨᎢ, ᎢᏳᏃ ᏂᎯ ᎦᎶᏁᏛ ᎨᏎᏍᏗ, ᎭᎵᏍᏕᎸ ᏨᏒ ᎠᎴ ᎠᏴ ᏍᎩᏂᏍᏕᎸ.
40. ᏐᎢᏍᎩᏂ ᏧᏁᏨ ᎤᎬᏍᎪᎸᏁᎢ, ᎯᎠ ᏄᏪᏎᎢ, ᏝᏍᎪ ᎤᏁᎳᏅᎯ ᏱᎾᏰᏍᎦ ᎤᏠᏱᏉ ᏕᏣᏚᎪᏓᏁᎸ ᏥᎩ?
41. ᎠᏴᏍᎩᏂ ᎤᏙᎯᏳᎯ ᏚᏳᎪᏛᎢ; ᎠᏴᏰᏃ ᏕᎩᏂᎸᏫᏍᏓᏁᎸ ᏚᏳᎪᏛ ᎩᏂᏍᏛᏗᎭ, ᎯᎠᏍᎩᏂ ᎥᏝ ᎪᎱᏍᏗ ᎤᏣᏘᏂ ᎢᏳᏛᏁᎸᎯ ᏱᎩ.
42. ᎯᎠᏃ ᏄᏪᏎᎴ ᏥᏌ, ᏣᎬᏫᏳᎯ, ᏍᏆᏅᏓᏛᎭ ᏫᎷᏨᎭ ᏣᏤᎵᎪᎯ.
43. ᏥᏌᏃ ᎯᎠ ᏄᏪᏎᎴᎢ, ᎤᏙᎯᏳᎯᏯ ᎬᏲᏎᎭ, ᎪᎯ ᎢᎦ ᏥᎩ ᏫᏁᏙᎮᏍᏗ ᏅᏩᏙᎯᏯᏛ ᏗᎨᏒᎢ.
44. ᏔᎳᏚᏃ ᎢᏴᏛ ᎢᏳᏟᎶᏛ ᎧᎳᏩᏗᏒ ᎨᏎᎢ, ᎠᎴ ᏂᎬᎾᏛ ᎠᏂ ᎦᏙᎯ ᎤᎵᏏᎲᏎ ᏦᎢᏁ ᎢᏳᏟᎶᏛ ᎢᏯᏍᏘ.
45. ᎠᎴ ᏅᏙ ᎤᎵᏏᎲᏎᎢ, ᎠᎴ ᎠᏄᏬ ᎠᏰᏙᎳᏛ ᎤᏛᎾ-ᏗᎦᎳᏫᎢᏍᏗᏱ ᎠᏰᎵ ᏚᎵᏍᏡᏰᎢ.
46. ᏥᏌᏃ ᎠᏍᏓᏯ ᎤᏁᏨ ᎯᎠ ᏄᏪᏎᎢ, ᎡᏙᏓ, ᏂᎯ ᏕᎬᏲᎯᏏ ᎠᏆᏓᏅᏙᎩ; ᎾᏍᎩᏃ ᏄᏪᏒ ᎤᎵᏍᏆᏕᎴᎢ.
47. ᎠᏍᎪᎯᏧᏈᏃ ᏗᏓᏖᏁᎯ ᎤᎪᎲ ᏄᎵᏍᏔᏂᏙᎸᎢ ᎤᎸᏉᏔᏁ ᎤᏁᎳᏅᎯ ᎯᎠ ᏄᏪᏎᎢ, ᎤᏙᎯᏳᎯᏯ ᎤᏓᏅᏗ ᎠᏍᎦᏯ ᎨᏎ ᎯᎠ.
48. ᏂᎦᏛᏃ ᏴᏫ ᎾᎿᎭᎠᎪᏩᏛᏗ ᎨᏒ ᎤᎾᎦᏙᏍᏔᏂᎸᎯ, ᎤᏂᎪᎲ ᏄᎵᏍᏔᏂᏙᎸ ᏚᏅᏂᎴ ᏗᏂᏁᏥᏱ, ᎠᎴ ᎤᎾᏨᏎᎢ.
49. ᏂᎦᏛᏃ ᎬᏩᎦᏔᎯ ᎨᏒ ᎠᎴ ᎠᏂᎨᏴ ᎨᎵᎵ ᏅᏓᎬᏩᏍᏓᏩᏛᏛ ᎢᏅ ᏧᎾᎴᏅᏁᎢ ᎠᏂᎪᏩᏘᏍᎨ ᎾᏍᎩ ᎯᎠ.
50. ᎬᏂᏳᏉᏃ ᎠᏍᎦᏯ ᏦᏩ ᏧᏙᎢᏛ, ᏗᎦᎳᏫᎩ, ᎤᏓᏅᏘ ᎠᏍᎦᏯ, ᎠᎴ ᏚᏳᎪᏛ ᎢᏯᏛᏁᎯ,
51. (ᎾᏍᎩ ᎥᏝ ᎣᏏᏳ ᏳᏰᎸᏁ ᎾᏍᎩ ᏄᏍᏛ ᏚᏄᎪᏔᏅ ᎠᎴ ᏄᎾᏛᏁᎸᎢ,) ᎠᎵᎹᏗᏱ ᎡᎯ ᎨᏎᎢ, ᎾᏍᎩ ᎠᏂᏧᏏ ᎤᏂᏚᎲᎢ, ᎾᏍᎩ ᎾᏍᏉ ᎠᎦᏘᏰ ᎤᏁᎳᏅᎯ ᎤᎬᏫᏳᎯ ᎨᏒᎢ,—
52. ᎯᎠ ᎾᏍᎩ ᎠᏍᎦᏯ ᏆᎴᏗ ᏭᎷᏤᎴ ᎠᎴ ᎤᏔᏲᏎᎴ ᏥᏌ ᎠᏰᎸᎢ.
53. ᎠᎴ ᎤᏕᏒ ᏙᎴᏛ ᎠᏄᏬ ᎤᏪᏣᏄᎶᏔᏁᎢ, ᎠᎴ ᎠᏤᎵᏍᏛ ᎤᏅᏁ ᎾᏍᎩ ᏅᏲᎯ ᎠᏔᎴᏛ, ᎾᏍᎩ ᎾᎿᎭᎢᎸᎯᏳ ᎩᎶ ᎾᏥᏅᏅᎾ ᎨᏒᎢ.
54. ᎾᎯᏳᏃ ᎢᎦ ᎠᏛᏅᎢᏍᏙᏗᏱ ᎨᏎᎢ, ᎤᎾᏙᏓᏆᏍᎬᏃ ᎿᎭᏉ ᎤᎩᏥᏍᎨᎢ.
55. ᎠᏂᎨᏴᏃ ᎾᏍᏉ ᎨᎵᎵ ᏅᏓᎬᏩᏍᏓᏩᏛᏛ, ᎣᏂ ᎠᎾᎵᏍᏓᏩᏗᏎᎢ, ᎠᎴ ᎤᏂᎪᎮ ᎠᏤᎵᏍᏛᎢ, ᎠᎴ ᏂᎬᏅ ᎤᏂᏅᏅ ᎠᏰᎸᎢ.
56. ᎤᎾᏨᏎᏃ ᎠᎴ ᎤᎾᏓᏁᎳᏁ ᎦᏩᏒᎩ ᎠᎴ ᎠᏠᏁᏗ; ᎠᎴ ᎤᏂᏯᏪᏐᎴ ᎤᎾᏙᏓᏆᏍᎬ ᎾᏍᎩᏯ ᏂᎬᏅ ᏗᎧᎿᎭᏩᏛᏍᏗ.

== Luke 24 ==
1. ᎢᎬᏱᏱᏃ ᎢᎦ ᏑᎾᏙᏓᏆᏍᏗ ᎨᏒ ᎩᎳ ᎢᎦ ᏥᏂᎦᎵᏍᏗᏍᎪᎢ, ᎤᏂᎷᏤ ᎠᏤᎵᏍᏛᎢ, ᏚᏂᏲᎴ ᏗᎦᏩᏒᎩ ᎾᏍᎩ ᏧᎾᏓᏁᎳᏅᎯ, ᎠᎴ ᎩᎶ ᎢᏳᎾᏍᏗ ᎠᏁᎮᎢ.
2. ᎤᏂᏩᏛᎮᏃ ᏅᏯ ᎢᏴᏛ ᏫᎦᏌᏆᎴᎸᏍᏔᏅᎯ ᎨᏎ ᎠᏤᎵᏍᏛᎢ.
3. ᎤᏂᏴᎸᏃ ᎥᏝ ᏳᏂᎾᏩᏛᎮ ᎠᏰᎸ ᎤᎬᏫᏳᎯ ᏥᏌ.
4. ᎯᎠᏃ ᏄᎵᏍᏔᏁᎢ ᎾᏍᎩ ᎤᏣᏘ ᎤᎾᏕᏯᏔᏁᎮ ᎾᏍᎩ ᏅᏗᎦᎵᏍᏙᏗᏍᎨᎢ, ᎡᏂᏳᏉ ᎠᏂᏔᎵ ᎠᏂᏍᎦᏯ ᎾᎥ ᏚᎾᎴᏂᎴ ᏗᎬᏩᏔᎷᎩᏍᎩ ᏧᎾᏄᏩᎢ;
5. ᎠᏂᏍᎦᎢᎮᏃ ᎠᎴ ᎡᎳᏗ ᏂᏚᏅᏁ ᏚᎾᎧᏛᎢ, ᎾᏍᎩ ᎯᎠ ᏂᎬᏩᏂᏪᏎᎴᎢ, ᎦᏙᏃ ᎬᏃᏛ ᎢᎡᏥᏲᎭ ᏧᏂᏲᎱᏒᎯ ᏄᎾᏛᏅᎢ?
6. ᎥᏝ ᎠᏂ ᏱᎦᎾ, ᏚᎴᏅᏰᏃ; ᎢᏣᏅᏓᏓ ᏂᏥᏪᏎᎸᎢ ᎠᏏᏉ ᎨᎵᎵ ᏤᏙᎲᎩ,
7. ᎯᎠ ᏥᏂᎦᏪᏍᎬᎩ, ᏴᏫ ᎤᏪᏥ ᎠᏎ ᏴᏫ ᎠᏂᏍᎦᎾ ᏗᎨᏥᏲᎯᏎᏗ ᎨᏎᏍᏗ, ᎠᎴ ᎠᎦᏛᏗ ᏓᏓᎾᏩᏍᏛᎢ, ᎠᎴ ᏦᎢᏁ ᎢᎦ ᏧᎴᎯᏐᏗ.
8. ᎤᎾᏅᏓᏕᏃ ᎤᏁᏨᎢ,
9. ᎠᎴ ᎠᏤᎵᏍᏛ ᏗᎤᎾᏨᏎᎢ ᎾᏍᎩ ᎯᎠ ᏂᎦᏛ ᏄᎵᏍᏔᏂᏙᎸ ᏚᏂᏃᏁᎴ ᏌᏚ ᎢᏯᏂᏛ, ᎠᎴ ᏂᎦᏛ ᎠᏂᏐᎢ.
10. ᎾᏍᎩ ᎯᎠ ᎺᎵ ᎹᎩᏕᎵ ᎡᎯ, ᎠᎴ ᏦᎠᎾ, ᎠᎴ ᎺᎵ ᏥᎻ ᎤᏥ, ᎠᎴ ᏅᏩᎾᏓᎴ ᎠᏂᎨᏴ ᎠᏁᎯ, ᎾᏍᎩ ᏥᏫᎬᏩᏂᏃᏁᎴ ᎨᏥᏅᏏᏛ.
11. ᎤᏂᏃᎮᎸᎯᏃ ᎠᏎᏉᏉ ᏅᏩᏍᏕᎢ, ᎠᎴ ᎥᏝ ᏱᎨᎪᎢᏳᏁᎢ.
12. ᏈᏓᏃ ᏚᎴᏅ, ᏚᏍᏆᎸᏔᏁ ᎠᏤᎵᏍᏛ ᏭᎶᏎᎢ; ᎤᏗᏍᏚᏅᏃ ᏚᎪᎮ ᏙᎴᏛ ᏗᏄᏬ ᎤᏁᎳᎩ ᎢᏴᏛ ᏙᎦᏁᎢ, ᎤᏓᏅᏎᏃ ᎠᏍᏆᏂᎪᏍᎨ ᎾᏍᎩ ᏄᎵᏍᏔᏂᏙᎸᎢ.
13. ᎠᎴ ᎬᏂᏳᏉ, ᎾᎯᏳᏉ ᎢᎦ ᎠᏂᏔᎵ ᎤᎾᏓᏍᏓᏩᏗᏙᎸᎯ ᏗᎦᏚᎲ ᎡᎺᏯᏏ ᏧᏙᎢᏛ ᏩᏂᎦᏖᎢ, ᎾᏍᎩ ᏧᏁᎳ ᎢᏴᏛ ᎢᏳᏟᎶᏛ ᏂᏚᏓᎴ ᏥᎷᏏᎵᎻ.
14. ᎠᎾᎵᏃᎮᏍᎬᏃ ᎠᏂᏃᎮᏍᎨ ᏂᎦᏛ ᎾᏍᎩ ᏄᎵᏍᏔᏂᏙᎸᎢ.
15. ᎯᎠᏃ ᏄᎵᏍᏔᏁ ᎾᏍᎩ ᎠᏏᏉ ᎠᎾᎵᏃᎮᏍᎨ ᎠᎴ ᏓᎾᏓᏛᏛᎲᏍᎨᎢ, ᏥᏌ ᎤᏩᏒ ᎾᎥ ᎤᎷᏨ ᎾᏍᎩ ᎤᏁᏅᏍᏔᏁᎢ.
16. ᎠᏎᏃ ᏗᏂᎦᏙᎵ ᏕᎨᏥᏂᏴᎡᎴ ᎾᏍᎩ ᎬᏬᎵᏍᏗᏱ ᏂᎨᏒᎾ.
17. ᎯᎠᏃ ᏂᏑᏪᏎᎴᎢ, ᎦᏙ ᎢᏍᏗᏃᎮᎭ ᎯᎠ ᎾᏍᎩ ᏥᏍᏓᎵᏃᎮᎭ ᎢᏍᏓᎢᏒᎢ ᎠᎴ ᎤᏲᏉ ᏥᏅᏩᏍᏗ ᏥᏍᏓᏓᏅᏔ?
18. ᎠᏏᏴᏫᏃ ᎾᏍᎩ ᏟᎣᏆ ᏧᏙᎢᏛ ᎤᏁᏨ ᎯᎠ ᏄᏪᏎᎴᎢ, ᏥᎪ ᎮᏙᎯᏉ ᏂᎯ ᏥᎷᏏᎵᎻ, ᎠᎴ ᏂᎦᏔᎲᎾᏉ ᎾᏍᎩ ᎾᎿᎭᏄᎵᏍᏔᏂᏙᎸ ᎪᎯ ᏥᎩ?
19. ᎯᎠᏃ ᏂᏚᏪᏎᎴᎢ, ᎦᏙ ᎤᏍᏗ? ᎯᎠᏃ ᏂᎬᏩᏪᏎᎴᎢ, ᏥᏌ ᎾᏎᎵᏗ ᏤᎲᎩ ᏄᎵᏍᏓᏁᎸᎢ, ᎾᏍᎩ ᎠᏙᎴᎰᏍᎩ ᏥᎨᏒᎩ, ᎤᎵᏂᎩᏛ ᏚᎸᏫᏍᏓᏁᎸ ᎠᎴ ᏓᏕᏲᎲᏍᎬ ᏥᎨᏎ ᎤᏁᎳᏅᎯ ᎠᎦᏔᎲ ᎠᎴ ᏂᎦᏛ ᏴᏫ ᎠᏂᎦᏔᎲᎢ.
20. ᎠᎴ ᎾᏍᎩ ᏄᏂᎬᏫᏳᏒ ᎠᏥᎸᎠᏁᎶᎯ ᎠᎴ ᏦᎦᏤᎵ ᏄᏂᎬᏫᏳᏌᏕᎩ ᏥᏕᎬᏩᏲᏎ ᏣᎫᎪᏓᏁᏗᏱ ᎤᏲᎱᎯᏍᏗᏱ, ᎠᎴ ᏥᎬᏩᏛᏅᎩ.
21. ᎠᏎᏃ ᎤᏚᎩ ᎣᎬᏒᎩ ᎾᏍᎩ ᎢᏏᎵ ᏗᏓᏱᏍᎩ ᎨᏒᎢ. ᎠᎴ ᎾᏍᏉ ᎪᎯ ᎢᎦ ᏥᎩ ᏦᎢᏁ ᎤᎩᏥᎭ ᎾᏍᎩ ᎯᎠ ᎢᎬᏩᎵᏍᏔᏅᎯ;
22. ᎥᎥ, ᎠᎴ ᎾᏍᏉ ᎩᎶ ᎢᏳᎾᏍᏗ ᎠᏂᎨᏴ ᎣᎦᏓᏡᎬ ᎠᏁᎳ ᎤᏍᏆᏂᎪᏗ ᎪᎦᏓᏅᏓᏗᏍᏔᏅᎩ, ᎾᏍᎩ ᎩᎳ ᏧᎩᏥᏍᎪ ᎠᏤᎵᏍᏛ ᏭᏁᏙᎸᎯ;
23. ᏭᎾᏠᏨᏃ ᎠᏰᎸᎢ, ᎤᏂᎷᏤᎢ, ᎯᎠ ᏄᏂᏪᏎᎢ, ᏗᏂᎧᎿᎭᏩᏗᏙᎯ ᎾᏍᏉ ᏙᏥᎪᏩᏛ ᎾᏍᎩ ᎬᏅ ᎪᎪᏏ, ᎤᎾᏛᏁᎢ.
24. ᎠᎴ ᎩᎶ ᎢᏳᏍᏗ ᎾᏍᎩ ᎣᏤᎯ ᎤᏁᏅᏒᎩ ᎠᏤᎵᏍᏛᎢ, ᎠᎴ ᏭᏂᏩᏛᎮ ᎾᏍᎩᏯ ᏄᏍᏕ ᎠᏂᎨᏴ ᏄᏂᏪᏒᎢ; ᎾᏍᎩᏍᎩᏂ Ꮎ ᎥᏝ ᏳᏂᎪᎮᎢ.
25. ᎿᎭᏉᏃ ᎯᎠ ᏂᏚᏪᏎᎴᎢ, ᎢᏥᏁᎫᏥ, ᎠᎴ ᎢᏣᏓᏅᏛ ᎢᏥᏍᎦᏃᎵᏳ ᎢᏦᎯᏳᏗᏱ ᏂᎦᎥ ᏄᏂᏪᏒ ᎠᎾᏙᎴᎰᏍᎩ!
26. ᏝᏍᎪ ᎯᎠ ᎾᏍᎩ ᎢᏳᏍᏗ ᎠᏎ ᎤᎩᎵᏲᎢᏍᏗ ᏱᎨᏎ ᎦᎶᏁᏛ, ᎠᎴ ᏭᏴᏍᏗ ᏱᎨᏎ ᎦᎸᏉᏗᏳ ᎤᏤᎵ ᏗᎨᏒᎢ.
27. ᎤᎴᏅᏔᏅᏃ ᎼᏏ, ᎠᎴ ᏂᎦᏛ ᎠᎾᏙᎴᎰᏍᎩ, ᏚᏬᏏᏌᏁᎴ ᎾᎦᎥ ᎪᏪᎸ ᎾᏍᎩ ᎤᏩᏒ ᎤᏃᎮᏍᎬᎢ.
28. ᎾᎥᏃ ᎤᏂᎷᏤ ᎦᏚᎲ ᎾᎿᎭᏩᏂᎦᏛᎢ; ᎤᏟᏃ ᎢᏴᏛ ᏥᏮᏗᎦᎶᏏᏐ ᎢᏳᏍᏗ ᏄᏛᏁᎴᎢ.
29. ᎠᏎᏃ ᎢᎬᏩᏍᏗᏰᏔᏁᎢ, ᎯᎠ ᏄᏂᏪᏎᎢ, ᎠᏴ ᏍᎩᏂᏒᏏ, ᎿᎭᏉᏰᏃ ᎤᏒᎯᏰᎯᏳ, ᎠᎴ ᎡᎳᏗᏳ ᏫᎧᎳ. ᎤᏴᎴᏃ ᏙᏗᏒᏎᎵᏎᎢ.
30. ᎯᎠᏃ ᏄᎵᏍᏔᏁ ᎾᏍᎩ ᎦᏅᎨᎢ ᏗᎾᎵᏍᏓᏴᏂᏎᎢ, ᎦᏚ ᎤᎩᏒ ᎤᎵᎮᎵᏤᎢ, ᎠᎴ ᎤᎬᎭᎷᏴ ᏚᏁᎴᎢ.
31. ᏗᏂᎦᏙᎵᏃ ᏚᎵᏍᏚᎢᏎᎢ, ᎠᎴ ᎢᎬᏬᎵᏤᎢ, ᎠᎴ ᎤᎵᏛᏔᏁ ᏓᏂᎧᏅᎢ.
32. ᎯᎠᏃ ᏂᏚᎾᏓᏪᏎᎴᎢ, ᏝᏍᎪ ᏗᎩᏂᎾᏫ ᏧᏗᎴᎩᏳ ᏱᎨᏎ ᎭᏫᏂ ᏥᎩᎾᎵᏃᎮᏗᏍᎬ ᏗᏓᎢᏒᎢ, ᎠᎴ ᏥᏕᎩᏃᏏᏌᏁᎲ ᎪᏪᎵ?
33. ᎾᎯᏳᏉᏃ ᎠᎵᏰᎢᎵᏒ ᏚᎾᎴᏁᎢ, ᎠᎴ ᏥᎷᏏᎵᎻ ᏔᎵᏁ ᏫᎤᏂᎶᏎᎢ, ᎠᎴ ᏚᏂᏩᏛᎮ ᏓᏂᎳᏫᎡ ᏌᏚ ᎢᏯᏂᏛ, ᎠᎴ ᎾᏍᎩ ᎬᏩᎾᏓᏡᏩᏍᏗᏕᎩ,
34. ᎯᎠ ᎾᏂᏪᏍᎨᎢ, ᎤᎬᏫᏳᎯ ᏚᎴᏅ ᎤᏙᎯᏳᎯ, ᎠᎴ ᏌᏩᏂ ᎬᏂᎨᏒ ᏄᏛᏁᎸ.
35. ᎠᎴ ᎤᏂᏃᎮᎴ ᏄᎵᏍᏔᏂᏙᎸ ᎠᎾᎢᏒᎢ, ᎠᎴ ᎾᏍᎩ ᎤᏃᎵᏍᏔᏅ ᎦᏚ ᎠᎬᎭᎷᏯᏍᎬᎢ.
36. ᎠᏏᏉᏃ ᎾᏍᎩ ᎾᏂᏪᏍᎨᎢ, ᏥᏌ ᎤᏩᏒ ᎤᎴᏂᎴ ᎠᏰᎵ ᎠᏂᏅᎢ, ᎠᎴ ᎯᎠ ᏂᏚᏪᏎᎴᎢ, ᏅᏩᏙᎯᏯᏛ ᎢᏣᏤᎵᎦ ᎨᏎᏍᏗ.
37. ᎠᏎᏃ ᎤᏂᎾᏰᏎᎢ, ᎠᎴ ᎤᏂᏍᎦᎴᎢ, ᎠᏓᏅᏙ ᎣᏥᎪᏩᏛ ᎠᏁᎵᏍᎨᎢ.
38. ᎯᎠᏃ ᏂᏚᏪᏎᎴᎢ, ᎦᏙᏃ ᎢᏣᏕᏯᏔᏁᎭ? ᎠᎴ ᎦᏙᏃ ᏧᏢᏫᏛ ᏂᏣᎵᏍᏓᏁ ᏙᏗᏣᏓᏅᏛᎢ?
39. ᏗᏣᎧᏅᎦ ᏗᏉᏰᏂ ᎠᎴ ᏗᏆᎳᏏᏕᏂ, ᎠᏋᏒᏉ ᎯᎠ ᏥᎾᏆᏛᏅ; ᏍᎩᏯᏒᏂᎦ ᎠᎴ ᎢᏣᏙᎴᎰᎯ; ᎠᏓᏅᏙᏰᏃ ᎥᏝ ᏳᏇᏓᎳ, ᎠᎴ ᎥᏝ ᏧᎪᎳ ᏱᏚᎸ ᎾᏍᎩᏯ ᏥᏥᎪᏩᏘᎭ ᎠᏴ ᏂᏓᏋᏅᎢ.
40. ᎾᏍᎩᏃ ᏄᏪᏒ ᏚᎾᏄᎪᏫᏎᎴ ᏧᏬᏰᏂ ᎠᎴ ᏧᎳᏏᏕᏂ.
41. ᎠᏏᏉᏃ ᎾᏃᎯᏳᎲᏍᎬᎾ ᎨᏎ ᏅᏗᎦᎵᏍᏙᏗᏍᎨ ᎠᎾᎵᎮᎵᎬᎢ, ᎠᎴ ᎤᏂᏍᏆᏂᎪᏍᎨᎢ, ᎯᎠ ᏂᏚᏪᏎᎴᎢ, ᎠᎵᏍᏓᏴᏗᏍᎪ ᎠᏂ ᎢᏥᎭ?
42. ᎬᏩᏅᏁᎴᏃ ᎠᎬᎭᎸᏛ ᎠᏣᏗ ᎠᏒᎾᏘᎶᏛ, ᎠᎴ ᎠᎬᎭᎸᏛ ᏩᏚᎵᏏ.
43. ᏑᏁᏎᏃ, ᎠᎴ ᎤᎵᏍᏓᏴᏁ ᎠᏂᎦᏔᎲᎢ.
44. ᎯᎠᏃ ᏂᏚᏪᏎᎴᎢ, ᎯᎠ ᎾᏍᎩ ᏥᏂᏨᏪᏎᎸᎩ, ᎠᏏᏉ ᏥᏨᏰᎳᏗᏙᎲᎩ, ᎾᏍᎩ ᏂᎦᎥ ᎾᏍᎩ ᎠᏎ ᎢᏳᎵᏍᏙᏗ ᎨᏒᎢ ᎪᏪᎳᏅᎯ ᎨᏒ ᏗᎧᎿᎭᏩᏛᏍᏗᏱ ᎼᏏ ᎤᏤᎵᎦ, ᎠᎴ ᎠᎾᏙᎴᎰᏍᎩ ᏚᏃᏪᎸᎢ, ᎠᎴ ᏗᎧᏃᎩᏍᏗᏱ, ᎠᏴ ᎬᎩᏃᎮᏍᎬᎢ.
45. ᎿᎭᏉᏃ ᏚᏍᏚᎢᎡᎴ ᏚᎾᏓᏅᏛᎢ, ᎾᏍᎩ ᏧᏃᎵᏍᏗᏱ ᎪᏪᎵ;
46. ᎯᎠᏃ ᏂᏚᏪᏎᎴᎢ, ᎾᏍᎩ ᎯᎠ ᏂᎬᏅ ᎪᏪᎳ, ᎠᎴ ᎾᏍᎩ ᎠᏎ ᎤᎩᎵᏲᎢᏍᏗ ᎨᏒᎩ ᎦᎶᏁᏛ, ᎠᎴ ᏧᎴᎯᏐᏗ ᎨᏒ ᎤᏲᎱᏒ ᏦᎢᏁ ᎢᎦ;
47. ᎾᏍᎩᏃ ᏚᏙᎥ ᎤᏅᏙᏗᏱ ᎦᏁᏟᏴᏍᏗ ᎨᏒ ᎣᏓᏅᏛ ᎠᎴ ᎠᏍᎦᏅᏨ ᎥᏓᏗᏙᎵᏍᏗ ᎨᏒ ᎨᎦᎵᏥᏙᏁᏗᏱ ᏂᎦᏛ ᏧᎾᏓᎴᏅᏛ ᏓᏁᏩᏗᏒᎢ, ᏥᎷᏏᎵᎻ ᎤᎾᎴᏅᏗᏱ.
48. ᎯᎯᏃ ᎢᏥᏃᎮᏍᎩ ᎯᎠ ᎾᏍᎩ ᏧᏓᎴᏅᏛ.
49. ᎠᎴ ᎬᏂᏳᏉ, ᎦᏓᏅᎵ ᎢᏥᎷᏤᏗᏱ ᎡᏙᏓ ᎤᏚᎢᏍᏔᏅᎯ ᎨᏒᎢ; ᎠᏎᏃ ᏥᎷᏏᎵᎻ ᎦᏚᎲ ᎢᏥᏁᏍᏗ ᎬᏂ ᎢᏣᏄᏬᏍᏕᏍᏗ ᎤᎵᏂᎩᏛ ᎨᏒ ᎦᎸᎳᏗ ᏅᏓᏳᏓᎴᏅᎯ.
50. ᏚᏘᏅᏎᏃ ᏇᏗᏂᏱ ᎢᏴᏛ; ᏧᏬᏰᏂᏃ ᏚᏌᎳᏓᏅ ᎣᏍᏛ ᏚᏁᏤᎴᎢ.
51. ᎯᎠᏃ ᏄᎵᏍᏔᏁᎢ ᎠᏏᏉ ᎣᏍᏛ ᏕᎧᏁᏤᎮᎢ ᎠᎦᏓᏓᎴᏔᏁ ᎠᏂᏙᎾᎥᎢ, ᎦᎸᎳᏗᏃ ᏩᎦᏘᏅᏍᏔᏁᎢ.
52. ᎤᎾᏓᏙᎵᏍᏓᏁᎸᏃ ᏥᎷᏏᎵᎻ ᏔᎵᏁ ᏫᎤᏂᎶᏎ ᎤᏣᏘ ᎠᎾᎵᎮᎵᎨᎢ;
53. ᎠᎴ ᏂᎪᎯᎸᏉ ᎤᏛᎾ-ᏗᎦᎳᏫᎢᏍᏗᏱ ᎠᏂᏯᎡᎢ, ᎠᎾᎵᎮᎵᏤᎮ ᎠᎴ ᎠᏂᎸᏉᏗᏍᎨ ᎤᏁᎳᏅᎯ. ᎡᎺᏅ.

== John 1 ==
1. ᏗᏓᎴᏂᏍᎬ ᎧᏃᎮᏛ ᎡᎮᎢ, ᎠᎴ ᎾᏍᎩ ᎧᏃᎮᏛ ᎤᏁᎳᏅᎯ ᎢᏧᎳᎭ ᎠᏁᎮᎢ, ᎠᎴ ᎾᏍᎩ ᎧᏃᎮᏛ ᎤᏁᎳᏅᎯ ᎨᏎᎢ.
2. ᏗᏓᎴᏂᏍᎬᎢ ᎾᏍᎩ ᎤᏁᎳᏅᎯ ᎢᏧᎳᎭ ᎠᏁᎮᎢ.
3. ᏂᎦᎥ ᎪᎱᏍᏗ ᎾᏍᎩ ᎤᏬᏢᏁᎢ, ᎠᎴ ᏂᎦᎥ ᎪᏢᏅᎯ ᏥᎩ ᎥᏝ ᎪᎱᏍᏗ ᎾᏍᎩ ᏄᏬᏢᏅᎾ ᏱᎩ.
4. ᎾᏍᎩ [ᎧᏃᎮᏛ] ᎬᏂᏛ ᎤᏪᎮᎢ; ᎠᎴ ᎾᏍᎩ ᎬᏂᏛ ᏴᏫ ᎢᎦ ᎤᎾᏘᏍᏓᏁᎯ ᎨᏎᎢ.
5. ᎠᎴ ᎾᏍᎩ ᎢᎦ-ᎦᏘᏍᏗᏍᎩ ᎤᎵᏏᎬ ᏚᎸᏌᏕᎢ, ᎤᎵᏏᎩᏃ ᎥᏝ ᏱᏚᏓᏂᎸᏤᎢ.
6. ᎩᎶ ᎢᏳᏍᏗ ᎠᏍᎦᏯ ᎡᎲᎩ ᏣᏂ ᏧᏙᎢᏛ ᎤᏁᎳᏅᎯ ᏅᏓᏳᏅᏏᏛ ᎨᏒᎩ.
7. ᎾᏍᎩ ᎤᎷᏨᎩ ᎧᏃᎮᏍᎩ ᎨᏒᎩ, ᎾᏍᎩ ᎢᎦ-ᎦᏘ ᎤᏃᎮᏗᏱ, ᎾᏍᎩ ᎢᏳᏩᏂᏐᏗᏱ ᎾᏂᎥ ᎤᏃᎯᏳᏗᏱ.
8. ᎥᏝ ᎾᏍᎩ Ꮎ ᎢᎦ-ᎦᏘ ᏱᎨᏎᎢ, ᎧᏃᎮᏍᎩᏉᏍᎩᏂ ᎨᏒᎩ ᎾᏍᎩ ᎢᎦ-ᎦᏘ.
9. ᎾᏍᎩᏍᎩᏂ Ꮎ ᎧᏃᎮᏛ ᎤᏙᎯᏳᏒ ᎢᎦ-ᎦᏘ ᎨᏒᎩ; ᎾᏍᎩ ᎡᎶᎯ ᏧᎷᏨ, ᎢᎦ ᏥᏕᎠᏘᏍᏓᏁ ᎾᏂᎥ ᏴᏫ.
10. ᎾᏍᎩ ᎡᎶᎯ ᎡᎲᎩ, ᎠᎴ ᎾᏍᎩ ᎡᎶᎯ ᎤᏬᏢᏅᎯ ᎨᏒᎩ, ᎠᎴ ᎡᎶᎯ ᎥᏝ ᏳᏬᎵᏤᎢ.
11. ᎤᏤᎵᎪᎯ ᎤᎷᏨᎩ, ᎠᏎᏃ ᏧᏤᎵ ᎥᏝ ᏱᏗᎬᏩᏓᏂᎸᏤᎢ.
12. ᎾᏂᎥᏍᎩᏂ ᏗᎬᏩᏓᏂᎸᏨᎯ ᏕᎤᎵᏍᎪᎸᏓᏁᎸᎩ ᎤᏁᎳᏅ Ꭿ ᏧᏪᏥ ᎢᏳᎾᎵᏍᏙᏗᏱ; ᎾᏍᎩ ᏕᎤᏙᎥ ᎠᏃᎯᏳᎲᏍᎩ;
13. ᎾᏍᎩ ᎩᎬ ᏧᎾᏄᎪᏫᏒᎯ ᏂᎨᏒᎾ, ᎠᎴ ᎤᏇᏓᎵ ᎠᏓᏅᏖᏍᎬ ᏧᎾᏄᎪᏫᏒᎯ ᏂᎨᏒᎾ, ᎠᎴ ᏴᏫ ᎠᏓᏅᏖᏍᎬ ᏧᎾᏄᎪᏫᏒᎯ ᏂᎨᏒᎾ, ᎤᏁᎳᏅᎯᏍᎩᏂ ᏧᎾᏄᎪᏫᏒᎯ.
14. ᎠᎴ ᎧᏃᎮᏛ ᎤᏇᏓᎵ ᏄᎵᏍᏔᏅᎩ, ᎠᎴ ᎢᏕᎲ ᎤᎴᏂᏙᎸᎩ, ᎤᎧᎵᏨᎯ ᎨᏒᎩ ᎤᏓᏙᎵᏣᏛ ᎠᎴ ᏚᏳᎪᏛᎢ; ᎠᎴ ᎢᏗᎪᏩᏘᏍᎬᎩ ᎤᏤᎵᎦ ᎦᎸᏉᏗᏳ ᎨᏒᎢ, ᎾᏍᎩ ᎦᎸᏉᏗᏳ ᎨᏒ ᎠᎦᏴᎵᎨ ᎤᏩᏒᎯᏳ ᎤᏕᏁᎸᎯ ᎤᏤᎵᎦ ᎾᏍᎩᏯ ᎨᏒᎩ.
15. ᏣᏂ ᎧᏃᎮᏍᎬᎩ ᎾᏍᎩ [ᎧᏃᎮᏛ,] ᎠᎴ ᎤᏪᎷᏅᎩ ᎯᎠ ᏄᏪᏒᎩ; ᎯᎠ ᎾᏍᎩ ᏥᏥᏃᎮᏍᎬᎩ, ᎯᎠ ᏥᏂᏥᏪᏍᎬᎩ, ᎣᏂ ᏨᏓᏯᎢ ᎢᎬᏱ ᎠᎦᎴᏗ, ᎾᏍᎩᏰᏃ ᎡᎲᎩ ᎠᏏ ᏂᎨᎥᎾ ᏥᎨᏒᎩ.
16. ᎠᎴ ᎾᏍᎩ ᎤᎧᎵᏨᎯ ᎨᏒ ᏂᏗᎥ ᎡᎩᏁᎸᎯ, ᎬᏩᎦᏘᏯᏰᏃ ᎤᏓᏙᎵᏍᏗ ᎨᏒ ᎤᎶᏏᎶᏛ ᎡᎩᏁᎸ.
17. ᏗᎧᎿᎭᏩᏛᏍᏗᏰᏃ ᎼᏏ ᎬᏂᎨᏒ ᎢᏳᏩᏁᎸᎯ ᎨᏒᎩ, ᎤᏓᏙᎵᏣᏛᏍᎩᏂ ᎠᎴ ᏚᏳᎪᏛᎢ ᏥᏌ ᎦᎶᏁᏛ ᏂᏙᏓᏳᎵᏍᎪᎸᏔᏅᎯ.
18. ᎥᏝ ᎩᎶ ᎢᎸᎯᏳ ᏱᎬᏩᎪᎰ ᎤᏁᎳᏅᎯ; ᎤᏩᏒᎯᏳ ᎤᏕᏁᎸᎯ ᎤᏪᏥ, ᎠᎦᏴᎵᎨ ᎦᏁᏥᎢ ᎡᎯ, ᎾᏍᎩ ᎬᏂᎨᏒ ᏄᏩᏁᎸ.
19. ᎠᎴ ᎾᏍᎩ ᎯᎠ ᏣᏂ ᎤᏃᎮᎸᎯ, ᎾᎯᏳ ᎠᏂᏧᏏ ᏥᎷᏏᎵᎻ ᏙᏧᏂᏅᏒ ᎠᏥᎸ-ᎠᏁᎶᎯ ᎠᎴ ᎠᏂᎵᏫ ᎬᏩᏛᏛᏗᏱ, ᎯᎠ ᎢᏳᏂᏪᏍᏗᏱ; ᎦᎪ ᏂᎯ?
20. ᎠᎴ Ꭴ’ᏃᏅᎩ, ᎠᎴ ᎥᏝ ᏳᏓᏱᎴᎢ, Ꭴ’ᏃᏅᏉᏍᎩᏂ ᎯᎠ ᏄᏪᏒᎩ; ᎥᏝ ᎠᏴ ᎦᎶᏁᏛ ᏱᎩ.
21. ᎠᎴ ᎥᎬᏩᏛᏛᏅᎩ ᎯᎠ ᏄᏂᏪᏒᎩ; ᎦᎪᎨ? ᎢᎳᏯᏍᎪ ᏂᎯ? ᎯᎠᏃ ᏄᏪᏒᎩ; ᎥᏝ. ᏥᎪᎨ Ꮎ ᎠᏙᎴᎰᏍᎩ ᏂᎯ? ᎥᏝ, ᎤᏛᏅᎩ.
22. ᎿᎭᏉᏃ ᎯᎠ ᏅᎬᏩᏪᏎᎸᎩ; ᎦᎪ ᏂᎯ? ᏫᏙᏥᏃᏁᏗᏱᏰᏃ ᏅᏓᎪᎩᏅᏒᎯ; ᎦᏙ ᎭᏗᎭ ᏨᏒ ᎭᏓᏃᎮᏍᎬᎢ?
23. ᎯᎠ ᏄᏪᏒᎩ; ᎠᏴ ᎾᏍᎩ Ꮎ ᎤᏪᎷᎩ ᎯᎠ ᏥᏂᎦᏪ ᎢᎾᎨᎢ; ᎢᏥᏥᏃᎯᏍᏓ ᏅᏃᎯ ᎤᎬᏫᏳᎯ ᎤᏤᎵᎦ; ᎾᏍᎩ ᏄᏪᏒ ᎢᏌᏯ ᎠᏙᎴᎰᏍᎩ.
24. ᎾᏍᎩᏃ Ꮎ ᏅᏓᎨᏥᏅᏏᏛ ᎠᏂᏆᎵᏏᏱ ᎤᎾᎵᎪᎯ ᎨᏒᎩ.
25. ᎬᏩᏛᏛᏅᎩᏃ ᎯᎠ ᏂᎬᏩᏪᏎᎸᎩ; ᎦᏙᏃ ᏥᏕᎭᏓᏬᏍᎦ, ᎢᏳᏃ ᏂᎯ ᎾᏍᎩ Ꮎ ᎦᎶᏁᏛ ᎠᎴ ᎢᎳᏯ ᎠᎴ ᎾᏍᎩ Ꮎ ᎠᏙᎴᎰᏍᎩ ᏂᎨᏒᎾ ᏱᎩ?
26. ᏣᏂ ᏚᏁᏤᎸᎩ, ᎯᎠ ᏄᏪᏒᎩ, ᎠᏴ ᎠᎹ ᏕᎦᏓᏬᏍᏗᎭ; ᎠᏎᏃ ᎦᏙᎦ ᎩᎶ ᎢᏥᏙᎾᎥ ᎤᏓᏑᏯ ᎾᏍᎩ ᏁᏥᎦᏔᎲᎾ;
27. ᎾᏍᎩᏍᎩᏂ Ꮎ ᎣᏂ ᏨᏓᏯᎢ, ᎢᎬᏱ ᏣᎦᎴᏗ; ᎾᏍᎩ ᏧᎳᏑᎶ ᏕᎪᎸᏌᏛ ᎥᏝ ᏰᎵ ᏱᏂᎪᎢ ᏗᏍᎩᎧᏁᏴᏗᏱ.
28. ᎾᏍᎩ ᎯᎠ ᏄᎵᏍᏔᏂᏙᎸᎩ ᏗᎦᏐᎯᏍᏗᏱ ᏦᏓᏂ ᏍᎪᏂᏗᏢ ᎾᎿᎭᏣᏂ ᏓᏓᏬᏍᎬᎢ.
29. ᎠᎴ ᎤᎩᏨᏛ ᏣᏂ ᏭᎪᎲᎩ ᏥᏌ ᎦᏙᎬ ᎢᏗᏢ ᏛᎦᏛᎩ, ᎠᎴ ᎯᎠ ᏄᏪᏒᎩ; ᏤᏣᎦᏅᎦ ᎠᏫ-ᎠᎩᎾ ᎤᏁᎳᏅᎯ ᎤᏤᎵᎦ, ᎾᏍᎩ ᎠᎲᏍᎩ ᎡᎶᎯ ᎤᏂᏍᎦᏅᏨᎢ.
30. ᎾᏍᎩᏍᎩᏂ ᎯᎠ Ꮎ ᏥᏥᏁᎢᏍᏗᏍᎬᎩ; ᎣᏂ ᏓᏯᎢ ᎢᎬᏱ ᎠᎦᎴᏗ ᏥᎦᏗᏍᎬᎩ, ᎾᏍᎩᏰᏃ ᎡᎲᎩ ᎠᏏ ᏂᎨᎥᎾ ᏥᎨᏒᎢ.
31. ᎠᎴ ᎠᏴ ᎥᏝ ᏱᏥᎦᏔᎮᎢ; ᎠᏎᏃ ᎾᏍᎩ ᎢᏏᎵ ᎨᏥᎾᏄᎪᏫᏎᏗᏱ ᏅᏧᎵᏍᏙᏔᏅ ᎠᎩᎷᏨ ᎠᎹ ᏕᎦᏓᏬᏍᏗᎭ.
32. ᎠᎴ ᏣᏂ ᎤᏃᎮᎸᎩ ᎯᎠ ᏄᏪᏒᎩ; ᎠᎩᎪᎲᎩ ᎠᏓᏅᏙ ᎫᎴ-ᏗᏍᎪᏂᎯ ᎾᏍᎩᏯ ᏓᏳᏁᏡᏅᎩ ᎦᎸᎳᏗ, ᎠᎴ ᎾᏍᎩ ᏚᎩᎸᏨᎩ.
33. ᎠᎴ ᎠᏴ ᎥᏝ ᏱᏥᎦᏔᎮᎢ; ᎠᏎᏃ ᎾᏍᎩ Ꮎ ᏅᏛᎩᏅᏏᏛ ᎠᎹ ᏗᏆᏓᏬᏍᏙᏗᏱ ᎾᏍᎩ ᎯᎠ ᎾᎩᏪᏎᎸᎩ; ᎩᎶ ᎯᎪᎥᎭ ᎠᏓᏅᏙ ᎠᏁᏡᎲᏍᎬᎢ ᏚᎩᎸᏨᎭ, ᎾᏍᎩ ᎦᎸᏉᏗᏳ ᎠᏓᏅᏙ ᏗᏓᏬᏍᏗᏍᎩ.
34. ᎠᎩᎪᎲᎩᏃ ᎠᎴ ᎠᎩᏃᎮᎸᎩ ᎾᏍᎩ ᎤᏁᎳᏅᎯ ᎤᏪᏥ ᎨᏒᎢ.
35. ᎠᎴᏬ ᎤᎩᏨᏛ ᏣᏂ ᎦᏙᎬᎩ, ᎠᎴ ᎠᏂᏔᎵ ᎬᏩᏍᏓᏩᏗᏙᎯ ᏓᏂᏙᎬᎩ.
36. ᏚᎧᎿᎭᏅᏃ ᏥᏌ ᎠᎢᏒᎢ ᎯᎠ ᏄᏪᏒᎩ; ᏤᏣᎦᏅᎦ ᎠᏫ-ᎠᎩᎾ ᎤᏁᎳᏅᎯ ᎤᏤᎵᎦ;
37. ᎾᏍᎩᏃ Ꮎ ᎠᏂᏔᎵ ᎬᏩᏍᏓᏩᏗᏙᎯ ᎤᎾᏛᎦᏅᎩ ᎤᏁᏨ; ᎠᎴ ᎾᏍᎩ ᎤᏂᏍᏓᏩᏛᏒᎩ ᏥᏌ.
38. ᏥᏌᏃ ᎤᎦᏔᎲᏒ, ᎠᎴ ᎬᏩᏍᏓᏩᏗᏒ ᏚᎪᎲ, ᎯᎠ ᏂᏚᏪᏎᎸᎩ; ᎦᏙ ᎢᏍᏗᏲᎭ? ᎯᎠᏃ ᏂᎬᏩᏪᏎᎸᎩ; ᏔᏈ-ᎾᏍᎩ ᎠᏁᏢᏔᏅᎯ ᎦᏛᎦ ᏔᏕᏲᎲᏍᎩ-ᎭᏢ ᏗᏤᏅ.
39. ᎯᎠ ᏂᏚᏪᏎᎸᎩ; ᎢᏕᎾ, ᏫᏍᏓᎦᏔ. ᎤᏁᏅᏒᎩᏃ ᎠᎴ ᎤᎾᎦᏔᏅᎩ ᎦᏁᎸᎢ, ᎠᎴ ᎢᏧᎳᎭ ᎤᏁᏙᎸᎯ ᎾᎯᏳ ᎢᎦ; ᏅᎩᏁᏰᏃ ᎢᏳᏟᎶᏛ ᎧᎳᏩᏗᏒ ᎨᏒᎩ.
40. ᎠᏏᏴᏫ ᎾᏍᎩ Ꮎ ᎠᏂᏔᎵ ᏣᏂ ᎤᎾᏛᎦᏁᎸᎯ, ᎠᎴ [ᏥᏌ] ᎤᏂᏍᏓᏩᏛᏛ, ᎾᏍᎩ ᎡᏂᏗ ᎨᏒᎩ, ᏌᏩᏂ ᏈᏓ ᏗᎾᏓᏅᏟ.
41. ᎢᎬᏱ ᎤᏩᏛᎲᎩ ᎤᏤᎵ ᎤᏂᎵ ᏌᏩᏂ, ᎠᎴ ᎯᎠ ᏄᏪᏎᎸᎩ; ᎣᏥᏩᏛᎲ ᎺᏌᏯ; (ᎾᏍᎩ ᎠᏁᏢᏔᏅᎯ ᎦᎶᏁᏛ ᎦᏛᎦ.)
42. ᎠᎴ ᎾᏍᎩ ᎤᏘᏃᎸᎩ ᏥᏌ ᎡᏙᎲᎢ. ᏥᏌᏃ ᏚᎧᎿᎭᏅ ᎯᎠ ᏄᏪᏒᎩ; ᏌᏩᏂ ᏂᎯ, ᏦᎾ ᎤᏪᏥ, ᏏᏆᏏ ᏕᏣᏙᎡᏍᏗ; ᎾᏍᎩ ᎠᏁᏢᏔᏅᎯ ᏈᏓ ᎦᏛᎦ.
43. ᎤᎩᏨᏛ ᏥᏌ ᎤᏚᎵᏍᎬᎩ ᎨᎵᎵ ᎤᏪᏅᏍᏗᏱ; ᏈᎵᎩᏃ ᎤᏩᏛᎲᎩ, ᎠᎴ ᎾᏍᎩ ᎯᎠ ᏄᏪᏎᎸᎩ; ᏍᎩᏍᏓᏩᏚᎦ.
44. ᏈᎵᎩ ᏇᏣᏱᏗ ᎡᎯ ᎨᏒᎩ, ᎡᏂᏗ ᎠᎴ ᏈᏓ ᎤᏂᏚᎲᎢ.
45. ᏈᎵᏃ ᎤᏩᏛᎲᎩ ᏁᏓᏂᎵ, ᎠᎴ ᎯᎠ ᏄᏪᏎᎸᎩ; ᎣᏥᏩᏛᎲ ᎾᏍᎩ ᎼᏏ ᎫᏬᏪᎳ ᏥᎧᏃᎮᎭ ᏗᎧᎿᎭᏩᏛᏍᏗ ᎪᏪᎵᎯ, ᎠᎴ ᎠᎾᏙᎴᎰᏍᎩ ᏣᏂᏃᎮᎭ, ᎾᏍᎩ ᏥᏌ ᎾᏎᎵᏗ ᎡᎯ ᏦᏩ ᎤᏪᏥ.
46. ᏁᏓᏂᎵᏃ ᎯᎠ ᏄᏪᏎᎸᎩ; ᏰᎵᏍᎪ ᎪᎱᏍᏗ ᎣᏍᏛ ᏅᏓᎬᏩᎾᏄᎪᎢᏍᏗ ᎾᏎᎵᏗ? ᏈᎵᎩ ᎯᎠ ᏄᏪᏎᎸᎩ; ᎢᏁᎾ, ᏩᎦᏔ.
47. ᏥᏌ ᏭᎪᎲᎩ ᏁᏓᏂᎵ, ᎦᏙᎬ ᎢᏗᏢ ᏛᎦᏛᎩ; ᎯᎠᏃ ᏄᏪᏒᎩ, ᎾᏍᎩ ᎤᏁᎢᏍᏔᏅᎩ; ᎬᏂᏳᏉ ᎤᏙᎯᏳᎯᏯ ᎢᏏᎵ ᎤᏪᏥ, ᎾᏍᎩ ᎦᎶᏄᎮᏛ ᏄᏓᏑᏴᎾ.
48. ᏁᏓᏂᎵ ᎯᎠ ᏄᏪᏎᎸᎩ; ᎦᏙ ᏗᎦᎵᏍᏙᏗ ᎢᏍᎩᎦᏔᎭ? ᏥᏌ ᎤᏁᏨ ᎯᎠ ᏄᏪᏎᎸᎩ; ᎠᏏᏉ ᏈᎵᎩ ᏫᏂᏣᏯᏂᏍᎬᎾ ᏥᎨᏒᎩ, ᎡᎦᏔ-ᎢᏳᏍᏗ ᏡᎬᎢ ᎭᏫᏂᏗᏢ ᏥᏦᎸᎩ, ᏫᎬᎪᎥᎩ.
49. ᏁᏓᏂᎵ ᎤᏅᏨ ᎯᎠ ᏄᏪᏒᎩ; ᏔᏕᏲᎲᏍᎩ, ᏂᎯ ᎤᏁᎳᏅᎯ ᎤᏪᏥ; ᏂᎯ ᏣᎬᏫᏳᎯ ᎢᏏᎵ ᎤᎾᏤᎵᎦ.
50. ᏥᏌ ᎤᏁᏨ ᎯᎠ ᏄᏪᏎᎸᎩ; ᏥᎪ ᎯᎠ ᏥᏂᎬᏪᏏ, ᎬᎪᎥᎩ ᎭᏫᏂᏗᏢ ᏒᎦᏔ-ᎢᏳᏍᏗ ᏡᎬᎢ, ᎾᏍᎩ ᏅᏗᎦᎵᏍᏙᏗᎭ ᎰᎯᏳᎲᏍᎦ? ᎤᏟ ᎢᏳᏍᏆᏂᎪᏗ ᎯᎪᏩᏘᏍᎨᏍᏗ, ᎡᏍᎦᏉ ᎾᏍᎩ.
51. ᎠᎴᏬ ᎯᎠ ᏄᏪᏎᎸᎩ; ᎤᏙᎯᏳᎯᏩ ᎤᏙᎯᏳᎯᏯ ᎯᎠ ᏂᏨᏪᏎᎭ; ᎪᎯ ᎢᏳᏓᎴᏅᏛ ᎢᏥᎪᏩᏘᏍᎨᏍᏗ ᎦᎸᎳᏗ ᎤᎵᏍᏚᎢᏛ ᎨᏎᏍᏗ, ᎠᎴ ᏕᏥᎪᏩᏘᏍᎨᏍᏗ ᏗᏂᎧᎿᎭᏩᏗᏙᎯ ᎤᏁᎳᏅᎯ ᏧᏤᎵᎦ ᎠᎾᎵᏌᎳᏗᏍᎨᏍᏗ ᎠᎴ ᎡᎳᏗ ᎾᎾᏛᏁᎮᏍᏗ ᎬᏩᎷᏤᎮᏍᏗ ᏴᏫ ᎤᏪᏥ.

== John 2 ==
1. ᏦᎢᏁᏃ ᎢᎦ ᏕᎨᎦᏨᏍᏗᏍᎬᎩ ᎨᎵᎵ ᎨᏂ ᎦᏚᎲᎢ; ᏥᏌ ᎤᏥ ᎾᎿᎭᎡᏙᎲᎩ.
2. ᏥᏌᏃ ᏩᏥᏯᏅᎲᎩ ᎠᎴ ᎬᏩᏍᏓᏩᏗᏙᎯ ᏕᎨᎦᏨᏍᏗᏍᎬ ᎤᏂᎷᎯᏍᏗᏱ.
3. ᎩᎦᎨᏃ-ᎠᏗᏔᏍᏗ ᎤᏗᏒᏅ, ᏥᏌ ᎤᏥ ᎯᎠ ᏄᏪᏎᎸᎩ; ᎥᏝ ᏳᏂᏁᎭ ᎩᎦᎨ-ᎠᏗᏔᏍᏗ.
4. ᏥᏌᏃ ᎯᎠ ᏄᏪᏎᎸᎩ; ᎯᎨᏴ ᎦᏙ ᎠᏴ ᏗᎩᎾᏓᏛᏙᏗ? ᎥᏝ ᎠᏏ ᎠᏴ ᏯᎩᏍᏆᎸᎡᎸ.
5. ᎤᏥᏃ ᎯᎠ ᏂᏚᏪᏎᎸᎩ ᎨᏥᏅᏏᏓᏍᏗ; ᏂᎦᎥ ᏂᏥᏪᏎᎲ ᎾᏍᎩ ᏂᏣᏛᏁᎸᎭ.
6. ᎾᎿᎭᏃ ᏕᎦᎧᎲᎩ ᏑᏓᎵ ᎠᎹ ᏗᏟᏍᏗ ᏅᏯ ᏗᎪᏢᏔᏅᎯ ᎠᏂᏧᏏ ᏥᏂᏕᎤᏅᏃ ᎤᎾᏓᏅᎦᎸᏗᏱ ᏥᏂᏕᎬᏅᎩ, ᏦᎠᏍᎪᎯ ᎢᏴᏛ ᎢᏳᏟᎶᏛ ᏗᏟᏍᏙᏗ ᎨᏒᎩ
7. ᏥᏌᏃ ᎯᎠ ᏂᏚᏪᏎᎸᎩ; ᎠᎹ ᏗᏥᎧᎵᎢᏍᏓ ᎠᎹ ᏗᏟᏍᏗ. ᎾᏍᎩᏃ ᎠᎧᎵᎢ ᏚᏂᎧᎵᎸᎩ.
8. ᎯᎠᏃ ᏂᏚᏪᏎᎸᎩ; ᎿᎭᏉ ᏗᏥᏢ ᎠᎴ ᎠᎾᎵᏍᏓᏴᎲᏍᎬ ᎤᎬᏫᏳᏌᏕᎩ ᏪᏥᏁᎥᏏ. ᏭᏂᏁᏁᎸᎩᏃ.
9. ᎤᎬᏫᏳᏌᏕᎩ ᎤᏚᎩᏒ ᎠᎹ ᎩᎦᎨᎠᏗᏔᏍᏗ ᎢᏳᎵᏍᏔᏅᎯ, ᎠᎴ ᎾᎦᏔᎲᎾ ᎨᏎ ᏧᎶᏒᎢ, ᎨᏥᏅᏏᏓᏍᏗᏍᎩᏂ ᎠᎹ ᎤᏂᏢᏛ ᎠᏂᎦᏔᎲᎩ, ᎤᎬᏫᏳᏌᏕᎩ ᏭᏯᏅᎲᎩ ᎠᏍᎦᏯ ᏣᎦᏨᏍᏗᏍᎩ,
10. ᎠᎴ ᎯᎠ ᏄᏪᏎᎸᎩ; ᎾᏂᎥ ᏴᏫ ᎠᎾᎴᏅᏗᏍᎪ ᎠᏂᏝᎲᏍᎪ ᎣᏌᏂ ᎩᎦᎨᎠᏗᏔᏍᏗ, ᎿᎭᏉᏃ ᎤᏣᏘ ᎤᎾᏗᏔᎲᎯ ᏥᎨᏐᎢ ᎩᎳ ᎤᏐᏅ ᎠᏂᏝᎲᏍᎪᎢ; ᏂᎯᏍᎩᏂ ᏣᏍᏆᏂᎪᏕ ᎣᏍᏛ ᎩᎦᎨ-ᎠᏗᏔᏍᏗ ᎪᎯ ᎢᏯᏍᏗ.
11. ᎾᏍᎩ ᎯᎠ ᎤᎴᏅᏔᏅᎩ ᏥᏌ ᎤᏍᏆᏂᎪᏗ ᏚᎸᏫᏍᏓᏁᎸᎩ ᎨᎵᎵ ᎨᏂ ᎦᏚᎲᎢ, ᎠᎴ ᎬᏂᎨᏒ ᏄᏩᏁᎸᎩ ᎠᏥᎸᏉᏗᏳ ᎨᏒᎢ. ᎬᏩᏍᏓᏩᏗᏙᎯᏃ ᎬᏬᎯᏳᏅᎩ.
12. ᎾᏍᎩᏃ ᏄᎵᏍᏔᏂᏙᎸ ᎨᏆᏂ ᏭᎶᏒᎩ, ᎤᏩᏒ, ᎠᎴ ᎤᏥ, ᎠᎴ ᎠᎾᎵᏅᏟ ᎠᎴ ᎬᏩᏍᏓᏩᏗᏙᎯ; ᎠᎴ ᎾᎿᎭᎢᎸᏍᎩᏉ ᏄᏂᏒᎸᎩ.
13. ᎧᏃᎯᏰᎩᏃ ᏗᎵᏍᏓᏴᏗᏱ ᎠᏂᏧᏏ ᎤᎾᏤᎵᎦ ᎤᏍᏆᎸᎯᏗᏒᎩ; ᏥᏌᏃ ᏥᎷᏏᎵᎻ ᏭᎶᏒᎩ.
14. ᎤᏛᏅᏃ-ᏗᎦᎳᏫᎢᏍᏗᏱ ᏚᏩᏛᎲᎩ ᎠᏂᏅᎩ ᏗᏂᎾᏕᎩ ᏩᎦ ᎠᎴ ᎠᏫ ᎠᎴ ᎫᎴ-ᏗᏂᏍᎪᏂᎯ, ᎠᎴ ᎠᏕᎸ ᏗᏂᏁᏟᏴᏍᎩ.
15. ᎦᏩᏍᏛᏂᏍᏗᏃ ᎤᏬᏢᏅ, ᏂᎦᏛ ᎤᏛᎾ-ᏗᎦᎳᏫᎢᏍᏗᏱ ᏚᏄᎪᏫᏒᎩ, ᎠᎴ ᎾᏍᏉ ᎠᏫ, ᎠᎴ ᏩᎦ; ᏚᏤᏮᎩᏃ ᎠᏕᎸ ᏚᏂᎲ ᎠᏕᎸ ᏗᏂᏁᏟᏴᏍᎩ, ᎠᎴ ᏚᎷᏆᏗᏅᏒᎩ ᏕᎦᏍᎩᎸᎢ.
16. ᎠᎴ ᎯᎠ ᏂᏚᏪᏎᎸᎩ ᎫᎴ-ᏗᏂᏍᎪᏂᎯ ᏗᏂᎾᏕᎩ; ᎯᎠ ᏗᏥᎧᎲᎾ, ᏞᏍᏗ ᎡᏙᏓ ᎦᏁᎸ ᎦᏃᏙᏗᏱ ᎠᏓᏁᎸ ᎢᏨᏁᎸᎢ.
17. ᎬᏩᏍᏓᏩᏗᏙᎯᏃ ᎤᎾᏅᏓᏛᎩ ᎯᎠ ᏂᎬᏅ ᎪᏪᎸᎢ; “ᏣᏤᎵ ᎠᏓᏁᎸ ᏓᏇᎷᎬ ᎠᎩᏯᎣᏅ.”
18. ᎠᏂᏧᏏᏃ ᎤᏂᏁᏨ ᎯᎠ ᏅᎬᏩᏪᏎᎸᎩ; ᎦᏙ ᎠᏙᎴᎰᎯᏍᏙᏗ ᎬᏂᎨᏒ ᏅᏓᏍᎩᏴᏁᎵ, ᎾᏍᎩ ᏥᏄᏍᏗ ᏥᏕᏣᎸᏫᏍᏓᏁᎭ?
19. ᏥᏌ ᎤᏁᏨᎩ ᎯᎠ ᏂᏚᏪᏎᎸᎩ; ᎢᏥᏲᏍᏓ ᎯᎠ ᎤᏛᏅ-ᏗᎦᎳᏫᎢᏍᏗᏱ, ᏦᎢᏉᏃ ᎢᎦ ᏓᏥᏱᎵᏙᎵ ᎿᎭᏉ ᏛᎦᏁᏍᎨᎰᏂ.
20. ᎠᏂᏧᏏᏃ ᎯᎠ ᏄᏂᏪᏒᎩ; ᏅᎦᏍᎪᎯ ᏑᏓᎵᎦᎵ ᏧᏕᏘᏴᏛ ᎤᏂᏱᎵᏙᎸᎯ ᎠᎾᏁᏍᎨᏍᎬ ᎯᎠ ᎤᏛᏅ-ᏗᎦᎳᏫᎢᏍᏗᏱ; ᏥᎪᏃ ᏂᎯ ᏦᎢᏉ ᎢᎦ ᏛᎯᏱᎵᏙᎵ ᏛᎭᏁᏍᎨᎰᏂ?
21. ᎠᏎᏃ ᎤᏩᏒ ᎠᏰᎸ ᎠᏓᏁᎸ ᎧᏁᎢᏍᏗᏍᎬᎩ ᎾᏍᎩ ᏄᏪᏒ.
22. ᎰᏩᏃ ᎿᎭᏉ ᎤᏲᎱᏒ ᏕᎤᎴᏅ ᎬᏩᏍᏓᏩᏗᏙᎯ ᎤᎾᏅᏓᏛᎩ ᎾᏍᎩ ᏂᏚᏪᏎᎸᎢ; ᎠᎴ ᎤᏃᎯᏳᏅᎩ ᎪᏪᎵ ᎠᎴ ᎾᏍᎩ ᏥᏌ ᎤᏁᏨᎢ.
23. ᏥᎷᏏᎵᎻᏃ ᎡᏙᎲ ᎧᏃᎯᏰᎩ ᏗᎵᏍᏓᏴᏗᏱ ᎢᏳ ᎨᏒᎢ, ᎤᏂᏣᏛᎩ ᎤᏃᎯᏳᏅ ᏚᏙᎥᎢ, ᎤᏂᎪᎲ ᎤᏍᏆᏂᎪᏗ ᏚᎸᏫᏍᏓᏁᎸᎢ.
24. ᎠᏎᏃ ᏥᏌ ᎥᏝ ᎤᏩᏒ ᏱᏚᏓᏲᏎᎢ, ᎾᏂᎥᏰᏃ ᏓᎦᏔᎲᎩ,
25. ᎥᏝ ᎠᎴ ᎤᏚᎸᏗ ᏱᏄᎵᏍᏓᏁᎮ ᎩᎶ ᎬᏂᎨᏒ ᎢᏳᏩᏁᏗᏱ ᏄᏍᏛ ᏴᏫ, ᎠᎦᏔᎲᎩᏰᏃ ᏄᏍᏛ ᎭᏫᏂ ᎤᏪᎲ ᏴᏫ.

== John 3 ==
1. ᎠᏍᎦᏯ ᎡᎲᎩ ᏂᎦᏗᎹᏏ ᏧᏙᎢᏛ, ᎠᏂᏆᎵᏏᏱ ᎤᏤᎵᎪᎯ, ᎠᏂᏧᏏ ᏗᎬᏩᏁᎶᏗ ᎨᏒᎩ.
2. ᎾᏍᎩ ᏥᏌ ᎤᎷᏤᎸᎩ ᏒᏃᏱ ᎯᎠ ᏄᏪᏎᎸᎩ; ᏗᏍᏇᏲᎲᏍᎩ, ᎣᏥᎦᏔᎭ ᏔᏕᏲᎲᏍᎩ ᎨᏒ ᎤᏁᎳᏅᎯ ᏅᏓᏣᏅᏏᏛ ᎨᏒᎢ: ᎥᏝᏰᏃ ᎩᎶ ᎾᏍᎩ ᎯᎠ ᎤᏍᏆᏂᎪᏗ ᏥᏕᏣᎸᏫᏍᏓᏁᎭ ᏱᏙᎬᏩᎸᏫᏍᏓᏏ, ᎤᏁᎳᏅᎯ ᏂᏚᎧᎿᎭᏩᏗᏙᎲᎾᏱᎩ.
3. ᏥᏌ ᎤᏁᏨ ᎯᎠ ᏄᏪᏎᎸᎩ; ᎤᏙ ᎯᏳᎯᏯ, ᎤᏙᎯᏳᎯᏯ ᎯᎠ ᏂᎬᏪᏎᎭ, ᎩᎶ ᏔᎵᏁ ᎤᏕᏅᎯ ᏂᎨᏒᎾ ᎢᎨᏎᏍᏗ ᎥᏝ ᏴᎬᎪᏩᏛ ᎾᎿᎭᎤᏁᎳᏅᎯ ᎤᎬᏫ ᏳᎯ ᎨᏒᎢ.
4. ᏂᎦᏗᎹᏏᏃ ᎯᎠ ᏄᏪᏎᎸᎩ; ᎦᏙ ᏱᎦᎵᏍᏙᏓ ᏴᏫ ᏯᏕᎲᎦ ᎿᎭᏉ ᎠᎦᏴᎵᎨ ᏱᎩ? ᏥᎪ ᏔᎵᏁ ᎤᏥᏏᏱ ᏫᏯᏴᎭ, ᏯᏕᎲᎦ?
5. ᏥᏌ ᎤᏁᏨᎩ; ᎤᏙᎯᏳᎯᏯ, ᎤᏙᎯᏳᎯᏯ ᎯᎠ ᏂᎬᏪᏎᎭ, ᎩᎶ ᎠᎹ ᎠᎴ ᎠᏓᏅᏙ ᎬᏩᎾᏄᎪᏫᏒᎯ ᏂᎨᏒᎾ ᎢᎨᏎᏍᏗ, ᎥᏝ ᏴᎬᏴᎭ ᎾᎿᎭᎤᏁᎳᏅᎯ ᎤᎬᏫᏳᎯ ᎨᏒᎢ.
6. ᎾᏍᎩ Ꮎ ᎤᏇᏓᎵ ᎤᎾᏄᎪᏫᏒᎯ ᎤᏇᏓᎵᏉ ᎨᏐᎢ; ᎾᏍᎩ Ꮎ ᎠᏓᏅᏙ ᎤᎾᏄᎪᏫᏒᎯ ᎠᏓᏅᏙ ᎨᏐᎢ.
7. ᏞᏍᏗ ᏣᏍᏆᏂᎪᏒᎩ ᎠᏎ ᏔᎵᏁ ᎢᏣᏕᏗ, ᏥᎬᏲᏏ.
8. ᎤᏃᎴ ᎤᏚᎵᏍᏛᏉ ᎢᏘᏢ ᏫᎦᏃᎸᏗᏍᎪᎢ, ᎠᎴ ᎤᏃᏴᎬ ᎭᏛᎩᏍᎪᎢ, ᎠᏎᏃ ᎥᏝ ᏱᎦᏔᎰ ᏗᎦᏛᎢ ᎠᎴ ᏩᎦᏛᎢ; ᎾᏍᎩᏯᏍᎩᏂ ᏄᏍᏗ ᎾᏂᎥ ᎩᎶ ᎾᏍᎩ ᎠᏓᏅᏙ ᏧᎾᏄᎪᏫᏒᎯ.
9. ᏂᎦᏗᎹᏏ ᎤᏁᏨ ᎯᎠ ᏄᏪᏎᎸᎩ; ᎦᏙ ᏱᎦᎵᏍᏙᏓ ᎾᏍᎩ ᏱᏄᏍᏗ?
10. ᏥᏌ ᎤᏁᏨ ᎯᎠ ᏄᏪᏎᎸᎩ; ᏥᎪ ᏔᏕᏲᎲᏍᎩ ᎢᏏᎵ ᎠᏁᎲᎢ, ᏂᎦᏔᎲᎾᏃ ᎢᎩ ᎾᏍᎩ ᎯᎠ.
11. ᎤᏙᎯᏳᎯᏯ, ᎤᏙᎯᏳᎯᏯ ᎯᎠ ᏂᎬᏪᏎᎭ; ᎣᏂᎦᏔᎲ ᎣᏥᏁᎪᎢ, ᎠᎴ ᎣᎩᎪᎲᎯ ᎣᏥᏃᎮᏍᎪᎢ, ᎠᏎᏃ ᎥᏝ ᏱᏗᏣᏓᏂᎸᎪ ᎣᏥᏃᎮᏍᎬᎢ.
12. ᎢᏳᏃ ᎡᎶᎯ ᏂᎦᎵᏍᏔᏂᏙᎲ ᎢᏨᏃᎮᎮᎸ ᏂᏦᎯᏳᎲᏍᎬᎾ ᏱᎩ, ᎦᏙ ᏱᎦᎵᏍᏙᏓ ᏱᏦᎯᏳᎲᎦ, ᎦᎸᎳᏗ ᏂᎦᎵᏍᏔᏂᏙᎲ ᏱᏨᏃᎮᎮᎸ?
13. ᎥᏝᏰᏃ ᎩᎶ ᎦᎸᎳᏗ ᏫᏳᎶᏐᎢ, ᎦᎸᎳᏗ ᏅᏓᏳᎶᏒᎯ ᎤᏩᏒ, ᏴᏫ ᎤᏪᏥ, ᎾᏍᎩ ᎦᎸᎳᏗ ᏤᎭ.
14. ᎠᎴ ᎼᏏ ᎢᎾᏛ ᏧᏌᎳᏓᏁ ᎢᎾᎨᎢ, ᎾᏍᎩᏯ ᎾᏍᏉ ᏴᏫ ᎤᏪᏥ ᏓᏰᏥᏌᎳᏗᏂ,
15. ᎾᏍᎩ ᎩᎶ ᎪᎯᏳᎲᏍᎨᏍᏗ, ᎤᏲᎱᎯᏍᏗᏱ ᏂᎨᏒᎾ, ᎬᏂᏛᏍᎩᏂ ᎤᏩᏛᏗ.
16. ᎾᏍᎩᏰᏃ ᏂᎦᎥᎩ ᎤᏁᎳᏅᎯ ᎤᎨᏳᏒᎩ ᎡᎶᎯ, ᏕᎤᏲᏒᎩ ᎤᏤᎵᎦ ᎤᏪᏥ ᎾᏍᎩ ᎤᏩᏒᎯᏳ ᎤᏕᏁᎸᎯ, ᎩᎶ ᎾᏍᎩ ᏱᎪᎯᏳᎲᏍᎦ ᎤᏲᎱᎯᏍᏗᏱ ᏂᎨᏒᎾ, ᎬᏂᏛᏉᏍᎩᏂ ᎤᏩᏛᏗ.
17. ᎤᏁᎳᏅᎯᏰᏃ ᎥᏝ ᎡᎶᎯ ᎤᎷᎯᏍᏗᏱ ᏴᏧᏅᏒ ᎤᏪᏥ ᏧᏭᏓᏁᏗᏱ ᎡᎶᎯ, ᎾᏍᎩᏍᎩᏂ ᎢᏳᏩᏂᏐᏗᏱ ᎡᎶᎯ ᎠᏥᏍᏕᎸᏗᏱ.
18. ᎩᎶ ᎾᏍᎩ Ꮎ ᏥᎪᎯᏳᎲᏍᎪᎢ, ᎥᏝ ᎤᏍᎦᏅᏨᎯ ᏧᏚᎪᏔᏅᎯ ᏱᎨᏐᎢ, ᎾᏍᎩᏍᎩᏂ Ꮎ ᏂᎪᎯᏳᎲᏍᎬᎾ ᎾᏍᎩ ᎦᏳᎳ ᎤᏍᎦᏅᏨᎯ ᏧᏚᎪᏔᏅᎯ ᎨᏐᎢ, ᏅᏗᎦᎵᏍᏙᏗᏍᎪ ᏄᏬᎯᏳᏅᎾ ᎨᏒ ᎤᏁᎳᏅᎯ ᎤᏪᏥ ᏕᎤᏙᎥ ᎾᏍᎩ ᎤᏩᏒᎯᏳ ᎤᏕᏁᎸᎯ.
19. ᎠᎴ ᎾᏍᎩ ᎯᎠ ᏅᏗᎦᎵᏍᏙᏗᎭ ᎤᏂᏍᎦᏅᏨ ᏥᏚᎾᏚᎪᏓᏁᎭ, ᎾᏍᎩ ᎢᎦᎦᏘ ᎡᎶᎯ ᎤᎾᏄᎪᏥᎸ, ᎠᎴ ᏴᏫ ᎤᏟ ᎤᏂᏰᎸᏅ ᎤᎵᏏᎩ ᎡᏍᎦᏉ ᎢᎦ-ᎦᏘ, ᏚᏂᎸᏫᏍᏓᏁᎲᏰᏃ ᎤᏲᎢᏳ ᎨᏒᎩ.
20. ᎤᏲᏰᏃ ᏧᎸᏫᏍᏓᏁᎯ ᎠᏍᎦᎪ ᎢᎦᎦᏘ, ᎠᎴ ᎥᏝ ᏱᎦᎷᎪ ᎢᎦᎦᏛᎢ, ᏅᏗᎦᎵᏍᏙᏗᏍᎪ ᏄᏚᎵᏍᎬᎾ ᎨᏒ ᎬᏂᎨᏒ ᎢᏳᎵᏍᏙᏗᏱ ᏄᏍᏛ ᏚᎸᏫᏍᏓᏁᎲᎢ.
21. ᏚᏳᎪᏛᏍᎩᏂ ᏧᎸᏫᏍᏓᏁᎯ ᎢᎦᎦᏛ ᎦᎷᎪᎢ, ᎤᏚᎵᏍᎪ ᎬᏂᎨᏒ ᎢᏳᎵᏍᏙᏗᏱ ᎤᏁᎳᏅᎯ ᎣᏏᏳ ᎤᏰᎸᏗ ᏚᎸᏫᏍᏓᏁᎲᎢ.
22. ᎾᏍᎩᏃ ᏄᎵᏍᏔᏂᏙᎸ, ᏥᏌ ᎠᎴ ᎬᏩᏍᏓᏩᏗᏙᎯ ᏧᏗᏱ ᏭᏂᎶᏒᎩ, ᎾᎿᎭᏃ ᎤᏁᏙᎸᎩ, ᎠᎴ ᏚᏓᏬᎥᎩ.
23. ᏣᏂᏃ ᎾᏍᏉ ᎢᏃᏂ ᏓᏓᏬᏍᎬᎩ, ᏎᎵᎻ ᎾᎥᎢ, ᎾᎿᎭᏰᏃ ᎤᏣᏛᎩ ᎠᎹ. ᎠᏂᎷᎬᎩᏃ ᎠᎴ ᏕᎨᎦᏬᏍᎬᎩ.
24. ᏣᏂᏰᏃ ᎥᏝ ᎠᏏ ᏗᏓᏍᏚᏗᏱ ᏯᏥᏴᏗᏍᎨᎢ.
25. ᎿᎭᏉᏃ ᎧᏃᎮᏗ ᏄᎾᎵᏍᏓᏁᎸᎩ ᏣᏂ ᎬᏩᏍᏓᏩᏗᏙᎯ ᎠᏂᏧᏏᏃ ᎠᏓᏅᎦᎸᏗᏱ ᎤᎬᏩᎵ.
26. ᏣᏂᏃ ᎤᏂᎵᏤᎸᎩ, ᎯᎠ ᏄᏂᏪᏎᎸᎩ; ᏔᏕᏲᎲᏍᎩ, ᎾᏍᎩ ᎾᏥᏍᏕᏙᎲᎩ ᏦᏓᏂ ᏍᎪᏂᏗᏢ, ᎾᏍᎩ ᏥᏃᎮᏍᎬᎩ, ᎬᏂᏳᏉ ᎾᏍᎩ ᏓᏓᏬᎠ, ᎠᎴ ᏂᎦᏛᏉ ᎬᏩᎷᏤᎭ.
27. ᏣᏂ ᎤᏁᏨ ᎯᎠ ᏄᏪᏒᎩ; ᏴᏫ ᎥᏝ ᎪᎱᏍᏗ ᏴᎬᏩᏛ ᎬᏂ ᎦᎸᎳᏗ ᏅᏓᏰᏥᏁᎸᎯ ᏱᎩ.
28. ᏂᎯ ᎢᏨᏒ ᎢᏥᎦᏔᎯ ᎯᎠ ᏥᏂᏥᏪᏍᎬᎩ; ᎠᏴ ᎥᏝ ᎦᎶᏁᏛ ᏱᎩ, ᎥᎩᏅᏏᏛᏉᏍᎩᏂ ᎢᎬᏱ ᏥᏰᏅᎡᎯ.
29. ᎤᏓᏴᏍᏗ ᎤᏪᎧᎯ ᎾᏍᎩ ᎠᏕᏒᎲᏍᎩ; ᎠᏎᏃ ᎠᏕᏒᎲᏍᎩ ᎤᎾᎵᎢ, ᎾᏍᎩ ᏥᎦᏙᎪ ᎠᎴ ᏧᏛᎦᏁᎰᎢ, ᎤᏣᎳᏅᎯ ᎠᎵᎮᎵᎪ ᏅᏗᎦᎵᏍᏙᏗᏍᎪ ᎠᏕᏒᎲᏍᎩ ᎧᏁᎬᎢ. ᎾᏍᎩᏍᎩᏂ ᎠᏴ ᎦᎵᎡᎵᎬ ᎤᎧᎵᏨ.
30. ᎾᏍᎩ Ꮎ ᎠᏎ ᏛᏛᏃᏏ, ᎠᏴᏍᎩᏂ ᎠᏎ ᏓᏥᏲᎶᏥ.
31. ᎦᎸᎳᏗ ᏅᏓᏳᎶᏒᎯ ᎤᏟ ᎠᏥᎸᏉᏗᏳ ᎡᏍᎦᏉ ᎾᏂᎥᎢ. ᎡᎶᎯ ᎤᎾᏄᎪᏨᎯ ᎡᎶᎯᏉ ᎡᎯ ᎨᏐᎢ, ᎠᎴ ᎦᏬᏂᏍᎬ ᎡᎶᎯᏉ ᎡᎯ ᎨᏐᎢ, ᎦᎸᎳᏗᏍᎩᏂ ᏅᏓᏳᎶᏒᎯ ᎤᏟ ᎦᎸᏉᏗᏳ ᎡᏍᎦᏉ ᎾᏂᎥᎢ.
32. ᎠᎴ ᎾᏍᎩ ᎤᎪᎲᎢ ᎤᏛᎦᏅᎾᏍᎩ ᎧᏃᎮᎭ, ᎠᏎᏃ ᎥᏝ ᎩᎶ ᏱᏓᏓᏂᎸᎦ ᎾᏍᎩ ᎤᏃᎮᎸᎢ.
33. ᎾᏍᎩᏍᎩᏂ Ꮎ ᏧᏓᏂᎸᏨᎯᏍᎩᏂ ᎤᏃᎮᎸᎢ ᎾᏍᎩ ᎤᏍᏓᏱᏛ ᎤᏁᎳᏅᎯ ᎬᏩᏥᎪᏗ ᏂᎨᏒᎾ ᎨᏒᎢ.
34. ᎾᏍᎩᏰᏃ ᎤᏁᎳᏅᎯ ᎤᏅᏏᏛ, ᎤᏁᎳᏅᎯ ᎤᏬᏂᎯᏍᏗ ᎨᏒ ᎦᏬᏂᎭ; ᎤᏁᎳᏅᎯᏰᏃ ᎥᏝ ᎤᏟᎶᏛᏉ ᎠᏓᏅᏙ ᏳᏁᎭ.
35. ᎠᎦᏴᎵᎨ ᎤᎨᏳᎯᏳ ᎤᏪᏥ, ᎠᎴ ᏂᎦᏗᏳ ᎪᎱᏍᏗ ᏚᏲᎯᏎᎸ.
36. ᎾᏍᎩ Ꮎ ᎪᎯᏳᎲᏍᎩ [ᎤᏁᎳᏅᎯ] ᎤᏪᏥ, ᎾᏍᎩ ᎬᏂᏛ ᎠᎵᏍᏆᏗᏍᎩ ᏁᎨᏒᎾ ᎤᏤᎵᎦ, ᎾᏍᎩᏍᎩᏂ ᎤᏪᏥ ᎪᎯᏳᎲᏍᎩ ᏂᎨᏒᎾ ᎥᏝ ᎬᏂᏛ ᎤᎪᏩᏛᏗ ᏱᎩ; ᎤᏁᎳᏅᎯᏉᏍᎩᏂ ᎤᏔᎳᏬᎯᏍᏗ ᎨᏒ ᎤᎵᏃᎯᏰᎭ.

== John 4 ==
1. ᎤᎬᏫᏳᎯᏃ ᎤᏛᎦᏅ ᎠᏂᏆᎵᏏ ᎤᎾᏛᎦᏅ ᏥᏌ ᎤᏟ ᎢᏯᏂᎢ ᎬᏩᏍᏓᏩᏕᎩ ᏂᏕᎬᏁᎲ ᎠᎴ ᏕᎦᏬᏍᎬᎢ, ᎡᏍᎦᏉ ᏣᏂ,
2. (ᎥᏝᏍᎩᏂᏃᏅ ᏥᏌ ᎤᏩᏒ ᏱᏓᏓᏬᏍᎨᎢ, ᎬᏩᏍᏓᏩᏗᏙᎯᏉᏍᎩᏂ,)
3. ᏧᏗᏱ ᎤᏂᎩᏒᎩ ᎠᎴ ᏔᎵᏁ ᎨᎵᎵ ᏮᎤᎶᏒᎩ.
4. ᎠᎴ ᏌᎺᎵᏱ ᎠᏎ ᎤᎶᎯᏍᏗ ᎨᏒᎩ.
5. ᎿᎭᏉᏃ ᏌᎺᎵᏱ ᎦᏚᎲ ᎤᎷᏨᎩ ᏌᎦ ᏧᏙᎢᏛ ᎾᏍᎩ ᎾᎥ ᏥᎦᏚᎭ ᎦᏓ ᎠᎲ ᏤᎦᏈ ᏧᏁᎴ ᎤᏪᏥ ᏦᏩ.
6. ᎾᎿᎭᏃ ᎠᏔᎴᏒᎩ ᎠᎹ ᏧᏂᏢᏗᏱ ᏤᎦᏈ ᎤᏤᎵᎦ; ᏥᏌᏃ ᏚᏯᏪᏨ ᎠᎢᏒ ᎤᏪᏅᎩ ᎠᏔᎴᏒᎢ; ᏔᎳᏚᏃ ᎢᏴᏛ ᎢᏳᏟᎶᏛ ᎧᎳᏩᏗᏒ ᎨᏒᎩ.
7. ᎾᎿᎭᎤᎷᏤ ᎠᎨᏴ ᏌᎺᎵᏱ ᎡᎯ ᎠᎹ ᎤᏢᎯᎴᎢ; ᏥᏌ ᎯᎠ ᏄᏪᏎᎴᎢ; ᎠᏆᏗᏔᏍᏗ ᏍᎩᏁᎲᏏ.
8. ᎬᏩᏍᏓᏩᏗᏙᎯᏰᏃ ᏗᎦᏚᎲ ᏩᏁᏙᎲᎩ ᎠᎵᏍᏓᏴᏗ ᎤᏂᏩᏒᏒᎩ.
9. ᎿᎭᏉᏃ ᎾᏍᎩ ᎠᎨᏴ ᏌᎺᎵᏱ ᎡᎯ ᎯᎠ ᏄᏪᏎᎴᎢ; ᎦᏙ ᏗᎦᎵᏍᏙᏗᎭ ᏂᎯ ᎯᏧᏏ ᎠᏗᏔᏍᏗ ᎢᏍᎩᏔᏲᏎᎭ ᏥᎨᏴ ᏌᎺᎵᏱ ᎨᎢ. (ᎠᏂᏧᏏᏰᏃ ᎠᎴ ᏌᎺᎵᏱ ᎠᏁᎯ ᎥᏝ ᏱᏚᎾᏓᎦᏌᏯᏍᏙᎢ.)
10. ᏥᏌ ᎤᏁᏤᎢ ᎯᎠ ᏄᏪᏎᎴᎢ; ᎢᏳᏃ ᏱᎯᎦᏔᎮ ᎤᏁᎳᏅᎯ ᎤᏓᏁᏗ ᏥᎩ, ᎠᎴ ᏱᎯᎦᏔᎮ ᎯᎠ ᎾᏍᎩ ᏥᏂᏣᏪᏎᎭ, ᎠᏆᏗᏔᏍᏗ ᏍᎩᏁᎲᏏ; ᏨᏒ ᏱᏔᏲᏎᎴᎢ, ᎠᎴ ᏱᏣᏁᏁᎴ ᎬᏂᏛ ᎠᎹ.
11. ᎠᎨᏴ ᎯᎠ ᏄᏪᏎᎴᎢ, ᎯᏍᎦᏯ, ᎥᏝ ᎪᎱᏍᏗ ᏱᏰᎭ ᎠᏢᏗ, ᎭᏫᏂᏳᏃ ᎠᏔᎴᏒᎢ, ᎭᏢᏃ ᏣᏁᎩᏒ ᎾᏍᎩ ᎬᏂᏛ ᎠᎹ?
12. ᏥᏌ ᎤᏟ ᎡᏣᎸᏉᏗᏳ ᏂᎯ, ᎡᏍᎦᏉ ᎢᎩᏙᏓ ᏤᎦᏈ ᎾᏍᎩ ᎢᎩᏁᎸᎯ ᎯᎠ ᎠᏔᎴᏒᎢ, ᎠᎴ ᎾᎿᎭᎤᏩᏒ ᎤᏗᏔᎲᎢ ᎠᎴ ᏚᎾᏗᏔᎲᎢ ᏧᏪᏥ ᎠᎴ ᎤᎾᏝᎾᎥᎢ.
13. ᏥᏌ ᎤᏁᏤᎢ ᎯᎠ ᏄᏪᏎᎴᎢ; ᎩᎶ ᏳᏗᏔᎲ ᎯᎠ ᎠᎹ ᏔᎵᏁᏉ ᎤᏔᏕᎪᏗ;
14. ᎩᎶᏍᎩᏂ ᏳᏗᏔᎲ ᎾᏍᎩ ᎠᎹ ᎠᏴ ᏥᏁᏁᏗ ᏥᎩ ᎥᏝ ᎢᏳᎯᏳ ᎤᏔᏕᎪᏗ ᏱᎩ, ᎠᏴᏍᎩᏂ ᏥᏁᏁᏗ ᏥᎩ ᎠᎹ, ᎭᏫᏂ ᎠᏰᎸ ᎠᎹ ᎦᏄᎪᎬ ᎨᏎᏍᏗ, ᏫᎦᎾᏄᎪᎨᏍᏗ ᎬᏂᏛ ᎠᎵᏍᏆᏗᏍᎩ ᏂᎨᏒᎾ ᏗᎨᏒᎢ.
15. ᎠᎨᏴ ᎯᎠ ᏄᏪᏎᎴᎢ; ᎯᏍᎦᏯ, ᎯᎠ ᎾᏍᎩ ᎠᎹ ᏍᎩᏁᎲᏏ, ᏞᏍᏗᏃ ᎠᎩᏔᏕᎦᏅᎩ, ᎠᎴ ᏞᏍᏗ ᎠᏂ ᎠᎩᏢᎯᎸᎩ.
16. ᏥᏌ ᎯᎠ ᏄᏪᏎᎴᎢ; ᏣᏰᎯ ᏫᏯᏅ, ᎠᏂᏃ ᎢᏍᏗᎷᏨᎭ.
17. ᎠᎨᏴᏃ ᎤᏁᏤᎢ ᎯᎠ ᏄᏪᏎᎴᎢ; ᎥᏝ ᏰᎭ ᎠᎩᏰᎯ. ᏥᏌ ᎯᎠ ᏄᏪᏎᎴᎢ; ᏰᎵ ᏂᏫ, ᎥᏝ ᏰᎭ ᎠᎩᏰᎯ, ᏣᏛ;
18. ᎯᏍᎩᏰᏃ ᎾᏂᎥᎩ ᎨᏣᏰᎯ, ᎪᎯᏃ ᏥᏣᎧᎭ ᎥᏝ ᏣᏰᎯ ᏱᎩ; ᎾᏍᎩ ᏥᏂᏫ ᏚᏳᎪᏛ ᏂᏫ.
19. ᎠᎨᏴ ᎯᎠ ᏄᏪᏎᎴᎢ; ᎯᏍᎦᏯ, ᎦᏙᎴᎣᏍᎦ ᎭᏙᎴᎰᏍᎩ ᎨᏒᎢ.
20. ᏦᎩᎦᏴᎵᎨ ᎠᎾᏓᏙᎵᏍᏗᏍᎬᎩ ᎠᏂ ᎣᏓᎸᎢ, ᎠᏎᏃ ᏂᎯ ᎯᎠ ᏂᏥᏪᏍᎪᎢ; ᏥᎷᏏᎵᎻᏍᎩᏂ ᎾᎿᎭᎤᎬᏫᏳᎭ ᎠᏓᏙᎵᏍᏙᏗᏱ.
21. ᏥᏌ ᎯᎠ ᏄᏪᏎᎴᎢ; ᎯᎨᏴ, ᏍᏉᎯᏳᎲᎦ, ᏛᏍᏆᎸᎯ ᎾᎯᏳ ᎥᏝ ᎠᏂ ᎣᏓᎸᎢ, ᎠᎴ ᎾᏍᏉ ᏥᎷᏏᎵᎻ, ᏱᎦᏰᏣᏓᏙᎵᏍᏓᏁᎮᏍᏗ ᎠᎦᏴᎵᎨᎢ.
22. ᏂᎯ ᎢᏣᏓᏙᎵᏍᏓᏁᎭ ᎪᎱᏍᏗ ᎾᏍᎩ ᏂᏥᎦᏔᎲᎾ; ᎠᏴᏍᎩᏂ ᎣᏥᎦᏔᎭ ᎢᏳᏍᏗ ᎣᏣᏓᏙᎵᏍᏓᏁᎲᎢ; ᎠᏂᏧᏏᏰᏃ ᎠᏁᎲ ᎠᎵᏍᏕᎸᏙᏗ ᎨᏒ ᏅᏓᏳᎾᏄᎪᎢᏍᏗ.
23. ᎠᏎᏃ ᏛᏍᏆᎸᎯ, ᎠᎴ ᎿᎭᏉ ᎤᏍᏆᎸᎲ, ᎾᏍᎩ ᎤᏙᎯᏳᏒ ᎠᎾᏓᏙᎵᏍᏗᏍᎩ ᏛᎾᏓᏙᎵᏍᏓᏁᎵ ᎠᎦᏴᎵᎨ ᏙᏛᏅᏔᏂ ᏧᎾᏓᏅᏙ ᎠᎴ ᏚᏳᎪᏛᎢ; ᎠᎦᏴᎵᎨᏰᏃ ᏚᏲᎰ ᎾᏍᎩ ᎢᏳᎾᏍᏗ ᎬᏩᏓᏙᎵᏍᏓᏁᎯ.
24. ᎤᏁᎳᏅᎯ ᎠᏓᏅᏙ; ᎾᏍᎩᏃ Ꮎ ᎠᎾᏓᏙᎵᏍᏓᏁᎯ ᏧᎾᏓᏅᏙ ᎠᎴ ᏚᏳᎪᏛ ᏧᏅᏙᏗ ᎤᎾᏓᏙᎵᏍᏓᏁᏗ.
25. ᎠᎨᏴ ᎯᎠ ᏄᏪᏎᎴᎢ; ᏥᎦᏔᎭ ᎤᎷᎯᏍᏗ ᎨᏒ ᎺᏌᏯ-ᎾᏍᎩ ᎦᎶᏁᏛ ᏣᏃᏎᎰᎢ-ᎾᏍᎩ ᎦᎷᏨᎭ, ᏓᎩᏃᏁᎵ ᏂᎦᎥ ᎪᎱᏍᏗ.
26. ᏥᏌ ᎯᎠ ᏄᏪᏎᎴᎢ; ᎠᏴ ᏥᎬᏬᏁᏗᎭ ᎾᏍᎩ [ᎺᏌᏯ.]
27. ᎿᎭᏉᏃ ᎬᏩᏍᏓᏩᏗᏙᎯ ᎤᏂᎷᏨᎩ, ᎠᎴ ᎤᏂᏍᏆᏂᎪᏒᎩ ᎠᎨᏴ ᎠᎵᏃᎮᏗᏍᎬᎢ. ᎠᏎᏃ ᎥᏝ ᎩᎶᎢ, ᎦᏙ ᏣᏲᎭ? ᎠᎴ ᎦᏙᏃ ᎢᎯᏯᎵᏃᎮᏍᏗ? ᏳᏬᏎᎴᎢ.
28. ᎿᎭᏉᏃ ᎠᎨᏴ ᎤᎯᏴᎩ ᎠᎹ ᎤᏢᏗ, ᎠᎴ ᏗᎦᏚᎲ ᏭᎶᏒᎩ, ᎯᎠ ᏫᏂᏚᏪᏎᎸᎩ ᏴᏫ;
29. ᎢᏕᎾ, ᏪᏥᎪᏩᏛ ᎠᏍᎦᏯ ᎠᎩᏃᏁᎸᎯ ᏂᎦᎥ ᎾᏆᏛᏁᎵᏙᎸᎢ. ᏝᏍᎪ ᎾᏍᎩ ᎦᎶᏁᏛ ᏱᎩ?
30. ᎰᏩᏃ ᎦᏚᎲ ᎤᏂᏄᎪᏨᎩ, ᎠᎴ ᎥᎬᏩᎷᏤᎸᎩ.
31. ᎠᏏᏉᏃ ᎦᏚᎲ ᏪᏙᎲᎩ, ᎬᏩᏍᏓᏩᏗᏙᎯ ᎬᏩᏍᏗᏰᏔᏅᎩ, ᏗᏍᎩᏰᏲᎲᏍᎩ, ᎭᎵᏍᏓᏴᎲᎦ, ᎠᎾᏗᏍᎬᎩ.
32. ᎠᏎᏃ ᎯᎠ ᏂᏚᏪᏎᎸᎩ; ᎠᎩᎭ ᎠᏆᎵᏍᏓᏴᏗ ᏂᎯ ᏂᏥᎦᏔᎲᎾ.
33. ᎾᏍᎩᏃ ᎢᏳᏍᏗ ᎬᏩᏍᏓᏩᏗᏙᎯ ᎯᎠ ᏂᏚᎾᏓᏪᏎᎸᎩ; ᏥᎪ ᎩᎶ ᎤᏲᎮᎸ ᎤᎵᏍᏓᏴᏗ?
34. ᏥᏌ ᎯᎠ ᏂᏚᏪᏎᎸᎩ, ᏄᏍᏛ ᎠᏓᏅᏖᏍᎬ ᎠᎩᏅᏏᏛ ᎢᏯᏆᏛᏁᏗᏱ, ᎠᎴ ᎾᏍᎩ ᎤᏤᎵ ᏗᎦᎸᏫᏍᏓᏁᏗ ᎨᏒ ᎠᎩᏍᏆᏗᏍᏗᏱ, ᎾᏍᎩ ᎠᏴ ᎠᏆᎵᏍᏓᏴᏗ.
35. ᏝᏍᎪ ᎯᎠ ᎢᎨᏥᏪᏍᏗ ᏱᎩ; ᎠᏏ ᏅᎩ ᎢᏯᏅᏙ ᎩᎳ ᏛᎦᏛᎾᏥ? ᎬᏂᏳᏉ ᎯᎠ ᏂᏨᏪᏎᎭ; ᏗᏥᎦᏙᎵ ᏗᏥᏌᎳᏛᎦ, ᎠᎴ ᏕᎦᎶᎨᏒ ᏗᏣᎧᏅᎦ, ᎿᎭᏉᏰᏃ ᏧᏁᎩᏳ, ᎠᎴ ᎤᏍᏆᎸᎲ ᎠᏍᎫᏕᏍᏗᏱ.
36. ᎠᎴ ᎠᏍᎫᏕᏍᎩ ᎠᎦᎫᏴᎡᎰᎢ, ᎠᎴ ᎤᏍᎫᏕᏒᎯ ᏫᎦᏟᏏᏍᎪ ᎬᏂᏛ ᏗᎨᏒᎢ, ᎾᏍᎩ ᎢᏧᎳ ᎤᎾᎵᎮᎵᏍᏗᏱ ᏂᎦᎵᏍᏗᏍᎪ ᎠᏫᏍᎩ ᎾᏃ ᎠᏍᎫᏕᏍᎩ.
37. ᎠᎴ ᎾᏍᎩ ᎠᏂ ᎤᏙᎯᏳᎯ ᏂᎦᎵᏍᏗᎭ ᎯᎠ ᎢᎦᏪᏛ ᏥᎩ; ᎩᎶ ᎠᏫᏍᎪᎢ ᏅᏩᏓᎴᏃ ᎠᏍᎫᏕᏍᎪᎢ.
38. ᎢᏨᏅᏒᎩ ᏫᏥᏍᎫᏕᏍᏗᏱ ᎾᎿᎭᏂᎯ ᏗᏥᎸᏫᏍᏓᏁᎸᎯ ᏂᎨᏒᎾ ᎨᏒᎢ; ᏅᏩᎾᏓᎴ ᏗᏂᎸᏫᏍᏓᏁᎸᎩ, ᏂᎯᏃ ᎢᏥᏴᎸ ᏚᏂᎸᏫᏍᏓᏁᎸᎢ.
39. ᎠᎴ ᎤᏂᏣᏛᎩ ᎠᏂᏌᎺᎵ ᎾᎿᎭᎦᏚᎲ ᎠᏁᎯ ᎬᏬᎯᏳᏅᎩ, ᏅᏓᎦᎵᏍᏙᏗᏍᎬᎩ ᎤᏃᎮᎸ ᎠᎨᏴ ᎯᎠ ᏥᏄᏪᏎᎢ; ᎠᎩᏃᏁᎸᎩ ᏂᎦᎥ ᎾᏆᏛᏁᎵᏙᎸᎢ.
40. ᎠᎴ ᎠᏂᏌᎺᎵ ᎬᏩᎷᏤᎸ ᎬᏩᏔᏲᏎᎸᎩ ᏧᏪᎳᏗᏓᏍᏗᏱ, ᎠᎴ ᎾᎿᎭᏔᎵ ᏧᏒᎯᏛ ᎤᏪᏙᎸᎩ.
41. ᎠᎴ ᎠᏏ ᎤᏂᏣᏛᎩ ᎤᏃᎯᏳᏅᎩ, ᏅᏓᎦᎵᏍᏙᏗᏍᎬᎩ ᎤᏩᏒ ᎧᏁᎬᎢ;
42. ᎠᎴ ᎯᎠ ᏄᏂᏪᏎᎸᎩ ᎠᎨᏴ; ᎿᎭᏉ ᎣᏦᎯᏳᎲᏍᎦ ᎥᏝ ᏂᎯᏉ ᏣᏁᏨ ᏱᏅᏗᎦᎵᏍᏙᎭ ᏦᏦᎯᏳᎲᏍᎦ, ᎣᎬᏒᏰᏃ ᎣᏣᏛᎦᏏ, ᎠᎴ ᎣᏥᎦᏔᎭ ᎾᏍᎩ ᎯᎠ ᎤᏙᎯᏳᎯᏯ ᎦᎶᏁᏛ ᎨᏒ ᎡᎶᎯ ᎠᏍᏕᎵᏍᎩ.
43. ᎾᏍᎩᏃ ᏔᎵ ᏫᏄᏒᎸ ᎾᎿᎭᎤᏂᎩᏒᎩ, ᎠᎴ ᎨᎵᎵ ᏭᎶᏒᎩ.
44. ᏥᏌᏰᏃ ᎤᏩᏒ ᎯᎠ ᏄᏪᏒᎩ; ᎠᏙᎴᎰᏍᎩ ᎥᏝ ᎠᏥᎸᏉᏗᏳ ᏱᎨᏐ ᎤᏩᏒ ᎤᏤᎵᎪᎯ.
45. ᎿᎭᏉᏃ ᎨᎵᎵ ᏭᎷᏨ, ᎨᎵᎵ ᎠᏁᎯ ᏕᎬᏩᏓᏂᎸᏨᎩ, ᎤᏂᎪᎲᎯᏰᏃ ᎨᏒᎩ ᎾᏍᎩ ᏂᎦᏛ ᏚᎸᏫᏍᏓᏁᎸ ᏥᎷᏏᎵᎻ ᎾᎯᏳ ᏓᎾᎵᏍᏓᏴᎲᏍᎬᎢ; ᎾᏍᏉᏰᏃ ᎤᏁᏅᏒᎩ ᏙᏗᎾᎵᏍᏓᏴᎲᏍᎬᎢ.
46. ᏥᏌᏃ ᏔᎵᏁ ᎤᎷᏨᎩ ᎨᏂ ᎦᏚᎲᎢ ᎨᎵᎵᏱ, ᎾᎿᎭᎩᎦᎨ-ᎠᏗᏔᏍᏗ ᎠᎹ ᎤᏬᏢᏔᏅᎢ. ᎠᎴ ᎩᎶ ᎢᏳᏍᏗ ᎤᎬᏫᏳᎯ ᎠᏍᏕᎵᏍᎩ ᎡᎲᎩ, ᎾᏍᎩ ᎤᏪᏥ ᎤᏢᎬᎩ ᎨᏆᏂ.
47. ᎾᏍᎩ Ꮎ ᎤᏛᎦᏅ ᏥᏌ ᏧᏗᏱ ᏧᎶᏒ ᎨᎵᎵ ᎤᎷᏥᎸᎢ, ᎤᏩᏛᎲᏒᎩ, ᎠᎴ ᎤᏔᏲᏎᎸᎩ ᎤᏪᏅᏍᏗᏱ ᏭᏅᏬᏗᏱ ᎤᏪᏥ, ᎤᏲᎱᏏᏕᎾᏰᏃ ᎨᏒᎩ.
48. ᎿᎭᏉᏃ ᏥᏌ ᎯᎠ ᏄᏪᏎᎸᎩ; ᎥᏝ ᏴᎨᏦᎯᏳᎲᎦ, ᎬᏂ ᏱᏥᎪᏩᏘᎭ ᎤᏰᎸᏛᎢ ᎠᎴ ᎤᏍᏆᏂᎪᏗ.
49. ᎤᎬᏫᏳᎯ ᎠᏍᏕᎵᏍᎩ ᎯᎠ ᏄᏪᏎᎸᎩ, ᏣᎬᏫᏳᎯ, ᎮᎾ ᎠᏏᏉ ᎾᏲᎱᏍᎬᎾ ᎠᏇᏥ.
50. ᏥᏌ ᎯᎠ ᏄᏪᏎᎸᎩ; ᏥᎮᎾ, ᏤᏥ ᎬᏅ. ᎠᎴ ᎾᏍᎩ ᎠᏍᎦᏯ ᎤᏬᎯᏳᏅᎩ ᏥᏌ ᏄᏪᏎᎸᎢ, ᎠᎴ ᎤᏪᏅᏒᎩ.
51. ᎿᎭᏉᏃ ᎥᎠᎢᏒᎩ, ᏧᏅᏏᏓᏍᏗ ᏕᎬᏩᏠᏒᎩ ᎠᎴ ᎬᏩᏃᏁᎸᎩ, ᏤᏥ ᎬᏅ, ᎥᎬᏬᏎᎸᎩ.
52. ᎿᎭᏉᏃ ᏚᏛᏛᏅᎩ ᎢᏳᎢ ᎤᎴᏅᎲ ᏏᏲᏍᏛ ᏄᎵᏍᏓᏁᎸᎢ. ᎤᏒᎯ ᏌᏉ ᎢᏳᏟᎶᏛ ᎧᎳᏩᏗᏒ ᏄᏗᎴᎲᏍᎬᎾ ᏄᎵᏍᏔᏅᎩ, ᎥᎬᏬᏎᎸᎩ.
53. ᎾᏍᎩᏃ ᎤᏙᏓ ᎤᏙᎴᎰᏒᎩ ᎾᎯᏳ ᎨᏒ ᏥᏌ ᎯᎠ ᏄᏪᏎᎸᎢ; ᏤᏥ ᎬᏅ. ᎤᏩᏒᏃ ᎤᏬᎯᏳᏅᎩ ᎠᎴ ᎾᏍᏉ ᏂᎦᏛ ᏧᏤᎵ ᏏᏓᏁᎸᎯ ᎨᏒᎢ.
54. ᎾᏍᎩ ᎯᎠ ᏔᎵᏁ ᎤᏍᏆᏂᎪᏗ ᏚᎸᏫᏍᏓᏁᎸ ᏥᏌ ᎨᎵᎵ ᎤᎷᏦᏅᎯ, ᏧᏗᏱ ᏅᏓᏳᎶᏒᎯ.

== John 5 ==
1. ᎾᏍᎩᏃ ᏄᎵᏍᏔᏂᏙᎸ, ᎤᏍᏆᎸᎲᎩ ᎠᏂᏧᏏ ᏧᎾᎵᏍᏓᏴᏗᏱ; ᎠᎴ ᏥᏌ ᏥᎷᏏᎵᎻ ᎤᏪᏅᏒᎩ.
2. ᏥᎷᏏᎵᎻᏂ ᎠᏫ ᎤᏂᏴᏍᏗᏱ ᎾᎥ ᎠᏓᏬᏍᏗᏱ ᎪᏢᎭ ᎾᏍᎩ ᎠᏂᏈᎷ ᎤᏂᏬᏂᎯᏍᏗ ᎨᏒ ᏡᏕᏍᏗ ᏕᎤᏙᎥ; ᎾᎿᎭᏂ ᎯᏍᎩ ᏓᏲᏓᏝᎭ.
3. ᎾᎿᎭᎠᏂᏂᏜᏓᎥᎩ ᎤᏂᏣᏘ ᏧᏂᏢᎩ, ᎠᎴ ᏗᏂᎨᏫ, ᎠᎴ ᏗᏂᏲᎤᎵ, ᎠᎴ ᎤᏅᎢᏒᎯ, ᎠᏂᎦᏘᏴᎩ ᎤᎵᏖᎸᏗᏱ ᎠᎹ.
4. ᎢᏴᏛᎭᏰᏃ ᏗᎧᎿᎭᏩᏗᏙᎯ ᎦᎷᏥᎯᎲᎩ ᎠᏓᏬᏍᏗᏱ, ᎠᎴ ᎠᏖᎸᎲᏍᎬᎩ ᎠᎹ, ᎩᎶᏃ ᎾᏍᎩ ᏧᏓᎴᏅᏔᏅᎯ ᎤᏚᏅᎯ ᎿᎭᏉ ᎠᏖᎸᏅᎯ ᏥᎨᏐ ᎠᎹ, ᎤᏗᏩᏍᎬᎩ ᏂᎦᎥ ᎪᎱᏍᏗ ᎥᏳᎩ ᎤᏱᎵᏙᎲᎢ.
5. ᎠᎴ ᎾᎿᎭᎦᏅᎬᎩ ᎩᎶ ᎢᏳᏍᏗ ᎠᏍᎦᏯ, ᏦᎠᏍᎪᎯ ᏁᎳᎦᎵ ᎢᏳᏕᏘᏴᏛ ᎬᏩᏢᏨᎯ ᏄᏗᏩᏍᎬᎾ ᎨᏒᎩ.
6. ᏥᏌᏃ ᎤᎪᎲᎩ ᎾᏍᎩ ᎠᏍᎦᏯ ᎦᏅᎬᎢ, ᎠᎴ ᎤᏙᎴᎰᏒ ᎨᏒᎩ, ᎪᎯᏗᏳ ᎢᎬᏩᎵᏍᏔᏅᎯ ᎨᏒᎢ, ᎯᎠ ᏄᏪᏎᎸᎩ; ᏣᏚᎵᏍᎪ ᎡᏣᏅᏬᏗᏱ?
7. ᎤᏢᎩ ᎤᏁᏨ ᎯᎠ ᏄᏪᏎᎸᎩ; ᎯᏍᎦᏯ, ᎥᏝ ᎩᎶ ᏰᏙᎰ ᎠᎹ ᎠᎵᏖᎸᎲᎦ, ᎠᏓᏬᏍᏗᏱ ᏩᎩᎧᎲᏍᎩ; ᎠᏏᏉᏰᏃ ᏥᏫᎦᎢᏐᎢ, ᎩᎶ ᏓᎩᎪᏂᏍᎪᎢ ᎢᎬᏱ ᏩᏠᎠᏍᎪᎢ.
8. ᏥᏌ ᎯᎠ ᏄᏪᏎᎸᎩ; ᏔᎴᎲᎦ, ᎯᎾᎩ ᏣᏤᏍᏙ, ᎠᎴ ᎮᏓ.
9. ᎩᎳᏉᏃ ᎢᏴᏛ ᎾᏍᎩ ᎠᏍᎦᏯ ᎤᏗᏩᏒᎩ, ᎠᎴ ᎤᏁᏒᎩ ᎤᏤᏍᏙ, ᎠᎴ ᎤᏪᏙᎸᎩ. ᎠᎴ ᎤᎾᏙᏓᏆᏍᎬ ᎨᏒᎩ ᎾᎯᏳ ᎢᎦ.
10. ᎾᏍᎩ ᎢᏳᏍᏗ ᎠᏂᏧᏏ ᎯᎠ ᏄᏂᏪᏎᎴ ᎠᏥᏅᏩᏅᎯ; ᎪᎯ ᎤᎾᏙᏓᏆᏍᎬᎢ, ᎥᏝ ᏚᏳᎪᏛ ᏱᎩ ᏣᏤᏍᏙ ᏣᏂᏓᏍᏗᏱ.
11. ᎯᎠ ᏂᏚᏪᏎᎴᎢ; ᎠᎩᏅᏩᏅᎯ ᎯᎠ ᎾᎩᏪᏎᎸᎩ; ᎯᎾᎩ ᏣᏤᏍᏙ, ᎠᎴ ᎮᏓ.
12. ᎿᎭᏉᏃ ᎤᎾᏛᏛᏁᎢ, ᎯᎠ ᏄᏂᏪᏎᎢ; ᎦᎪ ᎢᏳᏍᏗ ᎾᏍᎩ ᎠᏍᎦᏯ, ᏣᏤᏍᏙ ᎯᎾᎩ ᎠᎴ ᎮᏓ, ᏦᏎᎸᎯ?
13. ᎠᎴ ᎾᏍᎩ ᎠᏥᏅᏩᏅᎯ ᎥᏝ ᏯᎦᏔᎮ ᎾᏍᎩ ᎨᏒᎢ; ᏥᏌᏰᏃ ᎤᏕᎵᏛ ᎤᏓᏅᏒᎩ; ᎤᏂᏣᏛᏰᏃ ᎾᎿᎭᎠᏁᏙᎲᎩ.
14. ᎣᏂᏃ ᏥᏌ ᎾᏍᎩ ᎤᏩᏛᎲᎩ ᎤᏛᏅ-ᏗᎦᎳᏫᎢᏍᏗᏱ, ᎠᎴ ᎯᎠ ᏄᏪᏎᎸᎩ; ᎬᏂᏳᏉ ᎡᏣᏅᏩᏅ; ᏞᏍᏗ ᎿᎭᏉ ᎢᎸᎯᏳ ᏱᏣᏍᎦᏅᏤᏍᏗ, ᎤᏟᏰᏃ ᎢᏳᏲ ᏱᏣᎷᏥᏏ.
15. ᎾᏍᎩ ᎠᏍᎦᏯ ᎤᏓᏅᏒᎩ, ᎠᎴ ᏫᏚᏃᏁᎸᎩ ᎠᏂᏧᏏ, ᏥᏌ ᎤᏅᏩᏅᎯ ᎨᏒᎢ.
16. ᎠᎴ ᎾᏍᎩ ᎢᏳᏍᏗ ᎠᏂᏧᏏ ᎤᎾᏕᏯᏙᏔᏅᎩ ᏥᏌ, ᎠᎴ ᎤᏂᏲᎸᎩ ᎤᏂᎯᏍᏗᏱ, ᏅᏓᎦᎵᏍᏙᏗᏍᎬᎩ ᎾᏍᎩ ᏄᏛᏁᎸ ᎤᎾᏙᏓᏆᏍᎬ ᎢᎦ.
17. ᎠᏎᏃ ᏥᏌ ᏚᏁᏤᎸᎩ [ᎯᎠ ᏂᏚᏪᏎᎸᎩ,] ᎡᏙᏓ ᎪᎯ ᎢᏯᏍᏘ ᏚᎸᏫᏍᏓᏁᎰᎢ, ᎠᏴᏃ ᎾᏍᏉ ᏓᎩᎸᏫᏍᏓᏁᎰᎢ.
18. ᎾᏍᎩ ᎢᏳᏍᏗ ᎠᏂᏧᏏ ᎤᏟ ᎢᎦᎢ ᎤᎾᏚᎸᎲᎩ ᎤᏂᎯᏍᏗᏱ, ᏅᏓᎦᎵᏍᏙᏗᏍᎬᎩ ᎥᏝ ᎤᎾᏙᏓᏆᏍᎬᏉ ᎤᏩᏒ ᎤᏲᏍᏔᏅᎢ, ᎾᏍᏉᏍᎩᏂ ᎤᏁᎳᏅᎯ ᎤᏙᏓ ᎤᏛᏅᎢ, ᎢᏧᎳᎭ ᎤᏁᎳᏅᎯ ᎾᏓᏛᏁᎲᎢ.
19. ᎿᎭᏉᏃ ᏥᏌ ᎤᏁᏨ ᎯᎠ ᏂᏚᏪᏎᎸᎩ; ᎤᏙᎯᏳᎯᏯ ᎤᏙᎯᏳᎯᏯ ᎯᎠ ᏂᏨᏪᏎᎭ; [ᎤᏁᎳᏅᎯ] ᎤᏪᏥ ᎥᏝ ᏰᎵᎦ ᎪᎱᏍᏗ ᎤᏩᏒ ᎨᏒ ᏱᏙᎬᏩᎸᏫᏍᏓᏏ, ᎠᎪᏩᏘᏍᎬᏍᎩᏂ ᎤᏙᏓ ᏚᎸᏫᏍᏓᏁᎲᎢ; ᎾᏍᎩᏰᏃ ᏄᏍᏛ ᏚᎸᏫᏍᏓᏁᎲᎢ ᎾᏍᎩ ᎾᏍᏉ ᎤᏪᏥ ᏚᎸᏫᏍᏓᏁᎰᎢ.
20. ᎠᎦᏴᎵᎨᏰᏃ ᎤᎨᏳᎯᏳ ᎤᏪᏥ, ᎠᎴ ᎦᎾᏄᎪᏫᏎᎰ ᏂᎦᏛ ᎤᏩᏒ ᏚᎸᏫᏍᏓᏁᎲᎢ; ᎠᎴ ᎤᏟ ᎢᎦᎢ ᏗᎦᎸᏫᏍᏓᏁᏗ ᏓᎦᎾᏄᎪᏫᏎᎵ ᎡᏍᎦᏉ ᎯᎠ; ᎾᏍᎩ ᎢᏥᏍᏆᏂᎪᎯᏍᏗᏱ.
21. ᎠᎦᏴᎵᎨᏰᏃ ᏥᏓᎴᏗᏍᎪ ᏧᏂᏲᎱᏒᎯ, ᎠᎴ ᏗᏅᏃᏛ ᏥᏂᏕᎬᏁᎰᎢ, ᎾᏍᎩᏯᏍᎩᏂ ᎤᏪᏥ ᏗᏅᏃᏛ ᏂᏕᎬᏁᎰ ᎾᏂᎥ ᎾᏍᎩᏉ ᎡᎳ.
22. ᎠᎦᏴᎵᎨᏰᏃ ᎾᏍᏉ ᎥᏝ ᎩᎶ ᏱᏗᎫᎪᏓᏁᎰᎢ, ᏚᏲᎯᏎᎸᏍᎩᏂ ᎤᏪᏥ ᎾᎦᏛ ᏗᎫᎪᏙᏗ ᎨᏒᎢ,
23. ᎾᏍᎩ ᏂᎦᏛ ᎤᏂᎸᏉᏙᏗᏱ ᎤᏪᏥ, ᎾᏍᎩᏯ ᏥᎾᏂᎸᏉᏗᎭ ᎠᎦᏴᎵᎨᎢ. ᎩᎶ ᏂᎦᎸᏉᏗᏍᎬᎾ ᏥᎨᏐ ᎤᏁᎳᏅᎯ ᎤᏪᏥ, ᎥᏝ ᏱᎦᎸᏉᏗᏍᎪ ᎠᎦᏴᎵᎨ ᎾᏍᎩ ᏅᏓᏳᏅᏏᏛ.
24. ᎤᏙᎯᏳᎯᏯ, ᎤᏙᎯᏳᎯᏯ ᎯᎠ ᏂᏨᏪᏎᎭ; ᎠᏛᎩᏍᎩ ᏥᏁᎬᎢ, ᎠᎴ ᎪᎯᏳᎲᏍᎩ ᏅᏛᎩᏅᏏᏛ ᎾᏍᎩ ᎤᎭ ᎬᏂᏛ ᎾᎵᏍᏆᏗᏍᎬᎾ, ᎠᎴ ᎾᏍᎩ ᎥᏝ ᏧᏚᎪᏙᏗ ᏱᎩ ᎤᏍᎦᏅᏨᎢ, ᎠᏲᎱᎯᏍᏗᏍᎩᏂ ᎨᏒ ᎤᏓᏅᏒ, ᎬᏂᏛ ᏗᎨᏒ ᏭᎶᏒ.
25. ᎤᏙᎯᏳᎯᏯ, ᎤᏙᎯᏳᎯᏯ ᎯᎠ ᏂᏨᏪᏎᎭ; ᏛᏍᏆᎸᎯ ᎠᎴ ᎿᎭᏉ ᎤᏍᏆᎸᎲ ᏧᏂᏲᎱᏒᎯ ᎤᎾᏛᎪᏗᏱ ᎤᏁᎳᏅᎯ ᎤᏪᏥ ᎧᏁᎬᎢ, ᎠᎴ ᎤᎾᏛᎦᏅᎯ ᎤᎾᏛᏂᏗᏍᏗ ᎨᏎᏍᏗ.
26. ᎠᎦᏴᎵᎨᏰᏃ ᎬᏂᏛ ᎤᏤᎵᎦ ᏥᎩ, ᎾᏍᎩᏯ ᎾᏍᏉ ᎤᏁᎸ ᎤᏪᏥ ᎬᏂᏛ ᎤᏤᎵᎦ ᎢᏳᎵᏍᏙᏗᏱ.
27. ᎠᎴ ᎾᏍᏉ ᎤᏁᎸ ᏧᏭᎪᏙᏗᏱ, ᏅᏧᎵᏍᏙᏔᏅ ᏴᏫ ᎤᏪᏥ ᎨᏒᎢ.
28. ᏞᏍᏗ ᎾᏍᎩ ᎯᎠ ᎢᏥᏍᏆᏂᎪᏒᎩ, ᏛᏍᏆᎸᎯᏰᏃ ᎾᎯᏳ ᏓᏤᎵᏍᏛ ᎠᏂᏯᎢ ᏂᎦᏛ ᏛᎾᏛᎦᏂ ᎧᏁᎬᎢ,
29. ᎠᎴ ᏛᏂᎾᏄᎪᏥ, ᎾᏍᎩ Ꮎ ᎣᏍᏛ ᏧᏂᎸᏫᏍᏓᏁᎸᎯ ᎬᏂᏛ ᎨᏒ ᏫᏙᏛᎾᎴᏔᏂ, ᎤᏲᏃ ᏧᏂᎸᏫᏍᏓᏁᎸᎯ ᎤᏓᏍᏛᏗᏍᏗ ᎨᏒ ᏫᏙᏛᎾᎴᏔᏂ.
30. ᎥᏝ ᎪᎱᏍᏗ ᎠᏋᏒ ᎨᏒ ᏰᎵ ᏱᏙᎬᎩᎸᏫᏍᏓᏏ; ᎦᏛᎩᏍᎬ ᎾᏍᎩᏯ ᏕᎫᎪᏗᏍᎪᎢ, ᎠᎴ ᏓᏉᎪᏔᏅ ᏚᏳᎪᏛ ᎨᏐᎢ; ᏅᏗᎦᎵᏍᏙᏗᏍᎪ ᎾᎩᏲᎲᎾ ᎨᏒ ᎠᏋᏒ ᎦᏓᏅᏖᏍᎬᎢ, ᎠᎩᏲᎲᏍᎩᏂ ᎠᏓᏅᏖᏍᎬ ᎡᏙᏓ ᎾᏍᎩ ᏅᏛᎩᏅᏏᏛ.
31. ᎢᏳᏃ ᎠᏋᏒ ᏱᎦᏓᏃᎮᎭ, ᏥᏃᎮᏍᎬ ᎥᏝ ᏱᎬᏩᏙᎯᏳᎭ.
32. ᏅᏩᏓᎴ ᎡᎭ ᎠᏴ ᎠᎩᏃᎮᏍᎩ, ᎠᎴ ᏥᎦᏔᎭ ᎤᏙᎯᏳᎯ ᎨᏒ ᎾᏍᎩ ᎧᏃᎮᏍᎬᎢ, ᎠᏴ ᎠᎩᏃᎮᏍᎬᎢ.
33. ᏣᏂ ᏧᏬᎸ ᎢᏣᏓᏅᏒᎩ, ᎠᎴ ᎾᏍᎩ ᏚᏳᎪᏛ ᎤᏃᎮᎸᎩ.
34. ᎠᏎᏃ ᎠᏴ ᎥᏝ ᏱᏗᎦᏓᏂᎸᎦ ᏴᏫ ᎠᎩᏃᎮᏍᎬᎢ, ᎠᏎᏃ ᎾᏍᎩ ᎯᎠ ᏂᏥᏪᎠ ᎡᏥᏍᏕᎸᏗᏱ.
35. ᎾᏍᎩ ᎠᏓᏪᎵᎩᏍᎩ ᎠᎴ ᏧᎸᏌᏓ ᎠᏨᏍᏙᏗ ᎨᏒᎩ; ᏂᎯᏃ ᏞᎦ ᎣᏏᏳ ᎢᏥᏰᎸᏒᎩ ᎢᏣᎵᎮᎵᏍᏗᏱ ᎾᏍᎩ ᎢᎦ ᎤᏘᏍᏛᎢ.
36. ᎠᏎᏃ ᎤᏟ ᎦᎸᏉᏗᏳ ᎠᎩᏃᎮᏍᎩ ᎠᏇᎭ ᎡᏍᎦᏉ ᏣᏂ; ᏗᎦᎸᏫᏍᏓᏁᏗᏰᏃ ᎠᎦᏴᎵᎨ ᎠᎩᏁᎸᎯ ᎠᎩᏍᏆᏗᏍᏗᏱ, ᎾᏍᎩ ᏥᏓᎩᎸᏫᏍᏓᏁᎭ, ᎠᎩᏃᎮᏍᎪ ᎠᏴ ᎠᎦᏴᎵᎨᎢ ᏅᏛᎩᏅᏏᏛ ᎨᏒᎢ;
37. ᎠᎴ ᎠᎦᏴᎵᎨ ᏅᏛᎩᏅᏏᏛ ᎾᏍᎩ ᎠᎩᏃᎮᎸ. ᎥᏝ ᎢᎸᎯᏳ ᏱᎨᏣᏛᎦᏃ ᎧᏁᎬᎢ, ᎠᎴ ᏱᎨᏥᎪᎰ ᏄᏍᏛᎢ.
38. ᎠᎴ ᎾᏍᎩ ᎤᏁᏨᎢ ᎥᏝ ᏱᏥᏯᎠ, ᎾᏍᎩᏰᏃ Ꮎ ᏅᏓᏳᏅᏏᏛ ᎥᏝ ᏰᏦᎢᏳᎲᏍᎦ.
39. ᏗᏥᎪᎵᏯ ᎪᏪᎵ, ᎾᎿᎭᏰᏃ ᎾᎵᏍᏆᏗᏍᎬᎾ ᎬᏂᏛ ᎢᏥᎭ ᎢᏥᏰᎸᎭ, ᎠᎴ ᎾᏍᎩ Ꮎ ᎪᏪᎵ ᎠᏴ ᎠᎩᏃᎮᏍᎩ.
40. ᎠᏎᏃ ᎥᏝ ᏱᏣᏚᎵᎭ ᏍᎩᎷᏤᏗᏱ ᎬᏂᏛ ᎢᏣᏤᎵᎦ ᎢᏳᎵᏍᏙᏗᏱ.
41. ᏴᏫ ᎬᎩᎸᏉᏗᏍᎬ ᎥᏝ ᏱᏗᎦᏓᏂᎸᎦ;
42. ᎠᏎᏃ ᎢᏨᎦᏔᎭ, ᎤᏁᎳᏅᎯ ᎡᏥᎨᏳᎢᏳ ᏂᎨᏒᎾ ᎨᏒᎢ.
43. ᎠᏴ ᎡᏙᏓ ᏕᎤᏙᎥ ᎠᎩᎷᎯᏍᏔᏅ, ᎥᏝᏃ ᏱᏗᏍᎩᏯᏓᏂᎸᎦ. ᎢᏳᏃ ᏅᏩᏓᎴ ᎤᏩᏒ ᏕᏅᏙᎥ ᏳᎷᎯᏍᏔᏅ, ᎾᏍᎩ ᎠᏎ ᏱᏕᏣᏓᏂᎸᎩ.
44. ᎦᏙ ᏱᎦᎵᏍᏙᏓ ᏱᏦᎯᏳᎲᎦ, ᎢᏨᏒ ᏕᏣᏓᎸᏉᏗᏍᎬ ᏥᏕᏣᏓᏂᎸᎦ, ᏂᏥᏲᎲᎾᏃ ᏥᎩ ᎥᏓᏗᎸᏉᏙᏗ ᎨᏒ ᎾᏍᎩ ᎤᏁᎳᏅᎯ ᎤᏩᏒᎯᏳ ᏅᏓᏳᎵᏍᎪᎸᏙᏗ ᏥᎩ?
45. ᏞᏍᏗ ᎠᎦᏴᎵᎨᎢ ᏓᎧᏃᏁᎵ ᏓᏲᎫᎯᏍᏔᏂ ᏱᏍᎩᏰᎵᏎᎮᏍᏗ; ᎠᏏᏴᏫ ᎡᎭ ᎢᏧᎯᏍᏗᏍᎩ, ᎼᏏ, ᎾᏍᎩ ᏤᏣᏁᎶᏗ ᏥᎩ.
46. ᎢᏳᏰᏃ ᎼᏏ ᏱᎡᏦᎢᏳᎲᏍᎨᎢ ᎠᏴ ᏱᏍᎩᏲᎢᏳᏁᎢ, ᎾᏍᎩᏰᏃ ᎠᏴ ᎠᎩᏃᎮᏍᎬᎢ ᎤᏬᏪᎳᏅᎩ.
47. ᎠᏎᏃ ᏂᏦᎯᏳᎲᏍᎬᎾ ᏱᎩ ᎾᏍᎩ ᎤᏬᏪᎳᏅᎯ, ᎦᏙ ᏱᎦᎵᏍᏙᏓ ᏱᏦᎯᏳᎲᎦ ᎠᏴ ᏥᏁᎬᎢ?

== John 6 ==
1. ᎾᏍᎩᏃ ᏄᎵᏍᏔᏂᏙᎸ, ᏥᏌ ᏚᏪᏐᏨᎩ ᎨᎵᎵ ᎥᏓᎸᎢ, ᎾᏍᎩ ᏓᏈᎵᏯ ᎥᏓᎸ ᏥᏚᏙᎥ.
2. ᎠᎴ ᎤᏂᏣᏔᏅᎯ ᎬᏩᏍᏓᏩᏛᏒᎩ, ᏅᏓᎦᎵᏍᏙᏗᏍᎬᎩ ᎠᏂᎪᏩᏘᏍᎬ ᎾᏍᎩ ᎤᏂᏍᏆᏂᎪᏗ ᏂᏓᏛᏁᎲ ᎫᏂᏢᎩ.
3. ᏥᏌᏃ ᎤᎿᎭᎷᏒᎩ ᎣᏓᎸᎢ, ᎠᎴ ᎾᎿᎭᎤᏪᏅᎩ, ᎠᎴ ᎾᏍᏉ ᎬᏩᏍᏓᏩᏗᏙᎯ.
4. ᎧᏃᎯᏰᎩᏃ ᏗᎵᏍᏓᏴᏗᏱ ᎠᏂᏧᏏ ᎤᎾᏤᎵᎦ ᎤᏍᏆᎸᎯᏕᎾ ᎨᏒᎩ.
5. ᏥᏌᏃ ᏚᏌᎳᏓᏅ ᏗᎦᏙᎵ, ᎠᎴ ᏚᎪᎲ ᎤᏂᏣᏘ ᏗᎬᏩᎷᏤᎵᏒᎢ, ᎯᎠ ᏄᏪᏎᎸᎩ ᏈᎵᎩ; ᎭᏢ ᏓᎩᏩᏏ ᎦᏚ ᎯᎠ ᎤᏂᎩᏍᏗ.
6. ᎠᎴ ᎾᏍᎩ ᎯᎠ ᏄᏪᏒᎩ ᎠᏥᎪᎵᏰᏍᎬᎩ, ᎤᏩᏒᏰᏃ ᎠᎦᏔᎲᎩ ᎢᏳᏛᏁᏗᏱ.
7. ᏈᎵᎩ ᎯᎠ ᏄᏪᏎᎸᎩ; ᏔᎵᏧᏈ ᎠᏂᎩᏏ ᏧᎾᎬᏩᎶᏗ ᏧᎬᏩᎶᏗ ᎦᏚ ᎥᏝ ᏰᎵ ᏱᎦᎩ, ᎾᏍᎩ ᎠᏂᏏᏴᏫᎭ ᎤᏍᏗ ᎤᏂᎩᏒᏍᏗᏱ.
8. ᎬᏩᏍᏓᏩᏗᏙᎯ ᎨᏒ ᎠᏏᏴᏫ, ᎡᏂᏗ ᏧᏙᎢᏛ, ᏌᏩᏂ ᏈᏓ ᏗᎾᏓᏅᏟ, ᎯᎠ ᏄᏪᏎᎸᎩ;
9. ᎠᏏᏴᏫ ᎠᏫᏄᏣ ᎠᏂ ᎡᏙᎭ, ᎾᏍᎩ ᏓᏰᎭ ᎯᏍᎩ ᎤᏣᎴᏍᏗ-ᎢᏳᏍᏗ ᎦᏚ, ᎠᎴ ᏔᎵ ᏧᎾᏍᏗ ᎠᏣᏗ ᏕᎦᏁᎭ; ᎠᏎᏃ ᎠᏎᏉᎧᏂ ᎾᏍᎩ, ᎯᎠᏃ ᏥᏄᏂᏣᏔ?
10. ᎠᎴ ᏥᏌ ᎯᎠ ᏄᏪᏒᎩ; ᏩᎾᏅᎥᎦ ᏴᏫ. ᎾᎿᎭᏃ ᎤᏣᏛᎩ ᎦᏄᎸᏒᎩ. ᎰᏩᏃ ᎤᎾᏅᏅᎩ ᎠᏂᏍᎦᏯ ᎯᏍᎩᎭ ᎢᏯᎦᏴᎵ ᎢᏴᏛ ᎢᏯᏂᎢ.
11. ᎠᎴ ᏥᏌ ᎦᏚ ᏚᎩᏒᎩ, ᎠᎴ ᎤᎵᎮᎵᏨ ᏚᏯᏙᎮᎸᎩ ᎬᏩᏍᏓᏩᏗᏙᎯ, ᎬᏩᏍᏓᏩᏗᏙᎯᏃ ᏚᏂᏯᏙᎮᎸᎩ ᎤᎾᏅᏅᎯ, ᎠᎴ ᎾᏍᏉ ᎠᏣᏗ ᏂᎦᎥ ᏚᎾᏚᎵᏍᎬᎢ.
12. ᏚᏃᎸᏒᏃ ᎯᎠ ᏂᏚᏪᏎᎸᎩ ᎬᏩᏍᏓᏩᏗᏙᎯ; ᎢᏥᏟᏌ ᎤᎵᎬᎭᎷᏴᎯ ᎤᏘᏴᎯ, ᏞᏍᏗ ᎪᎱᏍᏗ ᏳᏤᏬᏤᏍᏗ.
13. ᎰᏩᏃ ᎤᏂᏟᏌᏅᎩ, ᎠᎴ ᏔᎳᏚ ᏔᎷᏣ ᏚᏂᎧᎵᏍᏔᏅᎩ ᎤᎵᎬᎭᎷᏴᎯ ᎯᏍᎩ ᎤᏣᎴᏍᏗ-ᎢᏳᏍᏗ ᎦᏚ ᎾᏍᎩ ᎤᎾᎵᏍᏓᏴᏅᎯ ᎤᎾᏘᏰᎸᎯ.
14. ᎾᏍᎩᏃ Ꮎ ᎠᏂᏍᎦᏯ, ᎤᏂᎪᎲ ᎤᏍᏆᏂᎪᏗ ᏥᏌ ᏚᎸᏫᏍᏓᏁᎸᎢ, ᎯᎠ ᏄᏂᏪᏒᎩ; ᎯᎠ ᎤᏙᎯᏳᎯᏯ ᎾᏍᎩ Ꮎ ᎠᏙᎴᎰᏍᎩ ᎡᎶᎯ ᎤᎷᎯᏍᏗ ᏥᎨᏒᎩ.
15. ᎿᎭᏉᏃ ᏥᏌ ᎤᏙᎴᎰᏒ ᏗᏂᎷᏥᏒᎩ ᎠᎴ ᏗᎬᏩᏗᏝᎥᏔᏂᏒ ᎤᎬᏫᏳᎯ ᏅᏗᎬᏩᏁᎵᏒᎢ, ᎤᏓᏅᏒᎩ ᏔᎵᏁ ᏦᏓᎸ ᏭᏣᏒᎩ ᎤᏩᏒ ᎨᏒᎢ.
16. ᎤᏒᏃ ᏄᎵᏍᏔᏅ, ᎬᏩᏍᏓᏩᏗᏙᎯ ᎥᏓᎸ ᏭᏂᎶᏒᎩ;
17. ᎠᎴ ᏥᏳᎯ ᎤᎾᏣᏅᎩ ᎨᏆᏂ ᎢᏗᏢ ᏫᏚᏂᏐᎯᏍᏔᏅᎩ. ᎠᎴ ᎿᎭᏉ ᎤᎵᏏᎬᎩ, ᎠᎴ ᏥᏌ ᎥᏝ ᏳᏂᎷᏤᎮᎢ.
18. ᎤᏣᏘᏃ ᎤᏃᎸᏅ, ᎥᏓᎵ ᏓᎵᏍᏗᎳᏁᎬᎩ.
19. ᏦᎢᎭᏃ ᎠᎴ ᏅᎩᎭ ᎢᏳᏟᎶᏛ ᎤᏂᎦᏪᎸ, ᎤᏂᎪᎲᎩ ᏥᏌ ᎥᏓᎵ ᎦᏚᎢ ᎠᎢᏒᎩ, ᎠᎴ ᏥᏳᎯ ᎾᎥ ᎤᎷᏥᏗᏒᎩ. ᎠᎴ ᎠᏂᏍᎦᎢᎲᎩ.
20. ᎠᏎᏃ ᎯᎠ ᏂᏚᏪᏎᎸᎩ; ᎠᏴᏉ, ᏞᏍᏗ ᏱᏥᏍᎦᎢᎮᏍᏗ.
21. ᎿᎭᏉᏃ ᏥᏳᎯ ᏕᎬᏩᏓᏂᎸᏨᎩ; ᎩᎳᏉᏃ ᎢᏴᏛ ᏥᏳ ᏭᏔᎳᏗᏨᎩ ᎾᎿᎭᎤᎾᏅᏔᏩᏗᏒᎢ.
22. ᎤᎩᏨᏛᏃ ᎤᏂᏣᏘ ᎥᏓᎵ ᎢᏍᎪᎾ ᏅᏛᏂᏙᎾᎢ, ᎤᎾᏙᎴᎰᏒ ᏅᏩᏓᎵ ᏥᏳ ᎾᏔᎸᎾ ᎨᏒᎢ, ᎾᏍᎩ Ꮎ ᎤᏩᏒ ᎬᏩᏍᏓᏩᏗᏙᎯ ᎤᎾᏦᏔᏅᎯ, ᎠᎴ ᏥᏌ ᏂᏚᎵᎪᏁᎸᎾ ᎨᏒ ᎬᏩᏍᏓᏩᏗᏙᎯ ᏥᏳᎯ ᎤᎾᏣᏅ, ᎠᎴ ᎬᏩᏍᏓᏩᏗᏙᎯ ᎤᏅᏒ ᎤᎾᏂᎩᏒᎢ;—
23. ᎤᏙᎯᏳᎯᏍᎩᏂᏃᏅ ᏂᏗᎬᏩᏓᎴ ᏥᏳ ᏓᏈᎵᏯ ᏂᏙᏓᏳᏂᏅᏍᏔᏅᎯ ᏚᏂᏃᎸᎩ ᎾᎥᎢ ᎾᎿᎭᎤᎬᏫᏳᎯ ᎤᎵᎮᎵᏨᎢ ᎠᎴ ᎤᎾᎵᏍᏓᏴᏅᎢ—
24. ᎾᏍᎩᏃ ᎿᎭᏉ ᎤᏂᏣᏘ ᎤᎾᏙᎴᎰᏒ ᏥᏌ ᎾᎿᎭᏁᏙᎲᎾ ᎨᏒᎢ, ᎠᎴ ᎾᏍᏉ ᎬᏩᏍᏓᏩᏗᎰᎯ, ᎾᏍᎩ ᎾᏍᏉ ᏥᏳᎯ ᏚᎾᏣᏅᎩ, ᎠᎴ ᎨᏆᏂ ᎤᏂᎷᏨᎩ, ᎠᏂᏲᎲᎩ ᏥᏌ.
25. ᎬᏩᏩᏛᎲᏃ ᎥᏓᎵ ᎢᏍᎪᏂᏗᏢ ᎯᎠ ᏅᎬᏩᏪᏎᎸᎩ; ᏔᏕᏲᎲᏍᎩ, ᎯᎳᎪ ᎢᏳ ᎠᏂ ᏣᎷᏤᎢ?
26. ᏥᏌ ᏚᏁᏤᎸ ᎯᎠ ᏄᏪᏒᎩ; ᎤᏙᎯᏳᎯᏯ ᎤᏙᎯᏳᎯᏯ ᎯᎠ ᏂᏨᏪᏎᎭ; ᏍᎩᏲᎭ ᎥᏝ ᏱᏅᏗᎦᎵᏍᏙᏗᎭ ᎤᏍᏆᏂᎪᏗ ᏗᎦᎸᏫᏍᏓᏁᏗ ᎢᏥᎪᎲᎢ, ᏅᏗᎦᎵᏍᏙᏗᏉᏍᎩᏂ ᎦᏚ ᏕᏥᎬᎢ, ᎠᎴ ᏕᏦᎸᏒᎢ.
27. ᏞᏍᏗ ᏱᏗᏥᎸᏫᏍᏓᏁᎮᏍᏗ ᎢᏥᏩᏛᏗᏱ ᎠᎵᏍᏓᏴᏗ ᎠᏲᎵ, ᎾᏍᎩᏍᎩᏂ Ꮎ ᎠᎵᏍᏓᏴᏗ ᎠᎵᏍᏆᏗᏍᎩ ᏂᎨᏒᎾ ᏗᎨᏒᎢ ᎢᎬᏂᏛ ᏥᎩ, ᎾᏍᎩ ᏴᏫ ᎤᏪᏥ ᎢᏥᏁᏗ ᏥᎩ, ᎾᏍᎩᏰᏃ ᎤᏁᎳᏅᎯ ᎠᎦᏴᎵᎨ ᎤᏍᏓᏱᏛ.
28. ᎿᎭᏉᏃ ᎯᎠ ᏅᎬᏩᏪᏎᎸᎩ; ᎦᏙ ᏓᏲᏣᏛᏁᎵ ᏙᏓᏲᎩᎸᏫᏍᏓᏁᎵ ᎤᏁᎳᏅᎯ ᎤᏤᎵᎦ ᏗᎦᎸᏫᏍᏓᏁᏗ ᎨᏒᎢ?
29. ᏥᏌ ᎤᏁᏨ ᎯᎠ ᏂᏚᏪᏎᎸᎩ; ᎯᎠ ᎾᏍᎩ Ꮎ ᏗᎦᎸᏫᏍᏓᏁᏗ ᎤᏁᎳᏅᎯ ᎤᏤᎵᎦ, ᎾᏍᎩ ᎡᏦᎢᏳᏗᏱ ᎾᏍᎩ Ꮎ ᏅᏓᏳᏅᏏᏛ.
30. ᎿᎭᏉᏃ ᎯᎠ ᏅᎬᏩᏪᏎᎸᎩ; ᎦᏙᏃ ᎤᏍᏗ ᎤᏰᎸᏛ ᎯᎾᏄᎪᏫᏍᎦ, ᎾᏍᎩ ᎣᎩᎪᏩᏛᏗᏱ ᎠᎴ ᎢᏨᏲᎢᏳᏗᏱ? ᎦᏙ ᎤᏍᏗ ᏕᏣᎸᏫᏍᏓᏁᎭ?
31. ᏗᎩᎦᏴᎵᎨᎢ ᎹᎾ ᎠᎾᎵᏍᏓᏴᏗᏍᎬᎩ ᎢᎾᎨᎢ, ᎾᏍᎩᏯ ᎯᎠ ᏥᏂᎬᏅ ᏥᎪᏪᎳ; “ᏕᎠᏁᎲᎩ ᎦᏚ ᎤᏂᎩᏍᏗ ᎦᎸᎳᏗ ᏅᏓᏳᏓᎴᏅᎯ.”
32. ᎿᎭᏉᏃ ᏥᏌ ᎯᎠ ᏂᏚᏪᏎᎸᎩ; ᎤᏙᎯᏳᎯᏯ ᎤᏙᎯᏳᎯᏯ ᎯᎠ ᏂᏨᏪᏎᎭ; ᎥᏝ ᎼᏏ ᏱᏥᏁᎴ ᎾᏍᎩ Ꮎ ᎦᏚ ᎦᎸᎳᏗ ᏅᏓᏳᏓᎴᏅᎯ; ᎡᏙᏓᏍᎩᏂ ᎢᏥᏁᎭ ᎦᏚ ᎤᏙᎯᏳᎯᏯ ᎦᎸᎳᏗ ᏅᏓᏳᏓᎴᏅᎯ.
33. ᎤᏁᎳᏅᎯᏰᏃ ᎤᏤᎵᎦ ᎦᏚ ᎾᏍᎩ ᎯᎠ ᎦᎸᎳᏗ ᏅᏓᏳᎶᏒᎯ ᏥᎩ, ᎠᎴ ᎬᏂᏛ Ꭰ’ᏁᎯ ᏥᎩ ᎡᎶᎯ.
34. ᎿᎭᏉᏃ ᎯᎠ ᏅᎬᏩᏪᏎᎸᎩ; ᏣᎬᏫᏳᎯ, ᏂᎪᎯᎸ ᏍᎩᏁᎮᏍᏗ ᎾᏍᎩ ᎯᎠ ᎦᏚ.
35. ᏥᏌᏃ ᎯᎠ ᏂᏚᏪᏎᎸᎩ; ᎠᏴ ᎾᏍᎩ Ꮎ ᎠᏛᏂᏗᏍᏙᏗ ᎦᏚ. ᎩᎶ ᎠᎩᎷᏤᎮᏍᏗ ᎥᏝ ᎤᏲᏏᏐᏗ ᏱᎨᏎᏍᏗ, ᎠᎴ ᎩᎶ ᎠᏉᎯᏳᎲᏍᎨᏍᏗ ᎥᏝ ᎤᏔᏕᎪᏗ ᏱᎨᏎᏍᏗ.
36. ᎠᎴ ᎯᎠ ᏂᏨᏪᏎᎸᎩ; ᏍᎩᎪᏩᏛᎲ ᎠᏎᏃ ᎥᏝ ᏱᏦᎯᏳᎲᏍᎦ.
37. ᏂᎦᏛ ᎡᏙᏓ ᏗᎩᎧᏁᎸᎯ ᎠᏎ ᏓᎬᎩᎷᏤᎵ; ᎠᎴ ᎾᏍᎩ Ꮎ ᎠᎩᎷᏤᎸᎯ ᎠᏎ ᎥᏝ ᏥᏄᎪᏫᏍᏗ ᏱᎩ.
38. ᎦᎸᎳᏗᏰᏃ ᏗᏆᏠᎣᏒ, ᎥᏝ ᎠᏋᏒ ᎦᏓᏅᏖᏍᎬ ᏗᎩᎸᏫᏍᏓᏁᏗᏱ, ᎠᏓᏅᏖᏍᎬᎢᏍᎩᏂ ᎾᏍᎩ Ꮎ ᏅᏛᎩᏅᏏᏛ.
39. ᎠᎴ ᎾᏍᎩ ᎯᎠ ᏄᏍᏗ ᎠᏓᏅᏖᏍᎬ ᎠᎦᏴᎵᎨᎢ ᎾᏍᎩ ᏅᏛᎩᏅᏏᏛ, ᎾᏍᎩ ᏂᎦᏛ ᏗᎩᏲᎯᏎᎸᎯ ᎨᏒᎢ, ᎪᎱᏍᏗ ᎠᎩᏲᎱᏎᏗ ᏂᎨᏒᎾ ᎢᏳᎵᏍᏙᏗᏱ, ᏗᎦᎴᏙᏗᏱᏍᎩᏂ ᎤᎵᏍᏆᎸᏗ ᎢᎦ ᎨᏎᏍᏗ.
40. ᎠᎴ ᎾᏍᎩ ᎯᎠ ᏄᏍᏗ ᎠᏓᏅᏖᏍᎬ ᎠᎦᏴᎵᎨ ᏅᏛᎩᏅᏏᏛ, ᎾᏍᎩ ᎩᎶ ᎠᎪᏩᏘᏍᎩ ᎤᏪᏥ, ᎠᎴ ᎾᏍᎩ ᎪᎯᏳᎲᏍᎩ, ᎾᎵᏍᏆᏗᏍᎬᎾ ᎬᏂᏛ ᎤᏤᎵᎦ ᎢᏳᎵᏍᏙᏗᏱ; ᎠᎴ ᎾᏍᎩ ᎠᏴ ᏙᏓᏥᏯᎴᏔᏂ ᎤᎵᏍᏆᎸᏗ ᎢᎦ ᎨᏎᏍᏗ.
41. ᎿᎭᏉᏃ ᎠᏂᏧᏏ ᎬᏩᎪᏁᎶᎯᏎᎸᎩ ᏅᏓᎦᎵᏍᏙᏗᏍᎬᎩ ᎯᎠ ᏄᏪᏒᎢ, ᎠᏴ ᎾᏍᎩ Ꮎ ᎦᏚ ᎦᎸᎳᏗ ᏅᏓᏛᎶᏒᎯ.
42. ᎯᎠᏃ ᏄᏂᏪᏒᎩ; ᏝᏍᎪ ᎯᎠ ᎾᏍᎩ Ꮎ ᏥᏌ ᏱᎩ, ᏦᏩ ᎤᏪᏥ, ᎾᏍᎩ ᎤᏙᏓ ᎠᎴ ᎤᏥ ᏗᏗᎦᏔᎯ ᏥᎩ? ᎦᏙᏃ ᎤᎵᏍᏙᏔᏅ, ᎦᎸᎳᏗ ᏅᏛᏆᏠᎠᏒᎯ, ᏣᏗᎭ?
43. ᎾᏍᎩ ᎢᏳᏍᏗ ᏥᏌ ᎤᏁᏨᎩ ᎯᎠ ᏂᏚᏪᏎᎸᎩ; ᏞᏍᏗ ᏱᏥᎪᏁᎶᏍᎨᏍᏗ.
44. ᎥᏝ ᎩᎶ ᏰᎵ ᏴᎬᎩᎷᏥᏏ, ᎬᏂ ᎠᎦᏴᎵᎨᎢ ᏅᏛᎩᏅᏏᏛ ᎤᏎᏒᏛ ᏱᎩ; ᎠᎴ ᎠᏴ ᎾᏍᎩ ᏙᏓᏥᏯᎴᏔᏂ ᎤᎵᏍᏆᎸᏗ ᎢᎦ ᎨᏎᏍᏗ.
45. ᎯᎠ ᏂᎬᏅ ᎪᏪᎳ ᎠᎾᏙᎴᎰᏍᎩᏱ; “ᎠᎴ ᏂᎦᏛ ᎤᏁᎳᏅᎯ ᏧᏪᏲᏅᎯ ᎨᏎᏍᏗ.” ᎾᏍᎩ ᎢᏳᏍᏗ ᏂᎦᏛ ᎤᎾᏛᎦᏁᎸᎯ ᎠᎴ ᎤᎾᏕᎶᏆᎡᎸᎯ ᎠᎦᏴᎵᎨᎢ, ᎬᎩᎷᏤᎰᎢ.
46. ᎥᏝᏍᎩᏂᏃᏅ ᎩᎶ ᎠᎦᏴᎵᎨᎢ ᎤᎪᎲᎯ ᏱᎩ, Ꮎ ᎤᏩᏒ ᎤᏁᎳᏅᎯᏱ ᏅᏓᏳᏓᎴᏅᎯ; ᎾᏍᎩ ᎤᎪᎲᎯ ᎠᎦᏴᎵᎨᎢ.
47. ᎤᏙᎯᏳᎯᏯ ᎤᏙᎯᏳᎯᏯ ᎯᎠ ᏂᏨᏪᏎᎭ, ᎠᏉᎯᏳᎲᏍᎩ ᎤᎭ ᎠᎵᏍᏆᏗᏍᎩ ᏂᎨᏒᎾ ᎬᏂᏛ.
48. ᎠᏴ ᎾᏍᎩ Ꮎ ᎦᏚ ᎠᏛᏂᏗᏍᏙᏗ.
49. ᏗᏥᎦᏴᎵᎨᎢ ᎹᎾ ᎠᎾᎵᏍᏓᏴᏗᏍᎬᎩ ᎢᎾᎨᎢ, ᎠᎴ ᏚᏂᏲᎱᏒ;
50. ᎯᎠ ᎾᏍᎩ ᏄᏍᏗ ᎦᏚ ᎦᎸᎳᏗ ᏅᏓᏳᎶᏒᎯ, ᎾᏍᎩ ᎩᎶ ᏳᎬ ᎥᏝ ᏴᎬᏲᎱᎯ.
51. ᎠᏴ ᎾᏍᎩ Ꮎ ᎦᏚ ᎬᏂᏛ ᎦᎸᎳᏗ ᏅᏓᏳᎶᏒᎯ. ᎢᏳᏃ ᎩᎶ ᎠᎩᏍᎨᏍᏗ ᎾᏍᎩ ᎯᎠ ᎦᏚ, ᎠᎵᏍᏆᏗᏍᎩ ᏂᎨᏒᎾ ᎬᏁᏍᏗ. ᎠᎴ ᎾᏍᎩ Ꮎ ᎦᏚ ᏨᏓᏥᏁᎵ ᎾᏍᎩ ᎠᏴ ᎠᎩᏫᏯ, ᎾᏍᎩ ᏥᏙᏛᎩᏲᏏ ᎡᎶᎯ ᎤᏛᏂᏗᏍᏙᏗ.
52. ᎿᎭᏉᏃ ᎠᏂᏧᏏ ᎤᏅᏒᏉ ᏚᎾᏘᏲᎸᎩ, ᎯᎠ ᏄᏂᏪᏒᎩ, ᎦᏙ ᏱᎦᎵᏍᏙᏓ ᎯᎠ ᎠᏍᎦᏯ ᏱᎩᎲᏏ ᎤᏩᏒ ᎤᏫᏯ ᎢᎦᎵᏍᏓᏴᏙᏗ?
53. ᎿᎭᏉᏃ ᏥᏌ ᎯᎠ ᏂᏚᏪᏎᎸᎩ; ᎤᏙᎯᏳᎯᏯ ᎤᏙᎯᏳᎯᏯ ᎯᎠ ᏂᏨᏪ ᏎᎭ; ᎢᏳᏃ ᏂᏥᎬᎾ ᏴᏫ ᎤᏪᏥ ᎤᏫᏯ, ᎠᎴ ᎤᎩᎬ ᎢᏣᏗᏔᎲ ᏱᎩ, ᎥᏝ ᎬᏂᏛ ᏱᏥᏯᎠ.
54. ᎠᎩᏫᏯ ᎠᎩᏍᎩ, ᎠᎴ ᎠᎩᎩᎬ ᎠᏗᏔᏍᎩ, ᎬᏂᏛ ᎠᎵᏍᏆᏗᏍᎩ ᏂᎨᏒᎾ ᎤᏤᎵᎦ, ᎠᎴ ᎾᏍᎩ ᎠᏴ ᏙᏓᏥᏯᎴᏔᏂ ᎤᎵᏍᏆᎸᏗ ᎢᎦ ᎨᏎᏍᏗ.
55. ᎠᎩᏫᏯᏰᏃ ᎤᏙᎯᏳᏒ ᎠᎵᏍᏓᏴᏗ, ᎠᎴ ᎠᎩᎩᎬ ᎤᏙᎯᏳᏒ ᎠᏗᏔᏍᏗ.
56. ᎠᎩᏫᏯ ᎠᎩᏍᎩ, ᎠᎴ ᎠᎩᎩᎬ ᎠᏗᏔᏍᎩ, ᎾᏍᎩ ᎠᎩᏯᎠ, ᎠᏴ ᎠᎴ ᎾᏍᎩ ᏥᏯᎠ.
57. ᎾᏍᎩᏯᎢ ᎬᏂᏛ ᎠᎦᏴᎵᎨᎢ ᎠᎩᏅᏏᏛ ᏥᎩ, ᎠᎴ ᎠᎦᏴᎵᎨ ᏥᏅᏗᎦᎵᏍᏙᏗᎭ ᎠᏴ ᏥᎬᏅ, ᎾᏍᎩᏯᎢ ᎠᏴ ᎠᏆᎵᏍᏓᏴᏗᏍᎩ ᎾᏍᎩ ᎠᏴ ᏅᏗᎦᎵᏍᏙᏗᏍᎨᏍᏗ ᎬᏁᏍᏗ.
58. ᎾᏍᎩ ᎯᎠ Ꮎ ᎦᏚ ᎦᎸᎳᏗ ᏅᏓᏳᎶᏒᎯ; ᎥᏝ ᎾᏍᎩᏯ ᏗᏥᎦᏴᎵᎨᎢ ᎹᎾ ᏣᏂᎩᏍᎨᎢ, ᎠᎴ ᎾᏍᎩ ᏧᏂᏲᎱᏒᎯ ᏥᎩ; ᎯᎠ ᎦᏚ ᎠᎩᏍᎩ ᎠᎵᏍᏆᏗᏍᎩ ᏂᎨᏒᎾ ᎬᏁᏍᏗ.
59. ᎾᏍᎩ ᎯᎠ ᏄᏪᏒᎩ ᏗᎦᎳᏫᎢᏍᏗᏱ, ᏓᏕᏲᎲᏍᎬ ᎨᏆᏂ.
60. ᎾᏍᎩ ᎢᏳᏍᏗ ᎤᏂᏣᏛᎩ ᎬᏩᏍᏓᏩᏗᏙᎯ ᎤᎾᏛᎦᏅ, ᎯᎠ ᏄᏂᏪᏒᎩ; ᎾᏍᎩ ᎯᎠ ᎠᏍᏓᏱᏳ ᎧᏃᎮᏛ; ᎦᎪ ᏰᎵ ᏯᏛᎬᎦ?
61. ᎿᎭᏉᏃ ᏥᏌ ᏧᏓᏅᏛ ᎤᏙᎴᎰᏒ ᎬᏩᏍᏓᏩᏗᏙᎯ ᎤᏂᎪᏁᎶᏍᎬᎢ, ᎯᎠ ᏂᏚᏪᏎᎸᎩ; ᏥᎪ ᎾᏍᎩ ᎯᎠ ᏕᏦᏕᏍᏗᎭ?
62. ᎢᏳᎾᏃ ᏰᏥᎪᎥ ᏴᏫ ᎤᏪᏥ ᏳᎵᏌᎳᏓᏅ ᎾᎿᎭᏧᏓᎴᏅ ᏱᏬᎶᏒ?
63. ᎠᏓᏅᏙᏍᎩᏂ ᎠᏓᏛᏂᏗᏍᎩ; ᎤᏇᏓᎵ ᎥᏝ ᎬᏩᏓᏍᏕᎸᏗ ᏱᎩ. ᎧᏃᎮᏛ ᎠᏴ ᏥᏨᏬᏁᏗᎭ ᎾᏍᎩ ᎠᏓᏅᏙ, ᎠᎴ ᎾᏍᎩ ᎬᏂᏛ.
64. ᎠᏎᏃ ᎢᏣᏓᏑᏯ ᏂᏦᎯᏳᎲᏍᎬᎾ. ᏥᏌᏰᏃ ᏗᏓᎴᏂᏍᎬ ᏂᏓᎦᏔᎰ ᎾᏍᎩ Ꮎ ᎾᏃᎯᏳᎲᏍᎬᎾ, ᎠᎴ ᎾᎦᏔᎰᎢ ᎾᏍᎩ Ꮎ ᎤᏡᏗᏍᎩ ᎢᏳᎵᏍᏙᏗ.
65. ᎠᎴ ᎯᎠ ᎾᏍᏉ ᏄᏪᏒᎩ; ᎾᏍᎩ ᎢᏳᏍᏗ ᎯᎠ ᏥᏂᏨᏪᏎᎸᎩ; ᎥᏝ ᎩᎶ ᏴᎬᎩᎷᏥ, ᎬᏂ ᎡᏙᏓ ᎤᏁᎸᎯ ᏱᎩ.
66. ᎠᎴ ᎾᎯᏳ ᎢᏳᏓᎴᏅᏛ ᎤᏂᏣᏛ ᎬᏩᏍᏓᏩᏗᏙᎯ ᎤᎾᏨᏒᎩ, ᎠᎴ ᎥᏝ ᎿᎭᏉ ᎢᎸᎯᏳ ᏳᏁᏙᎴᎢ.
67. ᎿᎭᏉᏃ ᏥᏌ ᎯᎠ ᏂᏚᏪᏎᎸ ᏔᎳᏚ ᎢᏯᏂᏛ; ᏥᎪ ᎾᏍᏉ ᏂᎯ ᏛᏣᏓᏅᏏ?
68. ᎿᎭᏉᏃ ᏌᏩᏂ ᏈᏓ ᎯᎠ ᏄᏪᏎᎸᎩ; ᏣᎬᏫᏳᎯ, ᎦᎪ ᏧᏬᎸ ᏮᏓᏲᏥᎶᏏ? ᏂᎯ ᏣᏍᏆᏂᎪᏗ ᎧᏃᎮᏛ ᎠᎵᏍᏆᏗᏍᎩ ᏂᎨᏒᎾ ᎠᏛᏂᏗᏍᏙᏗ.
69. ᎠᎴ ᎣᏦᎯᏳᎲᏍᎦ, ᎠᎴ ᎣᏥᎦᏔᎭ ᏂᎯ ᎾᏍᎩ ᎦᎶᏁᏛ ᎨᏒᎢ, ᎬᏂᏛ ᎤᏁᎳᏅᎯ ᎤᏪᏥ.
70. ᏥᏌ ᎯᎠ ᏂᏚᏪᏎᎸᎩ. ᏝᏍᎪ ᏂᎯ ᏔᎳᏚ ᎢᏥᏛ ᏱᏨᏯᏑᏰᏎᎢ? ᎠᏎᏃ ᎠᏏᏴᏫ ᎤᏓᏑᏯ ᎠᏍᎩᎾ ᎢᎩ.
71. ᎾᏍᎩ ᏄᏪᏒ ᏧᏓᏏ ᎢᏍᎦᎳᏗ ᏌᏩᏂ ᎤᏪᏥ ᎠᏥᏛᎬᎩ; ᎾᏍᎩᏰᏃ ᎤᏡᏗᏍᎩ ᎢᏳᎵᏍᏙᏗ ᎨᏒᎩ, ᏔᎳᏚ ᎢᏯᏂᏛ ᎨᏒ ᎾᎿᎭᎨᎳ ᎨᏒᎩ.

== John 7 ==
1. ᎾᏍᎩᏃ ᏄᎵᏍᏔᏂᏙᎸ ᏥᏌ ᎨᎵᎵ ᎤᏪᏙᎸᎩ; ᎥᏝᏰᏃ ᏳᏚᎵᏍᎨ ᏧᏗᏱ ᎤᏪᏓᏍᏗᏱ, ᏅᏓᎦᎵᏍᏙᏗᏍᎬᎩ ᎠᏂᏧᏏ ᎠᎾᏁᎶᏗᏍᎬ ᎬᏩᎯᏍᏗᏱ.
2. ᎠᏂᏧᏏ ᏕᎦᎵᏦᏛᎢ-ᏧᎾᎵᏍᏓᏴᏗᏱ ᎤᏍᏆᎸᎯᏗᏒᎩ.
3. ᎠᎾᎵᏅᏟᏃ ᎯᎠ ᏂᎬᏩᏪᏎᎸᎩ; ᎭᏓᏅᎾ, ᎠᎴ ᏧᏗᏱ ᏫᎶᎯ, ᎾᏍᎩᏃ ᎨᏣᏍᏓᏩᏗᏙᎯ ᎾᏍᏉ ᎠᏂᎪᎲᎭ ᏄᏍᏛ ᏕᏣᎸᏫᏍᏓᏁᎲᎢ.
4. ᎥᏝᏰᏃ ᎩᎶ ᎠᏥᎦᏔᎯ ᎢᏳᎵᏍᏙᏗᏱ ᏧᏚᎵᏍᎪᎢ ᎤᏕᎵᏛ ᏱᏚᎸᏫᏍᏓᏁᎰᎢ. ᎢᏳᏃ ᎾᏍᎩ ᎯᎠ ᎿᎭᏛᏁᎮᏍᏗ, ᎡᎶᎯ ᎬᏂᎨᏒ ᏂᏯᏛᏂᏏ.
5. ᎠᎾᎵᏅᏟᏰᏃ ᎾᏍᏉ ᎥᏝ ᏱᎬᏬᎯᏳᎲᏍᎨᎢ.
6. ᎿᎭᏉᏃ ᏥᏌ ᎯᎠ ᏂᏚᏪᏎᎸᎩ; ᎥᏝ ᎠᏏ ᏯᎩᏍᏆᎸᎡᎭ; ᏂᎯᏍᎩᏂ ᏂᎪᎯᎸᏉ ᎢᏥᏍᏆᎸᎡᎰᎢ.
7. ᎡᎶᎯ ᎥᏝ ᎢᏥᏍᎦᎩ ᏱᏅᎦᎵᏍᏓ; ᎠᏴᏍᎩᏂ ᎠᎩᏍᎦᎦ, ᏅᏗᎦᎵᏍᏙᏗᎭ ᏥᏥᏃᎮᎭ ᎾᏍᎩ ᏚᎸᏫᏍᏓᏁᎲ ᎤᏲᎢᏳ ᎨᏒᎢ.
8. ᏂᎯ ᏙᏗᎾᎵᏍᏓᏴᎲᏍᎬ ᎢᏤᎾ; ᎥᏝ ᎠᏏ ᎠᏴ ᏙᏗᎾᎵᏍᏓᏴᎲᏍᎬ ᏴᏓᎨᏏ; ᎥᏝᏰᏃ ᎠᏏ ᏯᎩᏍᏆᎸᎡᎸ.
9. ᎾᏍᎩ ᎯᎠ ᏂᏚᏪᏎᎸ, ᎠᏏᏉ ᎤᏪᏙᎸᎩ ᎨᎵᎵ.
10. ᎠᏎᏃ ᎠᎾᎵᏅᏟ ᎤᏁᏅᏛ ᏂᎨᏐᎢ, ᎿᎭᏉ ᎾᏍᏉ ᏙᏗᎾᎵᏍᏓᏴᎲᏍᎬ ᎤᏪᏅᏒᎩ, ᎥᏝ ᎬᏂᎨᏒᎢ, ᎤᏕᎵᏛᏉᏍᎩᏂ ᎢᏳᏍᏗ.
11. ᎿᎭᏉᏃ ᎠᏂᏧᏏ ᎬᏩᏲᎸᎩ ᏓᎾᎵᏍᏓᏴᎲᏍᎬᎢ, ᎠᎴ ᎯᎠ ᏄᏂᏪᏒᎩ; ᎭᏢ ᎾᏍᎩ ᎡᏙᎭ?
12. ᎤᏣᏛᏃ ᎤᏕᎵᏛ ᏓᎾᎵᏃᎮᎵᏙᎲᎩ ᏴᏫ ᎾᏍᎩ ᎬᏩᏃᎮᏍᎬᎢ; ᎢᎦᏛᏰᏃ ᎯᎠ ᎾᏂᏪᏍᎬᎩ; ᎣᏏᏳ ᎠᏍᎦᏯ; ᎢᎦᏛᏃ, ᎥᏝ, ᏕᎦᎶᏄᎮᏉ ᏴᏫ, ᎠᎾᏗᏍᎬᎩ.
13. ᎠᏎᏃ ᎥᏝ ᎩᎶ ᎬᏂᎨᏒ ᏳᏃᎮᏍᎨᎢ, ᎤᏓᎦᎵᏍᏙᏗᏍᎬᎩ ᏓᏂᎾᏰᏍᎬ ᎠᏂᏧᏏ.
14. ᎿᎭᏉᏃ ᎠᏰᎵ ᎢᏴᏛ ᎠᎵᏰᎢᎵᏒ ᏓᎾᎵᏍᏓᏴᎲᏍᎬᎢ ᏥᏌ ᎤᏛᏅ-ᏗᎦᎳᏫᎢᏍᏗᏱ ᎤᏴᎸᎩ, ᎠᎴ ᏚᏕᏲᏅᎩ.
15. ᎠᏂᏧᏏᏃ ᎤᏂᏍᏆᏂᎪᏒᎩ, ᎠᎴ ᏄᏂᏪᏒᎩ; ᎦᏙ ᎤᎵᏍᏙᏔᏅ ᎯᎠ ᎠᏍᎦᏯ ᎪᏪᎵ ᏗᏏᎾᏏᏳ ᏥᎩ, ᏧᏕᎶᏆᎥᎯᏃ ᏂᎨᏒᎾ?
16. ᏥᏌ ᏚᏁᏤᎸᎩ, ᎯᎠ ᏄᏪᏒᎩ; ᏥᏕᎦᏕᏲᎲᏍᎦ, ᎥᏝ ᎠᏆᏤᎵᎦ ᏱᎩ, ᎤᏤᎵᎦᏍᎩᏂ ᏅᏛᎩᏅᏏᏛ.
17. ᎢᏳᏃ ᎩᎶ ᎤᏚᎵᏍᎨᏍᏗ ᎾᏍᎩ ᏄᏍᏛ ᎤᏚᎵᏍᎬ ᏧᎸᏫᏍᏓᏁᏗᏱ, ᎠᏎ ᎤᏙᎴᎰᎯᏍᏗ ᎾᏍᎩ ᎯᎠ ᏥᏕᎦᏕᏲᎲᏍᎦ ᎤᏁᎳᏅᎯ ᏅᏓᏳᏓᎴᏅᎯ ᎨᏎᏍᏗ, ᎠᎴ ᏥᏬᏂᏍᎬ ᎠᏋᏒᏉ ᎠᏆᏓᏅᏖᎸᎯ ᎢᎨᏎᏍᏗ.
18. ᎩᎶ ᎤᏩᏒ ᎤᏓᏅᏖᏛ ᏥᎦᏬᏂᏍᎪᎢ, ᎤᏩᏒᏉ ᎠᏥᎸᏉᏗᏳ ᎢᏳᎵᏍᏙᏗᏱ ᎤᏲᎰᎢ; ᎩᎶᏍᎩᏂ ᏅᏓᏳᏅᏏᏛ ᎠᏥᎸᏉᏗᏳ ᎢᏳᎵᏍᏙᏗᏱ ᏧᏲᎰᎢ, ᎾᏍᎩ ᏚᏳᎪᏛ ᎨᏐᎢ, ᎠᎴ ᎥᏝ ᎠᏠᎾᏍᏗ ᎨᏒ ᏳᏓᏑᏲᎢ.
19. ᏝᏍᎪ ᎼᏏ ᏱᏥᏁᎴ ᏗᎧᎿᎭᏩᏛᏍᏗ? ᎠᏎᏃ ᎥᏝ ᎩᎶ ᏳᏓᏑᏯ ᏗᎧᎿᎭᏩᏛᏍᏗ ᏂᎦᏪᏍᎬ ᏱᎾᏛᏁᎭ. ᎦᏙᏃ ᎢᏣᏚᎵ ᏍᎩᎢᏍᏗᏱ?
20. ᎤᏂᏣᏘ ᎤᏂᏁᏨᎩ, ᎯᎠ ᏄᏂᏪᏒᎩ; ᎠᏍᎩᎾ ᏣᏯᎠ; ᎦᎪ ᎤᏚᎵ ᏣᎯᏍᏗᏱ?
21. ᏥᏌ ᎤᏁᏨᎩ, ᎯᎠ ᏂᏚᏪᏎᎸᎩ; ᏑᏓᎴᎩ ᏓᎩᎸᏫᏍᏓᏁᎸ, ᏂᏥᎥᏃ ᎢᏥᏍᏆᏂᎪᏍᎦ.
22. ᎼᏏ ᎠᎱᏍᏕᏍᏗ ᎨᏒ ᎢᏥᏁᎸᎩ; ᎥᏝᏍᎩᏂᏃᏅ ᎼᏏ ᎤᎾᏄᎪᏫᏒᎯ ᏱᎩ, ᎠᏂᎦᏴᎵᎨᏍᎩᏂ ᎤᏂᎾᏄᎪᏫᏒᎯ; ᏂᎯᏃ ᎤᎾᏙᏓᏆᏍᎬᏃ ᎢᎡᏥᎤᏍᏕᏎᎰ ᎠᏍᎦᏯ.
23. ᎢᏳᏃ ᎠᏍᎦᏯ ᎤᎾᏙᏓᏆᏍᎬ ᎢᎦ ᏯᏥᎤᏍᏕᏎᎭ, ᏱᏅᏗᎦᎵᏍᏙᏗᎭ ᏗᎧᎿᎭᏩᏛᏍᏗ ᎼᏏ ᎤᏤᎵ ᎤᏲᎢᏍᏗ ᏂᎨᏒᎾ ᎨᏒᎢ, ᏥᎪ ᎢᏍᎩᏍᎦᎦ ᏅᏗᎦᎵᏍᏙᏗᎭ ᎠᏍᎦᏯ ᏂᎬ ᎠᏰᎸ ᏥᏥᏅᏩᏅ ᎤᎾᏙᏓᏆᏍᎬ ᎢᎦ?
24. ᏞᏍᏗ ᏕᏣᎧᏂᏍᎬᏉ ᏱᏗᏧᎪᏗᏍᎨᏍᏗ, ᏚᏳᎪᏛᏍᎩᏂ ᏕᏧᎪᏗᏍᎨᏍᏗ.
25. ᎿᎭᏉᏃ ᎢᎦᏛ ᏥᎷᏏᎵᎻ ᎠᏁᎯ ᎯᎠ ᏄᏂᏪᏒᎩ, ᏝᏍᎪ ᎾᏍᎩ Ꮎ ᎯᎠ ᏱᎩ ᏧᎾᏚᎵ ᎤᏂᎯᏍᏗᏱ?
26. ᎬᏂᏳᏉᏃ ᎾᏍᎦᎢᎲᎾ ᎦᏬᏂᎭ, ᎠᎴ ᎥᏝ ᎪᎱᏍᏗ ᏯᏃᏎᎭ. ᏥᏌ ᎤᏂᎬᏫᏳᎯ ᎤᏙᎯᏳᎯ ᎠᏂᎦᏔᎭ ᎾᏍᎩ ᎤᏙᎯᏳᎯᏯ ᎦᎶᏁᏛ ᎨᏒᎢ?
27. ᎠᏎᏃ ᎢᏗᎦᏔᎭ ᎯᎠ ᎠᏍᎦᏯ ᏧᏓᎴᏅᎢ, ᎦᎶᏁᏛᏍᎩᏂ ᎦᎷᏨᎭ ᎥᏝ ᎩᎶ ᏱᎬᎦᏔᎮᏍᏗ ᏧᏓᎴᏅᎢ.
28. ᎿᎭᏉᏃ ᏥᏌ ᎤᏪᎷᏅᎩ ᎤᏛᏅᏗᎦᎳᏫᎢᏍᏗᏱ ᏓᏕᏲᎲᏍᎬᎢ, ᎯᎠ ᏄᏪᏒᎩ; ᏍᎩᎦᏔᎭ, ᎠᎴ ᎾᏍᏉ ᎢᏥᎦᏔᎭ ᏗᏆᏓᎴᏅᎢ; ᎠᎴ ᎥᏝ ᎠᏋᏒᏉ ᎠᏆᏓᏅᏖᏛ ᏯᎩᎷᏨ, ᏅᏛᎩᏅᏏᏛᏍᎩᏂ ᏚᏳᎪᏛᎢ, ᎾᏍᎩ ᏁᏥᎦᏔᎲᎾ ᏥᎩ.
29. ᎠᏴᏍᎩᏂ ᏥᎦᏔᎭ, ᎾᎿᎭᏰᏃ ᏅᏛᏆᏓᎴᏅᎯ, ᎠᎴ ᎾᏍᎩ ᏗᎩᏅᏒ.
30. ᎿᎭᏉᏃ ᎤᎾᏓᏅᏖᎸᎩ ᎬᏩᏂᏴᏗᏱ: ᎠᏎᏃ ᎥᏝ ᎩᎶ ᏳᏏᏔᏕᎢ, ᏅᏓᎦᎵᏍᏙᏗᏍᎬᎩ ᎠᏏ ᏄᏍᏆᎸᎡᎸᎾ ᎨᏒᎢ.
31. ᎠᎴ ᎤᏂᏣᏛᎩ ᎬᏬᎯᏳᏅᎩ, ᎠᎴ ᎯᎠ ᏄᏂᏪᏒᎩ; ᎦᎶᏁᏛ ᎦᎷᏨᎭ, ᏥᎪ ᎤᏟ ᎢᎦᎢ ᎤᏍᏆᏂᎪᏗ ᏙᏓᏳᎸᏫᏍᏓᏁᎵ, ᎡᏍᎦᏉ ᎯᎠ ᎾᏍᎩ ᏥᏚᎸᏫᏍᏓᏁᎸ?
32. ᎠᏂᏆᎵᏏ ᎤᎾᏛᎦᏅᎩ ᎤᏂᏣᏘ ᎾᏍᎩ ᎬᏩᏃᎮᏍᎬ ᎤᏕᎵᏛ ᏓᎾᎵᏃᎮᎵᏙᎲᎢ. ᎠᎴ ᎠᏂᏆᎵᏏ ᏄᏂᎬᏫᏳᏒᏃ ᎠᏥᎸ-ᎠᏁᎶᎯ ᏚᏂᏅᏒᎩ ᏗᎾᏓᏂᏱᏍᎩ ᎾᏍᎩ ᏭᏂᏂᏴᏗᏱ.
33. ᎿᎭᏉᏃ ᏥᏌ ᎯᎠ ᏂᏚᏪᏎᎸᎩ; ᎠᏏ ᏞᎦ ᎢᏨᏰᎳᏗᏙᎭ, ᎿᎭᏉᏃ ᏅᏛᎩᏅᏏᏛ ᏧᏬᎸ ᏮᏛᏥᎶᏏ.
34. ᏍᎩᏲᎮᏍᏗ, ᎠᏎᏃ ᏓᏍᎩᏯᏠᏥ; ᎠᎴ ᏫᎨᎥ ᎥᏝ ᏰᎵ ᏫᏴᎨᏥᎷᎩ.
35. ᎿᎭᏉᏃ ᎠᏂᏧᏏ ᎯᎠ ᏂᏚᎾᏓᏪᏎᎸᎩ, ᎭᏢ ᏮᏓᎦᎶᏏ, ᎦᏰᏗᏩᏛᏗ ᏂᎨᏒᎾ ᎢᎨᏎᏍᏗ? ᏧᎾᏓᎴᏅᏛᏍᎪ ᏴᏫ ᏓᏁᏩᏗᏒ ᎤᎾᏗᎦᎴᏲᏨᎯ ᏙᏛᏩᏛᎮᏏ, ᎠᎴ ᏫᏙᏓᎨᏲᏂ ᏧᎾᏓᎴᏅᏛ ᏴᏫ?
36. ᎦᏙ ᎦᏛᎦ ᎯᎠ ᏥᏄᏪᏒ; ᏍᎩᏲᎮᏍᏗ ᎠᏎᏃ ᏓᏍᎩᏯᏠᏥ, ᎠᎴ ᏫᎨᎥᎢ ᎥᏝ ᏫᏴᎨᏥᎷᎩ?
37. ᎤᎵᏍᏆᎸᏗᏃ ᎢᎦ, ᎾᏍᎩ ᎦᎸᏉᏗ ᎢᎦ ᎨᏒ ᏓᎾᎵᏍᏓᏴᎲᏍᎬᎢ, ᏥᏌ ᏚᎴᏅᎩ ᎠᎴ ᎤᏪᎷᏅᎩ ᎯᎠ ᏄᏪᏒᎩ; ᎢᏳᏃ ᎩᎶ ᎤᏔᏕᎩᏍᎨᏍᏗ, ᎠᏴ ᏩᎩᎷᏥ, ᎠᎴ ᏩᏗᏔ.
38. ᎩᎶ ᎠᏉᎯᏳᎲᏍᎨᏍᏗ, ᎤᏍᏉᎵᏱ ᏕᎦᎾᏄᎪᎨᏍᏗ ᎡᏉᏂ ᎬᏂᏛ ᎠᎹ ᏕᎨᏰᏍᏗ; ᎾᏍᎩᏯ ᏥᏂᎦᏪ ᎪᏪᎵ.
39. ᎾᏍᎩ ᎯᎠ ᏄᏪᏒ, ᎤᏪᏛᏨᎩ ᎠᏓᏅᏙ, ᎾᏍᎩ ᎬᏬᎯᏳᎲᏍᎩ ᎨᏥᏁᏗ ᎨᏒᎢ; ᏝᏰᏃ ᎠᏏ ᎦᎸᏉᏗᏳ ᎠᏓᏅᏙ ᏱᎦᎾᏄᎪᎨᎢ, ᏅᏓᎦᎵᏍᏙᏗᏍᎬᎩ ᏥᏌ ᎠᏏ ᎾᏥᎸᏉᏗᏍᎬᎾ ᎨᏒᎢ.
40. ᎾᏍᎩ ᎢᏳᏍᏗ ᎤᏂᏣᏛ ᏴᏫ ᎾᏍᎩ ᎯᎠ ᎤᎾᏛᎦᏅ, ᎯᎠ ᏄᏂᏪᏒᎩ; ᎤᏙᎯᏳᎯᏯ ᎯᎠ ᎾᏍᎩ Ꮎ ᎠᏙᎴᎰᏍᎩ.
41. ᎢᎦᏛᏃ ᎯᎠ ᏄᏂᏪᏒᎩ; ᎯᎠ ᎾᏍᎩ ᎦᎶᏁᏛ. ᎠᏎᏃ ᎢᎦᏛ ᎯᎠ ᏄᏂᏪᏒᎩ; ᏥᎪ ᎦᎶᏁᏛ ᎨᎵᎵ ᏅᏓᏳᎾᏄᎪᎢᏍᏗ?
42. ᏝᏍᎪ ᎪᏪᎵ ᎯᎠ ᏱᏂᎦᏪᎭ? ᎦᎶᏁᏛ ᏕᏫ ᎤᏁᏢᏔᏅᏛ ᎨᏒ ᎤᎾᏄᎪᎢᏍᏗ, ᎠᎴ ᎦᏚᏱ ᎦᏚᎲᎢ ᏕᏫ ᎤᏕᏅᎢ?
43. ᎾᏍᎩ ᎢᏳᏍᏗ ᏔᎵ ᏄᎾᏓᏛᎩ ᏴᏫ, ᏅᏓᎦᎵᏍᏙᏗᏍᎬᎩ ᎾᏍᎩ ᎬᏩᏍᏛᏗᏍᎬᎢ.
44. ᎠᎴ ᎢᎦᏛ ᎤᎾᏓᏑᏴᎩ ᎤᎾᏚᎵᏍᎬᎩ ᎬᏩᏂᏴᏗᏱ; ᎠᏎᏃ ᎥᏝ ᎩᎶ ᏳᏏᏔᏕᎢ.
45. ᎿᎭᏉᏃ ᏗᎾᏓᏂᏱᏍᎩ ᎬᏩᏂᎷᏤᎸᎩ ᏄᏂᎬᏫᏳᏒ ᎠᏥᎸ-ᎠᏁᎶᎯ ᎠᎴ ᎠᏂᏆᎵᏏ. ᎯᎠᏃ ᏂᏚᏂᏪᏎᎸᎩ; ᎦᏙᏃ Ꮭ ᏴᎡᏣᏘᏃᎦ?
46. ᏗᎾᏓᏂᏱᏍᎩ ᎤᏂᏁᏨ ᎯᎠ ᏄᏂᏪᏒᎩ; ᎥᏝ ᎢᎸᎯᏳ ᎩᎶ ᏱᎬᏩᏬᏂᏐ ᎾᏍᎩᏯ ᎯᎠ ᏂᎦᏪᏍᎬ ᎦᏬᏂᏍᎬᎢ.
47. ᎿᎭᏉᏃ ᎠᏂᏆᎵᏏ ᎤᏂᏁᏨ ᎯᎠ ᏂᏚᏂᏪᏎᎸᎩ; ᏥᎪ ᏂᎯ ᎾᏍᏉ ᎡᏥᎶᏄᎡᎸ?
48. ᏥᎪ ᎩᎶ ᏄᏂᎬᏫᏳᏒ ᎠᎴ ᎠᏂᏆᎵᏏ ᎬᏬᎯᏳᏅ?
49. ᎯᎠᏍᎩᏂ ᏴᏫ ᏗᎧᎿᎭᏩᏛᏍᏗ ᎾᏂᎦᏔᎲᎾ ᏥᎩ ᎨᏥᏍᎩᏅᏛᎯ.
50. ᏂᎦᏗᎹᏏ,—ᏥᏌ ᏒᏃᏱ ᎤᎷᏤᎸᎯ, ᎾᏍᎩ ᎨᎸᎩ,—ᎾᏍᎩ ᎯᎠ ᏂᏚᏪᏎᎸᎩ;
51. ᏥᎪ ᏗᎩᎧᎿᎭᏩᏛᏍᏗ ᏚᏭᎪᏓᏁᎰ ᎩᎶ ᎠᏏ ᎾᎦᏛᎦᏁᎸᎾ ᏥᎨᏐᎢ, ᎠᎴ ᏚᎸᏫᏍᏓᏁᎲ ᎠᏙᎴᎰᏒᎯ ᏂᎨᏒᎾ ᏥᎨᏐᎢ?
52. ᎤᏂᏁᏨ ᎯᎠ ᏅᎬᏩᏪᏎᎸᎩ; ᏥᎪ ᎾᏍᏉ ᏂᎯ ᎨᎵᎵ ᎮᎯ? ᏣᏲᎦ ᎠᎴ ᎭᎦᏌᏯᏍᏓ, ᏝᏰᏃ ᎨᎵᎵ ᎤᎾᏄᎪᎢᏍᏗ ᏱᎩ ᎠᏙᎴᎰᏍᎩ.
53. ᏂᎦᏛᏃ ᏙᏧᏁᏅᏒ ᏫᏙᎤᏂᎶᏒᎩ.

== John 8 ==
1. ᏥᏌᏃ ᎤᎵᏩᏲᎢ ᎣᏓᎸ ᏬᎶᏒᎩ.
2. ᏑᎾᎴᏉᏃ ᏔᎵᏁ ᎤᏛᏅ-ᏗᎦᎳᏫᎢᏍᏗᏱ ᎤᎷᏨᎩ; ᎠᎴ ᏂᎦᏛ ᏴᏫ ᎥᎬᏩᎷᏤᎸᎩ; ᎤᏪᏅᏃ ᏑᏪᏲᏅᎩ.
3. ᏗᏃᏪᎵᏍᎩᏃ ᎠᎴ ᎠᏂᏆᎵᏏ ᎬᏩᏘᏃᎮᎸᎩ ᎠᎨᏴ ᎠᏓᏲᏁᎲ ᎠᏥᏂᏴᏛ; ᎠᏰᎵᏃ ᎤᏂᎧᏅ,
4. ᎯᎠ ᏂᎬᏩᏪᏎᎸᎩ; ᏔᏕᏲᎲᏍᎩ, ᎯᎠ ᎠᎨᏴ ᎠᏓᏲᏁᎲ ᏕᎦᏅᎬᎢ ᎠᏥᏂᏴᎲᎩ.
5. Ꭷ, ᎼᏏ ᎣᎩᏁᏤᎸᎩ ᏗᎧᎿᎭᏩᏛᏍᏗᏱ ᎾᏍᎩ ᎢᏳᎾᏍᏗ ᏅᏯ ᏗᎨᎬᏂᏍᏙᏗᏱ; ᎠᏎᏃ ᏂᎯ ᎦᏙ ᎭᏗᎭ?
6. ᎾᏍᎩ ᎯᎠ ᏄᏂᏪᏒᎩ ᎠᏂᏌᏛᎥᏍᎬᎩ, ᎤᏄᎯᏍᏙᏗᏱᏉ ᎤᏂᏰᎸᏒᎩ. ᎠᏎᏃ ᏥᏌ ᎤᏗᏌᏓᏛᎩ, ᎦᏰᏌᏛᏃ ᎤᏩᏔᏅᎩ ᎤᏬᏪᎳᏅᎩ ᎦᏙᎯ.
7. ᎠᏏᏉᏃ ᎠᏂᏱᎵᏒ ᎬᏩᏛᏛᎲᏍᎬ ᎤᏓᏥᏃᎯᏍᏔᏅᎩ ᎯᎠ ᏂᏚᏪᏎᎸᎩ; ᎩᎶ ᎤᏓᏑᏰᏍᏗ ᎤᏍᎦᏅᏨᎯ ᏂᎨᏒᎾ ᎾᏍᎩ ᎢᎬᏱ ᏫᏓᏓᎴᏅᏓ ᏅᏯ ᏫᎬᏂᏍᏓ.
8. ᏔᎵᏁᏃ ᎤᏗᏌᏓᏛ, ᎦᏙᎯ ᎤᏬᏪᎳᏅᎩ.
9. ᎾᏍᎩᏃ ᎤᎾᏛᎦᏅ, ᎠᎴ ᏧᎾᏓᏅᏙ ᎬᏩᏄᎯᏍᏔᏅ, ᎤᏂᏄᎪᏨᎩ ᏌᏉ ᎤᏛᏂᏛ ᎤᏓᏂᎵᎨ ᏚᏓᎴᏅᏔᏅᎩ, ᎣᏂᏱ ᏫᎬᏩᏛᏅᎩ; ᏥᏌᏃ ᎤᏩᏒ ᏄᎵᏍᏔᏅᎩ, ᎠᎨᏴᏃ ᎠᏰᎵ ᎦᏙᎬᎩ.
10. ᏥᏌᏃ ᎤᏓᏥᏃᎯᏍᏔᏅ, ᎠᎴ ᎠᎨᏴᏉ ᎤᏩᏒ ᎤᎪᎲ, ᎯᎠ ᏄᏪᏎᎸᎩ; ᎯᎨᏴ, ᎭᏢ Ꮎ ᎨᏧᎯᏍᏗᏍᎩ? ᏝᏍᎪ ᎩᎶ ᏣᏍᎦᏅᏨᎢ ᏱᏕᎫᎪᏓ?
11. ᎯᎠ ᏄᏪᏒᎩ; ᎥᏝ ᎩᎶ, ᏣᎬᏫᏳᎯ. ᏥᏌᏃ ᎯᎠ ᏄᏪᏎᎸᎩ; ᎥᏝ ᎾᏍᏉ ᎠᏴ ᏣᏍᎦᏅᏨ ᏱᏗᎫᎪᏗᎭ. ᏥᎮᎾ, ᎠᎴ ᏞᏍᏗ ᎢᎸᎯᏳ ᎿᎭᏉ ᏱᏣᏍᎦᏅᏤᏍᏗ.
12. ᎠᎴᏬ ᏥᏐ ᏚᏬᏁᏔᏅᎩ, ᎯᎠ ᏂᏚᏪᏎᎸᎩ; ᎠᏴ ᎡᎶᎯ ᎢᎦ ᏥᏯᏘᏍᏓᏁᎯ; ᎩᎶ ᎠᎩᏍᏓᏩᏕᎨᏍᏗ ᎥᏝ ᎤᎵᏏᎬ ᏱᎦᏰᏙᎮᏍᏗ; ᎠᏛᏂᏗᏍᏙᏗᏍᎩᏂ ᎢᎦ ᎤᏤᎵᎦ ᎨᏎᏍᏗ.
13. ᎿᎭᏉᏃ ᎠᏂᏆᎵᏏ ᎯᎠ ᏅᎬᏩᏪᏎᎸᎩ; ᏨᏒᏉ ᎭᏓᏃᎮᎭ, ᎯᏃᎮᏍᎬ ᎥᏝ ᏳᏙᎯᏳᎭ.
14. ᏥᏌ ᎤᏁᏨᎩ, ᎯᎠ ᏂᏚᏪᏎᎸᎩ; ᎠᏋᏒᏉ ᎾᏍᏉ ᏱᎦᏓᏃᎮᎭ, ᎠᏎ ᏥᏃᎮᏍᎬ ᎤᏙᎯᏳᎭ; ᏥᎦᏔᎭᏰᏃ ᏗᏆᏓᎴᏅᎢ ᎠᎴ ᏫᏥᎦᏛᎢ. ᏂᎯᏍᎩᏂ ᎥᏝ ᏱᏥᎦᏔᎭ ᏗᏆᏓᎴᏅᎢ ᎠᎴ ᏫᏥᎦᏛᎢ.
15. ᏂᎯ ᏕᏧᎪᏗᏍᎪ ᎤᏇᏓᎵᏉ ᏧᏬᎪᏙᏗ ᎨᏒᎢ; ᎠᏴ ᎥᏝ ᎩᎶ ᏱᏗᏥᏳᎪᏓᏁᎰᎢ.
16. ᎠᏎᏃ ᎾᏍᏉ ᏱᏗᎫᎪᏗᎭ, ᏓᏇᎪᏔᏅ ᏑᏳᎪᏛ ᏱᎩ. ᎥᏝᏰᏃ ᎠᏋᏒᏉ ᏱᎩ, ᎠᎦᏴᎵᎨᏰᏃ ᏅᏛᎩᏅᏏᏛ ᎣᎩᎾᎵᎪᎭ.
17. ᎠᎴ ᎾᏍᏉ ᎪᏪᎳ ᏗᏥᎧᎿᎭᏩᏛᏍᏗᏱ ᎾᏍᎩ ᎠᏂᏔᎵ ᎤᏂᏃᎮᎸᎯ ᎨᏒ ᎤᏙᎯᏳᎯᏯ ᎨᏒᎢ.
18. ᎠᏴ ᎠᏋᏒ ᎦᏓᏃᎮᏍᎩ, ᎠᎦᏴᎵᎨᏃ ᏅᏛᎩᏅᏏᏛ ᎾᏍᏉ ᎠᏴ ᎠᎩᏃᎮᎭ.
19. ᎿᎭᏉ ᎯᎠ ᏅᎬᏩᏪᏎᎸᎩ, ᎭᏢ ᏣᏙᏓ? ᏥᏌ ᎯᎠ ᏂᏚᏪᏎᎸᎩ; ᎥᏝ ᎠᏴ ᏱᏍᎩᎦᏔᎭ, ᎠᎴ ᎥᏝ ᏰᏥᎦᏔᎭ ᎡᏙᏓ. ᎢᏳᏃ ᎠᏴ ᏱᏍᎩᎦᏔᎮᎢ, ᎾᏍᏉ ᏰᏥᎦᏔᎮ ᎡᏙᏓ.
20. ᎾᏍᎩ ᎯᎠ ᏄᏪᏒᎩ ᏥᏌ ᎠᏕᎸ ᏗᏍᏆᏂᎪᏗᏱ, ᎾᎯᏳ ᏓᏕᏲᎲᏍᎬ ᎤᏛᎤ-ᏗᎦᎳᏫᎢᏍᏗᏱ; ᎠᎴ ᎥᏝ ᎩᎶ ᏳᏂᏴᎮᎢ, ᎥᏝᏰᏃ ᎠᏏ ᏳᏍᏆᎸᎡᎮᎢ.
21. ᎿᎭᏉᏃ ᏥᏌ ᏔᎵᏁ ᎯᎠ ᏂᏚᏪᏎᎸᎩ; ᏓᎦᏓᏅᏏ, ᏂᎯᏃ ᏍᎩᏲᎮᏍᏗ, ᎠᎴ ᎠᏎ ᎠᏍᎦᏂ ᎨᏒ ᏙᏓᏥᏲᎱᏏ, ᎠᎴ ᏫᏥᎦᏛ ᎥᏝ ᏫᏴᎨᏥᎷᎩ.
22. ᎿᎭᏉᏃ ᎠᏂᏧᏏ ᎯᎠ ᏄᏂᏪᏒᎩ, ᏥᎪ ᎤᏩᏒ ᏛᏓᎵ? ᎯᎠ ᏥᏂᎦᏪᎭ; ᏫᏥᎦᏛ ᎥᏝ ᏫᏴᎨᏥᎷᎩ.
23. ᎯᎠᏃ ᏂᏚᏪᏎᎸᎩ; ᏂᎯ ᎡᎳᏗ ᎢᏣᏓᎴᏅᎯ; ᎠᏴ ᎦᎸᎳᏗ ᏅᏛᏆᏓᎴᏅᎯ. ᏂᎯ ᎠᏂ ᎡᎶᎯ ᎢᏣᏓᎴᏅᎯ; ᎠᏴ ᎥᏝ ᎠᏂ ᎡᎶᎯ ᎠᏆᏓᎴᏅᎯ ᏱᎩ.
24. ᎾᏍᎩ ᎢᏳᏍᏗ ᎯᎠ ᏂᏨᏪᏏ; ᎠᏎ ᎨᏥᏍᎦᏂᏉ ᎨᏒ ᏙᏓᏥᏲᎱᏏ; ᎢᏳᏰᏃ ᏂᏦᎯᏳᎲᏍᎬᎾ ᎢᎨᏎᏍᏗ ᎠᏴ ᎾᏍᎩ ᎨᏒᎢ, ᎠᏎ ᎨᏥᏍᎦᏂ ᎨᏒ ᏙᏓᏥᏲᎱᏏ.
25. ᎿᎭᏉᏃ ᎯᎠ ᏅᎬᏩᏪᏎᎸᎩ; ᎦᎪᏂᎯ? ᏥᏌᏃ ᎯᎠ ᏂᏚᏪᏎᎸᎩ; ᎾᏍᎩᏉ ᏥᏨᏲᏎᎰᎢ, ᎤᏙᎯᏳᎯᏯ ᎾᏍᎩᏉ.
26. ᎤᏣᏘ ᎪᎱᏍᏗ ᎠᎩᎭ ᎢᏨᏲᏎᏗ, ᎠᎴ ᏗᏨᏳᎪᏓᏁᏗ; ᎠᏎᏃ ᏅᏛᎩᏅᏏᏛ ᏚᏳᎪᏛᎢ; ᎠᏴᏃ ᎡᎶᎯ ᏥᏃᎮᎮᎭ ᎾᏍᎩ ᏄᏍᏛ ᏥᏯᏛᎦᏁᎸᎢ.
27. ᎥᏝ ᏳᏃᎵᏤ ᎠᎦᏴᎵᎨ ᎦᏛᎬ ᎾᏍᎩ ᏕᎦᏬᏁᏗᏍᎬᎢ.
28. ᎾᏍᎩ ᎢᏳᏍᏗ ᏥᏌ ᎯᎠ ᏂᏚᏪᏎᎸᎩ; ᏴᏫ ᎤᏪᏥ ᎡᏥᏌᎳᏓᏅᎭ, ᎿᎭᏉ ᏓᏣᏙᎴᎰᏏ ᎠᏴ ᎾᏍᎩ ᎨᏒᎢ, ᎠᎴ ᎠᏋᏒᏉ ᎠᏆᏓᏅᏖᏛ ᎪᎱᏍᏗ ᏂᏓᎩᎸᏫᏍᏓᏁᎲᎾ ᎨᏒᎢ, ᎡᏙᏓᏉᏍᎩᏂ ᎠᏇᏲᏅ ᎾᏍᎩ ᏥᏃᎮᏍᎬᎢ.
29. ᏅᏛᎩᏅᏏᏛ ᎣᎩᎾᎵᎪᎭ; ᎠᎦᏴᎵᎨ ᎥᏝ ᏯᏋᏕᏨ, ᏂᎪᎯᎸᏰᏃ ᏓᎩᎸᏫᏍᏓᏁᎰ ᎣᏍᏛ ᎤᏰᎸᏗ.
30. ᎠᏏᏉ ᎾᏍᎩ ᎯᎠ ᏂᎦᏪᏍᎬᎩ, ᎤᏂᏣᏛ ᎬᏬᎯᏳᏅᎩ.
31. ᎿᎭᏉ ᏥᏌ ᎯᎠ ᏂᏚᏪᏎᎸᎩ ᎠᏂᏧᏏ ᎬᏬᎯᏳᎲᏍᎩ; ᎢᏳᏃ ᏕᏥᎧᎿᎭᏩᏗᏎᏍᏗ ᎠᎩᏁᏨᎢ, ᎤᏙᎯᏳᎯᏯ ᏍᎩᏍᏓᏩᏗᏙᎯ ᎨᏎᏍᏗ.
32. ᎠᎴ ᏓᏥᎦᏙᎥᏏ ᏚᏳᎪᏛᎢ, ᏚᏳᎪᏛᏃ ᏂᏕᏥᎾᏝᎥᎾ ᏅᏓᏨᏁᎵ.
33. ᎬᏩᏁᏤᎸ ᎯᎠ ᏂᎬᏩᏪᏎᎸᎩ; ᎠᏴ ᎡᏆᎭᎻ ᎤᏁᏢᏔᏅᏛ, ᎠᎴ ᎥᏝ ᎢᎸᎯᏳ ᎩᎶ ᏱᏙᎩᎾᏢᏃᎢ, ᎦᏙᏃ ᏂᏕᏥᎾᏝᎥᎾ ᏅᏓᏰᏨᏁᎵ, ᏣᏗᎭ?
34. ᏥᏌ ᏚᏁᏤᎸ ᎯᎠ ᏂᏚᏪᏎᎸᎩ; ᎤᏙᎯᏳᎯᏯ ᎤᏙᎯᏳᎯᏯ ᎯᎠ ᏂᏨᏪᏎᎭ; ᎩᎶ ᏣᏍᎦᏅᎪᎢ ᎠᏍᎦᏂ ᎤᎾᏝᎢ ᎨᏐᎢ.
35. ᎠᏥᎾᏝᎢᏃ ᎥᏝ ᎠᏓᏁᎸ ᏂᎪᎯᎸ ᎡᎯ ᏱᎨᏐᎢ; ᎠᎦᏅᎩᏍᎩᏂ ᏂᎪᎯᎸ ᎡᎰᎢ.
36. ᎾᏍᎩ ᎢᏳᏍᏗ ᎢᏳᏃ ᎠᎦᏅᎩ ᏂᏕᏥᎾᏝᎥᎾ ᏱᏂᏨᏁᎸ ᎤᏙᎯᏳᏒ ᏂᏕᏥᎾᏝᎥᎾ ᏱᎩ.
37. ᏥᎦᏔᎭ ᏂᎯ ᎡᏆᎭᎻ ᎤᏁᏢᏔᏅᏛ ᎨᏒᎢ; ᎠᏎᏃ ᎢᏣᏚᎵ ᏍᎩᎢᏍᏗᏱ, ᏅᏗᎦᎵᏍᏙᏗᎭ ᏥᏁᎬ ᏕᏣᏓᏅᏛ ᏫᎾᏴᎯᎲᎾ ᎨᏒᎢ.
38. ᏄᏍᏛ ᎠᎩᎪᎲ ᎡᏙᏙᏱ ᎾᏍᎩ ᏥᏁᎪᎢ; ᏂᎯᏃ ᏄᏍᏛ ᎢᏥᎪᎲ ᎢᏥᏙᏙᏱ ᎾᏍᎩ ᏂᏣᏛᏁᎰᎢ.
39. ᎤᏂᏁᏨ ᎯᎠ ᏅᎬᏩᏪᏎᎸᎩ; ᎡᏆᎭᎻ ᎣᎩᏙᏓ. ᏥᏌ ᎯᎠ ᏂᏚᏪᏎᎸᎩ; ᎢᏳᏃ ᏂᎯ ᎡᏆᎭᎻ ᏧᏪᏥ ᏱᎩ, ᎡᏆᎭᎻ ᏧᎸᏫᏍᏓᏁᏗ ᎨᏒ ᏱᏗᏥᎸᏫᏍᏓᏁᎭ.
40. ᎠᏎᏃ ᎢᏣᏚᎵ ᏍᎩᎢᏍᏗᏱ ᎠᏴ ᏚᏳᎪᏛ ᎢᏨᏃᏁᎸᎯ, ᎾᏍᎩ ᎤᏁᎳᏅᎯ ᏥᏯᏛᎦᏁᎸᎯ ᎨᏒᎢ; ᎥᏝ ᎾᏍᎩ ᏱᎾᏛᏁᎮ ᎡᏆᎭᎻ.
41. ᎢᏥᏙᏓ ᏧᎸᏫᏍᏓᏁᏗ ᎨᏒ ᏕᏥᎸᏫᏍᏓᏁᎰᎢ. ᎿᎭᏉᏃ ᎯᎠ ᏅᎬᏩᏪᏎᎸᎩ; ᎥᏝ ᎤᏕᎵᏛ ᏗᏂᏏᏅᎯ ᎣᎩᎾᏄᎪᏨᎯ ᏱᎩ; ᏌᏉ ᎡᎭ ᎣᎩᏙᏓ-ᎾᏍᎩ ᎤᏁᎳᏅᎯ.
42. ᏥᏌ ᎯᎠ ᏂᏚᏪᏎᎸᎩ; ᎢᏳᏃ ᎤᏁᎳᏅᎯ ᎢᏥᏙᏓ ᏱᎩ, ᏍᎩᎨᏳᎢᏳ ᏱᎩ; ᎤᏁᎳᏅᎯᏱᏰᏃ ᏗᏆᏓᎴᏅ ᎠᎩᎷᏥᎸ; ᎠᎴ ᎥᏝ ᎠᏋᏒᏉ ᎠᏆᏓᏅᏖᏛᏯᎩᎷᏥᎸ, ᏗᎩᏅᏒᏍᎩᏂ.
43. ᎦᏙᏃ Ꮭ ᏱᏦᎵᎦ ᏥᏬᏂᏍᎬᎢ? ᏅᏗᎦᎵᏍᏙᏗᏍᎩᏂ ᏥᏁᎬ ᏰᎵ ᎨᏣᏛᎪᏗ ᏂᎨᏒᎾ ᎨᏒᎢ.
44. ᎢᏥᏙᏓ ᎠᏍᎩᎾ ᏅᏓᏣᏓᎴᏅᎯ ᏂᎯ, ᎠᎴ ᎢᏥᏙᏓ ᎤᏲ ᏚᎸᏫᏍᏓᏁᎲ ᎢᏣᏛᏁᏗᏱ ᎢᏣᏚᎵᎭ. ᎾᏍᎩ ᏴᏫ ᏗᎯᎯ ᏂᎨᏐ ᏗᏓᎴᏂᏍᎬᎢ, ᎠᎴ ᎤᏙᎯᏳᎯ ᎨᏒ ᎥᏝ ᏱᏚᎧᎿᎭᏩᏛᏎᎢ, ᎥᏝᏰᏃ ᎤᏙᎯᏳᎯ ᎨᏒ ᏳᏪᎭ. ᎦᏰᎪᎩ ᎧᏁᎩ ᎤᏤᎵᎦᏉ ᎧᏁᎪᎢ; ᎦᏰᎪᎩᏰᏃ ᎾᏍᎩ, ᎠᎴ ᎤᎦᏴᎵᎨ ᎦᏰᎪᎩ ᎨᏒᎢ.
45. ᎠᏎᏃ ᏚᏳᎪᏛ ᏥᏁᎬ ᏅᏗᎦᎵᏍᏙᏗᎭ ᎥᏝ ᏱᏍᎩᏲᎢᏳᎲᏍᎦ.
46. ᎦᎪ ᎤᏓᏑᏯ ᎯᎠ ᏥᏂᏣᏛᏅ ᎬᏂᎨᏒ ᎢᎬᏩᏁᏗ ᎠᎩᏍᎦᏅᏨᎯ ᎨᏒᎢ? ᎢᏳᏃ ᏚᏳᎪᏛ ᏱᏥᏁᎦ, ᎦᏙᏃ Ꮭ ᏱᏍᎩᏲᎢᏳᎲᏍᎦ?
47. ᎾᏍᎩ ᎤᏁᎳᏅᎯ ᏅᏓᏳᏓᎴᏅᎯ ᎨᏒ ᎾᏍᎩ ᎠᏛᎩᏍᎪ ᎤᏁᎳᏅᎯ ᎧᏁᎬᎢ; ᏂᎯ ᏂᏣᏛᎩᏍᎬᎾ ᏥᎩ ᏅᏗᎦᎵᏍᏙᏗ ᎤᏁᎳᏅᎯ ᏅᏓᏣᏓᎴᏅᎯ ᏂᎨᏒᎾ ᎨᏒᎢ.
48. ᎿᎭᏉᏃ ᎠᏂᏧᏏ ᎤᏂᏁᏨᎩ, ᎯᎠ ᏄᏂᏪᏎᎸᎩ; ᏝᏍᎪ ᏚᏳᎪᏛ ᏲᏥᏁᎦ, ᏌᎺᎵᏱ ᎮᎯ ᎠᎴ ᎠᏍᎩᎾ ᏣᏯᎢ, ᏥᏨᏲᏎᎭ?
49. ᏥᏌ ᎯᎠ ᏂᏚᏪᏎᎸᎩ; ᎥᏝ ᎠᏍᎩᎾ ᏯᎩᏯᎠ, ᏥᎸᏉᏗᏉᏍᎩᏂ ᎡᏙᏓ; ᏂᎯᏃ ᎠᏴ ᎨᏍᎩᏐᏢᎢᏍᏗᎭ.
50. ᎠᏎᏃ ᎥᏝ ᏯᎩᏲᎭ ᎠᏋᏒ ᎥᎩᎸᏉᏗᏱ; ᎡᎭ ᎤᏲᎯ ᎠᎴ ᏗᎫᎪᏗᏍᎩ.
51. ᎤᏙᎯᏳᎯᏯ ᎤᏙᎯᏳᎯᏯ ᎯᎠ ᏂᏨᏪᏎᎭ, ᎢᏳᏃ ᎩᎶ ᎠᏍᏆᏂᎪᏗᏍᎨᏍᏗ ᏥᏁᎬᎢ, ᎾᏍᎩ ᎥᏝ ᎢᎸᎯᏳ ᎠᏲᎱᎯᏍᏗ ᎨᏒ ᎤᎪᏩᏛᏗ ᏱᎨᏎᏍᏗ.
52. ᎿᎭᏉᏃ ᎠᏂᏧᏏ ᎯᎠ ᏅᎬᏩᏪᏎᎸᎩ; ᎿᎭᏉ ᎣᏣᏙᎴᎰᎯ ᎠᏍᎩᎾ ᏣᏯᎥᎢ. ᎡᏆᎭᎻ ᎤᏲᎱᏒ, ᎠᎴ ᎠᎾᏙᎴᎰᏍᎩ, ᏂᎯᏃ ᎯᎠ ᏂᎯᏪᎭ; ᎢᏳᏃ ᎩᎶ ᎠᏍᏆᏂᎪᏗᏍᎨᏍᏗ ᏥᏁᎬᎢ, ᎾᏍᎩ ᎥᏝ ᎢᎸᎯᏳ ᎠᏲᎱᎯᏍᏗ ᎨᏒ ᎤᏙᎴᎰᏍᏗ ᏱᎨᏎᏍᏗ.
53. ᏥᎪ ᏂᎯ ᎤᏟ ᎡᏣᎸᏉᏗᏳ ᎡᏍᎦᏉ ᎡᏆᎭᎻ ᎣᎩᏙᏓ, ᏧᏲᎱᏒ? ᎠᎴ ᎾᏍᏉ ᎠᎾᏙᎴᎰᏍᎩ ᏚᏂᏲᎱᏒ. ᎦᎪ ᏂᎯ ᎭᏤᎸᏍᎦ?
54. ᏥᏌ ᎯᎠ ᏂᏚᏪᏎᎸᎩ; ᎢᏳᏃ ᎠᏋᏒ ᏱᎦᏓᎸᏉᏗᎭ, ᎥᎩᎸᏉᏗᏳ ᎠᏎᏉᏉ ᏱᎩ; ᎡᏙᏓᏍᎩᏂ ᎠᎩᎸᏉᏗᏍᎩ, ᎾᏍᎩ ᎠᏴ ᎣᎦᏁᎳᏅᎯ ᏥᏣᏗᎭ.
55. ᎠᏎᏃ ᎥᏝ ᏰᏥᎦᏔᎭ, ᎠᏴᏍᎩᏂ ᏥᎦᏔᎭ; ᎢᏳᏃ ᎥᏝ ᏱᏥᎦᏔᎭ ᏱᏚᏗᎭ ᏥᏰᎪᎩᏉ ᏱᎩ, ᏂᎯ ᏥᏂᏣᏍᏗ ᎾᏍᎩᏯᎢ; ᎠᏎᏃ ᏥᎦᏔᎭ, ᎠᎴ ᎤᏁᏨ ᎠᎩᏍᏆᏂᎪᏗ.
56. ᎢᏥᏙᏓ ᎡᏆᎭᎻ ᎠᎵᎮᎵᏍᏗ ᎤᏚᎩ ᎤᏩᏒ ᎤᎪᏩᏛᏗᏱ ᎪᎯ ᎨᏒ ᎠᏴ ᎨᎥᎢ, ᎠᎴ ᎤᎪᎲᎩ ᎠᎴ ᎣᏏᏳ ᎤᏓᏅᏓᏛᎩ.
57. ᎿᎭᏉᏃ ᎠᏂᏧᏏ ᎯᎠ ᏅᎬᏪᏎᎸᎩ; ᎥᏝ ᎠᏏ ᎯᏍᎩᏍᎪᎯ ᎢᏣᏕᏘᏴᏛ ᏱᎩ; ᏥᏌᏃ ᎯᎪᎥᎯ ᎢᎩ ᎡᏆᎭᎻ?
58. ᏥᏌ ᎯᎠ ᏂᏚᏪᏎᎸᎩ; ᎤᏙᎯᏳᎯᏯ ᎤᏙᎯᏳᎯᏯ ᎯᎠ ᏂᏨᏪᏎᎭ; ᎠᏏᏉ ᎡᏆᎭᎻ ᏁᎲᎾ ᏥᎨᏒᎩ, ᎠᏴ ᏂᎨᎣᎢ.
59. ᎿᎭᏉᏃ ᏅᏯ ᏚᏂᎩᏒᎩ, ᏗᎬᏩᏂᏍᏙᏗ, ᎠᏎᏃ ᏥᏌ ᎤᏗᏍᎦᎳᏅᎩ, ᎠᎴ ᎤᏛᏅ-ᏗᎦᎳᏫᎢᏍᏗᏱ ᎤᏄᎪᏨᎩ, ᎠᏰᎵ ᎠᏂᏙᎾᎥ ᎤᎦᏛᎴᏒᏍᏔᏅᎩ, ᎠᎴ ᎤᎶᏐᏅᎩ.

== John 9 ==
1. [ᏥᏌᏃ] ᎤᎶᏒ ᎤᎪᎲᎩ ᎠᏍᎦᏯ, ᎾᏍᎩ ᏗᎨᏫ ᏂᎨᏎ ᎤᏕᏅ.
2. ᎬᏩᏍᏓᏩᏗᏙᎯᏃ ᎬᏩᏛᏛᏅᎩ, ᎯᎠ ᏄᏂᏪᏒᎩ; ᏔᏕᏲᎲᏍᎩ, ᎦᎪ ᎤᏍᎦᏅᏤᎢ, ᎯᎠᏍᎪ, ᏧᎦᏴᎵᎨᎢᎨ, ᏗᎨᏫ ᏧᏕᏁᎢ?
3. ᏥᏌ ᎯᎠ ᏂᏚᏪᏎᎸᎩ; ᎥᏝ ᎯᎠ ᏳᏍᎦᏅᏨ, ᎥᏝ ᎠᎴ ᏧᎦᏴᎵᎨᎢ; ᎤᏁᎳᏅᎯᏉᏍᎩᏂ ᏧᎸᏫᏍᏓᏁᏗ ᎨᏒ ᎬᏂᎨᏒ ᎢᏳᎵᏍᏙᏗᏱ ᎾᏍᎩ ᎠᎬᏗᏍᎬᎢ.
4. ᎠᏎ ᏗᎩᎸᏫᏍᏓᏁᏗ ᏅᏛᎩᏅᏏᏛ ᏧᎸᏫᏍᏓᏁᏗ ᎨᏒ ᎠᏏᏉ ᎢᎦ ᏥᎩ; ᏒᏃᏱ ᏓᏯᎢ, ᎾᎯᏳ ᏰᎵ ᎩᎶ ᏗᎬᏩᎸᏫᏍᏓᏁᏗ ᏂᎨᏒᎾ.
5. ᏂᎪᎯᎸ ᎡᎶᎯ ᎨᏙᎲᎢ, ᎠᏴ ᎡᎶᎯ ᎢᎦ ᎦᏥᏯᏘᏍᏓᏁᎯ.
6. ᎾᏍᎩ ᏄᏪᏒ ᎦᏙᎯ ᎤᎵᏥᏍᏋᎩ, ᎠᎴ ᎾᏍᎩ ᏝᏬᏔ ᎤᏬᏢᏔᏅᎩ ᎤᎵᏥᏍᏋᎯ, ᎠᎴ ᎾᏍᎩ ᏝᏬᏔ ᏚᏅᎵᏰᏓᏁᎸᎩ ᏗᎨᏫ ᏗᎦᏙᎵ,
7. ᎠᎴ ᎯᎠ ᏄᏪᏎᎸᎩ; ᎮᎾ ᏩᏙᏑᎵ ᏌᎶᎻ ᏨᏓᎸᎢ,—ᎾᏍᎩ ᎠᏁᏢᏔᏅᎯ ᎠᏥᏅᏏᏛ ᎦᏛᎦ. ᎤᏪᏅᏒᎩᏃ ᎠᎴ ᏭᏙᏑᎴᎥᎩ, ᎤᎷᏨᏃ ᎠᎪᏩᏘᏍᎬᎩ.
8. ᎿᎭᏉᏃ Ꮎ ᎾᎥ ᏗᏂᏁᎳ, ᎠᎴ ᎤᏂᎪᎯᏙᎸᎯ ᏗᎨᏫ ᎨᏒᎢ, ᎯᎠ ᏄᏂᏪᏒᎩ; ᏝᏍᎪ ᎯᎠ ᎾᏍᎩ ᏱᎩ Ꮎ ᏧᏬᎸ ᎠᎴ ᏣᏚᎳᏗᏍᎬᎩ?
9. ᎢᎦᏛ, ᎾᏍᎩ, ᎤᎾᏛᏅᎩ; ᎢᎦᏛᏃ, ᏓᎾᏤᎸ ᎤᎾᏛᏅᎩ. ᎤᏩᏒᏍᎩᏂ, ᎠᏴ ᎾᏍᎩ, ᎤᏛᏅᎩ.
10. ᎿᎭᏉᏃ ᎯᎠ ᏅᎬᏩᏪᏎᎸᎩ, ᎦᏙ ᎤᎵᏍᏙᏔᏁ ᏘᎦᏙᎵ ᏚᎵᏍᏚᎢᏎᎢ?
11. ᎤᏁᏨ ᎯᎠ ᏄᏪᏒᎩ; ᎠᏍᎦᏯ ᏥᏌ ᏥᏚᏙᎥ ᏝᏬᏔ ᎤᏬᏢᏅᎩ, ᎠᎴ ᏚᏅᎵᏰᎥ ᏗᏥᎦᏙᎵ; ᎯᎠᏃ ᎾᎩᏪᏎᎸᎩ; ᏌᎶᎻ ᏨᏓᎸᎢ ᎮᎾ ᎠᎴ ᏩᏙᏑᎵ; ᎠᏇᏅᏃ ᎠᎴ ᏩᏆᏙᏑᎴᎢ ᏰᎵ ᎬᎩᎪᏩᏛᏗ ᏄᎵᏍᏔᏅᎩ.
12. ᎿᎭᏉᏃ ᎯᎠ ᏅᎬᏩᏪᏎᎸᎩ; ᎭᏢ ᎡᏙᎭ? ᎥᏝ ᏱᏥᎦᏔᎭ, ᏅᏛᏅᎩ.
13. ᎠᏂᏆᎵᏏ ᏚᎾᏘᏃᎮᎸ ᎾᏍᎩ ᏗᎨᏫ ᎢᏳᎵᏍᏔᏅᎯ.
14. ᎤᎾᏙᏓᏆᏍᎬᏃ ᎢᎦ ᎨᏒᎩ ᏥᏌ ᏝᏬᏔ ᎤᏬᏢᏅ ᎠᎴ ᏗᎦᏙᎵ ᏚᏍᏚᎢᏒ.
15. ᎠᎴ ᎿᎭᏉ ᎠᏂᏆᎵᏏ ᎾᏍᏉ ᎥᎬᏩᏛᏛᏅᎩ ᏄᎵᏍᏙᏔᏅ ᎬᏩᎪᏩᏛᏗ ᏄᎵᏍᏔᏅᎢ. ᎯᎠᏃ ᏂᏚᏪᏎᎸᎩ; ᏗᏥᎦᏙᎵ ᏝᏬᏔ ᏚᏅᎵᏰᎥᎩ, ᎠᏆᏙᏑᎴᎥᎩᏃ ᎠᎴ ᎢᏥᎪᏩᏘᎭ.
16. ᎿᎭᏉᏃ ᎢᎦᏛ ᎠᏂᏆᎵᏏ ᎯᎠ ᏄᏂᏪᏒᎩ; ᎾᏍᎩ ᎯᎠ ᎠᏍᎦᏯ ᎥᏝ ᎤᏁᎳᏅᎯ ᏅᏓᏳᏓᎴᏅᎯ ᏱᎩ, ᏝᏰᏃ ᏯᏍᏆᏂᎪᏗᎭ ᎤᎾᏙᏓᏆᏍᎬᎢ. ᎢᎦᏛᏃ ᎯᎠ ᏄᏂᏪᏒᎩ; ᎦᏙ ᏱᎦᎵᏍᏙᏓ ᏴᏫ ᎠᏍᎦᎾᎢ ᎾᏍᎩ ᎢᏳᏍᏗ ᎤᏍᏆᏂᎪᏗ ᏱᏚᎸᏫᏍᏓᏏ? ᏔᎵᏃ ᏄᎾᏓᏛᎩ.
17. ᏔᎵᏁᏃ ᎯᎠ ᏄᏂᏪᏎᎸᎩ ᏗᎨᏫ; ᎦᏙ ᏂᎯ ᎭᏗᎭ ᎾᏍᎩ ᎯᏃᎮᏍᎬᎢ ᏥᏕᏣᏍᏚᎢᎡᎸ ᏘᎦᏙᎵ? ᎠᏙᎴᎰᏍᎩ, ᎤᏛᏅᎩ.
18. ᎠᏎᏃ ᎠᏂᏧᏏ ᎥᏝ ᏯᏃᎯᏳᎲᏍᎨ ᏗᎨᏫ ᎢᏳᎵᏍᏔᏅᎯ ᎨᏒ ᎠᎴ ᎬᏩᎪᏩᏛᏗ ᏄᎵᏍᏔᏅᎢ, ᎬᏂ ᏫᏚᏂᏯᏅᎲ ᏧᎦᏴᎵᎨ ᎾᏍᎩ Ꮎ ᎬᏩᎪᏩᏛᏗ ᎢᏳᎵᏍᏓᏁᎸᎯ.
19. ᏚᎾᏛᏛᏅᎩᏃ, ᎾᏍᎩ ᎯᎠ ᏄᏂᏪᏒᎩ; ᎯᎠᏍᎪ ᏂᎯ ᎢᏍᏕᏥ, ᎾᏍᎩ ᏗᎨᏫ ᎤᏕᏅᎩ ᏥᏍᏓᏗᎭ? ᎦᏙᏃ ᎤᎵᏍᏙᏔᏅ ᎪᎯ ᏣᎪᏩᏘᎭ?
20. ᏧᎦᏴᎵᎨ ᏚᏂᏁᏤᎸ ᎯᎠ ᏂᏚᏂᏪᏎᎸᎩ; ᎣᏍᏗᎦᏔᎭ ᎯᎠ ᎣᎩᏁᏥ ᎨᏒᎢ, ᎠᎴ ᏗᎨᏫ ᎤᏕᏅᎢ;
21. ᎠᏎᏃ ᏅᏧᎵᏍᏙᏔᏅᎢ ᎪᎯ ᏣᎪᏩᏘᎭ ᎥᏝ ᏲᏍᏗᎦᏔᎭ; ᎠᎴ ᎠᏴ ᎥᏝ ᏲᏍᏗᎦᏔᎭ ᎾᏍᎩ Ꮎ ᏧᏍᏚᎢᎡᎸᎯ ᎨᏒ ᏗᎦᏙᎵ. ᎿᎭᏉ ᎠᏗᏃᎾ ᎤᏛᎾ, ᎡᏣᏛᏛᎲᎦ, ᎤᏩᏒ ᏓᎧᏃᎮᎵ.
22. ᎾᏍᎩ ᏄᏂᏪᏒᎩ ᏧᎦᏴᎵᎨᎢ, ᏅᏓᎦᎵᏍᏙᏗᏍᎬᎩ ᏓᏂᏍᎦᎢᎲ ᎠᏂᏧᏏ; ᎦᏳᎳᏰᏃ ᎠᏂᏧᏏ ᏧᏄᎪᏔᏅᎯ ᎨᏒᎩ, ᎾᏍᎩ ᎢᏳ ᎩᎶ ᏳᏁᏨ ᎾᏍᎩ ᎦᎶᏁᏛ ᎨᏒ ᎠᏥᏄᎪᏫᏍᏗᏱ ᏗᎦᎳᏫᎢᏍᏗᏱ.
23. ᎾᏍᎩ ᏅᏓᏳᎵᏍᏙᏔᏅᎩ ᏧᎦᏴᎵᎨ ᎯᎠ ᏄᏂᏪᏒ; ᎿᎭᏉ ᎤᏛᎾ, ᎤᏩᏒ ᎡᏣᏛᏛᎲᎦ.
24. ᎿᎭᏉᏃ ᏔᎵᏁ ᏭᏂᏯᏅᎲᎩ ᎠᏍᎦᏯ ᏗᎨᏫ ᎢᏳᎵᏍᏔᏅᎯ; ᎯᎠᏃ ᏄᏂᏪᏎᎸᎩ; ᎯᎸᏉᏓ ᎤᏁᎳᏅᎯ, ᎠᏴ ᎣᏥᎦᏔᎭ ᎾᏍᎩ ᎯᎠ ᎠᏍᎦᏯ ᎠᏍᎦᎾ ᎨᏒᎢ.
25. ᎿᎭᏉᏃ ᎤᏁᏨᎩ ᎯᎠ ᏄᏪᏒᎩ; ᎢᏳᏃ ᎠᏍᎦᎾ ᏱᎩ ᎥᏝ ᏱᏥᎦᏔᎭ; ᏑᏓᎴᎩ ᏥᎦᏔᎭ; ᏗᏥᎨᏫ ᏥᎨᏒᎩ ᎿᎭᏉ ᎢᏥᎪᏩᏘᎭ.
26. ᎿᎭᏉᏃ ᏔᎵᏁ ᎯᎠ ᏄᏂᏪᏎᎸᎩ; ᎦᏙ ᏨᏁᎴ ᏕᏣᏍᏚᎢᎡᎴ ᏘᎦᏙᎵ?
27. ᎤᏁᏨ ᎯᎠ ᏂᏚᏪᏎᎸᎩ; ᎦᏳᎳ ᎢᏨᏃᏁᎸ, ᎠᏎᏃ ᎥᏝ ᏱᏣᏛᏓᏍᏔᏁᎢ; ᎦᏙᏃ ᎢᏣᏚᎵ ᏔᎵᏁ ᎢᏣᏛᎪᏗᏱ? ᎾᏍᏉᏍᎪ ᏂᎯ ᎢᏣᏚᎵᎭ ᎡᏥᏍᏓᏩᏗᏙᎯ ᎢᏣᎵᏍᏙᏗᏱ.
28. ᎿᎭᏉᏃ ᎦᎬᏩᏂᏐᏢᏔᏅᎩ, ᎠᎴ ᎯᎠ ᏄᏂᏪᏒᎩ; ᏂᎯ ᎾᏍᎩ ᎯᏍᏓᏩᏗᏙᎯ, ᎠᏴᏍᎩᏂ ᎼᏏ ᎣᏥᏍᏓᏩᏗᏙᎯ.
29. ᎣᏥᎦᏔᎭ ᎤᏁᎳᏅᎯ ᎼᏏ ᎤᏬᏁᏔᏅᎢ; ᎾᏍᎩᏂ ᎯᎠ ᎥᏝ ᏲᏥᎦᏔᎭᏧᏓᎴᏅᎢ.
30. ᎾᏍᎩ ᎠᏍᎦᏯ ᎤᏁᏨ ᎯᎠ ᏂᏚᏪᏎᎸᎩ; Ꮀ ᎤᏍᏆᏂᎪᏗᏳ ᎾᏍᎩ, ᏂᏥᎦᏔᎲᎾ ᏥᎩ ᏧᏓᎴᏅᎢ, ᎠᏃ ᏥᏓᎩᏍᏚᎢᎡᎸ ᏗᏥᎦᏙᎵ.
31. ᎢᏗᎦᏔᎭᏰᏃ ᎤᏁᎳᏅᎯ ᏂᏓᏛᎦᏁᎲᎾ ᎨᏒ ᎠᏂᏍᎦᎾᎢ, ᎢᏳᏍᎩᏂ ᎩᎶ ᎤᏁᎳᏅᎯ ᎠᏓᏙᎵᏍᏓᏁᎯ ᏱᎩ, ᎠᎴ ᎾᏍᎩ ᎠᏓᏅᏖᏍᎬ ᎢᏯᏛᏁᎯ ᏱᎩ, ᎾᏍᎩ ᎠᏛᎦᏁᎰᎢ.
32. ᎡᎶᎯ ᏧᏙᏢᏅ ᏅᏓᎬᏩᏓᎴᏅᏛ ᎥᏝ ᏱᎨᎦᏛᎦᏃ ᎩᎶ ᏚᏍᏚᎢᎡᎸ ᏗᎦᏙᎵ ᏗᎨᏫ ᎤᏕᏅᎯ.
33. ᎢᏳᏃ ᎯᎠ ᎾᏍᎩ ᎠᏍᎦᏯ ᎤᏁᎳᏅᎯ ᏅᏓᏳᏓᎴᏅᎯ ᏂᎨᏒᎾ ᏱᎩ, ᎥᏝ ᏰᎵ ᎪᎱᏍᏗ ᏱᏙᎬᏩᎸᏫᏍᏓᏏ.
34. ᎤᏂᏁᏨ ᎯᎠ ᏅᎬᏩᏪᏎᎸᎩ; ᏅᎲᎢ ᎠᏍᎦᏂ ᎨᏒ ᏣᏕᏅᎩ, ᏥᎪᏃ ᎠᏴ ᎢᏍᎩᏰᏲᎲᏍᎦ? ᎥᎬᏩᏄᎪᏫᏒᎩᏃ.
35. ᏥᏌ ᎤᏛᎦᏅᎩ ᎬᏩᏄᎪᏫᏒᎢ; ᎤᏩᏛᎲᏃ ᎯᎠ ᏄᏪᏎᎸᎩ; ᎯᏲᎢᏳᎲᏍᎦᏍᎪ ᎤᏁᎳᏅᎯ ᎤᏪᏥ?
36. ᎾᏍᎩ ᎤᏁᏨ ᎯᎠ ᏄᏪᏒᎩ; ᎦᎪ ᎾᏍᎩ, ᏣᎬᏫᏳᎯ, ᎾᏍᎩ ᏥᏲᎢᏳᏗᏱ?
37. ᏥᏌ ᎯᎠ ᏄᏪᏎᎸᎩ; ᎯᎪᎥᎯ, ᎠᎴ ᎾᏍᎩ Ꮎ ᏥᏣᎵᏃᎮᏗᎭ.
38. ᎯᎠᏃ ᏄᏪᏒᎩ; ᎪᎢᏳᎲᏍᎦ, ᏣᎬᏫᏳᎯ; ᎤᏓᏙᎵᏍᏓᏁᎸᎩᏃ.
39. ᏥᏌᏃ ᎯᎠ ᏄᏪᏒᎩ; ᏗᏬᎪᏙᏗᏱ ᎠᎩᏰᎸᎭ ᎡᎶᎯ ᎠᎩᎷᏥᎸ, ᎾᏍᎩ Ꮎ ᎾᏂᎪᏩᏘᏍᎬᎾ ᎤᏂᎪᏩᏛᏗᏱ, ᎠᎴ ᎾᏍᎩ Ꮎ ᎠᏂᎪᏩᏘᏍᎩ ᏗᏂᎨᏫ ᎢᏳᎾᎵᏍᏙᏗᏱ.
40. ᎠᏂᏆᎵᏏᏃ ᎡᏙᎲ ᎠᏁᏙᎯ ᎾᏍᎩ ᎤᎾᏛᎦᏅᎩ, ᎠᎴ ᎯᎠ ᏅᎬᏩᏪᏎᎸᎩ; ᏥᎪ ᎾᏍᏉ ᎠᏴ ᏦᏥᎨᏫ?
41. ᏥᏌ ᎯᎠ ᏂᏚᏪᏎᎸᎩ; ᎢᏳᏃ ᏗᏥᎨᏫ ᏱᎨᏎᎢ ᎥᏝ ᏱᎨᏥᏍᎦᏅᎨᎢ, ᎠᏎᏃ ᎣᏥᎪᏩᏘᎭ ᎢᏣᏗᎭ; ᎾᏍᎩ ᏅᏗᎦᎵᏍᏙᏗᎭ ᎢᏥᏍᎦᎾᎯᏳ ᎨᏒ ᎠᎵᏃᎯᏯᏍᎦ.

== John 10 ==
1. ᎤᏙᎯᏳᎯᏯ, ᎤᏙᎯᏳᎯᏯ ᎯᎠ ᏂᏨᏪᏎᎭ; ᎾᏍᎩ Ꮎ ᎦᎶᎯᏍᏗᏱ ᎠᏴᏍᏗᏍᎩ ᏂᎨᏒᎾ ᎠᏫ ᎤᏂᏃᏕᎾ ᎤᏂᏴᏍᏗᏱ, ᎤᏣᏘᏂᏉᏍᎩᏂ ᎦᎸᏍᏗᏍᎩ, ᎾᏍᎩ ᎦᏃᏍᎩᏍᎩ ᎠᎴ ᎠᏓᎾᏌᎲᏍᎩ.
2. ᎾᏍᎩᏍᎩᏂ Ꮎ ᎦᎶᎯᏍᏗᏱ ᎠᏴᏍᏗᏍᎩ ᎾᏍᎩ ᎠᏫ ᎤᏂᏃᏕᎾ ᏗᎦᏘᏯ.
3. ᎾᏍᎩ ᎦᎶᎯᏍᏗᏱ ᎠᎦᏘᏯ ᎤᏍᏚᎢᎡᎰᎢ, ᎠᎴ ᎠᏫ ᎠᎾᏛᎩᏍᎪ ᎧᏁᎬᎢ, ᎠᎴ ᏚᎾᏙᎥ ᏓᏯᏂᏍᎪ ᎠᏫ ᏧᏤᎵᎦ, ᎠᎴ ᏓᏘᏂᏒᏍᎩᏂ ᏕᎦᏄᎪᏫᏍᎪᎢ.
4. ᏕᎦᏄᎪᏩᏃ ᏧᏤᎵᎦ ᎠᏫ, ᎢᎬᏱ ᏓᎴᏁᎰᎢ, ᎠᎴ ᎠᏫ ᎬᏩᏍᏓᏩᏕᎪᎢ; ᎠᏃᎵᎪᏰᏃ ᎧᏁᎬᎢ;
5. ᏅᏩᏓᎴᏍᎩᏂ ᎥᏝ ᏴᎬᏂᏍᏓᏩᏚᎦ, ᎠᎾᎵᎡᎰᏉ, ᎥᏝᏰᏃ ᏯᏃᎵᎪ ᏅᏩᎾᏓᎴ ᎠᏂᏁᎬᎢ.
6. ᎾᏍᎩ ᎯᎠ ᏓᏟᎶᏍᏛ ᏥᏌ ᏚᏬᏁᏔᏅᎩ; ᎠᏎᏃ ᎥᏝ ᏳᏃᎵᏤ ᎾᏍᎩ ᏄᏍᏛ ᏚᏬᏁᏔᏅᎢ.
7. ᎿᎭᏉᏃ ᏔᎵᏁ ᏥᏌ ᎯᎠ ᏂᏚᏪᏎᎸᎩ; ᎤᏙᎯᏳᎯᏯ ᎤᏙᎯᏳᎯᏯ ᎯᎠ ᏂᏨᏪᏎᎭ, ᎠᏴ ᎦᎶᎯᏍᏗᏱ ᎠᏫ ᎤᎾᏤᎵᎦ.
8. ᏂᎦᏛ ᎢᎬᏱ ᎤᏂᎷᏨᎯ ᎠᏴ ᎣᏂ, ᎾᏍᎩ ᎠᏂᏃᏍᎩᏍᎩ ᎠᎴ ᎠᎾᏓᎾᏌᎲᏍᎩ. ᎠᏎᏃ ᎠᏫ ᎥᏝ ᏱᎬᏩᎾᏛᎦᏁᎴᎢ.
9. ᎦᎶᎯᏍᏗᏱ ᎠᏴ; ᎢᏳᏃ ᎩᎶ ᎠᏴ ᎠᎩᏴᏍᏗᏍᎨᏍᏗ, ᎠᏎ ᎠᏥᏍᏕᎸᏗ ᎨᏎᏍᏗ, ᎠᎴ ᎤᏴᏍᏗ ᎠᎴ ᎤᏄᎪᎢᏍᏗ ᎨᏎᏍᏗ, ᎠᎴ ᎤᏩᏛᏗ ᎨᏎᏍᏗ ᎦᏄᎸᏒᎢ.
10. ᎦᏃᏍᎩᏍᎩ ᎦᎷᎪᎢ, ᎤᏃᏍᎩᏍᏗᏱᏉ ᎠᎴ ᎤᏓᎯᏍᏗᏱᏉ ᎤᏰᎸᏐᎢ: ᎠᏴ ᎠᎩᎷᏥᎸ, ᎬᏂᏛ ᎤᎾᏤᎵᎦ ᎢᏳᎵᏍᏙᏗᏱ, ᎠᎴ ᎤᏣᏔᏅᎯ ᎤᎾᏤᎵᎦ ᎢᏨᎵᏍᏙᏗᏱ.
11. ᎠᏴ ᎠᏆᏓᏅᏘ ᎠᏫ-ᏗᏥᎦᏘᏯ. ᎤᏓᏅᏘ ᎠᏫ-ᏗᎦᏘᏯ ᎬᏅᎢ ᎡᎳᏗ ᏓᏁᎰ ᎠᏫ.
12. ᎠᏥᏅᏏᏛᏍᎩᏂ, ᎠᏫ-ᏗᎦᏘᏯ ᏂᎨᏒᎾ, ᎠᎴ ᎠᏫ ᏧᏤᎵᎦ ᏂᎨᏒᎾ, ᏩᏯ ᏣᎢᏒᎢ ᏩᎪᏩᏛ, ᏕᎬᏕᎪ ᎠᏫ ᎠᎴ ᎠᎵᏘᏍᎪᎢ; ᏩᏯᏃ ᏕᎦᏂᏱᏍᎪ ᎠᎴ ᏓᏗᎦᎴᏯᏍᎪ ᎠᏫ.
13. ᎠᏥᏅᏏᏛ ᎠᎵᏘᏍᎪᎢ ᏅᏗᎦᎵᏍᏙᏗᏍᎪ ᎠᏥᏅᏏᏛᏉ ᎨᏒᎢ.
14. ᎠᏴ ᎠᏆᏓᏅᏘ ᎠᏫ-ᏗᏥᎦᏘᏯ; ᎠᎴ ᏕᏥᎦᏔᎭ ᏗᏆᏤᎵᎦ, ᎠᎴ ᏗᏆᏤᎵᎦ ᎬᎩᎦᏔᎭ,
15. ᎾᏍᎩᏯ ᎠᎦᏴᎵᎨ ᏣᎩᎦᏔᎭ, ᎠᎴ ᎠᏴ ᎠᎦᏴᎵᎨ ᏥᏥᎦᏔᎭ. ᎠᎴ ᎬᏅ ᎡᎳᏗ ᏕᏥᏁᎭ ᎠᏫ.
16. ᎠᎴ ᏄᎾᏓᎴ ᎠᏫ ᏓᎩᎧᎭ, ᎾᏍᎩ ᎥᏝ ᎯᎠ ᎤᏂᏴᏍᏗᏱ ᏯᏂᏯᎠ; ᎾᏍᎩ ᎾᏍᏉ ᎠᏎ ᏙᏓᎦᏘᏃᎵ, ᎠᎴ ᏛᎾᏛᎦᏂ ᏥᏁᎬᎢ; ᎠᎴ ᏑᎾᏓᏡᎩ ᏅᏛᎾᎵᏍᏔᏂ; ᎠᎴ ᏌᏉ ᎨᏎᏍᏗ ᎠᏫ-ᏗᎦᏘᏯ.
17. ᎡᎳᏗ ᏥᏥᎥᏍᎦ ᎬᏅᎢ ᎾᏍᎩ ᏔᎵᏁ ᎠᎩᎩᏏᏐᏗ ᏥᎩ ᎾᏍᎩ ᏅᏗᎦᎵᏍᏙᏗᎭ ᎠᎦᏴᎵᎨ ᎠᎩᎨᏳᎭ.
18. ᎥᏝ ᎩᎶ ᏴᏛᎩᎩᎡᎵ, ᎠᏋᏒᏉᏍᎩᏂ ᎠᏆᏓᏅᏖᏛ ᎡᎳᏗ ᏓᏥᏂ. ᎠᎩᎭ ᏰᎵᏉ ᎡᎳᏗ ᎬᎩᏗ ᎨᏒᎢ, ᎠᎴ ᎠᎩᎭ ᏰᎵᏉ ᎬᎩᎩᏏᏐᏗ ᎨᏒᎢ. ᎾᏍᎩ ᎯᎠ ᏄᏍᏗ ᎡᏙᏓ ᎠᎩᏁᏤᎸ.
19. ᎿᎭᏉᏃ ᏔᎵᏁ ᏔᎵ ᏄᎾᏓᏛᎩ ᎠᏂᏧᏏ ᏅᏓᎦᎵᏍᏙᏗᏍᎬᎩ ᎾᏍᎩ ᏄᏪᏒᎢ.
20. ᎤᏂᏣᏛᎩᏃ ᎤᎾᏓᏑᏴᎩ ᎯᎠ ᏄᏂᏪᏒᎩ; ᎠᏍᎩᎾ ᎤᏯᎠ, ᎠᎴ ᎤᎸᏃᏘᎭ; ᎦᏙᏃ ᎢᎡᏣᏛᏓᏍᏓᏁᎭ?
21. ᎢᎦᏛᏃ ᎯᎠ ᏄᏂᏪᏒᎩ; ᎾᏍᎩ ᎯᎠ ᏥᏂᎦᏪ ᏥᎧᏁᎦ ᎥᏝ ᎠᏍᎩᎾ ᎤᏯᎢ ᎤᏁᎢᏍᏗ ᏱᎩ; ᏥᎪ ᎠᏍᎩᎾ ᏰᎵ ᏱᏓᏍᏚᎢᏏ ᏗᎨᏫ ᏗᎦᏙᎵ.
22. ᏗᎦᎳᏫᎢᏍᏗᏱᏃ ᎤᏂᏅᎦᎸᎲ ᏓᎾᎵᏍᏓᏴᎲᏍᎬᎩ ᏥᎷᏏᎵᎻ, ᎠᎴ ᎪᎳ ᎨᏒᎩ.
23. ᏥᏌᏃ ᎡᏙᎲᎩ ᎤᏛᏅ-ᏗᎦᎳᏫᎢᏍᏗᏱ, ᏐᎵᎹᏅ ᎤᏤᎵᎦ ᎠᏲᏓᏝᎲᎢ.
24. ᎿᎭᏉᏃ ᎠᏂᏧᏏ ᎬᏩᏓᏡᏫᏍᏔᏅᎩ, ᎯᎠ ᏂᎬᏩᏪᏎᎸᎩ; ᎯᎳᎪ ᏅᏓᎪᎯᏥ ᏍᎩᏰᎵᎢᏍᏗᏍᎨᏍᏗ? ᎢᏳᏃ ᏂᎯ ᎦᎶᏁᏛ ᎨᏎᏍᏗ, ᏍᎩᏃᎲᏏ ᏚᏳᎪᏛᎢ.
25. ᏥᏌ ᎤᏁᏨᎩ ᎯᎠ ᏚᏂᏪᏎᎸᎩ; ᎢᏨᏃᏁᎸᎩ, ᎠᏎᏃ ᎥᏝ ᏱᏍᎩᏲᎢᏳᏁᎢ. ᏗᎦᎸᏫᏍᏓᏁᏗ ᏥᏓᎩᎸᏫᏍᏓᏁᎭ ᎡᏙᏓ ᏚᏙᏍᏛᎢ, ᎾᏍᎩ ᎬᏂᎨᏒ ᎾᏋᏁᎭ.
26. ᏂᎯᏍᎩᏂ ᎥᏝ ᏱᏦᎯᏳᎲᏍᎦ, ᏅᏗᎦᎵᏍᏙᏗᎭ ᏂᎯ ᎠᏫ ᏗᏆᏤᎵᎦ ᏂᎨᏒᎾ ᎨᏒᎢ, ᎾᏍᎩᏯ ᏥᏂᏨᏪᏎᎸᎩ.
27. ᎠᏫ ᏗᏆᏤᎵᎦ ᎠᎾᏛᎩᏍᎪ ᏥᏁᎬᎢ, ᎠᎴ ᎠᏴ ᎦᏥᎦᏔᎭ, ᎠᎴ ᎬᏂᏍᏓᏩᏕᎪᎢ,
28. ᎠᎴ ᎠᎵᏍᏆᏗᏍᎩ ᏂᎨᏒᎾ ᎬᏂᏛ ᎦᏥᏁᎰᎢ, ᎥᏝᏃ ᎢᎸᎯᏳ ᏧᏂᏲᎱᎯᏍᏗ ᏱᎩ, ᎠᎴ ᎥᏝ ᎩᎶ ᏗᏆᏑᎦᎸᏙᏗ ᏱᎩ.
29. ᎾᏍᎩ Ꮎ ᎡᏙᏓ ᏗᎩᎧᏁᎸᎯ ᎤᏟ ᎤᎵᏂᎩᏗᏳ ᎡᏍᎦᏉ ᎾᏂᎥᎢ, ᎥᏝᏃ ᏰᎵ ᎩᎶ ᎡᏙᏓ ᏗᎬᏩᏑᎦᎸᏙᏗ ᏱᎩ.
30. ᎠᏴ ᎡᏙᏓᏃ ᏌᏉᏉ.
31. ᎿᎭᏉᏃ ᎠᏂᏧᏏ ᏔᎵᏁ ᏅᏯ ᏚᏂᎩᏒᎩ ᏗᎬᏩᏂᏍᏙᏗ.
32. ᏥᏌ ᎤᏁᏨᎩ ᎯᎠ ᏚᏂᏪᏎᎸᎩ, ᎤᏣᏔ ᎣᏍᏛ ᏗᎦᎸᏫᏍᏓᏁᏗ ᎨᏒ ᎡᏙᏙᏱ ᏅᏓᏳᏓᎴᏅᎯ ᎬᏂᎨᏒ ᏂᏨᏴᏁᎸ; ᎦᏙ ᎤᏍᏗ ᎾᏍᎩ ᏗᎦᎸᏫᏍᏓᏁᏗ ᎠᎩᏍᏛᏗᎠ ᏅᏯ ᏥᏕᏍᎩᏴᏂᏍᏗᎭ?
33. ᎠᏂᏧᏏ ᎤᏂᏁᏨ ᎯᎠ ᏅᎬᏩᏪᏎᎸᎩ; ᎣᏍᏛ ᏗᎦᎸᏫᏍᏓᏁᏗ ᎨᏒ ᎥᏝ ᏴᎨᏣᏍᏛᏓ ᏅᏯ ᏱᏙᎨᏨᏴᏂᏍᏓ, ᎯᏐᏢᎢᏍᏗᏍᎬᏍᎩᏂ, ᏂᎯ ᏴᏫᏉ ᏥᎩ ᎤᏁᎳᏅᎯ ᏣᏤᎸᏍᎦ.
34. ᏥᏌ ᏚᏁᏤᎸᎩ; ᏝᏍᎪ ᎯᎠ ᏱᏂ ᎬᏅ ᏱᎪᏪᎳ ᏗᏥᎧᎿᎭᏩᏛᏍᏗᏱ; ᏂᎯ ᎢᏨᏁᎳᏅᎯ, ᎠᏆᏛᏅᎩ?
35. ᎢᏳᏃ ᎢᏣᏁᎳᏅᎯ ᏧᏬᏎᎸᎯ ᏱᎩ, ᎧᏃᎮᏛ ᎤᏁᎳᏅᎯ ᎤᏤᎵᎦ ᎨᏥᏁᏤᎸᎯ, ᎠᎴ ᎪᏪᎵ ᎤᏲᎢᏍᏗ ᏂᎨᏒᎾ ᏱᎩ,
36. ᏥᎪ ᎯᏐᏢᎢᏍᏗᎭ ᎢᎡᏦᏎᎭ ᎠᎦᏴᎵᎨᎢ ᎤᎸᏉᏔᏅᎯ ᎠᎴ ᎡᎶᎯ ᎤᎷᎯᏍᏗᏱ ᎤᏅᏏᏛ, ᏅᏗᎦᎵᏍᏙᏗᎭ “ᎠᏴ ᎤᏁᎳᏅᎯ ᎤᏪᏥ” ᏥᎦᏛ?
37. ᎢᏳᏃ ᎡᏙᏓ ᎤᏤᎵ ᏗᎦᎸᏫᏍᏓᏁᏗ ᎨᏒ ᏂᏓᎩᎸᏫᏍᏓᏁᎲᎾ ᎢᎨᏎᏍᏗ, ᏞᏍᏗ ᏍᎩᏲᎢᏳᏅᎩ
38. ᎢᏳᏍᎩᏂ ᎾᏍᎩ ᎤᏤᎵ ᏱᏓᎩᎸᏫᏍᏓᏁᎭ, ᎾᏍᏉ ᎠᏴ ᏂᏍᎩᏲᎢᏳᎲᏍᎬᎾ ᏱᎩ, ᎠᏎ ᎢᏦᎯᏳᎲᏍᎨᏍᏗ ᎾᏍᎩ Ꮎ ᏗᎦᎸᏫᏍᏓᏁᏗ ᎨᏒᎢ; ᎾᏍᎩᏃ ᏰᎵ ᎨᏣᏙᎴᎰᎯᏍᏗ ᎠᎴ ᎨᏦᎯᏳᏗ ᏱᎩ ᎠᎦᏴᎵᎨᎢ, ᎠᎩᏯᎥᎢ ᎠᎴ ᎾᏍᎩ ᎠᏴ ᏥᏯᎥᎢ
39. ᎾᏍᎩ ᎢᏳᏍᏗ ᏔᎵᏁ ᎤᎾᏁᎶᏔᏅᎩ ᎬᏩᏂᏴᏗᏱ; ᎠᏎᏃ ᏚᏗᏫᏎᎸᎩ,
40. ᎠᎴ ᏦᏓᏂ ᏍᎪᎾ ᏭᎶᏒᎩ, ᎾᎿᎭᏣᏂ ᎢᎬᏱᏱ ᏚᏓᏬᎥᎢ. ᎾᎿᎭᏃ ᎤᏪᏙᎸᎩ.
41. ᎤᏂᏣᏛᏃ ᎬᏩᎷᏤᎸᎩ, ᎠᎴ ᎯᎠ ᏄᏂᏪᏒᎩ; ᏣᏂ ᎥᏝ ᎤᏍᏆᏂᎪᏗ ᏱᏚᎸᏫᏍᏓᏁᎮᎢ, ᎠᏎᏃ ᏂᎦᎥ ᏣᏂ ᏄᏪᏒ ᎤᏃᎮᎸ ᎯᎠ ᎾᏍᎩ ᎠᏍᎦᏯ, ᎤᏙᎯᏳᎯᏯ ᎨᏎᎢ.
42. ᎾᎿᎭᏃ ᎤᏂᏣᏛ ᎬᏬᎯᏳᏅᎩ

== John 11 ==
1. ᎩᎶᏃ ᎢᏳᏍᏗ ᎠᏍᎦᏯ ᎤᏢᎬᎩ, ᎳᏏᎳ ᏧᏙᎢᏛ, ᏇᏗᏂᏱ ᎡᎯ, ᎺᎵ ᎠᎴ ᎤᎸᎢ ᎹᏗ ᎤᏂᏚᎲᎢ.
2. ᎾᏍᎩ ᎺᎵ ᎠᏠᏁᏗ ᏧᎶᏁᏔᏁ ᎤᎬᏫᏳᎯ, ᎠᎴ ᎤᏍᏘᏰᎬ ᏧᏩᏔᏁ ᏥᏚᏅᎦᎸᎡᎴ ᏧᎳᏏᏕᏂ, ᎾᏍᎩ ᏅᏙ ᎳᏏᎳ ᎤᏢᎬᎩ.
3. ᎿᎭᏉᏃ ᏧᏙ ᏓᏳᎾᏓᏅᏒᎩ ᎤᏛᎪᏗ, ᎯᎠ ᏅᏓᏳᏂᏪᏒᎩ, ᏣᎬᏫᏳᎯ, ᎬᏂᏳᏉ ᎯᎨᏳᎢ ᏥᎩ ᎤᏢᎦ.
4. ᏥᏌᏃ ᎤᏛᎦᏅ ᎯᎠ ᏄᏪᏒᎩ; ᎯᎠ ᎾᏍᎩ ᏧᏢᎦᎥᏝ ᎤᏲᎱᎯᏍᏗ ᏱᎩ, ᎠᏥᎸᏉᏙᏗᏱᏉᏍᎩᏂ ᎤᏁᎳᏅᎯ, ᎾᏍᎩᏃ ᎤᏁᎳᏅᎯ ᎤᏪᏥ ᎠᏥᎸᏉᏗᏳ ᎢᏳᎵᏍᏙᏗᏱ.
5. ᏥᏌᏃ ᏧᎨᏳᎯᏳᎨᏒᎩ ᎹᏗ ᎠᎴ ᎤᎸᎢ ᎠᎴ ᎳᏏᎳ.
6. ᎤᏛᎦᏅᏃ ᎤᏢᎬᎢ, ᎾᎿᎭᎡᏙᎲᎢ ᎠᏏ ᏔᎵ ᏅᎤᏙᏓᏋᎩ.
7. ᎣᏂᏃ ᎯᎠ ᏂᏚᏪᏎᎸᎩ ᎬᏩᏍᏓᏩᏗᏙᎯ; ᏔᎵᏁ ᏧᏗᏱ ᏫᏗᎶᎯ.
8. ᎬᏩᏍᏓᏩᏗᏙᎯ ᎯᎠ ᏅᎬᏩᏪᏎᎸᎩ; ᏔᏕᏲᎲᏍᎩ, ᎥᏝ ᏱᎪᎯᎩ ᎠᏂᏧᏏ ᎤᎾᏁᎶᏔᏅᎩ ᏅᏯ ᏗᎨᏨᏂᏍᏙᏗᏱ, ᏔᎵᏁᏍᎪᏃ ᎾᎿᎭᏮᏛᎯᎶᏏ?
9. ᏥᏌ ᎤᏁᏨᎩ; ᏝᏍᎪ ᏔᎳᏚ ᎢᏳᏟᎶᏛ ᏱᎩ ᏏᎦ? ᎢᏳᏃ ᎩᎶ ᎢᎦ ᏤᏙᎰᎢ, ᎥᏝ ᏱᏚᏬᏕᎯᎰᎢ, ᏅᏗᎦᎵᏍᏙᏗᏍᎪ ᎠᎪᏩᏘᏍᎬ ᎢᎦ ᎠᏂ ᎡᎶᎯ ᏚᎸᏌᏛᎢ.
10. ᎩᎶᏍᎩᏂ ᎡᏃᏱ ᏤᏙᎰᎢ, ᏚᏬᏕᎯᎰᎢ, ᏅᏗᎦᎵᏍᏙᏗᏍᎪ ᎢᎦ ᏂᏚᎸᏌᏓᏕᎲᎾ ᎨᏒᎢ.
11. ᎾᏍᎩ ᎯᎠ ᏄᏪᏒᎩ; ᎿᎭᏉᏃ ᎯᎠ ᏄᏚᏪᏎᎸᎩ; ᎳᏏᎳ ᎢᎦᎵᎢ ᎦᎵᎭ; ᎠᏎᏃ ᏓᎨᏏ, ᏮᏓᏥᏰᏍᏔᏂ.
12. ᎬᏩᏍᏓᏩᏗᏙᎯᏃ ᎯᎠ ᏄᏂᏪᏒᎩ; ᏣᎬᏫᏳᎯ, ᎢᏳᏃ ᏱᎦᎵᎭ ᏓᏳᏗᏩᏏᏉ.
13. ᎠᏎᏃ ᎤᏲᎱᏒ ᎦᏛᎬᎩ ᎾᏍᎩ ᏄᏪᏒ ᏥᏌ: ᎾᏍᎩᏍᎩᏂ Ꮎ ᎠᎦᎵᎲᏉ ᏦᏯᏪᏐᎵᎰ ᎦᏛᎦ ᎤᏁᎵᏒᎩ.
14. ᎿᎭᏉᏃ ᎬᏂᎨᏒ ᏥᏌ ᎯᎠ ᏂᏚᏪᏎᎸᎩ; ᎳᏏᎳ ᎤᏲᎱᏒ;
15. ᎠᎴ ᎣᏏᏳ ᎠᎩᏰᎸᎭ ᎾᎿᎭᏫᏂᎨᏙᎲᎾ ᏥᎨᏒᎩ, ᏂᎯ ᏅᏗᎦᎵᏍᏙᏗᎭ, ᎢᏦᎯᏳᏗᏱ. ᎠᏎᏃ ᎡᏗᏩᏛᎱᎦ.
16. ᎿᎭᏉᏃ ᏓᎻ, ᏗᏗᎹ ᏧᏙᎢᏛ, ᎯᎠ ᏂᏚᏪᏎᎸᎩ ᎤᎾᎵᎪᎯ ᎠᎾᏓᏍᏓᏩᏗᏙᎯ, ᎾᏍᏉ ᎠᏴ ᎢᏕᎾ, ᎠᏲᎱᏒᎭ ᎢᎦᏠᏯᏍᏔᏅᎭ.
17. ᎿᎭᏉᏃ ᏥᏌ ᎤᎷᏨ ᎤᏙᎴᎱᏒᎩ ᎦᏳᎳ ᏅᎩ ᏧᏙᏓᏉᏛ ᎬᏩᏂᏅᏅᎯ ᎨᏒ ᎠᏤᎵᏍᏛᎢ.
18. ᎾᏍᎩ ᏇᏗᏂᏃ ᎦᏚᎲ ᏥᎷᏏᎵᎻ ᎾᎥ ᎨᏒᎩ, ᏔᎵᎭᏉ ᎢᏳᏟᎶᏛ.
19. ᎠᎴ ᎤᏂᏣᏛ ᎠᏂᏧᏏ ᎬᏩᏂᎷᏤᎸᎩ ᎹᏗ ᎠᎴ ᎺᎵ ᎬᏩᏂᏄᏬᎯᏍᏔᏂᎸᎩ ᎤᏂᏙ ᎤᏲᎱᏒ ᎢᏳᏍᏗ.
20. ᎿᎭᏉᏃ ᎹᏗ ᎤᏛᎦᏅᏉ ᏥᏌ ᏣᎢᏒᎢ ᏫᏚᏠᏒᎩ. ᎺᎵᏍᎩᏂ ᎦᎵᏦᏕᏉ ᎬᏬᎸᎩ.
21. ᎿᎭᏉᏃ ᎹᏗ ᎠᎴ ᏄᏪᏎᎸᎩ ᏥᏌ; ᏣᎬᏫᏳᎯ, ᎢᏳᏃ ᎠᏂ ᏱᎮᏙᎮᎢ, ᎥᏝ ᏱᎬᏩᏲᎱᏎ ᎥᎩᏙ.
22. ᎠᏎᏃ ᏥᎦᏔᎭ ᎾᏍᏉ ᎪᎯ ᎨᏒ ᏂᎦᎥ ᎪᎱᏍᏗ ᏱᏔᏲᏎᎸ ᎤᏁᎳᏅᎯ, ᏣᏁᏗᏉ ᎨᏒ ᎤᏁᎳᏅᎯ.
23. ᏥᏌ ᎯᎠ ᏄᏪᏎᎸᎩ; ᎡᏣᏙ ᏙᏛᎠᎴᎯᏌᏂ.
24. ᎹᏗ ᎯᎠ ᏄᏪᏎᎸᎩ; ᏥᎦᏔᎭ ᏙᏗᎴᎯᏌᏂᏒ ᏗᎴᎯᏐᏗ ᎨᏒ ᎤᎵᏍᏆᎸᏗ ᎢᎦ ᎨᏎᏍᏗ.
25. ᏥᏌ ᎯᎠ ᏄᏪᏎᎸᎩ; ᎠᏴ ᏗᎴᎯᏐᏗ ᎨᏒ ᎠᎴ ᎬᏂᏛ. ᎩᎶ ᎠᏉᎯᏳᎲᏍᎨᏍᏗ, ᎢᏳ ᎾᏍᏉ ᎤᏲᎱᏒᎯ ᏱᎩ, ᎬᏁᏍᏗ.
26. ᎩᎶᏃ ᎬᏁᏍᏗ ᎠᎴ ᎠᏉᎯᏳᎲᏍᎨᏍᏗ, ᎥᏝ ᎢᎸᎯᏳ ᎤᏲᎱᎯᏍᏗ ᏱᎨᏎᏍᏗ. ᎰᎯᏳᎲᏍᎦᏍᎪ ᎾᏍᎩ ᎯᎠ?
27. ᎯᎠ ᏄᏪᏎᎸᎩ; ᎥᎥ, ᏣᎬᏫᏳᎯ; ᎪᎢᏳᎲᏍᎦ ᏂᎯ ᎦᎶᏁᏛ ᎨᏒᎯ, ᎤᏁᎳᏅᎯ ᎤᏪᏥ, ᎾᏍᎩ ᎡᎶᎯ ᎤᎷᎯᏍᏗ ᏥᎨᏒᎩ.
28. ᎾᏍᎩᏃ ᏄᏪᏒ ᎤᏓᏅᏒᎩ, ᎠᎴ ᎤᏕᎵᏛ ᏭᏯᏅᎲᎩ ᎤᎸᎢ ᎺᎵ, ᎯᎠ ᏄᏪᏒᎩ; ᏗᏕᏲᎲᏍᎩ ᎦᎷᎩ ᎠᎴ ᏗᏣᏯᏂᎭ.
29. ᎾᏍᎩ ᎤᏛᎦᏅ ᏱᎳᏉ ᎢᏴᏛ ᏚᎴᏅᎩ, ᎠᎴ ᏭᎷᏤᎸᎩ.
30. ᏥᏌᏃ ᎥᏝ ᎠᏏ ᏱᎦᎷᎨ ᎦᏚᎲᎢ, ᎾᎿᎭᏉᏍᎩᏂ ᎹᏗ ᏫᏚᏠᏒ ᎡᏙᎲᎩ.
31. ᎿᎭᏉᏃ ᎠᏂᏧᏏ ᎦᎵᏦᏕ ᎤᏪᎸ ᎠᏂᏂ, ᎠᎴ ᎬᏩᏄᏬᎯᏍᏗᏍᎩ, ᎤᏂᎪᎲ ᎺᎵ ᎤᎵᏍᏗᏳ ᏚᎴᏅ ᎠᎴ ᎤᏄᎪᏨ ᎬᏩᏍᏓᏩᏛᏒᎩ, ᎯᎠ ᏄᏂᏪᏒᎩ; ᏗᎦᏂᏌᎲ ᏩᎦᏘ ᎾᎿᎭᏮᏛᏍᎪᏂᎵ.
32. ᎺᎵᏃ ᎤᎷᏨ ᏥᏌ ᎡᏙᎲᎢ, ᎠᎴ ᎤᎪᎲ, ᏚᎳᏍᎬ ᎡᎳᏗ ᎤᏓᏅᏅᎩ, ᎯᎠ ᏄᏪᏎᎸᎩ; ᏣᎬᏫᏳᎯ, ᎢᏳᏃ ᎠᏂ ᏱᎮᏙᎮᎢ, ᎥᏝ ᎥᎩᏙ ᏱᎬᏩᏲᎱᏎᎢ.
33. ᏥᏌᏃ ᎤᎪᎲ ᏓᏠᏱᎲᎢ, ᎠᎴ ᏚᎪᎲ ᎠᏂᏧᏏ ᎾᏍᎩ ᎤᏂᏍᏓᏩᏙᎸᎯ ᏓᎾᏠᏱᎲᎢ, ᎡᎯᏍᏗ ᎤᏓᏅᏓᏛᎩ, ᎠᎴ ᎤᏕᏯᏙᏗ ᏄᎵᏍᏓᏁᎸᎩ.
34. ᎠᎴ ᎯᎠ ᏄᏪᏒᎩ; ᎭᏢ ᎡᏥᏅᏁᎢ? ᏣᎬᏫᏳᎯ, ᎡᎭᎦᏔ, ᎬᏬᏎᎸᎩ.
35. ᏥᏌ ᏚᏠᏱᎸᎩ.
36. ᎿᎭᏉᏃ ᎠᏂᏧᏏ ᎯᎠ ᏄᏂᏪᏒᎩ; ᎬᏂᏳᏉ ᏂᎦᎡ ᎤᎨᏳᎯᏳ ᎨᏎᎢ.
37. ᎢᎦᏛᏃ ᎤᎾᏓᏑᏴᎩ ᎯᎠ ᏄᏂᏪᏒᎩ; ᏝᏍᎪ ᎯᎠ ᏗᎨᏫ ᏗᎦᏙᎵ ᏧᏍᏚᎢᎡᎸᎯ, ᎾᏍᏉ ᎾᏍᎩ ᏱᏂᎬᏩᏂᏌᏁ ᏄᏲᎱᏒᎾ ᏱᎦᎨᏎ ᎯᎠ ᎠᏍᎦᏯ?
38. ᏥᏌᏃ ᏔᎵᏁ ᎡᎯᏍᏗ ᎤᏓᏅᏓᏛ ᎠᏤᎵᏍᏛ ᎤᎷᏨᎩ. ᎤᏍᏓᎦᎸ ᎨᏒᎩ, ᎠᎴ ᏅᏯ ᎠᏍᏚᏛᎩ.
39. ᏥᏌ ᎯᎠ ᏄᏪᏒᎩ, ᏅᏯ ᎢᏥᎲᎾ. ᎹᏗ ᎤᏲᎱᏒᎯ ᎤᏙ, ᎯᎠ ᏄᏪᏎᎸᎩ; ᏣᎬᏫᏳᎯ, ᎪᎯ ᎠᏎ ᎠᏒᎦ, ᏅᎩᏰᏃ ᏄᏒᎭ ᎦᏰᏥᏂᏌᏅᎯ.
40. ᏥᏌ ᎯᎠ ᏄᏪᏎᎸᎩ; ᏝᏍᎪ ᎯᎠ ᏱᏂᎬᏪᏎᎴᎢ; ᎢᏳᏃ ᎰᎯᏳᎲᏍᎨᏍᏗ, ᏣᎪᏩᏛᏗ ᎨᏎᏍᏗ ᎦᎸᏉᏗᏳ ᎨᏒ ᎤᏁᎳᏅᎯ ᎤᏤᎵᎦ.
41. ᎿᎭᏉᏃ ᏅᏯ ᎤᏂᎲᏍᎩ ᎤᏲᎱᏒᎯ ᎦᏅᎢ. ᏥᏌᏃ ᏚᏌᎳᏓᏅᎩ ᏗᎦᏙᎵ, ᎯᎠ ᏄᏪᏒᎩ; ᎡᏙᏓ, ᎬᏯᎵᎡᎵᏤᎭ ᏥᏍᏆᏛᎦᏁᎸ.
42. ᎠᎴ ᏥᎦᏔᎭ ᏂᎪᎯᎸᎢ ᏍᏆᏛᎦᏁᎲᎢ; ᎠᏎᏃ ᏴᏫ ᎠᏂ ᏣᏂᏙᎾᎠ ᏅᏓᎦᎵᏍᏙᏓ ᎾᏍᎩ ᏥᏂᏥᏫ, ᎤᏃᎯᏳᏗᏱ ᏂᎯ ᏅᏓᏍᎩᏅᏏᏛ ᎨᏒᎢ.
43. ᎾᏍᎩᏃ ᏄᏪᏒ, ᎠᏍᏓᏯ ᎤᏪᎷᏅᎩ, ᎯᎠ ᏄᏪᏒᎩ; ᎳᏏᎳ, ᎡᎯᏄᎪᎢ.
44. ᎤᏲᎱᏒᎯᏃ ᏓᏳᏄᎪᏨᎩ, ᏧᏬᏰᏂ ᎠᎴ ᏧᎳᏏᏕᏂ ᏚᏓᎸᏍᏛᎩ ᏗᎦᎸᏓᎸᏛ ᏗᏄᏬ, ᎤᎧᏛᏃ ᎠᏯᏠ ᎤᏓᎸᏍᏛᎩ. ᏥᏌ ᎯᎠ ᏂᏚᏪᏎᎸᎩ; ᎡᏣᎸᏒ ᎠᎴ ᏤᏥᏲᎯ.
45. ᎠᎴ ᎤᏂᏣᏛᎩ ᎤᎾᏓᏑᏴᎩ ᎠᏂᏧᏏ ᎺᎵ ᎬᏩᎷᏤᎸᎯ, ᎠᎴ ᎤᏂᎪᎲᎯ ᎾᏍᎩ ᏥᏌ ᏄᏛᏁᎸᎢ, ᎬᏬᎯᏳᏅᎩ.
46. ᎢᎦᏛᏍᎩᏂ ᎠᏂᏆᎵᏏ ᏗᏂᏅ ᏭᏂᎶᏒᎩ, ᎠᎴ ᏫᏚᏂᏃᏁᎸᎩ ᏥᏌ ᏄᏛᏁᎸᎩ.
47. ᎿᎭᏉᏃ ᏄᏂᎬᏫᏳᏒ ᎠᏥᎸ-ᎠᏁᎶᎯ ᎠᎴ ᎠᏂᏉᎵᏏ ᏚᏂᎳᏫᏛᎩ, ᎠᎴ ᎯᎠ ᏄᏂᏪᏒᎩ; ᎦᏙ ᎢᏓᏛᏁᎭ? ᎯᎠᏰᏃ ᎠᏍᎦᏯ ᎤᏣᏔ ᎤᏍᏆᏂᎪᏗ ᏚᎸᏫᏍᏓᏁᎭ.
48. ᎢᏳᏃ ᎾᏍᎩ ᎤᏁᎳᎩ ᏰᏕᎵᏎᎭ, ᏂᎦᏗᏳ ᏓᎬᏬᎯᏳᏂ, ᎠᏂᎶᎻᏃ ᏛᏂᎷᏥ ᎠᎴ ᏓᎨᎩᎩᎡᎵ ᎢᎦᏤᎵᎪᎯ ᎠᎴ ᏗᎦᏤᎵ ᏴᏫ ᏙᏓᎨᎩᏯᏅᎡᎵ.
49. ᎠᏏᏴᏫᏃ ᎤᏓᏑᏴᎩ, ᎧᏱᏆ ᏧᏙᎢᏛ, ᎾᎯᏳ ᎤᏕᏘᏴᏌᏗᏒ ᏄᎬᏫᏳᏒ ᎠᏥᎸ-ᎨᎶᎯ ᎨᏒᎩ, ᎯᎠ ᏂᏚᏪᏎᎸᎩ; ᎥᏝ ᎪᎱᏍᏗ ᏱᏥᎦᏔᎭ,
50. ᎠᎴ ᎥᏝ ᏱᏣᏓᏅᏖᎭ ᎤᏟ ᎣᏏᏳ ᎢᎨᎦᎵᏍᏓᏁᏗ ᎨᏒᎢ, ᎠᏏᏴᏫ ᎩᎶ ᏱᏓᏲᎱᎯᏎᎭ ᏴᏫ, ᎠᏃ ᎤᏂᏣᏘ ᎤᏅᏒ ᏯᎾᏗᏒᎲᏍᎦ.
51. ᎾᏍᎩ ᏄᏪᏒᎩ, ᎥᏝ ᎤᏩᏒ ᎤᏓᏅᏖᏛ ᏱᎨᏎᎢ; ᎾᎯᏳ ᎠᏥᎸ-ᎨᎶᎯᏍᎩᏂ ᎨᏒ ᎢᏳᏍᏗ ᎤᏕᏘᏴᏌᏗᏒ ᎤᏙᎴᎰᏒᎩ ᏥᏌ ᏧᏲᎱᎯᏎᏗᏱ ᎾᏍᎩ ᏑᎾᏓᎴᎩ ᎨᏒ ᏴᏫ,
52. ᎠᎴ ᎥᏝ ᎾᏍᎩ Ꮎ ᏑᎾᏓᎴᎩ ᎨᏒ ᎤᏅᏒ, ᎾᏍᏉᏍᎩᏂ ᏌᏉ ᎢᏧᏩᏁᏗᏱ ᏧᏪᏟᏐᏗᏱ ᎤᎾᏗᎦᎴᏲᏨᎯ ᎤᏁᎳᏅᎯ ᏧᏪᏥ.
53. ᎿᎭᏉᏃ ᎾᎯᏳ ᎤᎾᎴᏅᎲᎩ ᎤᏂᏃᎮᎸᎩ ᎤᏂᎯᏍᏗᏱ.
54. ᎾᏍᎩ ᎢᏳᏍᏗ ᏥᏌ ᎿᎭᏉ ᎥᏝ ᎢᎸᎯᏳ ᎬᏂᎨᏒ ᏱᏚᏪᎳᏗᏙᎴ ᎠᏂᏧᏏ; ᎾᎿᎭᏍᎩᏂ ᎤᏂᎩᏒᎩ, ᎢᎾᎨ ᎾᎥ ᏭᎶᏅᎩ, ᎢᏆᎻ ᏚᏙᎥ ᏗᎦᏚᎲᎢ, ᎠᎴ ᎾᎿᎭᎤᏪᏅᎩ ᎠᎴ ᎬᏩᏍᏓᏩᏗᏙᎯ.
55. ᎠᏂᏧᏏᏃ ᎤᎾᏤᎵᎦ ᎧᏃᎯᏰᎩ ᏗᎵᏍᏓᏴᏗᏱ ᎤᏍᏆᎸᎯᏗᏒᎩ; ᎤᏂᏣᏛᎩᏃ ᎾᎿᎭᎤᎾᏂᎩᏒᎩ ᏥᎷᏏᎵᎻ ᏭᏂᎶᏒᎩ ᎠᏏᏉ ᎾᏍᏆᎵᏍᎬᎾ ᎧᏃᎯᏰᎩ ᏗᎵᏍᏓᏴᏗᏱ, ᎤᎾᏓᏅᎦᎸᏗᏱ ᎤᏂᏰᎸᏒᎩ.
56. ᏥᏌᏃ ᎤᏂᏲᎸᎩ, ᎠᎴ ᎤᏛᏅᏗᎦᎳᏫᏍᏗᏱ ᎠᏂᏙᎾᎥ ᎯᎠ ᏂᏚᎾᏓᏪᏎᎸᎩ; ᎦᏙ ᎢᏤᎵᎭ? ᏝᏍᎪ ᏓᎾᎵᏍᏓᏴᎲᏍᎬ ᏴᏓᎦᎷᏥ?
57. ᏄᏂᎬᏫᏳᏒᏃ ᎠᏥᎸ-ᎠᏁᎶᎯ ᎠᎴ ᎾᏍᏉ ᎠᏂᏆᎵᏏ ᎤᏂᏁᏨᎯ ᎨᏒᎩ, ᎢᏳᏃ ᎩᎶ ᏯᎦᏔᎭ ᎡᏙᎲᎢ, ᎬᏂᎨᏒ ᎢᏳᏩᏁᏗᏱ, ᎤᏂᏂᏴᏗᏱ ᎤᏂᏰᎸᏒᎩ.

== John 12 ==
1. ᎿᎭᏉᏃ ᏑᏓᎵ ᎢᎦ ᏚᏃᏒᎩ ᎧᏃᎯᏰᎩ ᏗᎵᏍᏓᏴᏗᏱ ᎤᏍᏆᎸᏗᏱ ᏥᏌ ᏇᏗᏂ ᏭᎷᏨᎩ, ᎾᎿᎭᎡᎲ ᎳᏏᎳ, ᎤᏲᎱᏒᎯ ᏥᎨᏒᎩ, ᎾᏍᎩ ᎤᏲᎱᏒ ᏥᏚᎴᏔᏅᎩ.
2. ᎾᎿᎭᎬᏩᏍᏓᏴᏅᎩ; ᎠᎴ ᎹᏗ ᏚᏕᎳᏍᏔᏅᎩ; ᎳᏏᎳᏍᎩᏂ ᎨᎸᎩ ᎠᎾᎵᏍᏓᏴᎲᏍᎬᎢ.
3. ᎿᎭᏉᏃ ᎺᎵ ᎤᎩᏒᎩ ᏑᏓᎨᏛ ᎠᏠᏁᏗ ᎾᏓ ᏧᏙᎢᏛ ᎪᎱᏍᏗ ᎾᏑᏴᎾ, ᎤᏣᏘ ᏧᎬᏩᎶᏗ, ᎠᎴ ᏚᏅᎵᏰᎥᎩ ᏥᏌ ᏧᎳᏏᏕᏂ, ᎠᎴ ᎤᏍᏘᏰᎬ ᎤᏩᏔᏅᎩ ᏚᏅᎦᎸᎲᎩ ᏧᎳᏏᏕᏂ. ᎠᎴ ᎦᎵᏦᏕ ᎤᎧᎵᏨᎩ ᎦᏩᏒᎬ ᎠᏠᏁᏗ.
4. ᎿᎭᏉᏃ ᎠᏏᏴᏫ ᏥᏌ ᎬᏩᏍᏓᏩᏗᏙᎯ ᎨᏒ ᏧᏓᏏ ᎢᏍᎦᎳᏗ ᏧᏙᎢᏛ, ᏌᏩᏂ ᎤᏪᏥ, ᎾᏍᎩ ᎤᏡᏗᏍᎩ ᎢᏳᎵᏍᏙᏗ, ᎯᎠ ᏄᏪᏒᎩ;
5. ᎦᏙᏃ ᎯᎠ ᎠᏠᏁᏗ ᎥᏝ ᏳᏂᎾᏗᏅᏎ ᎠᎴ ᏦᎢᏧᏈ ᎠᎩᏏ ᏧᎾᏩᎶᏗ ᏱᏚᏂᏩᏛᎮᎢ, ᎠᎴ ᎥᏝ ᎤᏲ ᎢᏳᎾᏛᎿᎭᏕᎩ ᎾᏍᎩ ᏱᏚᏂᏁᎴᎢ?
6. ᎾᏍᎩ ᎯᎠ ᏄᏪᏒᎩ, ᎥᏝ ᎤᏲ ᎢᏳᎾᏛᎿᎭᏕᎩ ᎣᏍᏛ ᎢᏳᎾᎵᏍᏓᏁᏗᏱ ᎤᏚᎵᏍᎬ ᏱᏅᏧᎵᏍᏙᏔᏁᎢ, ᎦᏃᏍᎩᏍᎩᏍᎩᏂ ᎨᏒ ᏅᏓᏳᎵᏍᏙᏔᏅᎩ, ᎠᎴ ᏕᎦᎶᏗ ᎦᏁᎲᎢ ᎠᎴ ᎾᎿᎭᎦᎳᏅᎯ ᎦᏃᏍᎩᏍᎬᎢ.
7. ᎿᎭᏉᏃ ᏥᏌ ᎯᎠ ᏄᏪᏒᎩ; ᎤᏁᎳᎩ; ᎥᎩᏂᏐᏗᏱ ᎨᏒ ᎢᎦ ᎬᏗᏍᎩ ᎤᏍᏆᏂᎪᏔᏅ ᎾᏍᎩ ᎯᎠ.
8. ᎤᏲᏰᏃ ᎢᏳᎾᏛᎿᎭᏕᎩ ᏂᎪᎯᎸ ᎨᏤᎳᏗᏙᎭ; ᎠᏴᏍᎩᏂ ᎥᏝ ᏂᎪᎯᎸ ᏱᏨᏰᎳᏗᏙᎭ.
9. ᎤᏂᏣᏛᎩᏃ ᎠᏂᏧᏏ ᎤᎾᏛᎦᏅᎯ ᎨᏒᎩ ᎾᎿᎭᎡᏙᎲᎢ, ᎠᎴ ᎤᏂᎷᏨᎩ ᎥᏝ ᏥᏌ ᎤᏩᏒ ᎨᏒ ᏱᏅᏧᎵᏍᏙᏔᏁᎢ, ᎾᏍᏉᏍᎩᏂ ᎳᏏᎳ ᎤᏂᎪᏩᏛᏗᏱ ᎤᏂᏰᎸᏒᎩ, ᎾᏍᎩ ᎤᏲᎱᏒ ᏧᎴᏔᏅᎯ.
10. ᎠᏎᏃ ᏄᏂᎬᏫᏳᏒ ᎠᏥᎸ-ᎠᏁᎶᎯ ᎤᏂᏃᎮᎸᎩ ᎳᏏᎳ ᎾᏍᏉ ᎤᏂᎯᏍᏗᏱ,
11. ᎾᏍᎩᏰᏃ ᏄᏩᏂᏌᏅᎩ ᎤᏂᏣᏛᎩ ᎠᏂᏧᏏ ᎤᎾᏓᏅᏒᎩ, ᎠᎴ ᏥᏌ ᏫᎬᏬᎯᏳᏅᎩ.
12. ᎤᎩᏨᏛ ᎤᏂᏣᏛᎩ ᏴᏫ ᏗᎵᏍᏓᏴᏗᏱ ᎤᏂᎷᏨᎯ, ᎤᎾᏛᎦᏅ ᏥᎷᏥᎵᎻ ᏗᎦᎷᏥᏒᎢ,
13. ᏚᏂᏴᎲᎩ ᏧᏪᏲᏔ ᏧᎦᏄᏓᏅᎯᏛ ᎠᎴ ᎤᏂᏄᎪᏨᎩ ᏚᎾᏠᏒᏒᎩ, ᎠᎴ ᎯᎠ ᏄᏂᏪᏒ ᎤᏁᎷᏅᎩ, ᎰᏌᎾ! ᎠᏥᎸᏉᏗᏳ ᏫᏂᎦᎵᏍᏓ ᏱᎰᏩ ᏚᏙᏍᏛ ᏨᏓᏯᎢ, ᎤᎬᏫᏳᎯ ᎢᏏᎵ ᎤᎾᏤᎵᎦ.
14. ᏥᏌᏃ ᎤᏩᏛᎲ ᎠᎩᎾ ᏐᏈᎵ-ᏗᎦᎵᎠᏅᎯᏛ, ᎤᎩᎸᏅᎩ, ᎾᏍᎩᏯ ᎯᎠ ᏥᏂᎬᏅ ᏥᎪᏪᎳ;
15. “ᏞᏍᏗ ᏱᏍᎦᎢᎮᏍᏗ ᏂᎯ ᏌᏯᏂ ᎤᏪᏥ, ᎬᏂᏳᏉ ᎤᎬᏫᏳᎯ ᏣᏤᎵᎦ ᏓᏯᎢ, ᎠᎩᎾ ᏐᏈᎵ-ᏗᎦᎵᎠᏅᎯᏛ ᎤᏪᏥ ᎤᎩᎸᏗ.”
16. ᎠᎴ ᎬᏩᏍᏓᏩᏗᏙᎯ ᎥᏝ ᎾᏍᎩ ᏣᏃᎵᏤ ᎢᎬᏱᏱ, ᏥᏌᏍᎩᏂ ᎠᏥᎸᏉᏔᏅ ᎿᎭᏉ ᎤᎾᏅᏓᏛᎩ ᎾᏍᎩ ᎯᎠ ᏂᎬᏅ ᎪᏪᎸ ᎠᏥᏃᎮᏍᎬᎢ, ᎠᎴ ᎾᏍᎩ ᏂᎬᏩᏁᎸᎢ.
17. ᎢᏧᎳᎭᏃ ᎤᏁᏙᎸᎯ ᏴᏫ ᎾᎯᏳ ᎠᏤᎵᏍᏛ ᏭᏯᏅᎲ ᎳᏏᎳ, ᎠᎴ ᎤᏲᎱᏒ ᏕᎤᎴᏔᏅ, ᎤᏂᏃᎮᎸᎩ.
18. ᎾᏍᎩ ᏅᏓᏳᎵᏍᏙᏔᏅᎩ ᎾᏍᏉ ᏴᏫ ᏕᎬᏩᏠᏒᎩ, ᎤᎾᏛᎦᏅᎩᏰᏃ ᎾᏍᎩ ᎤᏍᏆᏂᎪᏗ ᏚᎸᏫᏍᏓᏁᎸᎢ.
19. ᎾᏍᎩ ᎢᏳᏍᏗ ᎠᏂᏆᎵᏏ ᎯᎠ ᏂᏚᎾᏓᏪᏎᎸᎩ; ᎢᏣᏙᎴᎰᏍᎦᏍᎪ ᏂᏣᎵᏰᎢᎴᎬᎾ ᏥᎩ? ᎬᏂᏳᏉ ᎡᎶᎯ ᎤᏍᏓᏩᏕᏅ.
20. ᎩᎶᏃ ᎢᏳᎾᏍᏗ ᎠᏂᎪᎢ ᎠᏁᎸᎩ ᎤᎾᎵᏙᎵᏍᏔᏂᎸᎯ ᏗᎵᏍᏓᏴᏗᏱ.
21. ᎠᎴ ᎾᏍᎩ ᎬᏩᎷᏤᎸᎩ ᏈᎵᎩ, ᏇᏣᏱᏗ ᎦᏚᎲ ᎨᎵᎵ ᎡᎯ, ᎠᎴ ᎬᏩᏔᏲᏎᎸᎩ ᎯᎠ ᏄᏂᏪᏒᎩ, ᎣᎦᏚᎵᎭ ᎣᏥᎪᏩᏛᏗᏱ ᏥᏌ.
22. ᏈᎵᎩ ᎤᎷᏨᎩ ᎠᎴ ᎡᏂᏗ ᏭᏃᏁᎸᎩ; ᎿᎭᏉᏃ ᎡᏂᏗ ᎠᎴ ᏈᎵᎩ ᏥᏌ ᏭᏂᏃᏁᎸᎩ.
23. ᏥᏌᏃ ᏚᏁᏤᎸᎩ ᎯᎠ ᏄᏪᏒᎩ; ᎿᎭᏉ ᎤᏍᏆᎸᎲ ᏴᏫ ᎤᏪᏥ ᎠᏥᎸᏉᏙᏗᏱ.
24. ᎤᏙᎯᏳᎯᏯ, ᎤᏙᎯᏳᎯᏯ ᎯᎠ ᏂᏨᏪᏎᎭ; ᎢᏳᏃ ᏌᏉ ᎤᏣᎴᏍᏗ ᎤᎦᏔ ᎡᎳᏗ ᏄᏬᏨᎾ ᎠᎴ ᏄᎪᏒᎾ ᏱᎩ, ᎤᏩᏒᏉ ᎨᏐ ᏂᎪᎯᎸᎢ; ᎢᏳᏍᎩᏂ ᎤᎪᎯ ᎤᏣᏙ ᎧᏁᏉᎪᎢ.
25. ᎩᎶ ᎤᎨᏳᏎᏍᏗ ᎬᏅᎢ ᎤᏲᎱᏎᏗ ᎨᏎᏍᏗ; ᎩᎶᏃ ᎠᏍᎦᎨᏍᏗ ᎬᏅᎢ ᎠᏂ ᎡᎶᎯ ᎨᏒᎢ, ᎾᏍᎩ ᎤᏍᏆᏂᎪᏙᏗ ᎨᏎᏍᏗ ᎬᏂᏛ ᏫᎾᏍᏛᎾ ᏗᎨᏒ ᎬᏗᏍᎩ.
26. ᎢᏳᏃ ᎩᎶ ᏥᏅᏏᏓᏍᏗ ᏂᎦᎵᏍᏗᏍᎨᏍᏗ, ᎾᏍᎩ ᎠᎩᏍᏓᏩᏕᎨᏍᏗ; ᎨᎥᏃ ᎾᎿᎭᎾᏍᏉ ᏥᏅᏏᏓᏍᏗ ᎡᎮᏍᏗ. ᎢᏳᏃ ᎩᎶ ᏥᏅᏏᏓᏍᏗ ᏂᎦᎵᏍᏗᏍᎨᏍᏗ, ᎾᏍᎩ ᎡᏙᏓ ᎤᎸᏉᏙᏗ ᎨᏎᏍᏗ.
27. ᎿᎭᏉ ᎠᏆᏓᏅᏙ ᎤᏕᏯᏔᏁᎭ; ᎦᏙᏃ ᏓᎦᏛᏂ? [ᎯᎠᏍᎪ ᏅᏓᏥᏪᏏ,] ᎡᏙᏓ, ᏍᏊᏓᎳᎩ ᎪᎯ ᎨᏒᎢ? ᎠᏎᏃ ᎾᏍᎩ ᎢᏳᏍᏗ ᏣᎩᏍᏆᎸᎡ ᎪᎯ ᎠᎩᏍᏆᎸᎡᏗᏱ ᎠᎩᎷᏥᎸ.
28. ᎡᏙᏓ, ᎯᎸᏉᏓ ᏕᏣᏙᎥᎢ. ᎿᎭᏉᏃ ᎦᎸᎳᏗ ᏓᏳᏁᏨᎩ, ᎯᎠ ᏅᏓᏳᏪᏒᎩ; ᎦᏳᎳ ᎠᎩᎸᏉᏔᏅ, ᎠᎴ ᏔᎵᏁ ᏛᏥᎸᏉᏔᏂ.
29. ᏴᏫᏃ ᎾᎥ ᎠᏂᏙᎾᎢ ᎤᎾᏛᎦᏅ, ᎠᏴᏓᏆᎶᏣ, ᎤᎾᏛᏅᎩ. ᎢᎦᏛᏃ ᎯᎠ ᏄᏂᏪᏒᎩ; ᏗᎧᎿᎭᏩᏗᏙᎯ ᏓᏳᏬᏁᏓ.
30. ᏥᏌ ᎤᏁᏨ, ᎯᎠ ᏄᏪᏒᎩ; ᎥᏝ ᎠᏴ ᎨᏒ ᏱᏅᏓᎦᎵᏍᏙᏓ, ᏂᎯᏍᎩᏂ ᎨᏒ ᏅᏓᎦᎵᏍᏙᏓ, ᎯᎠ ᎧᏁᎬ ᏥᎦᎾᏄᎪᏥᎦ.
31. ᎿᎭᏉ ᎯᎠ ᎡᎶᎯ ᏙᏓᏰᎫᎪᏓᏁᎵ, ᎿᎭᏉ ᎤᎬᏫᏳᎯ ᎯᎠ ᎡᎶᎯ ᎤᏤᎵᎦ ᏓᏰᏥᏄᎪᏫᏏ.
32. ᎠᏎᏃ ᎢᏳᏃ ᎡᎶᎯ ᎥᎩᏌᎳᏓᏅᎭ, ᎾᏂᎥ ᏴᏫ ᏙᏓᎦᏎᏒᎯ.
33. ᎾᏍᎩ ᎯᎠ ᏄᏪᏒᎩ, ᎾᏍᎩ ᎢᏳᎵᏍᏓᏁᏗᏱ ᎤᏲᎱᎯᏍᏗᏱ ᎦᏛᎬᎩ.
34. ᏴᏫ ᎤᏂᏁᏨ ᎯᎠ ᏂᎬᏩᏪᏎᎸᎩ, ᎠᏴ ᎣᎦᏛᎦᏅ ᏗᎧᎿᎭᏩᏛᏍᏗᏱ ᎾᏍᎩ ᎦᎶᏁᏛ ᎤᎵᏍᏆᏗᏍᏗ ᏂᎨᏒᎾ ᎡᎲᎢ; ᎦᏙᏃ ᏴᏫ ᎤᏪᏥ ᎠᏎ ᏓᏰᏥᏌᎳᏓᏂ ᎢᎭᏗᎭ? ᎦᎪ ᎾᏍᎩ Ꮎ ᏴᏫ ᎤᏪᏥ?
35. ᎿᎭᏉᏃ ᏥᏌ ᎯᎠ ᏂᏚᏪᏎᎸᎩ; ᎠᏏᏞᎦ ᎢᎦ ᏚᎸᏌᏛ ᎢᏤᏙᎲᎢ; ᎢᏤᏙᎮᏍᏗ ᏂᎪᎯᎸ ᎢᎦ ᏕᏥᎸᏌᏓᏕᎲᎢ; ᎤᎵᏏᎩᎾᏏ ᏱᏧᏢᏓ; ᎩᎶᏰᏃ ᎤᎵᏏᎬ ᏤᏙᎰᎢ, ᎥᏝ ᏯᎦᏔᎰ ᏩᎦᏛᎢ.
36. ᎠᏏ ᎢᎦ ᏥᏕᏥᎸᏌᏓᏕᎭ, ᎢᏦᎯᏳᎲᎦ ᎢᎦ ᏚᎸᏌᏛᎢ, ᎾᏍᎩᏃ ᏂᎯ ᎢᎦ ᏚᎸᏌᏛ ᏧᏪᏥ ᎨᏎᏍᏗ. ᎾᏍᎩ ᎯᎠ ᏄᏪᏒᎩ ᏥᏌ, ᎠᎴ ᎤᏓᏅᏒᎩ ᏚᏗᏍᎦᎳᏁᎸᎩ.
37. ᎤᏣᏗᏍᎩᏂᏃᏅ ᎤᏍᏆᏂᎪᏗ ᏧᎸᏫᏍᏓᏁᎸᎯ ᎨᏒᎩ ᎠᏂᎦᏔᎲᎢ, ᎠᏎᏃ ᎥᏝ ᏱᎬᏬᎯᏳᏁᎢ.
38. ᎾᏍᎩᏃ ᎤᏙᎯᏳᏅᎩ ᎤᏁᏨ ᎢᏌᏯ ᎠᏙᎴᎰᏍᎩ, ᎯᎠ ᏥᏄᏪᏎᎢ; “ᏣᎬᏫᏳᎯ, ᎦᎪ ᎤᏬᎯᏳᏅ ᎣᎩᏃᎮᎸᎢ? ᎠᎴ ᎦᎪ ᎠᏥᎾᏄᎪᏫᏎᎸ ᎤᎬᏫᏳᎯ ᎧᏃᎨᏂ?”
39. ᎾᏍᎩ ᎢᏳᏏᏗ ᎥᏝ ᏰᎵ ᎬᏩᏃᎯᏳᏗ ᏱᎨᏎᎢ; ᏔᎵᏁᏰᏃ ᎢᏌᏯ ᎯᎠ ᏄᏪᏎᎢ.
40. “ᏚᏍᏚᏁᎸ ᏗᏂᎦᏙᎵ, ᎠᎴ ᏚᏍᏓᏱᏕᎸ ᏧᏂᎾᏫ; ᏗᎬᏩᏂᎪᏩᏛᏙᏗ ᏂᎨᏒᎾ ᏗᏂᎦᏙᎵ, ᎠᎴ ᎬᏩᏃᎵᏍᏙᏗ ᏂᎨᏒᎾ ᎤᏂᎾᏫ, ᎠᎴ ᎾᏍᎩ ᏗᎬᏩᎾᏓᏁᏟᏴᎡᏗ ᏂᎨᏒᎾ, ᎠᎴ ᏗᎦᎦᏥᏅᏬᏗ ᏂᎨᏒᎾ.”
41. ᎾᏍᎩ ᏄᏪᏎ ᎢᏌᏯ, ᎾᎯᏳ ᏧᎪᎮ ᎦᎸᏉᏗᏳ ᎨᏒ ᎤᏤᎵᎦ, ᎠᎴ ᎾᏍᎩ ᏧᏃᎮᎴᎢ.
42. ᎤᏂᏣᏛᎩᏍᎩᏂᏃᏅ ᎾᏍᏉ ᎤᏂᎬᏫᏳᎯ ᎬᏬᎯᏳᏅᎩ; ᎠᏎᏃ ᎠᏂᏆᎵᏏ ᏅᏓᎦᎵᏍᏙᏗᏍᎬᎩ ᎥᏝ ᎬᏂᎨᏒ ᏱᏄᏅᏁᎴᎢ, ᏗᎦᎳᏫᎢᏍᏗᏱ ᏱᏙᎩᏄᎪᏩ ᎠᏁᎵᏍᎬᎩ.
43. ᎤᏟᏰᏃ ᎤᏂᏰᎸᏒᎩ ᏴᏫ ᎤᎾᏓᎸᏉᏙᏗ ᎨᏒ ᎡᏍᎦᏉ ᎤᏁᎳᏅᎯ ᎤᏓᎸᏉᏙᏗ ᎨᏒᎢ.
44. ᏥᏌᏃ ᎤᏪᎷᏅᎩ ᎯᎠ ᏄᏪᏒᎩ, ᎩᎶ ᎠᏉᎯᏳᎲᏍᎩ ᎥᏝ ᎠᏴ ᏯᏉᎯᏳᎲᏍᎦ, ᏅᏛᎩᏅᏏᏛᏍᎩᏂ ᎪᎯᏳᎲᏍᎪᎢ.
45. ᎠᎴ ᎩᎶ ᎠᏴ ᎠᎩᎪᏩᏘᏍᎩ ᏅᏛᎩᏅᏏᏛ ᎠᎪᏩᏘᏍᎪᎢ.
46. ᎠᏴ ᎢᎦᎦᏘ ᎡᎶᎯ ᎠᎩᎷᏥᎸ, ᎾᏍᎩ ᎩᎶ ᎠᏉᎯᏳᎲᏍᎨᏍᏗ ᎥᏝ ᎿᎭᏉ ᎤᎵᏏᎬ ᎤᏕᏗ ᏱᎨᏎᏍᏗ.
47. ᎢᏳᏃ ᎩᎶ ᎠᏛᎩᏍᎨᏍᏗ ᏥᏁᎬᎢ, ᏂᎪᎯᏳᎲᏍᎬᎾᏃ ᎢᎨᏎᏍᏗ, ᎥᏝ ᎠᏴ ᏱᏗᏥᏳᎪᏓᏁᎭ; ᎥᏝᏰᏃ ᎡᎶᎯ ᏱᏗᏥᏳᎪᏓᏁᎵᎸ, ᏥᏍᏕᎸᎯᎸᏍᎩᏂ ᎡᎶᎯ.
48. ᎠᎩᏐᏅᎢᏍᏗᏍᎩ ᎠᎴ ᏗᏓᏂᎸᎩ ᏂᎨᏒᎾ ᏥᏁᎬᎢ ᏧᏬᎪᏓᏁᎯ ᎤᏪᎭ. ᎧᏃᎮᏛ ᎠᎩᏁᏨᎯ ᎾᏍᎩ ᏧᏬᎪᏓᏁᏗ ᎨᏎᏍᏗ ᎤᎵᏍᏆᎸᏗ ᎢᎦ ᎨᏎᏍᏗ.
49. ᎥᏝᏰᏃ ᎠᏋᏒᏉ ᎠᏆᏓᏅᏖᏛ ᎠᎩᏁᏨᎯ ᏱᎩ, ᎠᎦᏴᎵᎨᎢᏍᎩᏂ ᏅᏛᎩᏅᏏᏛ, ᎾᏍᎩ ᎠᎩᏁᏤᎸ ᎢᏯᎩᏪᏍᏗᏱ ᎠᎩᏬᏂᎯᏍᏗᏱ.
50. ᎠᎴ ᏥᎦᏔᎭ ᎾᏍᎩ ᎤᏁᏨᎯ ᏫᎾᏍᏛᎾ ᎬᏂᏛ ᎨᏒᎢ. ᎾᏍᎩ ᎢᏳᏍᏗ ᏂᎦᎥ ᏥᏁᎬᎢ, ᎾᏍᎩᏯ ᎠᎦᏴᎵᎨᎢ ᎾᎩᏪᏎᎸᎢ, ᎾᏍᎩ ᏂᏥᏪᎠ.

== John 13 ==
1. ᎠᏏᏃ ᎤᏃᏒᎩ ᎧᏃᎯᏰᎩ ᏗᎵᏍᏓᏴᏗᏱ, ᏥᏌ ᎠᎦᏔᎯᏳ ᎨᏒᎩ ᎤᏍᏆᎸᎡᎸ ᎠᏂ ᎡᎶᎯ ᎤᏓᏅᏍᏗᏱ, ᎠᎦᏴᎵᎨᏍᏛᏱ ᏭᎶᎯᏍᏗᏱ, ᏧᎨᏳᎯᏳ ᎢᏳᎵᏍᏔᏅᎯ ᎨᏒᎩ ᏧᏤᎵᎦ ᎡᎶᎯ ᎠᏁᎯ, ᎬᎵᏍᏆᏗᏍᎩ ᏧᎨᏳᎯᏳ ᎨᏒᎩ.
2. ᎠᏍᎩᎾᏃ ᎿᎭᏉ ᎤᎳᏁᎸᎯ ᎨᏒᎩ ᎤᎾᏫᏱ ᏧᏓᏏ ᎢᏍᎦᎳᏗ ᏌᏩᏂ ᎤᏪᏥ ᎾᏍᎩ ᎤᎶᏄᎮᏗᏱ, ᎤᎾᎵᏍᏓᏴᏃᏅᏃ,
3. ᏥᏌ ᎠᎦᏔᎯᏳ ᎨᏒᎩ ᎠᎦᏴᎵᎨᎢ ᏂᎦᎥ ᎪᎱᏍᏗ ᏕᎤᏲᎯᏎᎸᎢ; ᎠᎴ ᎤᏁᎳᏅᎯᏱ ᏅᏓᏳᏓᎴᏅᎯ ᎨᏒᎢ, ᎠᎴ ᎤᏁᎳᏅᎯᏱ ᏭᎶᎯᏍᏗ ᎨᏒᎢ,
4. ᎤᎵᏍᏓᏴᏅᎢ ᏕᎤᎴᏅᎩ ᎠᎴ ᎤᏄᏪᏒᎩ, ᎠᎴ ᎤᏁᏒᎩ ᎠᏄᏬ-ᏗᏑᎴᏗ, ᎤᏓᏠᏍᏔᏅᎩ;
5. ᎿᎭᏉᏃ ᎠᏖᎵᏙ ᎠᎹ ᎤᏟᏍᏔᏅᎩ, ᎠᎴ ᎤᎴᏅᎲᎩ ᏚᏬᏑᎴᎸ ᎬᏩᏍᏓᏩᏗᏙᎯ ᏧᎾᎳᏏᏕᏂ, ᎠᎴ ᏚᏅᎦᎸᎡᎸᎩ ᎠᏄᏬ-ᏗᏑᎴᏗ ᎾᏍᎩ ᎤᏓᏠᏍᏛ ᎤᏩᏔᏅᎩ.
6. ᎿᎭᏉᏃ ᏌᏩᏂ ᏈᏓ ᎤᏬᎸ ᎤᎷᏨᎩ. ᏈᏓᏃ ᎯᎠ ᏄᏪᏎᎸᎩ; ᏣᎬᏫᏳᎯ, ᏥᎪ ᏂᎯ ᏙᏓᏍᏉᏑᎴᎵ ᏗᏆᎳᏏᏕᏂ?
7. ᏥᏌ ᎤᏁᏨ ᎯᎠ ᏄᏪᏎᎸᎩ; ᎯᎠ ᏥᏂᎦᏛᏁᎭ ᎥᏝ ᎪᎯ ᎨᏒ ᏱᎦᏔᎭ, ᎣᏂᏍᎩᏂ ᏘᎦᏙᎥᏏ.
8. ᏈᏓ ᎯᎠ ᏄᏪᏎᎸᎩ; ᎥᏝ ᎢᎸᎯᏳᎯ ᏱᏙᏓᏍᏉᏑᎴᎵ ᏗᏆᎳᏏᏕᏂ. ᏥᏌ ᎤᏁᏤᎸᎩ; ᎢᏳᏃ ᏂᎬᏲᏑᎴᎥᎾ ᏱᎩ ᎥᏝ ᏣᏤᎵᎦ ᏳᏓᏑᏯ ᎠᏆᏤᎵᎦ ᎨᏒᎢ.
9. ᏌᏩᏂ ᏈᏓ ᎯᎠ ᏄᏪᏎᎸᎩ; ᏣᎬᏫᏳᎯ, ᎥᏝ ᏗᏆᎳᏏᏕᏂᏉ ᏧᏩᏒ, ᎾᏍᏉᏍᎩᏂ ᏗᏉᏰᏂ ᎠᎴ ᏥᏍᎪᎵ.
10. ᏥᏌ ᎯᎠ ᏄᏪᏎᎸᎩ; ᎩᎶ ᎤᏙᏑᎵᏌᏛ ᏥᎨᏐᎢ ᏧᎳᏏᏕᏂᏉ ᏧᏩᏒ ᏧᏬᏑᎴᏗ ᎨᏐᎢ; ᏂᎬᏃ ᎤᏓᏅᎦᎸᏛ ᎨᏐᎢ. ᎠᎴ ᏂᎯ ᎢᏣᏓᏅᎦᎸᏛ, ᎠᏎᏃ ᎥᏝ ᏂᏥᎥ ᏱᎩ.
11. ᎠᎦᏔᎯᏳᏰᏃ ᎨᏒᎩ ᎾᏍᎩ Ꮎ ᎤᎶᏄᎮᏍᎩ; ᎾᏍᎩ ᎢᏳᏍᏗ, ᎥᏝ ᏂᏥᎥ ᎢᏣᏓᏅᎦᎸᏛ ᏱᎩ, ᎤᏛᏅᎩ.
12. ᎿᎭᏉᏃ ᏚᏬᏑᎴᎣᏁᎸ ᏧᎾᎳᏏᏕᏂ, ᎠᎴ ᎢᎤᏄᏬᎥ; ᎠᎴ ᏔᎵᏁ ᎢᎤᏪᏅ, ᎯᎠ ᏂᏚᏪᏎᎸᎩ; ᎢᏥᎦᏔᎭᏍᎪ ᎯᎠ ᎾᏍᎩ ᏥᏂᏨᏯᏛᏂᏏ?
13. ᏔᏕᏲᎲᏍᎩ, ᎠᎴ ᏣᎬᏫᏳᎯ, ᏍᎩᏲᏎᎰᎢ; ᎠᎴ ᏚᏳᎪᏛ ᏂᏥᏪᏍᎪᎢ, ᎾᏍᎩᏰᏃ ᏄᏍᏗ.
14. ᎢᏳᏃ ᎠᏴ ᎠᎩᎬᏫᏳᎯ ᎢᏣᏤᎵᎦ ᎠᎴ ᏗᏨᏰᏲᎲᏍᎩ ᏗᏣᎳᏏᏕᏂ ᏱᏗᏨᏲᏑᎴᎭ, ᎾᏍᏉᏍᎩᏂ ᎢᏨᏒ ᎢᏣᎳᏏᏕᏂ ᏱᏗᏣᏓᏙᏑᎴᎭ.
15. ᎢᏣᏕᎶᏆᏍᏗᏰᏃ ᎢᏨᎥᏏ, ᎾᏍᎩᏯ ᏂᏨᏯᏛᏁᎸ ᎢᏣᏛᏁᏗᏱ.
16. ᎤᏙᎯᏳᎯᏯ ᎤᏙᎯᏳᎯᏯ ᎯᎠ ᏂᏨᏪᏎᎭ; ᎠᏥᎾᏝᎢ ᎥᏝ ᎤᏟ ᎠᏥᎸᏉᏗᏳ ᏱᎨᏐᎢ, ᎡᏍᎦᏉ ᎤᎾᏝᎢ; ᎠᎴ ᎥᏝ ᎠᏥᏅᏏᏛ ᎤᏟ ᎠᏥᎸᏉᏗᏳ ᏱᎨᏐᎢ, ᎡᏍᎦᏉ ᏅᏓᏳᏅᏏᏛ.
17. ᎢᏳᏃ ᎾᏍᎩ ᎯᎠ ᏱᏥᎦᏔᎭ, ᎣᏏᏳ ᏱᏣᏓᏅᏔ ᎾᏍᎩ ᏱᏂᏣᏛᏁᎭ.
18. ᎥᏝ ᏂᏥᎥ ᏱᏨᏯᏛᎦ; ᎦᏥᎦᏔᎭ ᎦᏥᏯᏑᏰᏛ ᎨᏒᎢ; ᎠᏎᏃ ᎤᏙᎯᏳᏗᏱ ᎪᏪᎸᎢ, “ᎢᏧᎳᎭ ᎣᏍᏓᎵᏍᏓᏴᎲᏍᎩ ᎤᏌᎳᏓᏅ ᎦᏗᎨᏂ ᎠᏆᏡᏗᏍᎬᎢ.”
19. ᎿᎭᏉ ᎢᏨᏃᏁᎭ, ᎠᏏᏉ ᎾᏍᎩ ᏄᎵᏍᏔᏅᎾ, ᎾᏍᎩ ᎿᎭᏉ ᏂᎦᎵᏍᏔᏅᎭ ᎢᏦᎯᏳᏗᏱ ᎠᏴ ᎾᏍᎩ ᎨᏒᎢ.
20. ᎤᏙᎯᏳᎯᏯ ᎤᏙᎯᏳᎯᏯ ᎯᎠ ᏂᏨᏪᏎᎭ; ᎩᎶ ᏓᏓᏂᎸᎨᏍᏗ ᏥᏅᏏᏛ, ᎠᏴ ᏓᏆᏓᏂᎸᎨᏍᏗ, ᎩᎶᏃ ᎠᏴ ᏓᏆᏓᏂᎸᎨᏍᏗ, ᏅᏛᎩᏅᏏᏛ ᏓᏓᏂᎸᎨᏍᏗ.
21. ᏥᏌ ᎾᏍᎩ ᏄᏪᏒ ᎤᏕᏯᏔᏁᎸ ᎤᏓᏅᏛᎢ, ᎠᎴ ᎬᏂᎨᏒ ᏄᏩᏁᎸᎩ, ᎯᎠ ᏄᏪᏒᎩ; ᎤᏙᎯᏳᎯᏯ ᎤᏙᎯᏳᎯᎭ ᎯᎠ ᏂᏨᏪᏎᎭ; ᎯᎠ ᏥᏂᏣᏛᏅ ᎠᏏᏴᏫ ᎤᏓᏑᏯ ᏛᎩᎶᏄᎮᎵ.
22. ᎿᎭᏉᏃ ᎬᏩᏍᏓᏩᏗᏙᎯ ᏚᎾᏓᎧᎿᎭᏅᎩ ᎤᎾᏠᎬᎩ ᎾᏍᎩ ᎠᏥᏛᎦ ᎤᏁᎵᏍᏗᏱ.
23. ᎠᏏᏴᏫᏃ ᎬᏩᏍᏓᏩᏗᏙᎯ ᎨᏒ ᏥᏌ ᎦᏁᏥᏱ ᎦᏍᏛᎦᎸᎩ, ᎾᏍᎩ ᏥᏌ ᎤᎨᏳᎯ.
24. ᏌᏩᏂᏃ ᏈᏓ ᎾᏍᎩ ᎤᎵᏍᎫᏫᏎᎸᎩ ᎤᏛᏛᏗᏱ ᎾᏍᎩ ᎨᏒᎢ ᎦᏛᎬᎢ.
25. ᎿᎭᏉᏃ ᏥᏌ ᎦᏁᏥᎢ ᎤᏍᏛᎦᎵ ᎯᎠ ᏄᏪᏎᎸᎩ; ᏣᎬᏫᏳᎯ, ᎦᎪ?
26. ᏥᏌ ᎤᏁᏨᎩ; ᎾᏍᎩ ᎨᏎᏍᏗ ᎠᎬᎭᎸᏛ ᏥᏁᎸᎭ ᎾᏍᎩ ᎠᏊᏅᎯ ᎨᏎᏍᏗ. ᎤᏭᏅᏃ ᎠᎬᎭᎸᏛ ᎤᏁᎸᎩ ᏧᏓᏏ ᎢᏍᎦᎳᏗ ᏌᏩᏂ ᎤᏪᏥ.
27. ᎠᎬᎭᎸᏛᏃ ᎠᏥᏁᎸ ᏎᏓᏂ ᎤᏴᏎᎸᎩ. ᎿᎭᏉᏃ ᏥᏌ ᎯᎠ ᏄᏪᏎᎸᎩ; ᎾᏍᎩ ᎢᏣᏛᏁᏗ ᎨᏒ ᏄᎳᏉ ᎿᎭᏛᎦ.
28. ᎥᏝᏃ ᎩᎶ ᎠᏂᏅᏜᏓᎢ ᏳᏬᎵᏤ ᏄᏍᏛ ᎦᏛᎬ ᎾᏍᎩ ᏄᏪᏎᎸᎢ.
29. ᏧᏓᏏᏰᏃ ᏕᎦᎶᏗ ᎦᏁᎲ ᏅᏓᏳᎵᏍᏙᏔᏅᎩ ᎢᎦᏛ, ᎯᎠ ᏥᏌ ᏂᎦᏪᏏ ᎤᏁᎵᏒᎩ; ᎪᎱᏍᏗ ᏣᏩᎯ ᏗᎵᏍᏓᏴᏗᏱ ᎨᏒ ᎢᏳ ᎪᎱᏍᏗ ᎢᎬᏙᏗ; ᎠᎴ ᎯᎠ ᏱᎩ; ᎪᎱᏍᏗ ᏘᎲᏏ ᎤᏲ ᎢᏳᎾᏛᎿᎭᏕᎩ.
30. ᎿᎭᏉᏃ ᎾᏍᎩ, ᎠᎬᎭᎸᏛ ᎤᎩᏒ, ᎩᎳᏉ ᎢᏴᏛ ᎤᏄᎪᏨᎩ, ᎠᎴ ᏒᏃᏱ ᎨᏒᎩ.
31. ᎾᏍᎩᏃ ᎤᏄᎪᏨ, ᏥᏌ ᎯᎠ ᏄᏪᏒᎩ; ᎿᎭᏉ ᏴᏫ ᎤᏪᏥ ᎠᏥᎸᏉᏓ, ᎾᏍᎩᏃ ᏂᎬᏂᏌ ᎤᏁᎳᏅᎯ ᎠᏥᎸᏉᏓ.
32. ᎢᏳᏃ ᎾᏍᎩ ᏱᏄᏩᏂᏌᏅ ᎤᏁᎳᏅᎯ ᏯᏥᎸᏉᏔᏅ, ᎤᏁᎳᏅᎯ ᎤᏩᏒ ᏅᏓᎬᏂᏌᏂ ᎾᏍᎩ ᏓᏳᎸᏉᏔᏂ, ᎠᎴ ᎩᎳᏉ ᎢᏴᏛ ᏓᏳᎸᏉᏔᏂ.
33. ᏗᏥᏲᎵ, ᎠᏏ ᏞᎦ ᎢᏨᏰᎳᏗᏙᎭ; ᏍᎩᏲᎮᏍᏗ; ᎠᎴ ᎾᏍᎩᏯ ᎠᏂᏧᏏ ᏥᏂᎦᏥᏪᏎᎸᎩ, “ᏫᏥᎦᏛ ᎥᏝ ᏫᏴᎨᏥᎶᎯ,” ᏥᎦᏥᏲᏎᎸᎩ, ᎾᏍᎩᏯ ᎾᏍᏉ ᎿᎭᏉ ᏂᎯ ᏂᏨᏪᏎᎭ.
34. ᎢᏤ ᏗᎧᎿᎭᏩᏛᏍᏗ ᎢᏨᎥᏏ, ᏗᏣᏓᎨᏳᎯᏳ ᎢᏳᎵᏍᏙᏗᏱ; ᎾᏍᎩᏯ ᎢᏨᎨᏳᎢᏳ ᏄᎵᏍᏔᏅᎢ, ᎾᏍᎩ ᎾᏍᏉ ᏗᏣᏓᎨᏳᎯᏳ ᎢᏳᎵᏍᏙᏗᏱ.
35. ᎾᏍᎩ ᎾᏂᎥ ᎤᎾᏙᎴᎰᎯᏍᏙᏗ ᎨᏎᏍᏗ ᏍᎩᏍᏓᏩᏗᏙᎯ ᎨᏒᎢ, ᎢᏳᏃ ᏗᏣᏓᎨᏳᎯᏳ ᏱᎩ.
36. ᏌᏩᏂ ᏈᏓ ᎯᎠ ᏄᏪᏎᎸᎩ, ᏣᎬᏫᏳᎯ, ᎭᏢ ᎭᎢ? ᏥᏌ ᎤᏁᏤᎸᎩ; ᏫᏥᎦᏛ ᎥᏝ ᎿᎭᏉ ᏴᎨᏍᎩᏍᏓᏩᏚᎦ; ᎣᏂᏍᎩᏂ ᏓᏍᎩᏍᏓᏩᏕᏏ.
37. ᏈᏓ ᎯᎠ ᏄᏪᏎᎸᎩ; ᏣᎬᏫᏳᎯ, ᎦᏙᏃ ᎥᏝ ᏰᎵ ᎿᎭᏉ ᎦᎬᏍᏓᏩᏛᏍᏗ ᏱᎩ? ᏂᎯ ᏅᏓᎦᎵᏍᏙᏔᏂ ᎡᎳᏗ ᏓᏥᏂ ᎬᏅᎢ.
38. ᏥᏌ ᎤᏁᏤᎸᎩ; ᏥᏌ ᎠᏴ ᏅᏓᎦᎵᏍᏙᏔᏂ ᎡᎳᏗ ᏘᏂ ᎲᏅᎢ? ᎤᏙᎯᏳᎯᏯ, ᎤᏙᎯᏳᎯᏯ ᎯᎠ ᏂᎬᏪᏎᎭ; ᏣᏔᎦᏨᏯᎢ ᎥᏝ ᏴᏛᏴᎳᏏ ᎬᏂ ᏦᎢ ᎢᏍᏆᏓᏱᎸᎯ ᎨᏎᏍᏗ.

== John 14 ==
1. ᏞᏍᏗ ᎢᏣᏓᏅᏙ ᏳᏕᏍᏔᏁᎮᏍᏗ; ᎡᏦᎢᏳᎲᎦ ᎤᏁᎳᏅᎯ, ᎠᎴ ᎾᏍᏉ ᎠᏴ ᏍᎩᏲᎢᏳᎲᎦ.
2. ᎡᏙᏓ ᎦᏁᎸᎢ ᎤᏣᏔ ᏓᏓᏁᎸ. ᎢᏳᏃ ᎾᏍᎩ ᏄᏍᏛᎾ ᏱᎨᏎᎢ, ᏱᏨᏃᏁᎴᎢ. ᎦᏛᏅᎢᏍᏔᏂ ᎢᏥᏴᏍᏗᏱ.
3. ᎢᏳᏃ ᏯᏆᏛᏅᎢᏍᏔᏁᏅ ᎢᏥᏴᏍᏗᏱ, ᏔᎵᏁ ᏛᏥᎷᏥ ᎠᎴ ᎠᏋᏒ ᎠᏉᎸ ᏙᏓᏨᏯᏓᏂᎸᏥ, ᎾᏍᎩ ᎠᏴ ᎨᎥ ᎾᏍᏉ ᎾᎿᎭᎢᏣᏕᏗᏱ.
4. ᎠᎴ ᎠᏴ ᏫᏥᎦᏛ ᎢᏥᎦᏔᎭ, ᎠᎴ ᏫᎦᏅᏅ ᎢᏥᎦᏔᎭ.
5. ᏓᎻ ᎯᎠ ᏄᏪᏎᎸᎩ; ᏣᎬᏫᏳᎯ, ᎥᏝ ᏲᏥᎦᏔᎭ ᏫᎦᏛᎢ; ᎦᏙᏃ ᏱᎦᎵᏍᏙᏓ ᏲᏥᎦᏔᎭ ᏫᎦᏅᏅᎢ.
6. ᏥᏌ ᎯᎠ ᏄᏪᏎᎸᎩ; ᎠᏴ ᎾᏍᎩ ᏅᏃᎯ, ᎠᎴ ᏚᏳᎪᏛᎢ, ᎠᎴ ᎬᏂᏛ. ᎥᏝ ᎩᎶ ᎠᎦᏴᎵᎨᎢ ᏱᎦᎷᏤᎰᎢ, ᎬᏂ ᎠᏴ ᎠᎩᎶᎯᏎᎸᎯ ᏥᎨᏐᎢ.
7. ᎢᏳᏃ ᎠᏴ ᏱᏍᎩᎦᏔᎮᎢ ᎾᏍᏉ ᎡᏙᏓ ᏰᏥᎦᏔᎮᎢ; ᎪᎯᏃ ᎢᏳᏓᎴᏅᏛ ᎡᏥᎦᏔᎭ ᎠᎴ ᎡᏥᎪᏩᏛᎲ.
8. ᏈᎵᎩ ᎯᎠ ᏄᏪᏎᎸᎩ; ᏣᎬᏫᏳᎯ, ᏍᎩᎾᏄᎪᏫᏏ ᎠᎦᏴᎵᎨᎢ, ᎿᎭᏉᏃ ᏰᎵᎦ ᏓᏲᏥᏰᎸᏂ.
9. ᏥᏌ ᎯᎠ ᏄᏪᏎᎸᎩ; ᏥᏌ ᏂᎪᎯᎩ ᎢᏧᎳᎭ ᎢᏁᏓ, ᎠᏏᏍᎪᏃ ᎥᏝ ᏱᏍᎩᎦᏙᎥᏍᎦ, ᏈᎵᎩ; ᎩᎶ ᎠᏴ ᎠᎩᎪᎲᎯ ᏥᎨᏐᎢ, ᎤᎪᎲᎯ ᎨᏐ ᎠᎦᏴᎵᎨᎢ; ᎦᏙᏃ ᎯᎠ ᏂᎯᏪᎠ; ᏍᎩᎾᏄᎪᏫᏏ ᎠᎦᏴᎵᎨᎢ?
10. ᏝᏍᎪ ᏲᎯᏳᎲᏍᎦ ᎠᏴ ᎠᎦᏴᎵᎨᎢ ᏥᏯᎥᎢ, ᎠᎴ ᎠᎦᏴᎵᎨ ᎠᏴ ᎠᎩᏯᎥᎢ? ᎧᏃᎮᏛ ᏥᏨᏃᎮᎮᎰᎢ, ᎥᏝ ᎠᏋᏒᏉ ᎠᏆᏓᏅᏖᏛ ᏱᏥᏁᎪᎢ, ᎠᎦᏴᎵᎨᎢᏍᎩᏂ ᏣᎩᏯᎠ ᎾᏍᎩ ᏚᎸᏫᏍᏓᏁᎰᎢ.
11. ᏍᎩᏲᎢᏳᎲᎦ ᎠᏴ ᎠᎦᏴᎵᎨᎢ ᏥᏯᎥᎢ, ᎠᎴ ᎠᎦᏴᎵᎨᎢ ᎠᏴ ᎠᎩᏯᎥᎢ, ᎢᏳᏃ ᏂᏍᎩᏲᎢᏳᎲᏍᎬᎾ ᎢᎨᏎᏍᏗ, ᏓᎩᎸᏫᏍᏓᏁᎲᏉ ᏫᏂᎦᎵᏍᏙᏓ ᏍᎩᏲᎢᏳᎲᎦ.
12. ᎤᏙᎯᏳᎯᏯ ᎤᏙᎯᏳᎯᏯ ᎯᎠ ᏂᏨᏪᏎᎭ; ᎠᏉᎯᏳᎲᏍᎩ, ᎠᏴ ᏥᏓᎩᎸᏫᏍᏓᏁᎭ ᎾᏍᏉᎾᏍᎩ ᏙᏓᏳᎸᏫᏍᏓᏁᎵ, ᎠᎴ ᎤᏟ ᎤᏍᏆᏂᎪᏗᏳ ᏙᏓᏳᎸᏫᏍᏓᏁᎵ ᎡᏍᎦᏉ ᎯᎠ; ᎡᏙᏙᏱᏰᏃ ᎦᎢ,
13. ᏂᎦᎥᏃ ᎪᎱᏍᏗ ᏓᏉᏙᎥ ᎢᏥᏔᏲᏍᏗᏍᎨᏍᏗ, ᎾᏍᎩ ᎢᏯᏆᏛᏁᏗ ᎨᏎᏍᏗ, ᎠᎦᏴᎵᎨᎢ ᎠᏥᎸᏉᏙᏗᏱ ᎤᏪᏥ ᎢᏳᏩᏂᏌᏅᎯ ᎨᏒᎢ.
14. ᎢᏳᏃ ᎪᎱᏍᏗ ᏓᏆᏙᎥ ᎢᏥᏔᏲᏍᏗᏍᎨᏍᏗ, ᎾᏍᎩ ᎠᏎ ᎢᏯᏆᏛᏁᏗ.
15. ᎢᏳᏃ ᏍᎩᎨᏳᎢᏳ ᎨᏎᏍᏗ, ᎢᏥᏍᏆᏂᎪᏓ ᎠᏆᏤᎵ ᏗᎧᎿᎭᏩᏛᏍᏗ;
16. ᎠᎴ ᎠᎦᏴᎵᎨ ᎠᏴ ᏓᏥᏔᏲᏎᎵ, ᎾᏍᎩᏃ ᏓᏣᎵᏍᎪᎸᏓᏁᎵ ᏅᏩᏓᎴ ᎢᏥᏅᏬᎯᏍᏗᏍᎩ, ᎾᏍᎩ ᎠᎵᏍᏆᏗᏍᎩ ᏂᎨᏒᎾ ᎢᏤᎳᏗᏙᎯ,
17. ᎾᏍᎩ Ꮎ ᎦᏰᎪᎩ ᏂᎨᏒᎾ ᎠᏓᏅᏙ, ᎾᏍᎩ ᎡᎶᎯ ᏗᎬᏩᏓᏂᎸᎢᏍᏗ ᏂᎨᏒᎾ ᏥᎩ, ᎾᏍᎩ ᏳᎪᏩᏘᎭ ᎠᎴ ᎥᏝ ᏳᎦᏔᎭ; ᏂᎯᏍᎩᏂ ᎡᏥᎦᏔᎭ, ᎢᏤᎳᏗᏙᎭᏰᏃ, ᎠᎴ ᎾᏍᎩ ᎢᏥᏯᎡᏍᏗ.
18. ᎥᏝ ᎢᏣᏓᏂᏯᏛ ᏴᏓᏨᏴᏕᏥ; ᏛᏨᎷᏤᎵ.
19. ᎠᏏ ᏞᎦ, ᎿᎭᏉ ᎡᎶᎯ ᎥᏝ ᏯᎩᎪᏩᏘᏍᎨᏍᏗ, ᏂᎯᏍᎩᏂ ᏍᎩᎪᏩᏘᏍᎨᏍᏗ, ᎠᏴᏰᏃ ᎬᏅ, ᎠᎴ ᏂᎯ ᎾᏍᏉ ᏕᏨᏁᏍᏗ.
20. ᎾᎯᏳ ᏓᏣᏙᎴᎰᏏ ᎠᏴ ᎡᏙᏓ ᏥᏯᎥᎢ, ᎠᎴ ᏂᎯ ᏍᎩᏯᎥᎢ, ᎠᎴ ᎠᏴ ᎢᏨᏯᎥᎢ.
21. ᎾᏍᎩ Ꮎ ᏗᎧᎿᎭᏩᏛᏍᏗ ᎠᏆᏤᎵᎦ ᎤᏍᏆᏂᎪᏗ ᎠᎴ ᏗᎧᎿᎭᏩᏕᎩ, ᎾᏍᎩ ᎠᏴ ᎠᎩᎨᏳᎯ, ᎠᎴ ᎠᏴ ᎠᎩᎨᏳᎯ ᎤᎨᏳᎯ ᎨᏎᏍᏗ ᎡᏙᏓ, ᎠᎴ ᎠᏴ ᏥᎨᏳᎢᏳ ᎨᏎᏍᏗ, ᎠᎴ ᎬᏂᎨᏒ ᏅᏓᏥᏯᏛᏁᎵ.
22. ᏧᏓᏏ, ᎥᏝ ᎢᏍᎦᎳᏗ, ᎯᎠ ᏄᏪᏎᎸᎩ; ᏣᎬᏫᏳᎯ, ᎦᏙ ᏓᎦᎵᏍᏙᏔᏂ ᎬᏂᎨᏒ ᎠᏴ ᏅᏛᏍᎩᏯᏛᏁᎵ, ᎥᏝᏃ ᎡᎶᎯ?
23. ᏥᏌ ᎤᏁᏨᎩ, ᎯᎠ ᏄᏪᏎᎸᎩ; ᎢᏳᏃ ᎩᎶ ᎠᎩᎨᏳᎯ ᏱᎩ, ᎾᏍᎩ ᏧᎧᎿᎭᏩᏛᏍᏗ ᎠᎩᏁᏨᎢ; ᎡᏙᏓᏃ ᎤᎨᏳᎯ ᎢᏳᎵᏍᏙᏗ, ᎠᎴ ᏓᏲᏍᏗᎷᏤᎵ, ᎠᎴ ᎦᏁᎸᎢ ᏓᏲᏍᏓᏁᎳᏗ.
24. ᎠᎩᎨᏳᎯ ᏂᎨᏒᎾ ᎥᏝ ᏱᏓᎧᎿᎭᏩᏕᎪ ᎠᎩᏁᏨᎢ. ᎧᏃᎮᏛᏃ ᏥᏣᏛᎩᎠ, ᎥᏝ ᎠᏴ ᎠᏆᏤᎵᎦ ᏱᎩ, ᎠᎦᏴᎵᎨᏍᎩᏂ ᏅᏛᎩᏅᏏᏛ ᎤᏤᎵᎦ.
25. ᎾᏍᎩ ᎢᏨᏃᎮᎮᎸ ᎠᏏ ᏥᏨᏰᎳᏗᏙᎭ.
26. ᎠᏓᏅᏬᎯᏍᏗᏍᎩᏍᎩᏂ, ᎦᎸᏉᏗᏳ ᎠᏓᏅᏙ, ᎾᏍᎩ ᎠᎦᏴᎵᎨᎢ ᏅᏓᏳᏅᏍᏗ ᏥᎩ ᏓᏆᏙᏍᏛᎢ, ᎾᏍᎩ ᏂᎦᏛ ᏓᏤᏲᏂ, ᎠᎴ ᏓᏣᏅᏓᏗᏍᏔᏂ ᏂᎦᎥ ᎢᏨᏁᏤᎸᎢ.
27. ᏅᏩᏙᎯᏯᏛ ᎢᏨᎢᏯᏏ; ᏅᏩᏙᎯᏯᏛ ᎠᏆᏤᎵᎦ ᎢᏨᎥᏏ. ᎥᏝ ᎡᎶᎯ ᏣᏓᏁᎰ ᎾᏍᎩ ᎢᏳᏍᏗ ᏱᏨᎥᏏ; ᏞᏍᏗ ᎢᏣᏓᏅᏙ ᏳᏕᏯᏔᏁᎮᏍᏗ, ᎠᎴ ᏞᏍᏗ ᏯᏍᎦᎢᎮᏍᏗ.
28. ᎢᏣᏛᎦᏅᎯ, ᏛᎨᏏ ᎠᎴ ᏛᏨᎷᏤᎵ, ᏥᏨᏲᏎᎸᎩ. ᎢᏳᏃ ᏍᎩᎨᏳᎢᏳ ᏱᎩ, ᏱᏣᎵᎮᎵᎦ ᏱᏅᏗᎦᎵᏍᏙᏗᎭ ᎠᎦᏴᎵᎨᏍᏛᏱ ᏫᏥᎦᏘ ᏣᏆᏛᏅᎩ; ᎡᏙᏓᏰᏃ ᎤᏟ ᎠᏥᎸᏉᏗᏳ ᎡᏍᎦᏉ ᎠᏴ.
29. ᎿᎭᏉᏃ ᎠᏏᏉ ᎾᏍᏆᎵᏍᎬᎾ ᎨᏒ ᎢᏨᏃᎲᏏ, ᎾᏍᎩ ᎠᏍᏆᎸᎲᎭ ᎢᏦᎯᏳᏗᏱ.
30. ᎪᎯ ᎢᏳᏓᎴᏅᏛ ᎥᏝ ᎤᏣᏘ ᏴᎨᏨᏯᎵᏃᎮᏓ; ᎤᎬᏫᏳᎯᏰᏃ ᎯᎠ ᎡᎶᎯ ᎤᏤᎵᎦ ᏓᏯᎢ; ᎥᏝᏃ ᎪᎱᏍᏗ ᎤᏤᎵ ᏯᏇᎭ.
31. ᎠᏎᏃ ᎡᎶᎯ ᎤᏙᎴᎰᎯᏍᏗᏱ ᎠᎦᏴᎵᎨᎢ ᏥᎨᏳᎢᏳ ᎨᏒᎢ, ᎠᎴ ᎠᎦᏴᎵᎨᎢ ᎠᎩᏁᏤᎸᎢ ᎾᏍᎩ ᏂᎦᏛᏁᎲᎢ. ᏗᏣᎴᎲᎦ, ᎢᏕᎾ.

== John 15 ==
1. ᏖᎸᎳᏗᏯ ᎠᏴ, ᎡᏙᏓᏃ ᏗᎦᎶᎩᏍᎩ.
2. ᏂᎦᎥ ᏓᏋᏂᎦᎸᎢ ᎾᎾᏓᏛᎥᏍᎬᎾ ᏥᎨᏐ ᏕᎬᏂᎦᎵᏍᎪᎢ; ᏂᎦᏛᏃ ᎠᎾᏓᏛᎥᏍᎩ ᏕᎬᏂᎦᎷᏬᏍᎪᎢ ᎤᏟ ᎢᎦᎢ ᎤᎾᏓᏛᏗᏱ ᎤᏰᎸᏐᎢ.
3. ᎿᎭᏉ ᏂᎯ ᎢᏣᏓᏅᎦᎸᏔᏅ ᎧᏃᎮᏛ ᎾᏍᎩ ᎢᏨᏁᏤᎸᎯ ᏥᎩ.
4. ᏍᎩᏯᎡᏍᏗ, ᎠᏎᏃ ᎢᏨᏯᎡᏍᏗ. ᎾᏍᎩᏯ ᎤᏩᏂᎦᎸᎢ ᎤᏩᏒ ᏰᎵ ᎬᏩᏓᏛᏗ ᏂᎨᏒᎾ ᏥᎨᏐ ᎬᏂ ᎤᏖᎸᎳᏛ ᏧᏩᏂᎦᎶᎢ, ᎾᏍᏉᏍᎩᏂ ᏂᎯ ᎥᏝ ᏰᎵᎦ ᎬᏂ ᎠᏴ ᏱᏍᎩᏯᎠ.
5. ᎤᏖᎸᎳᏛᎢ ᎠᏴ, ᏚᏩᏂᎦᎸᎢ ᏂᎯ. ᎠᏴ ᎠᎩᏯᎢ, ᎠᏴᏃ ᏥᏯᎢ, ᎾᏍᎩ ᎤᏣᏙ ᎠᎾᏓᏛᎥᏍᎪᎢ. ᎥᏝᏰᏃ ᎠᏴ ᎥᏝ ᏰᎵ ᎪᎱᏍᏗ ᏴᎨᏣᏛᎦ.
6. ᎢᏳᏃ ᎩᎶ ᎾᎩᏯᎥᎾ ᏥᎨᏐᎢ, ᎠᎦᏓᎡᎪᎢ ᎾᏍᎩᏯ ᎤᏩᏂᎦᎳᏅᎯ ᏧᎾᏓᎡᎪᎢ, ᎠᎴ ᎬᏴᏍᎪᎢ; ᏴᏫᏃ ᏓᏂᏟᏏᏍᎪᎢ, ᎠᏥᎸᏱᏃ ᏫᏚᎾᏕᎪᎢ, ᎠᎴ ᏓᎪᎲᏍᎪᎢ.
7. ᎢᏳᏃ ᏂᎯ ᏍᎩᏯᎡᏍᏗ, ᎠᎴ ᎠᎩᏁᏨ ᎢᏥᏯᎡᏍᏗ, ᏂᎦᎥ ᎢᏣᏚᎵᏍᎬ ᎢᏥᏔᏲᎯᎮᏍᏗ, ᎠᎴ ᎾᏍᎩ ᎠᏎ ᎢᏰᏣᏛᏁᏗ ᎨᏎᏍᏗ.
8. ᎤᏣᏛ ᎢᏣᏓᏛᎥᏍᎬ ᎾᏍᎩ ᏅᏓᎦᎵᏍᏙᏔᏂ ᎡᏙᏓ ᏓᏰᏥᎸᏉᏔᏂ; ᎰᏩᏃ ᏍᎩᏍᏓᏩᏗᏙᎯ ᎨᏎᏍᏗ.
9. ᎡᏙᏓ ᎠᎩᎨᏳᎯᏳ ᏥᎩ, ᎾᏍᎩᏯ ᎾᏍᏉ ᎢᏨᎨᏳᎢᏳ ᏂᎯ. ᏅᏩᏍᏗᏗᏎᏍᏗᏉ ᎢᏨᎨᏳᎢᏳ ᎨᏒᎢ.
10. ᎢᏳᏃ ᏱᏥᏍᏆᏂᎪᏗ ᏗᎧᎿᎭᏩᏛᏍᏗ ᎠᏆᏤᎵᎦ, ᏱᏅᏩᏍᏗᏗᏉ ᎢᏨᎨᏳᎢᏳ ᎨᏒᎢ; ᎾᏍᎩᏯ ᏣᎩᏍᏆᏂᎪᏔᏅ ᏗᎧᎿᎭᏩᏛᏍᏗ ᎡᏙᏓ ᎤᏤᎵᎦ, ᎠᎴ ᏥᏅᏩᏍᏗᏗᏉ ᎠᎩᎨᏳᎯᏳ ᎨᏒᎢ.
11. ᎾᏍᎩ ᎯᎠ ᏄᏍᏗ ᎢᏨᏬᏁᏔᏅ, ᏅᏩᏍᏗᏗᏎᏍᏗᏉ ᎦᏥᏯᎵᎡᎵᎬ ᎠᏇᎵᏒ, ᎠᎴ ᎠᎾᎵᎮᎵᎬ ᎤᎧᎵᏨᎯ ᎨᏎᏍᏗ ᎠᏇᎵᏒ.
12. ᏗᎧᎿᎭᏩᏛᏍᏗ ᎠᏆᏤᎵᎦ ᎯᎠ ᏄᏍᏗ, ᏗᏣᏓᎨᏳᎯᏳ ᎢᏳᎵᏍᏙᏗᏱ, ᎾᏍᎩᏯ ᎢᏨᎨᏳᎢᏳ ᏄᎵᏍᏔᏅᎢ.
13. ᎥᏝ ᎩᎶ ᎤᏓᎨᏳᎯᏳ ᎨᏒ ᏴᎬᎪᎾᏛᏓ ᎤᎵᎢ ᏗᏲᎱᎯᏎᎯ.
14. ᏂᎯ ᎠᏴ ᎢᎦᎵᎢ, ᎢᏳᏃ ᏂᎦᎥ ᎢᏨᏁᏤᎲ ᏱᏂᏣᏛᏁᎭ.
15. ᎪᎯ ᎢᏳᏓᎴᏅᏛ ᎥᏝ ᎢᏨᏅᏏᏓᏍᏗ ᏱᏨᏲᏎᎭ; ᎠᏥᏅᏏᏓᏍᏗᏰᏃ ᎥᏝ ᏯᎦᏔᎰ ᎤᎾᏞᎢ ᎾᏛᏁᎲᎢ. ᏂᎯᏍᎩᏂ ᎢᎦᎵᎢ ᎢᏨᏲᏎᎭ; ᏂᎦᎥᏰᏃ ᎪᎱᏍᏗ ᎡᏙᏓ ᏥᏯᏛᎦᏁᎸᎢ ᎾᏍᎩ ᎢᏨᎾᏄᎪᏫᏎᎸ.
16. ᎥᏝ ᏂᎯ ᎠᏴ ᏍᎩᏯᏑᏰᏛ ᏱᎩ, ᎠᏴᏍᎩᏂ ᏂᎯ ᎢᏨᏯᏑᏰᏛ, ᎠᎴ ᏕᏨᏯᎧᏅ ᎢᏤᏅᏍᏗᏱ ᎤᏁᏉᏨᎯ ᎢᏥᎾᏄᎪᏫᏍᏗᏱ, ᎠᎴ ᎤᏁᏉᏨᎯ ᎢᏣᏤᎵᎦ ᎦᎶᏐᎲᏍᎩ ᏂᎨᏒᎾ ᎢᏳᎵᏍᏙᏗᏱ, ᏂᎦᎥᏃ ᎪᎱᏍᏗ ᎡᏥᏔᏲᏎᎮᏍᏗ ᎠᎦᏴᎵᎨᎢ, ᎠᏴ ᏓᏆᏙᎥ ᎢᏥᏔᏲᏍᏗᏍᎨᏍᏗ, ᎾᏍᎩ ᎢᏥᏁᏗᏱ.
17. ᎾᏍᎩ ᎯᎠ ᏄᏍᏗ ᎢᏨᏁᏤᎭ ᏗᏣᏓᎨᏳᎯᏳ ᎢᏳᎵᏍᏙᏗᏱ.
18. ᎢᏳᏃ ᎡᎶᎯ ᎢᏥᏍᎦᎩᏳ ᏱᎩ, ᎢᏥᎦᏔᎭ ᎠᏴ ᎢᎬᏱ ᎠᎩᏍᎦᎩᏳ ᏄᎵᏍᏔᏅ ᏂᎯ ᎣᏂ.
19. ᎢᏳᏃ ᎡᎶᎯ ᎢᏣᎵᎪᎯ ᏱᎨᏎᎢ, ᎡᎶᎯ ᏧᎨᏳᎯᏳ ᏱᎨᏎ ᏧᏤᎵᎦ. ᎠᏎᏃ ᎡᎶᎯ ᎢᏣᎵᎪᎯ ᏂᎨᏒᎾ ᏥᎩ, ᎢᏨᏯᏑᏰᏛᏍᎩᏂ ᎡᎶᎯ ᏥᎩ, ᎾᏍᎩ ᏅᏗᎦᎵᏍᏙᏗᎭ ᎡᎶᎯ ᎢᏥᏍᎦᎦ.
20. ᎢᏣᏅᏖᏍᏗ ᎯᎠ ᏥᏂᏨᏪᏎᎸᎩ; ᎠᏥᎾᏝᎢ ᎥᏝ ᎤᏟ ᎠᏥᎸᏉᏗᏳ ᏱᎨᏐ ᎡᏍᎦᏉ ᎤᎾᏝᎢ. ᎢᏳᏃ ᎠᏴ ᎬᎩᏐᏢᏔᏅᎯ ᏱᎩ, ᏂᎯ ᎾᏍᏉ ᏓᎨᏥᏐᏢᏔᏂ. ᎢᏳᏃ ᎠᏴ ᎠᎩᏁᏨ ᎤᏂᏍᏆᏂᎪᏔᏅᎯ ᏱᎩ, ᏂᎯ ᎾᏍᏉ ᎢᏥᏁᏨ ᏛᏂᏍᏆᏂᎪᏔᏂ.
21. ᎠᏍᎡᏃ ᎾᏍᎩ ᎯᎠ ᏂᎦᏛ ᏧᏓᎴᏅᏛ ᏅᏓᎨᏨᏁᎵ ᏅᏗᎦᎵᏍᏙᏗᏍᎨᏍᏗ ᏓᏆᏙᎥᎢ, ᏂᎬᏩᎦᏔᎲᎾ ᎨᏒ ᎢᏳᏍᏗ ᏅᏛᎩᏅᏏᏛ.
22. ᎢᏳᏃ ᎾᎩᎷᏨᎾ ᎠᎴ ᏂᎦᏥᏬᏁᏔᏅᎾ ᏱᎨᏎᎢ, ᎥᏝ ᎠᏍᎦᏂ ᏱᎬᏩᏁᎮᎢ; ᎪᎯᏍᎩᏂ ᎥᏝ ᏳᏁᎭ ᎤᏄᏢᏙᏗ ᎤᏂᏍᎦᏅᏨᎢ.
23. ᎾᏍᎩ Ꮎ ᎠᎩᏍᎦᎩ ᎠᏴ, ᎾᏍᏉ ᎠᏍᎦᎩᏳ ᎨᏐ ᎡᏙᏓ.
24. ᎢᏳᏃ ᎠᏁᎲ ᏂᏓᎩᎸᏫᏍᏓᏁᎲᎾ ᏱᎨᏎᎢ ᎩᎶ ᏧᎸᏫᏍᏓᏁᎸᎯ ᏂᎨᏒᎾ ᏥᎩ, ᎥᏝ ᎠᏍᎦᏂ ᏱᎬᏩᏁᎮᎢ; ᎠᏎᏃ ᎿᎭᏉ ᎢᏧᎳ ᎪᎩᏂᎪᎲ ᎠᎴ ᎪᎩᏂᏍᎦᎩᏳ ᏄᎵᏍᏔᏅ ᎢᏧᎳ ᎠᏴ ᎡᏙᏓᏃ.
25. ᎠᏎᏃ [ᎾᏍᎩ ᏄᎵᏍᏔᏅᎩ] ᎤᏙᎯᏳᏗᏱ ᎠᏰᎸᏒ ᎤᎵᏁᏨ ᎯᎠ ᏥᏂᎬᏅ ᏥᎪᏪᎳ ᏧᏂᎧᎿᎭᏩᏛᏍᏗᏱ; “ᎠᏎᏉ ᎬᎩᏍᎦᎬᎩ.”
26. ᎠᏎᏃ ᎠᏓᏅᏬᎯᏍᏗᏍᎩ ᎦᎷᏨᎭ, ᎾᏍᎩ ᎠᎦᏴᎵᎨᏍᏛᏱ ᏅᏓᏥᏅᏍᏗ ᏥᎩ ᏂᎯ ᎢᏥᎷᏤᏗᏱ, ᎦᏰᎪᎩ ᏂᎨᏒᎾ ᎠᏓᏅᏙ ᎠᎦᏴᎵᎨᏍᏛᏱ ᏅᏛᏓᎴᎲᏍᎩ, ᎾᏍᎩ ᏛᎩᏃᎮᎵ ᎬᏂᎨᏒ ᏅᏛᏋᏁᎵ.
27. ᏂᎯᏃ ᎾᏍᏉ ᎢᏥᏃᎮᏍᎩ ᎨᏎᏍᏗ, ᎢᏧᎳᎭᏰᏃ ᎢᏕᏓ ᏗᏓᎴᏂᏍᎬ ᏅᏓᎬᏩᏓᎴᏅᏛ.

== John 16 ==
1. ᎾᏍᎩ ᎯᎠ ᏄᏍᏗ ᎢᏨᏃᎮᎮᎸ, ᏗᏦᏕᏍᏗᏱ ᏂᎨᏒᎾ.
2. ᏗᎦᎳᏫᎢᏍᏗᏱ ᏓᏰᏥᏄᎪᏫᏏ; ᎥᎥ, ᏛᏍᏆᎸᎯ, ᎩᎶ ᎢᏥᎯᎮᏍᏗ, ᎤᏁᎳᏅᎯ ᏂᏥᏯᏛᏁᎭ, ᎡᎵᏍᎨᏍᏗ.
3. ᎾᏍᎩ ᎯᎠ ᎾᎾᏛᏁᎮᏍᏗ ᏅᏗᎦᎵᏍᏙᏗᏍᎨᏍᏗ ᎾᏂᎦᏔᎲᎾ ᎨᏒ ᎠᎦᏴᎵᎨᎢ, ᎠᎴ ᎠᏴ ᏂᎬᎩᎦᏔᎲᎾ ᎨᏒᎢ.
4. ᎠᏎᏃ ᎾᏍᎩ ᎯᎠ ᏄᏍᏗ ᎢᏨᏃᎲᏏ, ᎠᏍᏆᎸᎲ ᎢᏣᏅᏓᏗᏍᏗᏱ ᎾᏍᎩ ᎢᏨᏃᏁᎸᎢ. ᎠᎴ ᎥᏝ ᎾᏍᎩ ᎢᎬᏱᏱᏉ ᏱᏨᏃᏁᎴᎢ, ᎢᏧᎳᎭ ᎢᏕᏙᎲ ᏅᏓᎦᎵᏍᏙᏗᏍᎬᎩ.
5. ᎿᎭᏉᏃ ᏅᏛᎩᏅᏏᏛ ᏧᏬᎸ ᏫᏥᎦᏘ, ᎥᏝᏃ ᎩᎶ ᏂᎯ ᏂᏣᏛᏅ ᏳᏓᏑᏯ ᏯᏆᏛᏛᎲᏍᎦ, ᎯᎠ ᏱᏂᎦᏪ; ᎭᏢ ᏫᎦᏘ?
6. ᎠᏎᏃ ᎾᏍᎩ ᏂᏨᏪᏎᎸ ᏅᏗᎦᎵᏍᏙᏗᎭ, ᎤᏲ ᎠᏓᏅᏓᏗᏍᏗ ᎨᏒ ᎤᎧᎵᎸ ᎢᏥᎾᏫ.
7. ᎠᏎᏃ ᎤᏙᎯᏳᎯᏯ ᎢᏨᏃᏁᎭ; ᎣᏏᏳ ᎢᏣᎵᏍᏓᏁᏗ ᏨᏓᎨᏏ; ᎢᏳᏰᏃ ᎾᏇᏅᏒᎾ ᏱᎩ, ᎠᏓᏅᏬᎯᏍᏗᏍᎩ ᎥᏝ ᏴᎨᏥᎷᏥᏏ; ᏯᏇᏅᏍᎩᏂ ᏅᏓᏥᏅᏍᏗ ᎨᏎᏍᏗ ᎢᏥᎷᏤᏗᏱ.
8. ᎾᏍᎩᏃ ᎦᎷᏨᎭ ᎬᏂᎨᏒ ᏅᏓᎬᏁᎵ ᎡᎶᎯ ᎠᏍᎦᏂ ᎨᏒᎢ, ᎠᎴ ᏚᏳᎪᏛ ᎨᏒᎢ, ᎠᎴ ᏗᎫᎪᏙᏗ ᎨᏒᎢ.
9. ᎠᏍᎦᏂ ᎨᏒᎢ, ᏂᎬᏉᎯᏳᎲᏍᎬᎾ ᎨᏒ ᎢᏳᏍᏗ;
10. ᏚᏳᎪᏛ ᎨᏒᎢ, ᎡᏙᏙᏱ ᏫᏥᎦᏛᎢ, ᎠᎴ ᎿᎭᏉ ᏂᏍᎩᎪᏩᏘᏍᎬᎾ ᎨᏒ ᎢᏳᏍᏗ;
11. ᏗᎫᎪᏙᏗ ᎨᏒᎢ, ᎤᎬᏫᏳᎯ ᎯᎠ ᎡᎶᎯ ᎤᏤᎵᎦ ᏣᎫᎪᏓᏁᏗ ᎨᏒ ᎢᏳᏍᏗ.
12. ᎠᏏ ᎤᏣᏔ ᎠᎩᎷᎳ ᎪᎱᏍᏗ ᎢᏨᏃᏁᏗ, ᎠᏎᏃ ᎪᎯ ᎨᏒ ᎥᏝ ᏰᎵ ᎾᏍᎩ ᎨᏣᏛᎪᏗ ᏱᎩ;
13. ᎦᎷᏨᎭᏍᎩᏂ ᎾᏍᎩ Ꮎ ᎦᏰᎪᎩ ᏂᎨᏒᎾ ᎠᏓᏅᏙ, ᏂᎦᎥ ᎤᏙᎯᏳᎯ ᎨᏒ ᏙᏓᏣᏘᏂᏙᎵ, ᎥᏝᏰᏃ ᎤᏩᏒᏉ ᎤᏓᏅᏖᏛ ᏱᎧᏁᎨᏍᏗ, ᏂᎦᎥᏍᎩᏂ ᎠᏛᎩᏍᎨᏍᏗ ᎾᏍᎩ ᎧᏁᎨᏍᏗ; ᎠᎴ ᏓᏥᎾᏄᎪᏫᏎᎵ ᏧᏓᎴᏅᏛ ᎣᏂ ᎢᏳᎵᏍᏔᏂᏓᏍᏗ ᎨᏒᎢ.
14. ᎾᏍᎩ ᏛᎩᎸᏉᏔᏂ ᎠᏴ, ᎠᏆᏤᎵᏰᏃ ᎨᏒ ᏛᎩᏏ ᎠᎴ ᏓᏥᎾᏄᎪᏫᏎᎵ.
15. ᏂᎦᎥ ᎠᎦᏴᎵᎨ ᎤᎲ ᎠᏆᏤᎵᎦ, ᎾᏍᎩ ᎢᏳᏍᏗ ᎯᎠ ᏥᏂᏥᏫ, ᎠᏆᏤᎵᎦ ᎨᏒ ᏛᎩᏏ ᎠᎴ ᏓᏥᎾᏄᎪᏫᏎᎵ.
16. ᏂᎪᎯᎸᎾᏉ ᎿᎭᏉ ᎥᏝ ᏱᏍᎩᎪᏩᏘᏍᎨᏍᏗ; ᎠᎴ ᎿᎭᏉ ᏔᎵᏁ ᏂᎪᎯᎸᎾᏉ ᎢᏍᎩᎪᏩᏘᏍᎨᏍᏗ; ᏅᏗᎦᎵᏍᏙᏗᎭ ᎠᎦᏴᎵᎨᏍᏛᏱ ᏫᏥᎦᏛᎢ.
17. ᎿᎭᏉᏃ ᎢᎦᏛ ᎬᏩᏍᏓᏩᏗᏙᎯ ᎯᎠ ᏂᏚᎾᏓᏪᏎᎸᎩ; ᎦᏙ ᎦᏛᎦ ᎯᎠ ᏥᏂᎩᏪᏎᎭ; ᏂᎪᎯᎸᎾᏉ ᎿᎭᏉ ᎥᏝ ᏱᏍᎩᎪᏩᏘᏍᎨᏍᏗ, ᎠᎴ ᎿᎭᏉ ᏔᎵᏁ ᏂᎪᎯᎸᎾᏉ ᎢᏍᎩᎪᏩᏘᏍᎨᏍᏗ? ᎠᎴ ᏅᏗᎦᎵᏍᏙᏗᎭ ᎠᎦᏴᎵᎨᏍᏛᏱ ᏫᏥᎦᏛᎢ?
18. ᎾᏍᎩ ᎢᏳᏍᏗ ᎯᎠ ᏄᏂᏪᏒᎩ, ᎦᏙ ᎦᏛᎦ ᏂᎪᎯᎸᎾᏉ ᏣᏗᎭ? ᎥᏝ ᏲᏦᎵᎦ ᏄᏍᏛ ᎦᏛᎬᎢ.
19. ᏥᏌᏃ ᎠᎦᏔᎲᎩ ᎤᎾᏚᎵᏍᎬ ᎬᏩᏛᏛᏗᏱ, ᎯᎠᏃ ᏂᏚᏪᏎᎸᎩ; ᏥᎪᏕᏣᏓᏛᏛᎲᏍᎦ ᎦᏛᎬᎢ ᎯᎠ ᏥᎾᎩᏪᏒᎩ; ᏂᎪᎯᎸᎾᏉ ᎿᎭᏉ ᎥᏝ ᏱᏍᎩᎪᏩᏘᏍᎨᏍᏗ, ᎠᎴ ᎿᎭᏉ ᏔᎵᏁ ᏂᎪᎯᎸᎾᏉ ᎢᏍᎩᎪᏩᏘᏍᎨᏍᏗ?
20. ᎤᏙᎯᏳᎯᏯ ᎤᏙᎯᏳᎯᏯ ᎯᎠ ᏂᏨᏪᏎᎭ; ᏂᎯ ᏕᏥᏴᎨᏍᏗ ᎠᎴ ᎢᏥᏍᎪᏂᎮᏍᏗ, ᎡᎶᎯᏍᎩᏂ ᎠᎵᎮᎵᎨᏍᏗ; ᏂᎯᏃ ᎤᏲ ᎢᏣᏓᏅᏖᏍᏗ, ᎠᏎᏃ ᎤᏲ ᎢᏣᏓᏅᏛ ᎤᎵᎮᎵᏍᏗ ᏮᏛᏓᏁᏟᏴᏍᏔᏂ.
21. ᎠᎨᏴ ᎤᏲ ᎤᏓᏅᏙ ᏣᏕᎲᏍᎪ ᎠᏲᎵ, ᎤᏍᏆᎸᎡᎸ ᏅᏗᎦᎵᏍᏙᏗᏍᎪᎢ; ᎠᏎᏃ ᎿᎭᏉ ᎦᎾᏄᎪᏩ ᎠᏲᎵ, ᎥᏝ ᎿᎭᏉ ᏯᏅᏓᏗᏍᎪ ᎡᎯᏍᏗ ᎤᏓᏅᏓᏛᎢ, ᏅᏗᎦᎵᏍᏙᏗᏍᎪ ᎠᎵᎮᎵᎬ ᏴᏫ ᎤᎾᏄᎪᏫᏒ ᏒᎶᎯ.
22. ᎾᏍᎩ ᎢᏳᏍᏗ ᏂᎯ ᎪᎯ ᎨᏒ ᎤᏲ ᎢᏣᏓᏅᏔ; ᎠᏎᏃ ᏔᎵᏁ ᏛᏨᎪᎢ, ᎠᎴ ᎢᏥᎾᏫ ᏛᎵᎮᎵᏥ, ᎢᏣᎵᎮᎵᎬᏃ ᎥᏝ ᎩᎶ ᏴᎨᏥᎩᏏ.
23. ᎾᎯᏳᏃ ᎢᎦ ᎥᏝ ᎪᎱᏍᏗ ᏱᏍᎩᏯᏛᏛᎲᏍᎨᏍᏗ. ᎤᏙᎯᏳᎯᏯ ᎤᏙᎯᏳᎯᏯ ᎯᎠ ᏂᏨᏪᏎᎭ; ᏂᎦᎥ ᎪᎱᏍᏗ ᎠᎦᏴᎵᎨ ᎡᏥᏔᏲᏎᎮᏍᏗ, ᏓᏆᏙᎥ ᎢᏨᏗᏍᎨᏍᏗ, ᎠᏎ ᎡᏥᏁᏗ ᎨᏎᏍᏗ.
24. ᎪᎯ ᎢᏯᏍᏗ ᎥᏝ ᎪᎱᏍᏗ ᏱᏥᏔᏲᏍᏔᏃ ᎠᏴ ᏓᏉᏙᎥᎢ. ᎢᏥᏔᏲᎭ ᏓᏰᏥᏁᎵᏃ, ᎢᏣᎵᎮᎵᎬ ᎤᎧᎵᎢᏍᏗᏱ.
25. ᎾᏍᎩ ᎯᎠ ᏄᏍᏗ ᎢᏨᏃᎮᎮᎸ ᎤᏦᏍᏗ ᎪᎵᏍᏗᏱ ᎠᏋᏔᏅ; ᎠᏎᏃ ᏛᏍᏆᎸᎯ ᎿᎭᏉ ᎥᏝ ᏱᏨᏯᎵᏃᎮᏗᏍᎨᏍᏗ ᎤᏦᏍᏗ ᎪᎵᏍᏗᏱ ᎬᏗ, ᎬᏂᎨᏒᎢᏳᏍᎩᏂ ᏓᏨᎾᏄᎪᏫᏎᎵ ᎠᎦᏴᎵᎨᎢ.
26. ᎾᎯᏳ ᎢᎦ ᏓᏆᏙᎥ ᎢᏥᏔᏲᏍᏗᏍᎨᏍᏗ; ᎥᏝᏃ ᎠᎦᏴᎵᎨ ᏓᏥᏯᏓᏙᎵᏍᏓᏁᎵ ᏂᎯ ᎢᏥᏍᏕᎸᏗᏱ ᏱᏨᏲᏎᎭ;
27. ᎠᎦᏴᎵᎨᏰᏃ ᎤᏩᏒ ᎢᏥᎨᏳᎭ, ᏅᏗᎦᎵᏍᏙᏗᎭ ᏍᎩᎨᏳᎢᏳ ᎨᏒᎢ, ᎠᎴ ᎢᏦᎯᏳᏅ ᎤᏁᎳᏅᎯᏱ ᏅᏛᏆᏓᎴᏅᎯ ᎨᏒᎢ.
28. ᎠᎦᏴᎵᎨᏍᏛᏱ ᏗᏆᏓᎴᏅ, ᎡᎶᎯ ᎠᎩᎷᏥᎸ; ᏔᎵᏁ ᎡᎶᎯ ᏛᎦᏓᏅᏏ, ᎠᎦᏴᎵᎨᏍᏛᏱ ᏮᏛᏥᎶᏏ.
29. ᎬᏩᏍᏓᏩᏗᏙᎯ ᎯᎠ ᏅᎬᏩᏪᏎᎸᎩ; ᎬᏂᏳᏉ ᎿᎭᏉ ᎬᏂᎨᏒᎢᏳ ᎯᏁᎦ, ᎥᏝᏃ ᎤᏦᏍᏗ ᎪᎵᏍᏗᏱ ᏱᏁᎦ.
30. ᎿᎭᏉ ᎣᏥᎦᏔᎭ ᏂᎦᎥ ᎪᎱᏍᏗ ᎯᎦᏔᎯᏳ ᎨᏒᎢ, ᎠᎴ ᎠᏎᏉᏉ ᎨᏒ ᎩᎶ ᏱᏨᏛᏛᎲᏍᎦ. ᎾᏍᎩ ᎤᏗᎦᎵᏍᏙᏗᎭ ᎣᏦᎯᏳᎲᏍᎦ ᎤᏁᎳᏅᎯᏱ ᏅᏓᏣᏓᎴᏅᎯ ᎨᏒᎢ.
31. ᏥᏌ ᎯᎠ ᏂᏚᏪᏎᎸᎩ; ᏥᎪ ᎿᎭᏉ ᎢᏦᎯᏳᎲᏍᎦ?
32. ᎬᏂᏳᏉ ᏛᏍᏆᎸᎯ, ᎥᎥ, ᎿᎭᏉᎤᏍᏆᎸᎲ, ᎢᏣᏗᎦᎴᏲᎢᏍᏗᏱ, ᏂᏥᎥ ᎢᏥᏏᏴᏫᎭ ᏙᏗᏤᏅᏒ ᎢᏗᏢ, ᎠᎴ ᏓᏍᎩᏴᏕᏥ ᎠᏋᏒᏉ ᎨᏎᏍᏗ; ᎥᏝᏍᎩᏂᏃᏅ ᎠᏋᎡ ᏱᎩ, ᎠᎦᏴᎵᎨᏰᏃ ᏔᎵ ᏅᏛᏗᏕᎦ.
33. ᎾᏍᎩ ᏄᏍᏗ ᎯᎠ ᎢᏨᏃᎮᎮᎸ ᎠᏴ ᏅᏩᏙᎯᏯᏛ ᎢᏨᏯᏓᏅᏓᏗᏍᏙᏗᏱ. ᎡᎶᎯ ᎤᏕᏯᏙᏗ ᏓᏥᏩᏛᎯ; ᎠᏎᏃ ᎤᎦᎵᏍᏗᏉ ᎢᏣᏓᏅᏖᏍᏗ; ᎠᏴ ᏥᏎᎪᎩᏒ ᎡᎶᎯ.

== John 17 ==
1. ᎾᏍᎩ ᎯᎠ ᏄᏪᏒᎩ ᏥᏌ, ᎠᎴ ᏚᏌᎳᏓᏅᎩ ᏗᎦᏙᎵ ᎦᎸᎳᏗ ᏫᏚᎧᎿᎭᏅᎩ, ᎯᎠ ᏄᏪᏒᎩ; ᎡᏙᏓ, ᎿᎭᏉ ᎤᏍᏆᎸᎲ; ᎯᎸᏉᏓ ᏤᏥ, ᏤᏥ ᎾᏍᏉ ᏂᎯ ᏣᎸᏉᏙᏗᏱ.
2. ᎯᏯᎵᏍᎪᎸᏓᏁᎸᏰᏃ ᏂᎦᎥ ᎤᏇᏓᎵ, ᏧᏁᏗᏱ ᎾᎵᏍᏆᏗᏍᎬᎾ ᎬᏂᏛ ᎾᏂᎥ ᏖᎧᏁᎸᎯ ᎨᏒᎢ.
3. ᎯᎠᏃ ᎾᏍᎩ ᏄᏍᏗ ᎬᏂᏛ ᎾᎵᏍᏆᏗᏍᎬᎾ-ᎾᏍᎩ ᎨᏣᎦᏙᎥᎯᏍᏗᏱ ᏂᎯ ᏨᏒᎯᏳ ᎤᏙᎯᏳᏒ ᏣᏁᎳᏅᎯ, ᎠᎴ ᎤᏂᎦᏙᎥᎯᏍᏗᏱ ᏥᏌ ᎦᎶᏁᏛ ᎾᏍᎩ Ꮎ ᎯᏅᏏᏛ ᏥᎩ.
4. ᎬᎸᏉᏔᏅ ᎡᎶᎯ; ᎠᎩᏍᏆᏛ ᏗᎦᎸᏫᏍᏓᏁᏗ ᏍᎩᏁᎸᎯ ᏥᎩ ᏗᎩᎸᏫᏍᏓᏁᏗᏱ.
5. ᎿᎭᏉᏃ, ᏂᎯ ᎡᏙᏓ, ᏍᎩᎸᏉᏓ ᏨᏒ ᏗᏦᎸᎢ, ᎾᏍᎩᏯ ᎥᎩᎸᏉᏗᏳ ᏥᎨᏒᎩ ᏗᏦᎸ ᎠᏏᏉ ᏂᎬᎾᏛ ᎾᏓᎴᏂᏍᎬᎾ ᏥᎨᏒᎩ.
6. ᏕᏣᏙᎥ ᎬᏂᎨᏒ ᏂᎦᏥᏴᏁᎸ ᎠᏂᏍᎦᏯ ᎡᎶᎯ ᏔᏑᏰᏛ ᏗᏍᎩᎧᏁᎸᎯ ᏥᎩ. ᏗᏣᏤᎵᎦ ᎨᏒᎩ, ᎠᎴ ᏕᏍᎩᎧᏁᎸᎩ; ᎠᎴ ᎤᏂᏍᏆᏂᎪᏔᏅ ᎧᏃᎮᏛ ᏣᏤᎵᎦ.
7. ᎿᎭᏉᏃ ᎠᏂᎦᏔᎯᏳ ᏄᎵᏍᏔᏅ, ᏂᎦᎥ ᎪᎱᏍᏗ ᏍᎩᏁᎸᎯ ᏥᎩ, ᏂᎯ ᏅᏓᏳᏓᎴᎲᎯ ᎨᏒᎢ.
8. ᏕᏥᏁᎸᏰᏃ ᎧᏃᎮᏛ ᎾᏍᎩ ᏍᎩᏁᎸᎯ ᏥᎩ; ᎠᎴ ᎾᏍᎩ ᏚᎾᏓᏂᎸᏨ, ᎠᎴ ᎤᏂᎦᏙᎥᏒ ᎤᏙᎯᏳᏒ ᏂᎯ ᏖᎲ ᏅᏛᏆᏓᎴᏅᎯ ᎨᏒᎢ; ᎠᎴ ᎤᏃᎯᏳᏅ ᏂᎯ ᏅᏓᏍᎩᏅᏏᏛ ᎨᏒᎢ.
9. ᎾᏍᎩ ᎦᏥᏯᏓᏙᎵᏍᏓᏁᎭ; ᎥᏝ ᎡᎶᎯ ᏱᏥᏯᏓᏙᎵᏍᏓᏁᎭ, ᎾᏍᎩᏉᏍᎩᏂ Ꮎ ᏗᏍᎩᎧᏁᎸᎯ ᏥᎩ; ᏂᎯᏰᏃ ᏗᏣᏤᎵᎦ.
10. ᏂᎦᏛᏃ ᎠᏆᏤᎵᎦ ᏂᎯ ᏣᏤᎵᎦ, ᏂᎯᏃ ᏣᏤᎵᎦ ᎠᏴ ᎠᏆᏤᎵᎦ; ᎠᎴ ᎾᏍᎩ ᏅᏗᎦᎵᏍᏙᏗᎭ ᎥᎩᎸᏉᏗᎭ.
11. ᎿᎭᏉᏃ ᎠᏴ ᎥᏝ ᎡᎶᎯ ᏱᎨᎠ, ᎯᎠᏍᎩᏂ ᎡᎶᎯ ᎠᏁᎭ, ᎠᏴᏃ ᏗᏦᎸ ᏫᏥᎦᏘ. ᎡᏣᎸᏉᏗᏳ ᎡᏙᏓ, ᏨᏒ ᏕᏣᏙᎥ ᎲᏗᏍᎨᏍᏗ ᏕᎯᏍᏆᏂᎪᏕᏍᏗ ᏗᏍᎩᎧᏁᎸᎯ, ᏌᏉᏉ ᎢᏳᎾᎵᏍᏙᏗᏱ, ᎾᏍᎩᏯ ᏂᎯ ᎠᏴᏃ ᏌᏉᏉ ᏥᎩ.
12. ᎠᏏ ᎡᎶᎯ ᏥᎦᏥᏰᎳᏗᏙᎲᎩ, ᏕᏣᏙᎥ ᏕᏥᏍᏆᏂᎪᏙᏛᎩ; ᎾᏍᎩ ᏗᏍᎩᎧᏁᎸᎯ ᎦᏥᏍᏆᏂᎪᏔᏅ, ᎠᎴ ᎥᏝ ᎠᏏᏴᏫ ᏳᏲᎱᏒ Ꮎ ᎤᏩᏒ ᎠᏲᎱᎯᏍᏗ ᎤᏪᏥ, ᎤᏙᎯᏳᏗᏱ ᎪᏪᎸᎢ.
13. ᎿᎭᏉᏃ ᏗᏦᎸ ᏫᏥᎦᏘ, ᎾᏍᎩᏃ ᎯᎠ ᏂᏥᏪᎠ ᎠᏂ ᎡᎶᎯ, ᎬᏉᎵᎮᎵᎬ ᎤᏂᎧᎵᎢᏍᏗᏱ ᎤᎾᏓᏅᏛᎢ.
14. ᏕᏥᏁᎸ ᎧᏃᎮᏛ ᏣᏤᎵᎦ; ᎡᎶᎯᏃ ᏗᏍᎦᎩᏳ ᏄᎵᏍᏔᏅ, ᎡᎶᎯ ᎠᏁᎯ ᏂᎨᏒᎾ ᎨᏒ ᎢᏳᏍᏗ, ᎾᏍᎩᏯ ᎠᏴ ᎡᎶᎯ ᎨᎢ ᏂᎨᏒᎾ ᏥᎩ.
15. ᎥᏝ ᎡᎶᎯ ᏗᎧᎲᏍᏗᏱ ᏱᏥᏔᏲᎯᎭ, ᏘᏲᏍᏙᏓᏁᏗᏱᏉᏍᎩᏂ ᎤᏲ ᎨᏒᎢ.
16. ᎥᏝ ᎡᎶᎯ ᎠᏁᎯ ᏱᎩ, ᎾᏍᎩᏯ ᎠᏴ ᎡᎶᎯ ᎨᎢ ᏂᎨᏒᎾ ᏥᎩ.
17. ᎦᏰᎪᎩ ᏂᎨᏒᎾ ᏣᏤᎵᎦ ᏖᏅᎦᎸᏓ; ᎧᏃᎮᏛ ᏣᏤᎵᎦ ᎾᏍᎩ ᎦᏰᎪᎩ ᏂᎨᏒᎾ.
18. ᏂᎯ ᎡᎶᎯ ᎠᎩᎷᎯᏍᏗᏱ ᏍᎩᏅᏏᏛ ᏥᎩ, ᎾᏍᎩᏯ ᎾᏍᏉ ᎠᏴ ᎡᎶᎯ ᎦᏥᏅᎵ ᎾᏍᎩ.
19. ᎠᎴ ᎾᏍᎩ ᎯᎠ ᎨᏒ ᏅᏗᎦᎵᏍᏙᏗᎭ ᎦᏓᏅᎦᎵᎠ, ᎾᏍᏉ ᎤᏅᏒ ᎦᏰᎪᎩ ᏂᎨᏒᎾ ᎤᎾᎿᎭᏅᎦᎸᏙᏗᏱ.
20. ᎠᎴ ᎥᏝ ᎯᎠᏉ Ꮎ ᎤᏅᏒ ᏱᎦᏥᏯᏓᏙᎵᏍᏓᏁᎭ, ᎾᏍᏉᏍᎩᏂ Ꮎ ᎠᎾᎵᏥᏙᎲᏍᎬ ᎬᏉᎯᏳᎲᏍᎩ ᎢᏳᎵᏍᏙᏗ ᏥᎩ ᎦᏥᏯᏓᏙᎵᏍᏓᏁᎭ;
21. ᎾᏍᎩ ᏂᎦᏛ ᏌᏉᏉ ᎢᏳᎾᎵᏍᏙᏗᏱ, ᎾᏍᎩᏯ ᏂᎯ ᎡᏙᏓ ᏥᏍᎩᏯᎠ, ᎠᎴ ᎠᏴ ᏥᎬᏯᎠ, ᎾᏍᎩ ᎾᏍᏉ ᏌᏉᏉ ᎢᎦᎵᏍᏙᏗᏱ; ᎾᏍᎩᏃ ᎡᎶᎯ ᎤᏬᎯᏳᏗᏱ ᏂᎯ ᏅᏓᏍᎩᏅᏏᏛ ᎨᏒᎢ.
22. ᎠᎴ ᎾᏍᎩ ᎥᎩᎸᏉᏙᏗ ᎨᏒ ᏂᎯ ᏍᎩᏁᎸᎯ ᏥᎩ, ᎾᏍᎩ ᎦᏥᏁᎸ, ᏌᏉ ᎢᏳᎾᎵᏍᏙᏗᏱ, ᎾᏍᎩᏯ ᏂᎯ ᎠᏴᏃ ᏌᏉᏉ ᏥᎩ;
23. ᎠᏴ ᎾᏍᎩ ᎦᏥᏯᎥᎢ, ᎠᎴ ᏂᎯ ᎠᏴ ᏍᎩᏯᎥᎢ, ᎾᏍᎩ ᏧᏳᎪᏗᏯ ᏌᏉᏉ ᎢᏳᎾᎵᏍᏙᏗᏱ, ᎾᏍᎩᏃ ᎡᎶᎯ ᎤᎦᏙᎥᎯᏍᏗᏱ ᏅᏓᏍᎩᏅᏏᏛ ᎨᏒᎢ, ᎠᎴ ᎾᏍᎩ ᏘᎨᏳᎯᏳ ᎨᏒᎢ, ᎾᏍᎩᏯ ᏍᎩᎨᏳᎢᏳ ᏥᎩ.
24. ᎡᏙᏓ, ᎠᏆᏚᎵ ᎾᏍᏉ ᏗᏍᎩᎧᏁᎸᎯ ᎠᏴ ᎨᎥᎢ ᎾᏍᎩ ᎢᏧᎳᎭ ᎣᎦᏕᏗᏱ,—ᎾᏍᎩᏃ ᎤᏂᎪᏩᏛᏗᏱ ᎥᎩᎸᏉᏛᎢ, ᎾᏍᎩ ᏍᎩᏁᎸᎯ ᏥᎩ; ᏍᎩᎨᏳᎯᏳᏰᏃ ᎨᏒᎩ ᎠᏏ ᎡᎶᎯ ᎾᏓᎴᏂᏍᎬᎾ ᏥᎨᏒᎩ.
25. ᏣᏓᏅᏘ ᎡᏙᏓ, ᎡᎶᎯ ᎥᏝ ᏣᎦᏔᎯ ᏱᎩ, ᎠᏴᏍᎩᏂ ᎬᏩᏔᎯᏳ, ᎠᎴ ᎯᎠ ᎠᏂᎦᏔᎯᏳ ᏍᎩᏅᏏᏛ ᎨᏒᎢ.
26. ᎠᏴᏃ ᏕᏣᏙᎥ ᎦᏥᎾᏄᎪᏫᏎᎸ, ᎠᎴ ᎠᏎ ᏓᎦᏥᎾᏄᎪᏫᏎᎵ, ᎤᏁᎳᏗᏍᏙᏗᏱ ᎠᏴ ᏍᎩᎨᏳᎯᏳ ᎨᏒᎢ, ᎠᎴ ᎠᏴ ᎾᏍᎩ ᎦᏥᏯᎢ ᎢᏳᎵᏍᏙᏗᏱ.

== John 18 ==
1. ᎾᏍᎩ ᎯᎠ ᏥᏌ ᏄᏪᏒ, ᎬᏩᏍᏓᏩᏗᏙᎯ ᏚᏘᏅᏒᎩ, ᎤᏄᎪᏨᎩ ᏚᏪᏐᏨᎩ ᎩᏠᏂ ᎤᏪᏴᎢ, ᎾᎿᎭᎠᏫᏒᏗᏱ ᎪᏢᏒᎩ, ᎾᎿᎭᎤᏴᎸᎩ, ᎠᎴ ᎾᏍᏉ ᎬᏩᏍᏓᏩᏗᏙᎯ.
2. ᏧᏓᏏᏃ ᎤᏡᏗᏍᎩ ᎾᏍᏉ ᎠᎦᏔᎯᏳ ᎨᏒᎩ ᎾᎿᎭᏂ, ᏥᏌᏰᏃ ᎠᎴ ᎬᏩᏍᏓᏩᏗᏙᎯ ᏯᏃᎩᏳ ᎾᎿᎭᏓᏂᎳᏫᎬᎩ.
3. ᎿᎭᏉᏃ ᏧᏓᏏ ᏚᏘᏁᏅ ᏑᎾᏓᏡᎩ ᎠᏂᏯᏫᏍᎩ, ᎠᎴ ᏗᎾᏓᏂᏱᏍᎩ, ᏄᏂᎬᏫᏳᏒ ᎠᏥᎸ-ᎠᏁᎶᎯ ᎠᎴ ᎠᏂᏉᎵᏏ ᏅᏓᏳᎾᏓᎴᏅᎯ, ᎾᎿᎭᎤᎷᏨᎩ, ᏓᏂᏁᎲᎩ ᏗᏨᏍᏙᏗ ᎠᎴ ᏗᎵᏍᎦᏍᏙᏙᎢ.
4. ᏥᏌᏃ ᎠᎦᏔᎯᏳ ᎨᏒ ᏂᎦᎥ ᎢᏳᎵᏍᏓᏁᏗ ᎨᏒᎢ, ᎤᏪᏅᏒᎩ ᎯᎠ ᏫᏂᏚᏪᏎᎸᎩ; ᎦᎪ ᎡᏥᏲᎭ?
5. ᎯᎠ ᏅᎬᏩᏪᏎᎸᎩ; ᏥᏌ ᎾᏎᎵᏗ ᎡᎯ. ᏥᏌ ᎯᎠ ᏂᏚᏪᏎᎸᎩ; ᎠᏴ ᎾᏍᎩ. ᏧᏓᏏᏃ ᎾᏍᎩ ᎤᏡᏗᏍᎩ ᎾᏍᏉ ᎦᏙᎬᎩ ᎠᏂᏙᎾᎥᎢ.
6. ᎿᎭᏉᏃ, ᎠᏴ ᎾᏍᎩ, ᏚᏬᏎᎸ, ᎤᎾᏏᏅᏒᎩ, ᎡᎳᏗ ᏫᏚᏂᏅᏨᎩ.
7. ᎿᎭᏉᏃ ᏔᎵᏁ ᏙᎤᏛᏛᏅᎩ, ᎦᎪ ᎡᏥᏲᎭ? ᏚᏪᏎᎸᎩ ᎯᎠᏃ ᏄᏂᏪᏒᎩ; ᏥᏌ ᎾᏎᎵᏗ ᎡᎯ.
8. ᏥᏌ ᎯᎠ ᏂᏚᏪᏎᎸᎩ, ᎦᏳᎳ ᎢᏨᏃᏁᎸ ᎠᏴ ᎾᏍᎩ ᎨᏒᎢ. ᎢᏳᏃ ᎠᏴ ᏍᎩᏲᎮᏍᏗ, ᎯᎠ ᎤᎾᏁᎳᎩ ᏩᎾᏓᏅᎾ;
9. ᎤᏙᎯᏳᏗᏱ ᎤᏁᏨ ᎯᎠ ᏄᏪᏒᎢ; “ᏗᏍᎩᎧᏁᎸᎯ ᎥᏝ ᎠᏏᏴᏫ ᏍᎩᏲᎱᏎᎸ.”
10. ᎿᎭᏉᏃ ᏌᏩᏂ ᏈᏓ ᎠᏰᎳᏍᏗᎦᏅᎯᏛ ᎦᏁᎲᎢ, ᎤᎸᎲᎩ, ᎠᎴ ᎤᎷᏴᎩ ᏄᎬᏫᏳᏒ ᎠᏥᎸ-ᎨᎶᎯ ᎤᏅᏏᏓᏍᏗ, ᎠᎴ ᎾᏍᎩ ᎠᎦᏘᏏ ᎦᎴᏂ ᎤᎵᏍᏕᏍᏔᏅᎩ. ᎾᏍᎩ ᎠᏥᏅᏏᏓᏍᏗ ᎹᎵᎦ ᏧᏙᎢᏛ ᎨᏒᎩ.
11. ᎿᎭᏉᏃ ᏥᏌ ᎯᎠ ᏄᏪᏎᎸᎩ ᏈᏓ; ᏥᎯᎳᏓ ᏣᏤᎵ ᎠᏰᎳᏍᏗ-ᎦᏅᎯᏛ ᎦᎳᏗᏍᏗᏱ; ᎤᎵᏍᏈᏗ ᎡᏙᏓ ᎠᎩᏁᎸᎯ, ᏝᏍᎪ ᏴᏓᎦᏗᏔᎯ?
12. ᎿᎭᏉᏃ ᏑᎾᏓᏡᎩ, ᎠᎴ ᎠᏂᏯᏫᏍᎩ ᏗᏘᏂᏙᎯ, ᎠᎴ ᏗᎾᏓᏂᏱᏍᎩ ᎠᏂᏧᏏ ᏧᏂᏁᏤᎸᎯ, ᎬᏩᏂᏴᎲᎩ ᏥᏌ, ᎠᎴ ᎬᏩᎸᎸᎩ.
13. ᎠᎴ ᎡᎾ ᏧᏬᎸᎢ ᎢᎬᏱ ᏫᎬᏩᏘᏅᏍᏔᏅᎩ, ᎾᏍᎩᏰᏃ ᎧᏱᏆ ᎤᎿᎭᏥᏴᎩ, ᎠᎴ ᎾᏍᎩ ᏄᎬᏫᏳᏒ ᎠᏥᎸ-ᎨᎶᎯ ᎨᏒᎩ ᎾᎯᏳ ᎤᏕᏘᏴᏌᏗᏒᎢ.
14. ᎾᏍᎩ ᎯᎠ ᎧᏱᏆ ᏥᏚᏁᏤᎴ ᎠᏂᏧᏏ, ᎯᎠ ᏥᏂᏚᏪᏎᎴᎢ; ᎤᏟ ᎣᏏᏳ ᎢᎦᎵᏍᏓᏁᏗ ᎠᏏᏴᏫ ᏱᏚᏲᎱᎯᎭᎸ ᏴᏫ.
15. ᏌᏩᏂᏃ ᏈᏓ ᎤᏍᏓᏩᏛᏒᎩ ᏥᏌ, ᎠᎴ ᎾᏍᏉ ᏅᏩᏓᎴ ᎠᏓᏍᏓᏩᏗᏙᎯ. ᎾᏍᎩ ᎠᏓᏍᏓᏩᏗᏙᎯ ᏄᎬᏫᏳᏒ ᎠᏥᎸ-ᎨᎶᎯ ᎤᎦᏔᎯ ᎨᏒᎩ; ᎢᏧᎳᎭᏃ ᏥᏌ ᎤᏂᏴᎸᎩ ᎤᏜᏓᏅᏛᎢ ᏄᎬᏫᏳᏒ ᎠᏥᎸ-ᎨᎶᎯ ᎦᏁᎸᎢ.
16. ᏈᏓᏍᎩᏂ ᏙᏱᏗᏢᏉ ᎦᎶᎯᏍᏗᏱ ᎤᎴᏅᎩ. ᎿᎭᏉᏃ ᎾᏍᎩ Ꮎ ᏐᎢ ᎠᏓᏍᏓᏩᏗᏙᎯ, ᏄᎬᏫᏳᏒ ᎠᏥᎸ-ᎨᎶᎯ ᎤᎦᏔᎯ, ᎤᏄᎪᏨᎩ, ᏭᎵᏃᎮᏔᏅᎩ ᎠᏛ ᎦᎶᎯᏍᏗᏱ ᎠᎦᏘᏯ, ᎠᎴ ᎤᏴᏔᏅᎩ ᏈᏓ.
17. ᎿᎭᏉᏃ ᎾᏍᎩ ᎠᏛ, ᎦᎶᎯᏍᏗᏱ ᎠᎦᏘᏯ, ᎯᎠ ᏄᏪᏎᎸ ᏈᏓ; ᏂᎯᎧ ᎾᏍᏉ ᎯᎠ ᎠᏍᎦᏯ ᎯᏍᏓᏩᏗᏙᎯ? ᎥᏝ, ᎤᏛᏅᎩ.
18. ᎨᏥᏅᏏᏓᏍᏗᏃ ᎠᎴ ᏗᎾᏓᏂᏱᏍᎩ ᎾᎿᎭᎠᎾᏙᎾᎥᎩ, ᎧᏃᏍᎦ ᎤᏃᏙᏔᏅᎯ ᎨᏒᎩ,—ᎤᏴᏢᎩᏰᏃ, ᎠᎴ ᎤᏂᎦᎾᏬᏍᎬᎩ. ᏈᏓᏃ ᎨᎸᎩ ᎦᏙᎬᎩ ᎠᎴ ᎤᎦᎾᏬᏍᎬᎩ.
19. ᎿᎭᏉᏃ ᏄᎬᏫᏳᏒ ᎠᏥᎸ-ᎨᎶᎯ ᎤᏛᏛᏅᎩ ᏥᏌ, ᎬᏩᏍᏓᏩᏗᏙᎯ ᎠᎴ ᏄᏍᏛ ᏓᏕᏲᎲᏍᎬ ᎤᎬᏩᎵ.
20. ᏥᏌ ᎯᎠ ᏄᏪᏎᎸᎩ; ᎬᏂᎨᏒ ᎦᏥᏬᏁᏗᏍᎬᎩ ᎡᎶᎯ; ᏯᏃᎩᏳ ᏕᎦᏕᏲᎲᏍᎬ ᏗᎦᎳᏫᎢᏍᏗᏱ ᏕᎪᏢᏩᏗᏒᎢ, ᎠᎴ ᎤᏛᏅ-ᏗᎦᎳᏫᎢᏍᏗᏱ, ᎾᎿᎭᎠᏂᏧᏏ ᏂᎪᎯᎸ ᏧᏂᎳᏫᏦᎯᏍᏗᏱ ᏥᎩ, ᎤᏕᎵᏛᏃ ᎥᏝ ᎪᎱᏍᏗ ᎠᏆᏛᏅᎯ ᏱᎩ.
21. ᎦᏙᏃ ᎠᏴ ᎢᏍᏆᏛᏛᎲᏍᎦ? ᎾᏍᎩ Ꮎ ᏔᏛᏛᎲᎦ ᎤᎾᏛᎦᏅᎯ ᎾᏍᎩ ᏂᎦᏥᏪᏎᎸᎢ. ᎬᏂᏳᏉ ᎠᏂᎦᏔᎭ ᎾᎩᏪᏒᎢ.
22. ᎾᏍᎩᏃ ᏄᏪᏒ, ᎠᏏᏴᏫ ᏗᏓᏂᏱᏍᎩ ᎾᎥ ᎦᏙᎩ ᎤᏏᏛᏂᎸᎩ ᏥᏌ, ᎯᎠ ᏄᏪᏒᎩ; ᎾᏍᎩᏍᎪ ᏂᏪᏎ ᎯᏁᏤᎭ ᏄᎬᏫᏳᏒ ᎠᏥᎸ-ᎨᎶᎯ?
23. ᏥᏌ ᎯᎠ ᏄᏪᏎᎸᎩ; ᎢᏳᏃ ᎤᏐᏅ ᎠᎩᏁᏤᏍᏗ, ᎾᏍᎩ ᎯᎦᏔᎯ ᏫᏂᎦᎵᏍᏓ ᎤᏐᏅ ᎠᎩᏁᏨᎢ; ᎢᏳᏍᎩᏂ ᎣᏏᏳ ᎠᎩᏁᏤᏍᏗ, ᎦᏙᏃ ᏥᏍᏋᏂᎭ?
24. ᎡᎾᏰᏃ ᎤᏁᏨᎯ ᎨᏒᎩ ᎠᎦᎸᎢᏛ ᎠᎦᏘᏅᏍᏗᏱ ᎧᏱᏆ ᏄᎬᏫᏳᏒ ᎠᏥᎸᎨᎶᎯ ᏧᏪᏅᏒᎢ.
25. ᏌᏩᏂᏃ ᏈᏓ ᎦᏙᎬᎩ ᎤᎦᎾᏬᏍᎬᎩ. ᎿᎭᏉᏃ ᎯᎠ ᏅᎬᏩᏪᏎᎸᎩ; ᏂᎯᎧ ᎾᏍᏉ ᎯᎠ ᎯᏍᏓᏩᏗᏙᎯ? ᎤᏓᏱᎸᎩ, ᎥᏝ, ᎤᏛᏅᎩ.
26. ᎠᏏᏴᏫ ᏄᎬᏫᏳᏒ ᎠᏥᎸ-ᎨᎶᎯ ᏧᏅᏏᏓᏍᏗ, ᎪᎱᏍᏗ ᎤᏩᎾ ᏈᏓ ᎤᎵᏍᏕᏒᎯ, ᎯᎠ ᏄᏪᏎᎸᎩ; ᏝᏍᎪ ᏱᎬᎪᎡ ᏥᏍᏕᏙᎲᎩ ᎠᏫᏒᏗᏱ?
27. ᏈᏓᏃ ᏔᎵᏁ ᎤᏓᏱᎸᎩ. ᎩᎳᏉᏃ ᎢᏴᏛ ᏣᏔᎦ ᎤᏴᎳᏒᎩ.
28. ᎿᎭᏉ ᎧᏱᏆ ᎦᏁᎸ ᎤᎾᏘᎿᎭᏫᏛᎲᎩ ᏥᏌ, ᏗᎫᎪᏙᏗᏱ ᏭᎾᏘᏅᏍᏔᏅᎩ; ᎠᎴ ᏑᎾᎴ ᎨᏒᎩ. ᎤᏅᏒᏍᎩᏂ ᎥᏝ ᏗᎫᎪᏙᏗᏱ ᏳᏁᏅᏎᎢ, ᎦᏓᎭ ᏱᏃᏣᎵᏍᏓ ᎠᏁᎵᏍᎬᎩ, ᎧᏃᎯᏰᎩ ᏗᎵᏍᏓᏴᏗᏱ ᏧᎾᎵᏍᏓᏴᏗᏱ ᎤᏂᏰᎸᏒᎩ.
29. ᏆᎴᏗᏃ ᏓᏳᏄᎪᏨᎩ ᎠᏂᏙᎾᎥ ᎤᎷᏨᎩ, ᎯᎠ ᏄᏪᏒᎩ; ᎦᏙ ᎡᏧᎢᏍᏗᎭ ᎯᎠ ᎠᏍᎦᏯ?
30. ᎤᏂᏁᏨᎩ ᎯᎠ ᎤᎬᏩᏪᏎᎸᎩ; ᎢᏳᏃ ᎤᏍᎦᏅᏨᎯ ᏂᎨᏒᎾ ᏱᎨᏎᎢ ᎥᏝ ᏱᏙᎨᏨᏲᎯᏎᎴᎢ.
31. ᎿᎭᏉᏃ ᏆᎴᏗ ᎯᎠ ᏂᏚᏪᏎᎸᎩ; ᎡᏣᏘᎿᎭᏫᏛ, ᎢᏨᏒ ᏗᏥᎧᎿᎭᏩᏛᏍᏗ ᎢᏨᏓ ᎡᏥᏱᎵᏓ. ᎿᎭᏉᏃ ᎠᏂᏧᏏ ᎯᎠ ᏅᎬᏩᏪᏎᎸᎩ; ᎥᏝ ᎤᎵᏁᏨᎯ ᏱᎩ ᏴᏫ ᎣᏥᎯᏍᏗᏱ.
32. [ᎾᏍᎩ ᏄᎵᏍᏔᏅᎩ] ᎤᏙᎯᏳᏗᏱ ᏥᏌ ᎤᏁᏨᎢ, ᎦᏛᎬ ᎢᏳᎵᏍᏓᏁᏗᏱ ᎤᏲᎱᎯᏍᏗᏱ.
33. ᎿᎭᏉᏃ ᏆᎴᏗ ᏔᎵᏁ ᏗᎫᎪᏗᏱ ᎤᏴᎸᎩ, ᎠᎴ ᏥᏌ ᏭᏯᏅᎲᎩ, ᎯᎠ ᏄᏪᏎᎸᎩ, ᏂᎯᏍᎪ ᏣᎬᏫᏳᎯ ᎠᏂᏧᏏ ᎤᎾᏤᎵᎦ?
34. ᏥᏌ ᎯᎠ ᏄᏪᏎᎸᎩ; ᏥᎪ ᏨᏒ ᏣᏓᏅᏖᏛ ᎾᏍᎩ ᏥᏂᏪᎠ, ᎩᎶᎨ ᎾᏍᎩ ᎨᏣᏃᎮᎮᎴᎢ?
35. ᏆᎴᏗ ᎯᎠ ᏄᏪᏒᎩ; ᏥᎪ ᎠᏴ ᏥᏧᏏ? ᏗᏣᏤᎵᎦ ᏴᏫ, ᎠᎴ ᏄᏂᎬᏫᏳᏒ ᎠᏥᎸ-ᎠᏁᎶᎯ ᏕᎨᏣᏲᏒ ᎦᏙ ᏣᏛᏁᎸ.
36. ᏥᏌ ᎯᎠ ᏄᏪᏒᎩ; ᎠᎩᎬᏫᏳᎯ ᎨᏒ ᎥᏝ ᎠᏂ ᎡᎶᎯ ᎡᎯ ᏱᎩ. ᎢᏳᏃ ᎠᎩᎬᏫᏳᎯ ᎨᏒ ᎠᏂ ᎡᎶᎯ ᎡᎯ ᏱᎨᏎᎢ, ᏗᏆᏤᎵᎦ ᏱᏚᎾᏟᏴᎮᎢ, ᏞᏍᏗ ᎠᏂᏧᏏ ᏗᎨᏥᏲᎯᏎᎸᎩ, ᏳᏁᎵᏎᎢ. ᎠᏎᏃ ᎥᏝ ᎠᏂ ᎤᏓᎴᏅᎯ ᏱᎩ ᎠᎩᎬᏫᏳᎯ ᎨᏒᎢ.
37. ᎿᎭᏉᏃ ᏆᎴᏗ ᎯᎠ ᏄᏪᏎᎸᎩ; ᏣᎬᏫᏳᎯᏰᎧᏂ? ᏥᏌ ᎯᎠ ᏄᏪᏒᎩ; ᏰᎵ ᏂᏫ, ᎠᎩᎬᏫᏳᎯᏰᏃ ᎠᏴ. ᏥᏃᎮᏍᎩ ᎤᏙᎯᏳᏒ ᎢᏯᏆᎵᏍᏙᏗᏱ, ᎾᏍᎩ ᎢᏳᏍᏗ ᎠᏆᏕᏅᎩ, ᎠᎴ ᎾᏍᎩ ᏅᏓᏳᎵᏍᏙᏔᏅᎩ ᎡᎶᎯ ᎠᎩᎾᏄᎪᏥᎸᎩ. ᎾᏂᎥ ᎤᏙᎯᏳᏒ ᎤᏂᎨᏳᎯ ᎠᎾᏛᎩᏍᎪ ᏥᏁᎬᎢ.
38. ᏆᎴᏗ ᎯᎠ ᏄᏪᏎᎸᎩ; ᎦᏙ ᎤᏍᏗ ᎤᏙᎯᏳᏒ ᎨᏒᎢ? ᎾᏍᎩᏃ ᎯᎠ ᏄᏪᏒ, ᏔᎵᏁ ᎤᏄᎪᏨᎩ ᎠᏂᏧᏏ ᎠᏂᏙᎾᎥ ᏭᎶᏒᎩ, ᎠᎴ ᎯᎠ ᏫᏂᏚᏪᏎᎸᎩ; ᎥᏝ ᏱᏥᏩᏘᎭ ᎤᏍᎦᏅᏨᎢ.
39. ᎠᏎᏃ ᏗᎧᎿᎭᏩᏛᏍᏗ ᎢᏥᎭ, ᏗᏨᏲᎯᏎᏗᏱ ᎠᏏᏴᏫ ᎧᏃᎯᏰᎩ ᏗᎵᏍᏓᏴᏗᏱ ᎠᏍᏆᎵᏍᎬ ᎢᏳᎢ. ᎾᏍᎩ ᎢᏳᏍᏗ ᎢᏣᏚᎵᏍᎪ ᏗᏨᏲᏎᏗᏱ ᎤᎬᏫᏳᎯ ᎠᏂᏧᏏ ᎤᎾᏤᎵᎦ?
40. ᎿᎭᏉᏃ ᏂᎦᏛ ᏔᎵᏁ ᎤᏁᎷᏅᎩ, ᎯᎠ ᏄᏂᏪᏒᎩ; ᎥᏝᏍᏗ ᎯᎠ ᎠᏍᎦᏯ, ᏆᎳᏆᏍᎩᏂ. ᎾᏍᎩ ᏆᎳᏆ ᎠᏓᎾᏌᎲᏍᎩ ᎨᏒᎩ.

== John 19 ==
1. ᎿᎭᏉᏃ ᏆᎴᏗ ᎤᏂᏴᎲᎩ ᏥᏌ ᎠᎴ ᎤᎵᎥᏂᎸᎩ.
2. ᎠᏂᏯᏫᏍᎩᏃ ᎤᏂᏍᏕᏲᎸ ᏧᏣᏲᏍᏗ ᎠᎵᏍᏚᎶ ᎤᏃᏢᏅᎩ ᎠᎴ ᎬᏩᏍᏚᎳᏅᎩ, ᎠᎴ ᎩᎦᎨ ᎠᏄᏬ ᎬᏩᏄᏬᎥᎩ,
3. ᎠᎴ ᎯᎠ ᏄᏂᏪᏒᎩ; ᎢᏨᏲᎵᎦ ᏣᎬᏫᏳᎯ ᎠᏂᏧᏏ ᎤᎾᏤᎵᎦ. ᎠᎴ ᏕᎬᏩᏏᏛᏂᎸᎩ.
4. ᎿᎭᏉᏃ ᏆᎴᏗ ᏔᎵᏁ ᎤᏄᎪᏨᎩ, ᎯᎠ ᏫᏂᏚᏪᏎᎸᎩ; ᎬᏂᏳᏉ ᎢᏨᎾᏄᎪᏫᏏ, ᎢᏣᏙᎴᎰᎯᏍᏗᏱ ᎤᏍᎦᏅᏨ ᎾᎩᏩᏛᎲᎾ ᎨᏒᎢ.
5. ᏥᏌᏃ ᏓᏳᎾᏄᎪᏨᎩ, ᎤᎵᏍᏚᎸᎩ ᎠᎵᏍᏚᎶ ᏧᏣᏲᏍᏗ ᎪᏢᏔᏅᎯ, ᎠᎴ ᎤᏄᏮᎩ ᎩᎦᎨ ᎠᏄᏬ. ᏆᎴᏗᏃ ᎯᎠ ᏂᏚᏪᏎᎸᎩ; ᎬᏂᏳᏉ ᎯᎠ ᎾᏍᎩ ᎠᏍᎦᏯ.
6. ᎿᎭᏉᏃ ᏄᏂᎬᏫᏳᏒ ᎠᏥᎸ-ᎠᏁᎶᎯ ᎠᎴ ᏗᎾᏓᏂᏱᏍᎩ ᎬᏩᎪᎲ, ᎤᏁᎷᏅᎩ, ᎯᎠ ᏄᏂᏪᏒᎩ; ᎯᏯᏛᎥᎦ! ᎯᏯᏛᎥᎦ! ᏆᎴᏗ ᎯᎠ ᏂᏚᏪᏎᎸᎩ; ᏂᎯ ᎡᏣᏗᎿᎭᏫᏛ, ᎠᎴ ᎡᏣᏛᎥᎦ; ᎠᏴᏰᏃ ᎥᏝ ᏱᏥᏩᏘᎭ ᎤᏍᎦᏅᏨᎢ.
7. ᎠᏂᏧᏏ ᎯᎠ ᏫᏅᎬᏩᏪᏎᎸᎩ; ᏗᎧᎿᎭᏩᏛᏍᏗ ᎣᎩᎭ, ᏦᎩᎧᎿᎭᏩᏛᏍᏗᏃ ᏂᎬᏅ ᏰᎵᏉ ᎬᏩᏲᎱᎯᏍᏗ, ᎤᏁᎳᏅᎯᏰᏃ ᎤᏪᏥ ᎤᏤᎸᏅᎩ.
8. ᎿᎭᏉᏃ ᏆᎴᏗ ᎾᏍᎩ ᎤᏛᎦᏅ ᎤᏟ ᎢᎦᎢ ᎤᏍᎦᎸᎩ;
9. ᎠᎴ ᏔᎵᏁ ᎤᏴᎸᎩ ᏗᎫᎪᏙᏗᏱ, ᎯᎠ ᏫᏄᏪᏎᎸᎩ ᏥᏌ; ᎭᏢ ᏅᏓᏣᏓᎴᏅᎯ? ᎠᏎᏃ ᏥᏌ ᎥᏝ ᏳᏁᏤᎴᎢ.
10. ᎿᎭᏉᏃ ᏆᎴᏗ ᎯᎠ ᏄᏪᏎᎸᎩ; ᏝᏍᎪ ᏱᏍᎩᏁᏤᎭ? ᏝᏍᎪ ᏱᎦᏔᎭ ᏰᎵᏉ ᎦᎬᏯᏛᏗ ᎨᏒᎢ, ᎠᎴ ᏰᎵᏉ ᏗᎦᎬᏲᎯᏍᏗ ᎨᏒᎢ?
11. ᏥᏌ ᎯᎠ ᏄᏪᏎᎸᎩ; ᎥᏝ ᏱᎨᏣᎭ ᏰᎵ ᎠᏴ ᎪᎱᏍᏗ ᏍᏋᏁᏗᏱ, ᎦᎸᎳᏗ ᏅᏓᏰᏣᎵᏍᎪᎸᏓᏁᎸᎯ ᏂᎨᏒᎾ ᏱᎩ. ᎾᏍᎩ ᎢᏳᏍᏗ, ᎠᏴ ᏗᎩᏲᏒᎯ ᏂᎯ ᏗᏣᏲᎯᏎᎸᎯ ᎤᏟ ᎡᏉᎯᏳ ᎤᏍᎦᏅᏨ.
12. ᎾᎯᏳᏃ ᎢᏳᏓᎴᏅᏛ ᏆᎴᏗ ᎤᏲᎸᎩ ᎥᎤᏪᎪᏗᏱ. ᎠᏎᏃ ᎠᏂᏧᏏ ᎤᏁᎷᏅᎩ, ᎯᎠ ᏄᏂᏪᏒᎩ; ᎢᏳᏃ ᎯᎠ ᎠᏍᎦᏯ ᎢᎯᏯᎧᏅᎭ ᎥᏝ ᏏᏌ ᎢᏍᏓᎵᎢ ᏱᎦᎨᏎᏍᏗ. ᎩᎶ ᎤᎬᏫᏳᎯ ᎠᏤᎸᏍᎩ, ᎧᏁᎬ ᏏᏌ ᎠᏡᏗᏍᎪᎢ.
13. ᎾᏍᎩ ᎢᏳᏍᏗ ᏆᎴᏗ ᎾᏍᎩ ᎤᏛᎦᏅ ᎤᏄᎪᏫᏒᎩ ᏥᏌ, ᎠᎴ ᎤᏪᏅᎩ ᏗᎫᎪᏙᏗᏱ ᎦᏍᎩᎸᎢ, ᏅᏯ-ᎠᏰᏍᏓᎥ ᏕᎤᏙᎥᎢ, ᎠᏂᏧᏏᏍᎩᏂ ᎤᏂᏬᏂᎯᏍᏗ ᎨᏒ ᎨᏆᏓ ᏕᎤᏙᎥ.
14. ᎧᏃᎯᏰᎩᏃ ᏗᎵᏍᏓᏴᏗᏱ ᎠᏛᏅᎢᏍᏙᏗᏱ ᎢᎦ ᎨᏒᎩ, ᎠᎴ ᏔᎳᏚ ᎢᏳᏟᎶᏛ ᎢᏴᏛ ᎧᎳᏩᏗᏒ ᎨᏒᎩ, ᏆᎴᏗᏃ ᎯᎠ ᏂᏚᏪᏎᎸᎩ ᎠᏂᏧᏏ; ᎬᏂᏳᏉ ᎤᎬᏫᏳᎯ ᎢᏣᏤᎵᎦ!
15. ᎠᏎᏃ ᎤᏁᎷᏅᏉ ᎯᎠ ᏄᏂᏪᏒᎩ; ᎯᎷᎦ! ᎯᎷᎦ! ᎯᏯᏛᎥᎦ! ᏆᎴᏗ ᎯᎠ ᏂᏚᏪᏎᎸᎩ; ᏓᏥᏯᏛᏂᏍᎪ ᎢᏣᏤᎵᎦ ᎤᎬᏫᏳᎯ? ᏄᏂᎬᏫᏳᏒ ᎠᏥᎸ-ᎠᏁᎶᎯ ᎯᎠ ᏄᏂᏪᏎᎸᎩ; ᎥᏝ ᏲᎩᎧᎭ ᎤᎬᏫᏳᎯ, ᏏᏌ ᎤᏩᏒ!
16. ᎿᎭᏉᏃ ᏚᏲᎯᏎᎸᎩ ᎤᎾᏛᏗᏱ. ᎤᏂᏂᏴᏛᎩᏃ ᏥᏌ ᎠᎴ ᎤᎾᏘᎾᏫᏛᎲᎩ.
17. ᏥᏌᏃ ᏧᏓᎿᎭᏩᏛ ᎦᏁᎲᎩ ᎤᏄᎪᏨᎩ, ᎤᏍᏆᎷᎪ ᏚᏙᎥ ᎤᎷᏨᎩ, ᎾᏍᎩ ᎪᎵᎦᏓ ᏚᏙᎥ ᎠᏂᏧᏏ ᎤᏂᏬᏂᎯᏍᏗ ᎨᏒ ᎠᏅᏗᏍᎬᎢ;
18. ᎾᎿᎭᏂ ᎬᏩᏛᏅᎩ, ᎠᎴ ᎠᏂᏔᎵ ᏅᏩᎾᏓᎴ ᎢᏧᎳᎭ ᏕᎨᎦᏛᏅᎩ ᎢᏧᎳ ᎢᏗᏢ ᏥᏌᏃ ᎠᏰᎵ.
19. ᏆᎴᏗᏃ ᎤᏬᏪᎳᏅᎩ ᎠᎪᎵᏰᏗ, ᎠᎴ ᏓᏓᎿᎭᏩᏍᏛ ᎤᏪᏯᎸᏅᎩ; ᎯᎠ ᏂᎬᏅ ᎪᏪᎸᎩ; ᏥᏌ ᎾᏎᎵᏗ ᎡᎯ, ᎤᎬᏫᏩᎯ ᎠᏂᏧᏏ ᎤᎾᏤᎵᎦ.
20. ᎯᎠ ᎾᏍᎩ ᎠᎪᎵᏰᏗ ᎤᏂᏣᏛ ᎠᏂᏧᏏ ᎠᏂᎪᎵᏰᏍᎬᎩ, ᏥᏌᏰᏃ ᎠᎦᏛᏅ ᎦᏚᎲ ᎾᎥ ᎨᏒᎩ, ᎠᏂᏧᏏᏃ, ᎠᎴ ᎠᏂᎪᎢ, ᎠᎴ ᎠᏂᎶᎻ ᏧᏂᏬᏂᎯᏍᏗ ᎨᏒ ᎪᏪᎸᎩ.
21. ᎿᎭᏉᏃ ᏄᏂᎬᏫᏳᏒ ᎠᏥᎸ-ᎠᏁᎶᎯ ᎠᏂᏧᏏ ᏧᎾᏤᎵᎦ ᎯᎠ ᏄᏂᏪᏎᎸᎩ ᏆᎴᏗ; ᏞᏍᏗ ᎯᎠ ᎢᏨᏁᎸ ᏦᏪᎳᏅᎩ; ᎤᎬᏫᏳᎯ ᎠᏂᏧᏏ ᎤᎾᏤᎵᎦ; ᎯᎠᏍᎩᏂ; ᎠᎩᎬᏫᏳᎯ ᎠᏂᏧᏏ ᎤᎾᏤᎵᎦ ᎠᏗᏍᎬᎩ.
22. ᏆᎴᏗ ᎯᎠ ᏄᏪᏒᎩ; ᏥᎾᏋᏁᎸ ᏣᏉᏪᎳᏅ, ᎿᎭᏉ ᎠᏎ ᎠᏉᏪᎳᏅ.
23. ᎿᎭᏉᏃ ᎠᏂᏯᏫᏍᎩ, ᏥᏌ ᎬᏩᏛᏅ, ᏚᏂᏁᏒᎩ ᏧᏄᏬ, ᏅᎩ ᏂᏚᏂᏛᎩ, ᏌᏉ ᎢᎦᏛᎯ ᎠᏏᏴᏫ ᎠᏯᏫᏍᎩ ᎤᏤᎵᎦ ᏄᏅᏁᎸᎩ; ᎠᎴ ᎾᏍᏉ ᎭᏫᏂ ᎤᏄᏬᎥᎯ. ᎾᏍᎩ ᎭᏫᏂ ᎠᏄᏬ ᎥᏝ ᎦᏰᏫᏛ ᏱᎨᏎᎢ, ᏂᎬ ᎬᏅᎯ ᎨᏒᎩ.
24. ᎾᏍᎩ ᎢᏳᏍᏗ ᎯᎠ ᏂᏚᎾᏓᏪᏎᎸᎩ; ᏞᏍᏗ ᎢᎩᏣᎦᎸᎢᏒᎩ, ᎢᏓᏎᎯᏉᏍᎩᏂ ᎢᏓᏙᎴᎰᎯ ᎤᏤᎵᎦ ᎢᏳᎵᏍᏙᏗ ᎨᏒᎢ; ᎤᏙᎯᏳᏗᏱ ᎪᏪᎸ ᎯᎠ ᏥᏂᎬᏅ; ᏚᏂᏯᏙᎸᎩ ᏗᏆᏄᏬ, ᎠᎴ ᎠᏆᏄᏬᏍᏗ ᎤᎾᏌᏍᏔᏅᎩ. ᎯᎠ ᎾᏍᎩ ᎠᏂᏯᏫᏍᎩ ᏄᎾᏛᏁᎸᎩ.
25. ᎾᎥᏃ ᏓᏓᎿᎭᏩᏍᏛ ᏥᏌ ᎦᏛᎢ ᎠᏂᏙᎾᎥᎩ ᎤᏥ, ᎤᏂᏃ ᎤᎸᎢ ᎺᎵ ᏟᎣᏆ ᎤᏓᎵᎢ, ᎺᎵᏃ ᎹᎩᏕᎵ ᎡᎯ.
26. ᏥᏌᏃ ᎤᎪᎲ ᎤᏥ, ᎠᎴ ᎤᎪᎲ ᎾᎥ ᎦᏙᎬ ᎤᏍᏓᏩᏗᏙᎯ ᎤᎨᏳᎯ, ᎯᎠ ᏄᏪᏎᎸᎩ ᎤᏥ; ᎯᎨᏴ, ᎬᏂᏳᏉ ᏤᏥ.
27. ᎿᎭᏉᏃ ᎯᎠ ᏅᎤᏪᏎᎸᎩ ᎤᏍᏓᏩᏗᏙᎯ; ᎬᏂᏳᏉ ᏣᏥᎢ. ᎾᎯᏳᏉᏃ ᎾᏍᎩ ᎤᏍᏓᏩᏗᏙᎯ ᏧᏪᏅᏒ ᏭᏘᏅᏍᏔᏅᎩ.
28. ᎿᎭᏉᏃ ᏥᏌ ᎠᎦᏔᎯᏳ ᎨᏒ ᏂᎦᎥ ᎿᎭᏉ ᎤᎵᏍᏆᏛᎢ, ᎪᏪᎸ ᎤᏙᎯᏳᏗᏱ, ᎠᎩᏔᏕᎩᎭ, ᎤᏛᏅᎩ.
29. ᎾᎿᎭᏃ ᎥᎦᎧᎲᎩ ᎠᏖᎵᏙ ᏧᏂᏦᏯᏍᏗ ᎠᎧᎵᏬᎯ; ᏚᏬᎢᎵᏃ ᏧᏂᏦᏯᏍᏗ ᎤᏂᎧᎵᎢᏍᏔᏅᎩ, ᎠᎴ ᎾᏍᎩ ᎯᏏᏈ ᎤᏂᏆᏙᏔᏅᎩ, ᎠᎰᎵ ᎾᎥ ᎤᏂᏩᏌᏔᏅᎩ.
30. ᏥᏌᏃ ᏧᏂᏦᏯᏍᏗ ᎤᏁᎩᏒ ᎯᎠ ᏄᏪᏒᎩ; ᎿᎭᏉ ᎠᎵᏍᏆᏓ; ᎤᎵᏍᎫᏫᏒᏃ ᏕᎤᏲᏒᎩ ᎤᏓᏅᏙ.
31. ᎠᏂᏧᏏᏃ ᎤᏂᏔᏲᏎᎸᎩ ᏆᎴᏗ ᏗᏂᏅᏍᎨᏂ ᏗᎨᏥᏍᏆᎵᏎᏗᏱ ᎠᎴ ᏗᎨᏥᏁᏍᏗᏱ, ᏅᏓᏳᎵᏍᏙᏔᏅᎩ ᎠᏛᏅᎢᏍᏙᏗᏱ ᎢᎦ ᎨᏒᎢ, ᏞᏍᏗ ᎤᎾᏙᏓᏆᏍᎬ ᏱᏗᎦᏕᏍᏗ ᎠᏁᎵᏍᎬᎩ, ᎾᏍᎩᏰᏃ ᎤᎾᏙᏓᏆᏍᎬ ᎢᎦ ᎦᎸᏉᏗᏳ ᎨᏒᎩ.
32. ᎾᏍᎩ ᎢᏳᏍᏗ ᎠᏂᏯᏫᏍᎩ ᎤᏂᎷᏨᎩ, ᏚᏂᏍᏆᎵᏒᎩ ᏗᎦᏅᏍᎨᏂ ᎢᎬᏱᏱ ᎦᏗ ᎠᎴ ᏐᎢ ᎢᏧᎳᎭ ᏥᏌ ᏗᎨᎦᏛᏅᎯ.
33. ᏥᏌᏍᎩᏂ ᎦᏛ ᏭᏂᎷᏨ, ᎠᎴ ᎤᎾᏙᎴᎰᏒ ᎦᏳᎳ ᎤᏲᎱᏒᎯ ᎨᏒᎢ, ᎥᏝ ᏱᏚᏂᏍᏆᎵᏎ ᏗᎦᏅᏍᎨᏂ;
34. ᎠᏏᏴᏫᏍᎩᏂ ᎠᏯᏫᏍᎩ, ᏗᏓᏘᏍᏗ ᎤᏪᏘᏍᏔᏅᎩ ᎠᏍᏉᎨᏂ, ᎩᎳᏉᏃ ᎢᏴᏛ ᎾᎿᎭᏓᏳᏨᏨᎩ ᎩᎬ ᎠᎴ ᎠᎹ.
35. ᎾᏍᎩᏃ Ꮎ ᎤᎪᎲᎯ ᎤᏃᎮᎸᎩ, ᎧᏃᎮᏍᎬᏃ ᎤᏙᎯᏳᎭ, ᎠᎴ ᎠᎦᏔᎭ ᎤᏙᎯᏳᎯ ᎧᏃᎮᏍᎬᎢ, ᎾᏍᎩ ᎨᏦᎯᏳᏗ ᎢᏳᎵᏍᏙᏗᏱ.
36. ᎾᏍᎩᏰᏃ ᎯᎠ ᏄᎵᏍᏔᏅᎩ ᎤᏙᎯᏳᏗᏱ ᎪᏪᎸ ᎯᎠ ᏥᏂᎬᏅ; “ᎥᏝ ᏌᏉ ᎤᎪᎳ ᏧᎵᏍᏆᎵᏍᏗ ᏱᎨᏎᏍᏗ.”
37. ᎠᎴᏬ ᏅᏩᏓᎴ ᎪᏪᎸ ᎯᎠ ᏂᎦᏩᎭ; “ᏙᏓᎬᏩᎧᎾᏂ ᏗᎬᏪᏘᎸᎯ.”
38. ᎾᏍᎩᏃ ᏄᎵᏍᏔᏂᏙᎸ ᎣᏂ ᏦᏩ ᎠᎵᎹᏗᏱ ᎡᎯ, ᏥᏌ ᎠᏍᏓᏩᏗᏙᎯ ᎨᏒᎩ, ᎠᏎᏃ ᎤᏕᎵᏛᏉ ᎠᏂᏧᏏ ᏓᏍᎦᎢᎲᎢ ᏅᏓᎦᎵᏍᏙᏗᏍᎬᎩ, ᎾᏍᎩ ᏦᏩ ᎤᏔᏲᏎᎸᎩ ᏆᎴᏗ ᎤᏁᏍᏗᏱ ᏥᏌ ᎠᏰᎸᎢ. ᏆᎴᏗᏃ ᎤᎵᏍᎪᎸᏓᏁᎸᎩ. ᎰᏩᏃ ᎤᎷᏨᎩ ᎤᏁᏒᎩ ᏥᏌ ᎠᏰᎸᎢ.
39. ᎾᏍᏉᏃ ᎥᎤᎷᏨᎩ ᏂᎦᏗᎹᏏ, ᎾᏍᎩ ᎢᎬᏱᏱ ᏥᏌ ᎡᏃᏱ ᎤᎷᏤᎸᎯ, ᎤᏲᎸᎩ ᏗᏜᏓᏍᏔᏅᎯ ᎻᎳ ᎡᎳᏫᏃ, ᎠᏍᎪᎯᏧᏈ ᎢᏴᏛ ᎢᏳᏓᎨᏛ.
40. ᎿᎭᏉᏃ ᎤᏂᏁᏒᎩ ᏥᏌ ᎠᏰᎸᎢ ᎠᎴ ᏙᎴᏛ ᎠᏄᏬ ᎤᏂᏣᏄᎶᏔᏅᎩ, ᎠᎴ ᎾᏍᏉ ᏗᎦᏩᏒᎩ ᏚᏂᏣᏄᎳᏅᎩ, ᎾᏍᎩᏯ ᎢᏳᎾᏛᏁᏗ ᎨᏒ ᎠᏂᏧᏏ ᏓᎾᏓᏂᏌ.
41. ᎾᎿᎭᏃ ᎠᎦᏛᏅ ᎠᏫᎡᏗᏱ ᎪᏢᏒᎩ; ᎾᎿᎭᏃ ᎠᏫᏒᏗᏱ ᎢᏤ ᏗᏓᏂᏐᏗᏱ ᎪᏢᏒᎩ ᎩᎶ ᎠᏥᏂᏌᏅ ᎠᏏ ᏂᎨᏒᎾ.
42. ᎾᎿᎭᏃ ᎤᏂᏅᏅᎩ ᏥᏌ ᏅᏓᎦᎵᏍᏙᏗᏍᎬᎩ ᎠᏂᏧᏏ ᎤᎾᏤᎵᎦ ᎠᏛᏅᎢᏍᏙᏗᏱ ᎢᎦ ᎨᏒᎢ; ᏗᏓᏂᏐᏗᏱᏰᏃ ᎾᎥᏉ ᎨᏒᎩ.

== John 20 ==
1. ᎠᎴᏂᏍᎬᎢᏃ ᎢᎦ ᏑᎾᏙᏓᏆᏍᏗ ᎨᏒᎢ, ᎺᎵ ᎹᎩᏕᎵ ᎡᎯ ᏑᎾᎴᎢᏳ, ᎠᏏᏉ ᎤᎵᏏᎬᎩ, ᎤᎷᏨᎩ ᎠᏤᎵᏍᏛᎢ, ᎠᎴ ᎤᎪᎲᎩ ᏅᏯ ᎠᎲᏛ ᎨᏒᎩ ᎠᏤᎵᏍᏛᎢ.
2. ᎿᎭᏉᏃ ᏚᏍᏆᎸᏔᏅᎩ, ᏌᏩᏂ ᏈᏓ ᏭᎷᏤᎸᎩ, ᎠᎴ ᎾᏍᏉ ᏐᎢ ᎠᏓᏍᏓᏩᏗᏙᎯ, ᎾᏍᎩ ᏥᏌ ᎤᎨᏳᎯ, ᎯᎠ ᏫᏂᏚᏪᏎᎸᎩ; ᎤᏂᏁᏒ ᎤᏂᏄᎪᏫᏒ ᎤᎬᏫᏳᎯ ᎠᏤᎵᏍᏛᎢ, ᎠᎴ ᎥᏝ ᏲᏥᎦᏔᎭᏭᏂᏅᏅᎢ.
3. ᎾᏍᎩ ᎢᏳᏍᏗ ᏈᏓ ᎤᏄᎪᏨᎩ, ᎠᎴ ᏐᎢ ᎠᏓᏍᏓᏩᏗᏙᎯ, ᎠᎴ ᎠᏤᎵᏍᏛ ᎤᏂᎷᏨᎩ.
4. ᎿᎭᏉᏃ ᎾᏍᎩ ᎠᏂᏔᎵ ᎢᏧᎳᎭ ᏚᏂᏍᏆᎸᏔᏅᎩ; ᏐᎢᏃ ᎠᏓᏍᏓᏩᏗᏙᎯ ᏚᏓᎩᏴᎩ, ᎢᎬᏱ ᎠᏤᎵᏍᏛ ᎤᎷᏨᎩ.
5. ᎾᏍᎩᏃ ᎤᏗᏌᏓᏛ ᏚᎪᎲᎩ ᏙᎴᏛ ᏗᏄᏬ ᏕᎦᏅᎩ; ᎠᏎᏃ ᎥᏝ ᏳᏴᎴᎢ.
6. ᎿᎭᏉᏃ ᏌᏩᏂ ᏈᏓ ᎣᏂᏉ ᎤᎷᏨᎩ, ᎠᎴ ᎠᏤᎵᏍᏛ ᏭᏴᎸᎩ, ᎠᎴ ᏚᎪᎲᎩ ᏙᎴᏛ ᏗᏄᏬ ᏕᎦᏅᎢ.
7. ᎠᏯᏠᏃ ᎤᏂᏍᏚᎶᏔᏅᎯ ᎥᏝ ᏙᎴᏛ ᏗᏄᏬ ᏕᎦᏅ ᏱᎦᏁᎢ, ᎤᏁᎳᎩ ᎦᏇᏅᎯ ᎢᏴᏛ ᏫᎦᏅᎩ.
8. ᎿᎭᏉᏃ ᎾᏍᏉ ᏐᎢ ᎠᏓᏍᏓᏩᏗᏙᎯ, ᎢᎬᏱ ᎤᎷᏨᎯ ᎠᏤᎵᏍᏛ, ᎤᏴᎸᎩ; ᎠᎴ ᎤᎪᎲᎩ ᎠᎴ ᎤᏬᎯᏳᏅᎩ.
9. ᏝᏰᏃ ᎠᏏ ᏯᏃᎵᎨ ᎦᏛᎬ ᎪᏪᎸᎢ, ᎾᏍᎩ ᎤᏲᎱᏒ ᏧᎴᎯᏐᏗ ᎨᏒᎢ.
10. ᎿᎭᏉᏃ ᎠᎾᏓᏍᏓᏩᏗᏙᎯ ᎤᎾᏓᏅᏒᎩ, ᏔᎵᏁ ᏙᏧᏁᏅᏒ ᏭᏂᎶᏒᎩ.
11. ᎺᎵᏍᎩᏂ ᎠᏤᎵᏍᏛ ᏙᏱᏗᏢ ᎦᎶᎯᏍᏗᏱ ᎦᏙᎬᎩ, ᏓᏠᏱᎲᎩ; ᏓᏠᏱᎲᎩ ᎤᏗᏌᏓᏛᎩ, ᎠᏤᎵᏍᏛ ᎭᏫᏂ ᏫᏚᎧᎾᏅᎩ,
12. ᎠᎴ ᏫᏚᎪᎲᎩ ᎤᏁᎬ ᏚᎾᏣᏅᏛᎩ ᎠᏂᏔᎵ ᏗᏂᎧᎿᎭᏩᏗᏙᎯ ᏚᏃᎸᎩ, ᏌᏉ ᎤᎵᏍᏘᏅᎢ, ᏐᎢᏃ ᏚᏜᏓᏌᏔᏅᎢ.
13. ᎯᎠᏃ ᏅᎬᏩᏪᏎᎸᎩ; ᎯᎨᏴ, ᎦᏙᏃ ᏙᎭᏠᏱᎭ? ᎯᎠᏃ ᏂᏚᏪᏎᎸᎩ; ᏅᏗᎦᎵᏍᏙᏗᎭ ᎤᏂᏁᏒ ᎤᎬᏫᏳᎯ ᎠᏆᏤᎵᎦ, ᎠᎴ ᎤᏂᏅᏅ ᏂᏥᎦᏔᎲᎾ ᎨᏒᎢ.
14. ᎾᏍᎩᏃ ᏄᏪᏒ ᎤᎦᏔᎲᏒᎩ; ᎠᎴ ᎤᎪᎲᎩ ᏥᏌ ᎦᏙᎬᎩ, ᎠᎴ ᎥᏝ ᏳᏬᎵᏤ ᏥᏌ ᎨᏒᎢ.
15. ᏥᏌ ᎯᎠ ᏄᏪᏎᎸᎩ; ᎯᎨᏴ, ᎦᏙᏃ ᏙᎭᏠᏱᎭ? ᎦᎪ ᎯᏲᎭ? ᎠᏫᏒᏗᏱ ᎣᏍᏛ ᎢᏳᏩᎿᎭᏕᎩ ᎤᏪᎵᏒᎩ, ᎯᎠ ᏄᏪᏎᎸᎩ; ᎯᏍᎦᏯ, ᎢᏳᏃ ᏂᎯ ᎯᎾᏫᏛᎮᏍᏗ, ᏍᎩᏃᎲᏏ ᏫᏅᏅᎢ, ᎠᏴᏃ ᏓᏥᎾᏫᏛᎯ.
16. ᏥᏌ ᎯᎠ ᏄᏪᏎᎸᎩ; ᎺᎵ. ᎺᎵ ᎤᎦᏔᎲᏒ ᎯᎠ ᏄᏪᏎᎸᎩ; ᎳᏉᏂ, ᎾᏍᎩ ᎦᏛᎬᎢ, ᏗᏍᏇᏲᎲᏍᎩ.
17. ᏥᏌ ᎯᎠ ᏄᏪᏎᎸᎩ; ᏞᏍᏗ ᏍᏆᏒᏂᎸᎩ, ᏝᏰᏃ ᎠᏏ ᎡᏙᏙᏱ ᏫᏯᏆᎵᏌᎳᏓᏅ; ᎮᎾᏉᏍᎩᏂ ᎣᏣᎵᏅᏟ ᏗᏂᏅᎢ, ᎯᎠᏃ ᏫᏂᎩᏪᏏ; ᎡᏙᏙᏱ ᎠᏆᎵᏌᎳᏓᏂᏗ ᎠᎴ ᏂᎯ ᎢᏥᏙᏙᏱ; ᎠᏆᏤᎵᎦ ᎤᏁᎳᏅᎯᏱ, ᎠᎴ ᎢᏣᏤᎵᎦ ᎤᏁᎳᏅᎯᏱ.
18. ᎺᎵ ᎹᎩᏕᎵ ᎡᎯ ᎤᎷᏨᎩ ᎠᎴ ᏚᏃᏁᎸᎩ ᎠᎾᏓᏍᏓᏩᏗᏙᎯ ᎤᎪᎲ ᎤᎬᏫᏳᎯ, ᎠᎴ ᎾᏍᎩ ᏄᏪᏒ ᎤᎵᏃᎮᏔᏅᎢ.
19. ᎿᎭᏉᏃ ᎾᎯᏳ ᎢᎦ ᎤᏒᎢ, ᎠᎴᏂᏍᎬ ᏑᎾᏙᏓᏆᏍᏗ ᎨᏒᎢ, ᎦᎶᎯᏍᏗᏱ ᏓᏍᏚᎲᎩ ᎠᎾᏓᏍᏓᏩᏗᏙᎯ ᏓᏂᎳᏫᎥᎢ, ᏅᏓᎦᎵᏍᏙᏗᏍᎬ ᏓᏂᏍᎦᎢᎲ ᎠᏂᏧᏏ, ᎤᎷᏨᎩ ᏥᏌ, ᎠᏰᎵ ᎤᎴᏅᎩ, ᎯᎠ ᏂᏚᏪᏎᎸᎩ; ᏅᏩᏙᎯᏯᏛ ᎢᏣᏤᎵᎦ ᎨᏎᏍᏗ.
20. ᎾᏍᎩᏃ ᏄᏪᏒ, ᏚᎾᏄᎪᏫᏎᎸᎩ ᏧᏬᏰᏂ ᎠᎴ ᎠᏍᏆᎨᏂ. ᎿᎭᏉᏃ ᎬᏩᏍᏓᏩᏗᏙᎯ ᎣᏍᏛ ᎤᎾᏓᏅᏓᏛᎩ ᎤᏂᎪᎲ ᎤᎬᏫᏳᎯ.
21. ᎿᎭᏉᏃ ᏔᎵᏁ ᏥᏌ ᎯᎠ ᏂᏚᏪᏎᎸᎩ; ᏅᏩᏙᎯᏯᏛ ᎢᏣᏤᎵᎦ ᎨᏎᏍᏗ. ᎡᏙᏓ ᎠᎩᏅᏒᎢ ᎾᏍᎩᏯ ᎢᏨᏅᎵ.
22. ᎾᏍᎩᏃ ᏄᏪᏒ, ᏚᏦᏔᎲᎩ, ᎯᎠ ᏂᏚᏪᏎᎸᎩ; ᎦᎸᏉᏗᏳ ᎠᏓᏅᏙ ᏗᏣᏓᏂᎸᎩ.
23. ᎩᎶ ᎤᏍᎦᏅᏨ ᏕᏥᏲᏍᎨᏍᏗ ᏗᏲᏒᎯ ᎨᏎᏍᏗ, ᎩᎶᏃ ᎤᏍᎦᏅᏨ ᏕᏥᏂᏱᏍᎨᏍᏗ ᏗᎦᏂᏴᏗ ᎨᏎᏍᏗ.
24. ᎠᏎᏃ ᏓᎻ, ᏔᎳᏚ ᎢᏯᏂᏛ ᎨᎳ, ᏗᏗᎹ ᏧᏙᎢᏛ, ᎥᏝ ᏱᎨᎴ ᏥᏌ ᎤᎷᏨ.
25. ᎾᏍᎩ ᎢᏳᏍᏗ ᎠᏂᏐᎢ ᎠᎾᏓᏍᏓᏩᏗᏙᎯ ᎯᎠ ᏂᎬᏩᏪᏎᎸᎩ; ᎣᏥᎪᎥ ᎤᎬᏫᏳᎯ. ᎠᏎᏃ ᎯᎠ ᏂᏚᏪᏎᎸᎩ; ᎥᏝ ᏴᎦᎪᎢᏳᎲᎦ ᎬᏂ ᏧᏬᏰᏂ ᏴᎩ ᏚᏰᎸᏒ ᏱᏓᎩᎪᎲ, ᎠᎴ ᏥᏰᏌᏛ ᏯᏋᏔᏅ ᏯᎩᏃᏟᏍᏔᏅ ᏴᎩ ᏚᏰᎸᏒᎢ, ᎠᎴ ᎠᏍᏆᎨᏂ ᏯᏆᏐᎾᏛ.
26. ᏧᏁᎵᏁᏃ ᎢᎦ ᏔᎵᏁ ᎬᏩᏍᏓᏩᏗᏙᎯ ᎠᏂᏯᎥᎩ ᎦᎵᏦᏕ, ᎠᎴ ᏓᎻ ᎨᎸᎩ. ᏥᏌ ᎤᎷᏨᎩ, ᏗᎦᎶᎯᏍᏗᏱ ᏓᏍᏚᎲᎩ, ᎠᏰᎵ ᎤᎴᏅᎩ, ᎯᎠ ᏄᏪᏒᎩ; ᏅᏩᏙᎯᏯᏛ ᎢᏣᏤᎵᎦ ᎨᏎᏍᏗ.
27. ᎿᎭᏉᏃ ᎯᎠ ᏄᏪᏎᎸᎩ ᏓᎻ; ᎡᏍᎦ ᎡᏅᎦ ᎯᏰᏌᏛᎢ, ᏘᎪᎵᏯ ᏗᏉᏰᏂ, ᎠᎴ ᎡᏍᎦ ᎡᏅᎦ ᏦᏰᏂ ᏥᏍᏆᎨᏂ ᏩᏐᎾᏓ, ᎠᎴ ᏞᏍᏗ ᏃᎯᏳᎲᏍᎬᎾ ᏱᎨᏎᏍᏗ, ᎰᎯᏳᎲᏍᎩᏍᎩᏂ ᎨᏎᏍᏗ.
28. ᏓᎻ ᎤᏁᏨᎩ, ᎯᎠ ᏄᏪᏎᎸᎩ; ᏣᎬᏫᏳᎯ ᎠᏆᏤᎵᎦ, ᎠᎴ ᏣᏁᎳᏅᎯ ᎠᏆᏤᎵᎦ!
29. ᏥᏌ ᎯᎠ ᏄᏪᏎᎸᎩ; ᏥᏍᎩᎪᏩᏛ ᏅᏓᎦᎵᏍᏙᏓ ᎰᎯᏳᎲᏍᎦ; ᎣᏏᏳ ᎢᏳᎾᎵᏍᏓᏁᏗ ᎬᎩᎪᎲᎯ ᏂᎨᏒᎾ ᎠᏎᏃ ᏥᎬᏉᎯᏳᎲᏍᎪᎢ.
30. ᎠᎴ ᎤᏣᏛᎩ ᎤᏟ ᎢᎦᎢ ᎤᏍᏆᏂᎪᏗ ᏚᎸᏫᏍᏓᏁᎸ ᏥᏌ ᎬᏩᏍᏓᏩᏗᏙᎯ ᎠᏂᎦᏔᎲᎢ, ᎠᏂ ᎪᏪᎵᎯ ᏂᎪᏪᎸᎾ;
31. ᎯᎠᏍᎩᏂ ᎪᏪᎳ ᎢᏦᎯᏳᏗᏱ ᏥᏌ ᎦᎶᏁᏛ ᎨᏒᎢ, ᎠᎴ ᎾᏍᎩ ᎤᏁᎳᏅᎯ ᎤᏪᏥ ᎨᏒᎢ, ᎢᏦᎯᏳᎲᏍᎬᏃ ᎬᏂᏛ ᎢᏣᏤᎵ ᎢᏳᎵᏍᏙᏗᏱ, ᎾᏍᎩ ᏚᏙᎥ ᏅᏓᏳᎵᏰᎢᎸᏍᏙᏗᏱ.

== John 21 ==
1. ᎾᏍᎩᏃ ᏄᎵᏍᏔᏂᏙᎸ, ᏥᏌ ᏔᎵᏁ ᎬᏂᎨᏒ ᏂᏚᏛᏁᎸᎩ ᎬᏩᏍᏓᏩᏗᏙᎯ ᏔᏈᎵᏯ ᎥᏓᎸᎢ. ᎯᎠᏃ ᏄᎵᏍᏔᏂᏙᎸᎩ ᎬᏂᎨᏒ ᏄᏛᏁᎸᎩ.
2. ᎢᏧᎳᎭ ᎠᏂᏅᎩ ᏌᏩᏂ ᏈᏓ, ᎠᎴ ᏓᎻ ᏗᏗᎹ ᏧᏙᎢᏛ, ᎠᎴ ᏁᏓᏂᎵ ᎨᎵᎵ ᎡᎯ ᎨᏂ ᎦᏚᎲᎢ, ᎠᎴ ᏤᏈᏗ ᏧᏪᏥ, ᎠᎴ ᎠᏂᏔᎵ ᏅᏩᎾᏓᎴ ᎬᏩᏍᏓᏩᏗᏙᎯ.
3. ᏌᏩᏂ ᏈᏓ ᎯᎠ ᏂᏚᏪᏎᎸᎩ; ᏥᎦᏯᎷᏂ. ᎯᎠ ᏅᎬᏩᏪᏎᎸᎩ; ᎠᏴ ᎾᏍᏉ ᏓᏕᏏ. ᎤᏁᏅᏒᎩ, ᎩᎳᏉᏃ ᎢᏴᏛ ᏥᏳᎯ ᎤᎾᏣᏅᎩ; ᎾᎯᏳᏃ ᏒᏃᏱ ᎥᏝ ᎪᎱᏍᏗ ᏳᏂᏂᏴᎮᎢ.
4. ᏑᎾᎴᏃ ᏄᎵᏍᏔᏅ, ᏥᏌ ᎤᏩᏝᎥ ᎦᏙᎬᎩ; ᎠᏎᏃ ᎬᏩᏍᏓᏩᏗᏙᎯ ᎥᏝ ᏯᏂᎦᏔᎮ ᏥᏌ ᎨᏒᎢ.
5. ᎿᎭᏉᏃ ᏥᏌ ᎯᎠ ᏂᏚᏪᏎᎸᎩ; ᏗᏥᏲᎵ, ᎢᏥᏂᏌᎠᏧ? ᎥᏝ, ᎤᎾᏛᏅᎩ.
6. ᎯᎠᏃ ᏂᏚᏪᏎᎸᎩ; ᏥᏳᎯ ᎠᎦᏘᏏᏗᏢ ᎢᏥᎦᏯᎷᎥᎦ, ᏙᏓᏥᏩᏛᎯᏃ. ᎰᏩᏃ ᎤᏂᎦᏯᎷᏅᎩ, ᎿᎭᏉᏃ ᎥᏝ ᏰᎵ ᎬᏩᎾᏎᎯᏍᏗ ᏱᎨᏎᎢ, ᏅᏓᎦᎵᏍᏙᏗᏍᎬᎩ ᎤᏂᏣᏛ ᎠᏣᏗ.
7. ᎾᏍᎩ ᎢᏳᏍᏗ ᎠᏓᏍᏓᏩᏗᏙᎯ ᏥᏌ ᎤᎨᏳᎯ ᎯᎠ ᏄᏪᏎᎸᎩ ᏈᏓ; ᎤᎬᏫᏳᎯ ᎾᏍᎩ. ᎿᎭᏉᏃ ᏌᏩᏂ ᏈᏓ ᎤᏛᎦᏅ ᎾᏍᎩ ᎤᎬᏫᏳᎯ ᎨᏒᎢ, ᎦᏚᎢ ᎤᏄᏬᏍᏗ ᎤᏓᏠᏍᏔᏅᎩ, ᏂᏚᏄᏩᎥᎾᏰᏃ ᎨᏒᎩ, ᎠᎴ ᎥᏓᎵ ᏭᎵᏔᏗᏅᏒᎩ.
8. ᎠᏂᏐᎢᏃ ᎠᎾᏓᏍᏓᏩᏗᏙᎯ ᏥᏳ ᎤᎾᏦᏛᎩ, ᎤᏂᎷᏨᎩ, ᎥᏝᏰᏃ ᎢᏅᎯᏳ ᏱᎨᏎ ᏙᏱ, ᏔᎵᏧᏈᏉ ᎢᏯᎵᎩᏳᏍᏈᏛ ᎢᏴᏛ ᏅᏩᏍᏛᎩ, ᎠᎦᏯᎷᏗ ᎠᏣᏗ ᎠᎧᎵᏬᎯ ᎠᏂᎾᏏᏁᎲᎩ.
9. ᎤᎾᏚᎩᏒᏃ ᎤᏂᎪᎲᎩ ᎠᏥᎸᎭ ᎪᏛᎩ, ᎠᏣᏗᏃ ᎥᎬᏓᎥᎩ, ᎠᎴ ᎦᏚ ᏓᎲᎩ.
10. ᏥᏌ ᎯᎠ ᏂᏚᏪᏎᎸᎩ; ᎡᏗᏥᏄᎦ ᎢᎦᏛ ᎠᏣᏗ ᎩᎳᏉ ᏥᏕᏥᏂᏴ.
11. ᏌᏩᏂ ᏈᏓ ᏭᏣᏅᎩ, ᎠᎴ ᏙᏱ ᏭᎾᏏᏃᎸᎩ ᎠᎦᏯᎷᏗ ᎠᎧᎵᏬᎯ ᏣᏁᏆ ᎠᏣᏗ, ᏍᎪᎯᏧᏈ ᎯᏍᎩᏍᎪᎯ ᏦᎢᎦᎵ ᎤᏂᎥᎩ. ᎾᏍᎩᏒᎦᏃ ᎾᏂᎥᎽ ᎠᏎᏃ ᎠᎦᏯᎷᏗ ᎥᏝ ᏳᏲᏤᎢ.
12. ᏥᏌ ᎯᎠ ᏂᏚᏪᏎᎸᎩ; ᎡᏣᎵᏍᏓᏴᏄᎦ. ᎥᏝᏃ ᎩᎶ ᎠᎾᏓᏍᏓᏩᏗᏙᎯ, ᎦᎪ ᏂᎯ, ᎬᏬᏎᏗ ᏱᎨᏎᎢ, ᎠᏂᎦᏔᎲᎩᏰᏃ ᎤᎬᏫᏳᎯ ᎨᏒᎢ.
13. ᏥᏌ ᎤᎷᏨᎩ ᎤᎩᏒᎩ ᎦᏚ ᎠᎴ ᏚᏁᎸᎩ, ᎠᎴ ᎾᏍᏉ ᎠᏣᏗ ᏚᏅᏁᎸᎩ.
14. ᎾᏍᎩ ᎯᎠ ᎿᎭᏉ ᏦᎢᏁ ᏥᏌ ᎬᏂᎨᏒ ᏂᏚᏛᏁᎸ ᎬᏩᏍᏓᏩᏗᏙᎯ ᎤᏲᎱᏒ ᏚᎴᏅ ᏅᏓᏳᏓᎴᏅᏛ.
15. ᎿᎭᏉᏃ ᎤᎾᎵᏍᏓᏴᏃᏅ, ᏥᏌ ᎯᎠ ᏄᏪᏎᎸᎩ ᏌᏩᏂ ᏈᏓ; ᏌᏩᏂ, ᏦᎾ ᎤᏪᏥ, ᏂᎯ ᎤᏟ ᏂᏍᎩᎨᏳᎭ ᎡᏍᎦᏉ ᎯᎠ? ᎯᎠ ᏄᏪᏎᎸᎩ; ᎥᎥ, ᏣᎬᏫᏳᎯ, ᎯᎦᏔᎭ ᎬᎨᏳᎢᏳ ᎨᏒᎢ. ᎯᎠ ᏄᏪᏎᎸᎩ; ᏕᎮᎶᎮᏍᏗ ᏗᏆᏤᎵᎦ ᎤᏂᏃᏕᎾ ᎠᏂᎩᎾ.
16. ᏔᎵᎾ ᎯᎠ ᏅᎤᏪᏎᎸᎩ; ᏌᏩᏂ, ᏦᎾ ᎤᏪᏥ, ᏍᎩᎨᏳᎭᏧ? ᎯᎠ ᏄᏪᏎᎸᎩ; ᎥᎥ ᏣᎬᏫᏳᎯ, ᎯᎦᏔᎭ ᎬᎨᏳᎢᏳ ᎨᏒᎢ. ᎯᎠ ᏄᏪᏎᎸᎩ; ᏕᎮᎶᎮᏍᏗ ᏗᏆᏤᎵᎦ ᎤᏂᏃᏕᎾ.
17. ᏦᎢᏁ ᎯᎠ ᏄᏪᏎᎸᎩ; ᏌᏩᏂ, ᏦᎾ ᎤᏪᏥ, ᏍᎩᎨᏳᎭᏧ? ᏈᏓ ᎤᏲᎢᏳ ᎤᏓᏅᏓᏛᎩ ᏅᏓᏳᎵᏍᏙᏔᏅᎩ ᏦᎢᏁ ᏍᎩᎨᏳᎭᏧ ᎤᏬᏎᎸᎢ. ᎯᎠᏃ ᏄᏪᏎᎸᎩ; ᏣᎬᏫᏳᎯ ᏂᎦᎥ ᎪᎱᏍᏗ ᎯᎦᏔᎭ, ᎯᎦᏔᎭ ᎬᎨᏳᎢᏳ ᎨᏒᎢ. ᏥᏌ ᎯᎠ ᏄᏪᏎᎸᎩ; ᏕᎮᎶᎮᏍᏗ ᏗᏆᏤᎵᎦ ᎤᏂᏃᏕᎾ.
18. ᎤᏙᎯᏳᎯᏯ, ᎤᏙᎯᏳᎯᏯ ᎯᎠ ᏂᎬᏪᏎᎭ; ᎯᏫᏅ ᏥᎨᏒᎩ ᏨᏒ ᎭᏓᏠᎯᎲᎩ, ᎠᎴ ᏣᏚᎵᏍᎬ ᎮᏙᎲᎩ; ᏣᏛᏐᏅᎯᏍᎩᏂ ᎨᏎᏍᏗ ᏙᏔᏐᎸᏔᏂ, ᏅᏩᏓᎴᏃ ᏓᏣᏠᎵ, ᎠᎴ ᏂᏣᏚᎵᏍᎬᎾ ᎨᏒ ᏮᏓᏣᏘᏅᏍᏔᏂ.
19. ᎾᏍᎩ ᏄᏪᏒᎩ ᎤᏪᏛᏨᎩ ᎢᏳᎵᏍᏓᏁᏗᏱ ᎤᏲᎱᎯᏍᏗᏱ ᎨᏒᎢ, ᎾᏍᎩᏃ ᎤᎸᏉᏙᏗᏱ ᎤᏁᎳᏅᎯ. ᎾᏍᎩᏃ ᏁᏪᏒ, ᎯᎠ ᏄᏪᏎᎸᎩ; ᏍᎩᏍᏓᏩᏚᎦ.
20. ᏈᏓᏃ ᎤᎦᏔᎲᏒ ᎤᎪᎲᎩ ᎠᏓᏍᏓᏩᏗᏒᎩ ᏥᏌ ᎤᎨᏳᎯ ᎠᏓᏍᏓᏩᏗᏙᎯ, ᎾᏍᎩ ᎤᏍᏛᎦᎸᏅᎯ ᏥᏌ ᎦᏁᏥᏱ ᎠᎾᎵᏍᏓᏴᎲᏍᎬᎢ, ᎠᎴ ᎯᎠ ᎢᏳᏪᏛ ᏥᎩ; ᏣᎬᏫᏳᎯ, ᎦᎪ ᎾᏍᎩ ᏣᏡᏗᏍᎩ.
21. ᏈᏓ ᎾᏍᎩ ᎤᎪᎲ, ᎯᎠ ᏄᏪᏎᎸᎩ ᏥᏌ; ᏣᎬᏫᏳᎯ, ᎯᎠᎾᏃ ᎦᏙᎢ?
22. ᏥᏌ ᎯᎠ ᏄᏪᏎᎸᎩ; ᎢᏳᏃ ᏥᎷᏨᎭ ᎬᏗᏍᎩ ᎡᎮᏍᏗ ᏯᏇᎵᏒ, ᎦᏙ ᎾᏍᎩ ᏨᏙᏗ? ᏍᎩᏍᏓᏩᏚᎦᏉ.
23. ᎾᏍᎩ ᎢᏳᏍᏗ ᎠᎾᏓᏅᏟ ᎠᏁᎲ ᎤᏰᎵᏒᎩ ᎯᎠ ᎾᏂᏪᏍᎬᎢ, ᎾᏍᎩ ᎠᏓᏍᏓᏩᏗᏙᎯ ᎥᏝ ᎠᏛᏲᎱᏏ. ᎠᏎᏃ ᏥᏌ ᎥᏝ ᏴᏛᏲᎱᏏ ᎥᏝ ᏳᏬᏎᎴᎢ, ᎯᎠᏉᏍᎩᏂ ᏄᏪᏎᎸᎩ; ᎢᏳᏃ ᏥᎷᏨᎭ ᎬᏗᏍᎩ ᎡᎮᏍᏗ ᏯᏇᎵᏒ, ᎦᏙ ᎾᏍᎩ ᏨᏙᏗ.
24. ᎾᏍᎩ ᎯᎠ Ꮎ ᎠᏓᏍᏓᏩᏗᏙᎯ ᎯᎠ ᏥᎧᏃᎮᎭ, ᎠᎴ ᎾᏍᎩ ᎯᎠ ᎤᏬᏪᎳᏅᎯ ᏥᎩ, ᎠᎴ ᎢᏗᎦᏔᎭ ᎾᏍᎩ ᎧᏃᎮᏍᎬ ᎤᏙᎯᏳᎯᏯ ᎨᏒᎢ.
25. ᎠᎴ ᎠᏏ ᎤᏣᏔ ᏥᏌ ᏧᎸᏫᏍᏓᏁᎸᎯ, ᎾᏍᎩ ᎢᏳᏃ ᏂᎦᏛ ᏱᎪᏪᏔᏅ, ᎦᏓᏅᏖᏍᎬ ᎡᎶᎯ ᎾᏍᏉ ᏯᎧᎵᎩᏉ ᎪᏪᎵ ᎾᏍᎩ ᏗᎪᏪᎳᏅᎯ. ᎡᎺᏅ.

== Acts 1 ==
1. Ꭷ ᏗᎣᏈᎵ, ᎢᎬᏱᏱ ᏣᏉᏪᎳᏅᎩ ᎧᏃᎮᏍᎬᎩ ᏂᎦᏛ ᏥᏌ ᎤᎴᏅᎲ ᏚᎸᏫᏍᏓᏁᎸ ᎠᎴ ᏚᏕᏲᏅᎢ,
2. ᎬᏂ ᎾᎯᏳ ᎢᎦ ᎠᏥᏌᎳᏓᏅ, ᎦᏳᎳ ᎦᎸᏉᏗᏳ ᎠᏓᏅᏙ ᎤᏩᏔᏅᎯ ᏧᏁᏤᎸᎯ ᏂᎨᏎ ᎨᏥᏅᏏᏛ ᎾᏍᎩ ᏧᏑᏰᏛ.
3. ᎾᏍᎩ ᎾᏍᏉ ᎬᏃᏛ ᎬᏂᎨᏒ ᏂᏚᏛᏁᎴᎢ, ᎤᎩᎵᏲᏨᎯ ᏂᎨᏎᎢ, ᎤᏣᏘ ᏄᏜᏓᏏᏛᏒᎾ ᎠᏙᎴᎰᎯᏍᏙᏗ ᎬᏗᏍᎬᎢ, ᏅᎦᏍᎪᎯ ᏧᏒᎯᏛ ᎬᏩᎪᎲᎢ, ᎠᎴ ᎤᏁᎳᏅᎯ ᎤᎬᏫᏳᎯ ᎨᏒ ᎤᎬᏩᎵ ᎤᏃᎮᎸᎯ ᏂᎨᏎᎢ.
4. ᏚᏂᎳᏫᏨᏃ ᏚᏁᏤᎴ ᏥᎷᏏᎵᎻ ᎤᏂᏄᎪᎢᏍᏗᏱ ᏂᎨᏒᎾ, ᎤᏂᎦᏘᏗᏍᏗᏱᏍᎩᏂ ᎠᎦᏴᎵᎨ ᎤᏚᎢᏍᏔᏅᎢ, ᎾᏍᎩ ᏍᎩᏯᏛᎦᏁᎸᎯ ᏥᎩ, [ᏚᏬᏎᎴᎢ.]
5. ᏣᏂᏰᏃ ᎤᏙᎯᏳᎯ ᎠᎹ ᏓᏓᏬᏍᏗᏍᎬᎩ; ᏂᎯᏍᎩᏂ ᎦᎸᏉᏗᏳ ᎠᏓᏅᏙ ᏙᏓᏰᏣᏬᏍᏔᏂ ᎢᎸᏍᎩᏉ ᎢᏳᏒᎯ.
6. ᎿᎭᏉᏃ ᎤᎾᏓᏟᏌᏅ ᎬᏩᏛᏛᏁᎢ, ᎯᎠ ᏄᏂᏪᏎᎢ; ᏣᎬᏫᏳᎯ, ᎿᎭᏉᏍᎪ ᎠᏰᎵ ᎪᏢᏒ ᏙᏛᎯᏁᎵ ᎢᏏᎵ?
7. ᎠᏎᏃ ᎯᎠ ᏂᏚᏪᏎᎴᎢ; ᎥᏝ ᏂᎯ ᎢᏥᎦᏙᎥᎯᏍᏗ ᏱᎩ ᎢᏳ ᎠᎴ ᎾᎯᏳ ᏕᎨᏌᏗᏒᎢ, ᎾᏍᎩ ᎠᎦᏴᎵᎨ ᎤᏩᏒ ᎢᏧᏩᏁᎵᏓᏍᏗ ᏥᏄᏩᏅ.
8. ᎠᏎᏃ ᏓᏰᏣᎵᏂᎪᎯᏍᏔᏂ ᎦᎸᏉᏗᏳ ᎠᏓᏅᏙ ᎢᏥᎷᏤᎸᎭ, ᎠᎴ ᏍᎩᏃᎮᏍᎩ ᎨᏎᏍᏗ ᏥᎷᏏᎵᎻ ᎠᎴ ᏂᎬᎾᏛ ᏧᏗᏱ ᎠᎴ ᏌᎺᎵᏱ ᎠᎴ ᏂᎬᎾᏛ ᎡᎶᎯ.
9. ᎾᏍᎩᏃ ᎯᎠ ᏄᏪᏒ, ᎠᏏᏉ ᎤᎾᎦᏙᏍᏕ ᎠᏥᏌᎳᏓᏁᎢ, ᎤᎶᎩᎸᏃ ᏭᏕᎵᏤ ᏓᏂᎧᏅᎢ.
10. ᎠᏏᏉᏃ ᏭᎶᏒ ᎤᏯᏅᏒᎯ ᏫᏓᏂᎧᏁ ᎦᎸᎳᏗ, ᎬᏂᏳᏉ ᎠᏂᏔᎵ ᎠᏂᏍᎦᏯ ᏧᏁᎬ ᏧᎾᏄᏫ ᎤᎶᏗᏢ ᏚᎾᎴᏂᎴᎢ;
11. ᎾᏍᎩᏃ ᎯᎠ ᏄᏂᏪᏎᎢ; ᎢᏥᏍᎦᏯ ᎨᎵᎵ ᎢᏤᎯ, ᎦᏙᏃ ᎢᏥᏙᎾᎠ ᎦᎸᎳᏗ ᏫᏙᏥᎧᎿᎭ ᎾᏍᎩ ᎯᎠ ᏥᏌ ᏤᏥᏯᏅᏏ ᎦᎸᎳᏗ ᏥᏫᎦᎶᎯ ᎾᏍᎩᏯ ᏅᏛᏛᏁᎵ ᏓᎦᎷᏥ ᏤᏥᎪᏩᏛ ᎦᎸᎳᏗ ᏥᏫᎦᎶᎯ.
12. ᎿᎭᏉᏃ ᏥᎷᏏᎵᎻ ᏫᎤᏂᎶᏎᎢ ᎣᎵᏩ ᏧᏙᎢᏛ ᎤᏌᎯᎸ ᎤᎾᏓᏅᏎᎢ, ᎾᏍᎩ ᏥᎷᏏᎵᎻ ᎾᎥ ᏥᎩ ᎤᎾᏙᏓᏆᏍᎬ ᎢᎦ ᎡᏅᏍᏗ ᎢᏴᏛ ᏥᎩ.
13. ᎤᏂᏴᎸᏃ, ᎤᎾᎩᎳᏫᏎ ᎦᎸᎳᏗ ᎧᏅᏑᎸ ᏭᏂᏴᎴᎢ, ᎾᎿᎭᏃ ᎠᏂᏁ ᏈᏓ ᎠᎴ ᏥᎻ ᎠᎴ ᏣᏂ ᎠᎴ ᎡᏂᏗ, ᏈᎵᎩᏃ ᎠᎴ ᏓᎻ, ᏆᏓᎳᎻ ᎠᎴ ᎹᏚ, ᏥᎻᏃ ᎡᎵᏈ ᎤᏪᏥ ᎠᎴ ᏌᏩᏂ ᎠᏏᎶᏗ, ᏧᏓᏏᏃ ᏥᎻ ᏗᎾᏓᏅᏟ.
14. ᎾᏍᎩ ᎯᎠ ᏂᎦᏛ ᏌᏉ ᎢᎦᎦᏛ ᎾᏂᏲᎯᏍᏗᏍᎬᎾ ᎠᎾᏓᏙᎵᏍᏗᏍᎨᎢ ᎠᎴ ᎠᏂᏔᏲᎯᎮᎢ, ᎠᎴ ᎾᏍᏉ ᎠᏂᎨᏴ, ᎠᎴ ᎺᎵ ᏥᏌ ᎤᏥ, ᎠᎴ ᏥᏌ ᎠᎾᎵᏅᏟ.
15. ᎾᎯᏳᏃ ᏈᏓ ᎤᎴᏁ ᎠᏰᎵ ᎠᏂᏅ ᎠᏃᎯᏳᎲᏍᎩ, ᎾᏍᎩ ᎾᏂᎥ ᏚᎾᏙᎥ ᎠᏍᎪᎯᏧᏈ ᏔᎳᏍᎪᎯ ᎢᏴᏛ ᎨᏎᎢ, ᎯᎠᏃ ᏄᏪᏎᎢ;
16. ᎢᏥᏍᎦᏯ ᏗᏓᏓᏅᏟ, ᎯᎠ ᎪᏪᎸ ᎠᏎ ᎤᏙᎯᏳᏗ ᎨᏒᎩ, ᎾᏍᎩ ᎦᎸᏉᏗᏳ ᎠᏓᏅᏙ ᏕᏫ ᎠᎰᎵ ᏧᏩᏔᏁ ᏧᏁᏤ ᏧᏓᏏ ᎠᏥᏃᎮᏍᎬᎢ, ᎾᏍᎩ ᏧᏘᏂᏙᎸᎯ ᏥᏌ ᏥᎬᏩᏂᏱᏍᎬᎩ;
17. ᎾᏍᎩᏰᏃ ᎠᏴ ᎡᎦᎵᎪᏔᏅᎯ ᏥᎨᏒᎩ, ᎠᎴ ᎠᎨᎳᏗᏍᏔᏅᎯ ᏥᎨᏒ ᎯᎠ ᏗᎦᎸᏫᏍᏓᏁᏗ ᎨᏒᎢ.
18. ᎾᏍᎩᏃ ᎤᏍᎦᏅᏨᎢ ᏧᎬᏩᎳᏅᎯ ᏥᎤᏩᎯᏍᏔᏁ ᏠᎨᏏ, ᎤᏙᎠᏒᏃ ᏧᏣᎷᏘᏎᎢ, ᎠᎴ ᏂᎦᏛ ᏧᎵᎩᏏ ᏥᏚᏄᎪᏤᎢ.
19. ᎾᏍᎩᏃ ᏂᎦᏛ ᏥᎷᏏᎵᎻ ᎠᏁᎯ ᎤᎾᏛᎦᏅᎩ, ᎾᏍᎩᏰᏃ ᏠᎨᏏ ᎤᎾᏤᎵᎦᏯ ᎤᏂᏬᏂᎯᏍᏗ ᎨᏒ ᎠᏅᏗᏍᎬ ᎠᏎᎵᏓᎹ ᏕᎤᏙᎥ, ᎾᏍᎩ ᎩᎬᏱ ᎦᏛᎦ.
20. ᎯᎠᏰᏃ ᏂᎬᏅ ᎪᏪᎳ ᏗᎧᏃᎩᏍᏗ ᎪᏪᎵᎯ, “ᎦᏁᎸᎢ ᏅᏔ ᏫᏂᎦᎵᏍᏓ, ᎠᎴ ᏞᏍᏗ ᎩᎶ ᎾᎿᎭᏳᏁᎳᏕᏍᏗ;” ᎠᎴ ᎾᏍᏉ ᎯᎠ ᏂᎬᏅ, “ᏧᎸᏫᏍᏓᏁᏗ ᎨᏒ ᏅᏩᏓᎴ ᏩᎩᏍᏓ.”
21. ᎾᏍᎩ ᎢᏳᏍᏗ ᎯᎠ ᎾᏍᎩ ᎠᏂᏍᎦᏯ ᎢᎨᏙᎸᎯ ᏥᎩ ᏂᎪᎯᎸ ᎤᎬᏫᏳᎯ ᏥᏌ ᎢᎨᎳᏗᏙᎸᎢ,
22. ᏣᏂ ᏥᏓᏓᏬᏍᎬᎢ ᏅᏓᎬᏩᏓᎴᏅᏛ, ᎬᏂ ᎾᎯᏳ ᎢᎦ ᏣᏥᏌᎳᏓᏅ ᏤᎩᏯᏅᎡᎸᎩ, ᎾᏍᎩ ᎯᎠ ᎠᏂᏍᎦᏯ ᎠᏎ ᏌᏉ ᎠᏑᏰᏍᏍᏗ, ᎾᏍᎩ ᎢᎨᎳᏗᏓᏍᏗᏱ ᎤᏃᎮᏗᏱ ᏥᏌ ᏕᎤᎴᎯᏌᏅ ᎢᏗᏃᎮᏍᎬᎢ.
23. ᎠᏂᏔᎵᏃ ᏚᏂᎧᏁᎢ, ᏦᏩ ᏆᏏᏆ ᏧᏙᎢᏛ, ᏣᏍᏓ ᏣᎪᏎᎰᎢ, ᎹᏓᏯᏃ.
24. ᎤᎾᏓᏙᎵᏍᏔᏁᏃ ᎯᎠ ᏄᏂᏪᏎᎢ; ᏂᎯ ᏣᎬᏫᏳᎯ, ᏂᎦᏛ ᏧᏂᎾᏫ ᏘᎦᏔᎯ, ᎬᏂᎨᏒ ᏅᎦ ᎾᏍᎩ ᎯᎠ ᎠᏂᏔᎵ ᎨᏒ ᎾᏍᎩ ᎯᏯᏑᏰᏒᎢ,
25. ᎤᏪᎳᏗᏓᏍᏗᏱ ᎯᎠ ᏗᎦᎸᏫᏍᏓᏁᏗ ᎠᎴ ᎠᏓᏅᏏᏛ ᎨᏒᎢ, ᎾᏍᎩ ᏧᏓᏏ ᏥᏚᏲᏒᎩ ᎤᏩᏒ ᎤᏤᎵᎪᎯ ᏭᎶᎯᏍᏗᏱ.
26. ᎿᎭᏉᏃ ᏚᎾᏎᏒᎮᎢ; ᎹᏓᏯᏃ ᎠᎦᏑᏰᏎᎢ; ᎠᎴ ᎠᎨᎳᏕ ᏌᏚ ᎾᏂᎥ ᎨᏥᏅᏏᏛ ᎤᎾᏓᏡᎬᎢ.

== Acts 2 ==
1. ᎿᎭᏉᏃ ᎯᏍᎦᏍᎪᎯᏁ ᎢᎦ ᎤᏍᏆᎸᎲ, ᏂᎦᏛ ᏌᏉ ᎢᎦᎦᏛ ᎤᎾᏓᏡᎨᎢ.
2. ᎤᏰᎶᎢᏍᏔᏁᏃ ᎤᏍᏆᏃᏴᎬ ᎦᎸᎳᏗ ᏧᎶᏎᎢ ᎾᏍᎩᏯ ᎤᏃᎴ ᎤᏣᏘ ᏣᏱᎵᏐᎢ, ᎤᎧᎵᎣᏁᏃ ᎠᏓᏁᎸ ᎾᎿᎭᎠᏂᏅᎢ.
3. ᏚᏂᎪᎮᏃ ᏔᎵ ᎢᏧᏓᎢ ᏗᎦᏃᎦ ᎠᏥᎸ ᎾᏍᎩᏯᎢ, ᎠᎴ ᎾᏍᎩ ᏚᏂᏯᎸᏤ ᎠᏂᏏᏴᏫᎭ ᎨᏒᎢ.
4. ᏂᎦᏛᏃ ᏚᏂᎧᎵᏤ ᎦᎸᏉᏗᏳ ᎠᏓᏅᏙ, ᎠᎴ ᎤᎾᎴᏅᎮ ᏅᏩᎾᏓᎴ ᏧᏂᏬᏂᎯᏍᏗ ᏚᏂᏬᏂᏎᎢ, ᎾᏍᎩ ᎬᏩᏂᏁᎢᏍᏗ ᏄᏅᏁᎲ ᎠᏓᏅᏙ.
5. ᏥᎷᏏᎵᎻᏃ ᎠᏁᏙᎮ ᎠᏂᏧᏏ ᎤᏁᎳᏅᎯ ᎠᏂᎾᏰᏍᎩ ᏅᏓᏳᏂᎶᏒᎯ ᏄᎾᏓᎴᏒ ᎠᏁᎲ ᏴᏫ ᎦᎸᎶ ᎭᏫᏂᏗᏢ.
6. ᎿᎭᏉᏃ ᎾᏍᎩ ᎤᏂᏃᎮᎵᏙᎸ ᎤᏂᏣᏘ ᏚᏂᎳᏫᏤᎢ ᎠᎴ ᎤᎾᏕᏯᏔᏁᎴᎢ, ᏅᏗᎦᎵᏍᏙᏗᏍᎨ ᏓᎾᏛᎦᏁᎲ ᏓᏂᏬᏂᏍᎬ ᏗᏂᏏᏴᏫᎭ ᏧᏂᏬᏂᎯᏍᏗ ᎨᏒᎢ.
7. ᎠᎴ ᏂᎦᏛ ᎤᏣᏔᏅᎯ ᎤᏂᏍᏆᏂᎪᏎᎢ, ᎯᎠ ᏂᏚᎾᏓᏪᏎᎴᎢ; Ᏺ! ᏝᏍᎪ ᏂᎦᏛ ᎯᎠ ᏣᏂᏬᏂᎭ ᎨᎵᎵ ᎠᏁᎯ ᏱᎩ?
8. ᎦᏙᏃ ᏗᎦᎵᏍᏙᏗᎭ ᏥᏕᏓᏛᎩᎠ ᏗᏗᏏᏴᏫᎭ ᏕᎦᏛᏒ ᏗᎩᏬᏂᎯᏍᏗ?
9. ᏆᏗᏱ ᎢᏕᎯ ᎠᎴ ᎻᏗᏱ ᎢᏕᎯ ᎠᎴ ᎢᎳᎻᏱ ᎢᏕᎯ ᎠᎴ ᎺᏌᏆᏕᎻ ᎢᏕᎯ, ᏧᏗᏱ ᎠᎴ ᎨᏆᏙᏏ ᎢᏕᎯ, ᏋᏗᏱᏃ ᎠᎴ ᎡᏏᏱ ᎢᏕᎯ,
10. ᏈᏥᏱᏃ ᎠᎴ ᏆᎢᏈᎵᏱ ᎢᏕᎯ, ᎢᏥᏈᏃ ᎠᎴ ᎵᏈᏱ ᏌᎵᏂ ᎤᏚᏫᏛ ᎢᏕᎯ, ᎢᏕᏙᎯᏃ ᎶᎻ ᎢᏕᎯ, ᎢᏗᏧᏏ ᎠᎴ ᎠᏂᏧᏏ ᏗᏓᎵᎪᏁᎸᎯ,
11. ᎩᎵᏗᏃ ᎠᎴ ᎠᎴᏈᏱ ᎢᏕᎯ, ᎢᏓᏛᎩᎭ ᏗᎩᏬᏂᎯᏍᏗ ᎨᏒ ᎠᏂᏬᏂᏍᎬᎢ, ᎤᏍᏆᏂᎪᏗᏳ ᎤᏁᎳᏅᎯ ᏚᎸᏫᏍᏓᏁᎸ ᎠᏂᏃᎮᏍᎬᎢ.
12. ᏂᎦᏛᏃ ᎤᏂᏍᏆᏂᎪᏎᎢ ᎠᎴ ᎤᎾᏓᏅᏖᏔᏁᎢ, ᎯᎠ ᏂᏚᎾᏓᏪᏎᎴᎢ, ᎦᏙ ᎯᎠ ᎦᏛᎦ?
13. ᎢᎦᏛᏃ ᏓᎾᏕᎰᏗᏍᎬ ᎯᎠ ᏄᏂᏪᏎᎢ; ᎢᏤ ᎩᎦᎨ-ᎠᏗᏔᏍᏗ ᏚᏂᎧᎵᏨ.
14. ᎿᎭᏉᏃ ᏈᏓ ᏌᏚ ᎢᏯᏂᏛ ᎠᏂᏙᎾᎥ ᎦᏙᎬᎢ, ᎠᏍᏓᏯ ᎤᏁᏤ ᎯᎠ ᏂᏚᏪᏎᎴᎢ; ᎢᏥᏍᎦᏯ ᎢᏥᏧᏏ, ᎠᎴ ᏂᎦᏛ ᏥᎷᏏᎵᎻ ᎢᏤᎯ, ᎯᎠ ᎾᏍᎩ ᎢᏣᏅᏖᏍᏗ, ᎠᎴ ᎢᏣᏛᏓᏍᏓ ᏥᏁᎬᎢ.
15. ᎥᏝᏰᏃ ᎯᎠ ᏱᏚᏂᏴᏍᏕᎭ ᏚᏂᏴᏍᏕᎭ ᏥᏤᎵᎭ, ᎠᏏᏰᏃ ᏐᎣᏁᎳᏉ ᎢᏳᏟᎶᏛ ᎧᎳᏩᏗᏒᎢ.
16. ᎾᏍᎩᏍᎩᏂ ᎯᎠ ᏦᎢᎵ ᎠᏙᎴᎰᏍᎩ ᏧᏁᏤᎢ, ᎯᎠ ᏥᏄᏪᏎᎢ;
17. “ᎯᎠᏃ ᏅᏓᎦᎵᏍᏔᏂ ᎤᎵᏍᏆᎸᏗ ᎨᏎᏍᏗ ᎠᏗᎭ ᎤᏁᎳᏅᎯ, ᏂᎦᎥ ᎤᏇᏓᎵ ᎨᏒ ᎠᏆᏓᏅᏙ ᏓᏥᏯᏐᏅᏰᎵ, ᏗᏤᏥᏃ ᎠᏂᏍᎦᏯ ᎠᎴ ᏗᏤᏥ ᎠᏂᎨᏴ ᎠᎾᏙᎴᎰᏍᎨᏍᏗ, ᎠᏂᏫᏅᏃ ᏗᏣᏤᎵ ᎤᎾᏁᎳᏫᏎᎮᏍᏗ, ᏧᎾᏛᏐᏅᎯᏃ ᏗᏣᏤᎵ ᎠᎾᏍᎩᏓᏒᎥᏍᎨᏍᏗ;
18. ᎠᎴ ᎾᎯᏳ ᎠᏆᏓᏅᏙ ᏓᎦᏥᏯᏐᏅᏰᎵ ᎦᏥᏅᏏᏓᏍᏗ ᎠᏂᏍᎦᏯ ᎠᎴ ᎠᏂᎨᏴ, ᎠᎾᏙᎴᎰᏍᎨᏍᏗᏃ.
19. ᎠᎴ ᎤᏍᏆᏂᎪᏗ ᎦᎸᎶ ᎦᎸᎳᏗ ᏓᏥᎾᏄᎪᏫᏏ ᎠᎴ ᎤᏰᎸᏛ ᎡᎶᎯ ᎡᎳᏗ, ᎩᎬ ᎠᎴ ᎠᏥᎸ ᎠᎴ ᏧᎦᏒᏍᏗ.
20. ᏅᏙ ᎢᎦ ᎡᎯ ᎤᎵᏏᎩᏳ ᏅᏓᎦᎵᏍᏔᏂ, ᏅᏙᏃ ᏒᏃᏱ ᎡᎯ ᎩᎬ ᏅᏓᎦᎵᏍᏔᏂ, ᎤᏍᏆᎸᎯᏕᎾ ᎨᏎᏍᏗ ᎾᎯᏳ ᎢᎦ ᎦᎸᏉᏗᏳ ᎠᎴ ᎤᏍᏆᏂᎪᏗᏳ ᏱᎰᏩ ᎤᏤᎵᎦ.
21. ᎯᎠᏃ ᏂᎦᎵᏍᏗᏍᎨᏍᏗ, ᎾᏂᎥᏉ ᎩᎶ ᎠᎾᏓᏙᎵᏍᏗᏍᎨᏍᏗ ᎤᎬᏫᏳᎯ ᏚᏙᎥ ᎠᏅᏗᏍᎨᏍᏗ ᎠᏂᏔᏲᎯᎮᏍᏗ ᎨᏥᏍᏕᎸᏗ ᎨᏎᏍᏗ.”
22. ᎢᏥᏍᎦᏯ ᎢᏏᎵ ᏧᏪᏥ ᎢᏣᏛᏓᏍᏓ ᎯᎠ ᏥᏁᎬᎢ. ᏥᏌ ᎾᏎᎵᏗ ᎡᎯ ᏥᎨᏒᎩ ᎤᏁᎳᏅᎯ ᎬᏂᎨᏒ ᎢᏳᏩᏁᎸᎯ ᎢᏤᎲᎢ, ᎾᏍᎩ ᎤᏩᏗᏍᎬ ᎤᏓᎴᎯ ᎠᎴ ᎤᏍᏆᏂᎪᏗ ᎠᎴ ᎤᏰᎸᏛᎢ ᏥᏚᎸᏫᏍᏓᏁᎸᎩ ᎢᏤᎲᎢ, ᎾᏍᎩ ᏂᎯ ᎾᏍᏉ ᏥᏥᎦᏔᎭ,
23. ᎾᏍᎩ, ᎤᏁᎳᏅᎯ ᎤᏓᏅᏖᎸᎯ ᎠᎴ ᎦᏳᎳ ᎬᏩᎪᎲᎯ ᏥᏂᎨᏎᎢ ᏥᏚᏲᏎᎢ, ᏂᎯ ᎡᏥᏂᏴᎲ ᎠᎴ ᏗᏍᎦᎾ ᏗᏦᏰᏂ ᏕᏨᏔᏅ ᎡᏣᏛᏅ ᎠᎴ ᎡᏥᎸ.
24. ᎾᏍᎩ ᎤᏁᎳᏅᎯ ᏕᎤᎴᏔᏅ, ᏕᎤᎦᎵᏒ ᎠᏲᎱᎯᏍᏗ ᎨᏒ ᎡᎯᏍᏗ ᎤᏪᎲᎢ, ᎥᏝᏰᏃ ᏴᎵ ᏂᎪᎯᎸ ᎾᏍᎩ ᎬᏩᏂᏴᏗ ᏱᎨᏎᎢ.
25. ᏕᏫᏰᏃ ᎯᎠ ᏂᎦᏪ ᎾᏍᎩ ᎧᏃᎮᏍᎬᎢ; “ᏂᎪᎯᎸ ᏥᎪᏩᏘᏍᎬᎩ ᏱᎰᏩ ᎢᎬᏱᏢ ᎠᏆᎧᏛᎢ, ᏥᎦᏘᏏᏗᏢᏰᏃ ᎦᏙᎦ, ᎾᏍᎩ ᎥᎩᏖᎸᏗᏱ ᏂᎨᏒᎾ.
26. ᎾᏍᎩ ᎢᏳᏍᏗ ᎠᎩᎾᏫ ᎣᏏᏳ ᎤᏓᏅᏓᏛᎩ, ᏥᏃᎦᏃ ᎠᎵᎮᎵᎬᎩ, ᎾᏍᏉᏃ ᎠᎩᏇᏓᎸ ᏓᏳᏯᏪᏐᎵ ᎤᏚᎩ ᎬᏗ ᎨᏒᎢ;
27. ᎥᏝᏰᏃ ᎠᏆᏓᏅᏙ ᏫᏱᏙᎦᎯᏲᎯ ᏧᏂᏲᎱᏒᎯ ᎤᎾᏤᎵᎪᎯ, ᎥᏝ ᎠᎴ ᎾᏍᎦᏅᎾ ᏣᏤᎵ ᎤᏁᎳᎩ ᏭᎪᎯ ᎦᎯᏰᎵᏎᏗ ᏱᎩ.
28. ᎬᏂᏛ ᏕᎦᏅᏅ ᏕᏍᎩᎾᏄᎪᏫᏎᎸ, ᎠᎵᎮᎵᏍᏗ ᎨᏒ ᏓᏍᎩᎧᎵᎢᏍᏔᏂ ᏣᎧᏛ ᏛᏔᏂ.”
29. ᎢᏥᏍᎦᏯ ᎢᏓᏓᏅᏟ ᏂᏥᏍᎦᎢᎲᎾ ᎠᎦᏴᎵᎨ ᏕᏫ ᎢᏨᏃᎮᎯᏏ, ᎾᏍᎩ ᎤᏲᎱᏒᎢ ᎠᎴ ᎠᏥᏂᏌᏅᎢ, ᎤᏤᎵᏃ ᎠᏤᎵᏍᏛ ᎠᏏ ᎪᎯ ᏥᎩ ᎢᎦᏓᏑᏴᎢ.
30. ᎠᏙᎴᎰᏍᎩᏍᎩᏂ ᎨᏒ ᎢᏳᏍᏗ, ᎠᎴ ᎠᎦᏔᎯᏳ ᎨᏒ ᎤᏁᎳᏅᎯ ᎤᏎᎵᏔᏅ ᎤᏁᏤᎸᎢ, ᎠᏰᎵ ᎤᏇᏓᎵ ᎨᏒ ᎤᎾᏄᎪᏫᏍᏗᏱ ᎦᎶᏁᏛ, ᎾᏍᎩ ᎤᏪᏅ ᎤᏪᏗᏱ,
31. ᎾᏍᎩ ᎯᎠ ᎠᏙᎴᎰᏍᎬᎢ ᏅᏧᎵᏍᏙᏔᏁᎢ, ᎦᎶᏁᏛ ᏧᎴᎯᏐᏗ ᎨᏒ ᎤᏃᎮᎴᎢ, ᎾᏍᎩ ᎤᏓᏅᏙ ᏫᏂᏓᏥᏲᎯᏎᎸᎾ ᎨᏒ ᏧᏂᏲᎱᏒᎯ ᎤᎾᏤᎵᎪᎯ, ᎠᎴ ᎾᏍᎩ ᎤᏇᏓᎵ ᏄᎪᏒᎾ ᎨᏒᎢ.
32. ᎾᏍᎩ ᎯᎠ ᏥᏌ ᎤᏁᎳᏅᎯ ᏕᎤᎴᏔᏅ, ᎠᎴ ᎾᏍᎩ ᎠᏴ ᏂᎦᏛ ᎣᏥᏃᎮᏍᎩ.
33. ᎾᏍᎩ ᎢᏳᏍᏗ ᎤᏁᎳᏅᎯ ᎠᎦᏘᏏ ᎤᏬᏰᏂ ᎤᏩᏔᏅᎯ ᎤᏌᎳᏓᏅᎯ ᎨᏒᎢ, ᎠᎴ ᎠᎦᏴᎵᎨ ᎤᏚᎢᏍᏓᏁᎸᎯ ᎨᏒ ᏧᏁᏗᏱ ᎦᎸᏉᏗᏳ ᎠᏓᏅᏙ ᎤᏪᏐᏅᏴ ᎯᎠ ᎪᎯ ᏥᏥᎪᏩᏘᎭ ᎠᎴ ᏥᏣᏛᎩᎭ.
34. ᏕᏫᏰᏃ ᎥᏝ ᏳᎵᏌᎳᏓᏅ ᎦᎸᎳᏗ ᏫᏳᎶᏒ, ᎯᎠᏰᏃ ᏂᎦᏪ ᎤᏩᏒ; “ᏱᎰᏩ ᎯᎠ ᏄᏪᏎᎸ ᎤᎬᏫᏳᎯ ᎠᏆᏤᎵᎦ; ᏥᎦᏘᏏ ᎢᏗᏢ ᏦᎴᏍᏗ,
35. ᎬᏂ ᎨᏣᏍᎦᎩ ᏗᏣᎳᏏᏗᏱ ᎦᏍᎩᎶ ᏂᎦᏥᏴᏁᎸᎭ.”
36. ᎾᏍᎩ ᎢᏳᏍᏗ ᎾᏂᎥ ᎢᏏᎢ ᏏᏓᏁᎸᎯ ᎨᏒ ᎤᏙᎯᏳᏒ ᏩᎾᏙᎴᎰᎯ, ᎤᏁᎳᏅᎯ ᎤᎬᏫᏳᎯ ᎠᎴ ᎦᎶᏁᏛ ᏄᏩᏁᎸ ᎾᏍᎩ ᏥᏌ ᏂᎯ ᏤᏣᏛᏅᎩ.
37. ᎿᎭᏉᏃ ᎾᏍᎩ ᎤᎾᏛᎦᏅ ᏧᏂᎾᏫᏱ ᏚᏂᏣᏲᎴᎢ; ᎯᎠᏃ ᏂᏚᏂᏪᏎᎴ ᏈᏓ ᎠᎴ ᎠᏂᏐᎢ ᎨᏥᏅᏏᏛ; ᎢᏥᏍᎦᏯ ᎢᏓᏓᏅᏟ, ᎦᏙ ᏓᏲᏣᏛᏁᎵ?
38. ᏈᏓᏃ ᎯᎠ ᏂᏚᏪᏎᎴᎢ; ᏂᏥᎥ ᏗᏥᏁᏟᏴᎾ ᏕᏣᏓᏅᏛᎢ, ᎠᎴ ᏫᏕᏣᏬᏣ, ᏥᏌ ᎦᎶᏁᏛ ᏕᎤᏙᏍᏛᎢ, ᎡᏥᏙᎵᏍᏗᏱ ᎢᏥᏍᎦᏅᏨᎢ; ᎦᎸᏉᏗᏳᏃ ᎠᏓᏅᏙ ᏓᏰᏥᏁᎵ.
39. ᏂᎯᏰᏃ ᎡᏥᏚᎢᏍᏓᏁᎸᎯ ᎠᎴ ᏗᏤᏥ ᎠᎴ ᎾᏂᎥ ᎢᏅ ᏗᏁᎯ, ᎾᏍᎩ ᎾᏂᎥ ᎤᎬᏫᏳᎯ ᎤᏁᎳᏅᎯ ᎢᎦᏤᎵ ᏧᏯᏅᏗ ᎨᏒᎢ.
40. ᎠᎴ ᎤᏣᏖ ᎤᏟ ᎢᎦᎢ ᎢᎧᏁᏨᎯ ᏚᏬᏁᏔᏁᎢ ᎯᎠ ᏄᏪᏎᎢ; ᏗᏣᎵᏏ ᎯᎠ ᏂᏚᏳᎪᏛᎾ ᎢᏯᎾᏛᏁᎯ ᏣᏁᎭ.
41. ᎿᎭᏉᏃ ᎤᏁᏨ ᎤᎵᎮᎵᏨᎯ ᏗᎬᏩᏓᏂᎸᏤᎯ ᏕᎨᎦᏬᎡᎢ, ᎾᎯᏳᏃ ᎢᎦ ᎤᏂᏁᏉᏤ ᏦᎢ ᎢᏯᎦᏴᎵ ᎢᏴᏛ.
42. ᎾᏍᎩᏃ ᎤᎵᏂᎩᏗᏳ ᏚᏂᎸᏫᏍᏓᏁᎮ ᎨᏥᏅᏏᏛ ᏓᎾᏕᏲᎲᏍᎬᎢ, ᎠᎴ ᎤᎾᎵᎪᏒᎢ, ᎠᎴ ᎦᏚ ᎠᏂᎬᎭᎷᏯᏍᎬᎢ, ᎠᎴ ᎠᎾᏓᏙᎵᏍᏗᏍᎬᎢ.
43. ᎾᏂᎥᏃ ᏴᏫ ᎤᎾᏰᎯᏍᏗᏳ ᎤᎾᏓᏅᏓᏕᎢ, ᎤᏣᏖᏃ ᏧᏓᎴᏅᏛ ᎤᏍᏆᏂᎪᏗ ᎠᎴ ᎤᏰᎸᏛ ᏚᏂᎸᏫᏍᏓᏁᎮ ᎨᏥᏅᏏᏛ.
44. ᎾᏂᎥᏃ ᎠᏃᎯᏳᎲᏍᎩ ᎤᎾᏓᏡᎨᎢ, ᎠᎴ ᎠᏰᎵᏉ ᏄᏅᏁ ᏂᎦᎥ ᏧᎬᏩᎶᏗ ᎤᏂᎲᎢ;
45. ᎠᎴ ᏓᏂᎾᏕᎨ ᏚᏂᎶᎨᏒ ᎠᎴ ᏧᎬᏩᎶᏗ ᎤᏂᎲᎢ, ᎠᎴ ᏓᏂᏯᏙᎮᎮ ᎾᏂᎥ ᎾᏍᎩᏯ ᎤᏂᏂᎬᏎᎲᎢ.
46. ᏂᏚᎩᏨᏂᏒᏃ ᏌᏉ ᎢᎦᎦᏛ ᎠᏁᏙᎮ ᎤᏛᏅ-ᏗᎦᎳᏫᎢᏍᏗᏱ, ᎠᎴ ᎦᏚ ᎠᏂᎬᎭᎷᏯᏍᎨ ᏓᏓᏁᎳᏗᏒᎢ, ᏓᎾᎵᏍᏓᏴᎲᏍᎨ ᎠᎾᎵᎮᎵᎨ ᎠᎴ ᎤᏠᎾᏍᏗ ᏄᏓᏑᏴᎾ ᎨᏎ ᏧᏂᎾᏫᏱ,
47. ᎠᏂᎸᏉᏗᏍᎨ ᎤᏂᎳᏅᎯ, ᎠᎴ ᎾᏂᎥ ᏴᏫ ᎬᏫᏂᎨᏳᎯᏳ ᎨᏎᎢ. ᎤᎬᏫᏳᎯᏃ ᏂᏚᎩᏨᏂᏒ ᎤᎾᎵᎪᏒ ᏕᎠᎵᎪᏗᏍᎨ ᎾᏍᎩ ᎨᏥᏍᏕᎸᏗ ᎨᏒᎢ.

== Acts 3 ==
1. ᏈᏓᏃ ᎠᎴ ᏣᏂ ᎢᏧᎳᎭ ᎤᏁᏅᎭ ᎤᏛᏅ-ᏗᎦᎳᏫᎢᏍᏗᏱ, ᎠᏓᏙᎵᏍᏙᏗᏱ ᎨᏒ ᎢᏳᎢ, ᏦᎢᏁ ᎢᏳᏟᎶᏛ ᎧᎳᏩᏗᏒᎢ.
2. ᎩᎶᏃ ᎢᏳᏍᏗ ᎠᏍᎦᏯ ᎠᏲᎤᎵ ᏂᎨᏎ ᎤᏕᏅ-ᎠᏥᏁᎨᎢ, ᎾᏍᎩ ᏂᏚᎩᏨᏂᏒ ᎠᏂᎧᎲᏍᎨ ᎦᎶᎯᏍᏗᏳᎶᏗ ᎤᏛᏅ-ᏗᎦᎳᏫᎢᏍᏗᏱ ᎾᏍᎩ ᎦᎶᎯᏍᏗᏱ ᎤᏬᏚᎯ ᏥᏕᎤᏙᎥ, ᏧᏚᎳᏕᏗᏱ ᎤᏂᏰᎸᏎ ᎠᏂᏴᎯᎯ ᎤᏛᏅ-ᏗᎦᎳᏫᎢᏍᏗᏱ.
3. ᎾᏍᎩ ᏕᎤᎪᎲ ᏈᏓ ᎠᎴ ᏣᏂ ᎿᎭᏉ ᏗᏂᏴᎵᏎ ᎤᏛᏅ-ᏗᎦᎳᏫᎢᏍᏗᏱ, ᏚᏚᎳᏕᎴᎢ.
4. ᏈᏓᏃ ᎤᏯᏅᏒᎯ ᏚᎧᎿᎭᏁᎢ, ᎠᎴ ᎾᏍᏉ ᏣᏂ; ᏈᏓᏃ ᎯᎠ ᏄᏪᏎᎢ, ᏗᏍᎩᎾᎦᏅᎦ.
5. ᏕᎤᏬᎯᏳᏁᏃ, ᎪᎱᏍᏗ ᏓᎬᎩᏁᎵ ᎡᎵᏍᎨᎢ.
6. ᎿᎭᏉᏃ ᏈᏓ ᎯᎠ ᏄᏪᏎᎢ; ᎠᏕᎸ ᎤᏂᏁᎬ ᎠᎴ ᎠᏕᎸ ᏓᎶᏂᎨ ᎥᏝ ᏱᏓᎩᎭ, ᎢᏳᏍᏗᏍᎩᏂᏃᏅ ᎠᎩᎲ ᎬᎥᏏ; ᏥᏌ ᎦᎶᏁᏛ ᎾᏎᎵᏗ ᏤᎲ ᏕᎤᏙᏍᏛ ᏔᎴᎲᎦ ᎠᎴ ᎮᏓ.
7. ᎠᎦᏘᏏᏃ ᎤᏬᏯᏁᏒ ᏕᎤᎴᏔᏁᎢ; ᎩᎳᏉᏃ ᎢᏴᏛ ᏧᎳᏏᏕᏂ ᎠᎴ ᏗᏓᏆᎵᎢ ᏧᎵᏂᎩᏗᏳ ᏂᏚᎵᏍᏔᏁᎢ.
8. ᎾᏍᎩᏃ ᏚᎵᏔᏗᏅᏎᎢ, ᎤᎴᏁᎢ, ᎠᎴ ᎤᏪᏙᎴᎢ, ᎠᎴ ᎢᏧᎳᎭ ᏭᏂᏴᎴ ᎤᏛᏅ-ᏗᎦᎳᏫᎢᏍᏗᏱ, ᎡᏙᎮᎢ, ᎠᎴ ᏓᎵᏔᏕᎨᎢ, ᎠᎴ ᎦᎸᏉᏗᏍᎨ ᎤᏁᎳᏅᎯ.
9. ᏂᎦᏛᏃ ᏴᏫ ᎬᏩᎪᎮ ᎡᏙᎲᎢ ᎠᎴ ᎦᎸᏉᏗᏍᎬ ᎤᏁᎳᏅᎯ.
10. ᎬᏬᎵᏤᏃ ᎾᏍᎩ ᎨᏒ ᎤᏚᎳᏗᏍᏗᏱ ᏧᏰᎸᏎ ᏥᎦᎲᏍᎨ ᎤᏬᏚᎯ ᎦᎶᎯᏍᏗᏱ ᎤᏛᏅ-ᏗᎦᎳᏫᎢᏍᏗᏱ. ᎤᏣᏔᏅᎯᏃ ᎤᏂᏍᏆᏂᎪᏎ ᏅᏗᎦᎵᏍᏙᏗᏍᎨ ᎾᏍᎩ ᏄᎵᏍᏓᏁᎸᎢ.
11. ᎠᏏᏉᏃ ᎠᏥᏅᏩᏅᎯ ᎠᏲᎤᎵ ᏕᎤᏂᏴᏎ ᏈᏓ ᎠᎴ ᏣᏂ, ᏂᎦᏛ ᏴᏫ ᏕᎬᏩᏂᏔᏫᏤ ᎠᏲᏓᏝᎲᎢ ᏐᎵᎹᏅ ᎤᏤᎵ ᏥᏕᎤᏙᎥ, ᎤᏣᏔᏅᎯ ᎤᏂᏍᏆᏂᎪᏍᎨᎢ.
12. ᏈᏓᏃ ᎤᏙᎴᎰᏒ ᎯᎠ ᏂᏚᏪᏎᎴ ᏴᏫ; ᎢᏥᏍᎦᏯ ᎢᏏᎵ ᏧᏪᏥ, ᎦᏙᏃ ᎢᏥᏍᏆᏂᎪᏍᎦ ᎯᎠ, ᎠᎴ ᎦᏙᏃ ᎤᏯᏅᏒᎯ ᏙᏍᎩᎾᎦᏂᎭ, ᎾᏍᎩᏯ ᎣᎩᏅᏒ ᏙᎩᎾᎵᏂᎬᎬ ᎠᎴ ᎣᏍᏙᏏᏳ ᎨᏒ ᏦᎩᏅᏔᏃᎢ ᎯᎠ ᎬᏪᏓᏍᏗ ᏥᏃᏍᏛᏁᎶᎢ.
13. ᎤᏁᎳᏅᎯ ᎡᏆᎭᎻ ᎤᏤᎵᎦ, ᎠᎴ ᎡᏏᎩ ᎤᏤᎵᎦ, ᎠᎴ ᏤᎦᏈ ᎤᏤᎵᎦ, ᎤᏁᎳᏅᎯ ᏗᎩᎦᏴᎵᎨ ᎤᎾᏤᎵᎦ, ᎤᎸᏉᏔᏅ ᎤᏪᏥ ᏥᏌ, ᎾᏍᎩ ᏂᎯ ᏥᏕᏥᏲᏒᎩ ᎠᎴ ᏤᏣᏓᏱᎸᎩ ᎠᎦᏔᎲ ᏆᎴᏗ, ᎾᏍᎩ ᎤᏪᎪᏗᏱ ᏧᏰᎸᏒᎩ.
14. ᎠᏎᏃ ᏂᎯ ᎡᏣᏓᏱᎸᎩ ᎾᏍᎩ ᎾᏍᎦᏅᎾ ᎠᎴ ᎤᏓᏅᏘ, ᎢᏥᏔᏲᎸᎩᏃ ᎤᏓᎸᎯ ᎡᏥᎧᏁᏗᏱ
15. ᎠᎴ ᎤᎬᏫᏳᎯ ᎬᏂᏛ ᎠᏓᏁᎯ ᎡᏥᎸᎩ, ᎾᏍᎩ ᎤᏁᎳᏅᎯ ᏕᎤᎴᏔᏅ ᎤᏲᎱᏒᎢ, ᎾᏍᎩᏃ ᎠᏴ ᎣᏍᏗᏃᎮᏍᎩ.
16. ᎠᎴ ᎾᏍᎩ ᏚᏙᎥ ᎪᎯᏳᏗ ᎨᏒ ᏅᏧᎵᏍᏙᏔᏅ ᎾᏍᎩ ᏚᏙᎢ ᎤᎵᏂᎪᎯᏍᏔᏅ ᎯᎠ ᎠᏍᎦᏯ, ᎾᏍᎩ ᏤᏥᎪᏩᏘᎭ ᎠᎴ ᏤᏥᎦᏔᎭ; ᎥᎥ, ᎪᎯᏳᏗ ᎨᏒ ᎾᏍᎩ ᎤᏤᎵᎦ ᎯᎠ ᎤᏃᏍᏛᏯ ᏄᏩᏁᎸ ᎢᏥᎦᏔᎲ ᏂᎦᏛ.
17. Ꭷ ᎢᏓᏓᏅᏟ ᏥᎦᏔᎭ ᏂᏥᎦᏔᎲᎾ ᎨᏒ ᏅᏧᎵᏍᏙᏔᏅ ᎾᏍᎩ ᏂᏣᏛᏁᎸᎢ, ᎠᎴ ᎾᏍᏉ ᏗᏣᏤᎵ ᎤᏂᎬᏫᏳᎯ.
18. ᎾᏍᎩᏍᎩᏂ ᎯᎠ ᏥᏄᎵᏍᏔᏅ ᎤᏁᎳᏅᎯ ᎤᎧᎵᎸ ᎾᏍᎩ ᎦᏳᎳ ᎬᏂᎨᏒ ᎢᏳᏩᏁᎸᎯ ᏥᎨᏎᎢ ᎦᎶᏁᏛ ᎤᎩᎵᏲᎢᏍᏗᏱ, ᏂᎦᏛ ᏧᏤᎵ ᎠᎾᏙᎴᎰᏍᎩ ᏗᏂᎰᎵ ᏥᏕᎬᏗᏍᎨᎢ.
19. ᎾᏍᎩ ᎢᏳᏍᏗ ᏗᏥᏁᏟᏴᎾ ᏕᏣᏓᏅᏛᎢ, ᎠᎴ ᎢᏣᎦᏔᎲᎾ, ᎤᏓᏅᎦᎸᏗᏱ ᎢᏥᏍᎦᏅᏨᎢ, ᎾᏍᎩ ᎣᏍᏛ ᎠᏓᏅᏓᏗᏍᏗ ᎨᏒ ᎤᎾᏄᎪᎢᏍᏗᏱ ᎤᎬᏫᏳᎯᏱ ᏅᏓᏳᏓᎴᏅᎯ.
20. ᎠᎴ ᏅᏓᏳᏅᏍᏗᏱ ᏥᏌ ᎦᎶᏁᏛ, ᎾᏍᎩ ᎦᏳᎳ ᎡᏣᎵᏥᏙᏁᎸᎯ ᏥᎩ;
21. ᎾᏍᎩ ᎦᎸᎳᏗ ᏭᏕᏗ ᏥᎩ ᎬᏂ ᎾᎯᏳ ᎠᎵᏱᎶᎸᎭ ᎤᏓᏁᏟᏴᏍᏗ ᎨᏒ ᏂᎦᎥᎢ, ᎾᏍᎩ ᎤᏁᎳᏅᎯ ᎤᏁᏨᎯ ᏥᎩ ᏧᏤᎵ ᎨᏥᎸᏉᏗ ᎠᎾᏙᎵᎰᏍᎩ ᏗᏂᎰᎵ ᏧᏩᏔᏅᎯ ᏥᎩ, ᎡᎶᎯ ᏧᏙᏢᏅᎢ ᏅᏓᎬᏩᏓᎴᏅᏛ.
22. ᎼᏏᏰᏃ ᎯᎠ ᏂᏕᎤᏪᏎᎴ ᏗᎩᏙᏓ; “ᏱᎰᏩ ᎢᏣᏁᎳᏅᎯ ᏓᏥᎾᏄᎪᏫᏎᎵ ᎠᏙᎴᎰᏍᎩ ᎢᏣᎵᏅᏟ ᎨᏒ ᏓᎦᎾᏄᎪᏥ, ᎠᏴ ᎾᏍᎩᏯᎢ; ᎾᏍᎩ ᏓᏰᏣᏛᏓᏍᏓᏁᎵ ᏂᎦᎥ ᎢᏥᏁᏤᏗ ᎨᏒᎢ.
23. ᎯᎠᏃ ᏅᏓᎦᎵᏍᏔᏂ ᎾᏍᎩ ᎩᎶ ᏂᎪᎯᏳᎲᏍᎬᎾ ᎢᎨᏎᏍᏗ ᎾᏍᎩ ᎠᏙᎴᎰᏍᎩ, ᎠᏥᏛᏙᏗ ᎠᎨᎳᏗᏍᏗ ᎨᏎᏍᏗ ᎤᏓᏑᏴ ᏴᏫ ᎠᏁᎲᎢ.”
24. ᎠᎴ ᎾᏍᏉ ᏂᎦᏛ ᎠᎾᏙᎴᎰᏍᎩ ᏌᎻ ᏅᏓᏳᏓᎴᏅᏛ, ᎾᏍᎩ ᎣᏂ ᎤᏂᎾᏄᎪᏨᎯ, ᎾᏂᎥ ᎤᏂᏬᏂᏒᎯ, ᎾᏍᏉ ᎤᏂᏁᎢᏍᏔᏅ ᎪᎯ ᎨᏒᎢ.
25. ᏂᎯ ᎠᎾᏙᎴᎰᏍᎩ ᏧᏁᏥ, ᎠᎴ ᎾᏍᏉ ᏧᏪᏥ ᎠᏚᎢᏍᏛᎢ, ᎾᏍᎩ ᎤᏁᎳᏅᎯ ᏗᎩᎦᏴᎵᎨ ᏚᏚᎢᏍᏓᏁᎸᎢ, ᎯᎠ ᏥᏄᏪᏎᎴ ᎡᏆᎭᎻ; “ᎠᎴ ᏂᎯ ᏣᏁᏢᏔᏅᎯ ᎨᏒ ᏅᏓᎦᎵᏍᏙᏔᏂ ᏄᎾᏓᎴᏒ ᏴᏫ ᎡᎶᎯ ᎠᏁᎯ ᎣᏏᏳ ᎢᏳᎾᎵᏍᏓᏁᏗ ᎨᏎᏍᏗ.”
26. ᎤᏁᎳᏅᎯ, ᎤᎾᏄᎪᏫᏒ ᎤᏪᏥ ᏥᏌ, ᏂᎯ ᎢᏤᎲ ᎢᎬᏱ ᎤᏅᏒᎩ ᎣᏍᏛ ᎢᏣᏛᏁᏗᏱ ᏕᏥᎦᏔᎲᏍᎬ ᏗᏥᏲᎯᏍᏗᏱ ᏂᏨᏁᎲ ᏂᏥᎥ ᎢᏥᏍᎦᏅᏨᎢ.

== Acts 4 ==
1. ᎠᏏᏉᏃ ᏓᏂᏬᏁᏗᏍᎨ ᏴᏫ, ᎠᏥᎸ-ᎠᏁᎶᎯ ᎠᎴ ᎣᏍᏛ ᎢᏳᏩᎿᎭᏕᎩ ᎤᏛᏅ-ᏗᏚᎳᏫᎢᏍᏗᏱ ᎠᎴ ᎠᏂᏌᏚᏏ ᎬᏩᏂᏃᎴᎢ;
2. ᎤᏥᏐᏅᏤᎮ ᏅᏗᎦᎵᏍᏙᏗᏍᎨ ᏓᏁᏲᎲᏍᎬ ᏴᏫ, ᎠᎴ ᏥᏌ ᎠᏅᏗᏍᎬ ᎠᎾᎵᏥᏙᎲᏍᎬ ᎠᏲᎱᏒ ᏗᎴᎯᏐᏗ ᎨᏒᎢ.
3. ᎠᎴ ᏕᎬᏩᏂᏂᏴᎨ ᎠᎴ ᏕᎬᏩᏂᏍᏚᏁ ᎤᎩᏨᏛ ᎢᎪᎯᏛ, ᎿᎭᏉᏰᏃ ᎤᏒᎢ ᎨᏎᎢ.
4. ᎠᏎᏃ ᎤᏂᏣᏖ ᎧᏃᎮᏛ ᎤᎾᏛᎦᏅᎯ ᎤᏃᎯᏳᏁᎢ, ᎾᏍᎩᏃ ᎠᏂᏍᎦᏯ ᎯᏍᎩᎭ ᎢᏯᎦᏴᎵ ᎾᏂᎡᎢ.
5. ᎯᎠᏃ ᏄᎵᏍᏔᏁ ᎤᎩᏨᏛ, ᎾᏍᎩ ᎤᏂᎬᏫᏳᎯ ᏧᎾᏤᎵ ᎠᎴ ᏗᏂᎳᏫᎩ ᎠᎴ ᏗᏃᏪᎵᏍᎩ,
6. ᎠᎴ ᎡᎾ ᏄᎬᏫᏳᏒ ᎠᏥᎸ-ᎨᎶᎯ, ᎠᎴ ᎧᏱᏆ ᎠᎴ ᏣᏂ ᎠᎴ ᎡᎵᎩ ᎠᎴ ᏂᎦᏛ ᏄᎬᏫᏳᏒ ᎠᏥᎸ-ᎨᎶᎯ ᎪᎱᏍᏗ ᏧᏩᏅ ᏚᏂᎳᏫᏤ ᏥᎷᏏᎵᎻ.
7. ᎠᏰᎵᏃ ᏚᏂᎧᏅ ᎯᎠ ᏄᏂᏪᏎ ᏚᎾᏛᏛᏁᎢ; ᎦᎪ ᎤᎵᏂᎬᎬᎢ ᎠᎴ ᎦᎪ ᎦᏙᎥ ᎢᏍᏛᏔᏅ, ᎯᎠ ᏂᏍᏓᏛᏁᎸ?
8. ᎿᎭᏉᏃ ᏈᏓ ᎤᎧᎵᏨᎯ ᎨᏎ ᎦᎸᏉᏗᏳ ᎠᏓᏅᏙ, ᎯᎠ ᏂᏚᏪᏎᎴᎢ; ᎢᏥᎬᏫᏳᎯ ᏴᏫ ᏧᎾᏤᎵᎦ ᎠᎴ ᎢᏏᎵ ᏗᏥᎳᏫᏤᎯ,
9. ᎢᏳᏃ ᎣᏍᏛ ᏃᏍᏓᏛᏁᎸᎢ ᎯᎠ ᎠᏲᎤᎵ ᎠᏍᎦᏯ, ᎢᏳᏍᏗ ᎬᏔᏅᎯ ᎨᏒ ᎠᏥᏅᏩᏅᎢ ᏅᏗᎦᎵᏍᏙᏗᏍᎨᏍᏗ ᎪᎯ ᎢᎦ ᎢᎣᎩᎾᎵᏱᎵᏕᎮᏍᏗ,
10. ᎢᏥᎦᏔᎮᏍᏗ ᏂᎦᏛ, ᎠᎴ ᏂᎦᏛ ᎢᏏᎵ ᎠᏁᎯ ᎠᏂᎦᏔᎮᏍᏗ ᎾᏍᎩ ᏕᎤᏙᎥ ᏥᏌ ᎦᎶᏁᏛ ᎾᏎᎵᏗ ᏤᎲᎩ, ᎾᏍᎩ ᏓᏓᎿᎭᏩᏍᏛ ᏤᏣᏛᏅᎩ, ᎤᏁᎳᏅᎯ ᏥᏕᎤᎴᏔᏅ ᎤᏲᎱᏒᎢ, ᎾᏍᎩ ᏄᏩᏂᏌᏅ ᎯᎠ ᎠᏍᎦᏯ ᎤᏗᏩᏒᎯ ᏥᎦᏙᎦ ᏕᏥᎧᏅᎢ.
11. ᎾᏍᎩᏍᎩᏂ ᎯᎠ ᏅᏯ ᏥᏥᏲᎢᏎᎸᎩ ᏗᏣᏁᏍᎨᏍᎩ; ᎾᏍᎩ ᎤᏅᏏᏴ ᏄᎬᏫᏳᏒ ᎠᏗ ᏥᏄᎵᏍᏔᏅ.
12. ᎥᏝ ᎠᎴ ᏅᏩᏓᎴ ᎩᎶᎢ ᎠᎵᏍᏕᎸᏙᏗ ᎨᏒ ᏳᎭ, ᎥᏝᏰᏃ ᏅᏩᏓᎴ ᏕᎤᏙᎥ ᎦᎸᎶ ᎭᏫᏂᏗᏢ ᏴᏫ ᎠᏁᎲ ᎠᎵᏍᎪᎸᏔᏅᎯ ᏱᎩ ᎢᎦᎵᏍᏕᎸᏙᏗ.
13. ᎤᎾᏙᎴᎰᏒᏃ ᏈᏓ ᎠᎴ ᏣᏂ ᎾᏂᏯᎦᎢᎲᎾ ᎨᏒᎢ, ᎠᎴ ᎤᎾᏓᏅᏖᎸ ᎪᏪᎵ ᏂᏓᏂᏏᎾᏒᎾ ᎠᎴ ᎾᏂᎦᏔᎿᎭᎥᎾ ᎨᏒᎢ, ᎤᏂᏍᏆᏂᎪᏎᎢ, ᎠᎴ ᏚᏃᎵᏤ ᎾᏍᎩ ᏥᏌ ᎤᏁᏙᎸᎯ ᎨᏒᎢ.
14. ᎠᏂᎪᏩᏘᏍᎨᏃ ᎠᏍᎦᏯ ᎠᏥᏅᏩᏅᎯ ᎢᏧᎳᎭ ᎠᏂᏙᎾᎡᎢ, ᎥᏝᏃ ᎪᎱᏍᏗ ᏫᎬᏩᎾᏛᏗ ᏱᎨᏎᎢ.
15. ᎠᏎᏃ ᏚᏂᏁᏥᎸ ᎤᏂᏄᎪᎢᏍᏗᏱ ᏓᏂᎳᏫᎥᎢ ᎤᏅᏒ ᎨᏒ ᎤᎾᎵᏃᎮᎴᎢ,
16. ᎯᎠ ᏄᏂᏪᏎᎢ; ᎦᏙ ᏙᏓᏛᏁᎵ ᎯᎠ ᎠᏂᏍᎦᏯ, ᏄᏜᏓᏏᏛᏒᎾᏰᏃ ᎤᏍᏆᏂᎪᏗ ᏚᏂᎸᏫᏍᏓᏁᎸ ᎬᏂᎨᏒ ᏄᎾᎵᏍᏓᏁᎸ ᏂᎦᏛ ᏥᎷᏏᎵᎻ ᎠᏁᎯ, ᎠᎴ ᎥᏝ ᏰᎵ ᏴᎨᏓᏓᏱᎦ.
17. ᎠᏎᏃ ᎤᏟ ᎢᎦᎢ ᏧᏃᏣᎶᎢᏍᏗᏱ ᏂᎨᏒᎾ ᏴᏫ ᎠᏁᎲᎢ, ᎤᎵᏂᎩᏛᏯ ᏗᏗᏍᎦᎩ ᏗᏗᏁᏥ, ᎪᎯ ᎢᏳᏓᎴᏅᏛ ᎯᎠ ᎾᏍᎩ ᏚᏙᎥ ᎠᏂᏁᎢᏍᏗᏍᎬ ᎩᎶ ᎤᏂᏬᏁᏙᏗᏱ ᏂᎨᏒᎾ.
18. ᏫᏚᏂᏯᏅᎲᏃ ᏚᏂᏁᏤᎴ ᏥᏌ ᏚᏙᎥ ᎤᏅᏙᏗᏱ ᎤᏂᏁᎢᏍᏗᏱ ᎠᎴ ᏧᎾᏕᏲᏗᏱ ᏂᎨᏒᎾ.
19. ᎠᏎᏃ ᏈᏓ ᎠᎴ ᏣᏂ ᎤᏂᏁᏨ ᎯᎠ ᏂᏚᏂᏪᏎᎴᎢ; ᎢᏳᏃ ᏚᏳᎪᏕᏍᏗ ᎤᏁᎳᏅᎯ ᏙᏗᎧᏂᏍᎬᎢ ᏂᎯ ᎤᏟ ᎢᎦᎢ ᎢᏨᏯᏛᏓᏍᏓᏁᏗᏱ ᎡᏍᎦᏉ ᎤᏁᎳᏅᎯ, ᏗᏧᎪᏓ ᏂᎯ.
20. ᎥᏝᏰᏃ ᎤᏁᎳᎩ ᎦᏲᎩᏂᏰᎸᏗ ᏱᎩ, ᎣᎩᏂᏁᎢᏍᏙᏗᏱ ᏄᏍᏛ ᎣᎩᏂᎪᎲᎢ, ᎠᎴ ᎣᎩᎾᏛᎦᏅᎢ.
21. ᎠᏏᏃ ᏙᎤᏂᏍᎦᏨ, ᏚᏂᎧᏁᎢ, ᎤᎾᏠᏤ ᎪᎱᏍᏗ ᎬᏩᏂᏍᏛᏗᏍᏗ ᎨᏒᎢ, ᏅᏗᎦᎵᏍᏙᏗᏍᎨ ᎤᏂᏣᏘ ᏴᏫ, ᏂᎦᏛᏰᏃ ᎠᏂᎸᏉᏗᏍᎨ ᎤᏁᎳᏅᎯ, ᏅᏗᎦᎵᏍᏙᏗᏍᎨ ᎾᏍᎩ ᏄᎵᏍᏔᏅᎢ.
22. ᎠᏍᎦᏯᏰᏃ ᎾᏍᎩ ᎤᏍᏆᏂᎪᏗ ᎢᏯᎬᏁᎸᎯ ᎠᏥᏅᏩᏅᎯ ᎤᎶᏒᏍᏗ ᏅᎦᏍᎪᎯ ᎢᏳᏕᏘᏴᏛ ᏱᎰᏎᎢ.
23. ᏕᎨᏥᎧᏅᏃ ᎤᎾᎵᎪᏅᎯ ᏗᏂᏅ ᏭᏂᎶᏎᎢ, ᎠᎴ ᏭᏂᏃᎮᎴ ᏂᎦᎥ ᏂᎬᏩᏂᏪᏎᎸ ᏄᏂᎬᏫᏳᏒ ᎠᏥᎸ-ᎠᏁᎶᎯ ᎠᎴ ᏗᏂᎳᏫᎩ.
24. ᎾᏍᎩᏃ ᎤᎾᏛᎦᏅ ᏌᏉ ᎢᎦᎦᏛ ᎤᏁᎳᏅᎯ ᎤᏂᏌᎳᏓᏁᎴ ᎠᏂᏁᎬᎢ, ᎯᎠ ᏄᏂᏪᏎᎢ; ᏣᎬᏫᏳᎯ, ᏂᎯ ᏣᏁᎳᏅᎯ, ᏗᏦᏢᏅᎯ ᎦᎸᎶᎢ ᎠᎴ ᎡᎶᎯ ᎠᎴ ᎠᎺᏉᎯ ᎠᎴ ᏂᎦᏛ ᎾᎿᎭᎠᏁᎯ;
25. ᎯᏅᏏᏓᏍᏗ ᏕᏫ ᎠᎰᎵ ᏨᏔᏅᎯ ᎯᎠ ᎢᏣᏪᏛ ᏥᎩ; “ᎦᏙᏃ ᏧᎾᏓᎴᏅᏛ ᏴᏫ ᎤᏂᏔᎳᏬᏎᎢ, ᎠᎴ ᏴᏫ ᎤᎾᏓᏅᏖᎴ ᎢᏳᎾᏛᏁᏗᏱ ᎾᏍᎩ ᎢᎬᏩᎵᏍᏙᏗ ᏂᎨᏒᎾ ᎨᏒᎢ.
26. ᎤᏂᎬᏫᏳᎯ ᎡᎶᎯ ᎠᏁᎯ ᏚᎾᎴᏅᎩ, ᎠᎴ ᎠᏰᎵ ᏧᏂᎸᏫᏍᏓᏁᎯ ᏚᏂᎳᏫᏨᎩ ᎠᎾᏡᏗᏍᎬ ᎤᎬᏫᏳᎯ ᎠᎴ ᎠᎾᏡᏗᏍᎬ ᎤᏤᎵ ᎦᎶᏁᏛ.”
27. ᎤᏙᎯᏳᎯᏯᏰᏃ ᎠᎾᏡᏗᏍᎬ ᎾᏍᎦᏅᎾ ᏤᏥ ᏥᏌ ᎾᏍᎩ ᎯᎶᏁᏛ ᎢᏧᎳ ᎡᎶᏛ ᎠᎴ ᏆᏂᏗ ᏆᎴᏗ ᎠᎴ ᏴᏫ ᏧᎾᏓᎴᏅᏛ ᎠᎴ ᎢᏏᎵ ᏴᏫ ᏚᏂᎳᏫᏨᎩ,
28. ᎢᏳᎾᏛᏁᏗᏱ ᏂᎦᎥ ᏦᏰᏂ ᎠᎴ ᎭᏓᏅᏖᏍᎬ ᎦᏳᎳ ᏗᏧᎪᏔᏅᎯ ᏥᎨᏎ ᎾᏍᎩ ᎢᏳᎵᏍᏙᏗᏱ.
29. Ꭷ ᏣᎬᏫᏳᎯ, ᎿᎭᏉ, ᏔᎧᏅᎦ ᎪᎩᏍᎦᎬ ᏣᏂᏁᎦ, ᎠᎴ ᏔᎵᏍᎪᎸᏓᏏ ᏘᏅᏏᏓᏍᏗ ᎤᏍᏗᎤᏅ ᎾᏂᏍᎦᎢᎲᎾ ᎢᏳᎵᏍᏙᏗᏱ ᏣᏁᏨ ᎠᏂᏃᎮᏍᎬᎢ,
30. ᎭᏙᏯᎯᏗᏍᎬ ᏕᎯᏅᏫᏍᎬᎢ ᎠᎴ ᎤᏰᎸᏛᎢ ᎠᎴ ᎤᏍᏆᏂᎪᏗ ᏚᏂᎸᏫᏍᏓᏁᎲ ᎠᏅᏗᏍᎬ ᏕᎤᏙᎥ ᏥᏌ ᎾᏍᎦᏅᎾ ᏤᏥ.
31. ᎤᎾᏓᏙᎵᏍᏔᏅᏃ ᎤᎵᏖᎸᏁ ᎾᎿᎭᏓᏂᎳᏫᎥᎢ, ᏂᎦᏛᏃ ᏚᏂᎧᎵᏤ ᎦᎸᏉᏗᏳ ᎠᏓᏅᏙ, ᎠᎴ ᎾᏂᏍᎦᎢᎲᎾ ᎤᏂᏃᎮᎴ ᎧᏃᎮᏛ ᎤᏁᎳᏅᎯ ᎤᏤᎵᎦ.
32. ᏂᎦᏛᏃ ᎤᏂᏣᏘ ᎨᏒ ᎤᏃᎯᏳᏅᎯ ᏌᏉᏉ ᏄᏅᏁ ᏧᏂᎾᏫ ᎠᎴ ᏧᎾᏓᏅᏙ; ᎥᏝ ᎠᎴ ᎩᎶ ᎠᏋᏒ ᎠᏆᏤᎵ ᏯᏗᏍᎨ ᎪᎱᏍᏗ ᎤᎲᎢ, ᎠᏰᎵᏉᏰᏃ ᏄᏅᏁᎢ ᏂᎦᎥ ᎪᎱᏍᏗ.
33. ᎤᎵᏂᎩᏗᏳᏃ ᎾᏂᏪᏍᎨ ᎨᏥᏪᏍᎨ ᎨᏥᏅᏏᏛ ᎬᏂᎨᏒ ᎾᏅᏁᎲ ᏕᏅᎴᎯᏌᏅ ᎤᎬᏫᏳᎯ ᏥᏌ; ᏂᎦᏛᏃ ᎤᏣᏘ ᎣᏏᏳ ᎨᎦᏓᏅᏖᏍᎨᎢ.
34. ᎥᏝ ᎠᎴ ᎩᎶ ᏳᏓᏑᏰ ᏳᏂᎬᎨᎢ, ᎾᏂᎥᏰᏃ ᎦᏓ ᎠᎴ ᏓᏓᏁᎸ ᏧᏂᎯ ᏚᏂᎾᏗᏅᏎᎢ, ᎾᏍᎩᏃ ᎤᏂᎾᏗᏅᏛ ᏧᎬᏩᎳᏅᎯ ᎤᏂᏲᎴᎢ,
35. ᎠᎴ ᎤᏂᏁ ᎨᏥᏅᏏᏛ ᏧᎾᎳᏏᏕᏄᎶᏗ, ᎾᏂᎥᏃ ᎾᏍᎩᏯ ᎤᏂᏂᎬᏎᎲ ᎨᏥᏯᏙᎮᎮᎢ.
36. ᏦᏏᏃ ᎨᏥᏅᏏᏛ ᏆᏂᏆ ᏥᏚᏃᎡᎢ, ᎾᏍᎩ ᎦᏛᎬ ᎣᏍᏛ ᎠᏓᏅᏓᏗᏍᏗ ᎤᏪᏥ, ᎠᎵᏫ ᏌᏈ ᎤᏕᏅᎯ,
37. ᎦᏓ ᎤᎮᎢ, ᎤᎾᏗᏅᏎᎢ, ᎠᎴ ᎠᏕᎸ ᏚᏲᎴᎢ, ᎠᎴ ᎾᏍᎩ ᏕᎤᏁ ᎨᏥᏅᏏᏛ ᏧᎾᎳᏏᏕᏄᎶᏗ.

== Acts 5 ==
1. ᎩᎶᏃ ᎢᏳᏍᏗ ᎠᏍᎦᏯ ᎡᏂᎾᏯ ᏧᏙᎢᏛ, ᎤᏓᎵᎢᏃ ᏌᏉᎵ ᎤᏂᎾᏗᏅᏎ ᎪᎱᏍᏗ ᎤᏂᎲᎢ,
2. ᎠᎴ ᎤᎯᏰ ᎢᎦᏛ ᏧᎬᏩᎳᏅᎯ, ᎠᎴ ᎤᏓᎵᎢ ᎾᏍᏉ ᎠᎦᏔᎮᎢ; ᎤᏲᎴᏃ ᎢᎦᏛ, ᎠᎴ ᎨᏥᏅᏏᏛ ᏧᎾᎳᏏᏕᏄᎶᏗ ᎤᏁᎢ.
3. ᏈᏓᏃ ᎯᎠ ᏄᏪᏎᎢ; ᎡᏂᎾᏯ, ᎦᏙᏃ ᏎᏓᏂ ᏣᎾᏫ ᎢᏣᎧᎵᎡᎸ, ᎯᏯᏥᎪᏁᏗᏱ ᎦᎸᏉᏗᏳ ᎠᏓᏅᏙ, ᎠᎴ ᏣᎯᏯᏍᏗᏱ ᎢᎦᏛ ᎾᏍᎩ ᎦᏓ ᏧᎬᏩᎳᏅᎯ.
4. ᏥᏅᏩᏍᏛᏉ ᏝᏍᎪ ᏣᏤᎵᎦᏯ ᏱᎨᏎᎢ? ᏣᎾᏗᏅᏃ ᏝᏍᎪ ᏱᏣᎮ ᎭᏓᏅᏖᏍᎬᏉ ᎢᏨᏁᏗᏱ? ᎦᏙᏃ ᎯᎠ ᎾᏍᎩ ᏂᎤᏍᏗ ᎢᏦᏢᏅ ᏣᎾᏫᏱ? ᎥᏝᏍᎩᏂ ᏴᏫᏉ ᏱᎩᏯᏥᎪᏁᎸ, ᎤᏁᎳᏅᎯᏍᎩᏂ ᎯᏯᏥᎪᏁᎸ.
5. ᎡᏂᎾᏯᏃ ᎾᏍᎩ ᎤᏛᎦᏅ ᎤᏅᏤ ᎠᎴ ᎤᎵᏍᏆᏕᎴᎢ. ᎾᏂᎥᏃ ᎾᏍᎩ ᏄᎵᏍᏔᏅᎢ ᎤᎾᏛᎦᏅᎯ ᎤᏣᏔᏅᎯ ᎤᏂᎾᏰᏎᎢ.
6. ᎠᏂᏫᏅᏃ ᏚᎾᎴᏁ ᎠᎴ ᎤᏂᏣᏄᎳᏁᎢ, ᎤᏂᎾᏫᏛᎲᏃ ᏭᏂᏂᏌᏁᎢ.
7. ᏦᎢᎭᏃ ᎢᏳᏟᎶᏛ ᎢᏴᏛ ᎣᏂ ᎤᏓᎵᎢ ᎤᏴᎵᎴᎢ, ᎾᎦᏔᎲᎾ ᎨᏎ ᏄᎵᏍᏔᏅᎢ,
8. ᏈᏓᏃ ᎯᎠ ᏂᏅᏪᏎᎴᎢ; ᏍᎩᏃᎲᏏ, ᏥᎪ ᎾᏍᎩᏉ ᎢᎦᎢ ᏕᏍᏓᎬᏩᎳᏁᎴ ᎾᏍᎩ ᎦᏙᎯ? ᎯᎠᏃ ᏄᏪᏎᎢ; ᎥᎥ, ᎾᏍᎩᏉ ᎢᎦᎢ.
9. ᎿᎭᏉᏃ ᏈᏓ ᎯᎠ ᏄᏪᏎᎴᎢ; ᎦᏙᏃ ᏥᏍᏓᎵᎪᏅ ᎡᏍᏗᎪᎵᏰᏗᏱ ᎤᎬᏫᏳᎯ ᎤᏤᎵ ᎠᏓᏅᏙ? ᎬᏂᏳᏉ ᎠᏉ ᎦᎶᎯᏍᏗᏱ ᏧᎾᎳᏏᏕᏂ ᏣᏰᎯ ᎬᏩᏂᏌᏅᎯ, ᎾᏍᎩᏃ ᏂᎯ ᏛᎨᏣᎾᏫᏛᎯ.
10. ᎩᎳᏉᏃ ᎢᏴᏛ ᏧᎳᏏᏕᏄᎶᏗ ᎤᏅᏤᎢ, ᎠᎴ ᎤᎵᏍᏆᏕᎴᎢ. ᎠᏂᏫᏅᏃ ᎤᏂᏴᎸ ᎤᏂᏩᏛᎮ ᎤᏲᎱᏒᎯ ᎢᎨᏎᎢ, ᎤᏂᎾᏫᏛᎲᏃ ᏭᏂᏂᏌᏁ ᎤᏰᎯ ᏫᎦᏅᎢ.
11. ᏂᎦᏛᏃ ᏧᎾᏁᎶᏗ ᎤᎾᏓᏡᎬ ᎤᏣᏔᏅᎯ ᎤᏂᎾᏰᏎᎢ, ᎠᎴ ᎾᏍᏉ ᏂᎦᏛ ᎯᎠ ᎾᏍᎩ ᏄᎵᏍᏔᏅ ᎠᎾᏛᎩᏍᎩ.
12. ᎨᏥᏅᏏᏛᏃ ᎤᏣᏖ ᎤᏰᎸᏛ ᎠᎴ ᎤᏍᏆᏂᎪᏗ ᏚᏂᎸᏫᏍᏓᏁᎮ ᏴᏫ ᎠᏁᎲᎢ. ᏂᎦᏛᏃ ᏌᏉ ᎢᎦᎦᏛ ᎠᏂᏁ ᏐᎵᎹᏅ ᎤᏤᎵ ᎠᏲᏓᏝᎲᎢ.
13. ᎠᏂᏐᎢᏃ ᎠᏂᏍᎦᎢᎮ ᎬᏩᎾᎵᎪᏁᏗᏱ; ᎤᏂᏣᏘᏍᎩᏂ ᏴᏫ ᎬᏩᏂᎸᏉᏗᏳ ᎨᏎᎢ.
14. ᎠᏃᎯᏳᎲᏍᎩᏃ ᎤᏟ ᏂᎦᎡ ᎬᏩᏁᏉᏤᎴ ᎤᎬᏫᏳᎯ, ᎤᏂᏣᏔᏅᎯ ᎨᏎ ᎠᏂᏍᎦᏯ ᎠᎴ ᎠᏂᎨᏴ.
15. ᏚᏜᏓᏅᏛᏰᏃ ᏓᏂᏃᎯᎮ ᏧᏂᏢᎩ, ᏗᏤᏍᏙ ᎠᎴ ᏗᎦᏂᏟ ᏓᏂᏢᏗᏍᎨᎢ ᎾᏍᎩ ᎤᏓᏩᏗᏍᏛᏉ ᎾᏍᏉ ᏈᏓ ᎠᎢᏒᎢ ᎢᎦᏛ ᎤᏄᏢᏙᏗᏱ.
16. ᎾᏍᏉᏃ ᎤᏂᏣᏖ ᏕᎦᏚᏩᏗᏒ ᏅᏓᏳᏂᎶᏒᎯ ᏥᎷᏏᎵᎻ ᎠᏂᎷᎨᎢ, ᏓᎾᏖᏃᎯᎮ ᏧᏂᏢᎩ ᎠᎴ ᎠᏂᏍᎩᎾ ᎬᏩᏂᏱᎵᏙᎯ; ᏂᎦᏛᏃ ᏕᎨᏥᏅᏩᏁᎢ.
17. ᎿᎭᏉᏃ ᏄᎬᏫᏳᏒ ᎠᏥᎸ-ᎨᎶᎯ ᏚᎴᏅ ᎠᎴ ᏂᎦᏛ ᎬᏩᎵᎪᏁᎯ, ᎾᏍᎩ ᎠᏂᏌᏚᏏ ᏧᎾᏙᎢᏛ ᏥᎩ, ᎤᏂᎧᎵᏤ ᎤᏂᏔᎳᏬᏍᎬᎢ;
18. ᎠᎴ ᏚᏂᏂᏴᎮ ᎨᏥᏅᏏᏛ ᎠᎴ ᏗᏓᏍᏚᏗᏱ ᏚᏂᏴᏔᏁᎢ.
19. ᎠᏎᏃ ᏗᎧᎿᎭᏩᏗᏙᎯ ᎤᎬᏫᏳᎯ ᎤᏤᎵᎦ ᏒᏃᏱ ᏚᏍᏚᎢᏎ ᏗᏓᏍᏚᏗᏱ ᎦᎶᎯᏍᏗᏱ, ᏚᏄᎪᏫᏒᏃ ᎯᎠ ᏄᏪᏎᎢ;
20. ᎢᏤᎾ, ᎤᏛᏅ-ᏗᎦᎳᏫᎢᏍᏗᏱ ᏫᏣᎴᎲᎦ ᎠᎴ ᏫᏗᏥᏬᏁᏓ ᏴᏫ ᏫᏗᏥᏃᎲᏏ ᏂᎦᏛ ᎧᏃᎮᏛ ᎯᎠ ᎾᏍᎩ ᎬᏂᏛ ᎤᎬᏩᎵ.
21. ᎾᏍᎩᏃ ᎤᎾᏛᎦᏅ ᎩᎳ ᏧᎩᏥᏍᎪᎢ ᏭᏂᏴᎴ ᎤᏛᏅ-ᏗᎦᎳᏫᎢᏍᏗᏱ ᎠᎴ ᏚᎾᏕᏲᏁᎢ. ᎠᏎᏃ ᏄᎬᏫᏳᏒ ᎠᏥᎸ-ᎨᎶᎯ ᎤᎷᏨ, ᎠᎴ ᎾᏍᎩ ᎬᏩᎵᎪᏁᎯ, ᏚᏂᏟᏌᏁ ᏗᏂᎳᏫᎩ, ᎠᎴ ᏂᎦᏛ ᏄᏂᎬᏫᏳᏌᏕᎩ ᎢᏏᎵ ᏧᏪᏥ ᏧᎾᏤᎵᎦ, ᎠᎴ ᏫᏓᏯᏅᎲ ᎤᎾᏓᏅᏎ ᏗᏓᏍᏚᏗᏱ.
22. ᎠᏎᏃ ᏗᎾᏓᏂᏱᏍᎩ ᏭᏂᎷᏨ ᏫᏚᎾᏠᏤ ᏗᏓᏍᏚᏗᏱ, ᏗᎤᎾᏨᏒᏃ ᎤᏂᏃᏁᎢ,
23. ᎯᎠ ᏄᏂᏪᏎᎢ; ᏗᏓᏍᏚᏗᏱ ᎤᏙᎯᏳᎯ ᎣᎩᏩᏛᎲ ᎤᎵᏂᎩᏗᏳ ᎠᏍᏚᎲᎩ, ᎠᎴ ᎠᏂᎦᏘᏯ ᎠᏂᏙᎾᎥ ᏙᏱᏗᏢ ᎦᎶᎯᏍᏗᏳᎶᏗ, ᎠᏎᏃ ᎣᎩᏍᏚᎢᏒ ᎥᏝ ᎩᎶ ᏲᏥᏩᏛᎮ ᏱᏯᎡᎢ.
24. ᎿᎭᏉᏃ ᎠᏥᎸ-ᎨᎶᎯ ᎠᎴ ᎣᏍᏛ ᎢᏳᏩᎿᎭᏕᎩ ᎤᏛᏅ-ᏗᎦᎳᏫᎢᏍᏗᏱ, ᎠᎴ ᏄᏂᎬᏫᏳᏒ ᎠᏥᎸ-ᎠᏁᎶᎯ, ᎾᏍᎩ ᎯᎠ ᏄᏂᏪᏒ ᎤᎾᏛᎦᏅ, ᎾᏍᎩ ᎤᎾᏓᏅᏖᏔᏁᎢ, ᎭᏢ ᏮᏛᏍᏗᏥ ᎯᎠ, ᎤᏁᎵᏎᎢ.
25. ᎿᎭᏉᏃ ᎩᎶ ᎤᎷᏤ ᎤᏂᏃᏁᎴ ᎯᎠ ᏄᏪᏎᎢ; ᎬᏂᏳᏉ ᎾᏍᎩ ᎠᏂᏍᎦᏯ ᏗᏓᏍᏚᏗᏱ ᏥᏕᏥᏴᏔᏅᎩ ᎠᏂᏯᎠ ᎤᏛᏅ-ᏗᎦᎳᏫᎢᏍᏗᏱ, ᎠᏂᏙᎾᎠ, ᎠᎴ ᏓᏁᏲᎲᏍᎦ ᏴᏫ.
26. ᎿᎭᏉᏃ ᎣᏍᏛ ᎢᏳᏩᎿᎭᏕᎩ ᎠᎴ ᏗᎾᏓᏂᏱᏍᎩ ᎬᏍᎦᎢᏍᏓᎩ ᏂᏚᏅᏁᎸᎾ ᏫᏚᏂᏯᏅᎮᎢ; ᏓᏂᏍᎦᎢᎮᏰᏃ ᎤᏂᏣᏘ, ᏅᏯ ᏱᏕᎪᎬᏂᏍᏓ ᎠᏁᎵᏍᎨᎢ.
27. ᏚᎾᏘᏃᎸᏃ ᏕᎦᎳᏫᎥ ᎢᎬᏱᏗᏢ ᏑᏂᎧᏁᎢ. ᏄᎬᏫᏳᏒᏃ ᎠᏥᎸ-ᎨᎶᎯ ᏚᏛᏛᏁᎢ,
28. ᎯᎠ ᏄᏪᏎᎢ; ᏝᏍᎪ ᎤᎵᏂᎩᏛᏯ ᏱᏨᏅᏍᏓᏕᎴ ᏗᏣᏕᏲᏗᏱ ᎯᎠ ᎾᏍᎩ ᏕᎤᏙᎥ ᎢᏨᏙᏗᏱ? ᎬᏂᏳᏉᏃ ᏕᏣᏕᏲᎲᏍᎬ ᏥᎷᏏᎵᎻ ᎢᏥᎧᎵᎢᏍᏔᏅ, ᎠᎴ ᎾᏍᎩ ᎠᏍᎦᏯ ᎤᎩᎬ ᎣᎩᏍᏛᏗᏍᏗᏱ, ᎢᏥᏰᎸᎭ.
29. ᏈᏓᏃ ᎠᎴ ᎨᏥᏅᏏᏛ ᎤᏂᏁᏨ ᎯᎠ ᏄᏂᏪᏎᎢ; ᎤᏁᎳᏅᎯ ᎣᏦᎯᏳᏗ, ᎥᏝᏃ ᏴᏫ.
30. ᎤᏁᎳᏅᎯ ᏗᎩᏙᏓ ᎤᎾᏤᎵᎦ ᏕᎤᎴᏔᏅ ᏥᏌ, ᎾᏍᎩ ᏤᏥᎸᎩ ᎨᏛ ᏤᏣᏛᏅᎩ.
31. ᎾᏍᎩ ᎤᏁᎳᏅᎯ ᎤᏌᎳᏓᏅ ᎠᎦᏘᏏ ᎤᏬᏰᏂ ᎤᏩᏔᏅ, ᎤᎬᏫᏳᎯ ᎠᎴ ᎠᏓᏍᏕᎵᏍᎩ ᎢᏳᎵᏍᏙᏗᏱ, ᎢᏏᎵ ᏧᏁᏗᏱ ᏧᏂᏁᏟᏴᏍᏗᏱ ᏚᎾᏓᏅᏛᎢ, ᎠᎴ ᎦᎨᏥᏁᏗᏱ ᎤᏂᏍᎦᏅᏨᎢ.
32. ᎠᏴᏃ ᏧᏤᎵ ᎣᏥᏃᎮᏍᎩ ᎾᏍᎩ ᎯᎠ ᏄᏍᏛᎢ, ᎠᎴ ᎾᏍᏉ ᎦᎸᏉᏗᏳ ᎠᏓᏅᏙ ᎾᏍᎩ ᎤᏁᎳᏅᎯ ᏧᏁᎸᎯ ᏥᎩ ᎬᏬᎯᏳᎲᏍᎩ.
33. ᎾᏍᎩᏃ ᎤᎾᏛᎦᏅ ᏚᏂᏘᎴ ᏧᏂᎾᏫᏱ, ᎠᎴ ᏧᏂᎯᏍᏗᏱ ᎤᏂᏱᎵᏙᎴᎢ.
34. ᎿᎭᏉᏃ ᏕᎦᎳᏫᎥᎢ ᎩᎶ ᎢᏳᏍᏗ ᏚᎴᏁ ᎠᏆᎵᏏ ᎨᎺᎵ ᏧᏙᎢᏛ ᏗᎧᎿᎭᏩᏛᏍᏗ ᏗᎪᏏᏏᏍᎩ ᎾᏂᎥ ᏴᏫ ᎬᏩᎸᏉᏗ, ᎠᎴ ᎤᏁᏤ ᎨᏥᏅᏏᏛ ᏞᎦ ᏧᏂᎧᎲᏍᏗᏱ.
35. ᎯᎠᏃ ᏂᏚᏪᏎᎴᎢ; ᎢᏥᏍᎦᏯ ᎢᏏᎵ ᏧᏪᏥ ᎢᏤᏯᏔᎮᏍᏗ ᏄᏍᏛ ᎢᏣᏓᏅᏖᏍᎬ ᎢᏗᏳᏁᏗᏱ ᎯᎠ ᎠᏂᏍᎦᏯ.
36. ᎢᎸᎯᏳᏰᏃ ᏧᎾᏄᎪᏤ ᏚᏓᏏ ᎩᎶ ᏧᏤᎸᏎᎢ, ᎠᏂᏍᎦᏯ ᏅᎩᏧᏈ ᎢᏴᏛ ᎢᏯᏂᏛ ᏥᎬᏩᎵᎪᏁᎴᎢ, ᎾᏍᎩ ᏣᏥᎴᎢ, ᎠᎴ ᏂᎦᏛ ᎾᏍᎩ ᎬᏬᎯᏳᏅᎯ ᏧᎾᏗᎦᎴᏲᏤ ᎠᎴ ᏥᏫᎬᏩᏂᏲᏥᏙᎴᏉ.
37. ᎣᏂᏃ ᏧᎾᏄᎪᏤ ᏧᏓᏏ ᎨᎵᎵ ᎡᎯ ᏣᎾᏎᎵᏙᎮ ᎢᏳᎢ, ᎠᎴ ᎤᏂᏣᏘ ᏴᏫ ᏥᏚᏘᎿᎭᏫᏛᎮᎢ, ᎾᏍᎩᏃ ᎾᏍᏉ ᏥᎤᏲᎱᏎᎢ ᎠᎴ ᏂᎦᏛ ᎾᏂᎥ ᎬᏬᎯᏳᏅᎯ ᏧᎾᏗᎦᎴᏲᏤᎢ.
38. ᎿᎭᏉᏃ ᎯᎠ ᏂᏨᏪᏎᎭ, ᏞᏍᏗ ᏗᏣᎵᏌᎳᏁᎸ ᎯᎠ ᎠᏂᏍᎦᏯ, ᎤᎾᏁᎳᎩ ᏗᏤᎵᏏ, ᎢᏳᏰᏃ ᎯᎠ ᎠᎾᏓᏅᏖᏍᎬ ᎠᎴ ᏚᏂᎸᏫᏍᏓᏁᎲ ᏴᏫᏉ ᏅᏓᏳᏓᎴᏅᎯ ᎢᎨᏎᏍᏗ, ᎤᏲᏥᏓᏍᏗᏉ;
39. ᎤᏁᎳᏅᎯᏍᎩᏂ ᏅᏓᏳᏓᎴᏅᎯ ᎢᎨᏎᏍᏗ, ᎥᏝ ᏰᎵ ᏴᎨᏥᏲᏍᏓ; ᏯᎵᎦᏚᏓᎩᏰᏃ ᎤᏁᎳᏅᎯᏉ ᏤᏣᏟᏴᎡᎯ ᎨᏒᎢ.
40. ᎾᏍᎩᏃ ᎬᏬᎯᏳᏁᎢ; ᏫᏚᏂᏯᏅᎲᏃ ᎨᏥᏅᏏᏛ ᎠᎴ ᏚᏂᎵᎥᏂᎸ, ᏚᏂᏅᏍᏓᏕᎴ ᏥᏌ ᏚᏙᎥ ᎤᏂᏁᎢᏍᏙᏗᏱ, ᎠᎴ ᏚᏂᎧᏁᎢ.
41. ᎤᏂᏄᎪᏤᏃ ᏕᎦᎳᏫᎥᎢ ᎠᎾᎵᎮᎵᎨ ᏰᎵ ᎤᏕᎰᎯᏍᏗ ᎢᎬᏩᎾᎵᏍᏓᏁᏗ ᎨᏒ ᎾᏍᎩ ᏕᎤᏙᎥ ᏅᏗᎦᎵᏍᏙᏍᎬᎢ.
42. ᏂᏚᎩᏨᏂᏒᏃ ᎤᏛᏅ-ᏗᎦᎳᏫᎢᏍᏗᏱ ᎠᎴ ᏓᏓᏁᎳᏗᏒ ᎾᏂᏑᎵᎪᎬᎾ ᎨᏎ ᏓᎾᏕᏲᎲᏍᎨ ᎠᎴ ᎠᎾᎵᏥᏙᎲᏍᎨ ᎣᏍᏛ ᎧᏃᎮᏛ ᏥᏌ ᎦᎶᏁᏛ ᎤᎬᏩᎵ.

== Acts 6 ==
1. ᎾᎯᏳᏃ ᎠᏃᎯᏳᎲᏍᎩ ᎤᏂᏣᏔᏅ, ᎠᏂᎪᎢ ᎤᏂᏬᏂᎯᏍᏗ ᎠᏂᏬᏂᏍᎩ ᎪᎱᏍᏗ ᏓᏃᏎᎮ ᎠᏂᏈᎷ, ᏅᏗᎦᎵᏍᏙᏗᏍᎨ ᏂᎨᎦᎦᏌᏯᏍᏛᎾ ᎨᏒ ᏧᎾᏤᎵ ᎠᏂᎨᏴ ᏧᏃᏑᎶᏨᎯ ᏂᏚᎩᏨᏂᏒ ᎠᏂᏯᏙᎯᎲᎢ.
2. ᎿᎭᏉᏃ ᏔᎳᏚ ᎢᏯᏂᏛ ᎤᏂᏣᏘ ᎠᏃᎯᏳᎲᏍᎩ ᏫᏚᏂᏯᏅᎲ ᎯᎠ ᏄᏂᏪᏎᎢ; ᎥᏝ ᏚᏳᎪᏛ ᏱᎦᎩ ᎢᏳᏃ ᏱᏙᎩᏲᏍᎦ ᎤᏁᎳᏅᎯ ᎤᏤᎵ ᎧᏃᎮᏛ ᏕᎦᏍᎩᎸᏃ ᏱᏙᎩᎸᏫᏍᏓᏁᎭ.
3. ᎾᏍᎩ ᎢᏳᏍᏗ, ᎢᏓᏓᏅᏟ, ᎢᏨᏒ ᎢᏣᏓᏡᎬ ᏗᏣᏑᏯᎩ ᎦᎵᏉᎩ ᎢᏯᏂᏛ ᎠᏂᏍᎦᏯ ᎣᏍᏛ ᎨᏥᏃᎮᏍᎩ ᎤᏂᎧᎵᏨᎯ ᎦᎸᏉᏗᏳ ᎠᏓᏅᏙ ᎠᎴ ᎠᏂᎦᏔᎾᎢ, ᎾᏍᎩ ᎯᎠ ᏧᏂᎸᏫᏍᏓᏁᏗᏱ ᏗᎦᏲᏥᏁᏤᏗ.
4. ᎠᏴᏍᎩᏂ ᏂᎦᎯᎸ ᎠᏓᏙᎵᏍᏙᏗ ᎨᏒ ᎠᎴ ᎧᏃᎮᏛ ᏙᏓᏲᎩᎸᏫᏍᏓᏁᏗ.
5. ᎾᏍᎩᏃ ᏄᏂᏪᏒᎢ ᎣᏏᏳ ᎤᏂᏰᎸᏁ ᏂᎦᏛ ᎤᏂᏣᏘ ᎨᏒᎢ; ᎠᎴ ᎤᎾᏑᏰᏎ ᏍᏗᏫ, ᎠᏍᎦᏯ ᎤᎧᎵᏨᎯ ᎤᏬᎯᏳᏒ ᎠᎴ ᎦᎸᏉᏗᏳ ᎠᏓᏅᏙ, ᎠᎴ ᏈᎵᎩ ᎠᎴ ᏉᎪᎳ ᎠᎴ ᎾᎨᎾ ᎠᎴ ᏔᎹᏂ ᎠᎴ ᏆᎻᎾ ᎠᎴ ᏂᎩ ᎥᏘᎣᎩ ᎡᎯ ᎠᏂᏧᏏ ᏧᎵᎪᏁᎸᎯ;
6. ᎾᏍᎩᏃ ᎨᏥᏅᏏᏛ ᎠᏂᏅ ᎢᎬᏱᏗᏢ ᏚᏂᎧᏁᎢ; [ᎨᏥᏅᏏᏛᏃ] ᎤᎾᏓᏙᎵᏍᏔᏅ ᏚᎾᏏᏔᏕᎢ.
7. ᎧᏃᎮᏛᏃ ᎤᏁᎳᏅᎯ ᎤᏤᎵ ᎧᏁᏉᎨᎢ, ᎾᏂᎥᏃ ᎠᏃᎯᏳᎲᏍᎩ ᎤᏣᏘ ᎠᏂᏁᏉᎨ ᏥᎷᏏᎵᎻ, ᎤᏂᏣᏘᏃ ᎠᏥᎸᎠᏁᎶᎯ ᎤᏃᎯᏳᏁ ᎪᎯᏳᏗ ᎨᏒᎢ.
8. ᏍᏗᏫᏃ ᎤᎧᎵᏨᎯ ᎤᏬᎯᏳᏒ ᎠᎴ ᎤᎵᏂᎬᎬ ᎤᏣᏖ ᎤᏍᏆᏂᎪᏗ ᎠᎴ ᎤᏰᎸᏛ ᏚᎸᏫᏍᏓᏁᎮ ᏴᏫ ᎠᏁᎲᎢ.
9. ᎿᎭᏉᏃ ᏚᎾᎴᏁ ᎩᎶ ᎢᏳᎾᏍᏗ ᏗᎦᎳᏫᎢᏍᏗᏱ ᎠᏁᎳ ᎠᏂᎵᏆᏗᏂ ᏧᏂᎳᏫᎢᏍᏗᏱ ᏥᏚᏙᎥ, ᎠᎴ ᏌᎵᏂ ᎠᏂᎯ, ᎠᎴ ᎡᎵᏱᎩ ᎠᏁᎯ, ᎠᎴ ᏏᎵᏏᏱ ᎠᏁᎯ, ᎠᎴ ᎡᏗᏱ ᎠᏁᎯ, ᎤᎾᎵᏃᎮᏔᏁ ᏍᏗᏫ.
10. ᎥᏝᏃ ᏰᎵ ᎬᏩᏂᎭᎷᎩᏍᏗ ᏱᎨᏎ ᎠᏏᎾᏌᏅ ᎠᎴ ᎠᏓᏅᏙ ᏕᎬᏗᏍᎬ ᎦᏬᏂᏍᎬᎢ.
11. ᎿᎭᏉᏃ ᏚᏂᏅᏎ ᎠᏂᏍᎦᏯ ᎾᏍᎩ ᎯᎠ ᎢᏯᏂᏪᏍᎩ; ᎣᏣᏛᎦᏁᎸ ᎾᏍᎩ ᎧᏁᎬᎢ ᎠᏐᏢᎢᏍᏗᏍᎬ ᎼᏏ ᎠᎴ ᎤᏁᎳᏅᎯ.
12. ᏚᏂᏖᎸᏁᏃ ᎤᏂᏣᏘ ᏴᏫ ᎠᎴ ᏗᏂᎳᏫᎩ ᎠᎴ ᏗᏃᏪᎵᏍᎩ, ᎤᏂᏃᎴᏃ ᎠᎴ ᎤᏂᏂᏴᎮ ᎠᎴ ᏕᎦᎳᏫᎥ ᎤᎾᏘᏃᎴᎢ.
13. ᎦᏰᎪᎩᏃ ᎠᏂᏃᎮᏍᎩ ᏚᏂᎧᏁᎢ, ᎾᏍᎩ ᎯᎠ ᎢᏯᏂᏪᏍᎩ; ᎯᎠ ᎠᏍᎦᏯ Ꮭ ᏯᏑᎵᎪᎦ ᎧᏁᎬ ᎠᏐᏢᎢᏍᏗᏍᎬ ᎯᎠ ᎾᏍᎩ ᎦᎸᏉᏗᏳ ᎨᏒ ᎠᎴ ᏗᎧᎿᎭᏩᏛᏍᏗ.
14. ᎣᎦᏛᎦᏅᏰᏃ ᎯᎠ ᏂᎧᏪᏍᎬᎩ; ᎾᏍᎩ ᎯᎠ ᏥᏌ ᎾᏎᎵᏗ ᏤᎲᎩ ᏛᏲᏍᏔᏂ ᎠᏂ, ᎠᎴ ᏓᎦᏁᏟᏴᏏ ᎢᏯᏛᏁᎵᏓᏍᏗ ᎾᏍᎩ ᎼᏏ ᎢᎩᏁᎸᎯ.
15. ᏂᎦᏛᏃ ᏕᎦᎳᏫᎥ ᎠᏂᏂ ᎤᏯᏅᏒᎯ ᏓᏂᎧᏅ ᎤᏂᎪᎮ ᎤᎧᏛ ᏗᎧᎿᎭᏩᏗᏙᎯ ᎤᎧᏛ ᎾᏍᎩᏯ ᎨᏎᎢ.

== Acts 7 ==
1. ᏄᎬᏫᏳᏒᏃ ᎠᏥᎸ-ᎨᎶᎯ ᎯᎠ ᏄᏪᏎᎢ; ᎾᏍᎩᏍᎪ ᎤᏃᎯᏳᎯ ᏄᏍᏗ?
2. [ᏍᏗᏫᏃ] ᎯᎠ ᏄᏪᏎᎢ; ᎢᏥᏍᎦᏯ ᎢᏓᏓᏅᏟ ᎠᎴ ᏗᎩᏙᏓ, ᎢᏣᏛᏓᏍᏓ. ᎤᏁᎳᏅᎯ ᎠᏥᎸᏉᏗ ᎬᏂᎨᏒ ᏄᏛᏁᎴ ᎢᎩᏙᏓ ᎡᏆᎭᎻ ᎾᏍᎩ ᎾᎯᏳ ᎺᏌᏆᏕᎻ ᏤᎮᎢ, ᎠᏏᏉ ᎨᎳᏂ ᎾᏁᎳᏗᏍᎬᎾ ᏥᎨᏎᎢ;
3. ᎯᎠᏃ ᏄᏪᏎᎴᎢ; ᏣᏤᎵᎪᎯ ᎯᏄᎪᎢ ᎠᎴ ᎪᎱᏍᏗ ᏗᏨᎿᎭ ᎠᎴ ᎾᎿᎭᎦᏙᎯ ᎬᏯᏎᎮᏗ ᎨᏒ ᏫᎷᎩ.
4. ᎿᎭᏉᏃ ᎤᏓᏅᏎ ᎠᏂᎦᎵᏗ ᎤᎾᏤᎵᎪᎯ, ᎨᎳᏂᏃ ᎤᏁᎳᏕᎢ, ᎾᎿᎭᏃ ᏗᎤᏓᏅᏒ, ᎤᏙᏓ ᎤᏲᎱᏒ, ᎡᏍᎦᏂ ᎤᎷᏤᎴᎢ ᎾᏍᎩ ᎠᏂ ᎪᎯ ᏥᏤᎭ.
5. ᎠᎴ ᎥᏝ ᎦᏓ ᎠᏂ ᏳᏁᎴᎢ ᏂᎤᏟᏍᏕ ᏏᎳᏏᏅᎯᏉ ᎢᎩᏛ, ᎠᏎᏃ ᎤᏚᎢᏍᏓᏁᎴ ᎾᏍᎩ ᎤᏤᎵ ᎢᏳᏩᏁᏗᏱ ᎠᎴ ᎾᏍᎩ ᎤᏁᏢᏔᏅᏛ ᎨᏒ ᎠᏏᏉ ᎤᏪᏥ ᏁᎲᎾ ᎨᏎᎢ.
6. ᎤᏁᎳᏅᎯᏃ ᎯᎠ ᏄᏪᏎᎢ; “ᏣᏁᏢᏔᏅᏛ ᎠᏁᏙᎯ ᎨᏎᏍᏗ ᎾᎿᎭᎤᎾᏤ-ᎵᎪᎯ ᏂᎨᏒᎾ ᎨᏒᎢ, ᎠᎴ ᎾᎿᎭᎠᏁᎯ ᏙᏓᎬᏩᏂᎾᏢᏂ ᎠᎴ ᎤᏲ ᏅᏓᎬᏩᏅᏁᎵ ᏅᎩᏧᏈ ᏧᏕᏘᏴᏛ.
7. ᎾᏍᎩᏃ ᏑᎾᏓᎴᎩ ᏴᏫ ᏗᎬᏩᏂᎾᏢᏅᎯ ᏙᏓᎦᏥᏳᎪᏓᏁᎵ, ᎣᏂᏃ ᎤᏂᎾᏄᎪᎢᏍᏗ ᎨᏎᏍᏗ ᎠᎴ ᎠᏂ ᎪᎱᏍᏗ ᎬᏆᏛᏁᏗ ᎨᏎᏍᏗ,” ᎤᏛᏁ ᎤᏁᎳᏅᎯ.
8. ᏗᎧᎿᎭᏩᏛᏍᏗᏃ ᎤᏁᎴ ᎠᎱᏍᏕᏍᏗ ᎨᏒ ᎤᎬᏩᎵ; ᎡᏆᎭᎻᏃ ᎤᏕᏁᎴ ᎡᏏᎩ, ᎤᎱᏍᏕᏎᎴᏃ ᏧᏁᎵᏁ ᎢᎦ, ᎡᏏᎩᏃ ᏤᎦᏈ, ᏤᎦᏈᏃ ᏔᎳᏚ ᎢᏯᏂᏛ ᏗᎩᎦᏴᎵᎨᎢ.
9. ᏗᎩᎦᏴᎵᎨᏃ ᎠᏅᏳᏤᎲ ᏅᏗᎤᎵᏍᏙᏔᏁ ᎤᏂᎾᏗᏅᏎ ᏦᏩ ᎢᏥᏈᏱ ᏩᎦᏘᏅᏍᏙᏗᏱ; ᎠᏎᏃ ᎤᏁᎳᏅᎯ ᏚᎧᎿᎭᏩᏗᏙᎮᎢ,
10. ᎠᎴ ᎤᏭᏓᎴᏍᎨ ᏂᎦᏛ ᎤᏲ ᏄᎵᏍᏓᏁᎵᏕᎬᎢ, ᎠᎴ ᎤᏁᎴ ᎣᏏᏳ ᎠᎦᏓᏅᏖᏗᏱ ᎠᎴ ᎠᎦᏔᎿᎭᎢᏳ ᎨᏒ ᎠᎦᏔᎲ ᏇᎵᏲ ᎤᎬᏫᏳᎯ ᎢᏥᏈᏱ, ᎠᎴ ᏄᎬᏫᏳᏌᏕᎩ ᏄᏩᏁᎴ ᎢᏥᏈᏱ, ᎠᎴ ᏂᎦᏛ ᎦᏁᎸᎢ.
11. ᏂᎬᎾᏛᏃ ᎢᏥᏈᏱ ᎠᎴ ᎨᎾᏂ ᏚᎪᏄᎶᏎᎢ, ᎠᎴ ᎤᏣᏘ ᎠᎩᎵᏯ ᏄᎵᏍᏔᏁᎢ, ᏗᎩᎦᏴᎵᎨᏃ ᎤᎾᏠᎨ ᎤᎾᎵᏍᏓᏴᏗ.
12. ᏤᎦᏈᏃ ᎤᏛᎦᏅ ᎤᏣᎴᏍᏗ ᎡᎲ ᎢᏥᏈᏱ, ᏕᎤᏅᏎ ᏗᎩᎦᏴᎵᎨ ᎩᎳ ᎾᎨᏎᎢ.
13. ᏔᎵᏁᏃ ᏦᏩ ᎠᎾᎵᏅᏟ ᎬᏬᎵᏤᎢ, ᎠᎴ ᏇᎵᏲ ᏕᎤᎦᏙᎥᏎ ᏦᏩ ᎪᎱᏍᏗ ᏧᏩᎿᎭ
14. ᏦᏩᏃ ᎤᏓᏅᏎ ᏭᏯᏅᎮ ᎤᏙᏓ ᏤᎦᏈ ᎠᎴ ᏂᎦᏛ ᎤᏩᏒ ᎪᎱᏍᏗ ᏧᏩᎿᎭ ᎾᏍᎩ ᎦᎵᏆᏍᎪᎯ ᎯᏍᎩᎦᎵ ᎢᏯᏂᎢ.
15. ᏤᎦᏈᏃ ᎢᏥᏈᏱ ᏭᎶᏎᎢ, ᎤᏲᎱᏎᏃ, ᎠᎴ ᎾᏍᏉ ᏗᎩᎦᏴᎵᎨᎢ.
16. ᏌᎩᎻᏃ ᏫᏗᎨᏥᏅᏍᏔᏁᎢ ᎠᎴ ᏕᎨᏥᏂᏌᏁ ᎠᏤᎵᏍᏛ ᎾᏍᎩ ᎡᏆᎭᎻ ᎠᏕᎸ ᏧᎫᏴᏔᏁ ᏥᏚᏩᏎᎴ ᎡᎹ ᏧᏪᏥ, ᎾᏍᎩ ᏌᎩᎻ ᎤᏙᏓ.
17. ᎠᏚᎢᏍᏛᏃ ᎤᏍᏆᎸᎯᏗᏎᎢ, ᎾᏍᎩ ᎤᏁᎳᏅᎯ ᎤᏎᎵᏔᏅᎯ ᏧᏁᏤᎴ ᎡᏆᎭᎻ, ᎾᏍᎩ ᎤᏂᏁᏉᏤ ᏴᏫ ᎠᎴ ᎤᏂᏣᏔᏅᎯ ᏄᎾᎵᏍᏔᏁ ᎢᏥᏈᏱ.
18. ᎬᏂ ᏅᏩᏓᎴ ᎤᎬᏫᏳᎯ ᎤᎾᏄᎪᏨ ᎾᏍᎩ ᏄᎦᏔᎲᎾ ᏦᏩ.
19. ᎾᏍᎩ ᏓᏏᎾᏌᏅᏤᎮ ᎪᎱᏍᏗ ᏗᎬᎿᎭ ᎠᎴ ᎤᏲ ᏂᏚᏩᏁᎴ ᏗᎩᎦᏴᎵᎨᎢ, ᎾᏍᎩ ᏗᎨᎦᏓᎢᏅᏗᏱ ᏧᎾᏍᏗ ᏧᏁᏥ, ᏗᎬᏩᎾᏛᎯᏍᏗ ᏂᎨᏒᎾ ᎢᏳᎵᏍᏙᏗᏱ.
20. ᎾᎯᏳ ᎼᏏ ᎤᏕᏁᎢ, ᎠᎴ ᎤᏩᏔᏅᎯ ᎤᏬᏚᎯᏳ ᎨᏎᎢ, ᎠᎴ ᎠᏥᏍᏆᏂᎪᏔᏁ ᎤᏙᏓ ᎦᏁᎸᎢ ᏦᎢ ᎢᏯᏅᏙ.
21. ᎠᎦᏓᎢᏅᏃ ᏇᎵᏲ ᎤᏪᏥ ᎠᎨᏴ ᎤᏁᏎᎢ, ᎠᎴ ᎤᏍᏆᏂᎪᏔᏁᎢ ᎤᏩᏒ ᎤᏪᏥ ᎤᏰᎸᏁᎢ.
22. ᏱᏏᏃ ᎠᎨᏲᏅᎯ ᎨᏎ ᏂᎦᎥ ᎠᏂᎦᏔᎿᎭᎢᏳ ᎨᏒ ᎢᏥᏈᏱ ᎠᏁᎯ, ᎠᎴ ᎤᎵᏂᎩᏗᏳ ᎨᏎ ᎤᏁᎢᏍᏗᏱ ᎠᎴ ᏧᎸᏫᏍᏓᏁᏗᏱ.
23. ᏅᎦᏍᎪᎯᏃ ᎢᏳᏕᏘᏴᏛ ᏄᎵᏍᏔᏅ, ᎤᏓᏅᏖᎴ ᏧᏩᏛᎲᏍᏗᏱ ᎠᎾᎵᏅᏟ ᎢᏏᎵ ᏧᏪᏥ.
24. ᎤᎪᎲᏃ ᎠᏏᏴᏫ ᎦᏰᏥᏐᏢᏛᎢ, ᎤᏍᏕᎸᎮᎢ, ᎠᎴ ᎤᏞᏤᎴ ᎤᏲ ᎢᏯᎬᏁᎸᎯ, ᎠᎴ ᎤᎴ ᎢᏥᏈᏱ ᎡᎯ.
25. ᎠᎴ ᎯᎠ ᏁᎵᏍᎨᎢ, ᏛᏃᎵᏥ ᎣᏣᎵᏅᏟ ᎤᏁᎳᏅᎯ ᎠᏴ ᎠᏉᏰᏂ ᏗᎬᏔᏂᏒ ᏙᏗᏍᏕᎸᎯᏒᎢ; ᎠᏎᏃ ᎥᏝ ᏳᏃᎵᏤᎢ.
26. ᎤᎩᏨᏛᏃ ᏚᎾᏄᎪᏤᎴ ᎠᎾᎵᎲᎢ, ᎠᎴ ᎦᎪᎯᏍᏓᏁᎮ ᎯᎠ ᏄᏪᏎᎢ; “ᎢᏍᏗᏍᎦᏯ, ᏗᏍᏓᏓᏅᏟᏉ; ᎦᏙᏃ ᎤᏲ ᏂᏙᏍᏓᏓᏛᏁᎭ?”
27. ᎠᏎᏃ ᎤᏣᏘᏂ ᎢᏳᏛᏁᎸᎯ ᎾᎥ ᎢᏧᎾᏓᎳ ᏗᎤᏪᏌᏙᏰᏉ, ᎯᎠ ᏄᏪᏎᎢ; ᎦᎪ ᏂᏣᎬᏫᏳᏌᏕᎩ ᎠᎴ ᏗᏍᎩᏳᎪᏓᏁᎯ ᎢᏣᎧᏅ ᏂᎯ?
28. ᏥᎪ ᎠᏴ ᎾᏍᏉ ᏣᏚᎵ ᏍᎩᎯᏍᏗᏱ ᎾᏍᎩᏯ ᎤᏒᎯ ᏥᎸᎩ ᎢᏥᏈᏱ ᎡᎯ?
29. ᎾᏍᎩᏃ ᏄᏪᏒ ᎼᏏ ᎤᎵᏘᏎᎢ, ᎠᎴ ᎻᏗᏂ ᎦᏓ ᎠᎲ ᎡᏙᎯ ᏄᎵᏍᏔᏁᎢ, ᎾᎿᎭᏃ ᎠᏂᏔᎵ ᎠᏂᏍᎦᏯ ᏧᏪᏥ ᎬᏩᏕᏁᎴᎢ.
30. ᏅᎦᏍᎪᎯᏃ ᏄᏕᏘᏴᎲ ᏗᎧᎿᎭᏩᏗᏙᎯ ᎤᎬᏫᏳᎯ ᎤᏤᎵᎦ ᎬᏂᎨᏒ ᏄᏛᏁᎴ ᎢᎾᎨ ᏌᎾᏱ ᎣᏓᎸ ᎤᏪᏲᏓᏛ ᎠᏓᏪᎵᎩᏍᎬᎢ.
31. ᎼᏏᏃ ᎤᎪᎲ ᎤᏍᏆᏂᎪᏎ ᏄᏍᏛ ᎠᎪᏩᏘᏍᎬᎢ. ᎤᎪᎵᏰᏗᏱᏃ ᎤᏰᎸᏅ ᎾᎥ ᏭᎷᏨ ᏗᎪᎵᏰᏎᎢ, ᎤᎬᏫᏳᎯ ᎧᏁᎬ ᎤᏛᎦᏁ [ᎯᎠ ᏂᎦᏪᏍᎨᎢ;]
32. “ᎠᏴ ᎤᏁᎳᏅᎯ ᏗᏣᎦᏴᎵᎨ ᎤᎾᏤᎵᎦ, ᎤᏁᎳᏅᎯ ᎡᏆᎭᎻ ᎤᏤᎵᎦ, ᎠᎴ ᎤᏁᎳᏅᎯ ᎡᏏᎩ ᎤᏤᎵᎦ, ᎠᎴ ᎤᏁᎳᏅᎯ ᏤᎦᏈ ᏅᏤᎵᎦ.” ᎣᏏᏃ ᎤᏪᎿᎭᏪᎢ, ᎠᎴ ᎤᏍᎦᎴ ᎤᎪᎵᏰᏗᏱ.
33. ᎤᎬᏫᏳᎯᏃ ᎯᎠ ᏄᏪᏎᎴᎢ; “ᏔᎳᏑᎳᎩ, ᎾᎿᎭᏰᏃ ᏥᏙᎦ ᎦᎸᏉᏗᏳ ᎦᏙᎯ.
34. ᎤᏙᎯᏳᎯᏯ ᎠᎩᎪᎲ ᎤᏲ ᏄᎾᎵᏍᏓᏁᎵᏕᎬ ᏴᏫ ᏗᏆᏤᎵ ᎢᏥᏈᏱ ᏣᏁᎭ, ᎠᎴ ᎠᏆᏛᎦᏅ ᏚᏂᎵᏰᏗᏍᎬᎢ, ᎠᎴ ᎠᏆᏠᎣᏏᎸ ᏕᎫᏓᎴᏏᎸ; Ꭷ ᎿᎭᏉ ᏓᎬᏅᏏ ᎢᏥᏈᏱ.”
35. ᎾᏍᎩ ᎯᎠ ᎼᏏ ᏧᏂᏲᎢᏎᎴ ᎯᎠ ᏥᏄᏂᏪᏎᎢ, ᎦᎪ ᏂᏣᎬᏫᏳᏌᏕᎩ ᎠᎴ ᏚᎪᏗᏍᎩ ᏣᎧᏅ, ᎾᏍᎩ ᎤᏁᎳᏅᎯ ᎤᏅᏎ ᏄᎬᏫᏳᏌᏕᎩ ᎠᎴ ᎤᏄᏓᎴᏍᎩ ᏄᏩᏁᎴ ᎤᏩᏔᏁ ᏗᎧᎿᎭᏩᏗᏙᎯ ᎬᏂᎨᏒ ᎢᏳᏛᏁᎸᎯ ᎤᏪᏲᏓᏛᎢ.
36. ᎾᏍᎩ ᏚᏘᎿᎭᏫᏛᎮᎢ ᏂᏚᎸᏫᏍᏓᏁᎶ ᎤᏍᏆᏂᎪᏗ ᎠᎴ ᎤᏰᎸᏛ ᎢᏥᏈᏱ ᎠᎴ ᎠᎹ-ᎩᎦᎨᏍᏛᏱ ᎠᎴ ᎢᎾᎨ ᏅᎦᏍᎪᎯ ᏧᏕᏘᏴᏛ.
37. ᎯᎠ ᎾᏍᎩ ᎼᏏ ᎾᏍᎩ ᎯᎠ ᏥᏂᏚᏪᏎᎴ ᎢᏏᎵ ᏧᏪᏥ; ᎤᎬᏫᏳᎯ ᎢᏣᏁᎳᏅᎯ ᏓᏥᎾᏄᎪᏫᏎᎵ ᎠᏙᎴᎰᏍᎩ ᎢᏣᎵᏅᏟ ᎨᏒ ᏓᎦᎾᏄᎪᏥ ᎠᏴ ᎾᏍᎩᏯᎢ; ᎾᏍᎩ ᏓᏰᏣᏛᎦᏁᎵ.
38. ᎯᎠ ᎾᏍᎩ Ꮎ ᏥᎨᎳᏗᏙᎮ ᎤᎾᏓᏡᏩᏕᎬ ᎢᎾᎨᎢ, ᏔᎵ ᏧᏛᏗᏕᎨ ᏗᎧᎿᎭᏩᏗᏙᎯ ᎾᏍᎩ ᏧᏁᏤᎴ ᎣᏓᎸ ᏌᎾᏱ, ᏥᎨᎳᏗᏙᎮ ᎠᏁᏙᎲ ᏗᎩᎦᏴᎵᎨᎢ, ᎾᏍᎩ ᎾᏍᏉ ᏥᏓᏥᏲᎯᏎᎴ ᎠᏛᏂᏗᏍᏙᏗ ᎧᏃᎮᏛ ᎠᏴ ᎢᎩᏁᏗ.
39. ᎾᏍᎩ ᏗᎩᎦᏴᎵᎨ ᎥᏝ ᏳᎾᏚᎵᏍᎨ ᎤᏃᎯᏳᏗᏱ, ᎢᏴᏛᏉᏍᎩᏂ ᏄᏅᏁᏔᏁᎢ, ᎠᎴ ᏚᎾᏓᏅᏛ ᎢᏥᏈᏱᏉ ᏫᏂᏚᏅᏁᎢ,
40. ᎯᎠ ᏄᏂᏪᏎᎴ ᎡᎳᏂ; ᏗᏍᎩᏲᏢᎾᏏ ᏦᎦᏁᎳᏅᎯ ᏗᎪᎦᏘᏂᏙᎯ, ᎯᎠᏰᏃ ᎼᏏ ᎢᏥᏈᏱ ᏂᏙᏓᏲᎦᏘᏅᏍᏔᏅᎯ ᎥᏝ ᏲᏥᎦᏔᎭ ᏄᎵᏍᏓᏁᎸᎢ.
41. ᎾᎯᏳᏃ ᎤᏃᏢᏁ ᏩᎦ ᎠᎩᎾ, ᎾᏍᎩᏃ ᏗᏟᎶᏍᏔᏅᎯ ᎠᏥᎸ-ᎨᎳᏍᏗ ᎤᏂᏲᎮᎴᎢ, ᎠᎴ ᎤᎾᎵᎮᎵᏤᎴ ᎤᏅᏒ ᏧᏃᏰᏂ ᏧᏅᏔᏅᎯ ᎤᏃᏢᏅᎯ.
42. ᎿᎭᏉᏃ ᎤᏁᎳᏅᎯ ᎤᎦᏔᎲᏎᎢ, ᎠᎴ ᎤᎾᏁᎳᎩ ᏫᏓᏂᎸᏉᏓ ᎤᏂᏣᏘ ᎦᎸᎶ ᎠᏁᎯ ᏚᏪᎵᏎᎴᎢ, ᎾᏍᎩᏯ ᎯᎠ ᏥᏂᎬᏅ ᏥᎪᏪᎳ ᎠᎾᏙᎴᎰᏍᎩ ᏧᏃᏪᎳᏅᎯ; “ᏂᎯ ᎢᏏᎵ ᏏᏓᏁᎸᎯ ᎨᏒᎢ, ᏥᎪ ᏕᏍᎩᏃᎮᎸ ᏗᎸᎯ ᎦᎾᏝᎢ ᎠᎴ ᎠᏥᎸ-ᎨᎳᏍᏗ ᏅᎦᏍᎪᎯ ᏥᎾᏕᏘᏴ ᎢᎾᎨᎢ?
43. ᎢᏥᎲᏒᏰᏃ ᎦᎵᏦᏙᏗ ᎼᎳᎩ ᎤᏤᎵᎦ ᎠᎴ ᎤᏁᎳᏅᎯ ᎢᏥᏰᎸᎯ ᎴᎻᏈᏂ ᎤᏤᎵᎦ ᏃᏈᏏ, ᏗᏟᎶᏍᏔᏅᎯ ᎾᏍᎩ ᏗᏦᏢᏅᎯ ᏗᏣᏓᏙᎵᏍᏓᏁᏗ; ᏓᏗᎶᏂᏃ ᎤᏗᏗᏢ ᏫᏙᏓᏨᏯᎧᏂ.”
44. ᏗᎩᎦᏴᎵᎨ ᎢᎾᎨ ᎤᏂᎮ ᎦᎵᏦᏛ ᎠᏙᎴᎰᎯᏍᏙᏗ, ᎾᏍᎩᏯ ᎤᏁᏨᎢ ᎼᏏ ᏧᏁᏤᎴ ᎤᏬᏢᏗᏱ ᏧᏟᎶᏍᏙᏗᏱ ᏄᏍᏛ ᎤᎪᎲᎢ.
45. ᎾᏍᎩ ᎾᏍᏉ ᏗᎩᎦᏴᎵᎨ ᏗᎨᏥᏲᎯᏎᎸᎯ ᎨᏒ ᏦᏑᏩ ᏧᎾᏖᏉᎶᏎ ᏧᏂᏲᎴ ᏧᎾᏓᎴᏅᏛ ᏴᏫ ᎤᎾᏤᎵᎪᎯ ᎾᏍᎩ ᎤᏁᎳᏅᎯ ᏥᏚᎨᎯᏕᎴ ᏗᎩᎦᏴᎵᎨ ᏕᏫ ᏤᎮ ᎢᏯᏍᏗ.
46. ᎾᏍᎩ ᎤᏁᎳᏅᎯ ᎣᏏᏳ ᎤᏓᏅᏖᏍᎩ ᏄᎵᏍᏔᏁᎢ, ᎠᎴ ᎾᏍᎩ ᎤᏔᏲᎴ ᎤᏩᏛᏗᏱ ᎤᏁᎳᏗᏍᏗᏱ ᎤᏁᎳᏅᎯ ᏤᎦᏈ ᎤᏤᎵᎦ.
47. ᎠᏎᏃ ᏐᎵᎹᏅ ᎤᏁᏍᎨᎴᎢ.
48. ᎥᏝᏍᎩᏂᏃᏅ ᏩᏍᏛ ᎦᎸᎳᏗᏳ ᎡᎯ ᏱᎦᏁᎸ ᏓᏓᏁᎸ ᎩᎶ ᏧᏃᏰᏂ ᏧᏅᏔᏅᎯ ᏧᎾᏁᏍᎨᎲᎯ, ᎾᏍᎩᏯ ᎠᏙᎴᎰᏍᎩ ᎯᎠ ᏥᏂᎦᏪᎠ;
49. “ᎦᎸᎳᏗ ᎠᎩᏗᏱ ᎡᎶᎯᏃ ᏗᏆᎳᏏᏗᏱ. ᎦᏙ ᎤᏍᏕᏍᏗ ᎦᎵᏦᏕ ᏓᏍᎩᏯᏁᏍᎨᎵ? ᎠᏗᎭ ᎤᎬᏫᏳᎯ; ᎠᎴ ᎭᏢ ᎠᏆᎵᏙᎯᏍᏙᏗᏱ;
50. ᏝᏍᎪ ᎠᏉᏰᏂ ᎠᏋᏔᏅᎯ ᎠᏉᏢᏅᎯ ᏱᎩ ᎯᎠ ᏂᎦᏛ ᏥᏄᏍᏗᏓᎾ?”
51. ᏧᏩᏗᏔᏯ ᏗᏥᎩᎵᎨᏂ, ᎠᎴ ᏂᏕᏥᎤᏍᏕᏎᎸᎾ ᏗᏥᎾᏫ ᎠᎴ ᏕᏥᎵᎷᎬᎢ, ᏂᎪᎯᎸ ᎡᏣᏡᏗᏍᎪ ᎦᎸᏉᏗᏳ ᎠᏓᏅᏙ; ᏗᏥᎦᏴᎵᎨ ᏄᎾᏛᏁᎸ ᎾᏍᎩᏯ ᏂᎯ ᏂᏣᏛᏁᎰᎢ.
52. ᎦᏙ ᎤᏍᏗ ᎾᏍᎩ Ꮎ ᎠᎾᏙᎴᎰᏍᎩ ᎨᏒ ᏗᏥᎦᏴᎵᎨ ᎥᏝ ᎤᏲ ᎢᏳᏅᏁᎸᎯ ᏱᎩ? ᎠᎴ ᏕᎤᏂᎸ ᎤᎾᏙᎴᎰᏒᎯ ᎬᏂᎨᏒ ᎢᏳᏅᏁᎸᎯ ᎤᎷᎯᏍᏗᏱ ᎾᏍᎦᏅᎾ ᎾᏍᎩ ᏂᎯ ᎡᏥᎶᏄᎡᎸᎯ ᎠᎴ ᎡᏥᎸᎯ ᏥᏄᎵᏍᏔᏅ;
53. ᏤᏥᏲᎯᏎᎸᎩ ᏗᎧᎿᎭᏩᏛᏍᏗ ᏗᏂᎧᎿᎭᏩᏗᏙᎯ ᎣᏍᏛ ᏄᏅᎿᎭᏕᎬᎢ ᎠᏎᏃ ᎥᏝ ᎢᏥᏍᏆᏂᎪᏔᏅᎯ ᏱᎩ.
54. ᎾᏍᎩᏃ ᎤᎾᏛᎦᏅ ᏚᏂᏘᎴ ᏧᏂᎾᏫᏱ, ᎠᎴ ᏗᏂᏄᏙᎬ ᏕᎬᏩᏄᏓᎨᎴᎢ.
55. ᎠᏎᏃ ᎤᎧᎵᏨᎯ ᎨᏎ ᎦᎸᏉᏗᏳ ᎠᏓᏅᏙ ᎤᏯᏅᏒᎯ ᎦᎸᎳᏗ ᏫᏚᎧᎿᎭᏁᎢ, ᎠᎴ ᏭᎪᎮ ᎦᎸᏉᏗᏳ ᎨᏒ ᎤᏁᎳᏅᎯ ᎤᏤᎵᎦ, ᎠᎴ ᏥᏌ ᎦᏙᎨ ᎤᏁᎳᏅᎯ ᎠᎦᏘᏏᏗᏢ;
56. ᎯᎠᏃ ᏄᏪᏎᎢ; ᎬᏂᏳᏉ ᎦᎸᎳᏗ ᎤᎵᏍᏚᎢᏛ ᏥᎪᏩᏘᎭ, ᎠᎴ ᏴᏫ ᎤᏪᏥ ᎦᏙᎦ ᎤᏁᎳᏅᎯ ᎠᎦᏘᏏᏗᏢ.
57. ᎠᏍᏓᏯᏃ ᎤᏁᎷᏅ ᏗᏏᎴᏂ ᏚᏂᏍᏚᏁᎢ, ᎠᎴ ᎤᎴᏃᏅᎯ ᎤᎾᏁᎷᎩᎡᎴᎢ;
58. ᎦᏚᎲᏃ ᎤᏂᏄᎪᏫᏒ ᏅᏯ ᏚᏅᏂᏍᏔᏁᎢ. ᎠᏂᎦᏔᎯᏃ ᏧᎾᏅᏬ ᏚᏂᏅᏁ ᏚᎳᏍᎬ ᎾᎥ ᎠᏫᏅ ᏐᎳ ᏧᏙᎢᏛ.
59. ᏅᏯᏃ ᏚᏅᏂᏍᏔᏁ ᏍᏗᏫ ᎠᏓᏙᎵᏍᏗᏍᎨᎢ, ᎯᎠ ᏂᎦᏪᏍᎨᎢ; ᏣᎬᏫᏳᎯ, ᏥᏌ, ᏔᏓᏂᎸᎩ ᎠᏆᏓᏅᏙᎩ.
60. ᏚᎵᏂᏆᏅᏅᏃ ᎠᏍᏓᏯ ᎤᏪᎷᏁᎢ, ᎯᎠ ᏄᏪᏎᎢ; ᏣᎬᏫᏳᎯ, ᏞᏍᏗ ᎯᎠ ᎤᏂᏍᎦᏅᏨ ᏱᎦᎯᏍᏔᏁᏍᏗ. ᎾᏍᎩᏃ ᏄᏪᏒ ᎤᎸᏁᎢ.

== Acts 8 ==
1. ᏐᎳᏃ ᎣᏏᏳ ᎠᏰᎸᏍᎨ ᎠᏥᎸᎢ. ᎾᎯᏳᏃ ᎤᎶᏘ ᎤᏲ ᏂᎨᎬᎾᏕᎨ ᏧᎾᏁᎶᏗ ᎤᎾᏓᏈᎬ ᏥᎷᏏᎵᎻ; ᎠᎴ ᏂᎦᏛ ᎤᎾᏗᎦᎴᏲᏤ ᏂᎬᎾᏛ ᏧᏗᏱ ᎠᎴ ᏌᎺᎵᏱ, ᎨᏥᏅᏏᏛ ᎤᏅᏒ.
2. ᎠᏂᏍᎦᏯᏃ ᎤᏁᎳᏅᎯ ᎠᏂᎾᏰᏍᎩ ᎤᏂᎾᏫᏛᎮ ᏍᏗᏫ, ᎠᎴ ᎤᏣᏔᏅᎯ ᎤᏂᏍᎪᏂᎴᎢ.
3. ᏐᎳᏍᎩᏂ ᎤᏣᏘ ᎤᏲ ᏂᏕᎬᏁᎮ ᏧᎾᏁᎶᏗ ᎤᎾᏓᏈᎬᎢ, ᏓᏴᎵᏙᎮ ᏓᏓᏁᎳᏗᏒᎢ, ᏕᎦᎾᏌᏁᏏᏙᎮ ᎠᏂᏍᎦᏯ ᎠᎴ ᎠᏂᎨᏴ, ᎠᎴ ᏗᏓᏍᏚᏗᏱ ᏓᏴᏗᏍᎨᎢ.
4. ᎤᎾᏗᎦᎴᏲᏨᎯᏃ ᎠᏁᏙᎮ ᎠᎾᎵᏥᏙᏂᏙᎮ ᎣᏍᏛ ᎧᏃᎮᏛ.
5. ᏈᎵᎩᏃ ᏗᎦᏚᎲ ᏌᎺᎵᏱ ᏭᎶᏎᎢ, ᎠᎴ ᏚᎵᏥᏙᏁᎴ ᏚᏃᎮᎮᎴ ᎦᎶᏁᏛ.
6. ᎤᏂᏣᏘᏃ ᏌᏉ ᎢᎦᎦᏛ ᎤᎾᎦᏌᏯᏍᏔᏁ ᏈᎵᎩ ᎧᏃᎮᏍᎬᎢ, ᎤᎾᏛᎦᏅ ᎠᎴ ᎤᏂᎪᎲ ᎤᏍᏆᏂᎪᏗ ᏚᎸᏫᏍᏓᏁᎲᎢ.
7. ᎠᏂᎦᏓᎭᏰᏃ ᏗᏓᏅᏙ ᎠᏍᏓᏯ ᎠᏁᎷᎲᏍᎨ ᏕᎬᏩᏂᏄᎪᎨ ᎤᏂᏣᏖ ᎬᏩᏂᏯᎢ, ᎠᎴ ᎤᏂᏤᏖ ᏧᏂᎾᏫᏍᎩ ᎠᎴ ᏗᏂᏲᎤᎵ ᏚᎾᏗᏩᏍᎨᎢ.
8. ᎤᏣᏔᏅᎯᏃ ᎠᎾᎵᎮᎵᎨ ᎾᎿᎭᎦᏚᎲᎢ.
9. ᎩᎶᏍᎩᏂᏃᏅ ᎢᏳᏍᏗ ᎠᏍᎦᏯ ᎾᎿᎭᎡᎮ ᏌᏩᏂ ᏧᏙᎢᏛ ᎾᏍᎩ ᎾᎿᎭᎦᏚᎲ ᎠᏙᏅᏗ ᏧᎸᏫᏍᏓᏁᎸᎯ ᎨᏎᎢ, ᎠᎴ ᎤᏍᏆᏂᎪᏗ ᏧᏓᏅᏓᏗᏍᏔᏅᎯ ᎨᏎ ᏌᎺᎵᏱ ᎠᏁᎯ, ᎩᎶ ᎢᏳᏍᏗ ᎠᏥᎸᏉᏗ ᎠᏤᎸᏍᎨᎢ.
10. ᎾᏍᎩᏃ ᎬᏬᎯᏳᎲᏍᎨ ᎾᏂᎥ ᎨᏥᎸᏉᏗ ᎠᎴ ᎨᏥᎸᏉᏗ ᏂᎨᏒᎾ, ᎯᎠ ᎾᏂᏪᏍᎨᎢ; ᎤᏣᏘ ᎤᎵᏂᎩᏗᏳ ᎨᏒ ᎤᏁᎳᏅᎯ ᎤᏤᎵᎦ ᎯᎠ ᎠᏍᎦᏯ ᎤᏪᎭ.
11. ᎾᏍᎩᏃ ᎬᏬᎯᏳᎲᏍᎨᎢ, ᎪᎯᏗᏳᏰᏃ ᎬᏩᎴᏅᏛ ᎨᏎ ᎤᏍᏆᏂᎪᏗ ᏓᏓᏅᏓᏗᏍᏗᏍᎨ ᎠᏙᏂᏍᎬᎢ.
12. ᎠᏎᏃ ᎤᏃᎯᏳᏅ ᏈᎵᎩ ᎠᎵᏥᏙᎲᏍᎬ ᎣᏍᏛ ᎧᏃᎮᏛ ᎤᏁᎳᏅᎯ ᎤᎬᏫᏳᎯ ᎨᏒ ᎠᎴ ᏕᎤᏙᎥ ᏥᏌ ᎦᎶᏁᏛ ᎤᎬᏩᎵ, ᏕᎨᎦᏬᏍᎨ ᎠᏂᏍᎦᏯ ᎠᎴ ᎠᏂᎨᏴ.
13. ᏌᏩᏂᏃ ᎾᏍᏉ ᎤᏬᎯᏳᏁᎢ, ᎠᎦᏬᎥᏃ ᎤᏍᏓᏩᏗᏙᎴ ᏈᎵᎩ; ᎠᎪᏩᏗᏍᎬᏃ ᎤᏍᏆᏂᎪᏗ ᎠᎴ ᎤᏰᎸᏛ ᏚᎸᏫᏍᏓᏁᎲᎢ, ᎠᏍᏆᏂᎪᏍᎨᎢ.
14. ᎨᏥᏅᏏᏛᏃ ᏥᎷᏏᎵᎻ ᎠᏂᏂ ᎤᎾᏛᎦᏅ ᏌᎺᎵᏱ ᏕᎤᎾᏓᏂᎸᏨ ᎧᏃᎮᏛ ᎤᏁᎳᏅᎯ ᎤᏤᎵᎦ, ᏚᏂᏅᏎ ᏈᏓ ᎠᎴ ᏣᏂ ᎾᏍᎩ ᏧᏂᏩᏛᎲᏍᏗᏱ.
15. ᎾᏍᎩᏃ ᏭᏂᎷᏨ ᎤᎾᏓᏙᎵᏍᏔᏁ ᎨᎦᎵᏍᎪᎸᏓᏁᏗᏱ ᎦᎸᏉᏗᏳ ᎠᏓᏅᏙ.
16. ᎥᏝᏰᏃ ᎠᏏ ᏳᏓᏑᏰ ᎩᎶ ᎾᏍᎩ ᎤᎷᏤᎸᎯ, ᏗᎨᎦᏬᏍᏔᏅᎯᏉ ᎤᏩᏒ ᎨᏎ ᏕᎤᏙᎥ ᎤᎬᏫᏳᎯ ᏥᏌ.
17. ᎿᎭᏉᏃ ᏚᎾᏏᏔᏕᎢ, ᎠᎴ ᎾᏍᎩ ᎨᏥᏁᎴ ᎦᎸᏉᏗᏳ ᎠᏓᏅᏙ.
18. ᏌᏩᏂᏃ ᎤᏙᎴᎰᏒ ᎦᎸᏉᏗᏳ ᎠᏓᏅᏙ ᎨᏥᏁᎲᎢ ᏅᏗᎦᎵᏍᏙᏗᏍᎬ ᏓᎾᏏᏔᏗᏍᎬ ᎨᏥᏅᏏᏛ, ᎾᏍᎩ ᏕᎤᎵᏍᎪᎸᏓᏁᎴ ᎠᏕᎸ,
19. ᎯᎠ ᏄᏪᏎᎢ; ᎠᏴ ᎾᏍᏉ ᏍᎩᏂᎥᏏ ᎯᎠ ᎾᏍᎩ ᏗᎦᎸᏫᏍᏓᏁᏗ, ᎾᏍᎩ ᎩᎶ ᏥᏯᏏᏔᏗᏍᎨᏍᏗ ᎠᏥᏁᏗ ᎨᏎᏍᏗ ᎦᎸᏉᏗᏳ ᎠᏓᏅᏙ.
20. ᎠᏎᏃ ᏈᏓ ᎯᎠ ᏄᏪᏎᎴᎢ; ᎠᏕᎸ ᏗᏣᏤᎵ ᏫᏓᎵᏗᏛᏓ ᏨᏒ ᎭᎵᏛᏗᏍᎬᎢ, ᏅᏓᎦᎵᏍᏙᏓ ᎤᏁᎳᏅᎯ ᎤᏓᏁᏗ ᎨᏒ ᏰᎵᏉ ᎠᏕᎸ ᎬᏩᎯᏍᏙᏗ ᏤᎳ.
21. ᎥᏝ ᎪᎱᏍᏗ ᏣᏤᎵ ᏳᏓᏑᏯ ᎯᎠ ᎠᏂ, ᏝᏰᏃ ᏚᏳᎪᏛ ᏱᎩ ᏣᎾᏫ ᎤᏁᎳᏅᎯ ᎠᎦᏔᎲᎢ.
22. ᎾᏍᎩ ᎢᏳᏍᏗ ᎤᏲ ᎯᏰᎸᎾ ᎯᎠ ᎾᏍᎩ ᏥᏍᎦᏅᎩ, ᎠᎴ ᎯᏯᏙᏓᎵᏍᏓᏏ ᎤᏁᎳᏅᎯ, ᎦᏰᏣᏙᎵᏍᏗᏉ ᏱᏂᎦᎩ ᏄᏍᏛ ᏣᎾᏫᏱ ᏣᏓᏅᏖᎸᎢ.
23. ᎦᏙᎴᎣᏍᎦᏰᏃ ᏣᏚᎲ ᎤᏴᏍᏗ ᎠᏓᎪᎯ, ᎠᎴ ᎠᏍᎦᏂ ᏣᏓᎸᏍᏛᎢ.
24. ᏌᏩᏂᏃ ᎤᏁᏨ ᎯᎠ ᏄᏪᏎᎢ; ᏂᎯ ᎡᏍᏗᏔᏲᏏ ᎤᎬᏫᏳᎯ ᎠᎩᏙᎵᏍᏗᏱ, ᎾᏍᎩᏃ ᏞᏍᏗ ᏌᏉᎤᏅ ᎯᎠ ᏥᏍᏗᏁᎩ ᏯᎩᎷᏤᎴᏍᏗ.
25. ᎾᏍᎩᏃ ᎤᏂᏃᎮᎸ ᎠᎴ ᎤᎾᎵᏥᏙᏅ ᎧᏃᎮᏛ ᎤᎬᏫᏳᎯ ᎤᏤᎵᎦ ᎤᎾᏨᏎ ᏥᎷᏏᎵᎻ ᏭᏂᎶᏎᎢ, ᎠᎴ ᎤᏣᏖ ᏌᎺᎵᏱ ᎠᏁᎯ ᏚᏂᏚᎲ ᎤᎾᎵᏥᏙᏁ ᎣᏍᏛ ᎧᏃᎮᏛ.
26. ᏗᎧᎿᎭᏩᏗᏙᎯᏃ ᎤᎬᏫᏳᎯ ᎤᏤᎵ ᎤᏁᏤᎴ ᏈᎵᎩ, ᎯᎠ ᏄᏪᏎᎢ; ᏔᎴᎲᎦ ᏧᎦᎾᏮ ᎢᏗᏢ ᏫᎶᎯ ᏂᎦᏅᏅᎢ ᏥᎷᏏᎵᎻ ᎨᏏᏃ, ᎾᎿᎭᎢᎾᎨ ᏥᎩ.
27. ᏚᎴᏅᏃ ᎤᏪᏅᏎᎢ; ᎬᏂᏳᏉᏃ ᎠᏍᎦᏯ ᎢᏘᏱᏈ ᎡᎯ ᎠᏳᎾᎦ ᎠᏥᎸᏉᏗ ᎤᏁᏤᎸᎯ ᎬᏗᏏ ᎠᎨᏴ ᎤᎬᏫᏳᎯ ᎢᏗᎣᏈ ᎠᏁᎯ ᎤᎾᏤᎵᎦ, ᎾᏍᎩ ᏂᎦᏛ ᎠᏕᎸ ᎤᎦᏘᏕᎯ, ᎾᏍᎩ ᎤᏓᏙᎵᏍᏔᏂᎸᎯ ᎨᏎ ᏥᎷᏏᎵᎻ,
28. ᎿᎭᏉᏃ ᎤᏨᏏᏗᏎᎢ, ᎠᎴ ᏓᏆᎴᎷᎯ ᎤᏣᎡᎢ, ᎠᎪᎵᏰᏍᎨ ᎢᏌᏯ ᎠᏙᎴᎰᏍᎩ.
29. ᎠᏓᏅᏙᏃ ᎯᎠ ᏄᏪᏎᎴ ᏈᎵᎩ; ᎾᎥ ᏫᎷᎩ ᏫᏯᎵᎪᎲᏏ ᎾᏍᎩ Ꮎ ᏓᏆᎴᎷ.
30. ᏈᎵᎩᏃ ᎾᎿᎭᏭᏗᏠᎸ ᎤᏛᎦᏁ ᎠᏙᎴᎰᏍᎩ ᎢᏌᏯ ᎠᎪᎵᏰᏍᎬᎢ, ᎯᎠᏃ ᏄᏪᏎᎢ; ᎰᎵᎦᎨᎵ ᎾᏍᎩ ᏥᎪᎵᏰᎭ?
31. ᎾᏍᎩᏃ ᎯᎠ ᏄᏪᏎᎢ; ᎦᏙ ᏱᎦᎵᏍᏙᏓ, ᎢᏳᏃ ᎩᎶ ᎾᏆᏎᎮᎲᎾ ᏱᎩ? ᎤᏔᏲᎴᏃ ᏈᎵᎩ ᎤᏦᏗᏱ ᎠᎴ ᎢᏧᎳᎭ ᏧᏂᏗᏱ.
32. ᎯᎠ ᎾᏍᎩ ᎪᏪᎸ ᎠᎪᎵᏰᏍᎨᎢ; “ᎠᎦᏘᏃᎸᎩ ᎠᏫ ᎤᏃᏕᎾ ᎾᏍᎩᏯ ᏗᎯᏍᏗᏱ, ᎠᎴ ᎾᏍᎩᏯ ᎠᎩᎾ ᎠᏫ ᎡᎳᏪ ᏥᎨᏐ ᎬᏩᏍᏰᏍᎩ ᎠᏂᎦᏔᎲᎢ, ᎾᏍᎩᏯ ᎥᏝ ᏳᏍᏚᎢᏎ ᎠᎰᎵ.
33. ᎤᏲ ᏄᏛᎿᎭᏕᎬᎢ ᎠᏥᎩᎡᎸᎩ ᎤᏤᎵ ᎨᏒ ᏚᏳᎪᏛᎢ; ᎠᎴ ᎦᎪ ᏙᏓᎧᏃᎮᎵ ᏴᏫ ᎾᎯᏳ ᏤᎮ ᎠᏁᎯ? ᎬᏅᏰᏃ ᎤᏂᎩᏒᎩ ᎡᎶᎯ.”
34. ᎠᏳᎾᎦᏃ ᎤᏁᏨ ᎯᎠ ᏄᏪᏎᎴ ᏈᎵᎩ; ᎦᎪ ᎧᏃᎮᎭ ᎠᏙᎴᎰᏍᎩ ᎯᎠ ᎾᏍᎩ ᏥᏂᎦᏪᏎ? ᎤᏩᏒᏍᎪ, ᏅᏩᏓᎴᎨ ᎩᎶᎢ?
35. ᏈᎵᎩᏃ ᎤᏍᏚᎢᏒ ᎠᎰᎵ, ᎾᏍᎩ ᎾᎿᎭᎪᏪᎸ ᎤᎴᏅᎮᎢ ᎤᏃᎮᎮᎴ ᎣᏍᏛ ᎧᏃᎮᏛ ᏥᏌ ᎤᎬᏩᎵ.
36. ᎠᎾᎢᏒᏃ ᏅᏃᎯ, ᎠᎹᏱ ᎤᏂᎷᏤᎢ. ᎠᏳᎾᎦᏃ ᎯᎠ ᏄᏪᏎᎢ; ᎠᏂ ᎠᎹ, ᎦᏙ ᎠᎩᏲᏍᏙᏓᏁ ᎥᏆᏬᏍᏗᏱ?
37. ᏈᎵᎩᏃ ᎯᎠ ᏄᏪᏎᎢ; ᏰᎵᏉ ᎢᏳᏃ ᏂᎦᎥ ᏣᎾᏫ ᏴᏗᎭ ᏲᎯᏳᎲᏍᎦ. ᎤᏁᏨᏃ ᎯᎠ ᏄᏪᏎᎢ; ᎪᎢᏳᎲᏍᎦ ᏥᏌ ᎦᎶᏁᏛ ᎤᏁᎳᏅᎯ ᎤᏪᏥ ᎨᏒᎢ.
38. ᎤᏁᏤᏃ ᏓᏆᎴᎷ ᎤᎴᏫᏍᏙᏗᏱ. ᎿᎭᏉᏃ ᏭᏂᎦᏐᎠᏏᎴ ᎠᎹᏱ ᎢᏧᎳ ᏈᎵᎩ ᎠᎴ ᎠᏳᎾᎦ, ᎾᏍᎩᏃ ᎠᎦᏬᎡᎢ.
39. ᎠᎹᏱᏃ ᏧᎾᏓᏅᏒ ᏧᏂᎿᎭᎷᏒ, ᎤᎬᏫᏳᎯ ᎤᏓᏅᏙ ᎤᏘᎿᎭᏫᏛᎮ ᏈᎵᎩ, ᎠᏳᎾᎦᏃ Ᏺ ᎿᎭᏉ ᎣᏂ ᏳᎪᎮᎢ, ᎤᏩᏒᏰᏃ ᏩᎦᏛᎢ ᏭᎶᏎ ᎠᎵᎮᎵᎨᎢ.
40. ᏈᎵᎩᏍᎩᏂ ᎠᏥᏩᏛᎮ ᎠᏦᏓ; ᎠᎢᏒᏃ ᎠᎵᏥᏙᎲᏍᎨ ᎣᏍᏛ ᎧᏃᎮᏛ ᏂᎦᏛ ᏕᎦᏚᎲ ᎬᏂ ᏏᏌᎵᏱ ᏭᎷᏨ.

== Acts 9 ==
1. ᏐᎳᏃ ᎠᏏᏉ ᎬᏬᎳᏕᏍᎨ ᏕᎦᎾᏰᏓᏁᎮ ᎠᎴ ᏧᎯᏍᏗᏱ ᎧᏁᎨ ᎤᎬᏫᏳᎯ ᎬᏩᏍᏓᏩᏗᏙᎯ, ᏄᎬᏫᏳᏒ ᎠᏥᎸ-ᎨᎶᎯ ᏧᏬᎸ ᏭᎶᏎᎢ,
2. ᎠᎴ ᏚᏔᏲᏎᎴ ᎪᏪᎵ ᏧᏅᏍᏗ ᏕᎹᏍᎦ ᏗᎦᏚᎲ ᏗᎦᎳᏫᎢᏍᏗᏱ, ᎾᏍᎩᏃ ᎢᏳ ᏱᏚᏩᏛᎲ ᎩᎶ ᎾᏍᎩ ᎢᏳᏍᏗ ᏗᏂᎧᎿᎭᏩᏕᎩ, ᎠᏂᏍᎦᏯ ᎠᎴ ᎠᏂᎨᏴ, ᎾᏍᎩ ᏗᎨᎦᎸᎢᏛ ᏧᏘᏃᎯᏍᏗᏱ ᏥᎷᏏᎵᎻ.
3. ᎠᎢᏒᏃ ᏕᎹᏍᎦ ᎾᎥ ᏭᎷᏤᎢ, ᎤᏰᎶᎢᏍᏔᏁᏃ ᎢᎦᎦᏘ ᎦᎸᎳᏗ ᏅᏓᏳᎶᏒᎯ ᏚᏚᏫᏍᏔᏁᎢ.
4. ᎡᎳᏗᏃ ᎤᏅᏨ ᎤᏛᎦᏁ ᎩᎶ ᎧᏁᎬᎢ ᎯᎠ ᏄᏪᏎᎲᎢ; ᏐᎳ, ᏐᎳ, ᎦᏙᏃ ᎤᏲ ᏂᏍᏋᏁᎭ?
5. ᎯᎠᏃ ᏄᏪᏎᎢ; ᎦᎪ ᏂᎯ, ᏣᎬᏫᏳᎯ? ᎤᎬᏫᏳᎯᏃ ᎯᎠ ᏄᏪᏎᎢ; ᎠᏴ ᏥᏌ ᎤᏲ ᏥᏂᏴᏁᎭ: ᎤᏕᏯᏙᏗᏳ ᏗᏣᎲᏖᏍᏗᏱ ᏗᎪᏍᏓᏯ.
6. ᎾᏍᎩᏃ ᎤᏪᎾᏪ ᎠᎴ ᎤᏍᏆᏂᎪᏎ ᎯᎠ ᏄᏪᏎᎢ; ᏣᎬᏫᏳᎯ, ᎦᏙ ᏣᏚᎵ ᎠᏆᏛᏁᏗᏱ? ᎤᎬᏫᏳᎯᏃ ᎯᎠ ᏄᏪᏎᎴᎢ; ᏔᎴᎲᎦ, ᏗᎦᏚᎲ ᎮᎾ, ᏓᏰᏣᏃᏁᎵᏃ ᎢᏣᏛᏁᏗᏱ.
7. ᎠᏁᎯᏃ ᎠᏂᏫᏅ ᏧᏅᎨᏫ ᎾᏍᎩᏯ ᏓᏂᏙᎨᎢ, ᎠᎾᏛᎩᏍᎨ ᎧᏁᎬᎢ, ᎠᏎᏃ ᎥᏝ ᎩᎶ ᏯᏂᎪᏩᏘᏍᎨᎢ.
8. ᏐᎳᏃ ᏕᎤᎴᏅ ᎡᎳᏗ ᎦᏅᎢ, ᎠᎴ ᏗᎦᏙᎵ ᏚᎵᏍᏚᎢᏒ ᎥᏝ ᎩᎶ ᏳᎪᎮᎢ, ᎬᏬᏱᏅᏎᏃ ᏕᎹᏍᎦ ᏫᎬᏩᏴᏔᏁᎢ.
9. ᏦᎢᏃ ᏧᏒᎯᏛ ᎾᎪᏩᏗᏍᎬᎾ ᎨᏎᎢ, ᎠᎴ ᎾᎵᏍᏓᏴᎲᏍᎬᎾ ᎠᎴ ᎾᏗᏔᏍᎬᎾ ᎨᏎᎢ.
10. ᎩᎶᏃ ᎢᏳᏍᏗ ᏧᏁᎶᏗ ᎡᎮ ᏕᎹᏍᎦ, ᎡᏂᎾᏯ ᏧᏙᎢᏛ; ᎾᏍᎩᏃ ᎤᏁᎳᏫᏎᎲ ᎤᎬᏫᏳᎯ ᎯᎠ ᏄᏪᏎᎴᎢ; ᎡᏂᎾᏯ. ᎯᎠᏃ ᏄᏪᏎᎢ; ᎠᏂ, ᏣᎬᏫᏳᎯ.
11. ᎯᎠᏃ ᏄᏪᏎᎴ ᎤᎬᏫᏳᎯ; ᏔᎴᎲᎦ, ᎮᎾ ᏗᎦᎳᏅᏛ ᎦᏥᏃᏍᏛ ᏥᏚᏙᎥ, ᏧᏓᏏᏃ ᎦᏁᎸ ᏫᏲᎦ ᏐᎳ ᏧᏙᎢᏛ ᏓᏌ ᎡᎯ. ᎬᏂᏳᏰᏃ ᎠᏓᏙᎵᏍᏗᎭ,
12. ᎠᎴ ᎤᏁᎳᏫᏎᎲ ᎤᎪᎲ ᎠᏍᎦᏯ ᎡᏂᎾᏯ ᏧᏙᎢᏛ ᎤᏴᎵᎸ ᎠᎴ ᎤᏏᏔᏛ ᎥᎤᎪᏩᏛᏗᏱ.
13. ᎡᏂᎾᏯᏃ ᎯᎠ ᏄᏪᏎᎢ; ᏣᎬᏫᏳᎯ, ᏥᏯᏛᎦᏁᎸ ᎯᎠ ᎠᏍᎦᏯ ᎤᏂᏣᏔ ᎬᎩᏃᏁᎸ ᎤᏣᏘ ᎤᏲ ᏂᏚᏩᏁᎸ ᏗᏣᏤᎵ ᎤᎾᏓᏅᏘ ᏥᎷᏏᎵᎻ.
14. ᎠᏂᏃ ᎤᎭ ᎬᏩᏁᏤᎸᎯ ᏄᏂᎬᏫᏳᏒ ᎠᏥᎸ-ᎠᏁᎶᎯ ᏧᎸᏍᏗᏱ ᏂᎦᏛ ᏕᏣᏙᎥ ᎠᏂᏁᎢᏍᏗᏍᎩ.
15. ᎠᏎᏃ ᎤᎬᏫᏳᎯ ᎯᎠ ᏄᏪᏎᎴᎢ; ᎮᎾ, ᎾᏍᎩᏰᏃ ᏥᏯᏑᏰᏛ ᎠᏖᎵᏙ ᎠᏆᏤᎵᎦ ᏓᏆᏙᎥ ᎠᏱᏙᎯ ᎠᏂᎦᏔᎲ ᏧᎾᏓᎴᏅᏛ ᏴᏫ ᎠᎴ ᎤᏂᎬᏫᏳᎯ ᎠᎴ ᎢᏏᎵ ᏧᏪᏥ.
16. ᎬᏂᎨᏒᏰᏃ ᏅᏓᏥᏴᏁᎵ ᏄᏣᏛ ᎠᏎ ᎤᎩᎵᏲᎢᏍᏗᏱ ᏓᏆᏙᎥ ᏅᏗᎦᎵᏍᏙᏗᏍᎬᎢ.
17. ᎡᏂᎾᏯᏃ ᎤᏪᏅᏎᎢ, ᎠᎴ ᎠᏓᏁᎸ ᎤᏴᎴᎢ, ᏚᏏᏔᏛᏃ ᎯᎠ ᏄᏪᏎᎢ; ᏐᎳ ᎥᎩᏅᏟ, ᎤᎬᏫᏳᎯ ᏥᏌ, ᎾᏍᎩ ᎬᏂᎨᏒ ᏥᏂᏣᏛᏁᎴ ᏔᎢᏒᎢ ᏗᎩᏅᏒ ᎥᏣᎪᏩᏛᏗᏱ ᎠᎴ ᏣᎧᎵᎢᏍᏗᏱ ᎦᎸᏉᏗᏳ ᎠᏓᏅᏙ.
18. ᎩᎳᏉᏃ ᎢᏴᏛ ᏚᎦᏔᏅᎪᎠᏎ ᎤᏩᏥᏍᎦᎸ ᎢᏳᏍᏗ, ᎠᎴ ᎩᎳᏉ ᎢᏴᏛ ᎬᏩᎪᏩᏛᏗ ᏄᎵᏍᏔᏁᎢ; ᏚᎴᏅᏃ ᎠᎦᏬᎡᎢ.
19. ᎤᎵᏍᏓᏴᏅᏃ ᎤᎵᏂᎪᏎᎢ. ᏐᎳᏃ ᎢᎸᏍᎩ ᏧᏒᎯᏛ ᏚᏪᎳᏗᏙᎴ ᎠᏃᎯᏳᎲᏍᎩ ᏕᎹᏍᎦ ᎠᏁᎯ.
20. ᎢᎬᏪᏅᏛᏃ ᏗᎦᎳᏫᎢᏍᏗᏱ ᏕᎪᏢᏩᏗᏒ ᎤᎵᏥᏙᏁᎢ, ᎤᏃᎮᎴ ᎦᎶᏁᏛ ᎾᏍᎩ ᎤᏁᎳᏅᎯ ᎤᏪᏥ ᎨᏒᎢ.
21. ᏂᎦᏛᏃ ᎤᎾᏛᎦᏅᎯ ᎤᏂᏍᏆᏂᎪᏎᎢ, ᎠᎴ ᎯᎠ ᏄᏂᏪᏎᎢ; ᏝᏍᎪ ᎾᏍᎩ ᎯᎠ ᏱᎩ ᏥᏓᎩᎵᏲᎢᏍᏙᏗᏍᎬ ᏥᎷᏏᎵᎻ ᎯᎠ ᏕᏅᏙᎥ ᎠᏂᏁᎢᏍᏗᏍᎩ? ᎠᎴ ᎾᏍᎩ ᎢᏳᏍᏗ ᎠᏂ ᎤᎷᏨᎩ, ᎾᏍᎩ ᏧᎸᏍᏗ ᏫᏚᏘᏃᎮᏗᏱ ᏄᏂᎬᏫᏳᏒ ᎠᏥᎸ-ᎠᏁᎶᎯ.
22. ᎠᏎᏃ ᏐᎳ ᎧᏁᏉᎨᏉ ᎤᎵᏂᎪᏍᎬᎢ, ᎠᎴ ᎠᏂᏬᏂᏍᎬ ᏚᎪᎾᏛᏔᏁ ᎠᏂᏧᏏ ᏕᎹᏍᎦ ᎠᏁᎯ, ᎬᏂᎨᏒ ᏂᎬᏁᎮ ᎾᏍᎩ ᎯᎠ ᎦᎶᏁᏛ ᎨᏒᎢ.
23. ᏰᎵᏃ ᎤᏬᎯᏨ ᎠᏂᏧᏏ ᎤᏂᏃᎮᎴ ᎤᏂᎯᏍᏗᏱ.
24. ᎠᏎᏃ ᎾᏍᎩ ᏚᏄᎪᏔᏅᎢ ᎤᏛᎦᏁ ᏐᎳ. ᏂᎪᎯᎸᏃ ᎢᎦ ᎠᎴ ᏒᏃᏱ ᏗᎦᎶᎯᏍᏗᏱ ᏚᏂᎭᎷᏁ ᎤᏂᎯᏍᏗᏱ.
25. ᎠᏎᏃ ᏧᎾᏁᎶᏗ ᎤᏂᏯᏅᎮ ᏒᏃᏱ ᎠᎴ ᏔᎷᏣ ᎤᏂᏲᏔᏁ ᎤᎾᏠᎥᏔᏁ ᎠᏐᏴᎢ.
26. ᏐᎳᏃ ᏥᎷᏏᎵᎻ ᎤᎷᏨ ᏧᎾᏁᎶᏗ ᏧᎵᎪᏁᏗᏱ ᎤᏰᎸᏁᎢ. ᏂᎦᏛᏃ ᎬᏩᏍᎦᎢᎮᎢ, ᎠᎴ ᎥᏝ ᏯᏃᎯᏳᎲᏍᎨ ᏧᏁᎶᏗ ᎨᏒᎢ.
27. ᎠᏎᏃ ᏆᏂᏆ ᏭᏯᏅᎲ ᏚᏘᏃᎮᎴ ᎨᏥᏅᏏᏛ, ᎠᎴ ᏚᏃᏁᎴ ᎤᎬᏫᏳᎯ ᎤᎪᎲᎢ ᎠᎢᏒᎢ, ᎠᎴ ᎾᏍᎩ ᎤᏬᏁᏔᏅᎢ, ᎠᎴ ᎾᏍᎦᎢᎲᎾ ᏥᏌ ᏕᎤᏙᎥ ᎤᏁᎢᏍᏔᏅᎢ ᏕᎹᏍᎦ.
28. ᎾᏍᎩᏃ ᎢᏧᎳᎭ ᎠᏁᏙᎮ ᏥᎷᏏᎵᎻ.
29. ᎾᏍᎦᎢᎲᎾᏃ ᎧᏁᎢᏍᏗᏍᎨ ᏕᎤᏙᎥ ᎤᎬᏫᏳᎯ ᏥᏌ, ᎠᎴ ᎠᏂᎪᎢ ᎤᏂᏬᏂᏍᏗ ᎠᏂᏬᏂᏍᎩ ᎠᎾᏗᏒᎯᎮ ᎠᏂᏬᏂᏍᎬᎢ. ᎠᏎᏃ ᎤᎾᏁᎶᏔᏁ ᎬᏩᎯᏍᏗᏱ.
30. ᎠᎾᎵᏅᏟᏍᎩᏂ ᎾᏍᎩ ᎤᎾᏛᎦᏅ, ᏏᏌᎵᏱ ᏭᎾᏘᏃᎴᎢ, ᎿᎭᏉᏃ ᏓᏌ ᏭᏂᏅᏎᎢ.
31. ᎿᎭᏉᏃ ᏧᎾᏁᎶᏗ ᎤᎾᏓᏡ Ꭼ ᏅᏩᏙᎯᏯᏛ ᏄᎾᎵᏍᏓᏁᎴ ᏂᎬᎾᏛ ᏧᏗᏱ ᎠᎴ ᎨᎵᎵ ᎠᎴ ᏌᎺᎵᏱ, ᎠᎴ ᎨᎦᎵᏂᎪᎯᏍᏔᏁᎢ, ᎠᎴ ᎠᎾᎢᏎ ᎾᎿᎭᎦᎾᏰᎯᏍᏗ ᎨᏒ ᎤᎬᏫᏳᎯ, ᎠᎴ ᎣᏍᏛ ᎤᏂᎦᎵᏍᏓᏗᏍᎬ ᎦᎸᏉᏗᏳ ᎠᏓᏅᏙ, ᎠᏂᏁᏉᎨᎢ.
32. ᎯᎠᏃ ᏄᎵᏍᏔᏁᎢ, ᏈᏓ ᏂᎬᎾᏛ ᎤᏪᏙᎸ ᎾᏍᏉ ᏫᏚᎷᏤᎴ ᎤᎾᏓᏅᏘ ᎵᏓ ᎠᏁᎯ.
33. ᎾᎿᎭᏃ ᎤᏩᏛᎮ ᎩᎶ ᎢᏳᏍᏗ ᎠᏍᎦᏯ ᎢᏂᏯ ᏧᏙᎢᏛ, ᏧᏁᎳ ᎢᏧᏕᏘᏴᏛ ᎬᏩᏂᏏᏅᎯ ᎨᏎ ᎦᏂᏟ ᎤᎸᏓᎸᎥᏍᎨᎢ.
34. ᏈᏓᏃ ᎯᎠ ᏄᏪᏎᎴ ᎾᏍᎩ; ᎢᏂᏯ, ᏥᏌ ᎦᎶᏁᏛ ᏣᏅᏮᎦ; ᏔᎴᎲᎦ, ᎠᎴ ᎯᏰᏍᏛᎢᏌ ᏣᏂᏏᏗᏱ. ᎩᎳᏉᏃ ᎢᏴᏛ ᏚᎴᏁᎢ.
35. ᏂᎦᏛᏃ ᎵᏓ ᎠᎴ ᏎᎶᏂ ᎠᏁᎯ ᎬᏩᎪᎮᎢ, ᎠᎴ ᎤᎬᏫᏳᎯ ᎢᏗᏢ ᏭᎾᎦᏔᎲᏍᏔᏁᎢ.
36. ᏦᏈᏃ ᎡᎮ ᎩᎶ ᎢᏳᏍᏗ ᎠᎨᏴ ᏧᏁᎶᏗ, ᏓᏈᏗ ᏧᏙᎢᏛ, ᎾᏍᎩ ᎠᏁᏢᏔᏅᎯ ᏓᎩ ᎦᏛᎦ, ᎾᏍᎩ ᎯᎠ ᎤᎧᎵᏨᎯ ᎨᏎ ᎣᏍᏛ ᏚᎸᏫᏍᏓᏁᎲᎢ ᎠᎴ ᎠᏓᏁᎸᎥᏍᎬᎢ.
37. ᎯᎠᏃ ᏄᎵᏍᏔᏁ ᎾᎯᏳᎢ, ᎾᏍᎩ ᎤᏢᏨ ᎤᏲᎱᏎᎢ, ᎾᏍᎩᏃ ᎤᎾᏬᎥ ᎦᎸᎳᏗ ᎧᏅᏑᎸ ᎤᏂᏅᏁᎢ.
38. ᎵᏓᏃ ᎠᎴ ᏦᏈ ᎾᎥ ᏂᏚᏓᎴᎢ, ᎠᏃᎯᏳᎲᏍᎩᏃ ᎤᎾᏛᎦᏅ ᏈᏓ ᎡᏙᎲ ᎵᏓ, ᎠᏂᏔᎵ ᎠᏂᏍᎦᏯ ᏚᏂᏅᏎ ᏭᏂᏔᏲᏎᏗᏱ ᎤᏙᎯᏗᏍᏗᏱ ᏂᎨᏒᎾ ᏂᏙᏓᏳᏩᏛᎲᏍᏗᏱ.
39. ᏈᏓᏃ ᏚᎴᏅ ᏚᏍᏓᏩᏛᏎᎢ; ᎤᎷᏨᏃ ᎦᎸᎳᏗ ᎧᏅᏑᎸ ᏫᎬᏩᏴᏔᏁᎢ; ᏂᎦᏛᏃ ᎠᏂᎨᏴ ᏧᏃᏑᎶᏨᎯ ᎦᏙᎬ ᎾᎥ ᎠᏂᏙᎾᎡ ᏓᏂᏴᎨᎢ, ᎠᎴ ᏓᏂᎾᏄᎪᏫᏍᎨ ᎭᏫᏂ ᏗᏄᏬ ᎠᎴ ᏧᏓᎴᏅᏛ ᏗᏄᏬ ᎾᏍᎩ ᏓᎩ ᏧᏪᏰᏫᏒᎯ ᎠᏏ ᎤᏁᎳᏗᏙᎮᎢ.
40. ᏈᏓᏃ ᏂᎦᏛ ᏚᏄᎪᏫᏒ ᏚᎵᏂᏆᏅᏁ ᎠᎴ ᎤᏓᏙᎵᏍᏔᏁᎢ, ᏕᏛᏅᏃ ᎢᏗᏢ ᏭᎦᏔᎲᏍᏔᏅ, ᏓᏈᏗ ᏔᎴᎲᎦ, ᎤᏛᏁᎢ. ᏚᏍᏚᎢᏎᏃ ᏗᎦᏙᎵ, ᏈᏓᏃ ᎤᎪᎲ, ᎤᏗᏛᎮ ᎤᏪᏁᎢ.
41. ᎤᏬᏯᏁᏒᏃ ᏕᎤᎴᏔᏁᎢ; ᏫᏚᏯᏅᎲᏃ ᎤᎾᏓᏅᏘ ᎠᎴ ᏧᏃᏑᎶᏨᎯ, ᏕᎤᎾᏄᎪᏫᏎᎴ ᎬᏃᏛ.
42. ᏦᏈᏃ ᏂᎬᎾᏛ ᎤᎾᏛᎦᏁᎢ, ᎠᎴ ᎤᏂᏣᏖ ᎤᏃᎯᏳᏁ ᎤᎬᏫᏳᎯ.
43. ᎯᎠᏃ ᏄᎵᏍᏔᏁᎢ, ᏰᎵ ᎤᏬᎯᏤ ᎤᏕᏁ ᏦᏈ, ᏗᏑᏫᏍᎩ ᏌᏩᏂ ᏧᏙᎢᏛ ᎦᏁᎸᎢ.

== Acts 10 ==
1. ᎩᎶᏃ ᎢᏳᏍᏗ ᎠᏍᎦᏯ ᎡᎮ ᏏᏌᎵᏱ, ᎧᏂᎵᏯ ᏧᏙᎢᏛ, ᎠᏍᎪᎯᏧᏈ ᏗᏘᏂᏙᎯ, ᎨᎳ ᎢᏓᎵ ᏧᎾᏙᎢᏛ ᎤᎾᏓᏡᎬ.
2. ᎤᏓᏅᏘ ᎠᎴ ᎤᏁᎳᏅᎯ ᎦᎾᏰᏍᎩ, ᎠᎴ ᎾᏍᏉ ᏂᎦᏛ ᎦᏁᎸ ᎠᏂᎮ, ᎤᏣᏘ ᏗᏁᎸᎥᏍᎩ ᏴᏫ, ᎠᎴ ᎤᏁᎳᏅᎯ ᏂᎪᎯᎸ ᎠᏓᏙᎵᏍᏓᏁᎯ.
3. ᎾᏍᎩ ᏦᎢᎭ ᎢᏳᏟᎶᏛ ᎧᎳᏩᏗᏒ ᎬᏂᎨᏒᎢᏳ ᎤᎪᎮ ᏗᎧᎿᎭᏩᏗᏙᎯ ᎤᏁᎳᏅᎯ ᎤᏤᎵ ᎤᎷᏤᎴᎢ, ᎠᎴ ᎯᎠ ᏄᏪᏎᎴᎢ; ᎧᏂᎵᏯ.
4. ᏚᎧᎿᎭᏅᏃ ᎠᎴ ᎤᏍᎦᎸ ᎯᎠ ᏄᏪᏎᎢ; ᎦᏙᎢ, ᏣᎬᏫᏳᎯ. ᎯᎠᏃ ᏄᏪᏎᎴᎢ; ᎭᏓᏙᎵᏍᏗᏍᎬ ᎠᎴ ᎭᏓᏁᎸᎥᏍᎬ ᏚᎵᏌᎳᏓᏅ ᎠᏅᏓᏗᏍᏙᏗ ᎢᏳᎵᏍᏙᏗᏱ ᎤᏁᎳᏅᎯ ᎠᎦᏔᎲᎢ.
5. Ꭷ, ᏦᏈ ᏘᏅᎵ ᎠᏂᏫᏅ, ᏫᏯᏅ ᏌᏩᏂ ᏈᏓ ᏧᏙᎢᏛ,
6. ᎾᏍᎩ ᎤᏬᎳ ᎩᎶ ᎢᏳᏍᏗ ᎦᏁᎸ ᏌᏩᏂ ᏧᏙᎢᏛ, ᏗᏑᏫᏍᎩ, ᎾᏍᎩ ᎠᎹᏳᎶᏗ ᏥᎦᏁᎸ, ᎾᏍᎩ ᏓᏣᏃᏁᎵ ᎢᏣᏛᏁᏗᏱ.
7. ᏗᎧᎿᎭᏩᏗᏙᎯᏃ ᎤᏓᏅᏒ ᎾᏍᎩ ᎧᏂᎵᏯ ᎤᏬᏁᏔᏅᎯ, ᎠᏂᏔᎵ ᏫᏚᏯᏅᎮ ᎠᏓᏁᎸ ᏧᏅᏏᏓᏍᏗ ᎠᎴ ᏌᏉ ᎠᏯᏫᏍᎩ ᎤᏁᎳᏅᎯ ᎠᏓᏙᎵᏍᏓᏁᎯ ᏂᎪᎯᎸ ᎬᏩᎦᏘᏗᏍᎩ ᎨᏒ ᎨᎳ.
8. ᎾᏍᎩᏃ ᏂᎦᏛ ᏚᏃᎮᎮᎸ, ᏦᏈ ᏚᏅᏎᎢ.
9. ᎤᎩᏨᏛᏃ ᎠᎾᎢᏎ ᎠᎴ ᎿᎭᏉ ᎾᎥᏂᎨ ᎤᏂᎷᎴ ᏗᎦᏚᎲᎢ, ᏈᏓ ᎤᎩᎳᏫᏎ ᎦᏌᎾᎵ ᎤᏓᏙᎵᏍᏔᏅᏎ ᏔᎳᏚ ᎢᏳᏟᎶᏛ ᎢᏴᏛ ᎧᎳᏩᏗᏒᎢ.
10. ᎤᏣᏘᏃ ᎤᏲᏏᏌᏁᎢ, ᎠᎴ ᎤᏚᎵᏍᎨ ᎤᎵᏍᏓᏴᏗᏱ, ᎠᏎᏃ ᎠᏏᏉ ᎠᎾᏛᏅᎢᏍᏗᏍᎨ ᏣᎦᎵᎰ ᎾᏍᎩᏯ ᏄᎵᏍᏓᏁᎴᎢ.
11. ᎤᎪᎮᏃ ᎦᎸᎳᏗ ᎤᎵᏍᏚᎢᏛ ᎨᏎᎢ, ᎠᎴ ᎪᎱᏍᏗ ᎢᏳᏍᏗ ᎠᏖᎵᏙ ᎡᎳᏗ ᏅᏧᏍᏗᏗᏎ, ᎾᏍᎩᏯ ᎡᏆ ᎠᏄᏬ, ᏅᎩ ᏚᏅᏏᏴ ᏥᏕᎦᎸᎣᎢ, ᎾᏍᎩᏃ ᎡᎳᏗ ᎢᎬᏁᎸᎯ ᏥᎨᏐ ᎡᎶᎯ ᎢᏴᏛ.
12. ᎾᎿᎭᏃ ᎠᏂᏯᎡ ᏂᎦᏛ ᏧᎾᏓᎴᏅᏛ ᏅᎩ ᏗᏂᏅᏌᏗ ᎡᎶᎯ ᎠᏁᎯ, ᎠᎴ ᎢᎾᎨ ᎠᏁᎯ, ᎠᎴ ᎠᎾᏓᎾᏏᏂᏙᎯ, ᎠᎴ ᎦᎸᎶ ᎠᏂᏃᎯᎵᏙᎯ.
13. ᎠᏥᏁᏤᎴᏃ ᎯᎠ ᏅᏗᎠᏥᏪᏎᎴᎢ; ᏈᏓ, ᏔᎴᎲᎦ, ᎯᎷᎦ ᎠᎴ ᎭᎵᏍᏓᏴᎲᎦ, ᎠᎪᏎᎴᎢ.
14. ᏈᏓᏃ ᎯᎠ ᏄᏪᏎᎢ; ᏞᏍᏗ, ᏣᎬᏫᏳᎯ, ᏞᏰᏃ ᎢᎸᎯᏳ ᏯᎩᎪ ᎪᎱᏍᏗ ᎦᏓᎭ ᎠᎴ ᏂᎦᏅᎦᎸᎲᎾ.
15. ᏔᎵᏁᏃ ᎯᎠ ᏅᏗᎠᏥᏪᏎᎵᎢ; ᎤᏁᎳᏅᎯ ᎤᏅᎦᎸᏛ ᎾᏍᎩ ᏞᏍᏗ ᎦᏓᎭ ᏲᏎᎮᏍᏗ.
16. ᎾᏍᎩ ᎯᎠ ᏦᎢ ᏄᎵᏍᏔᏁᎢ, ᎿᎭᏉᏃ ᎠᏖᎵᏙ ᏔᎵᏁ ᎦᎸᎳᏗ ᏫᎤᎵᏌᎳᏓᏁᎢ.
17. ᎠᏏᏉᏃ ᏈᏓ ᎠᏓᏅᏖᏍᎨ ᏄᏍᏛ ᎦᏛᎬ ᎾᏍᎩ ᎤᏁᎳᏫᏎᎸᎢ, ᎬᏂᏳᏉ ᎠᏂᏫᏅ ᎾᏍᎩ ᎧᏂᎵᏯ ᏂᏙᏓᏳᏅᏒᎯ ᎤᎾᏓᏛᏛᏅᎯ ᎨᏎ ᏌᏩᏂ ᎦᏁᎸᎢ, ᎠᎴ ᎠᏂᏙᎾᎡ ᎦᎶᎯᏍᏗᏳᎶᏗ;
18. ᏭᎾᎵᏍᏔᏅᏃ ᎤᎾᏓᏛᏛᏁᎢ; ᎠᏂᏍᎪ ᎤᏬᎳ ᏌᏩᏂ ᏈᏓ ᏧᏙᎢᏛ, ᎤᎾᏛᏁᎢ.
19. ᎠᏏᏉᏃ ᏈᏓ ᎠᏓᏅᏖᏍᎨ ᎤᏁᎳᏫᏎᎸᎢ, ᎠᏓᏅᏙ ᎯᎠ ᏄᏪᏎᎴᎢ, ᎬᏂᏳᏉ ᎠᏂᏦᎢ ᎠᏂᏫᏅ ᎨᏣᏲᎭ.
20. Ꭷ, ᏔᎴᎲᎦ, ᎭᏠᎠᎯ, ᎠᎴ ᏘᏍᏓᏩᏚᎦ ᎪᎱᏍᏗ ᏂᏗᏣᏢᏫᏎᎲᎾ, ᎠᏴᏰᏃ ᏗᏥᏅᏏᏛ.
21. ᎿᎭᏉᏃ ᏈᏓ ᎤᏠᎠᏒ ᏫᏚᎷᏤᎸ ᎠᏂᏫᏅ ᎧᏂᎵᏯ ᏧᏅᏏᏛ ᎬᏩᏯᏅᎯᎸᎯ, ᎯᎠ ᏄᏪᏎᎢ; ᎬᏂᏳᏉ ᎠᏴ ᎾᏍᎩ ᏤᏥᏲᎭ. ᎦᏙ ᏧᎵᏰᎢᎸᏍᏔᏅ ᎯᎠ ᏥᏥᎷᎩ?
22. ᎯᎠᏃ ᏄᏂᏪᏎᎢ; ᎧᏂᎵᏯ ᎠᏍᎪᎯᏧᏈ ᏗᏘᏂᏙᎯ, ᏚᏳᎯᏛ ᎢᏯᏛᏁᎯ ᎠᏍᎦᏯ ᎠᎴ ᎤᏁᎳᏅᎯ ᎦᎾᏰᏍᎩ, ᎠᎴ ᎣᏍᏛ ᎬᏩᏃᎮᏍᎩ ᎾᏂᎥ ᏑᎾᏓᎴᎩ ᎨᏒ ᎠᏂᏧᏏ, ᎤᏁᏤᎸᎩ ᎦᎸᏉᏗ ᏗᎧᎿᎭᏩᏗᏙᎯ, ᎤᏓᏅᏍᏗᏱ ᏧᏪᏅᏒ ᏫᏣᎷᎯᏍᏗᏱ ᎠᎴ ᎯᏬᏂᏍᎬ ᎤᏛᎪᏗᏱ.
23. ᏚᏔᏲᏎᎸᏃ ᎤᏂᏴᏍᏗᏱ, ᎠᎴ ᏚᏍᏆᏂᎪᏔᏁᎢ. ᎤᎩᏨᏛᏃ ᏈᏓ ᏕᎤᏍᏓᏩᏛᏎᎢ, ᎠᎴ ᎩᎶ ᎢᏳᎾᏍᏗ ᎠᎾᎵᏅᏟ ᏦᏈ ᎠᏁᎯ ᎬᏩᎵᎪᏁᎴᎢ.
24. ᏫᎤᎩᏨᏅᏃ ᏏᏌᎵᏱ ᏭᏂᏴᎴᎢ. ᎧᏂᎵᏯᏃ ᎤᏂᎦᏘᏰᎢ, ᎠᎴ ᏧᏪᏟᏌᏅᎯ ᎨᏎ ᎪᎱᏍᏗ ᏧᏩᏂ ᎠᎴ ᏧᎵᎢ.
25. ᎿᎭᏉᏃ ᏈᏓ ᏗᏴᎵᏎ ᎧᏂᎵᏯ ᏕᎤᏠᏎᎢ, ᎡᎳᏗᏃ ᎤᏅᏨ ᏈᏓ ᏚᎳᏍᎬ ᎤᏓᏙᎵᏍᏓᏁᎴᎢ.
26. ᎠᏎᏃ ᏈᏓ ᏕᎤᎴᏔᏁ ᎯᎠ ᏄᏪᏎᎢ; ᏔᎴᎲᎦ, ᎠᏴ ᎾᏍᏉ ᏴᏫᏉ.
27. ᎠᏎᏉᏃ ᎠᎵᏃᎮᏗᏍᎨ, ᏭᏴᎴᎢ; ᎠᎴ ᏚᏩᏛᎮ ᎤᏂᏣᏖ ᏓᏂᎳᏫᎡᎢ.
28. ᎾᏍᎩᏃ ᎯᎠ ᏂᏚᏪᏎᎴᎢ; ᎢᏥᎦᏔᎭᏉ ᎤᏓᏅᏍᏙᏒᎯ ᎨᏒ ᎩᎶ ᎠᏧᏏ ᎤᏁᏓᏍᏗᏱ ᎠᎴ ᎤᏩᏛᏗᏱ ᎩᎶ ᏅᏩᏓᎴ ᏴᏫ; ᎠᏎᏃ ᎤᏁᎳᏅᎯ ᎬᏂᎨᏒ ᎾᏋᏁᎸ ᎠᏴ ᎩᎶ ᏴᏫ ᎦᏓᎭ ᎠᎴ ᎾᏥᏅᎦᎸᎥᎾ ᏥᏲᏎᏗ ᏂᎨᏒᎾ ᎨᏒᎢ.
29. ᎾᏍᎩᏃ ᎢᏳᏍᏗ ᎪᎱᏍᏗ ᎾᏍᎪᏁᎶᏍᎬᎾ ᏛᏇᏅᏒᎩ ᏮᎩᏯᏅᎰᎸᏉ. ᎾᏍᎩᏃ ᎢᏳᏍᏗ ᎢᏨᏯᏛᏛᎲᎦ ᏅᏧᎵᏍᏙᏔᏅ ᏫᏍᎩᏯᏅᎲᎢ.
30. ᎧᏂᎵᏯᏃ ᎯᎠ ᏄᏪᏎᎢ; ᏅᎩ ᏄᏒᎭ ᎠᎹᏟ ᎬᏍᎬᎩ ᎯᎠ ᎢᏳ ᎧᎳᏩᏗᏒ ᎢᏯᏍᏗ, ᏦᎢᏃ ᎢᏳᏟᎶᏛ ᎧᎳᏩᏗᏒ ᎦᏓᏙᎵᏍᏗᏍᎬ ᏥᏁᎸᎢ, ᎬᏂᏳᏉᏃ ᎠᏍᎦᏯ ᏗᎬᏩᎸᏌᏓ ᏧᏄᏫ ᎢᎬᏱᏢ ᎠᏆᎴᏁᎸᎩ.
31. ᎯᎠᏃ ᏄᏪᏒᎩ; ᎧᏂᎵᏯ, ᎭᏓᏙᎵᏍᏗᏍᎬ ᎡᏣᏛᎦᏁᎸ ᎠᎴ ᎭᏓᏁᎸᎢᏍᎬ ᎠᏅᏔ ᎤᏁᎳᏅᎯ ᎠᎦᏔᎲᎢ.
32. Ꭷ, ᏦᏈ ᎭᏓᏅᎵ, ᎠᎴ ᏫᏯᏅ ᏌᏩᏂ ᏈᏓ ᏧᏙᎢᏛ; ᎾᏍᎩ ᎤᏬᎳ ᏌᏩᏂ ᏗᏑᏫᏍᎩ ᎦᏁᎸᎢ ᎠᎹᏳᎶᏗ, ᎾᏍᎩ ᎦᎷᏨᎭ ᏓᏣᏬᏁᏔᏂ.
33. ᎰᏩᏃ ᎩᎳᏉ ᎢᏴᏛ ᎠᏆᏓᏅᏒᎩ ᏪᏣᏯᏅᏗᏱ; ᎣᏏᏳᏃ ᏂᏣᏛᏁᎸ ᏥᎷᎩ. ᎿᎭᏉᏃ ᏂᎦᏛ ᎠᏂ ᎣᏤᏙᎭ ᎤᏁᎳᏅᎯ ᎠᎦᏔᎲᎢ, ᎣᎦᏛᏅᎢᏍᏗ ᎣᎦᏛᎪᏗᏱ ᏂᎦᎥ ᎤᏁᎳᏅᎯ ᏣᏁᏤᎸᎯ ᎨᏒᎢ.
34. ᏈᏓᏃ ᎤᏍᏚᎢᏒ ᎠᎰᎵ, ᎯᎠ ᏄᏪᏎᎢ; ᎤᏙᎯᏳᎯᏯ ᎦᏙᎴᎣᏍᎦ ᎤᏁᎳᏅᎯ ᎩᎶ ᏧᎸᏉᏙᏗ ᏂᎨᏒᎾ ᎨᏒᎢ;
35. ᎾᏂᎥᏉᏍᎩᏂ ᏧᎾᏓᎴᏅᏛ ᏴᏫ ᎠᏁᎲᎢ ᎩᎶ ᎾᏍᎩ ᏳᎾᏰᏍᎦ ᎠᎴ ᏚᏳᎪᏛ ᏱᏚᎸᏫᏍᏓᏁᎭ ᎾᏍᎩ ᏓᎦᏓᏂᎸᎪᎢ.
36. ᎧᏃᎮᏛ ᏧᏓᏅᏎ ᎢᏏᎵ ᏧᏪᏥ ᎤᎾᏛᎪᏗ ᏥᎧᏃᎮᏍᎨ ᎣᏍᏛ ᎧᏃᎮᏛ ᏅᏩᏙᎯᏯᏛ ᎤᎬᏩᎵ ᏥᏌ ᎦᎶᏁᏛ ᎢᏳᏩᏂᏌᏛ ᎾᏍᎩ ᎤᎬᏫᏳᎯ ᎾᏂᎥ ᎤᎾᏤᎵᎦ,
37. ᎾᏍᎩ ᎧᏃᎮᏛ ᎢᏥᎦᏔᎭ, ᎬᏂᎨᏒ ᏥᏄᎵᏍᏔᏅ ᏂᎬᎾᏛ ᏧᏗᏱ, ᎨᎵᎵ ᏨᏓᏳᏓᎴᏅᎲ ᏗᏓᏬᏍᏗ ᎨᏒ ᎤᎬᏩᎵ ᏄᎵᏥᏙᏃ ᏣᏂ—
38. ᎾᏍᎩ ᎤᏁᎳᏅᎯ ᎦᎸᏉᏗᏳ ᎠᏓᏅᏙ ᎠᎴ ᎤᎵᏂᎩᏛ ᎨᏒ ᏥᏚᎶᏁᏔᏁ ᏥᏌ ᎾᏎᎵᏗ ᎡᎯ, ᎾᏍᎩ ᏤᏙᎲ ᎣᏍᏛ ᏚᎸᏫᏍᏓᏁᎲᎢ, ᎠᎴ ᏕᎧᏅᏫᏍᎬ ᏂᎦᏛ ᎤᏲ ᎢᏳᏅᎿᎭᏕᎩ ᎠᏍᎩᎾ; ᎤᏁᎳᏅᎯᏰᏃ ᏚᎧᎿᎭᏩᏗᏙᎲᎩ.
39. ᎠᏴᏃ ᎣᏥᏃᎮᏍᎩ ᎾᏍᎩ ᏂᎦᏛ ᏄᏛᏁᎵᏙᎸ ᎠᏂᏧᏏ ᎤᎾᏤᎵᎪᎯ ᎠᎴ ᏥᎷᏏᎵᎻ; ᎾᏍᎩ ᏧᏂᎸᎩ ᎨᏛ ᏧᎾᏛᏅᎩ.
40. ᎾᏍᎩ ᎤᏁᎳᏅᎯ ᏦᎢᏁ ᎢᎦ ᏕᎤᎴᏔᏅᎩ ᎠᎴ ᎬᏂᎨᏒ ᏂᏚᏩᏁᎸᎩ,
41. ᎥᏝ ᏂᎦᏛ ᏴᏫ, ᎠᏂᏃᎮᏍᎩᏉᏍᎩᏂ ᎤᏅᏒ ᎤᏁᎳᏅᎯ ᎦᏳᎳ ᏗᎬᏩᏑᏰᏛ ᏥᎨᏒᎩ, ᎾᏍᎩ ᎠᏴ ᎢᏧᎳᎭ ᎣᎦᎵᏍᏓᏴᏅᎯ ᎠᎴ ᏦᎦᏗᏔᎲᎯ ᎾᏍᎩ ᎤᏲᎱᏒ ᏧᎴᎯᏌᏅᎯ ᏥᏂᎨᏎᎢ.
42. ᎠᎴ ᎣᎩᏁᏤᎸᎩ ᏴᏫ ᏦᏣᎵᏥᏙᏁᏗᏱ, ᎠᎴ ᎣᎩᏃᎮᏗᏱ ᎾᏍᎩ ᎤᏁᎳᏅᎯ ᎤᏪᎧᏅ ᏗᎫᎪᏓᏁᎯ ᏄᏩᏁᎸ ᏗᏅᏃᏛ ᎠᎴ ᏧᏂᏲᎱᏒᎯ.
43. ᎾᏍᎩ ᏂᎦᏛ ᎠᎾᏙᎴᎰᏍᎩ ᎬᏩᏃᎮᎭ, ᎯᎠ ᎾᏂᏪᎭ; ᎾᏍᎩ ᎩᎶ ᎪᎯᏳᎲᏍᎨᏍᏗ ᎾᏍᎩ ᏕᎤᏙᎥᎢ, ᎠᏥᏙᎵᏍᏗ ᎨᏎᏍᏗ ᎤᏍᎦᏅᏨᎢ.
44. ᎠᏏᏉᏃ ᏈᏓ ᎯᎠ ᎾᏍᎩ ᏂᎦᏪᏍᎨᎢ, ᎦᎸᏉᏗᏳ ᎠᏓᏅᏙ ᎡᎳᏗ ᏄᏛᏁᎴ ᎤᏂᎷᏤᎴ ᏂᎦᏛ ᎠᎾᏛᎩᏍᎩ ᎧᏃᎮᏛ.
45. ᏗᎨᏥᎤᏍᏕᏎᎸᎯᏃ ᎠᏃᎯᏳᎲᏍᎩ ᏂᎦᏛ ᏈᏓ ᏅᏓᎬᏩᏍᏓᏩᏛᏛ ᎤᏣᏘ ᎤᏂᏍᏆᏂᎪᏎᎢ, ᏅᏗᎦᎵᏍᏙᏗᏍᎨ ᏧᎾᏓᎴᏅᏛ ᏴᏫ ᎾᏍᏉ ᎨᏥᏐᏅᏰᎸ ᎨᏥᏁᎸ ᎦᎸᏉᏗᏳ ᎠᏓᏅᏙ.
46. ᏚᎾᏛᎦᏁᎴᏰᏃ ᏧᏓᎴᏅᏛ ᏓᏂᏬᏂᏍᎬ ᎠᎴ ᎠᏂᎸᏉᏗᏍᎬ ᎤᏁᎳᏅᎯ. ᎿᎭᏉᏃ ᏈᏓ ᎤᏁᏤ ᎯᎠ ᏄᏪᏎᎢ;
47. ᏥᎪ ᎩᎶ ᏳᏅᏍᏙᎯ ᎠᎹ ᎯᎠ ᎾᏍᎩ ᏗᎨᎦᏬᏍᏗᏱ ᎾᏍᎩ ᎾᏍᏉ ᎦᎸᏉᏗᏳ ᎠᏓᏅᏙ ᏥᎨᏥᏁᎸ ᎾᏍᎩᏯ ᎠᏴ ᎡᎩᏁᎸᎢ?
48. ᏕᎤᏁᏤᎴᏃ ᏗᎨᎦᏬᏍᏗᏱ ᏕᎤᏙᏍᏛ ᎤᎬᏫᏳᎯ. ᎿᎭᏉᏃ ᎬᏩᏔᏲᏎᎴ ᎢᎸᏍᎩ ᏧᏒᎯᏛ ᎤᏪᏗᏱ.

== Acts 11 ==
1. ᎨᏥᏅᏏᏛᏃ ᎠᎴ ᎠᎾᎵᏅᏟ ᏧᏗᏱ ᎠᏁᎯ ᎤᎾᏛᎦᏁ ᎾᏍᎩ ᏧᎾᏓᎴᏅᏛ ᏴᏫ ᎾᏍᏉ ᏚᎾᏓᏂᎸᏨ ᎧᏃᎮᏛ ᎤᏁᎳᏅᎯ ᎤᏤᎵᎦ.
2. ᏈᏓᏃ ᏥᎷᏏᎵᎻ ᏭᎷᏨ ᏗᎨᏥᎤᏍᏕᏎᎸᎯ ᏕᎬᏩᎦᏘᎸᏎᎢ,
3. ᎯᎠ ᏄᏂᏪᎡᎢ; ᏂᏗᎨᏥᎤᏍᏕᏎᎸᎾ ᏕᎯᏴᏎᎴᎢ, ᎠᎴ ᎾᏍᎩ ᎢᏧᎳᎭ ᎢᏣᎵᏍᏓᏴᏁᎢ.
4. ᎠᏎᏃ ᏈᏓ ᎤᎴᏅᎮ ᏚᏃᎮᎮᎴ ᏂᎦᏛ ᎣᏍᏛ ᎤᏱᎸᏎᎢ, ᎯᎠ ᏄᏪᏎᎢ;
5. ᏦᏈ ᎦᏚᎲ ᎨᏙᎲᎩ ᎦᏓᏙᎵᏍᏗᏍᎬᎩ; ᏣᎦᎵᎰᏃ ᎾᏍᎩᏯ ᎾᏆᎵᏍᏓᏁᎸ ᎠᏆᏁᎳᏫᏎᎸᎩ, ᎠᏖᎵᏙ ᎠᎩᎪᎲᎩ ᎡᎳᏗ ᏅᏓᏳᏍᏗᏗᏒᎩ, ᎡᏆ ᎠᏄᏬ ᎾᏍᎩᏯᎢ ᎦᎸᎳᏗ ᏅᏓᏳᏓᎴᏅᎯ, ᏅᎩ ᏂᏚᏅᏏᏴ ᏥᏚᏂᏂᏴᏐᎢ; ᎠᎴ ᎠᏴ ᎠᎩᎷᏤᎸᎩ.
6. ᎾᏍᎩᏃ ᎠᏆᎦᏙᏍᏔᏅ ᎠᏆᏓᏅᏖᎸᎩ ᎠᎴ ᏕᏥᎪᎥᎩ ᏅᎩ ᏗᏂᏅᏌᏗ ᎡᎶᎯ ᎠᏁᎯ ᎠᎴ ᎢᎾᎨ ᎠᏁᎯ ᎠᎴ ᎠᎾᏓᎾᏏᏂᏙᎯ ᎠᎴ ᎦᎸᎶ ᎠᏂᏃᎯᎵᏙᎯ.
7. ᎧᏁᎬᏃ ᎠᏆᏛᎦᏅᎩ ᎯᎠ ᎾᎩᏪᏎᎸᎩ; ᏔᎴᎲᎦ ᏈᏓ, ᎯᎷᎦ ᎠᎴ ᎭᎵᏍᏓᏴᎲᎦ.
8. ᎠᏎᏃ ᎯᎠ ᎾᎩᏪᏒᎩ; ᏞᏍᏗ, ᏣᎬᏫᏳᎯ, ᏝᏰᏃ ᎢᎸᎯᏳ ᎪᎱᏍᏗ ᎦᏓᎭ ᎠᎴ ᏂᎦᏅᎦᎸᎲᎾ ᏳᏴᎶ ᏥᎣᎵ.
9. ᎠᏎᏃ ᎧᏁᎬ ᏔᎵᏁ ᎯᎠ ᏅᏛᎠᎩᏪᏎᎸᎩ ᎦᎸᎳᏗ ᏛᎤᎶᏒᎩ; ᎤᏁᎳᏅᎯ ᎤᏅᎦᎸᏛ ᎾᏍᎩ ᏞᏍᏗ ᎦᏓᎭ ᏲᏎᎮᏍᏗ.
10. ᏦᎢᏃ ᎾᏍᎩ ᎯᎠ ᏄᎵᏍᏔᏅᎩ, ᏂᎦᏛᏃ ᎦᎸᎳᏗ ᏔᎵᏁ ᏭᎵᏌᎳᏓᏅᎩ.
11. ᎬᏂᏳᏉᏃ ᎩᎳᏉ ᎢᏴᏛ ᏦᎢ ᎢᏯᏂᏛ ᎠᏂᏍᎦᏯ ᎠᏂᏙᎾᎥ ᎠᏓᏁᎸ ᎾᎿᎭᎠᏉᎸᎢ, ᎬᎩᏯᏅᎰᎸᎯ ᏏᏌᎵᏱ ᏅᏓᎨᏥᏅᏒᎯ.
12. ᎠᏓᏅᏙᏃ ᎯᎠ ᎾᎩᏪᏎᎸᎩ; ᎪᎱᏍᏗ ᏂᏗᏣᏢᏫᏎᎲᎾ ᏘᏍᏓᏩᏚᎦ. ᎾᏍᏉᏃ ᎯᎠ ᎾᏍᎩ ᏑᏓᎵ ᎢᏯᏂᏛ ᎢᏓᏓᏅᏟ ᎬᏆᎵᎪᏁᎸᎩ, ᎠᎴ ᎾᏍᎩ ᎠᏍᎦᏯ ᏗᎦᏁᎸ ᏬᎩᏴᎸᎩ.
13. ᎾᏍᎩᏃ ᎣᎩᏃᏁᎸᎩ ᎤᎪᎲᎢ ᏗᎧᎿᎭᏩᏗᏙᎯ ᎤᏩᏒ ᎦᏁᎸᎢ ᎾᏍᎩ ᎦᏙᎨ ᎯᎠ ᏄᏪᏎᎴᎢ; ᏦᏈ ᏘᏅᎵ ᎠᏂᏫᏅ, ᎠᎴ ᏫᏯᏅ ᏌᏩᏂ ᏈᏓ ᏧᏙᎢᏛ;
14. ᎾᏍᎩ ᏓᏣᏃᏁᎵ ᎢᏣᏛᏁᏗᏱ ᏣᎵᏍᏕᎸᏗᏱ ᏂᎯ ᎠᎴ ᏂᎦᏛ ᏗᏣᏤᎵ ᏏᏓᏁᎸᎢ.
15. ᎠᏆᎴᏅᎲᏃ ᎠᎩᏬᏂᏒ ᎦᎸᏉᏗᏳ ᎠᏓᏅᏙ ᎡᎳᏗ ᏄᏛᏁᎸᎩ, ᎤᏂᎷᏤᎩ, ᎾᏍᎩᏯ ᎠᏴ ᏥᎩᎷᏤᎸ ᏗᏓᎴᏂᏍᎬᎢ.
16. ᎿᎭᏉᏃ ᎠᏆᏅᏓᏛᎩ ᎤᎬᏫᏳᎯ ᎤᏁᏨᎢ, ᎯᎠ ᏥᏄᏪᏒᎩ; ᏣᏂ ᎤᏙᎯᏳᎯ ᎠᎹ ᏓᏓᏬᏍᏗᏍᎬᎩ, ᏂᎯᏍᎩᏂ ᎦᎸᏉᏗᏳ ᎠᏓᏅᏙ ᏙᏓᏰᏣᏬᏍᏔᏂ.
17. ᎢᏳᏃ ᎤᏁᎳᏅᎯ ᏧᏁᎸᎯ ᏱᎩ ᎤᏓᏁᏗ ᎨᏒ ᎾᏍᎩᏯ ᏥᎩᏁᎸᎩ ᎠᏴ ᎾᏍᎩ ᎡᏙᎢᏳᏅᎯ ᎤᎬᏫᏳᎯ ᏥᏌ ᎦᎶᏁᏛ, ᎦᏙ ᎠᏴ ᎨᏎ ᏰᎵ ᎦᏥᏲᏍᏙᏓᏁᏗ ᎨᏎ ᎤᏁᎳᏅᎯ.
18. ᎤᎾᏛᎦᏅᏃ ᎾᏍᎩ ᎡᎳᏪ ᎤᏅᏁᎢ, ᎠᎴ ᎤᏂᎸᏉᏔᏁ ᎤᏁᎳᏅᎯ, ᎯᎠ ᏄᏂᏪᏎᎢ: ᎾᏍᏉᎧᏂ ᎤᏁᎳᏅᎯ ᏧᎾᏓᎴᏅᏛ ᏴᏫ ᏕᎤᏁᎸ ᏚᎾᏓᏅᏛ ᏧᏂᏁᏟᏴᏍᏗᏱ ᎬᏂᏛ ᏩᎵᏱᎶᎯᎯ.
19. ᎤᎾᏗᎦᎴᏲᏨᎯᏃ ᎾᎯᏳ ᎤᏲ ᏥᏄᎾᎵᏍᏓᏁᎴ, ᏨᏧᏓᎴᏅᎮ ᏍᏗᏫ, ᏈᏂᏏ ᎢᏴᏛ ᏭᏁᏙᎴᎢ, ᎠᎴ ᏌᏈ, ᎠᎴ ᎥᏘᎣᎩ, ᎠᏂᏧᏏᏉ ᎤᏅᏒ ᎧᏃᎮᏛ ᏓᏂᏃᎮᎮᎮᎢ.
20. ᎾᏍᎩᏃ ᎢᎦᏛ ᏌᏈ ᎠᎴ ᏌᎵᏂ ᎠᏁᎯ ᎨᏎᎢ, ᎾᏍᎩ ᎥᏘᎣᎩ ᏭᏂᎷᏨ ᏚᏂᏬᏁᏔᏁ ᎠᏂᎪᎢ, ᎠᏂᏃᎮᏍᎨ ᎣᏍᏛ ᎧᏃᎮᏛ ᎤᎬᏫᏳᎯ ᏥᏌ ᎤᎬᏩᎵ.
21. ᎤᎬᏫᏳᎯᏃ ᎤᏬᏰᏂ ᏔᎵ ᎤᏛᏗᏕᎨᎢ, ᎤᏂᏤᏖᏃ ᎤᏃᎯᏳᏁᎢ, ᎤᎬᏫᏳᎯᏃ ᎢᏗᏢ ᏭᎾᎦᏔᎲᏍᏔᏁᎢ.
22. ᏧᎾᏁᎶᏗᏃ ᎤᎾᏓᏡᎬ ᏥᎷᏏᎵᎻ ᎠᏁᎯ ᎾᏍᎩ ᎯᎠ ᎤᎾᏛᎦᏁᎢ, ᎤᏂᏅᏎᏃ ᏆᏂᏆ ᎥᏖᎣᎩ ᎢᏴᏛ ᏭᏪᏓᏍᏗᏱ.
23. ᎾᏍᎩ ᏭᎷᏨ ᎠᎴ ᎤᎪᎲ ᎤᏁᎳᏅᎯ ᎤᏓᏙᎵᏍᏗ ᎨᏒᎢ, ᎤᎵᎮᎵᏤᎢ, ᎠᎴ ᏚᏔᏲᏎᎴ ᏂᎦᏛ ᎤᎵᏂᎩᏛ ᎤᎾᏓᏅᏓᏗᏍᏗᏱ ᏧᏂᏂᏴᏗᏱ ᎤᎬᏫᏳᎯ.
24. ᎤᏓᏅᏘᏰᏃ ᎨᏎ ᎠᏍᎦᏯ, ᎠᎴ ᎤᎧᎵᏨᎯ ᎨᏎ ᎦᎸᏉᏗᏳ ᎠᏓᏅᏙ ᎠᎴ ᎪᎯᏳᏗ ᎨᏒᎢ. ᎤᏂᏣᏖᏃ ᏴᏫ ᎬᏩᏁᏉᏤᎴ ᎤᎬᏫᏳᎯ.
25. ᎿᎭᏉᏃ ᏆᏂᏆ ᏓᏌ ᏭᎶᏎ ᎤᏲᎸᏎ ᏐᎳ;
26. ᎤᏩᏛᎲᏃ ᎥᏖᎣᎩ ᎤᏘᏃᎴᎢ. ᎯᎠᏃ ᏄᎵᏍᏔᏁᎢ, ᎾᏍᎩ ᏑᏕᏘᏴᏛ ᎾᎿᎭᏧᎾᏁᎶᏗ ᎤᎾᏓᏡᎬ ᏓᏂᎳᏫᎨᎢ, ᎠᎴ ᎤᏂᏣᏖ ᏴᏫ ᏚᏁᏲᏁᎢ. ᎥᏖᎣᎩᏃ ᎢᎬᏱᏱ ᎠᏂᎦᎶᏁᏛ ᎨᎪᏎᎴ ᎠᏃᎯᏳᎲᏍᎩ.
27. ᎾᎯᏳᏃ ᏥᎷᏏᎵᎻ ᏅᏓᏳᏂᎶᏒᎯ ᎠᎾᏙᎴᎰᏍᎩ ᎤᏂᎷᏤ ᎥᏖᎣᎩ.
28. ᎠᏏᏴᏫᏃ ᎾᏍᎩ ᎡᎩᏩ ᏧᏙᎢᏛ ᏕᎤᎴᏁᎢ, ᎠᏓᏅᏙ ᎤᏩᏔᏁ ᎬᏂᎨᏒ ᏄᏩᏁᎴ ᎤᏣᏘ ᎤᎪᏄᎶᎯᏍᏗᏱ ᏂᎬᎾᏛᎢ; ᎾᏍᎩᏃ ᏄᎵᏍᏔᏅᎩ ᎾᎯᏳ ᎦᎶᏗ ᏏᏌ ᎤᎬᏫᏳᎯ ᏥᎨᏒᎩ.
29. ᎠᏃᎯᏳᎲᏍᎩᏃ ᎠᏂᏏᏴᏫᎭ ᏰᎵ ᎢᎬᏩᎾᏛᏁᏗ ᎨᏒ ᏚᏄᎪᏔᏁ ᎤᎾᏓᏅᏍᏗᏱ ᎤᎾᎵᏍᏕᎸᏙᏗ ᎠᎾᎵᏅᏟ ᏧᏗᏱ ᎠᏁᎯ.
30. ᎾᏍᎩᏃ ᏄᎾᏛᏁᎴᎢ, ᏫᏚᏂᏁᎴ ᏗᎨᎦᏁᎶᏗ ᏆᏂᏆ ᎠᎴ ᏐᎳ ᏚᎾᎨᏅᏕᎢ.

== Acts 12 ==
1. ᎾᎯᏳᏃ ᎡᎶᏛ ᎤᎬᏫᏳᎯ ᎤᎴᏅᎮ ᏚᏕᏯᏙᏔᏁ ᎢᎦᏛ ᏧᎾᏁᎶᏗ ᎤᎾᏓᏡᎬᎢ.
2. ᎠᏰᎳᏍᏗᏃ ᎦᏅᎯᏛ ᎤᏩᏔᏁ ᎤᎴ ᏥᎻ ᏣᏂ ᏗᎾᏓᏅᏟ.
3. ᎤᏙᎴᎰᏒᏃ ᎣᏏᏳ ᎠᏂᏰᎸᏍᎬ ᎠᏂᏧᏏ, ᏈᏓ ᎾᏍᏉ ᎤᏂᏴᎮᎢ. ᎾᎯᏳᏃ ᎾᎪᏔᏅᎾ ᎦᏚ ᎠᎩᏍᏗᏱ ᎨᏎᎢ.
4. ᎤᏂᏴᎲᏃ ᏗᏓᏍᏚᏗᏱ ᎤᏴᏔᏁᎢ, ᎠᎴ ᏚᏲᎯᏎᎴ ᏅᎩ ᎢᏗᏂᎢᏛ ᏅᎩ ᏄᎾᏓᏡᎬ ᎠᏂᏯᏫᏍᎩ ᎬᏩᎦᏘᏗᏍᎩ, ᎧᏃᎯᏰᎩ ᏗᎵᏍᏓᏴᏗᏱ ᎤᎶᏐᏅᎯ ᏴᏫ ᏧᎾᏄᎪᏫᏎᏗᏱ ᎤᏰᎸᏎᎢ.
5. ᏈᏓᏃ ᎠᏥᏍᏚᎮᎢ; ᎠᏎᏃ ᏧᎾᏁᎶᏗ ᎤᎾᏓᏡᎬ ᎤᎵᏂᎩᏗᏳ ᎤᎾᏓᏅᏖ ᎠᎾᏓᏙᎵᏍᏓᏁᎮ ᎤᏁᎳᏅᎯ ᎾᏍᎩ ᎠᏥᏍᏕᎸᏗᏱ.
6. ᎾᎯᏳᏃ ᎡᎶᏛ ᎤᎾᏄᎪᏫᏏᏗᏎᎢ, ᎾᎯᏳ ᏒᏃᏱ ᏈᏓ ᎦᎵᎮ ᎠᏰᎵ ᎠᏂᏔᎵ ᎠᏂᏯᏫᏍᎩ ᏓᏂᏅᎬᎢ, ᏔᎵ ᏧᏓᏕᏒᏛ ᏓᎦᎸᏍᏕᎢ, ᎠᏂᎦᏘᏯᏃ ᎦᎶᎯᏍᏗᏳᎶᏗ ᎠᏂᏂ ᎠᏂᏯᏫᏍᎨ ᏗᏓᏍᏚᏗᏱ.
7. ᎬᏂᏳᏉᏃ ᏗᎧᎿᎭᏩᏗᏙᎯ ᎤᎬᏫᏳᎯ ᎤᏤᎵ ᎤᎴᏂᎴ ᎦᏅᎬᎢ, ᎢᎦᏃ ᎤᏙᏤ ᏗᏓᏍᏚᏗᏱ; ᎤᏩᏂᎸᏃ ᏈᏓ ᎠᏍᏆᎨᏂ, ᏕᎤᎴᏔᏁᎢ, ᎯᎠ ᏄᏪᏎᎢ; ᏔᎴᎲᎦ ᏞᎩᏳ. ᏧᏓᏕᏒᏛᏃ ᏚᏙᎠᏎ ᏧᏬᏰᏂ.
8. ᏗᎧᎿᎭᏩᏗᏙᎯᏃ ᎯᎠ ᏄᏪᏎᎴᎢ; ᎭᏓᏠᎦ, ᎠᎴ ᏔᎳᏑᎸᎦ. ᎾᏍᎩᏃ ᏄᏛᏁᎴᎢ. ᎯᎠᏃ ᏄᏪᏎᎴᎢ; ᎭᏄᏬᏣ ᎠᎴ ᏍᎩᏍᏓᏩᏚᎦ.
9. ᎤᏄᎪᏨᏃ ᎤᏍᏓᏩᏛᏎᎢ; ᎠᎴ ᎥᏝ ᏯᎦᏔᎮ ᎤᏙᎯᏳᎯ ᎨᏒ ᏗᎧᎿᎭᏩᏗᏙᎯ ᏄᏛᏁᎸᎢ, ᎠᏆᏁᎳᏫᏎᏉ ᎡᎵᏍᎨᎢ.
10. ᎢᎬᏱᏱᏃ ᎠᎴ ᏔᎵᏁ, ᎠᏂᏯᏫᏍᎬ ᎤᏂᎶᏒ ᏭᏂᎷᏤ ᏔᎷᎩᏍᎩ ᏗᏍᏚᏛ ᏗᎦᏚᎲ ᏫᎦᎾᏄᎪᎢᏍᏗᏍᎬᎢ, ᎾᏍᎩ ᎤᏩᏒᏉ ᎤᎾᎵᏍᏚᎢᎡᎴᎢ. ᎤᏂᏄᎪᏨᏃ ᏌᏉ ᎦᎳᏅᏛ ᎤᏂᎶᏎᎢ, ᎩᎳᏉᏃ ᎢᏴᏛ ᏗᎧᎿᎭᏩᏗᏙᎯ ᎤᏓᏓᎴᏔᏁᎢ.
11. ᏈᏓᏃ ᎤᏓᏅᏘᏌᏅ ᎯᎠ ᏄᏪᏎᎢ; ᎿᎭᏉ ᎦᏙᎴᎣᎯ ᎤᏙᎯᏳᎯ ᎤᎬᏫᏳᎯ ᏧᏅᏒ ᎤᏤᎵ ᏗᎧᎿᎭᏩᏗᏙᎯ, ᎠᎴ ᎠᏇᏓᎴᏒ ᎡᎶᏛ ᏥᏓᎩᏂᏴᏒᎢ, ᎠᎴ ᏂᎦᎥ ᎤᏚᎩ ᏧᏅᏒ ᎠᏂᏧᏏ.
12. ᎤᏓᏅᏖᎸᏃ ᏭᎷᏤ ᏗᎦᏁᎸ ᎺᎵ, ᏣᏂ ᎹᎦ ᏧᏙᎢᏛ ᎤᏥ, ᎾᎿᎭᎤᏂᏣᏖ ᏓᏂᎳᏫᎡ ᎠᎾᏓᏙᎵᏍᏗᏍᎨᎢ.
13. ᏈᏗᏃ ᏭᏩᏂᎸ ᎠᏍᏚᎲ ᎦᎶᎯᏍᏗᏱ, ᎠᏛ ᎶᏗ ᏧᏙᎢᏛ ᏧᏛᏓᏍᏔᏅᏎᎢ;
14. ᎾᏍᎩᏃ ᎤᏬᎵᏨ ᏈᏓ ᎦᏬᏂᏍᎬᎢ ᎣᏒ ᎤᏰᎸᏒ ᏅᏓᎵᏍᏙᏔᏁ ᏄᏍᏚᎢᏒᎾᏉ ᎨᏎ ᎦᎶᎯᏍᏗᏱ, ᏚᏍᏆᎸᏔᏁᏉ ᏭᏴᎴᎢ ᎠᎴ ᏭᏃᏁ ᏈᏓ ᎦᏙᎬ ᎦᎶᎯᏍᏗᏳᎶᏗ.
15. ᎯᎠᏃ ᏂᎬᏩᏪᏎᎴᎢ, ᏣᎸᏃᏘᏉ. ᎠᏎᏃ ᎤᏍᏓᏱᏕᏉ ᎧᏁᎬᎢ, ᎤᏙᎯᏳᎯ ᎾᏍᎩ ᏄᏍᏗ, ᎤᏛᏁᎢ. ᎯᎠᏃ ᏄᏂᏪᏎᎢ; ᏓᎧᎿᎭᏩᏗᏙᎯᏉ.
16. ᎠᏎᏃ ᏈᏓ ᎠᏏᏉ ᏗᎬᏂᎮᎢ; ᎤᏂᏍᏚᎢᏒᏃ ᎬᏩᎪᎮᎢ ᎠᎴ ᎤᏂᏍᏆᏂᎪᏎᎢ.
17. ᎠᏎᏃ ᎤᏬᏰᏂ ᎤᏖᎸᏅ ᎡᎳᏪ ᎤᏅᏗᏱ, ᏚᏃᏁᎴ ᏄᎵᏍᏔᏅ ᎤᎬᏫᏳᎯ ᎤᏄᎪᏫᏒ ᏗᏓᏍᏚᏗᏱ. ᎠᎴ ᎯᎠ ᏄᏪᏎᎢ; ᎯᎠ ᎾᏍᎩ ᏫᏗᏥᏃᎲᏏ ᏥᎻ ᎠᎴ ᏦᏣᏓᏅᏟ. ᎤᏄᎪᏤᏃ ᎢᎸᎯᏢ ᏭᎶᏎᎢ.
18. ᎢᎦᏃ ᏄᎵᏍᏔᏅ ᎥᏝ ᎤᏍᏗᏉ ᏳᎾᏕᏯᏔᏁᎴ ᎠᏂᏯᏫᏍᎩ ᎾᏍᎩ ᏈᏓ ᏫᏄᏛᏁᏔᏅᎢ.
19. ᎡᎶᏛᏃ ᎤᏲᎸ ᎠᎴ ᎤᏠᏨ ᏚᎪᎵᏰᎡ ᎬᏩᎦᏘᏛᎯ ᎠᎴ ᎤᏁᏤ ᏧᏂᏲᎱᎯᏍᏗᏱ. ᏧᏗᏱᏃ ᎤᏓᏅᏒ, ᏏᏌᎵᏱ ᏭᏕᏁᎢ.
20. ᎡᎶᏛᏃ ᏚᏔᎳᏬᎯᏎᎴ ᏓᏯ ᎠᎴ ᏌᏙᏂ ᎠᏁᎯ; ᎠᏎᏃ ᏌᏉ ᎢᎦᎦᏛ ᎬᏩᎷᏤᎴᎢ, ᎤᎾᎵᎢᏛᏃ ᏆᎳᏍᏓ ᎤᎬᏫᏳᎯ ᎤᏂᏏᏗᏱ ᎠᏥᎦᏘᏗᏍᏗ, ᏙᎯᏱ ᎢᏳᏅᏁᏗᏱ ᎤᏂᏔᏲᏎᎴᎢ; ᎤᎾᏤᎵᎪᎯᏰᏃ ᎤᎵᏍᏕᎸᏙᏕ ᎤᎬᏫᏳᎯ ᎤᏤᎵᎪᎯ.
21. ᏓᏒᏍᏛᏃ ᎤᏍᏆᎸᎲ ᎡᎶᏛ ᎤᏄᏬᎥ ᎤᏂᎬᏫᏳᎯ ᎤᎾᏄᏬᏍᏗ, ᎤᏪᏁ ᎢᏅ ᎢᎦᏘ ᎦᏍᎩᎸᎢ, ᎠᎴ ᏚᎵᏥᏙᏁᎴᎢ.
22. ᏴᏫᏃ ᎤᏁᎳᏁᎢ, ᎯᎠ ᏄᏂᏪᏎᎢ; ᎦᎸᎳᏗ ᎡᎯ ᎧᏁᎦ, ᎥᏝᏃ ᏴᏫ.
23. ᎩᎳᏉᏃ ᎢᏴᏛ ᏗᎧᎿᎭᏩᏗᏙᎯ ᎤᎬᏫᏳᎯ ᎤᏤᎵ ᎤᏩᏂᎴᎢ, ᏅᏧᎵᏍᏙᏔᏁ ᎤᏁᎳᏅᎯ ᏄᎸᏉᏔᏅᎾ ᎨᏒᎢ. ᏥᏍᎪᏴᏃ ᎬᏩᏯᎥ ᎤᏲᎱᏎᎢ.
24. ᎧᏃᎮᏛᏍᎩᏂ ᎤᏁᎳᏅᎯ ᎤᏤᎵ ᎠᏛᏃᏍᎨᎢ ᎠᎴ ᎧᏁᏉᎨᎢ.
25. ᏆᏂᏉᏃ ᎠᎴ ᏐᎳ ᏭᏂᏍᏆᏛ ᎨᏥᏁᏤᎸᎢ, ᎤᏂᎷᏤ ᏥᎷᏏᎵᎻ ᏗᎤᏂᎶᏎᎢ, ᎤᎾᏘᏃᎴᏃ ᏣᏂ ᎹᎦ ᏧᏙᎢᏛ.

== Acts 13 ==
1. ᏧᎾᏁᎶᏗᏃ ᎥᏘᎣᎩ ᏧᎾᏓᏡᎬ ᎠᏁᎲᎩ ᎩᎶ ᎢᏳᎾᏍᏗ ᎠᎾᏙᎴᎰᏍᎩ ᎠᎴ ᏗᎾᏕᏲᎲᏍᎩ, ᎾᏍᎩ ᏆᏂᏆ, ᎠᎴ ᏏᎻᏂ ᎾᎦ ᏧᏙᎢᏛ, ᎠᎴ ᎷᏏᏯ ᏌᎵᏂ ᎡᎯ, ᎠᎴ ᎹᏁᏂ ᎾᏍᎩ ᎢᏧᎳᎭ ᏧᎾᏛᏒᎯ ᎡᎶᏛ ᏅᎩ ᎢᎦᏚᎩ ᎨᏒ ᏍᎦᏚᎩ ᎠᏥᎦᏘᏗᏍᏗ, ᎠᎴ ᏐᎳ.
2. ᎠᎾᏓᏙᎵᏍᏓᏁᎲᏃ ᎤᎬᏫᏳᎯ ᎠᎴ ᎠᎹᏟ ᎠᏅᏍᎬᎢ, ᎦᎸᏉᏗᏳ ᎠᏓᏅᏙ ᎯᎠ ᏄᏪᏎᎢ; ᏗᏍᎩᏯᏓᏓᎴᏓᏏ ᏆᏂᏆ ᎠᎴ ᏐᎳ ᏧᏂᎸᏫᏍᏓᏁᏗᏱ ᎦᏥᏯᏑᏰᏒ ᎤᎬᏩᎵ.
3. ᎿᎭᏉᏃ ᎠᎹᏟ ᎤᏅᏅ ᎠᎴ ᎤᎾᏓᏙᎵᏍᏔᏅ ᎠᎴ ᏚᎾᏏᏔᏛ, ᏚᏂᏅᏎᎢ.
4. ᎾᏍᎩᏃ ᎦᎸᏉᏗᏳ ᎠᏓᏅᏙ ᎤᏂᏅᏒ, ᏏᎷᏏᏱ ᏭᏂᎶᏎᎢ, ᎾᎿᎭᏃ ᏫᎤᏁᏅ ᏥᏳᎯ ᏫᎤᎾᏣᏁ ᏌᏈ ᏫᎤᏂᎷᏤᎢ.
5. ᏌᎳᎻᏃ ᎠᏁᏙᎲᎢ ᎤᏂᏃᎮᎴ ᎠᏂᏧᏏ ᏧᏂᎳᏫᎢᏍᏗᏱ ᎧᏃᎮᏛ ᎤᏁᎳᏅᎯ ᎤᏤᎵᎦ, ᎠᎾᏘᏁᎮᏃ ᎾᏍᏉ ᏣᏂ ᎤᏂᏍᏕᎸᎯᏙᎯ.
6. ᎤᏂᎶᏐᏅᏃ ᏂᎬᎾᏛ ᎠᎹᏰᎵ ᎨᏒᎢ ᎨᏆ ᎢᏴᏛ, ᎾᎿᎭᎤᏂᏩᏛᎮ ᎩᎶ ᎢᏳᏍᏗ ᎠᏧᏏ ᏆᏥᏌ ᏧᏙᎢᏛ, ᎠᏙᏂᏍᎩ, ᎤᏠᎾᏍᏗ ᎠᏙᎴᎰᏍᎩ,
7. ᎾᏍᎩ ᎠᏁᏙᎮ ᎾᎿᎭᎦᏓ ᎠᎲ ᎠᏥᎦᏘᏗᏍᏗ ᏌᏥᏯ ᏉᎳ ᏧᏙᎢᏛ ᎠᎦᏔᎿᎭᎢ ᎠᏍᎦᏯ, ᎾᏍᎩ ᏫᏚᏯᏅᎮ ᏆᏂᏆ ᎠᎴ ᏐᎳ ᎤᏔᏲᎴ ᎤᏛᎪᏗᏱ ᎧᏃᎮᏛ ᎤᏁᎳᏅᎯ ᎤᏤᎵᎦ.
8. ᎠᏎᏃ ᎡᎵᏑ ᎠᏙᏂᏍᎩ, ᎾᏍᎩᏰᏃ ᏄᏍᏗ ᏕᎤᏙᎥ ᎠᏁᏢᏔᏅᎯ, ᎤᏂᎭᎷᎩᏍᎨᎢ, ᎤᏚᎵᏍᎨ ᎠᏥᎦᏘᏗᏍᏗ ᎤᎦᏔᎲᎡᏗᏱ ᎤᏬᎯᏳᏒᎢ.
9. ᏐᎳᏃ ᎾᏍᎩ ᎾᏍᏉ ᏉᎳ ᏥᏚᏙᎥ, ᎦᎸᏉᏗᏳ ᎠᏓᏅᏙ ᎤᎧᎵᏨᎯ ᎨᏎ ᎾᏍᎩ ᎤᏯᏅᏒᎯ ᏚᎧᎿᎭᏁᎢ,
10. ᎯᎠ ᏄᏪᏎᎢ; ᎦᎶᏄᎮᏛ ᎠᎴ ᎤᏁᎫᏥᏛ ᏣᎧᎵᏨᎯ, ᎠᏍᎩᎾ ᎤᏪᏥ, ᎭᏡᏗᏍᎩ ᏂᎦᎥ ᏚᏳᎪᏛ ᎨᏒᎢ, ᏝᏍᎪ ᏴᏘᏑᎵᎪᏥ ᎤᏣᏘᏂ ᏂᏕᎲᏁᎲ ᏚᏳᎪᏛ ᏅᏃᎯ ᎤᏁᎳᏅᎯ ᏧᏤᎵᎦ?
11. Ꭷ ᎬᏂᏳᏉ ᎤᎬᏫᏳᎯ ᏣᏏᏔᏓ, ᎠᎴ ᏙᏘᎨᏩᏥ ᎥᏝ ᏱᎪᏩᏘᏍᎨᏍᏗ ᏅᏙ ᎢᎸᏍᎩ ᎢᎪᎯᏛ. ᎩᎳᏉᏃ ᎢᏴᏛ ᎤᎵᏏᎩ ᎤᏭᏢᏁᎢ, ᎠᎴ ᎡᏙᎮ ᏚᏲᎮ ᎩᎶ ᎬᏬᏱᏂᏙᎯ.
12. ᎿᎭᏉᏃ ᎠᏥᎦᏘᏗᏍᏗ ᎤᎪᎲ ᎾᏍᎩ ᏄᎵᏍᏔᏅᎢ, ᎤᏬᎯᏳᏁᎢ, ᎠᏍᏆᏂᎪᏍᎨ ᏄᏍᏛ ᏓᎾᏕᏲᎲᏍᎬ ᎤᎬᏫᏳᎯ ᎤᏤᎵᎦ.
13. ᎿᎭᏉᏃ ᏉᎳ ᎠᎴ ᎾᏍᎩ ᎠᏁᎯ ᎨᏆ ᏫᎤᎾᏣᏅ ᏭᏂᎷᏤ ᏆᎩ ᎦᏚᎲ ᏆᎻᏈᎵᏱ. ᏣᏂᏃ ᎤᎾᏓᏓᎴᏓᏁᎸ ᏥᎷᏏᎵᎻ ᏫᎤᎶᏎᎢ.
14. ᎾᏍᎩᏃ ᏆᎩ ᏫᎤᎾᏂᎩᏒ ᏭᏂᎷᏤ ᎥᏘᎣᎩ ᎦᏚᎲ ᏆᏏᏗᏱ; ᎤᎾᏙᏓᏆᏍᎬᏃ ᎢᎦ ᏗᎦᎳᏫᎢᏍᏗᏱ ᏭᏂᏴᎸ ᎤᎾᏅᏁᎢ.
15. ᏚᏂᎪᎵᏰᎥᏃ ᏗᎧᎿᎭᏩᏛᏍᏗ ᎠᎴ ᎠᎾᏙᎴᎰᏍᎩ, ᏗᎦᎳᏫᎢᏍᏗᏱ ᎨᏥᎦᏘᏗᏍᏗ ᎤᎾᏓᏅᏎ ᎯᎠ ᏫᏂᏚᏂᏪᏎᎴᎢ; ᎢᏥᏍᎦᏯ ᎢᏓᏓᏅᏟ, ᎢᏳᏃ ᏗᎨᏥᏬᏁᏙᏗ ᎨᏎᏍᏗ ᏴᏫ, ᎢᏥᏁᎩ.
16. ᏉᎳᏃ ᏚᎴᏅ, ᎤᏬᏰᏂᏃ ᎤᏖᎸᏅ, ᎯᎠ ᏄᏪᏎᎢ; ᎢᏥᏍᎦᏯ ᎢᏏᎵ ᏧᏪᏥ ᎠᎴ ᎤᏁᎳᏅᎯ ᎢᏥᎾᏰᏍᎩ, ᎢᏣᏛᏓᏍᏓ.
17. ᎤᏁᎳᏅᎯ ᎯᎠ ᏴᏫ ᎢᏏᎵ ᎤᎾᏤᎵᎦ ᏚᏑᏰᏎ ᏗᎩᎦᏴᎵᎨᎢ, ᎠᎴ ᏚᏌᎳᏓᏁ ᎯᎠ ᏴᏫ ᎠᏁᏙᎯᏉ ᏥᎨᏎ ᎢᏥᏈᏱ, ᎠᎴ ᎧᏃᎨᏂ ᎤᏌᎳᏛ ᎤᏩᏔᏁ ᎾᎿᎭᏙᏧᏄᎪᏫᏎᎢ.
18. ᏅᎦᏍᎪᎯᏃ ᏧᏕᏘᏴᏛ ᎢᎪᎯᏛ ᎤᏁᎳᎩ ᎤᏪᎵᏎ ᏄᎾᏛᏁᎵᏙᎸ ᎢᎾᎨᎢ.
19. ᏚᏒᏅᏃ ᎦᎵᏉᎩ ᎢᏳᎾᏓᎴᎩ ᏴᏫ ᎨᎾᏂ ᎠᏁᎯ, ᎾᏍᎩ ᎤᎾᏤᎵ ᎦᏙᎯ ᏚᏯᏙᎮᎴ ᏓᎾᏎᏍᎬᎢ.
20. ᎣᏂᏃ ᏚᏪᎧᏁᎴ ᏗᏄᎪᏗᏍᎩ ᏅᎩᏧᏈ ᎯᏍᎩᏍᎪᎯ ᏧᏕᏘᏴᏛ ᎢᏴᏛ ᎢᎪᎯᏛ, ᏌᎻ ᎠᏙᎴᎰᏍᎩ ᏤᎮ ᎢᏯᏍᏘ.
21. ᎿᎭᏉᏃ ᎤᏂᏔᏲᎴ ᎤᎬᏫᏳᎯ; ᎤᏁᎳᏅᎯᏃ ᏚᏪᎧᏁᎴ ᏐᎳ ᎩᏌ ᎤᏪᏥ ᏇᏂ ᏧᏴᏫ, ᏅᎦᏍᎪᎯ ᏧᏕᏘᏴᏛ ᎢᎪᎯᏛ.
22. ᎾᏍᎩᏃ ᎤᏪᎧᎲᏒ, ᏚᎾᏄᎪᏫᏎᎴ ᏕᏫ ᎤᎾᏤᎵ ᎤᎬᏫᏳᎯ ᎢᏳᎵᏍᏙᏗᏱ; ᎾᏍᎩ ᎾᏍᏉ ᏧᏁᎢᏍᏔᏁ ᎯᎠ ᏥᏄᏪᏎᎢ; ᏥᏩᏛᎲ ᏕᏫ ᏤᏏ ᎤᏪᏥ, ᎠᏍᎦᏯ ᎣᏍᏛ ᏥᏰᎸᎢ, ᎾᏍᎩ ᏅᏛᏛᏁᎵ ᏂᎦᎥ ᎦᏓᏅᏖᏍᎬᎢ.
23. ᎾᏍᎩ ᎤᏁᏢᏔᏅᏛ ᎨᏒ ᎤᏁᎳᏅᎯ ᎾᏍᎩᏯ ᎤᏚᎢᏍᏛᎢ ᏚᎾᏄᎪᏫᏎᎸ ᎢᏏᎵ ᎤᏂᏍᏕᎵᏍᎩ, ᎾᏍᎩ ᏥᏌ;
24. ᎠᏏᏉᏃ ᏂᎦᎷᎬᎾ ᏥᎨᏎᎢ, ᏣᏂ ᏧᎵᏥᏙᏁᎸᎯ ᎨᏎ ᎾᏂᎥ ᏴᏫ ᎢᏏᎵ, ᏧᏃᎮᎮᎸᎯ ᎨᏎ ᏗᏓᏬᏍᏗ ᎨᏒ ᎦᏁᏟᏴᏍᏗ ᎣᏓᏅᏛ ᎤᎬᏩᎵ.
25. ᏣᏂᏃ ᎿᎭᏉ ᎠᎧᎵᎢᎮ ᏧᎸᏫᏍᏓᏁᏗ ᎨᏒᎢ, ᎯᎠ ᏄᏪᏎᎢ; ᎦᎪ ᏍᎩᏰᎵᏎᎭ? ᎥᏝ ᎠᏴ ᎾᏍᎩ ᏱᎩ, ᎠᏎᏃ ᎬᏂᏳᏉ ᎣᏂ ᏓᏯᎢ ᎾᏍᎩ ᏚᎳᏑᎸ ᎥᏝ ᎠᏴ ᏰᎵ ᏗᎬᎩᎧᏁᏴᏗ ᏱᎩ.
26. ᎢᏥᏍᎦᏯ ᎢᏓᏓᏅᏟ, ᎡᏆᎭᎻ ᏅᏓᏳᏁᏢᏔᏅᏛ, ᎠᎴ ᎩᎶ ᎢᏣᏓᏑᏰᏍᏗ ᎡᏥᎾᏰᏍᎩ ᎤᏁᎳᏅᎯ, ᏂᎯ ᎢᏣᏛᎪᏗ ᎡᏥᏰᎸᎾᏁᎸ ᎧᏃᎮᏛ ᎾᏍᎩ ᎯᎠ ᎠᎵᏍᏕᎸᏙᏗ ᎨᏒ ᎧᏃᎮᏍᎩ.
27. ᏥᎷᏏᎵᎻᏰᏃ ᎠᏁᎯ, ᎠᎴ ᏧᎾᏤᎵ ᎤᏂᎬᏫᏳᏌᏕᎩ, ᎾᏍᎩ ᏂᎬᏩᎦᏔᎲᎾ ᎨᏒ ᎢᏳᏍᏗ ᎠᎴ ᎾᏍᏉ ᎾᏂᎦᏔᎲᎾ ᎨᏒ ᎢᏳᏍᏗ ᎠᏂᏁᎬ ᎠᎾᏙᎴᎰᏍᎩ ᏄᎾᏙᏓᏈᏒ ᏥᏓᏂᎪᎵᏰᎠ, ᎾᏍᎩ ᏚᏃᎯᏳᏔᏅ ᏥᏚᏄᎪᏓᏁᎴᎢ.
28. ᏄᏂᏩᏛᎲᎾᏃ ᎨᏎ ᏰᎵ ᎬᏩᏲᎱᎯᏍᏗ ᎨᏒᎢ, ᎠᏎᏃ ᎤᏂᏔᏲᏎᎴ ᏆᎴᏗ ᎾᏍᎩ ᎠᏥᎢᏍᏗᏱ.
29. ᎤᏂᏍᏆᏛᏃ ᏂᎦᎥ ᎪᏪᎸ ᎾᏍᎩ ᎠᏥᏃᎮᏍᎬᎢ, ᎤᎾᏕᏎ ᎠᏓ ᎨᏛᎢ, ᎠᎴ ᎠᏤᎵᏍᏛ ᎤᏂᏅᏁᎢ.
30. ᎠᏎᏃ ᎤᏁᎳᏅᎯ ᏚᎴᏔᏁ ᎤᏲᎱᏒᎢ.
31. ᎠᎴ ᎤᏬᎯᏤ ᎬᏩᎪᏩᏘᏍᎨ ᎨᎵᎵ ᎾᏍᎩ ᏅᏓᎬᏩᏍᏓᏩᏛᏛ ᎢᏧᎳᎭ ᏥᎷᏏᎵᎻ ᎤᏂᎷᏨᎯ; ᎾᏍᎩ ᏧᏤᎵ ᎬᏩᏃᎮᏍᎩ ᏴᏫ ᎠᏂᎦᏔᎲᎢ.
32. ᎠᏎᏃ ᏂᎯ ᎢᏨᏃᎮᎮᎭ ᎣᏍᏛ ᎧᏃᎮᏛ ᎾᏍᎩ ᏥᎨᏥᏚᎢᏍᏓᏁᎴ ᏗᎩᎦᏴᎵᎨᎢ,
33. ᎾᏍᎩ ᎤᏁᎳᏅᎯ ᎤᏙᎯᏳᎯ ᏂᎬᏁᎸ ᎠᏴ ᎾᏍᎩ ᏧᏁᏥ, ᎾᏍᎩ ᏥᏌ ᏕᎤᎴᏔᏅᎢ; ᎾᏍᎩᏯ ᎾᏍᏉ ᎯᎠ ᏥᏂᎬᏅ ᏥᎪᏪᎳ ᏗᎧᏃᎩᏍᏗᏱ ᏔᎵᏁᎢ; “ᎠᏇᏥ ᏂᎯ, ᎪᎯ ᎢᎦ ᏍᏆᏕᏁᎸ.”
34. ᎾᏃ ᏕᎤᎴᏔᏅᎢ ᎤᏲᎱᏒᎢ ᎿᎭᏉ ᎤᎪᎯᏍᏗ ᏂᎨᏒᎾ ᎨᏒᎢ, ᎯᎠ ᏂᎤᏪᏎᎢ; “ᏓᏨᏁᎵ ᎤᏲᎢᏍᏗ ᏂᎨᏒᎾ ᎣᏍᏛ ᎢᏳᎵᏍᏓᏁᏗ ᏕᏫ.”
35. ᎾᏍᎩ ᎢᏳᏍᏗ ᎾᏍᏉ ᎯᎠ ᏂᎦᏪᎠ ᏅᏩᏓᎴ ᎪᏪᎸᎢ; “ᎾᏍᎦᏅᎾ ᏣᏤᎵ ᎥᏝ ᎤᏁᎳᎩ ᏭᎪᎯ ᎦᎯᏰᎵᏎᏗ ᏱᎩ.”
36. ᏕᏫᏰᏃ ᎪᎱᏍᏗ ᏚᏛᏁᎸ ᎾᎯᏳ ᎤᎾᏕᏅᎯ ᎤᏁᎳᏅᎯ ᎠᏓᏅᏖᏍᎬ ᎾᏍᎩᏯᎢ, ᎤᎸᏁᎢ, ᎠᎴ ᏧᎦᏴᎵᎨ ᏓᏂᎾᎥ ᎠᏥᏅᏁᎢ, ᎠᎴ ᎤᎪᏎᎢ.
37. ᎾᏍᎩᏂ ᎤᏁᎳᏅᎯ ᏧᎴᏔᏅᎯ ᎨᏒ ᎥᏝ ᏳᎪᏎᎢ.
38. ᎾᏍᎩ ᎢᏳᏍᏗ ᎢᏣᏅᏖᏍᏗ ᎢᏥᏍᎦᏯ ᏗᏓᏓᏅᏟ, ᎾᏍᎩ ᎯᎠ [ᎠᏍᎦᏯ] ᎢᏳᏩᏂᏌᏛ ᎡᏥᏃᏁᎭ ᎦᏰᏥᏙᎵᏍᏗ ᎨᏒ ᎢᏥᏍᎦᏅᏨᎢ.
39. ᎠᎴ ᎾᏍᎩ ᏅᏗᎦᎵᏍᏙᏗᎭ ᏂᎦᏛ ᎠᏃᎯᏳᎲᏍᎩ ᎠᎾᏚᏓᎴᎭ ᏂᎦᎥ ᏧᏓᎴᏅᏛ, ᎾᏍᎩ ᎨᏣᏚᏓᎳᎡᏗ ᏂᎨᏒᎾ ᏥᎨᏒ ᎼᏏ ᎤᏤᎵ ᏗᎧᎿᎭᏩᏛᏍᏗ ᏕᏥᎧᎿᎭᏩᏗᏒ ᎢᏳᏍᏗ.
40. ᎾᏍᎩ ᎢᏳᏍᏗ ᎢᏤᏯᏔᎮᏍᏗ ᏞᏍᏗ ᎢᏥᎷᏤᎸᎩ ᎯᎠ ᏥᎾᏂᏪ ᎠᎾᏙᎴᎰᏍᎩ;
41. “ᏗᏣᎧᏅᎦ, ᎢᏥᏂᏆᏘᎯ, ᎠᎴ ᎢᏥᏍᏆᏂᎪᎯ ᎠᎴ ᎢᏣᏗᏒᏅ; ᎠᏴᏰᏃ ᎪᎯ ᎢᏤᎲ ᏓᎩᎸᏫᏍᏓᏁ ᏗᎦᎸᏫᏍᏓᏁᏗ, ᎾᏍᎩ ᏗᎦᎸᏫᏍᏓᏁᏗ ᎥᏝ ᏴᎨᏦᎯᏳᎲᎦ ᎾᏍᏉ ᎠᏎ ᎩᎶ ᏱᏥᏁᎮᎮᎸ.”
42. ᎠᏂᏧᏏᏃ ᎤᏂᏄᎪᏨ ᏗᎦᎳᏫᎢᏍᏗᏱ, ᏧᎾᏓᎴᏅᏛ ᏴᏫ ᎤᏂᏔᏲᎴ ᎾᏍᎩ ᎯᎠ ᎨᏥᏃᎮᎮᏗᏱ ᏔᎵᏁ ᎤᎾᏙᏓᏆᏍᎬᎢ.
43. ᏓᏂᎳᏫᎥᏃ ᏚᏂᏰᎵᏒ ᎤᏂᏣᏖ ᎠᏂᏧᏏ ᎠᎴ ᎤᏁᎳᏅᎯ ᎠᎾᏓᏙᎵᏍᏓᏁᎯ ᎠᏂᏧᏏ ᏧᎾᎵᎪᏁᎸᎯ ᏚᏂᏍᏓᏩᏛᏎ ᏉᎳ ᎠᎴ ᏆᏂᏆ, ᎾᏍᎩᏃ ᏚᏂᏬᏁᏔᏁ ᏚᏂᏔᏲᏎᎴ ᏧᏂᏲᎯᏍᏗᏱ ᏂᎨᏒᎾ ᎤᏁᎳᏅᎯ ᎤᏓᏙᎵᏍᏗ ᎨᏒᎢ.
44. ᏔᎵᏁᏃ ᏫᎤᎾᏙᏓᏋ ᎠᎴᏉ ᏂᎦᏛ ᎦᏚᎲ ᏂᏚᏂᏔᏫᏤ ᎤᎾᏛᏓᏍᏔᏂᎴ ᎧᏃᎮᏛ ᎤᏁᎳᏅᎯ ᎤᏤᎵᎦ.
45. ᎠᏎᏃ ᎠᏂᏧᏏ, ᎤᏂᏣᏘ ᏚᏂᎪᎲ, ᎤᏂᎧᎵᏤ ᎠᏛᏳᎨᏗ ᎨᏒᎢ, ᎠᎴ ᎠᏂᏬᏂᏍᎬ ᎠᎾᏡᏗᏍᎨ ᏉᎳ ᏂᎦᏪᏍᎬ ᎦᏬᏂᏍᎬᎢ, ᎤᏂᎪᏁᎶᏍᎨᎢ ᎠᎴ ᎠᏂᏐᏢᎢᏍᏗᏍᎨᎢ.
46. ᎾᏉᏃ ᏉᎳ ᎠᎴ ᏆᏂᏆ ᎧᏁᏉᎨ ᎾᏂᏍᎦᎢᎲᎾ ᎨᏒᎢ, ᎯᎠ ᏄᏂᏪᏎᎢ; ᏂᎯ ᎢᎬᏱ ᎠᏎ ᎡᏥᏃᎮᎮᏗ ᎨᏒᎩ ᎤᏁᎳᏅᎯ ᎤᏤᎵ ᎧᏃᎮᏛ; ᎠᏎᏃ ᎢᏢᏉ ᏥᏂᏨᏁᎭ ᎠᎴ ᎢᏨᏒ ᎢᏣᏓᏅᏖᏍᎬ ᏰᎵ ᎦᏰᏥᏁᏗ ᏂᎨᏒᎾ ᏥᏥᏰᎸ ᎬᏂᏛ, ᎬᏂᏳᏉ ᏧᎾᏓᎴᏅᏛ ᏴᏫ ᏗᏁᎲ ᏬᏍᏓᎦᏔᎲᏍᏓ.
47. ᎾᏍᎩᏰᏃ ᏄᏍᏗ ᎤᎬᏫᏳᎯ ᎣᎩᏂᏁᏤᎸ, [ᎯᎠ ᏂᎦᏪᎭ;] “ᎬᏯᎧᏅ ᎢᎦ ᏔᏘᏍᏓᏁᏗᏱ ᏧᎾᏓᎴᏅᏛ ᏴᏫ, ᎤᎵᏍᏕᎸᏙᏗ ᎢᏣᎵᏍᏙᏗᏱ ᎡᎶᎯ ᏂᎬᎾᏛᎢ.”
48. ᏧᎾᏓᎴᏅᏛᏃ ᏴᏫ ᎾᏍᎩ ᎤᎾᏛᎦᏅ ᎤᎾᎵᎮᎵᏤᎢ, ᎠᎴ ᎤᏂᎸᏉᏔᏁ ᎤᎬᏫᏳᎯ ᎤᏤᎵ ᎧᏃᎮᏛ, ᎠᎴ ᎤᏃᎯᏳᏁ ᎾᏂᎥ ᎬᏂᏛ ᎤᏂᏩᏛᏗ ᎢᎨᎬᏁᎸᎯ.
49. ᎤᎬᏫᏳᎯᏃ ᎤᏤᎵ ᎧᏃᎮᏛ ᏚᏰᎵᏎ ᎾᎿᎭᏂᎬᎾᏛᎢ.
50. ᎠᏎᏃ ᎠᏂᏧᏏ ᏚᏂᏖᎸᏁ ᎨᏥᎸᏉᏗ ᎠᏂᎨᏴ ᎤᏁᎳᏅᎯ ᎠᎾᏓᏙᎵᏍᏓᏁᎯ, ᎠᎴ ᎾᎿᎭᎦᏚᎲ ᏗᎨᎦᏁᎶᏗ ᎠᏂᏍᎦᏯ, ᎠᎴ ᎾᏍᎩ ᏄᏅᏂᏌᏁ ᎦᎨᏥᏐᏢᏙᏗᏱ ᏉᎳ ᎠᎴ ᏆᏂᏆ, ᎠᎴ ᏚᏂᎨᎯᏙᎴ ᎤᎾᏤᎵᎪᎯ ᎨᏒᎢ.
51. ᎠᏎᏃ ᏚᏂᏅᎪᎥᏓᏁᎴᏉ ᎪᏍᏚ ᏧᎾᎳᏏᏕᏂ ᎤᏓᏅᎵᏰᎥᎢ, ᎢᎪᏂᏯᏃ ᏭᏂᎷᏤᎢ.
52. ᎠᏃᎯᏳᎲᏍᎩᏃ ᎤᏂᎧᎵᏨᎯ ᎨᏎ ᎠᎾᎵᎮᎵᎬᎢ ᎠᎴ ᎦᎸᏉᏗᏳ ᎠᏓᏅᏙ.

== Acts 14 ==
1. ᎯᎠᏃ ᏄᎵᏍᏔᏁ ᎢᎪᏂᏯ, ᎾᏍᎩ ᎢᏧᎳᎭ ᏭᏂᏴᎴ ᎠᏂᏧᏏ ᏧᏂᎳᏫᎢᏍᏗᏱ, ᎠᎴ ᏄᏍᏛ ᎠᏂᏬᏂᏍᎬ ᏅᏧᎵᏍᏙᏔᏁ ᎤᏂᏣᏘ ᎠᏂᏧᏏ ᎠᎴ ᎾᏍᏉ ᎠᏂᎪᎢ ᎤᏃᎯᏳᏁᎢ.
2. ᎠᏎᏃ ᏄᏃᎯᏳᏒᎾ ᎠᏂᏧᏏ ᏚᏂᏖᎸᏁ ᏧᎾᏓᎴᏅᏛ ᏴᏫ ᏚᎾᏓᏅᏛᎢ, ᎾᏍᎩᏃ ᏄᏅᏂᏌᏁ ᏗᏂᏍᎦᎩ ᏄᎵᏍᏔᏁ ᎠᎾᎵᏅᏟ.
3. ᎤᏬᎯᏤᏃ ᎾᎿᎭᎤᏁᏙᎴᎢ, ᎾᏂᏍᎦᎢᎲᎾ ᎠᏂᏬᏂᏍᎨ ᏅᏗᎦᎵᏍᏙᏗᏍᎨ ᎤᎾᎵᏍᎦᏍᏙᏛ ᎤᎬᏫᏳᎯ, ᎾᏍᎩ ᎠᏍᏓᏱᏗᏍᎨ ᎧᏃᎮᏛ ᎤᏩᏒ ᎤᏓᏙᎵᏣᏛ ᎧᏃᎮᏍᎩ, ᏓᏁᎮ ᏧᏃᏰᏂ ᏧᏅᏙᏗᏱ ᎤᏰᎸᏛ ᎠᎴ ᎤᏍᏆᏂᎪᏗ ᏧᏂᎸᏫᏍᏓᏁᏗᏱ.
4. ᎤᏂᏣᏘᏃ ᎾᎿᎭᎦᏚᎲ ᎠᏁᎯ ᏔᎵ ᏄᎾᏓᏕᎢ; ᎢᎦᏛ ᎠᏂᏧᏏ ᏚᎾᎵᎪᏁᎴᎢ, ᎢᎦᏛᏃ ᎨᏥᏅᏏᏛ.
5. ᏧᎾᏓᎴᏅᏛᏃ ᏴᏫ ᎠᎴ ᎠᏂᏧᏏ ᎠᎴ ᏗᎨᎦᏁᎶᏗ ᎠᎾᏁᎷᎩᏍᎨ ᏗᎬᏩᏂᏐᏢᏙᏗᏱ ᎠᎴ ᏅᏯ ᏧᏅᏂᏍᏙᏗᏱ,
6. ᎾᏍᎩ ᎤᎾᏛᎦᏁᎢ, ᎠᎴ ᏚᎾᎵᏘᏎᎢ, ᎵᏍᏗ ᎠᎴ ᏓᏈ ᎵᎨᎣᏂᏯ ᏕᎦᏚᎲ ᏭᏂᎶᏎᎢ, ᎠᎴ ᎾᎿᎭᎬᏩᏚᏫᏛ ᎨᏒᎢ.
7. ᎾᎿᎭᏃ ᎠᏁᏙᎮ ᎠᎾᎵᏥᏙᎲᏍᎨ ᎣᏍᏛ ᎧᏃᎮᏛ.
8. ᎩᎶᏃ ᎢᏳᏍᏗ ᎠᏍᎦᏯ ᎤᏬᎴ ᎵᏍᏗ ᎠᏲᎤᎵ ᏧᎳᏏᏕᏂ, ᎾᏲᎤᎴ ᎤᏕᏅ, ᎢᎸᎯᏳ ᎤᏪᏙᎸᎯ ᏂᎨᏒᎾ.
9. ᎾᏍᎩ ᎤᏛᎦᏁ ᎦᏬᏂᏍᎬ ᏉᎳ, ᎾᏍᎩ ᎤᏯᏅᏒᎯ ᏚᎧᎿᎭᏅ ᎠᎴ ᎤᏙᎴᎰᏒ ᎤᎲ ᎪᎯᏳᏗ ᎨᏒ ᎠᏅᏬᏗ,
10. ᎯᎠ ᏄᏪᏎ ᎠᏍᏓᏯ; ᎦᏥᏃᏍᏛ ᎭᎴᎲᎦ. ᏚᎵᏔᏗᏅᏎᏃ ᎠᎴ ᎤᏪᏙᎴᎢ.
11. ᎤᏂᏣᏘᏃ ᎤᏂᎪᎲ ᏄᏛᏁᎸ ᏉᎳ ᎤᏂᏌᎳᏓᏁ ᎠᏂᏁᎬᎢ, ᎵᎨᎣᏂᏯ ᎠᏁᎯ ᎤᏂᏬᏂᎯᏍᏗ ᎤᏅᏔᏁ ᎯᎠ ᏄᏂᏪᏎᎢ; ᎦᎸᎳᏗ ᎠᏁᎯ ᎠᎾᏠᎠᏏᎦ ᏴᏫ ᏄᎾᏍᏛ ᎾᏍᎩᏯ ᎢᏳᎾᏍᏗ.
12. ᏆᏂᏆᏃ ᏧᏈᏓ ᏚᏃᎡᎢ, ᏉᎳᏃ ᎹᎫᎵ ᏚᏃᎡᎢ, ᎾᏍᎩᏰᏃ ᏄᎬᏫᏳᏒ ᎠᎵᏥᏙᎲᏍᎩ ᎨᏎᎢ.
13. ᎿᎭᏉᏃ ᎠᏥᎸ-ᎨᎶᏎᎯ ᏧᏈᏓ ᎾᏍᎩ ᎦᏚᎲ ᎢᎬᏱᏗᏢ ᎪᏢᏒᎢ, ᎦᎶᎯᏍᏗᏳᎶᏗ ᏚᏘᏃᎴ ᏩᎦ ᎠᎴ ᏗᎪᏛᎢᏛ ᎤᏂᏥᎸᏅᎯ ᏕᎤᏃᎴᎢ, ᎾᏍᎩ ᎤᏩᏒ ᎠᎴ ᎤᏂᏣᏘ ᎨᏒ ᎠᏥᎸ-ᎤᏁᎳᏍᏗᏱ ᎤᏰᎸᏎᎢ.
14. ᎠᏎᏃ ᎨᏥᏅᏏᏛ ᏆᏂᏆ ᎠᎴ ᏉᎳ ᎤᎾᏛᎦᏅ ᏚᏂᏣᎦᎸᎮ ᏧᎾᏄᏬ, ᎤᏂᏣᏘᏃ ᏴᏫ ᏗᏁᏙᎲ ᏫᏚᎾᏗᏢᏍᏔᏁᎢ, ᎤᏁᎷᏁᎢ,
15. ᎯᎠ ᎾᏂᏪᏍᎨᎢ; ᎢᏥᏍᎦᏯ, ᎦᏙᏃ ᎾᏍᎩ ᎯᎠ ᏂᏣᏛᏁᎭ? ᎠᏴ ᎾᏍᏉ ᏴᏫᏉ ᎾᏍᎩᏯ ᏂᏣᎵᏍᏓᏁᎲ ᎢᏲᎩᎾᎵᏍᏓᏁᎯ, ᎠᎴ ᎢᏨᏯᎵᏥᏙᏁᎭ ᏗᏥᏲᎯᏍᏗᏱ ᎯᎠ ᎠᏎᏉᏉ ᏂᏣᏛᏁᎲᎢ, ᏫᏣᎦᏔᎲᏍᏗᏱᏃ ᎬᏂᏛ ᎤᏁᎳᏅᎯ ᎢᏗᏢ, ᎾᏍᎩ ᎤᏬᏢᏅᎯ ᏥᎩ ᎦᎸᎶᎢ ᎠᎴ ᎦᏙᎯ ᎠᎴ ᎠᎺᏉᎯ ᎠᎴ ᎾᏂᎥ ᎾᎿᎭᎠᏁᎯ;
16. ᎾᏍᎩ ᎢᎸᎯᏳ ᏥᎨᏒᎩ ᎤᎾᏁᎳᎩ ᎤᏅᏒ ᏚᏂᏅᏅ ᏩᏂᎶᎯ ᏚᏪᎵᏎᎴ ᏂᎦᏛ ᏄᎾᏓᎴᏒ ᏴᏫ;
17. ᎥᏝᏍᎩᏂᏃᏅ ᏩᎩᏂᎪᎯ ᎬᏂᎨᏒ ᎢᏯᏋᏁᎯ ᏳᏪᎵᏎᎢ, ᎾᏍᎩ ᎣᏍᏛ ᏚᎸᏫᏍᏓᏁᎲᎢ, ᎠᎴ ᎢᎩᎦᏃᏓᏁᎲᎢ ᎦᎸᎳᏗ ᏗᎦᎶᏍᎬᎢ, ᎠᎴ ᎢᎦᎵᏍᎪᎸᏓᏁᎲ ᎤᏣᏘ ᎪᎱᏍᏗ ᎤᏛᎯᏍᏗᏱ ᏂᏓᏕᏘᏴᎯᏒᎢ, ᏗᎩᎾᏫ ᏓᎧᎵᎢᏍᏗᏍᎬ ᎠᎵᏍᏓᏴᏗ ᎠᎴ ᎤᎵᎮᎵᏍᏗ.
18. ᎾᏍᎩᏃ ᎾᏂᏪᏍᎬᎢ ᎦᏂᎳ ᏚᏂᏲᏍᏙᏓᏁᎴ ᎤᏂᏣᏘ ᎠᏥᎸ-ᎬᏩᏁᎴᏗᏱ ᎠᎾᏓᏅᏖᏍᎬᎢ.
19. ᎠᏎᏃ ᎤᏂᎷᏤ ᎠᏂᏧᏏ ᎥᏘᎣᎩ ᎠᎴ ᎢᎪᏂᏯ ᏅᏓᏳᏂᎶᏒᎯ, ᎾᏍᎩ ᏚᏂᏔᏲᏎᎴ ᎤᏂᏣᏘ, ᏉᎳᏃ ᏅᏯ ᏕᎬᏩᏂᏍᏔᏅ ᎬᏩᎾᏌᎾᏫᏛᎮ ᎦᏚᎲ ᎬᏩᏄᎯᏎᎢ, ᎤᏲᎱᏒ ᎠᏁᎵᏍᎨᎢ.
20. ᎠᏎᏃ ᎤᎾᎵᎪᎯ ᏕᎬᏩᏚᏫᏍᏕᎢ ᏚᎴᏁᎢ, ᎠᎴ ᏗᎦᏚᎲ ᏭᏴᎴᎢ. ᎤᎩᏨᏛᏃ ᏆᏂᏆ ᎤᎾᏂᎩᏎᎢ, ᏓᏈ ᏭᏂᎶᏎᎢ.
21. ᎤᎾᎵᏥᏙᏁᎸᏃ ᎣᏍᏛ ᎧᏃᎮᏛ ᎾᏍᎩ ᎦᏚᎲᎢ, ᎠᎴ ᎠᏂᎪᏗᏳ ᏚᎾᎵᎪᏔᏅ, ᏔᎵᏁ ᎵᏍᏗ ᎠᎴ ᎢᎪᏂᏯ ᎠᎴ ᎥᏘᎣᎩ ᏫᎤᏂᎶᏎᎢ,
22. ᏓᎾᎵᏂᎪᎯᏍᏗᏍᎨ ᏚᎾᏓᏅᏛ ᎠᏃᎯᏳᎲᏍᎩ, ᏓᏂᏔᏲᏎᎮ ᏧᏂᏲᎯᏍᏗᏱ ᏂᎨᏒᎾ ᎪᎯᏳᏗ ᎨᏒᎢ, ᎠᎴ ᏓᏂᏃᏁᎮ ᎤᏣᏘ ᎠᎩᎵᏴ ᎢᎩᎶᎯᏍᏗ ᎨᏒ ᎤᏁᎳᏅᎯ ᎤᏤᎵᎪᎯ ᏫᎩᏴᏍᏗᏱ.
23. ᏚᏂᎧᏅᏃ ᏗᎨᎦᏁᎶᏘ ᏧᎾᏁᎶᏗ ᏚᎾᏓᏡᏩᏗᏒᎢ, ᎠᎴ ᎤᎾᏓᏙᎵᏍᏔᏅ ᎠᎹᏟ ᎠᏅᏍᎬᎢ, ᏚᏂᏲᎯᏎᎴ ᎤᎬᏫᏳᎯ ᎾᏍᎩ ᎤᎬᏫᏳᎯ ᎤᏃᎯᏳᏅᎯ.
24. ᏆᏏᏗᏱᏃ ᎤᏂᎶᏐᏅ ᏆᎻᏈᎵᏱ ᏭᏂᎷᏤᎢ.
25. ᏆᎩᏃ ᎧᏃᎮᏛ ᎤᎾᎵᏥᏙᏅ ᎠᏔᏓᏯ ᏭᏂᎷᏤᎢ.
26. ᎾᎿᎭᏃ ᏥᏳᎯ ᏭᎾᏣᏅ ᎥᏘᎣᎩ ᏭᏂᎷᏤᎢ, ᎾᎿᎭᏗᎨᏥᏲᏒᎯ ᏥᎨᏎ ᎤᏁᎳᏅᎯ ᎤᏂᏙᎵᏍᏗᏱ, ᎾᏍᎩ ᏧᏂᎸᏫᏍᏓᏁᏗᏱ ᎾᏍᎩ ᎿᎭᏉ ᎤᏂᏍᏆᏛᎯ ᏥᎨᏎᎢ.
27. ᎤᏂᎷᏥᎸᏃ ᎠᎴ ᏚᏂᎳᏫᏛ ᏧᎾᏁᎶᏗ ᎤᎾᏓᏡᎬ ᎤᏂᏃᎮᎴ ᏂᎦᎥ ᎤᏁᎳᏅᎯ ᏄᎾᏛᏁᎸᎢ, ᎠᎴ ᏚᏍᏚᎢᎡᎸ ᏧᎾᏓᎴᏅᏛ ᏴᏫ ᎪᎯᏳᏗ ᎨᏒ ᎦᎶᎯᏍᏗᏱ.
28. ᎾᎿᎭᏃ ᎠᏃᎯᏳᎲᏍᎩ ᎠᏁᎲ ᎪᎯᏗᏳ ᎤᎾᏕᏁᎢ.

== Acts 15 ==
1. ᎩᎶᏃ ᎢᏳᎾᏍᏗ ᏧᏗᏱ ᏅᏓᏳᏂᎶᏒᎯ ᏚᏁᏲᏁ ᎠᎾᏓᏅᏟ ᎯᎠ ᏄᏂᏪᏎᎢ; ᎢᏳᏃ ᏤᏥᎤᏍᏕᏎᎸᎯ ᏂᎨᏒᎾ ᎢᎨᏎᏍᏗ, ᎾᏍᎩ ᎼᏏ ᏂᎦᏪᏍᎬᎢ, ᎥᏝ ᏴᎦᏰᏥᏍᏕᎸ.
2. ᏉᎳᏃ ᎠᎴ ᏆᏂᏆ ᎤᏣᏘ ᎤᏂᏲᏠᎯᏎᎸ ᎠᎴ ᎤᎾᏗᏒᎸ ᎠᏂᏬᏂᏍᎬ ᎾᏍᎩ, ᏚᏄᎪᏔᏁ ᏉᎳ ᎠᎴ ᏆᏂᏆ ᎠᎴ ᎩᎶ ᎢᏳᎾᏍᏗ ᏅᏩᎾᏓᎴ ᏥᎷᏏᎵᎻ ᎤᏁᏅᏍᏗᏱ ᏧᎾᏛᏛᏅᏍᏗᏱ ᎨᏥᏅᏏᏛ ᎠᎴ ᏗᎨᎦᏁᎶᏗ ᎾᏍᎩ ᎯᎠ ᎠᏂᏱᎵᏙᎲ ᎤᎬᏩᎵ.
3. ᏧᎾᏁᎶᏗᏃ ᎤᎾᏓᏡᎬ ᎢᏴᏛ ᏫᏗᎬᏩᏂᎧᏅ ᎤᏂᎶᏎ ᏈᏂᏏ ᎠᎴ ᏌᎺᎵᏱ ᎠᏂᏃᎮᏍᎨ ᎠᎾᎦᏔᎲᏍᎬ ᏧᎾᏓᎴᏅᏛ ᏴᏫ; ᎤᏩᏘᏃ ᏚᎾᎵᎨᎵᏍᏔᏁ ᏂᎦᏛ ᎠᎾᏓᏅᏟ.
4. ᏥᎷᏏᎵᎻᏃ ᎤᏂᎷᏨ ᎦᎬᏩᎾᏓᏂᎸᏤ ᏧᎾᏁᎶᏗ ᎤᎾᏓᏡᎬ ᎠᎴ ᎨᏥᏅᏏᏛ ᎠᎴ ᏗᎨᎦᏁᎶᏗ; ᎤᏂᏃᎮᎴᏃ ᏂᎦᎥ ᎤᏁᎳᏅᎯ ᏄᏛᏁᎸ ᎤᏂᏍᏕᎸᎯᏙᎸᎢ.
5. ᎠᏎᏃ ᏚᎾᎴᏁ ᎩᎶ ᎢᏳᎾᏍᏗ ᎠᏂᏆᎵᏏ ᎤᎾᎵᎪᏒ ᎠᏁᎳ ᎾᏍᎩ ᎤᏃᎯᏳᏅᎯ, ᎯᎠ ᏄᏂᏪᏎᎢ, ᎠᏎ ᏗᎨᏥᎤᏍᏕᏎᏗ, ᎠᎴ ᏗᎧᏁᏤᏗ ᏧᏂᎧᎿᎭᏩᏛᏍᏗᏱ ᎼᏏ ᎤᏁᏨᎯ.
6. ᎾᏍᎩᏃ ᎿᎭᏉ ᎤᏂᏃᎮᏗᏱ ᏚᏂᎳᏫᏤ ᎨᏥᏅᏏᏛ ᎠᎴ ᏗᎨᎦᏁᎶᏗ.
7. ᎤᏣᏘᏃ ᎤᏂᏬᏂᏒ ᏈᏓ ᏕᎤᎴᏁᎢ, ᎯᎠ ᏂᏚᏪᏎᎴᎢ; ᎢᏥᏍᎦᏯ ᎢᏓᏓᏅᏟ, ᏂᎯ ᎢᏥᎦᏔᎭ ᎿᎭᏉ ᏰᎵ ᎪᎯᎩ ᎤᏁᎳᏅᎯ ᎠᏴ ᎠᏆᏑᏰᏒ ᎢᎦᏓᏡᎬ ᏧᎾᏓᎴᏅᏛ ᏴᏫ ᎠᏴ ᎬᏆᏛᎦᏁᏗᏱ ᎣᏍᏛ ᎧᏃᎮᏛ, ᎾᏍᎩᏃ ᎤᏃᎯᏳᏗᏱ.
8. ᎤᏁᎳᏅᎯᏃ ᏧᏂᎾᏫ ᏗᎦᏔᎯ ᎬᏂᎨᏒ ᏄᏩᏁᎸᎩ ᏕᎨᎦᏓᏂᎸᏨᎢ, ᏕᎠᏁᎲ ᎦᎸᏉᏗᏳ ᎠᏓᏅᏙ, ᎠᏴ ᎾᏍᎩᏯ ᏥᎩᏁᎸᎩ.
9. ᎠᎴ ᎥᏝ ᏗᎦᏓᎴᎿᎭᎢ ᏱᏂᎬᏁᎴ ᎾᏍᎩ, ᎪᎯᏳᏗ ᎨᏒ ᏕᎦᏅᎦᎸᏓᏁᎲ ᏧᏂᎾᏫ.
10. Ꭷ ᎦᏙᏃ ᎢᎡᏥᎪᎵᏰ ᎤᏁᎳᏅᎯ, ᏕᏥᎩᎳᎾᎳᏗᏍᎬ ᎠᏃᎯᏳᎲᏍᎩ, ᎾᏍᎩ ᏗᎩᎦᏴᎵᎨ ᎠᎴ ᎾᏍᏉ ᎢᎬᏒ ᏰᎵ ᎨᎦᎩᎳᎾᎳᏗᏍᏗ ᏂᎨᏒᎾ ᏥᎨᏒᎩ.
11. ᎠᏎᏃ ᎢᏙᎯᏳᎲᏍᎦ ᎾᏍᎩ ᎤᎬᏫᏳᎯ ᏥᏌ ᎦᎶᏁᏛ ᎬᏩᎦᏘᏯ ᎤᏓᏙᎵᏍᏗ ᎨᏒ ᏅᏗᎦᎵᏍᏙᏗᏍᎬ ᎠᏴ ᎡᎩᏍᏕᎸᏗ ᎨᏒᎢ, ᎾᏍᎩᏯ ᎾᏍᎩ ᎨᏥᏍᏕᎸᏗ ᏥᎩ.
12. ᎿᎭᏉᏃ ᏂᎦᏛ ᎤᏂᏣᏘ ᎨᏒ ᎡᎳᏪ ᎤᏅᏁᎢ, ᎠᎴ ᏚᎾᏛᏓᏍᏓᏁᎴ ᏆᏂᏆ ᎠᎴ ᏉᎳ ᎠᏂᏃᎮᏍᎬ ᏂᎦᎥ ᎤᏰᎸᏛ ᎠᎴ ᎤᏍᏆᏂᎪᏗ ᎤᏁᎳᏅᎯ ᎾᏍᎩ ᎤᏅᏗᏍᎬ ᏚᎸᏫᏍᏓᏁᎸ ᏧᎾᏓᎴᏅᏛ ᏴᏫ ᏓᏁᏩᏗᏒᎢ.
13. ᎾᏍᎩᏃ ᎡᎳᏪ ᎤᏅᏅ, ᏥᎻ ᎤᏁᏤ ᎯᎠ ᏄᏪᏎᎢ; ᎢᏥᏍᎦᏯ ᎢᏓᏓᏅᏟ ᎠᏴ ᏍᎩᏯᏛᏓᏍᏓᏏ.
14. ᏌᏩᏂ ᎤᏃᎮᎸ ᎤᏁᎳᏅᎯ ᎢᎬᏱᏱ ᏚᏩᏛᎲᎢ ᏧᎾᏓᎴᏅᏛ ᏴᏫ, ᎾᎿᎭᏧᏪᎴᏍᏗᏱ ᏴᏫ ᎾᏍᎩ ᏚᏙᎥ ᏗᎨᎪᏍᏙᏗᏱ.
15. ᎾᏍᎩᏃ ᎯᎠ ᎾᏍᎩᏯ ᏂᏕᎦᎵᏍᏗᎭ ᎠᎾᏙᎴᎰᏍᎩ ᎤᏂᏁᏨᎢ, ᎯᎠ ᏥᏂᎬᏅ ᏥᎪᏪᎳ;
16. “ᎾᏍᎩᏃ ᏄᎵᏍᏔᏁᏍᏗ ᏛᏥᎷᏥ ᎠᎴ ᏛᏥᎵᏦᏘᏌᏂ ᏕᏫ ᎤᏤᎵ ᎦᎵᏦᏛᎢ, ᎾᏍᎩ ᎡᎳᏗ ᎤᏪᏡᏒᎯ ᏥᎩ, ᎠᎴ ᏛᏥᎵᏦᏘᏌᏂ ᎤᎵᏦᏙᎠᏒᎢ, ᎠᎴ ᏛᏥᎧᎯᏌᏂ.
17. ᎾᏍᎩ ᏄᎾᏓᎴ ᏴᏫ ᎬᏩᏂᏯᏍᏗ ᎢᏳᎵᏍᏙᏗᏱ ᎤᎬᏫᏳᎯ, ᎠᎴ ᎾᏍᏉ ᏂᎦᏛ ᏧᎾᏓᎴᏅᏛ ᏴᏫ ᏓᏆᏙᎥ ᏗᎨᎪᏍᏔᏅᎯ ᏥᎩ, ᎠᏗᎭ ᎤᎬᏫᏳᎯ, ᎾᏍᎩ ᎯᎠ ᏂᎦᏛ ᏧᎸᏫᏍᏓᏁᎯ ᏥᎩ.”
18. ᎤᏁᎳᏅᎯ ᎠᎦᏔᎯᏳ ᏅᏧᏓᎴᏅᎲᎾ ᏂᎦᏛ ᏚᎸᏫᏍᏓᏁᎲᎢ.
19. ᎾᏍᎩ ᎢᏳᏍᏗ ᎠᏴ ᎦᏓᏅᏖᏍᎬ ᎯᎠ ᏄᏍᏗ, ᎾᏍᎩ ᏗᏓᏕᏯᏙᏙᏗᏱᏉ ᏂᎨᏒᎾ ᏧᎾᏓᎴᏅᏛ ᏴᏫ ᎠᏁᎲ ᎤᎾᏖᎴᏛ ᎤᏁᎳᏅᎯ ᎢᏗᏢ ᏭᎾᎦᏔᎲᏍᏔᏅᎯ ᏥᎩ;
20. ᏗᏙᏪᎳᏁᏗᏱᏉᏍᎩᏂ ᏧᏂᏲᎯᏍᏗᏱ ᎦᏓᎭ ᎢᏧᎵᏍᏔᏅᎯ ᎾᏍᎩ ᏗᎵᏍᎪᎸᏓᏁᎸᎯ ᎤᏁᎳᏅᎯ ᏗᏰᎸᎯ, ᎠᎴ ᎤᏕᎵᏛ ᏗᏂᏏᏗ ᎨᏒᎢ, ᎠᎴ ᎪᎱᏍᏗ ᎬᏬᏍᏔᏅᎯ, ᎠᎴ ᎩᎬ.
21. ᎼᏏᏰᏃ ᎡᏘ ᏅᏓᎬᏩᏓᎴᏅᏛ ᏕᎦᏚᏩᏗᏒ ᏕᎤᏪᎭ ᎬᏩᎵᏥᏙᎲᏍᎩ, ᏓᏥᎪᎵᏰᏍᎬᎢ ᏗᎦᎳᏫᎢᏍᏗᏱ ᏄᎾᏙᏓᏈᏒᎢ.
22. ᎿᎭᏉᏃ ᎣᏏᏳ ᎤᏂᏰᎸᏁ ᎨᏥᏅᏏᏛ ᎠᎴ ᏗᎨᎦᏁᎶᏗ ᎠᎴ ᏂᎦᏛ ᏧᎾᏁᎶᏗ ᎤᎾᏓᏡᎬ ᏧᏂᏅᏍᏗᏱ ᎠᏂᏍᎦᏯ ᏧᎾᏑᏰᏛ ᎤᏅᏒ ᎤᎾᏓᏡᎬᎢ, ᎾᏍᎩ ᏧᏓᏏ ᏆᏏᏆ ᏧᏙᎢᏛ ᎠᎴ ᏌᏱᎳ ᎨᏥᎸᏉᏗ ᎠᎾᏓᏅᏢᎢ, ᏉᎳ ᎠᎴ ᏆᏂᏆ ᎢᏧᎳᎭ ᎤᏁᏅᏍᏗᏱ ᎥᏘᏍᎩ,
23. ᎾᏍᎩᏃ ᎤᏂᏅᏍᏗ ᎤᏃᏪᎳᏁ ᎯᎠ ᏄᏅᏁᎴᎢ; ᎣᎩᏅᏏᏛ ᎠᎴ ᏦᎦᏁᎶᏗ ᎠᎴ ᎣᏣᏓᏅᏟ ᏫᏨᏲᎵᎦ ᎢᏣᏓᏅᏟ ᏗᏣᏓᎴᏅᏛ ᏴᏫ ᎥᏘᏍᎩ ᎠᎴ ᏏᎵᏱ ᎠᎴ ᏏᎵᏏᏱ ᎢᏤᎯ.
24. ᎣᎬᏛᎦᏅ ᎩᎶ ᎢᏳᎾᏍᏗ ᎪᎦᏓᏑᏰᏛ ᎠᏂᏬᏂᏍᎬ ᎨᏣᏕᏯᏙᏔᏅᎢ ᏕᎨᏥᎦᏔᎲᎡᎲ ᏗᏣᏓᏅᏙ, ᎯᎠ ᎾᏂᏪᏍᎬᎢ; ᎠᏎ ᏤᏥᎤᏍᏕᏎᏗ ᎠᎴ ᏗᎧᎿᎭᏩᏛᏍᏗ ᎢᏥᏍᏆᏂᎪᏙᏗ; ᎾᏍᎩ ᎢᏳᏍᏗ ᏦᏥᏁᏤᎸᎯ ᏂᎨᏒᎾ;
25. ᎾᏍᎩ ᏅᏧᎵᏍᏙᏔᏅ ᎣᏏᏳ ᎣᎩᏰᎸᏅ ᏂᎦᏛ ᏌᏉ ᎢᎦᎦᏛ, ᏗᏤᎲ ᏦᏥᏅᏍᏗᏱ ᏦᏣᏑᏰᏛ ᎠᏂᏍᎦᏯ ᏧᏂᏍᏓᏩᏛᏍᏗᏱ ᏦᏥᎨᏳᎯ ᏆᏂᏆ ᎠᎴ ᏉᎳ,
26. ᎾᏍᎩ ᎠᏂᏍᎦᏯ ᏓᏅᏅ ᏧᎾᎵᏍᎪᎸᏔᏅᎯ, ᎢᎦᏤᎵ ᎤᎬᏫᏳᎯ ᏥᏌ ᎦᎶᏁᏛ ᏕᎤᏙᎥ ᏅᏗᎦᎵᏍᏗᏙᏗᏍᎬᎢ.
27. ᎾᏍᎩ ᎢᏳᏍᏗ ᏙᏥᏅᎵ ᏧᏓᏏ ᎠᎴ ᏌᏱᎳ, ᎾᏍᎩ ᎾᏍᏉ ᎠᏂᏁᎬᎢ ᎤᏠᏱ ᏓᎨᏥᏃᎮᎮᎵ.
28. ᎣᏏᏳᏰᏃ ᎤᏰᎸᏅ ᎦᎸᏉᏗᏳ ᎠᏓᏅᏙ, ᎠᎴ ᎠᏴ ᎣᏏᏳ ᏍᎩᏰᎸᏅ, ᎪᎱᏍᏗ ᏗᏨᏯᏰᏅᏙᏗᏱ ᏂᎨᏒᎾ, ᎯᎠ ᎤᏩᏒ ᎾᏍᎩ ᎠᏎ ᎢᏯᏛᏁᏗ ᏥᎩ;
29. ᎾᏍᎩ ᏗᏥᏲᎯᏍᏗᏱ ᎠᎵᏍᏓᏴᏗ ᎤᏁᎳᏅᎯ ᏗᏰᎸᎯ ᏗᎵᏍᎪᎸᏓᏁᎸᎯ, ᎠᎴ ᎩᎬ, ᎠᎴ ᎪᎱᏍᏗ ᎬᏬᏍᏔᏅᎯ, ᎠᎴ ᎤᏕᎵᏛ ᏗᏂᏏᏗ ᎨᏒᎢ. ᎢᏳᏃ ᎾᏍᎩ ᏱᏗᏤᏯᏙᏤᎸ ᎣᏏᏳ ᏱᏂᏣᏛᎦ. ᏙᎯᏱ ᏂᏣᏛᎿᎭᏕᎨᏍᏗ.
30. ᎾᏍᎩᏃ ᏕᎨᏥᏲᏒ ᎥᏘᎣᎩ ᏭᏂᎷᏤᎢ, ᏚᏂᎳᏫᏛᏃ ᎤᏂᏣᏘ ᏚᏂᏅᏁᎴ ᎾᏍᎩ ᎪᏪᎵ.
31. ᎾᏍᎩᏃ ᎤᏂᎪᎵᏰᎥ, ᎤᎾᎵᎮᎵᏤ ᏅᏗᎦᎵᏍᏙᏗᏍᎨ ᎾᏍᎩ ᎠᏓᎦᎵᏍᏓᏗᏍᎩ ᎨᏒᎢ
32. ᏧᏓᏏᏃ ᎠᎴ ᏌᏱᎳ, ᎤᏣᏖ ᎢᎧᏁᏨᎯ ᏚᏂᏬᏁᏔᏁ ᎠᎾᏓᏅᏟ ᎠᎴ ᏚᎾᎵᏂᎪᎯᏍᏔᏁᎢ, ᎾᏍᏉᏰᏃ ᎤᏅᏒ ᎠᎾᏙᎴᎰᏍᎩ ᎨᏎᎢ.
33. ᎢᎸᏍᎩᏃ ᏄᏬᎯᏨ ᎤᏁᏙᎸ, ᏅᏩᏙᎯᏯᏛ ᏕᎬᏩᏂᏲᏎ ᎠᎾᏓᏅᏟ ᎨᏥᏅᏏᏛ ᏗᏁᎲ ᏭᏂᎶᎯᏍᏗᏱ.
34. ᎠᏎᏃ ᏌᏱᎳ ᎣᏏᏳ ᎤᏰᎸᏁ ᎾᎿᎭᏉ ᎤᏗᎩᏯᏍᏗᏱ.
35. ᏉᎳᏃ ᎠᎴ ᏆᏂᏆ ᎾᏍᏉ ᎬᏁᏙᎮ ᎥᏘᎣᎩ ᏓᎾᏕᏲᎲᏍᎨᎢ, ᎠᎴ ᎠᎾᎵᏥᏙᎲᏍᎨ ᎧᏃᎮᏛ ᎤᎬᏫᏳᎯ ᎤᏤᎵᎦ, ᎠᎴ ᎾᏍᏉ ᎤᏂᏣᏖ ᏅᏩᎾᏓᎴᎢ.
36. ᎢᎸᏍᎩᏃ ᏫᏄᏒᎸ ᏉᎳ ᎯᎠ ᏄᏪᏎᎸᎩ ᏆᏂᏆ; Ꭷ ᏔᎵᏁ ᏥᏙᏂᏩᏛᎱᎦ ᎢᏓᏓᏅᏟ ᏂᎦᎥ ᏕᎦᏚᏩᏗᏒ ᎾᎿᎭᎩᎾᎵᏥᏙᏂᏙᎸ ᎧᏃᎮᏛ ᎤᎬᏫᏳᎯ ᎤᏤᎵᎦ, ᏫᎾᏙᎴᎰᎯ ᏄᎾᏛᎿᎭᏕᎬᎢ.
37. ᏆᏂᏆᏃ ᎤᏚᎵᏍᎬᎩ ᎤᎾᏘᏅᏍᏗᏱ ᏣᏂ ᎹᎦ ᏧᏙᎢᏛ.
38. ᎠᏎᏃ ᏉᎳ ᎥᏝ ᎣᏏᏳ ᏳᏰᎸᏁ ᎤᎾᏘᏅᏍᏗᏱ, ᎾᏍᎩᏰᏃ ᎤᎾᏓᏓᎴᏓᏁᎴ ᏆᎻᏈᎵᏱ, ᎠᎴ ᎥᏝ ᏳᎾᎵᎪᏁᎴ ᏚᏂᎸᏫᏍᏓᏁᎵᏙᎲᎢ.
39. ᎠᎴ ᎤᏣᏘ ᎤᏂᏲᏠᎯᏎᎸᎩ, ᎾᏍᎩ ᎢᏳᏍᏗ ᏫᏕᎬᏩᎾᎦᎴᏅᎲᎩ; ᏆᏂᏆᏃ ᎤᏘᏅᏒᎩ ᎹᎦ, ᎠᎴ ᏥᏳᎯ ᏭᏣᏅ ᏌᏈ ᏭᎶᏒᎩ.
40. ᏉᎳᏃ ᎤᏑᏰᏒ ᏌᏱᎳ, ᎤᏂᎩᏒᎩ, ᎠᎾᏓᏅᏟ ᏕᎬᏩᏲᏒ ᎤᏁᎳᏅᎯ ᎤᏪᏙᎵᏍᏗᏱ.
41. ᏏᎵᏱᏃ ᎠᎴ ᏏᎵᏏᏱ ᎤᎶᏒᎩ, ᏓᎵᏂᎪᎯᏍᏗᏍᎬᎩ ᏧᎾᏁᎶᏗ ᏚᎾᏓᏡᏩᏗᏒᎢ.

== Acts 16 ==
1. ᏓᏈᏃ ᎠᎴ ᎵᏍᏗ ᏭᎷᏨᎩ, ᎬᏂᏳᏉᏃ ᎾᎿᎭᎡᎲᎩ ᎩᎶ ᎢᎨᏍᏗ ᎪᎯᏳᎲᏍᎩ, ᏗᎹᏗ ᏧᏙᎢᏛ, ᎠᏧᏏ, ᎠᎨᏴ ᎪᎯᏳᎲᏍᎩ ᎤᏥ ᎨᏒᎩ, ᎤᏙᏓᏍᎩᏂ ᎠᎪᎢ ᎨᏒᎩ.
2. ᎾᏍᎩ ᎣᏏᏳ ᎬᏩᏃᎮᏍᎩ ᎨᏒᎩ ᎠᎾᏓᏅᏟ ᎵᏍᏗ ᎠᎴ ᎢᎪᏂᏯ ᎠᏁᎯ.
3. ᎾᏍᎩ ᏉᎳ ᎤᏚᎸᎲᎩ ᎤᏘᏅᏍᏗᏱ; ᎤᎱᏍᏕᏎᎸᎩᏃ ᏅᏓᏳᎵᏍᏙᏔᏅᎩ ᎠᏂᏧᏏ ᎾᎿᎭᏓᏁᏩᏗᏒᎢ, ᏂᎦᏛᏰᏃ ᎠᏂᎦᏔᎲᎩ ᎤᏙᏓ ᎠᎪᎢ ᎨᏒᎢ.
4. ᏕᎦᏚᏩᏗᏒᏃ ᎠᏂᎶᏍᎬᎢ, ᏓᏂᏲᎯᏎᎲᎩ ᎤᏂᏍᏆᏂᎪᏙᏗ ᏗᎧᎿᎭᏩᏛᏍᏗ, ᎾᏍᎩ ᏧᏄᎪᏔᏅᎯ ᎨᏥᏅᏏᏛ ᎠᎴ ᏗᎨᎦᏁᎶᏗ ᏥᎷᏏᎵᎻ ᎠᏁᎯ.
5. ᏧᎾᏁᎶᏗᏃ ᏚᎾᏓᏡᏩᏗᏒ ᏚᎾᎵᏂᎪᏒᎩ ᎪᎯᏳᏗ ᎨᏒᎢ, ᎠᎴ ᏂᏚᎩᏨᏂᏒ ᎠᏂᎪᏙᏍᎬᎩ.
6. ᎤᏂᎶᏐᏅᏃ ᏈᏥᏱ ᎠᎴ ᎨᎴᏏᏱ, ᎠᎴ ᎦᎸᏉᏗᏳ ᎠᏓᏅᏙ ᎤᏂᏅᏍᏓᏕᎸ ᎤᎾᎵᏥᏙᏗᏱ ᎧᏃᎮᏛ ᎡᏏᏱ,
7. ᎻᏏᏱ ᏭᏂᎷᏨ, ᎤᎾᏓᏅᏖᎸᎩ ᏈᏗᏂᏱ ᏭᏂᎶᎯᏍᏗᏱ, ᎠᏎᏃ ᎥᏝ ᎤᎾᏁᎳᎩ ᏱᏚᏪᎵᏎᎴ ᎠᏓᏅᏙ.
8. ᎻᏏᏱᏃ ᎤᏂᎶᏒ, ᏠᎠᏏ ᏭᏂᎷᏨᎩ.
9. ᏉᎳᏃ ᎤᏁᎳᏫᏎᎸᎩ ᏒᏃᏱ; ᎩᎶ ᎢᏳᏍᏗ ᎠᏍᎦᏯ ᎹᏏᏙᏂ ᎡᎯ ᎦᏙᎨᎢ, ᎤᏔᏲᏎᎮᎢ, ᎯᎠ ᏄᏪᏎᎮᎢ; ᎹᏏᏙᏂ ᏫᎷᎩ, ᎠᎴ ᏫᏍᎩᏍᏕᎸ.
10. ᎤᏁᎳᏫᏎᎸᏃ ᎩᎳᏉ ᎢᏴᏛ ᎣᎦᏁᎶᏔᏅᎩ ᎹᏏᏙᏂ ᏬᎩᎶᎯᏍᏗᏱ, ᎣᏣᏙᎴᎰᏍᎬᎩ ᎤᎬᏫᏳᎯ ᎣᎩᏯᏂᏍᎬᎢ ᎾᏍᎩ ᏦᏣᎵᏥᏙᏁᏗᏱ ᎣᏍᏛ ᎧᏃᎮᏛ.
11. ᎾᏍᎩᏃ ᏠᎠᏏ ᏥᏳᎯ ᎣᎦᏣᏅ ᏧᏳᎪᏗ ᏬᎩᏅᏍᏔᏅᎩ, ᏎᎹᏞᏏ ᏬᎩᏃᎸᎩ; ᎤᎩᏨᏛᏃ ᏂᎠᏆᎵᏏ ᏬᎩᏃᎸᎩ.
12. ᎾᎿᎭᏃ ᏫᎣᎦᏣᏅ, ᏈᎵᎩᏱ ᏬᎩᏃᎸᎩ, ᎾᏍᎩ ᏄᎬᏫᏳᏒ ᎦᏚᎲ ᎾᎿᎭᎢᏗᏢ ᎹᏏᏙᏂ, ᎠᎴ ᎾᏍᎩ ᎤᎾᏓᏅᏛ ᎤᏂᏚᎲ ᏥᎩ. ᎾᎿᎭᏃ ᎦᏚᎲ ᎢᎸᏍᎩ ᏧᏒᎯᏛ ᎣᎨᏙᎸᎩ.
13. ᎤᎾᏙᏓᏆᏍᎬᏃ ᎦᏚᎲ ᎣᎩᏄᎪᏨᎩ, ᎡᏉᏄᎶᏗ ᏬᎩᎶᏒᎩ ᎠᏓᏙᎵᏍᏙᏗᏱ ᎨᏒᎢ; ᎣᎦᏅᏅᏃ ᏙᏥᏬᏁᏔᏅ ᎠᏂᎨᏴ ᎾᎿᎭᎤᎾᏓᏟᏌᏅᎯ.
14. ᎩᎶᏃ ᎢᏳᏍᏗ ᎠᎨᏴ ᎵᏗ ᏧᏙᎢᏛ, ᎩᎦᎨ ᏗᏄᏬ ᎦᏃᏗᏍᎩ, ᏓᏱᏓᎵ ᎦᏚᎲ ᎡᎯ, ᎤᏁᎳᏅᎯ ᎠᏓᏙᎵᏍᏔᏁᎯ, ᎤᏛᏓᏍᏔᏅᎩ. ᎾᏍᎩ ᎤᎾᏫᏱ ᎤᎬᏫᏳᎯ ᎤᏍᏚᎢᏒᎩ, ᎤᏛᏓᏍᏙᏗᏱ ᏉᎳ ᎧᏁᎬᎢ.
15. ᎠᎦᏬᎥᏃ ᎤᏩᏒ ᎠᎴ ᎾᏍᎩ ᏚᏓᏘᎾᎥᎢ, ᎣᎩᏔᏲᏎᎸᎩ, ᎯᎠ ᏄᏪᏒᎩ; ᎢᏳᏃ ᎤᏙᎯᏳᏒ ᎤᎬᏫᏳᎯ ᎪᎯᏳᎲᏍᎩ ᏍᎩᏰᎵᏎᎮᏍᏗ, ᏥᏁᎸ ᎢᏥᏴᎭ ᎠᎴ ᎾᎿᎭᎢᏥᏁᏍᏗ. ᎣᎩᏍᏗᏰᏗᏍᎬᏃ ᎣᎩᏎᎪᎩᏒᎩ.
16. ᎯᎠᏃ ᏄᎵᏍᏔᏅᎩ, ᎠᏓᏙᎵᏍᏙᏗᏱ ᎣᎨᏅ, ᎩᎶ ᎢᏳᏍᏗ ᎠᏛ, ᎠᏓᏅᏙ ᎠᏙᏂᏍᎩ ᎤᏯᎢ, ᏙᎦᏠᏒᎩ, ᎾᏍᎩ ᎤᏣᏛ ᏧᎬᏩᎶᏗ ᏓᏩᏛᎡᎲᎩ ᎬᏩᎾᏝᎢ ᎠᏙᏂᏍᎬ ᎬᏗᏍᎩ.
17. ᎾᏍᎩ ᎣᎩᏍᏓᏩᏗᏒ ᏉᎳ ᎠᎴ ᎠᏴ, ᎤᏪᎷᏅᎩ ᎯᎠ ᏄᏪᏒᎩ; ᎯᎠ ᎠᏂᏍᎦᏯ ᎤᏁᎳᏅᎯ ᏩᏍᏛ ᎦᎸᎳᏗᏳ ᎡᎯ ᏧᏅᏏᏓᏍᏗ, ᎾᏍᎩ ᎬᏂᎨᏒ ᏥᏂᎨᎬᏁᎭ ᏅᏃᎯ ᎠᎵᏍᏕᎸᏙᏗ ᎨᏒᎢ.
18. ᎠᎴ ᎤᏣᏛ ᏄᏒᎸᎩ ᎾᏍᎩ ᎾᏛᏁᎲᎩ; ᎠᏎᏃ ᏉᎳ ᎤᏕᏯᏔᏁᎸ ᎤᎦᏔᎲᏒᎩ, ᎯᎠ ᏄᏪᏎᎸᎩ ᎾᏍᎩ ᎠᏓᏅᏙ; ᎬᏁᏥ ᏥᏌ ᎦᎶᏁᏛ ᏕᎤᏙᎥ ᎬᏗᎭ, ᎾᏍᎩ ᎪᎱᎪᏤᏗᏱ. ᎾᎯᏳᏉᏃ ᎤᏄᎪᏨᎩ.
19. ᎬᏩᎾᏝᎢᏃ ᎤᎾᏙᎴᎰᏒ ᎤᏚᎩ ᎤᏅᏒ ᏧᎬᏩᎶᏗ ᎤᏂᏩᏛᏗᏱ ᎤᏲᏨᎢ, ᏗᏂᏂᏴᎲᎩ ᏉᎳ ᎠᎴ ᏌᏱᎳ, ᎠᎴ ᎾᏍᎩ ᎦᏃᏙᏗᏱ ᏫᏚᎾᏘᏃᎮᎸᎩ ᏗᎨᎦᏁᎶᏗ.
20. ᎠᎴ ᏗᏄᎪᏗᏍᎩ ᏫᏚᎾᏘᏃᎮᎸᎩ, ᎯᎠ ᏄᏂᏪᏒᎩ; ᎯᎠ ᎠᏂᏍᎦᏯ ᎠᎠᏧᏏ ᎤᏣᏔᏅᎯ ᎠᎾᏕᏯᏙᏗᎭ ᎢᎩᏚᎲᎢ,
21. ᎠᎴ ᎬᏂᎨᏒ ᎾᏅᏁᎭ ᏗᎧᎿᎭᏩᏛᏍᏗ ᎾᏍᎩ ᏰᎵ ᏗᎨᎩᏂᏴᏗ ᎠᎴ ᏗᎨᎩᎧᎿᎭᏩᏛᏍᏗ ᏂᎨᏒᎾ, ᎢᏗᎶᎻ ᎨᏒ ᎢᏳᏍᏗ.
22. ᎤᏂᏣᏘᏃ ᎨᏒ ᏕᎬᏩᏂᎦᏘᎸᏒᎩ; ᏗᏄᎪᏗᏍᎩᏃ ᏚᏂᏄᏪᏒ ᎤᏂᏁᏨᎩ ᏗᎨᏥᎵᎥᏂᏍᏗᏱ.
23. ᎤᏣᏘᏃ ᏂᏚᏅᏂᎸ, ᏗᏓᏍᏚᏗᏱ ᏚᏂᏴᏔᏅᎩ, ᎤᏂᏁᏤᎸᎩ ᎾᏍᎩ ᎠᏥᎦᏘᏗᏍᏗ ᎣᏍᏛ ᏧᎦᏘᏗᏍᏗᏱ.
24. ᎾᏍᎩᏃ ᎾᏥᏪᏎᎸ ᎠᏥᏁᏤᎸ, ᏫᏚᏴᏔᏅᎩ ᏗᏓᏍᏚᏗᏱ ᎪᏢᏒ ᎦᎵᏦᏕ ᎭᏫᏂ, ᎠᎴ ᎠᏍᏓᏯ ᏚᏅᏎᏙᏅ ᎠᏙᎯ.
25. ᏒᏃᏱᏃ ᎠᏰᎵ ᏉᎳ ᎠᎴ ᏌᏱᎳ ᎤᎾᏓᏙᎵᏍᏔᏁᎢ, ᎠᎴ ᎤᏁᎳᏅᎯ ᏚᏂᏃᎩᏍᏔᏁᎢ; ᏗᎨᏥᏍᏚᎯᏃ ᎾᏍᎩ ᎤᎾᏛᎦᏁᎢ.
26. ᎤᏰᎶᎢᏍᏔᏁᏃ ᎦᏙᎯ ᎤᎵᏖᎸᏁᎢ; ᎠᎴ ᏗᏓᏍᏚᏘᏱ ᏚᎵᏍᏓᏱᏗᏍᏛ ᏚᎵᏖᎸᏁᎢ, ᎩᎳᏉᏃ ᎢᏴᏛ ᏂᎦᏛ ᏓᏍᏚᎲ ᏚᎵᏍᏚᎢᏎᎢ, ᎠᎴ ᎾᏂᎥ ᏚᎾᏓᎸᏍᏛ ᏚᏢᏒᎮᎢ.
27. ᏗᏓᏍᏚᏗᏱᏃ ᎠᎦᏘᏯ, ᎤᏰᏨ ᎠᎴ ᎤᏙᎴᎰᏒ ᎦᎶᎯᏍᏗᏱ ᏗᏓᏍᏚᏗᏱ ᏧᎵᏍᏚᎢᏛ ᎨᏒᎢ, ᎤᎸᎮ ᎠᏰᎳᏍᏗ ᎦᏅᎯᏛ, ᎠᎴ ᎤᏩᏒ ᏗᏓᎵᏎᎢ, ᏗᎨᏥᏍᏚᎯ ᎤᎾᎵᏒ ᎡᎵᏍᎨᎢ.
28. ᎠᏎᏃ ᏉᎳ ᎠᏍᏓᏯ ᎤᎵᏍᏔᏁᎢ, ᎯᎠ ᏄᏪᏎᎢ; ᏞᏍᏗ ᏨᏒ ᎪᎱᏍᏗ ᎤᏲ ᎢᏣᏓᏛᏁᎸᎩ, ᎠᏂᏰᏃ ᏂᎦᏛ ᎣᏥᏯᎠ.
29. ᎠᏨᏍᏙᏗᏃ ᎤᏔᏲᎸ ᎤᎵᏍᏗ ᏭᏴᎴᎢ, ᎠᎴ ᏭᎷᏤ ᎤᏪᎾᏫᏍᎨᎢ, ᎤᏓᏅᏂᎴ ᎢᎬᏱᏢ ᏉᎳ ᎠᎴ ᏌᏱᎳ ᏚᏃᎸᎢ.
30. ᏚᏄᎪᏫᏒᏃ ᎯᎠ ᏄᏪᏎᎢ; ᎢᏍᏗᏍᎦᏯ, ᎦᏙ ᏓᎦᏛᏁᎵ ᎥᎩᏍᏕᎸᏗᏱ?
31. ᎯᎠᏃ ᏄᏂᏪᏎᎢ; ᎯᏲᎢᏳᎲᎦ ᎤᎬᏫᏳᎯ ᏥᏌ ᎦᎶᏁᏛ, ᏓᏰᏣᏍᏕᎸᎯᏃ, ᏂᎯ ᎠᎴ ᏕᏣᏓᏘᎾᎥᎢ.
32. ᎤᎬᏫᏳᎯᏃ ᎤᏤᎵ ᎧᏃᎮᏛ ᎤᏂᏃᎮᎮᎴ ᎾᏍᎩ, ᎠᎴ ᏂᎦᏛ ᎾᏍᎩ ᎦᏁᎸᎢ ᎠᏂᏯᎢ.
33. ᎾᎯᏳᏉᏃ ᏒᏃᏱ ᏚᏯᏅᎮᎢ, ᎠᎴ ᏚᏬᏑᎴᎴ ᏕᎨᏥᎵᎥᏂᎸᎢ; ᎠᎴ ᎩᎳᏉ ᎢᏴᏛ ᎠᎦᏬᎡ ᎤᏩᏒ ᎠᎴ ᏂᎦᏛ ᏧᏤᎵᎦ.
34. ᎦᏁᎸᏃ ᏚᏴᏔᏂᎸ ᏚᏪᎳᏍᏔᏁᎢ, ᎠᎴ ᎪᎯᏳᎲᏍᎬ ᎤᏁᎳᏅᎯ ᎤᎵᎮᎵᏤᎢ, ᎠᎴ ᎾᏍᏉ ᏂᎦᏛ ᎦᏁᎸᎢ.
35. ᏑᎾᎴᏃ ᏄᎵᏍᏔᏅ ᏗᏄᎪᏗᏍᎩ ᏚᏂᏅᏎ ᏗᎾᏓᏂᏱᏍᎩ, ᎯᎠ ᏫᏄᏂᏪᏍᏗᏱ; ᏘᎧᎲᎦ Ꮎ ᎠᏂᏍᎦᏯ.
36. ᏗᏓᏍᏚᏗᏱᏃ ᎠᎦᏘᏯ ᎾᏍᎩ ᏅᏧᏂᏪᏒ ᎤᏃᏁᎴ ᏉᎳ; ᏗᏄᎪᏗᏍᎩ ᏛᎾᏓᏅᎵ ᏗᏍᏛᏯᎪᏗᏱ; Ꭷ, ᏍᏗᏄᎪᎢ ᎠᎴ ᏅᏩᏙᎯᏩᏛ ᎢᏍᏕᎾ.
37. ᎠᏎᏃ ᏉᎳ ᎯᎠ ᏂᏚᏪᏎᎴᎢ, ᎬᏂᎨᏒ ᏕᎪᎩᏂᎵᎥᏂᎸ ᏧᏚᎪᏔᏅᎯ ᏂᎨᏒᎾ ᎣᎩᏂᏍᎦᏅᏨᎢ, ᎣᏍᏗᎶᎻ, ᎠᎴ ᏗᏓᏍᏚᏗᏱ ᏕᎪᎩᏂᏴᏔᏅ, ᏥᎪᏃ ᎿᎭᏉ ᎤᏕᎵᏛ ᎢᎪᎩᏂᏄᎪᏫᏍᎦ? ᎤᏙᎯᏳᎯ ᎥᏝ, ᎤᏅᏒᏍᎩᏂ ᏩᏂᎷᎩ ᏫᎪᎩᏂᏄᎪᏩ.
38. ᏗᎾᏓᏂᏱᏍᎩᏃ ᎾᏍᎩ ᎯᎠ ᏄᏂᏪᏒ ᏚᏂᏃᏁᎴ ᏗᏄᎪᏗᏍᎩ. ᎤᏂᏍᎦᎴᏃ ᎤᎾᏛᎦᏅ ᎠᏂᎶᎻ ᎨᏒᎢ.
39. ᎤᏂᎷᏤᏃ ᎠᎴ ᏚᏂᏍᏗᏰᏔᏁᎢ; ᏚᏂᏄᎪᏫᏒᏃ ᏚᏂᏔᏲᏎᎴ ᎾᎿᎭᎦᏚᎲ ᎤᎾᏓᏅᏍᏗᏱ.
40. ᎤᏂᏄᎪᏨᏃ ᏗᏓᏍᏚᏗᏱ ᎵᏗ ᎦᏁᎸ ᏭᏂᏴᎸᎩ; ᏚᏂᎪᎲᏃ ᎠᎾᏓᏅᏟ, ᏚᏂᎦᎵᏍᏓᏛᎩ, ᎠᎴ ᎤᎾᏂᎩᏒᎩ.

== Acts 17 ==
1. ᎥᏈᎪᎵᏱᏃ ᎠᎴ ᎠᏆᎶᏂᏯ ᎤᏁᏙᏅ, ᏕᏏᎶᏂᎦ ᏭᏂᎷᏨᎩ, ᎾᎿᎭᎠᏂᏧᏏ ᏓᏂᎳᏫᎢᏍᏗᏱ ᎠᏓᏁᎸᎩ.
2. ᏉᎳᏃ, ᎾᏍᎩ ᎢᏳᏛᏁᏗ ᎨᏒ ᏄᏛᏁᎸᎩ, ᏚᏴᏎᎸᎩ, ᎠᎴ ᏦᎢ ᏄᎾᏙᏓᏆᏍᎬ ᎪᏪᎵ ᎬᏗᏍᎬ ᏕᎦᏬᏁᏗᏍᎬᎩ,
3. ᏕᎪᏏᏏᏍᎬᎩ ᎠᎴ ᎬᏂᎨᏒ ᏂᎬᏁᎲᎩ ᎦᎶᏁᏛ ᎠᏎ ᎤᎩᎵᏲᎢᏍᏗ ᎨᏒᎢ, ᎠᎴ ᎤᏲᎱᏒ ᏧᎵᎯᏐᏗ ᎨᏒᎢ; ᎠᎴ ᎯᎠ ᎾᏍᎩ ᏥᏌ ᎠᏴ ᏥᏨᏯᎵᏥᏙᏁᎭ ᎾᏍᎩ ᎦᎶᏁᏛ, ᎠᏗᏍᎬᎩ.
4. ᎢᎦᏛᏃ ᎤᎾᏓᏑᏴ ᎤᏃᎯᏳᏅᎩ, ᎠᎴ ᏚᎾᎵᎪᏁᎸᎩ ᏉᎳ ᎠᎴ ᏌᏱᎳ, ᎠᎴ ᎤᏂᏣᏔᏅᎯ ᎠᏂᎪᎢ ᎤᏁᎳᏅᎯ ᎠᎾᏓᏙᎵᏍᏓᏁᎯ, ᎠᎴ ᎠᏂᎦᏲᎵᏉ ᏂᎨᏒᎾ ᏄᏂᎬᏫᏳᏒ ᎠᏂᎨᏴ.
5. ᎠᏎᏃ ᎠᏂᏧᏏ ᏄᏃᎯᏳᏒᎾ, ᎠᏅᏳᎬ ᏅᏓᏳᎵᏍᏙᏔᏅᎩ, ᏫᏚᏂᏯᏅᎲᎩ ᎩᎶ ᎢᏳᎾᏍᏗ ᎤᏂᏁᎫᏥᏛ ᎤᏁᏙᎯ, ᏚᏂᏟᏌᏅᏃ ᎤᏂᏖᎸᏅᎩ ᎦᏚᎲᎢ; ᏚᏂᎦᏘᎴᏅᏃ ᏤᏌᏂ ᎦᏁᎸᎢ, ᏴᏫ ᏧᏂᏄᎪᏫᏎᏗᏱ ᎤᎾᏁᎶᏔᏅᎩ.
6. ᏫᏚᎾᏠᏨᏃ ᏫᏚᏂᎾᏌᏁᏒᎩ ᏤᏌᏂ ᎠᎴ ᎩᎶ ᎢᏳᎾᏍᏗ ᎠᎾᏓᏅᏟ, ᎦᏚᎲ ᎨᏥᎦᏘᏗᏍᏗ ᏫᏚᎾᏘᏃᎮᎸᎩ, ᎤᏁᎷᎬᎩ ᎯᎠ ᎾᏂᏪᏍᎬᎩ; ᎯᎠ ᎡᎶᎯ ᏧᏂᎷᏆᏗᏅᏛ, ᎾᏍᏉ ᎠᏂ ᎢᎤᏂᎷᏨ;
7. ᎾᏍᎩ ᏤᏌᏂ ᏚᏓᏂᎸᏨ; ᎠᎴ ᎾᏍᎩ ᏂᎦᏛ ᏚᏂᎸᏫᏍᏓᏁᎲ ᎠᎾᏡᏗᎭ ᏏᏌ ᎤᏁᏨᎢ, ᎯᎠ ᎾᏂᏪᎭ; ᏅᏩᏓᎴ ᎤᎬᏫᏳᎯ ᎡᎭ, ᎾᏍᎩ ᏥᏌ.
8. ᏚᎾᏕᏯᏙᏔᏅᎩᏃ ᏴᏫ ᎠᎴ ᎦᏚᎲ ᎨᏥᎦᏘᏗᏍᏗ, ᎾᏍᎩ ᎯᎠ ᎤᎾᏛᎦᏅ.
9. ᏤᏌᏂᏃ ᎠᎴ ᎠᏂᏐᎢ ᏔᎵ ᎬᏩᎾᏛᏓᏁᎯ ᏚᏂᏩᏛᎲ ᏙᎨᏥᎧᏅᎩ.
10. ᎠᎾᎵᏅᏟᏃ ᎩᎳᏉ ᎢᏴᏛ ᏚᎾᏘᎾᏫᏛᎲᎩ ᏉᎳ ᎠᎴ ᏌᏱᎳ, ᏈᎵᏯ ᏒᏃᏱ ᏫᏚᎾᏘᏅᏍᏔᏅᎩ. ᎾᏍᎩᏃ ᎾᎿᎭᏭᏂᎷᏨ, ᎠᏂᏧᏏ ᏧᏂᎳᏫᎢᏍᏗᏱ ᏭᏂᏴᎸᎩ.
11. ᎾᏍᎩ ᎯᎠ ᎤᏟ ᎠᏃᏏᏳ ᎨᏒᎩ ᎡᏍᎦᏉ ᏕᏏᎶᏂᎦ ᎠᏁᎯ, ᏚᎾᏓᏂᎸᏨᎩᏰᏃ ᎧᏃᎮᏛ ᎠᎴ ᏂᏚᎩᏨᏂᏒ ᏓᏂᎪᎵᏰᏍᎬᎩ ᎪᏪᎵ, ᎾᏍᎩ ᏄᏍᏛ ᎠᎴ ᎾᏍᎩ ᏄᏍᏛᎾ ᎨᏒ ᎤᎾᏙᎴᎰᎯᏍᏗᏱ.
12. ᎾᏍᎩ ᎢᏳᏍᏗ ᎤᏂᏣᏛᎩ ᎾᏍᎩ ᎤᏃᎯᏳᏅᎩ, ᎠᎴ ᎨᏥᎸᏉᏗ ᎠᏂᎪᎢ ᎠᏂᎨᏴ, ᎠᎴ ᎠᏂᏍᎦᏯ ᎠᏂᎦᏲᎵᏉ ᏂᎨᏒᎾ.
13. ᎠᏎᏃ ᎠᏂᏧᏏ ᏕᏏᎶᏂᎦ ᎠᏁᎯ, ᎤᎾᏛᎦᏅ ᏉᎳ ᎾᏍᏉ ᏈᎵᏯ ᎠᎵᏥᏙᎲᏍᎬ ᎤᏁᎳᏅᎯ ᎤᏤᎵᎦ ᎧᏃᎮᏛ, ᎾᎿᎭᎾᏍᏉ ᏭᏂᎷᏨᎩ, ᏴᏫ ᏚᏂᏖᎸᏅᎩ.
14. ᎿᎭᏉᏃ ᎩᎳᏉ ᎢᏴᏛ ᎠᎾᏓᏅᏟ ᎬᏩᏘᎿᎭᏫᏛᎲᎩ ᏉᎳ, ᎠᎺᏉᎯ ᎢᏗᏢ ᏫᎬᏩᏘᏅᏍᏔᏅᎩ. ᏌᏱᎳᏍᎩᏂ ᎠᎴ ᏗᎹᏗ ᎾᎿᎭᏉ ᎤᎾᏗᎩᏴᎩ.
15. ᏉᎳᏃ ᎬᏩᏘᎿᎭᏫᏛᏛ ᎡᏗᏂᏱ ᏫᎬᏩᏘᏃᎸᎩ; ᎠᎴ ᎾᏍᎩ ᎨᏥᏁᏤᎸ ᏌᏱᎳ ᏗᎹᏗᏃ ᎤᎾᏛᎪᏗ, ᏄᎵᏍᏛᏉ ᎬᏩᎷᏤᏗᏱ, ᎤᎾᏂᎩᏒᎩ.
16. ᎠᏏᏉᏃ ᏉᎳ ᎾᏍᎩ ᏓᎦᏘᏴᎩ ᎡᏗᏂᏱ, ᏧᏓᏅᏛ ᎤᏣᏘ ᎤᏕᏯᏔᏁᎸᎩ, ᎤᏙᎴᎰᏒ ᎦᏚᎲ ᎤᏁᎳᏅᎯ ᏗᏰᎸᎯ ᏗᏓᏙᎵᏍᏓᏁᎯ ᎨᏒᎢ.
17. ᎾᏍᎩᏃ ᎢᏳᏍᏗ ᏕᎦᏬᏁᏗᏍᎬᎩ ᏗᎦᎳᏫᎢᏍᏗᏱ ᎠᏂᏧᏏ ᎠᎴ ᎤᏁᎳᏅᎯ ᎠᎾᏓᏙᎵᏍᏓᏁᎯ, ᎠᎴ ᏂᏚᎩᏨᏂᏒ ᎦᏃᏗᏗᏱ ᏕᎦᏬᏁᏗᏍᎬᎩ ᎾᎿᎭᏧᏩᏛᏔᏅᎯ.
18. ᎩᎶᏃ ᎢᏳᎾᏍᏗ ᎠᏂᎦᏔᎿᎭᎢ ᎠᏂᏈᎫᎳ ᎠᎴ ᎠᏂᏍᏙᎢᎦ ᎬᏩᎵᏃᎮᏔᏅᎩ; ᎢᎦᏛᏃ ᎯᎠ ᏄᏂᏪᏒᎩ; ᎦᏙ ᎤᏚᎵ ᎤᏛᏗᏱ ᎯᎠ ᏄᏰᎸᏛᎾ ᎦᏬᏂᏍᎩ; ᎠᏂᏐᎢᏃ ᎯᎠ; ᏅᏩᎾᏓᎴ ᏴᏫ ᏧᎾᏤᎵ ᎦᎸᎳᏗ ᎠᏁᎯ ᏗᎦᎾᏄᎪᏫᏍᎩ ᏅᏩᏍᏗ; ᏅᏓᎦᎵᏍᏙᏗᏍᎬᎩ ᏓᎵᏥᏙᏁᎲᎢ ᏥᏌ ᎠᎴ ᏗᎴᎯᏐᏗ ᎨᏒ ᎤᎬᏩᎵ.
19. ᏫᎬᏩᏯᏅᎲᏃ ᎡᎵᎣᏈᎦ ᎬᏩᏘᏃᎸᎩ, ᎯᎠ ᏄᏂᏪᏒᎩ; ᏥᎪ ᎦᏲᎦᏛᎪᏗᏉ ᏄᏍᏛ ᎾᏍᎩ ᎯᎠ ᎢᏤ ᏗᏕᏲᏗ ᎨᏒ ᎾᏍᎩ ᏥᏃᎮᎭ?
20. ᎪᎱᏍᏗᏰᏃ ᎤᏍᏆᏂᎪᏗ ᏕᎯᎾᏄᎪᏫᏎᎭ ᏦᏥᎴᏂ; ᎾᏍᎩ ᎢᏳᏍᏗ ᎣᎦᏚᎵᎭ ᎣᎦᏙᎴᎰᎯᏍᏗᏱ ᎾᏍᎩ ᏄᏍᏛ ᎦᏛᎬᎢ.
21. ᏂᎦᏛᏰᏃ ᎡᏗᏂᏱ ᎠᏁᎯ ᎠᎴ ᎢᎸᎯᏢ ᏗᏁᎯ ᎾᎿᎭᎠᏁᏙᎯ ᎥᏝ ᎪᎱᏍᏗ ᏱᏚᏂᎸᏫᏍᏓᏁᎮᎢ, ᎠᏂᏃᎮᏍᎬ ᎤᏩᏒ ᎠᎴ ᎠᎾᏛᎩᏍᎬ ᎪᎱᏍᏗ ᎢᏤᎢ.
22. ᎿᎭᏉᏃ ᏉᎳ ᏕᎤᎴᏅ ᎠᏰᎵ ᎡᎵᎣᏈᎦ, ᎯᎠ ᏄᏪᏒᎩ; ᎢᏥᏍᎦᏯ ᎡᏗᏂᏱ ᎢᏤᎯ, ᎦᏙᎴᎣᏍᎦ ᎢᏥᎧᎵᏨᎯ ᎨᏒ ᏕᏥᎾᏰᏍᎬ ᎦᎸᎳᏗ ᎠᏁᎯ.
23. ᎦᎢᏒᏰᏃ ᎠᎴ ᏓᎩᎪᎲ ᎦᎸᏉᏗᏳ ᏗᏥᏰᎸᎯ, ᎠᎩᏩᏛᎲᎩ ᎾᏍᏉ ᎠᏥᎸ-ᎨᎳᏍᏗᏱ ᎯᎠ ᏅᎬᏅ ᎥᎪᏪᎸᎩ; “ᎾᏥᎦᏔᎲᎾ ᎦᎸᎳᏗ ᎡᎯ ᎤᏤᎵᎦ.” ᎾᏍᎩᏃ ᎰᏩ ᏁᏥᎦᏔᎲᎾ ᏤᏣᏓᏙᎵᏍᏓᏁᎭ ᎾᏍᎩ ᎬᏂᎨᏒ ᏂᏨᏴᏁᎭ.
24. ᎤᏁᎳᏅᎯ ᎤᏬᏢᏅᎯ ᏥᎩ ᎡᎳᏂᎬᎢ ᎠᎴ ᏂᎦᏛ ᎾᎿᎭᎠᏁᎯ, ᎾᏍᎩ ᎤᎬᏫᏳᎯ ᎦᎸᎳᏗ ᎠᎴ ᎡᎶᎯ ᎤᎾᏤᎵᎦ, ᎥᏝ ᏱᎦᏁᎸ ᏗᎦᎳᏫᎢᏍᏗᏱ ᎩᎶ ᏧᏬᏱ ᏧᏮᏔᏅᎯ ᏧᏁᏍᎨᎲᎯ.
25. ᎥᏝ ᎠᎴ ᎾᏍᎩ ᎠᏴ ᏧᏃᏰᏂ ᏱᏚᎵᏍᏕᎸᏗ, ᏧᏂᎬᎪ ᎪᎱᏍᏗ ᎾᏍᎩᏯᎢ, ᏕᎠᏁᎮᏰᏃ ᏂᎦᏛ ᏓᏅᏅᎢ ᎠᎴ ᏓᏅᏬᎳᏕᏍᎬ ᎠᎴ ᏂᎦᎥ ᎪᎱᏍᏗ.
26. ᎠᎴ ᏌᏉ ᎩᎬ ᏚᏬᏢᏔᏅ ᎾᏂᎥ ᏄᎾᏓᎴᏒ ᏴᏫ ᎾᏍᎩ ᏧᎾᏁᎳᏗᏍᏗᏱ ᏂᎬᎾᏛ ᎦᏚᎢᏗᏢ ᎡᎶᎯ, ᎠᎴ ᏕᎤᏭᎪᏔᏅ ᎢᏳᎵᏍᏔᏂᏓᏍᏗᏱ, ᎠᎴ ᏫᏚᏍᏖᏅ ᎾᎿᎭᏕᎨᏌᏗᏒ ᏧᎾᏁᎳᏗᏍᏗᏱ.
27. ᎾᏍᎩ ᎤᏂᏯᏍᏗᏱ ᎤᎬᏫᏳᎯ, ᎾᏍᎩ ᎬᏩᎾᏒᏂᏍᏗ ᎠᎴ ᎬᏩᏂᏩᏛᏗ ᎢᏳᎵᏍᏙᏗᏱ, ᎥᏝᏍᎩᏂᏃᏅ ᎢᏗᏏᏴᏫᎭ ᏂᎦᏛᎿᎭᏕᎬᎢ ᎢᏅᎯᏳ ᏱᏄᏛᎿᎭᏕᎦ.
28. ᎾᏍᎩᏰᏃ ᏄᏩᏅ ᏥᏕᏛᏅ, ᎠᎴ ᏥᏓᎵᏖᎸᎲᏍᎦ, ᎠᎴ ᏥᏕᎭ; ᎾᏍᎩ ᎾᏍᏉ ᎩᎶ ᎢᏳᎾᏍᏗ ᏗᎧᏃᎩᏍᏗ ᏗᏃᏪᎵᏍᎩ ᏗᏣᏤᎵᎦ ᎯᎠ ᏄᏂᏪᏒ; “ᎠᏴᏰᏃ ᎾᏍᏉ ᎾᏍᎩ ᏧᏪᏥ.”
29. ᎾᏍᎩᏃ ᎢᏳᏍᏗ, ᎠᏴ ᎤᏁᎳᏅᎯ ᏧᏪᏥ ᏥᎩ, ᎥᏝ ᎯᎠᏉ ᏱᏂᎨᏕᎵᎭ; ᎤᏁᎳᏅᎯ ᎾᏍᎩᏯᏉ ᎠᏕᎸ ᏓᎶᏂᎨ ᎠᎴ ᎠᏕᎸ ᎤᏁᎬ ᎠᎴ ᏅᏯ, ᏴᏫ ᎠᏂᏏᎾᏌᏅ ᎠᎴ ᎤᎾᏓᏅᏖᎸᎯ ᎬᏔᏅᎯ ᎪᏢᏅᎯ.
30. ᎾᎯᏳᏃ ᎾᏍᎩ ᎯᎠ ᎾᏂᎦᏔᎲᎾ ᏥᎨᏎᎢ ᎤᏁᎳᏅᎯ ᎤᏁᎳᎩ ᎤᏪᎵᏎᎢ; ᎠᏎᏃ ᎿᎭᏉ ᏕᎧᏁᏤᎭ ᎾᏂᎥ ᏴᏫ ᏂᎬᎾᏛᎢ ᏧᏂᏁᏟᏴᏍᏗᏱ ᏚᎾ ᏓᏅᏛᎢ;
31. ᏕᎤᏒᏍᏔᏅᏰᏃ ᎢᎦ ᎾᎯᏳ ᎡᎶᎯ ᏚᏳᎪᏛ ᏧᏭᎪᏓᏁᏗᏱ, ᎬᏗᏍᎬ ᎠᏍᎦᏯ ᎾᏍᎩ ᎤᏪᎧᏅᎯ, ᏄᏜᏓᏏᏛᏒᎾ ᏂᏚᏩᏁᎸ ᎾᏂᎥ ᏴᏫ ᎾᏍᎩ ᏕᎤᎴᏔᏅᎢ ᎤᏲᎱᏒᎢ.
32. ᎤᎾᏛᎦᏅᏃ ᎠᏲᎱᏒ ᏗᎴᎯᏐᏗ ᎨᏒᎢ, ᎢᎦᏛ ᎤᏂᏰᎵᎥᎩ, ᎢᎦᏛᏃ ᎯᎠ ᏄᏂᏪᏒᎩ; ᏔᎵᏁ ᎯᎠ ᏛᏨᏯᏛᎦᏁᎵ.
33. ᎿᎭᏉᏃ ᏉᎳ ᎤᏓᏅᏒᎩ ᎠᏂᏅᎢ.
34. ᎩᎶᏍᎩᏂᏃᏅ ᎢᏳᎾᏍᏗ ᎬᏩᎵᎪᏁᎸᎩ ᎠᎴ ᎤᏃᎯᏳᏅᎩ; ᎾᎿᎭᎨᎸᎩ ᏓᏲᏂᏏᏯ ᎡᎵᎣᏈᎦ ᎦᎲᏍᎩ ᏗᎫᎪᏘᏍᎩ ᎠᎴ ᎠᎨᏴ ᏕᎺᎵ ᏧᏙᎢᏛ, ᎠᎴ ᏅᏩᎾᏓᎴ ᎾᏍᏉ.

== Acts 18 ==
1. ᎾᏍᎩᏃ ᏄᎵᏍᏔᏂᏙᎸ ᏉᎳ ᎡᏗᏂᏱ ᎤᏓᏅᏒᎩ ᎪᎵᏂᏗᏱ ᏭᎷᏨᎩ.
2. ᎤᏩᏛᎲᏃ ᎩᎶ ᎢᏳᏍᏗ ᎠᏧᏏ ᎡᏈᎳ ᏧᏙᎢᏛ, ᏋᏗᏱ ᎤᏕᏅᎯ, ᎩᎳᎢ ᎤᎷᏦᏅᎯ ᎢᏓᎵ ᏅᏓᏳᎶᏒᎯ, ᎠᎴ ᎾᏍᏉ ᎤᏓᎵᎢ ᏈᏏᎳ ᏧᏙᎢᏛ, ᏅᏓᎦᎵᏍᏙᏗᏍᎬ ᏠᏗᏯ ᎤᏁᏨ ᏂᎦᏛ ᎠᏂᏧᏏ ᎶᎻ ᎤᎾᏓᏅᏍᏗᏱ, ᎾᏍᎩ ᏚᏩᏛᎯᎸᎩ.
3. ᎤᏠᏱᏃ ᏧᎸᏫᏍᏓᏁᎯ ᎨᏒᎢ, ᎾᏍᎩ ᎢᏳᏍᏗ ᎠᏂᏁᎸ ᎤᏪᏅᎩ, ᎠᎴ ᏚᎸᏫᏍᏓᏁᎸᎩ; ᏚᏂᎸᏫᏍᏓᏁᎲᏰᏃ ᏗᎦᎵᏦᏙᏗ ᏗᏃᏢᏍᎩ ᎨᏒᎢ.
4. ᏄᎾᏙᏓᏈᏒᏃ ᎠᏂᏧᏏ ᏧᏂᎳᏫᎢᏍᏗᏱ ᎦᏬᏂᏍᎬᎩ, ᎠᎴ ᏓᏍᏗᏰᏗᏍᎬᎩ ᎠᏂᏧᏏ ᎠᎴ ᎠᏂᎪᎢ.
5. ᎿᎭᏉᏃ ᏌᏱᎳ ᎠᎴ ᏗᎹᏗ ᎤᏂᎷᏨ, ᎹᏏᏙᏂ ᏧᏂᎶᏒ, ᏉᎳ ᎤᏓᏅᏛ ᎤᏱᎸᏒᎩ, ᎠᎴ ᎾᏍᎩ ᎬᏂᎨᏒ ᏂᏚᏩᏁᎸᎩ ᎠᏂᏧᏏ ᏥᏌ ᎾᏍᎩ ᎦᎶᏁᏛ ᎨᏒᎢ.
6. ᎾᏍᎩᏃ ᎤᏂᏲᏍᏙᏔᏅ ᎠᎴ ᎤᏂᏐᏢᎢᏍᏔᏅ, ᎤᏄᏬ ᎤᏩᏣᎬᏅᎩ ᎯᎠ ᏂᏚᏪᏎᎸᎩ; ᎢᏥᎩᎬ ᏗᏥᏍᎪᎵ ᎢᏨᏒ ᏕᏣᏓᏅᎵᏰᎡᏍᏗ, ᎠᏴ ᎥᏝ ᏯᏆᏓᏅᎵᏰᎥ; ᎿᎭᏉ ᎪᎯ ᎢᏳᏓᎴᏅᏛ ᏧᎾᏓᎴᏅᏛ ᏴᏫ ᏗᏁᎲ ᏮᏓᏥᎶᏏ.
7. ᎾᎿᎭᏃ ᎤᏂᎩᏒ, ᏭᏴᎸᎩ ᎩᎶ ᎢᏳᏍᏗ ᎦᏁᎸ ᏣᏍᏓ ᏧᏙᎢᏛ, ᎤᏁᎳᏅᎯ ᎠᏓᏙᎵᏍᏓᏁᎯ, ᎾᏍᎩ ᎦᏁᎸ ᏚᏓᏯᎸᎩ ᏗᎦᎳᏫᎢᏍᏗᏱ.
8. ᏟᏍᏆᏃ ᏗᎦᎳᏫᎢᏍᏗᏱ ᏄᎬᏫᏳᏒ ᎠᏥᎦᏘᏗᏍᏗ ᎤᏬᎯᏳᏅᎩ ᎤᎬᏫᏳᎯ, ᎠᎴ ᏂᎦᏛ ᏚᏓᏘᎾᎥᎢ, ᎤᏂᏣᏘᏃ ᎪᎵᏂᏗᏱ ᎠᏁᎯ ᎤᎾᏛᎦᏅ ᎤᏃᎯᏳᏅᎩ; ᎠᎴ ᏕᎨᎦᏬᎥᎩ.
9. ᎤᎬᏫᏳᎯᏃ ᎯᎠ ᏄᏪᏎᎴ ᏉᎳ ᏒᏃᏱ ᎤᏁᎳᏫᏎᎲᎢ; ᏞᏍᏗ ᏱᏍᎦᎢᎮᏍᏗ, ᎯᏂᎨᏍᏗᏉᏍᎩᏂ ᎠᎴ ᏞᏍᏗ ᎡᎳᏪ ᏨᏅᎩ,
10. ᎠᏴᏰᏃ ᏕᎬᎦᎿᎭᏩᏗᏙᎭ, ᎠᎴ ᎥᏝ ᎩᎶ ᏱᏙᎨᏣᏘᎷᎦ ᎤᏐᏅ ᎪᎱᏍᏗ ᏨᏁᏗᏱ, ᎤᏂᏣᏔᏰᏃ ᏴᏫ ᎠᏂ ᎦᏚᎲ ᏓᎩᎧᎭ.
11. ᎾᎿᎭᏃ ᏑᏕᏘᏴᏛ ᏑᏓᎵᏃ ᎢᏯᏅᏙ ᎤᏪᏙᎸᎩ, ᏓᏕᏲᎲᏍᎬᎩ ᎧᏃᎮᏛ ᎤᏁᎳᏅᎯ ᎤᏤᎵᎦ ᎾᎿᎭᎠᏁᎲᎢ.
12. ᎨᎵᏲᏃ ᏂᎯᏳ ᎡᎧᏯ ᎠᏥᎦᏘᏗᏍᏛᎢ, ᎠᏂᏧᏏ ᏌᏉ ᎢᎦᎦᏛ ᎬᏩᏁᎷᎩᎡᎸᎩ ᏉᎳ, ᎠᎴ ᎬᏩᏘᏃᎸ ᏗᎫᎪᏙᏗᏱ ᎦᏍᎩᎸᎢ,
13. ᎯᎠ ᏄᏂᏪᏒᎩ; ᎯᎠ ᎾᏍᎩ ᏓᏍᏗᏰᏗᎭ ᏴᏫ ᎤᏁᎳᏅᎯ ᎠᎾᏓᏙᎵᏍᏓᏁᎲ ᏗᎧᎿᎭᏩᏛᏍᏗ ᎤᏂᏲᏍᏙᏗᏱ.
14. ᎿᎭᏉᏃ ᏉᎳ ᏛᏍᏚᎢᏏᏒᎩ ᎠᎰᎵ, ᎨᎵᏲ ᎯᎠ ᏂᏚᏪᏎᎸᎩ ᎠᏂᏧᏏ; ᎢᏳᏃ ᎤᏲ ᎢᏳᏛᏁᎸᎯ ᏱᎩ, ᎠᎴ ᎤᏍᎦᏅᏨᎯ ᏱᎩ, ᎢᏥᏧᏏ, ᏚᏳᎪᏛ ᏱᎩ ᎢᏨᏯᏛᏓᏍᏓᏁᏗᏱ.
15. ᎢᏳᏍᎩᏂ ᎧᏁᏨᎯ ᎠᎴ ᎪᎱᏍᏗ ᏚᏙᎥ ᎠᎴ ᏗᎧᎿᎭᏩᏛᏍᏗ ᎢᏣᏤᎵᎦ ᎧᏃᎮᏗ ᏱᎩ, ᎢᏨᏒ ᏗᏥᎸᏫᏍᏓᏏ, ᎥᏝᏰᏃ ᎾᏍᎩ ᎢᏳᏍᏗ ᎠᏴ ᏱᏙᎦᎫᎪᏓ.
16. ᏚᎨᎯᏙᎸᎩᏃ ᏗᎫᎪᏙᏗᏱ ᎦᏍᎩᎸᎢ.
17. ᎿᎭᏉᏃ ᏂᎦᏛ ᎠᏂᎪᎢ ᎤᏂᏂᏴᎲ ᏐᏍᏗᏂ ᎠᏂᏧᏏ ᏧᏂᎳᏫᎢᏍᏗᏱ ᏄᎬᏫᏳᏒ ᎠᏥᎦᏘᏗᏍᏗ, ᎤᏂᎵᎥᏂᎸᎩ ᎢᎬᏱᏢ ᏗᎫᎪᏙᏗᏱ ᎦᏍᎩᎸᎢ. ᎨᎵᏲᏃ ᎥᏝ ᏳᎦᏌᏯᏍᏔᏁ ᎾᏍᎩ ᏄᏍᏗᏕᎬᎢ.
18. ᏉᎳᏃ ᎠᏏ ᎤᏬᎯᏨᎩ ᎤᏪᏙᎸᎩ; ᎿᎭᏉᏃ ᏚᏲᎵᎸ ᎠᎾᏓᏅᏟ, ᏥᏳᎯ ᏭᏣᏅᎩ ᏏᎵᏱ ᏭᎶᏒᎩ; ᎠᎴ ᎾᏍᏉ ᏈᏏᎳ ᎠᎴ ᎡᏈᎳ ᎬᏩᏍᏓᏩᏛᏒᎩ, ᎤᎵᏍᏙᏰᎲᎯ ᎨᏒᎩ ᏒᏟᏯ ᎢᏴᏛ, ᎤᏁᎳᏅᎯᏰᏃ ᎤᏚᎢᏍᏓᏁᎸᎯ ᎨᏒᎩ.
19. ᎡᏈᏌᏃ ᏭᎷᏨᎩ ᎠᎴ ᎾᎿᎭᏚᏩᏕᎲᎩ, ᎤᏩᏒᏍᎩᏂ ᏗᎦᎳᏫᎢᏍᏗᏱ ᏭᏴᎸᎩ ᎠᎴ ᏚᏬᏁᏔᏅᎩ ᎠᏂᏧᏏ.
20. ᎬᏩᏔᏲᏎᎸᏃ ᎤᏬᎯᎢᏍᏗᏱ ᏧᏪᎳᏗᏓᏍᏗᏱ ᎥᏝ ᏳᏬᎯᏳᏁᎢ;
21. ᏚᏲᎵᎸᏉᏍᎩᏂ ᎯᎠ ᏄᏪᏒᎩ; ᎠᏎ ᎠᎩᏍᏆᏂᎪᏙᏗ ᏥᎷᏏᎵᎻ ᎯᎠ ᏗᎵᏍᏓᏴᏗᏱ ᏨᏛᏍᏆᎸᎯ. ᎠᏎᏃ ᏔᎵᏁ ᏛᏨᏩᏛᎯᎵ, ᎢᏳᏃ ᎤᏁᎳᏅᎯ ᎤᏏᏳ ᏳᏰᎸᏅ. ᎡᏈᏌᏃ ᏥᏳᎯ ᏭᏣᏅᎩ.
22. ᏏᏌᎵᏱᏃ ᎤᏚᎩᏒ, ᎠᎴ ᏧᎾᏁᎶᏗ ᎤᎾᏓᏡᎬ ᏫᏚᏲᎵᎸ, ᎥᏘᎣᎩ ᏭᎶᏒᎩ.
23. ᏰᎵᏃ ᎤᏬᎯᏨ ᎤᏪᏙᎸ, ᎤᏂᎩᏒᎩ, ᎠᎴ ᎨᎴᏏᏱ ᎠᎴ ᏈᏥᏱ ᎣᏍᏛ ᎤᏱᎸᏒᎩ ᎤᏪᏐᎸᎩ, ᏓᎵᏂᎪᎯᏍᏗᏍᎬᎩ ᏂᎦᏛ ᎠᏃᎯᏳᎲᏍᎩ
24. ᎩᎶᏃ ᎢᏳᏍᏗ ᎠᏧᏏ ᎠᏉᎳ ᏧᏙᎢᏛ, ᎡᎵᎩᏱ ᎤᏛᏒᎯ, ᎠᏏᎾᏍᏛ ᎤᏬᏂᎯᏍᏗᏱ, ᎠᎴ ᏗᎦᎸᏉᏗ ᎪᏪᎵ ᏗᏏᎾᏍᏛ, ᎡᏈᏌ ᎤᎷᏨᎩ.
25. ᎾᏍᎩ ᎯᎠ ᎠᎨᏲᏅᎯ ᎨᏒᎩ ᎤᎬᏫᏳᎯ ᎤᏅᏅᎢ, ᎠᎴ ᎤᎵᏂᎩᏛ ᎨᏒ ᎤᏓᏅᏛᎢ, ᎧᏃᎮᏍᎬᎩ ᎠᎴ ᏓᏕᏲᎲᏍᎬᎩ ᎾᏑᎵᎪᎬᎾ ᎤᎬᏫᏳᎯ ᎤᏤᎵ ᎤᎬᏩᎵ ᎨᏒᎢ, ᏣᏂ ᎤᏤᎵ ᏗᏓᏬᏍᏗ ᎤᏩᏒ ᎠᎦᏔᎲᎩ.
26. ᎾᏍᎩ ᎤᎴᏅᎲᎩ ᎾᏍᎦᎢᎲᎾ ᎤᏬᏂᏒᎩ ᏗᎦᎳᏫᎢᏍᏗᏱ. ᎾᏍᎩᏃ ᎡᏈᎳ ᎠᎴ ᏈᏏᎳ ᎤᎾᏛᎦᏁᎸ ᎤᏂᏯᏅᎲᎩ, ᎠᎴ ᎤᏟ ᎢᏲᏍᏛ ᏚᏃᏏᏌᏁᎸᎩ ᎤᏁᎳᏅᎯ ᎤᏤᎵ ᎦᏅᏅᎢ.
27. ᎤᏚᎸᎲᏃ ᎡᎧᏯ ᎤᏪᏅᏍᏗᏱ, ᎠᎾᏓᏅᏟ ᎤᏃᏪᎳᏅᎩ ᏗᏂᏔᏲᏎᎸᎩ ᎠᏃᎯᏳᎲᏍᎩ ᏗᎬᏩᏓᏂᎸᎢᏍᏗᏱ; ᎾᏍᎩᏃ ᏭᎷᏨ, ᎤᏣᏘ ᏚᏍᏕᎸᎲᎩ ᎤᏁᎳᏅᎯ ᎤᏓᏙᎵᏣᏛ ᎢᏳᏩᏂᏌᏛ ᎤᏃᎯᏳᏅᎯ.
28. ᎤᎵᏂᎩᏛᏯᏰᏃ ᎦᏬᏂᏍᎬ ᎬᏗᏍᎬ ᎤᏃᎯᏳᏗᏱ ᏄᏩᏁᎸᎩ ᎠᏂᏧᏏ ᏕᎦᎳᏫᎥᎢ, ᏗᎦᎸᏉᏗ ᎪᏪᎵ ᏕᎬᏗᏍᎬᎢ ᎬᏂᎨᏒ ᏂᎬᏁᎲ ᏥᏌ ᎾᏍᎩ ᎦᎶᏁᏛ ᎨᏒᎢ.

== Acts 19 ==
1. ᎯᎠᏃ ᏄᎵᏍᏔᏅᎩ, ᎾᎯᏳ ᎠᏉᎳ ᎪᎵᏂᏗᏱ ᎡᏙᎲᎩ, ᏉᎳ ᎠᏰᎵ ᎨᏒ ᎤᎶᏒ, ᎡᏈᏌ ᏭᎷᏨᎩ. ᏚᏩᏛᎲᏃ ᎩᎶ ᎢᏳᎾᏍᏗ ᎠᏃᎯᏳᎲᏍᎩ,
2. ᎯᎠ ᏂᏚᏪᏎᎸᎩ; ᎡᏥᏁᎸᏍᎪ ᎦᎸᏉᏗᏳ ᎠᏓᏅᏙ ᎨᏦᎯᏳᏅᎯ? ᎯᎠᏃ ᏅᎬᏩᏪᏎᎸᎩ; ᎥᏝ ᎣᎦᏛᎦᏅᎯᎤᏅ ᏱᎩ ᎦᎸᏉᏗᏳ ᎠᏓᏅᏙ ᎡᎲᎢ.
3. ᎯᎠᏃ ᏂᏚᏪᏎᎸᎩ; ᎦᏙ ᎤᏍᏗ ᏗᏓᏬᏍᏙᏗ ᎨᏒ ᏕᏣᏬᏍᏔᏁᎢ? ᏣᏂ ᏧᏓᏬᏍᏙᏗ ᎨᏒ, ᎤᎾᏛᏅᎩ.
4. ᏉᎳᏃ ᎯᎠ ᏄᏪᏒᎩ; ᏣᏂ ᎤᏙᎯᏳᎯ ᏓᏓᏬᏍᏗᏍᎬᎩ ᏗᏓᏬᏍᏙᏗ ᎦᏁᏟᏴᏍᏗ ᎨᏒ ᎣᏓᏅᏛ ᎤᎬᏩᎵ, ᏕᎧᏁᏤᎲ ᏴᏫ, ᎤᏃᎯᏳᏗᏱ ᎣᏂ ᏅᏓᏰᎩ, ᎾᏍᎩ ᎦᎶᏁᏛ ᏥᏌ ᏕᎪᏎᎲᎩ.
5. ᎾᏍᎩᏃ ᎤᎾᏛᎦᏅ ᎤᎬᏫᏳᎯ ᏥᏌ ᏚᏙᎥ ᏕᎨᎦᏬᏍᏔᏅᎩ.
6. ᎿᎭᏉᏃ ᏉᎳ ᏚᏏᏔᏛ, ᎦᎸᏉᏗᏳ ᎠᏓᏅᏙ ᎤᏂᎷᏤᎸᎩ, ᏚᏂᏬᏂᏒᎩᏃ ᏧᏓᎴᏅᏛ ᏗᎦᏬᏂᎯᏍᏗ ᎨᏒᎢ, ᎠᎴ ᎤᎾᏙᎴᎰᏒᎩ.
7. ᎾᏍᎩᏃ ᎠᏂᏍᎦᏯ ᏂᎦᏛ ᏔᎳᏚ ᎢᏴᏛ ᎾᏂᎥᎩ.
8. ᏗᎦᎳᏫᎢᏍᏗᏱᏃ ᏭᏴᎸ ᎾᏍᎦᎢᎲᎾ ᎦᏬᏂᏍᎬᎩ, ᏦᎢ ᎢᏯᏅᏙ ᎢᎦᎯᏛ ᏕᎦᏬᏁᏗᏍᎬᎩ ᎠᎴ ᏓᏍᏗᏰᏗᏍᎬᎩ ᎤᏃᎯᏳᏗᏱ ᎤᏁᎳᏅᎯ ᎤᏤᎵᎪᎯ ᎤᎬᏩᎵ.
9. ᎩᎶᏃ ᎢᏳᎾᏍᏗ ᎤᏂᏍᏓᏲᏒ ᎠᎴ ᏄᏃᎯᏳᏅᎾ ᏄᎵᏍᏔᏅ, ᎠᎴ ᎣᏐᏅᏉ ᎤᏂᏃᎮᎸ ᎾᏍᎩ ᎦᏅᏅ ᎤᎬᏩᎵ ᎤᏂᏣᏘ ᎠᏂᎦᏔᎲᎢ, ᏚᏓᏅᎡᎸᎩ, ᎠᎴ ᏚᏓᏓᎴᏔᏅᎩ ᎠᏃᎯᏳᎲᏍᎩ ᏕᎦᏬᏁᏗᏍᎬᎩ ᏂᏚᎩᏨᏂᏒ ᎩᎶ ᎢᏳᏍᏗ ᏓᎳᎾ ᏧᏙᎢᏛ ᏧᏕᏲᏗᏱ.
10. ᎾᏍᎩᏃ ᎯᎠ ᏄᏛᏁᎸᎩ ᏔᎵ ᏧᏕᏘᏴᏛ ᎢᎪᎯᏛ, ᎾᏍᎩ ᏅᏓᏳᎵᏍᏙᏔᏅᎩ ᏂᎦᏛ ᎡᏏᏱ ᎠᏁᎯ ᎠᏂᏧᏏ ᎠᎴ ᎠᏂᎪᎢ ᎤᎾᏛᎦᏅᎩ ᎧᏃᎮᏛ ᎤᎬᏫᏳᎯ ᏥᏌ ᎤᏤᎵᎦ.
11. ᎠᎴ ᎤᏁᎳᏅᎯ ᏯᏃ ᎢᏳᎵᏍᏙᏗ ᏂᎨᏒᎾ ᎤᏍᏆᏂᎪᏗ ᏚᎸᏫᏍᏓᏁᎲᎩ ᏉᎳ ᎠᎬᏗᏍᎬᎩ;
12. ᎠᏰᎸᏰᏃ ᏧᏓᎴᏅᎯ ᏗᏯᏠ ᎠᎴ ᏗᏞᏌᏙ ᏓᏂᏃᎮᎲᎩ ᏧᏂᏢᎩ, ᎥᏳᎩᏃ ᎠᎵᏛᏗᏍᎬᎩ, ᎤᏂᏲᏃ ᏗᏓᏅᏙ ᎬᏩᏂᏄᎪᎬᎩ.
13. ᎩᎶᏃ ᎢᏳᎾᏍᏗ ᎠᏂᏧᏏ ᏅᏁᏙᎯ, ᎠᏂᏍᎩᎾ ᏗᏂᏄᎪᏫᏍᎩ, ᎤᎾᏓᏅᏖᎴ ᎤᎬᏫᏳᎯ ᏥᏌ ᏕᎤᏙᎥ ᏧᏂᏁᎢᏍᏓᏁᏗᏱ ᎤᏂᏲ ᏗᏓᏅᏙ ᏧᏂᏯᎢ, ᎯᎠ ᏄᏂᏪᏎᎢ; ᎢᏨᏁᎢᏍᏓᏏ ᏥᏌ, ᎾᏍᎩ ᏉᎳ ᎠᎵᏥᏙᎲᏍᎬ ᏥᎦᏃᎮᎭ.
14. ᎠᏁᎮᏃ ᎦᎵᏉᎩ ᎢᏯᏂᏛ ᏏᏫ ᏧᏙᎢᏛ ᏧᏪᏥ ᎠᏧᏏ ᏄᎬᏫᏳᎡ ᎠᏥᎸᎨᎶᎯ ᎾᏍᎩ ᎾᎾᏛᏁᎮᎢ.
15. ᎤᏲᏃ ᎠᏓᏅᏙ ᎤᏁᏨ ᎯᎠ ᏄᏪᏎᎢ; ᏥᏌ ᏥᎦᏔᎭ, ᎠᎴ ᏉᎳ ᏥᎦᏔᎭ, ᏂᎯᏍᎩᏂ ᎦᎪ ᎢᏣᏍᏗ?
16. ᎠᏍᎦᏯᏃ ᎤᏲ ᎠᏓᏅᏙ ᎤᏯᎢ ᏚᏁᎷᎩᎡᎴᎢ, ᎠᎴ ᎡᏍᎦ ᏂᏚᏩᏁᎴᎢ, ᎠᎴ ᏚᏎᎪᎩᏎᎢ, ᎾᏍᎩ ᎢᏳᏍᏗ ᎤᎾᎵᏎ ᎾᎿᎭᎠᏓᏁᎸ ᎤᏂᏄᎪᏤ ᏧᏂᏰᎸᎢᎭ ᎠᎴ ᏗᎨᏥᏐᏅᏅᎯ.
17. ᎠᎴ ᎾᏍᎩ ᎯᎠ ᎤᎾᏛᎦᏅᎩ ᏂᎦᏛ ᎠᏂᏧᏏ ᎠᎴ ᎠᏂᎪᎢ ᎡᏈᏌ ᎠᏁᎯ; ᏂᎦᏛᏃ ᎤᏂᎾᏰᏒᎩ, ᎠᎴ ᎤᎬᏫᏳᎯ ᏥᏌ ᏚᏙᎥ ᎦᎸᏉᏗᏳ ᏄᎵᏍᏔᏅᎩ.
18. ᎤᏂᏣᏛᎩᏃ ᎤᏃᎯᏳᏅᎯ ᎤᏂᎷᏨᎩ, ᎠᏂᏃᎲᏍᎬ ᎠᎴ ᎬᏂᎨᏒ ᎾᏅᏁᎲᏚᏂᎸᏫᏍᏓᏁᎸᎢ.
19. ᎾᏍᏉ ᎤᏂᏣᏛᎩ ᎤᏍᏆᏂᎪᏗ ᎠᎾᏛᏁᎵᏍᎩ ᏚᏂᏟᏌᏅᎩ ᎪᏪᎵ, ᎠᎴ ᏚᎾᎪᎲᏍᏔᏅᎩ ᏂᎦᏛ ᎠᏂᎦᏔᎲᎢ. ᎤᎾᏎᎸᏃ ᏧᎬᏩᎶᏗᎯ ᎤᎾᏙᎴᎰᏒᎩ ᎯᏍᎦᏍᎪᎯ ᎢᏯᎦᏴᎵ ᎨᏒ ᎤᏂᏁᎬ ᎠᏕᎸ.
20. ᎾᏍᎩ ᏧᎵᏂᎬᎬᎩ ᎤᏛᏃᏒᎩ ᎠᎴ ᎤᏰᎵᏒᎩ ᎧᏃᎮᏛ ᎤᏁᎳᏅᎯ ᎤᏤᎵᎦ.
21. ᎾᏍᎩᏃ ᎯᎠ ᏄᎵᏍᏔᏂᏙᎸ, ᏉᎳ ᎤᏓᏅᏖᎸᎩ ᎤᏓᏅᏛᎢ, ᎿᎭᏉ ᎹᏏᏙᏂ ᎠᎴ ᎡᎧᏯ ᎤᎶᏐᏅᎯ, ᏥᎷᏏᎵᎻ ᏭᎶᎯᏍᏗᏱ, ᎯᎠ ᏄᏪᏒᎩ; ᎾᎿᎭᎬᏇᏙᏅᎯ ᎨᏎᏍᏗ ᎶᎻ ᎾᏍᏉ ᎠᏎ ᏛᏥᎪᎢ.
22. ᎰᏩᏃ ᎹᏏᏙᏂ ᏕᎤᏅᏒᎩ ᎠᏂᏔᎵ ᎬᏩᏍᏕᎸᎯᏙᎯ, ᏗᎹᏗ ᎠᎴ ᎢᎳᏍᏓ, ᎤᏩᏒᏍᎩᏂ ᎤᏗᎩᏴᎩ ᎡᏏᏱ ᎢᎸᏍᎩ ᎢᎪᎯᏛ.
23. ᎾᎯᏳᏃ ᎥᏝ ᎤᏍᏗᏉ ᎤᏕᏯᏙᏗ ᏱᏄᎵᏍᏔᏁᎢ, ᏅᏓᎦᎵᏍᏙᏗᏍᎬᎩ ᎾᏍᎩ ᎦᏅᏅ ᎤᎬᏩᎵ.
24. ᎩᎶᏰᏃ ᎢᏳᏍᏗ ᏗᎻᏟᏯ ᏧᏙᎢᏛ, ᎠᏕᎸ ᎠᏢᏅᎥᏍᎩ, ᎠᏕᎸ ᏗᎪᏢᏔᏅᎯ ᏓᏓᏁᎸ ᏕᎪᏢᎾᏁᎲ ᏓᏰᏂ, ᎥᏝ ᎤᏍᏗᏉ ᏧᎬᏩᎶᏗ ᏱᏓᏩᏛᎡᎮ ᎠᏃᏢᏅᎥᏍᎩ.
25. ᎾᏍᎩ ᏚᏪᏟᏌᏅ ᎠᎴ ᏅᏩᎾᏓᎴ ᎾᏍᎩ ᎢᏳᏍᏗ ᏧᏂᎸᏫᏍᏓᏁᎯ ᏚᏪᏟᏌᏅ ᎯᎠ ᏄᏪᏒᎩ; ᎢᏥᏍᎦᏯ, ᎢᏥᎦᏔᎭ ᎯᎠ ᎾᏍᎩ ᏗᎦᎸᏫᏍᏓᏁᏗ ᎨᏒ ᏧᎬᏩᎶᏗ ᎢᏗᏩᏛᏗᏍᎬᎢ.
26. ᎠᎴ ᎢᏥᎪᏩᏘᎭ ᎠᎴ ᎢᏣᏛᎩᎭ, ᎥᏝ ᎡᏈᏌᏉ ᎤᏩᏒ, ᎾᏍᏉᏍᎩᏂ ᎠᎴᏉ ᏂᎬᎾᏛ ᎡᏏᏱ, ᎯᎠ ᏉᎳ ᏓᏍᏗᏰᏗᏍᎬ ᏚᎦᏔᎲᏒ ᎤᏂᏣᏘ ᏴᏫ, ᎯᎠ ᏂᏕᎦᏪᏎᎲᎢ, ᎥᏝ ᎦᎸᎳᏗ ᎠᏁᎯ ᏱᎩ ᎩᎶ ᏧᏬᏰᏂᏉ ᏧᏬᏢᏔᏅᎯ ᏥᎩ.
27. ᎠᎴ ᎥᏝ ᎯᎠᏉ ᏗᎩᎸᏫᏍᏓᏁᏗ ᎨᏒ ᎤᏩᏒ ᎤᏁᎳᎩ ᏫᎬᏩᏲᏥᏓᏍᏗ ᏱᎩ; ᎾᏍᏉᏍᎩᏂ ᎠᏓᏁᎸ ᎦᎸᏉᏗᏳ ᎦᎸᎳᏗ ᎡᎯ ᏓᏰᏂ ᎤᏤᎵᎦ ᎠᏎᏉᏉ ᎢᎬᏩᎵᏍᏔᏂᏓᏍᏗ, ᎠᎴ ᎾᏍᎩ ᎠᏥᎸᏉᏗᏳ ᎨᏒ ᏫᎬᏩᏲᏥᏓᏍᏗ, ᎾᏍᎩ ᏂᎦᏛ ᎡᏏᏱ ᎠᎴ ᏂᎬᎾᏛ ᎡᎶᎯ ᏥᎬᏩᎸᏉᏗᎭ.
28. ᎾᏍᎩᏃ ᎤᎾᏛᎦᏅ ᎤᏂᏔᎳᏬᏍᎬᎢ ᎤᏂᎧᎵᏨᎩ, ᎠᎴ ᎤᏁᎷᏅᎩ ᎯᎠ ᏄᏂᏪᏒᎩ; ᎦᎸᏉᏗᏳ ᏓᏰᏂ ᎡᏈᏌ ᎠᏁᎯ ᎤᎾᏤᎵᎦ.
29. ᏂᎬᏃ ᎦᏚᎲ ᎤᎾᏓᏑᏰᏛᏉ ᏄᎵᏍᏔᏅᎩ, ᏚᏂᏂᏴᎲᏃ ᎦᏯ ᎠᎴ ᎡᎵᏍᏔᎦ ᎹᏏᏙᏂ ᎠᏁᎯ, ᏉᎳ ᎤᎾᎵᎪᎯ ᎠᏁᏙᎲᎢ, ᎤᎴᏃᏅᎯ ᎤᎾᏁᎷᎩᏒᎩ ᏭᏂᏴᎸᎩ ᎤᎾᏛᏁᎸᏗᏱ.
30. ᏉᎳᏃ ᏫᏚᏴᏎᏗᏱ ᏴᏫ ᎤᏓᏅᏖᎸ, ᎠᏃᎯᏳᎲᏍᎩ ᎬᏩᏅᏍᏓᏕᎸᎩ.
31. ᎩᎶᏃ ᎢᏳᎾᏍᏗ ᏗᎨᎦᏁᎶᏗ ᎡᏏᏱ ᎠᏁᎯ, ᏉᎳ ᏧᎵᎢ, ᎤᎾᏓᏅᏒᎩ ᏫᎬᏩᏔᏲᏎᎸᎩ, ᏭᏴᏍᏗᏱ ᏂᎨᏒᎾ ᎤᎾᏛᏁᎸᏗᏱ.
32. ᎤᏁᎷᏅᎯ ᏧᏓᎴᏅᏛᏉ ᏂᏚᏂᏪᏒᎩ; ᏓᏂᎳᏫᎥᏰᏃ ᎤᎾᏓᏑᏰᏛᏉ ᎨᏒᎩ, ᎠᎴ ᎤᏟ ᎢᏯᏂᏛ ᎥᏝ ᏯᏂᎦᏔᎮ ᏅᏗᎦᎵᏍᏙᏗᏍᎬ ᎤᎾᏓᏟᏌᏅᎢ.
33. ᏭᏃᏯᏁᏒᎩᏃ ᎡᎵᎩ ᎤᏂᏣᏘ ᎠᏂᏙᎾᎥᎢ, ᎾᏍᎩ ᎠᏂᏧᏏ ᎠᏂᏅᏫᏍᏗᏍᎬᎩ; ᎡᎵᎩᏃ ᎤᏕᎸᏅ ᎤᏬᏰᏂ ᎤᏚᎵᏍᎬᎩ ᎤᏩᏒ ᎠᎵᏍᏕᎵᏍᎬᎢ ᏧᏬᏁᏙᏗᏱ ᏴᏫ.
34. ᎠᏎᏃ ᎤᎾᏙᎴᎰᏒ ᎠᏧᏏ ᎨᏒᎢ, ᏌᏉ ᏥᎧᏁᎪ ᎾᏍᎩᏯ ᏂᎦᏛ ᎤᏁᎷᏅᎩ, ᏔᎵᎭ ᎢᏳᏟᎶᏛ ᎢᎪᎯᏛ ᎯᎠ ᎾᏂᏪᏍᎬᎩ; ᎦᎸᏉᏗᏳ ᏓᏰᏂ ᎡᏈᏌ ᎠᏁᎯ ᎤᎾᏤᎵᎦ.
35. ᏗᎪᏪᎵᏍᎩᏃ ᏚᏲᏍᏙᏓᏁᎸ ᏴᏫ, ᎯᎠ ᏄᏪᏒᎩ; ᎢᏥᏍᎦᏯ ᎡᏈᏌ ᎢᏤᎯ, ᎦᎪ ᎡᎭ ᎾᎦᏔᎲᎾ ᎦᏚᎲ ᎡᏈᏌ ᎾᏍᎩ ᎡᏓᏓᏙᎵᏍᏓᏁᎯ ᎨᏒ ᎦᎸᏉᏗᏳ ᎦᎸᎳᏗ ᎡᎯ ᏓᏰᏂ, ᎠᎴ ᏧᏉᏙ ᏅᏓᏳᎶᎣᏒᎯ ᏗᏟᎶᏍᏔᏅᎯ?
36. ᎾᏍᎩᏃ ᎢᏳᏍᏗ ᎯᎠ ᏄᏜᏓᏏᏛᎡᏗ ᏂᎨᏒᎾ ᏥᎩ, ᏙᎯᏱᏉᏍᎩᏂ ᏱᏂᏣᏛᏅ, ᎠᎴ ᎪᎱᏍᏗ ᎬᏁᎳᎩ ᏂᏣᏛᏁᎸᎾ ᏱᎩ.
37. ᏕᏣᏘᏃᎦᏰᏃ ᎯᎠ Ꮎ ᎠᏂᏍᎦᏯ, ᎾᏍᎩ ᎦᎸᏉᏗ ᏕᎨᏒ ᎠᏂᏃᏍᎩᏍᎩ ᏂᎨᏒᎾ, ᎠᎴ ᎢᏣᏤᎵ ᎦᎸᎳᏗ ᎡᎯ ᎠᏂᏐᏢᎢᏍᏗᏍᎩ ᏂᎨᏒᎾ.
38. ᎾᏍᎩ ᎢᏳᏍᏗ ᎢᏳᏃ ᏗᎻᏟᏯ ᎠᎴ ᎾᏍᎩ ᏣᏁᎭ ᎠᏃᏢᏅᎥᏍᎩ ᎠᏄᎯᏍᏗᏍᎨᏍᏗ ᎩᎶᎢ, ᎤᏜᏓᏅᏛ ᏗᏓᏱᎵᏓᏍᏗᏱ, ᎠᎴ ᎨᏥᎦᏘᏗᏍᏗ ᎠᏁᎭ; ᏫᏓᎾᏓᏱᎵᏓ.
39. ᎢᏳᏍᎩᏂ ᎪᎱᏍᏗ ᏅᏩᏓᎴ ᎢᏥᏱᎵᏙᎮᏍᏗ, ᎤᎵᏁᏨᎯ ᏕᎦᎳᏫᎥ ᏓᏚᎪᏔᏅᎭ.
40. ᎨᎦᎵᏱᎵᏕᏗᏰᏃ ᎪᎯ ᎢᎦ ᎤᏓᏑᏰᏛ ᏥᏓᎵᏖᎸᎲᎦ, ᎥᏝᏰᏃ ᎪᎱᏍᏗ ᏯᎭ ᎨᎩᏃᎮᏗ ᏅᏗᎦᎵᏍᏙᏗᏍᎬ ᎯᎠ ᎪᎯ ᏥᏓᏓᎶᏌ.
41. ᎾᏍᎩᏃ ᏄᏪᏒ ᏚᏰᎵᎯᏍᏔᏅᎩ ᏓᏂᎳᏫᎥᎢ.

== Acts 20 ==
1. ᎤᏓᏑᏰᏛᏃ ᎠᎾᎵᏖᎸᎲᏍᎬ ᎤᎵᏙᎯᏍᏔᏅ, ᏉᎳ ᏫᏚᏯᏅᎲᎩ ᎠᏃᎯᏳᎲᏍᎩ, ᏚᏲᎵᎸᏃ, ᎤᏂᎩᏒᎩ ᏑᏏᏙᏂ ᎤᏪᏅᏍᏗᏱ ᎤᏰᎸᏅᎩ.
2. ᎾᎿᎭᏃ ᎤᏪᏙᏅ ᎠᎴ ᎤᏣᏘ ᏚᏪᏁᏔᏅ, ᎠᏂᎪᎢ ᎤᎾᏤᎵᎪᎯ ᏭᎷᏨᎩ.
3. ᎾᎿᎭᏃ ᏦᎢ ᎢᏯᏅᏙ ᎤᏪᏙᎸ, ᎠᎴ ᎠᏂᏧᏏ ᏧᏄᎪᏔᏅ ᎪᎱᏍᏗ ᎬᏩᏁᏗᏱ, ᏏᎵᏱ ᏓᏰᏏᏒᎩ ᏥᏳᎯ ᏛᏣᏂᏒᎩ, ᎤᏓᏅᏖᎸᎩ ᏛᎤᏨᏍᏗᏱ ᎼᏏᏙᏂ ᏭᎶᎯᏍᏗᏱ.
4. ᎡᏏᏱᏃ ᎬᏗᏍᎩ ᎬᏩᏍᏓᏩᏛᏒᎩ ᏐᏇᏓ ᏈᎵᏱ ᎡᎯ, ᏕᏏᎶᏂᎦᏃ ᎠᏁᎯ ᎡᎵᏍᏓᎦ ᎠᎴ ᏏᎬᏓ, ᎦᏯᏃ ᏓᏈ ᎡᎯ, ᏗᎹᏗᏃ, ᎡᏏᏱᏃ ᎠᏁᎯ ᏗᎩᎦ ᎠᎴ ᏠᏆᎹ.
5. ᎾᏍᎩ ᎯᎠ ᎢᎬᏱ ᏄᏁᏅᏒᎩ ᏠᎠᏏ ᏓᎪᎩᏚᏘᏴᎩ.
6. ᎾᎪᏔᏅᎾᏃ ᎦᏚ ᎠᎩᏍᏗᏱ ᎨᏒ ᎤᎶᏐᏅ, ᏈᎵᎩᏱ ᏥᏳᎯ ᎣᎦᏣᏅᎩ, ᎯᏍᎩᏃ ᏫᏄᏒᎸ ᏠᎠᏏ ᏫᏙᏥᏩᏛᎲᎩ; ᎾᎿᎭᏃ ᎦᎵᏉᎩ ᏧᏒᎯᏛ ᎣᎨᏙᎸᎩ.
7. ᎢᎬᏱᏱᏃ ᎢᎦ ᏑᎾᏙᏓᏆᏍᏗ ᎨᏒᎢ ᎦᏚ ᎠᎬᎭᎷᏯᏍᏗᏱ ᎤᎬᏩᎵ ᎠᏃᎯᏳᎲᏍᎩ ᎤᎾᏓᏟᏌᏅ, ᏉᎳ ᏚᎵᏥᏙᏁᎸᎩ, ᎤᎩᏨᏛᏉ ᎤᏪᏅᏍᏗ ᎨᏒᎢ; ᎠᎴ ᎡᏃᏱ ᎠᏰᎵ ᏫᎬᏩᏛᏅᎩ ᎦᏬᏂᏍᎬᎩ.
8. ᎠᎴ ᎤᏣᏛᎩ ᏓᏨᏍᏛᎩ ᎦᎸᎳᏗ ᎾᎿᎭᏓᏂᎳᏫᎥᎢ.
9. ᎩᎶᏃ ᎢᏳᏍᏗ ᎠᏫᏄᏣ ᏳᏘᎦ ᏧᏙᎢᏛ ᎠᏦᎳᏅ ᎤᏬᎸᎩ, ᎠᏍᏓᏯ ᎦᎵᎲᎩ; ᏉᎳᏃ ᎪᎯᏗᏳ ᎠᎵᏥᏙᎲᏍᎬ ᎢᏳᏍᏗ, ᎦᎵᎲ ᎤᏪᏇᏴᏒᎩ ᎠᎴ ᏦᎢᏁ ᏗᏲᏓᏝᎲ ᏓᏳᏙᎣᏒᎩ, ᎠᎴ ᎠᏥᏁᏒᎩ ᎤᏲᎱᏒᎯ ᎨᏒᎩ.
10. ᏉᎳᏃ ᎤᏠᎣᏒ ᎤᎵᏢᏅᎩ, ᎠᎴ ᎤᏄᎶᎸ ᎯᎠ ᏄᏪᏒᎩ; ᏞᏍᏗ ᏱᏣᏕᏯᏔᏁᎴᏍᏗ, ᎬᏅᏰᏃ ᎠᏏᏉ ᎠᏯᎠ.
11. ᏔᎵᏁᏃ ᎢᎤᎩᎳᏫᏒ, ᎠᎴ ᎤᎬᎭᎷᏴ ᎦᏚ, ᎠᎴ ᎤᎬ, ᎠᎴ ᎪᎯᏛ ᎤᏬᏂᏒ, ᎤᎩᏨᏕᏱ ᎬᏗᏍᎩ, ᎿᎭᏉ ᎤᏂᎩᏒᎩ.
12. ᎤᎾᏘᎿᎭᏫᏛᎲᎩᏃ ᎠᏫᏄᏣ ᎬᏃᏛ, ᎠᎴ ᎥᏝ ᎤᏍᏗᏉ ᎣᏍᏛ ᏳᎾᏓᏅᏓᏕᎢ.
13. ᎠᎴ ᎠᏴ ᎢᎬᏱ ᏃᎨᏅᏒᎩ ᏥᏳ ᏗᏔᎸᎢ, ᎠᎴ ᎣᎦᏣᏅ, ᎡᏐᏏ ᏬᎩᎶᏒᎩ; ᎾᎿᎭᏉᎳ ᎣᏥᏲᏗᏱ ᎣᎩᏰᎸᏒᎩ, ᎾᏍᎩᏰᏃ ᎢᏳᏪᏛ ᎨᏒᎩ, ᎤᏩᏒ ᎡᎳᏗᏉ ᏭᎶᎯᏍᏗᏱ ᎤᏰᎸᏒᎩ.
14. ᎡᏐᏏᏃ ᎣᎩᏩᏛᎲ ᎣᏥᏴᏔᏅᎩ, ᎠᎴ ᎻᏗᎵᏂ ᏬᎩᎷᏨᎩ;
15. ᎾᎿᎭᏃ ᏫᏱᎦᏣᏅ ᎤᎩᏨᏛ ᎦᏲᏏ ᏧᏳᎪᏗ ᎣᏥᏂᏒᎩ. ᎤᎩᏨᏛᏃ ᏎᎼᏏ ᏬᎩᎷᏨᎩ; ᏠᏥᎵᏯᏃ ᎣᎩᏒᎸ ᎤᎩᏨᏛ ᎹᎵᏔ ᏬᎩᎷᏨᎩ.
16. ᏉᎳᏰᏃ ᏧᏭᎪᏔᏅᎯ ᎨᏒᎩ ᎤᎶᎯᏍᏗᏱᏉ ᎡᏈᏌ, ᏅᏓᎦᎵᏍᏙᏗᏍᎬᎩ ᏄᏚᎵᏍᎬᎾ ᎨᏒ ᎡᏏᏱ ᎤᏪᏓᏍᏗᏱ; ᎤᏩᏅᎬᎩᏰᏃ, ᎢᏳᏃ ᏰᎵ ᎾᏍᎩ ᎢᎬᏩᏛᏁᏗ ᏱᎩ, ᏥᎷᏏᎵᎻ ᏭᎷᎯᏍᏗᏱ ᎯᏍᎦᏍᎪᎯᏁ ᎢᎦ ᎠᏍᏆᎵᏍᎬᎢ.
17. ᎹᎵᏔᏃ ᎤᏓᏅᏒᎩ ᎡᏈᏌ ᏫᏚᏯᏅᎲᎩ ᏗᎨᎦᏁᎶᏗ ᏧᎾᏁᎶᏗ ᎤᎾᏓᏡᎬᎢ.
18. ᎬᏩᎷᏤᎸᏃ ᎯᎠ ᏂᏚᏪᏎᎸᎩ; ᎢᏥᎦᏔᎭ ᎢᎬᏱᏱ ᎢᎦ ᎡᏏᏱ ᏣᎩᎾᏄᎪᏥᎸᎩ ᏅᏓᎬᏩᏓᎴᏅᏛ, ᏄᏍᏛ ᎠᏆᎵᏂᏙᎸ ᎢᏤᎲ ᏂᎪᎯᎸᎢ.
19. ᏕᏥᎧᎿᎭᏩᏛᎡᎲ ᎤᎬᏫᏳᎯ ᏂᎦᎥ ᎪᎱᏍᏗ ᎾᏆᎵᏍᎦᏍᏛᎾ ᎨᏒᎢ, ᎠᎴ ᏕᏥᎦᏌᏬᎢᎲᎢ, ᎠᎴ ᎠᎩᎪᎵᏰᏍᎩ ᎠᏆᎵᏩᏛᎡᎲᎢ, ᏅᏗᎦᎵᏍᏙᏗᏍᎬ ᎠᏂᏧᏏ ᎪᎱᏍᏗ ᎬᏋᏁᏗᏱ ᏚᏄᎪᏔᏅᎢ.
20. [ᎠᎴ ᎢᏥᎦᏔᎭ] ᎪᎱᏍᏗ ᎢᏣᎵᏍᏕᎸᏙᏗ ᎠᏋᏍᎦᎳᏅᎯ ᏂᎨᏒᎾ ᎨᏒᎢ, ᎢᏨᎾᏄᎪᏫᏎᎸᏉᏍᎩᏂ ᎠᎴ ᏕᏨᏰᏲᏅ ᏕᎦᎳᏫᎥᎢ ᎠᎴ ᏓᏓᏁᎳᏗᏒᎢ,
21. ᎬᏂᎨᏒ ᏂᎦᏥᏴᏁᎲ ᎠᏂᏧᏏ ᎠᎴ ᎾᏍᏉ ᎠᏂᎪᎢ ᎾᏍᎩ ᎤᏁᎳᏅᎯ ᎦᏁᏟᏴᎡᏗ ᎨᏒ ᎣᏓᏅᏛᎢ, ᎠᎴ ᎪᎯᏳᏗ ᎨᏒ ᎤᎬᏫᏳᎯ ᎢᎦᏤᎵ ᏥᏌ ᎦᎶᏁᏛ.
22. ᎿᎭᏉᏃ ᎬᏂᏳᏉ ᎠᏆᏓᏅᏛ ᎦᎸᎢᏛ ᏥᎷᏏᎵᎻ ᏫᏥᎦᏘ, ᏂᏥᎦᏔᎲᎾ ᏅᏗᏆᎵᏍᏓᏁᎵᏒ ᎾᎿᎭᏂ,
23. ᎦᎸᏉᏗᏳᏍᎩᏂᏃᏅ ᎠᏓᏅᏙ ᎬᏂᎨᏒ ᏂᎬᏁᎭ ᏕᎦᏚᏩᏗᏒᎢ, ᎾᏍᎩ ᎬᎩᎦᏘᏴ ᎥᏆᎸᏍᏗ ᎨᏒ ᎠᎴ ᎤᏲ ᎢᏯᏆᎵᏍᏓᏁᏗ ᎨᏒᎢ.
24. ᎠᏎᏃ ᎾᏍᎩ ᎯᎠ ᏧᏓᎴᏅᏛ ᎥᏝ ᎪᎱᏍᏗ ᏯᎩᏖᎸᎲᏍᎦ, ᎠᎴ ᎾᏍᏉ ᎬᏅ ᎥᏝ ᎤᏣᏘ ᏯᎩᎸᏉᏗ, ᎢᏳᏃ ᎤᎵᎮᎵᏍᏗ ᏯᏆᏓᏅᏔ ᏯᎩᏍᏆᏛ ᎦᎴᏂᏙᎲᎢ, ᎠᎴ ᎤᎬᏫᏳᎯ ᏥᏌ ᎠᎩᏁᎸᎯ ᏗᎦᎸᏫᏍᏓᏁᏗ ᎨᏒᎢ, ᎬᏂᎨᏒ ᏂᎬᏁᎲ ᎣᏍᏛ ᎧᏃᎮᏛ ᎤᏁᎳᏅᎯ ᎬᏩᎦᏘᏯ ᎤᏓᏙᎵᏍᏗ ᎨᏒ ᎧᏃᎮᏍᎩ.
25. ᎿᎭᏉᏃ ᎬᏂᏳᏉ ᏥᎦᏔᎭ ᏂᎯ ᏂᏥᎥᎢ, ᎢᏨᏰᎳᏗᏙᎸᎯ ᎦᎵᏥᏙᎲᏍᎬ ᏥᏃᎮᏍᎬ ᎤᏁᎳᏅᎯ ᎤᏤᎵᎪᎯ, ᎠᏆᎧᏛ ᎿᎭᏉ ᎢᏥᎪᏩᏛᏗ ᏂᎨᏒᎾ ᎨᏒᎢ.
26. ᎾᏍᎩᏃ ᎢᏳᏍᏗ ᎪᎯ ᎢᎦ ᎢᏥᎦᏔᎯ ᏂᏨᏴᎦ, ᎩᎶ ᎤᏂᎩᎬ ᎾᏆᏓᏅᎦᎸᎾ ᎨᏒᎢ.
27. ᎥᏝᏰᏃ ᎠᎩᏍᎦᎸᎯ ᏱᎩ ᎬᏂᎨᏒ ᎢᏨᏴᏁᏗᏱ ᏂᎦᎥ ᎤᏁᎳᏅᎯ ᎤᏓᏅᏖᎸᎢ.
28. ᎾᏍᎩ ᎢᏳᏍᏗ ᎢᏣᏓᎦᏌᏯᏍᏕᏍᏗ ᎢᏨᏒ, ᎠᎴ ᏕᏥᎦᏌᏯᏍᏕᏍᏗ ᏂᎦᏛ ᏑᎾᏓᏡᎩ ᎨᏒᎢ, ᎾᏍᎩ ᏗᏥᎦᏘᏯ ᎢᏨᏁᎸᎯ ᏥᎩ ᎦᎸᏉᏗᏳ ᎠᏓᏅᏙ, ᏗᏤᎳᏍᏗᏱ ᏧᎾᏁᎶᏗ ᎤᎾᏓᏡᎬ ᎤᏁᎳᏅᎯ ᏧᏤᎵᎦ, ᎾᏍᎩ ᎤᏩᏒ ᎤᎩᎬ ᏧᎫᏴᏔᏅᎯ ᏥᎩ.
29. ᎯᎠᏰᏃ ᎾᏍᎩ ᏥᎦᏔᎭ, ᎿᎭᏉ ᎠᎩᏁᎴᏍᏗ, ᎤᏂᎬᎥᏍᎩ ᏩᏯ ᏓᎨᏣᏓᏑᏴᏂ, ᏂᏓᏂᏙᎵᎬᎾ ᎨᏎᏍᏗ ᏑᎾᏓᏡᎩ ᎨᏒᎢ.
30. ᎠᎴ ᎾᏍᏉ ᎢᏨᏒ ᎢᏣᏓᏡᎬ ᏛᏂᎾᏄᎪᏥ ᎠᏂᏍᎦᏯ ᎤᏣᏘᏂ ᎾᏂᏪᏍᎨᏍᏗ ᎠᏂᏬᏂᏍᎨᏍᏗ, ᎠᏃᎯᏳᎲᏍᎩ ᏧᎾᏘᎿᎭᏫᏛᏗᏱ ᎤᏂᏰᎸᏎᏍᏗ.
31. ᎾᏍᎩ ᎢᏳᏍᏗ ᎢᏥᏯᏫᏍᎨᏍᏗ, ᎠᎴ ᎢᏣᏅᏖᏍᏗ ᏦᎢ ᏧᏕᏘᏴᏛ ᏂᏥᏑᎵᎪᎬᎾ ᏒᏃᏱ ᎠᎴ ᎢᎦ ᏗᎦᏥᎦᏌᏬᎢᎯ ᎢᏥᏏᏴᏫᎭ ᎢᏨᏰᏯᏔᏅᎢ.
32. Ꭷ, ᎢᏓᏓᏅᏟ, ᎿᎭᏉ ᏕᏨᏲᎯ ᎤᏁᎳᏅᎯ ᎢᏥᏙᎵᏍᏗᏱ, ᎤᏮᏙᏗᏱ, ᎧᏃᎮᏛ ᎬᏩᎦᏘᏯ ᎤᏓᏙᎵᏍᏗ ᎨᏒ ᎧᏃᎮᏍᎩ, ᎾᏍᎩ ᏰᎵ ᎨᏣᏁᏍᎨᏗ ᏥᎩ, ᎠᎴ ᎢᏣᏤᎵ ᏰᎵ ᎢᎨᏨᏁᏗ ᏥᎩ ᎾᏍᎩ ᏂᎦᏛ ᎤᎾᏓᏅᏘ ᎢᎨᎬᏁᎸᎯ ᎤᎾᏤᎵ ᎢᏳᎵᏍᏙᏗ ᎨᏒᎢ.
33. ᎥᏝ ᎩᎶ ᏥᏯᏚᎸᎡᎸᎯ ᏱᎩ ᎠᏕᎸ ᎤᏁᎬ ᎠᎴ ᎠᏕᎸ ᏓᎶᏂᎨ ᎠᎴ ᏗᏄᏬ.
34. ᎢᏨᏒᏰᏃ ᎢᏥᎦᏔᎭ ᎯᎠ ᎾᏍᎩ ᏗᏉᏰᏂ ᏓᏋᏔᏅᎯ ᎠᎩᏩᏛᎲ ᎠᎩᏂᎬᏎᎲ ᎠᏋᏒ ᎠᎴ ᎾᏍᏉ ᎣᏤᎯ.
35. ᏂᎦᏛ ᎬᏂᎨᏒ ᏂᏨᏴᏁᎸ ᎾᏍᎩ ᎢᏣᏛᏁᏗᏱ ᏕᏥᎸᏫᏍᏓᏁᎲ ᏗᏥᏍᏕᎸᏗᏱ ᏗᏂᏩᎾᎦᎳᎢ, ᎠᎴ ᎢᏣᏅᏓᏗᏍᏗᏱ ᏧᏁᏤ ᎤᎬᏫᏳᎯ ᏥᏌ, ᎯᎠ ᏥᏄᏪᏎᎢ, “ᎤᏟ ᎣᏏᏳ ᎠᏓᏅᏓᏗᏍᏗ ᏴᏓᏁᎭ, ᎡᏍᎦᏉ ᏴᏓᏗᏁᎭ.”
36. ᎾᏍᎩᏃ ᎯᎠ ᏄᏪᏒ, ᏚᎵᏂᏆᏅᏅᎩ ᎠᎴ ᏂᎦᏛ ᎠᏂᎦᏔᎲ ᎤᏓᏙᎵᏍᏔᏅᎩ.
37. ᎾᎦᏛᏃ ᎤᏣᏘ ᏚᎾᏠᏱᎸᎩ, ᎠᎴ ᏉᎳ ᎠᎩᎵᎨᏂ ᎤᏂᏯᎸᏨ ᎬᏩᏔᏪᏙᏅᎩ.
38. ᎤᏲ ᎤᏂᏰᎸᏒᎩ Ꮀ ᎤᎬᏫᏳᏒ ᏅᏓᎦᎵᏍᏙᏗᏍᎬ ᎤᏁᏨ ᎾᏍᎩ ᎤᎧᏛ ᎿᎭᏉ ᎤᏂᎪᏩᏛᏗ ᏂᎨᏒᎾ ᎨᏒᎢ. ᏥᏳᏃ ᏗᏔᎸᎢ ᏫᎬᏪᎧᏅᎩ.

== Acts 21 ==
1. ᎾᏍᎩᏃ ᏙᎦᎦᎴᏅᎲ ᎠᎴ ᏥᏳᎯ ᎣᎦᏣᏅ, ᏧᏳᎪᏗ ᏬᎩᏅᏍᏔᏅᎩ ᎪᎣᏏ ᏬᎩᎷᏨᎩ, ᎤᎩᏨᏛᏃ ᎶᏗᏱ, ᎾᎿᎭᏃ ᏫᎣᎨᏅ ᏆᏖᎵ ᏬᎩᎷᏨᎩ.
2. ᎣᎩᏴᏩᏛᎲᏃ ᏥᏳ ᏈᏂᏏ ᎠᏂᏂᏒᎢ, ᎣᎦᏣᏅᎩ ᎣᎩᏴᏫᏛᎲᎩ.
3. ᎿᎭᏉᏃ ᎣᎩᎪᎲ ᏌᏈ, ᎠᎴ ᎠᎦᏘᏏᏗᏢ ᎣᎩᎶᏒ, ᏏᎵᏱ ᏬᎩᏅᏍᏔᏅᎩ, ᏓᏯᏃ ᎣᎦᏣᎢᏒᎩ; ᎾᎿᎭᏰᏃ ᏥᏳ ᎤᎵᏁᏌᎸ ᎤᎵᏁᏌᎴᏍᏗ ᎨᏒᎩ.
4. ᏙᏥᏩᏛᎲᏃ ᎠᏃᎯᏳᎲᏍᎩ ᎾᎿᎭᎣᎦᏅᏅᎩ ᎦᎵᏉᎩ ᏧᏙᏓᏆᏛ; ᎾᏍᎩ ᏉᎳ ᎯᎠ ᏂᎬᏩᏪᏎᎸᎩ ᎠᏓᏅᏙ ᎢᏳᏩᏂᏌᏛ; ᏞᏍᏗ ᏥᎷᏏᎵᎻ ᏤᏅᏒᎩ.
5. ᎾᏍᎩᏃ ᎦᎵᏉᎩ ᏧᏙᏓᏆᏛ ᎤᎶᏐᏅ, ᎣᎦᏂᎩᏒᎩ, ᏬᏥᎦᏛ ᎢᏗᏢ ᏬᎩᎶᏒᎩ; ᏂᎦᏛᏃ ᎾᏍᎩ, ᎠᎴ ᏧᎾᏓᎵᎢ ᎠᎴ ᏧᏁᏥ ᏗᎬᎾᏘᏁᎯ ᎦᏚᎲ ᏫᎦᎾᏄᎪᎬ ᏫᏕᎪᎩᎧᏅᎩ. ᎠᎹᏳᎶᏗᏃ ᏙᎦᎵᏂᏆᏅᏅ ᎣᎦᏓᏙᎵᏍᏔᏅᎩ.
6. ᏙᎦᏓᏲᎵᎸᏃ, ᏥᏳᎯ ᎣᎦᏣᏅᎩ; ᎾᏍᎩᏃ ᏙᏧᏁᏅᏒ ᏮᎤᏂᎶᏒᎩ.
7. ᎣᎩᏍᏆᏛᏃ ᎣᎦᏅᏔᏩᏗᏒ ᏓᏯ ᏦᎦᏂᎩᏒᎢ ᏙᎵᎹᏱ ᎣᎩᎷᏨᎩ, ᎠᎴ ᏙᏥᏲᎵᎸ ᎠᎾᏓᏅᏟ, ᎾᎿᎭᏑᏙᏓᏆᏛ ᎣᎨᏙᎸᎩ.
8. ᎤᎩᏨᏛᏃ ᏉᎳ ᎣᎦᎵᎪᎯ ᎣᎦᏂᎩᏒᎩ ᏏᏌᎵᏱ ᏬᎩᎷᏨᎩ. ᏬᎩᏴᎸᏃ ᎦᏁᎸ ᏈᎵᎩ ᎠᎵ ᏥᏙᏂᏙᎯ, ᎾᏍᎩ ᎦᎸᏉᎩ ᎢᏯᏂᏛ ᎠᎦᎵᎪᏔᏅᎯ, ᎾᎿᎭᎣᎦᏅᏅᎩ.
9. ᎾᏍᎩᏃ ᏧᏪᏥ ᏅᎩ ᎢᏯᏂᏛ ᎠᏁᎲᎩ ᎠᎾᏛ ᎠᎾᏙᎴᎰᏍᎩ.
10. ᎤᏬᎯᏨᏃ ᎾᎿᎭᎣᎦᏅᏅ, ᎩᎶ ᎢᏳᏍᏗ ᎠᏙᎴᎰᏍᎩ ᎤᎷᏨᎩ, ᎡᎩᏩ ᏧᏙᎢᏛ, ᏧᏗᏱ ᏅᏓᏳᎶᏒᎯ.
11. ᎾᏍᎩᏃ ᎤᎷᏨ ᎣᏤᏙᎲ, ᎠᎴ ᎤᏁᏒ ᏉᎳ ᎤᏓᏠᏍᏗ, ᎠᎴ ᏚᎸᎸ ᎤᏩᏒ ᏧᏬᏰᏂ, ᎠᎴ ᏧᎳᏏᏕᏂ, ᎯᎠ ᏄᏪᏒᎩ; ᎯᎠ ᏂᎦᏪᎠ ᎦᎸᏉᏗᏳ ᎠᏓᏅᏙ; ᎾᏍᎩ ᎯᎠ ᏅᏛᏅᏁᎵ ᎠᏂᏧᏏ ᏥᎷᏏᎵᎻ ᏛᎾᎸᎵ ᎠᏍᎦᏯ ᎯᎠ ᎠᏓᏠᏍᏗ ᎤᏤᎵᎦ, ᎠᎴ ᏧᎾᏓᎴᏅᏛ ᏴᏫ ᏫᏙᏛᏂᏲᎯᏎᎵ.
12. ᎾᏍᎩᏃ ᎯᎠ ᎣᎦᏛᎦᏅ, ᎠᏴ ᎠᎴ ᎾᎿᎭᎠᏁᎯ ᎣᏥᏍᏗᏰᏔᏅᎩ ᏥᎷᏏᎵᎻ ᎤᏪᏅᏍᏗᏱ ᏂᎨᏒᎾ.
13. ᎠᏎᏃ ᏉᎳ ᎤᏁᏨ ᎯᎠ ᏄᏪᏒᎩ; ᎦᏙ ᎢᏥᏰᎸᏗ, ᏥᏕᏥᏴᎦ ᎠᎴ ᏥᏥᏓᏬᏗᎭ ᎠᎩᎾᏫ; ᎠᏆᏛᏅᎢᏍᏗᏰᏃ, ᎥᏝ ᎥᏆᎸᏍᏗᏱᏉ ᎤᏩᏒ, ᎾᏍᏉᏍᎩᏂ ᎠᎩᏲᎱᎯᏍᏗᏱ ᏥᎷᏏᎵᎻ, ᏅᏗᎦᎵᏍᏙᏗᏍᎬ ᏚᏙᎥ ᎤᎬᏫᏳᎯ ᏥᏌ.
14. ᎣᏂᏄᎸᏅᏃ ᎣᏥᏍᏗᏰᏗᏍᎬᎢ, ᎣᎩᏑᎵᎪᏨᎩ, ᎯᎠ ᏃᎩᏪᏒᎩ; ᎤᎬᏫᏳᎯ ᎠᏓᏅᏖᏍᎬ ᏫᏂᎦᎵᏍᏓ.
15. ᎾᎯᏳᏃ ᎨᏒ ᎤᎶᏐᏅ, ᎣᎩᏟᏌᏅᎩ ᎣᎩᏱᏓᏍᏗ, ᎠᎴ ᏥᎷᏏᎵᎻ ᏬᎩᎶᏒᎩ.
16. ᎾᏍᏉᏃ ᎥᎪᎩᏍᏓᏩᏛᏒᎩ ᎢᎸᏍᎩ ᎢᏯᏂᏛ ᎠᏃᎯᏳᎲᏍᎩ ᏏᏌᎵᏱ ᎠᏁᎯ, ᎠᎴ ᎤᎾᏘᏅᏒᎩ ᎩᎶ ᎢᏳᏍᏗ ᏁᏌᏂ ᏧᏙᎢᏛ ᏌᏈ ᎡᎯ, ᎢᎸᎯᏳ ᎬᏬᎯᏳᏅᎯ, ᎾᏍᎩ ᎦᏁᎸ ᎣᎦᏅᏗᏱ ᎤᏂᏰᎸᏒᎩ.
17. ᏥᎷᏏᎵᎻᏃ ᏬᎩᎷᏨ, ᎠᎾᏓᏅᏟ ᎤᎵᎮᎵᏨᎯ ᏕᎪᎦᏓᏂᎸᏨᎩ.
18. ᎣᎩᏨᏛᏃ ᏉᎳ ᏥᎻ ᏧᏬᎸ ᎢᏧᎳᎭ ᎣᎨᏅᏒᎩ, ᏂᎦᏛᏃ ᏗᎨᎦᏁᎶᏗ ᎠᏂᎦᏔᎲᎩ.
19. ᏕᎤᏲᎵᎸᏃ ᎣᏍᏛ ᎤᏱᎸᏒᎩ ᎤᏃᎮᎸᎩ ᏄᏍᏛ ᎤᏁᎳᏅᎯ ᏕᎤᎸᏫᏍᏓᏁᎸ ᏧᎾᏓᎴᏅᏛ ᏴᏫ ᏓᏁᏩᏗᏒᎢ, ᎾᏍᎩ ᏉᎳ ᎠᎬᏗᏍᎬᎢ.
20. ᎤᎾᏛᎦᏅᏃ ᎾᏍᎩ, ᎤᏂᎸᏉᏔᏅᎩ ᎤᎬᏫᏳᎯ. ᎯᎠ ᏂᎬᏩᏪᏎᎸᎩ; ᎢᏓᎵᏅᏟ, ᎭᏙᎴᎰᏍᎦ ᏄᏂᏧᏈᏍᏛ ᎠᏂᏧᏏ ᎤᏃᎯᏳᏅᎯ; ᏂᎦᏛᏃ ᎤᏣᏘ ᎤᏂᎸᏉᏗᏳ ᏗᎧᎿᎭᏩᏛᏍᏗ.
21. ᎠᎴ ᎨᏣᏛᎦᏁᎸ ᏕᎮᏲᎲᏍᎬᎢ ᏂᎦᏛ ᎢᎠᏂᏧᏏ, ᎾᏍᎩ ᏧᎾᏓᏑᏯ ᏧᎾᏓᎴᏅᏛ ᏴᏫ ᏓᏁᏩᏗᏒᎢ, ᏧᏂᏲᎯᏍᏗᏱ ᎼᏏ, ᎯᎠ ᏂᏪᏍᎬᎢ; ᏞᏍᏗ ᏱᏗᏥᎱᏍᏕᏎᎮᏍᏗ ᏗᏂᏲᎵ, ᎠᎴ ᏞᏍᏗ ᏗᎧᎿᎭᏩᏛᏍᏗ ᏱᏥᏍᏓᏩᏕᎨᏍᏗ.
22. ᎦᏙᏃ ᎠᏛᏁᏗ? ᎠᏎ ᎤᎾᏓᏟᏐᏗ ᎤᏂᏣᏘ, ᏛᎾᏛᎦᏂᏰᏃ ᏣᎷᏨᎢ.
23. ᎾᏍᎩ ᎢᏳᏍᏗ ᎯᎠ ᏂᏨᏪᏎᎲ ᎿᎭᏛᎦ. ᏅᎩ ᎢᏯᏂᏛ ᎠᏂᏍᎦᏯ ᎪᎨᎳᏗᏙᎭ ᎤᏁᎳᏅᎯ ᏄᎾᏚᎵᏄᏁᎸ.
24. ᎾᏍᎩ ᏔᏘᏄᎦ, ᎠᎴ ᎢᏧᎳᎭ ᎢᏣᏓᏅᎦᎸ, ᎠᎴ ᎢᏧᎳᎭ ᎢᏣᎫᏴ, ᎾᏍᎩᏃ ᏗᏂᏍᎪᎵ ᏕᎠᎾᎵᏍᏙᏰᎲᎭ; ᎠᎴ ᏂᎦᏛ ᎠᎾᏙᎴᎰᏒᎭ ᏄᏍᏛ ᎨᏣᏛᎦᏁᎸᎢ ᎠᏎᏉᏉ ᎨᏒᎢ, ᎠᎴ ᎠᎾᏙᎴᎰᏒᎭ ᏨᏒ ᎾᏍᏉ ᏚᏳᎪᏛ ᎭᎴᏂᏙᎲᎢ, ᏗᎧᎿᎭᏩᏛᏍᏗ ᎯᏍᏓᏩᏕᎬᎢ.
25. ᏧᎾᏓᎴᏅᏛᏍᎩᏂ ᏴᏫ ᎤᏃᎯᏳᏅᎯ ᏥᎩ, ᏙᏦᏪᎳᏁᎸ ᏙᎫᎪᏔᏅ ᎤᏂᏍᏆᏂᎪᏙᏗᏱ ᏂᎨᏒᎾ ᎪᎱᏍᏗ ᎾᏍᎩ ᎢᏳᏍᏗ ᏧᏁᏯᏙᏤᏗᏉᏍᎩᏂ ᎤᏩᏒ ᎤᏁᎳᏅᎯ ᏗᏰᎸᎯ ᏗᎵᏍᎪᎸᏓᏁᎸᎯ, ᎠᎴ ᎩᎬ ᎠᎴ ᎪᎱᏍᏗ ᎬᏬᏍᏔᏅᎯ ᎠᎴ ᎤᏕᎵᏛ ᏗᏂᏏᏗ ᎨᏒᎢ.
26. ᎿᎭᏉᏃ ᏉᎳ ᏚᏯᏅᎲᎩ ᎠᏂᏍᎦᏯ, ᎤᎩᏨᏛᏃ ᎢᏧᎳᎭ ᎤᎾᏓᏅᎦᎸᎲᎩ, ᏗᎦᎳᏫᎢᏍᏗᏱ ᏭᏂᏴᎸᎩ, ᎧᏃᎲᏍᎬᎩ ᎤᎵᏍᏆᏛ ᎢᎪᎯᏛ ᎠᏓᏅᎦᎸᏗ ᎨᏒᎢ, ᎾᏍᎩ ᎠᎵᏍᏆᏗᏍᎬᎢ ᎠᏓᏁᏗ ᎨᏒ ᎠᏂᏏᏴᏫᎭ ᎤᎾᎵᏍᎪᎸᏙᏗ ᎨᏒᎢ.
27. ᎿᎭᏉᏃ ᎾᏍᎩ ᎦᎵᏉᎩ ᎢᎦ ᏚᎵᏍᏆᏗᏗᏒᎩ, ᎠᏂᏧᏏ ᎡᏏᏱ ᏅᏓᏳᏂᎶᏒᎯ ᎬᏩᎪᎲ ᏗᎦᎳᏫᎢᏍᏗᏱ, ᏚᏂᏖᎸᏅᎩ ᏂᎦᏛ ᏴᏫ, ᎠᎴ ᎬᏩᏂᏴᎲᎩ,
28. ᎤᏁᎷᏅᎩ ᎯᎠ ᏄᏂᏪᏒᎩ; ᎢᏥᏍᎦᏯ, ᎢᏏᎵ ᏧᏪᏥ, ᏍᎩᏍᏕᎸ! ᎯᎠ ᎾᏍᎩ ᎠᏍᎦᏯ ᎾᏍᎩ ᏥᏕᎨᏲᎲᏍᎦ ᎾᏂᎥ ᏴᏫ ᏂᎬᎾᏛᎢ, ᏥᏓᏡᏗᎭ ᎯᎠ ᏴᏫ ᎠᎴ ᏗᎧᎿᎭᏩᏛᏍᏗ ᎠᎴ ᎠᏂ ᎨᏒᎢ, ᎠᎴ ᎾᏍᏉ ᏗᎦᎳᏫᎢᏍᏗᏱ ᏥᏚᏴᏔᏂᎸ ᎠᏂᎪᎢ, ᎠᎴ ᎦᏓᎭ ᏥᏄᏩᏁᎸ ᎠᏂ ᎦᎸᏉᏗᏳ ᎨᏒᎢ.
29. ᎦᏳᎳᏰᏃ ᎤᏂᎪᎲᎯ ᎨᏒᎩ ᏠᏆᎹ ᎡᏈᏌ ᎡᎯ, ᎾᏍᎩ ᏉᎳ ᎠᏁᏙᎲ ᎦᏚᎲᎢ, ᎾᏍᎩ ᏉᎳ ᎤᏴᏔᏂᎸ ᏗᎦᎳᏫᎢᏍᏗᏱ ᎠᏁᎵᏍᎬᎩ.
30. ᏂᎦᏛᏃ ᎦᏚᎲ ᎤᎾᎵᏖᎸᏅᎩ, ᎠᎴ ᏴᏫ ᎤᎾᏓᏟᏌᏅᎩ, ᎠᎴ ᏉᎳ ᎤᏂᏂᏴᎲᎩ ᎤᏂᎾᏌᎾᏫᏛᎲᎩ ᏗᎦᎳᏫᎢᏍᏗᏱ ᎤᏂᏄᎪᏫᏒᎩ; ᎩᎳᏉᏃ ᎢᏴᏛ ᎦᎶᎯᏍᏗᏱ ᏚᏂᏍᏚᏅᎩ.
31. ᎠᏏᏉᏃ ᎤᏂᎯᏍᏗᏱ ᎠᎾᏓᏅᏖᏍᎬᎩ, ᏑᎾᏓᏡᎩ ᎨᏒ ᎠᏂᏯᏫᏍᏗ ᏗᏘᏂᏙᎯ ᎤᏛᎦᏅᎩ ᏂᎦᏛ ᏥᎷᏏᎵᎻ ᎠᎾᎵᏖᎸᎲᏍᎬᎢ;
32. ᎾᏍᎩ Ꮎ ᎩᎳᏉ ᎢᏴᏛ ᏫᏚᏯᏅᎲ ᎠᏂᏯᏫᏍᎩ ᎠᎴ ᎠᏍᎪᎯᏧᏈ ᏗᎾᏘᏂᏙᎯ, ᎠᎴ ᏗᏁᏙᎲ ᏭᏗᏢᏍᏔᏅᎩ. ᏚᏂᎪᎲᏃ ᏄᎬᏫᏳᏒ ᏗᏓᏘᏂᏙᎯ ᎠᎴ ᎠᏂᏯᏫᏍᎩ, ᎤᏂᏑᎵᎪᏨᎩ ᎠᏂᎸᏂᎲ ᏉᎳ.
33. ᎿᎭᏉᏃ ᏄᎬᏫᏳᏒ ᏗᏓᏘᏂᏙᎯ ᎾᎥ ᎤᎷᏨ, ᎤᏂᏴᎲᎩ, ᎠᎴ ᎤᏁᏨᎩ ᏔᎵ ᏧᏓᏕᏒᏛ ᏣᎦᎸᏍᏙᏗᏱ, ᎠᎴ ᎤᏛᏛᏅᎩ ᎢᏳᏍᏗ ᎨᏒ, ᎠᏍᎦᏯ, ᎠᎴ ᏄᏛᏁᎸᎢ.
34. ᎤᏂᏣᏘᏃ ᎤᏁᎷᏅᎩ ᏧᏓᎴᏅᏛᏉ ᏄᏂᏪᏒᎩ. ᎤᏄᎸᏅᏃ ᏚᏳᎪᏛ ᎤᏙᎴᎰᎯᏍᏗᏱ ᏅᏗᎦᎵᏍᏙᏗᏍᎬ ᎤᏓᏑᏰᏛ ᎠᎾᎵᏖᎸᎲᏍᎬᎢ, ᎤᏁᏨᎩ ᏗᏐᏴ ᏩᎦᏘᏅᏍᏙᏗᏱ.
35. ᏉᎳᏃ ᎠᎩᎳᏫᏍᏗᏱ ᎤᎷᏨ ᎠᏂᏯᏫᏍᎩ ᎬᏩᏅᏒᎩ, ᏅᏓᎦᎵᏍᏙᏗᏍᎬᎩ ᎬᏍᎦᎢᏍᏓᎩ ᎾᎾᏛᏁᎲ ᎤᏂᏣᏘ.
36. ᎤᏂᏣᏘᏰᏃ ᏴᏫ ᎬᏩᏍᏓᏩᏛᏒᎩ, ᎠᏁᎷᎲᏍᎬᎩ ᎯᎠ ᎾᏂᏪᏍᎬᎩ; ᎯᎷᎦ.
37. ᎿᎭᏉᏃ ᏉᎳ ᏗᏐᏴ ᏮᏓᏰᏥᏴᏔᏂᏒᎢ, ᎯᎠ ᏄᏪᏎᎸᎩ ᏄᎬᏫᏳᏒ ᏗᏓᏘᏂᏙᎯ; ᏥᏌ ᏰᎵ ᎪᎱᏍᏗ ᎦᎬᏲᏎᏗ? ᎾᏍᎩᏃ ᎯᎠ ᏄᏪᏒᎩ; ᏥᎪ ᎠᏂᎪᎢ ᎤᏂᏬᏂᎯᏍᏗ ᎨᏒ ᏰᎵ ᎨᏣᏬᏂᎯᏍᏗ?
38. ᏝᏍᎪ ᏂᎯ ᏱᎩ Ꮎ ᎢᏥᏈᏱ ᏤᎲᎩ, ᎢᎸᎯᏳ ᎤᏓᏑᏰᏛ ᎤᎾᎵᏖᎸᏗᏱ ᏥᏄᏩᏁᎸᎩ, ᎠᎴ ᏥᏚᏘᎿᎭᏫᏛᎲᎩ ᎢᎾᎨ ᏥᏫᏚᏘᏅᏍᏔᏅᎩ ᏅᎩ ᎢᏯᎦᏴᎵ ᎢᏯᏂᏛ ᎠᏂᏍᎦᏯ ᏴᏫ ᏗᏂᎯᎯ?
39. ᏉᎳᏃ ᎯᎠ ᏄᏪᏒᎩ; ᎠᏴ ᏥᏧᏏ ᏏᎵᏏᏱ ᎨᎢ ᏓᏌ ᎦᏚᎲᎢ, ᎥᏝ ᎡᏍᎦᏉ ᎤᏬᎭᏛ ᎦᏚᎲᎢ ᎨᎢ ᏱᎩ; ᎠᎴ ᎬᏔᏲᏎᎭ ᎤᏁᎳᎩ ᏍᏇᎵᏎᏗᏱ ᏗᏥᏬᏁᏙᏗᏱ ᏴᏫ.
40. ᎤᏁᎳᎩᏃ ᎤᏪᎵᏎᎸ, ᏉᎳ ᎤᎴᏅᎩ ᎠᎩᎳᏫᏍᏗᏱ, ᎤᏬᏰᏂ ᏴᏫ ᏚᏖᎸᎾᏁᎸᎩ; ᎤᏣᏘᏃ ᎡᎳᏪ ᎤᏅᏅ, ᏚᏬᏁᏔᏅᎩ ᎠᏂᏧᏏ ᎤᏂᏬᏂᎯᏍᏗ ᎤᏮᏔᏅᎩ, ᎯᎠ ᏄᏪᏒᎩ;

== Acts 22 ==
1. ᎢᏥᏍᎦᏯ ᎢᏓᏓᏅᏟ ᎠᎴ ᏗᎩᏙᏓ, ᎢᏣᏛᏓᏍᏓ ᎯᎠ ᎠᏆᎵᏍᏕᎸᏙᏗ ᎿᎭᏉ ᏨᏓᏥᏬᏂᏏ.
2. ᎤᎾᏛᎦᏅᏃ ᎠᏂᏧᏏ ᎤᏂᏬᏂᎯᏍᏗ ᎨᏒ ᎬᏗᏍᎬ ᎤᏂᏬᏁᏗᏍᎬᎢ, ᎤᏟ ᎢᎦᎢ ᎡᎳᏪ ᎤᏅᏅᎩ; ᎯᎠᏃ ᏄᏪᏒᎩ;
3. ᎠᏴ ᏥᏧᏏ ᏏᎵᏏᏱ ᎠᏆᏕᏅᎯ ᏓᏌ ᎦᏚᎲᎢ, ᎠᏎᏃ ᎠᏂ ᎦᏚᎲ ᎠᏆᏛᏒᎯ, ᎨᎺᎵ ᏚᎳᏍᎬᎢ ᎥᏇᏲᏅᎯ ᏭᏂᎫᏛ ᏗᎧᎿᎭᏩᏛᏍᏗ ᎨᏒ ᏗᎩᎦᏴᎵᎨ ᎨᎩᏁᎸᎯ, ᎤᎵᏂᎩᏗᏳᏃ ᎠᏆᏓᏅᏛᎩ ᏕᏥᎦᎿᎭᏩᏗᏒ ᎤᏁᎳᏅᎯ ᎾᏍᎩᏯ ᏂᏥᎥ ᏂᎯ ᏥᏄᏍᏗ ᏥᏣᏓᏅᏔ ᎪᎯ ᎢᎦ ᏥᎩ.
4. ᎠᎴ ᎬᏂᏲᎱᏍᎩ ᎦᏥᏯᏕᏯᏙᏗᏍᎬᎩ ᎯᎠ ᎦᏅᏅ ᏗᏂᎧᎿᎭᏩᏕᎩ, ᏕᎦᏥᏯᎸᎢᎲᎩ ᎠᎴ ᏗᏓᏍᏚᏗᏱ ᏕᎦᏥᏴᏗᏍᎬᎩ ᎠᏂᏍᎦᏯ ᎠᎴ ᎠᏂᎨᏴ.
5. ᏄᎬᏫᏳᏒᏃ ᎠᏥᎸ-ᎨᎶᎯ ᎾᏍᏉ ᎬᏂᎨᏒ ᎾᏋᏁᎭ, ᎠᎴ ᏂᎦᏛ ᏗᎨᎦᏁᎶᏗ ᎨᏒᎢ, ᎾᏍᎩ ᎾᏍᏉ ᎪᏪᎵ ᏕᎬᎩᏅᏁᎸᎩ ᎢᏓᎵᏅᏟ ᏧᏂᎪᏩᏛᏗ, ᎠᎴ ᏕᎹᏍᎦ ᏩᎩᎶᏒᎩ, ᏕᏥᏯᏅᎲᏒ ᎾᎿᎭᎠᏁᎯ ᏗᎨᎦᎸᎢᏛ ᏗᎦᏥᏯᏘᏃᎯᏍᏗᏱ ᏥᎷᏏᎵᎻ, ᎨᏥᎩᎵᏲᎢᏍᏙᏗᏱ.
6. ᎾᏍᎩᏃ ᎯᎠ ᎾᏆᎵᏍᏓᏁᎸᎩ ᎦᎢᏒᎢ, ᏕᎹᏍᎦ ᎾᎥ ᏩᎩᎷᏨ,’ᎢᎦ ᎠᏰᎵ ᎢᏴᏛ, ᎤᏰᎶᎢᏍᏔᏅᎩ ᎤᏣᏘ ᏚᎸᏌᏓᏛᎩ ᎦᎸᎳᏗ ᏅᏓᏳᎶᏒᎯ ᏓᏆᏚᏫᏍᏔᏅᎩ.
7. ᎡᎳᏗᏃ ᎠᎩᏅᏨᎩ, ᎧᏁᎬᏃ ᎠᏆᏛᎦᏅᎩ, ᎯᎠ ᎾᎩᏪᏎᎸᎩ; ᏐᎳ, ᏐᎳ, ᎦᏙᏃ ᎤᏲ ᏂᏍᏋᏁᎭ?
8. ᎠᏴᏃ ᎠᎩᏁᏨ ᎯᎠ ᎾᎩᏪᏒᎩ; ᎦᎪ ᏂᎯ, ᏣᎬᏫᏳᎯ? ᎯᎠᏃ ᎾᎩᏪᏎᎸᎩ, ᎠᏴ ᏥᏌ ᎾᏎᎵᏘ ᏤᏍᎩ, ᎾᏍᎩ ᎤᏲ ᏥᏂᏴᏁᎭ.
9. ᎣᏤᎯᏃ ᎤᏙᎯᏳᎯ ᎠᏂᎪᏩᏘᏍᎬᎩ ᎢᎦ ᎦᏛᎢ, ᎠᎴ ᎠᏂᏍᎦᎢᎲᎩ, ᎠᏎᏃ ᎥᏝ ᏳᎾᏛᎦᏁ ᎧᏁᎬ ᎠᎩᏬᏁᏗᏍᎩ.
10. ᎯᎠᏃ ᎾᎩᏪᏒᎩ, ᎦᏙ ᏓᎦᏛᏁᎵ, ᏣᎬᏫᏳᎯ? ᎤᎬᏫᏳᎯᏃ ᎯᎠ ᎾᎩᏪᏎᎸᎩ; ᏔᎴᎲᎦ, ᏕᎹᏍᎦ ᎮᎾ, ᎾᎿᎭᏃ ᏓᏰᏣᏆᏁᎵ ᏂᎦᎥ ᏚᏚᎪᏔᏅ ᎢᏣᏛᏁᏗᏱ.
11. ᎠᎩᏄᎸᏅᏃ ᎠᎩᎪᏩᏛᏗᏱ, ᏅᏗᎦᎵᏍᏙᏗᏍᎬ ᏗᎬᏩᎸᏌᏓ ᎾᏍᎩ ᎢᎦ ᎦᏛᎢ, ᎣᏤᎯ ᎬᏉᏱᏁᏅ, ᏕᎹᏍᎦ ᏩᎩᏴᎸᎩ.
12. ᎩᎶᏃ ᎢᏳᏍᏗ ᎡᏂᎾᏯ ᏧᏙᎢᏛ, ᎤᏓᏅᏘ ᏗᎧᎿᎭᏩᏛᏍᏗ ᎠᏍᏓᏩᏕᎩ, ᏂᎦᏛ ᎠᏂᏧᏏ ᎾᎿᎭᎠᏁᎯ ᎣᏍᏛ ᎬᏩᏃᎮᏍᎩ,
13. ᎠᎩᎷᏤᎸ ᎤᎴᏂᎸᎩ, ᎯᎠ ᎾᎩᏪᏎᎸᎩ; ᏗᎾᏓᏅᏟ ᏐᎳ, ᏥᎯᎪᏩᏛ. ᎾᎯᏳᏉᏃ ᏙᏥᏯᎦᎿᎭᏅᎩ.
14. ᎯᎠᏃ ᏄᏪᏒᎩ; ᎤᏁᎳᏅᎯ ᏗᎩᎦᏴᎵᎨ ᎤᎾᏤᎵᎦ ᏣᏑᏰᏒ, ᏣᎦᏙᎥᎯᏍᏗᏱ ᏄᏍᏛ ᎠᏓᏅᏖᏍᎬᎢ, ᎠᎴ ᎯᎪᏩᏛᏗᏱ ᎾᏍᎩ Ꮎ ᎾᏍᎦᏅᎾ, ᎠᎴ ᎠᎰᎵ ᎦᎾᏄᎪᎬ ᎧᏁᎬ ᏣᏛᎪᏗᏱ.
15. ᎯᏃᎮᏍᎩᏰᏃ ᎨᏎᏍᏗ ᎾᏂᎥ ᏴᏫ ᎠᏁᎲᎢ ᏄᏍᏛ ᏣᎪᎲᎢ ᎠᎴ ᏣᏛᎦᏅᎢ.
16. Ꭷ, ᎦᏙᏃ ᎢᎭᏙᎯᏗᎭ? ᏔᎴᎲᎦ, ᎠᎴ ᏪᏣᏬᏣ, ᎠᎴ ᎰᏑᎵ ᏣᏍᎦᏅᏨᎢ, ᎯᏔᏲᎯᎮᏍᏗ ᎲᏗᏍᎨᏍᏗ ᏕᎤᏙᎥ ᎤᎬᏫᏳᎯ.
17. ᎯᎠᏃ ᎾᏆᎵᏍᏓᏁᎸ ᏥᎷᏏᎵᎻ ᎢᎠᎩᎷᏨ, ᎾᏍᎩ ᎦᏓᏙᎵᏍᏗᏍᎬ ᎤᏛᏅ ᏗᎦᎳᏫᎢᏍᏗᏱ, ᏣᎦᎵᎰ ᎢᏳᏍᏗ ᎾᏆᎵᏍᏓᏁᎸᎩ;
18. ᎠᎴ ᏥᎪᎥᎩ ᎯᎠ ᎾᎩᏪᏎᎲᎩ; ᎾᏞᎬᏉ ᎢᏴᏛ ᎯᏄᎪᎢ ᏥᎷᏏᎵᎻ; ᎥᏝᏰᏃ ᏱᏙᏛᏂᏂᏴᎯ ᎠᏴ ᏍᎩᏃᎮᏍᎬᎢ.
19. ᎠᎴ ᎯᎠ ᎾᎩᏪᏒᎩ; ᏣᎬᏫᏳᎯ, ᎠᏂᎦᏔᎭ ᏕᏥᏍᏚᏂᏙᎸᎢ ᎠᎴ ᏕᏥᎸᏂᎵᏙᎸᎢ ᎨᏦᎯᏳᎲᏍᎩ ᏗᎦᎳᏫᎢᏍᏗᏱ ᏕᎪᏢᏩᏗᏒᎢ.
20. ᎠᎴ ᏣᏃᎮᏍᎩ ᏍᏗᏫ ᎤᎩᎬ ᎤᏤᏬᏨ ᎠᏴ ᎾᏍᏉ ᎾᎥ ᏥᏙᎬᎩ ᎠᎴ ᎣᏏᏳ ᎠᎩᏰᎸᏒᎩ ᎤᏲᎱᏒᎢ, ᎠᎴ ᏕᏥᎦᏘᏴᎩ ᏧᎾᏄᏬ ᎾᏍᎩ ᎬᏩᎯᎯ.
21. ᎯᎠᏃ ᎾᎩᏪᏎᎸᎩ; ᎭᏓᏅᎾ, ᏓᎬᏅᏏᏰᏃ ᎢᏅ ᏧᎾᏓᎴᏅᏛ ᏴᏫ ᏗᏁᎲᎢ.
22. ᎬᏩᏛᏓᏍᏓᏁᎲᎩᏃ ᎬᏂ ᎾᏍᎩ ᎯᎠ ᏄᏪᏒ, ᎿᎭᏉᏃ ᎤᏂᏌᎳᏓᏅᎩ ᎠᏂᏁᎬ ᎯᎠ ᏄᏂᏪᏒᎩ; ᎡᎶᎯ ᏩᎦᏘᎿᎭᏫᏛ ᎾᏍᎩᏉ ᎢᏳᏍᏗ ᏴᏫ; ᎥᏝᏰᏃ ᏰᎵ ᎬᏁᏍᏗ ᎦᏰᎵᏍᏗ ᏱᎩ.
23. ᎠᏏᏉᏃ ᎤᏁᎷᎬᎩ ᎠᎴ ᏚᎾᏓᎡᎬᎩ ᏧᎾᏄᏬ ᎠᎴ ᎪᏍᏚ ᎤᎾᏕᏏᏙᎲᎩ;
24. ᏄᎬᏫᏳᏒ ᏗᏓᏘᏂᏙᎯ ᎤᏁᏨᎩ ᏗᏐᏴ ᏩᏥᏴᏙᏗᏱ, ᎠᎴ ᎠᏥᎵᎥᏂᎲ ᎠᏥᎪᎵᏰᏗᏱ, ᎤᏚᎵᏍᎬᎩ ᎤᏙᎴᎰᎯᏍᏗᏱ ᏅᏗᎦᎵᏍᏙᏗᏍᎬ ᏂᎦᎥ ᎠᏁᎷᎲᏍᎬ ᎬᏩᏡᏗᏍᎬᎢ.
25. ᎬᏩᎵᎥᏂᏍᏗᏱᏃ ᎬᏩᏘᏃᎸ, ᏉᎳ ᎯᎠ ᏄᏪᏎᎸᎩ ᎾᎥ ᎦᏙᎩ ᎠᏍᎪᎯᏧᏈ ᏗᏘᏂᏙᎯ; ᏰᎵᏉᏍᎪ ᏗᎧᎾᏩᏛᏍᏗ ᏂᎬᏅ ᎦᏰᏥᎵᎥᏂᏍᏗ ᎠᏍᎦᏯ ᎠᎶᎻ, ᎤᏍᎦᏅᏨ ᏧᏚᎪᏔᏅᎯ ᏂᎨᏒᎾ ᏱᎩ?
26. ᎠᏍᎪᎯᏧᏈᏃ ᏗᏘᏂᏙᎯ, ᎾᏍᎩ ᎤᏛᎦᏅ, ᏭᏃᏁᎸᎩ ᏄᎬᏫᏳᏒ ᏗᏓᏘᏂᏙᎯ, ᎯᎠ ᏫᏄᏪᏒᎩ; ᎮᏯᏔᎮᏍᏗ ᎯᎠ ᏥᏅᏔᏛᏁᎵ; ᎯᎠᏰᏃ ᎠᏍᎦᏯ ᎠᎶᎻ.
27. ᎿᎭᏉᏃ ᏄᎬᏫᏳᏒ ᏗᏓᏘᏂᏙᎯ ᎤᎷᏨ, ᎯᎠ ᏄᏪᏎᎸᎩ; ᏍᎩᏃᎲᏏ, ᎯᎶᎻᏍᎪ ᏂᎯ? ᎥᎥ, ᎤᏛᏅᎩ.
28. ᏄᎬᏫᏳᏒᏃ ᏗᏓᏘᏂᏙᎯ ᎯᎠ ᏄᏪᏒᎩ; ᎤᏤᏘ ᎠᏆᎫᏴᏛ ᎯᎠ ᎾᏍᎩ ᎠᏆᏓᏤᎵᎦᏯ ᎨᏒᎢ. ᏉᎳᏃ ᎯᎠ ᏄᏪᏒᎩ; ᎠᏴᏍᎩᏂ ᎠᏆᏓᏤᎵᎦᏯ ᎠᏆᏕᏅᎩ.
29. ᎿᎭᏉᏃ ᎩᎳᏉ ᎢᏴᏛ ᎬᏩᏓᏅᎡᎸᎩ ᎬᏩᎪᎵᏰᏍᎩ; ᎾᏍᏉᏃ ᏄᎬᏫᏴᏒ ᏗᏓᏘᏂᏙᎯ ᎠᏍᎦᎢᎲᎩ, ᎤᏙᎴᎰᏒ ᎠᎶᎻ ᎨᏒᎢ, ᎠᎴ ᏅᏓᎦᎵᏍᏙᏗᏍᎬᎩ ᎾᏍᎩ ᎤᎸᎸᎢ.
30. ᎤᎩᏨᏛᏃ ᎤᏚᎵᏍᎬ ᎢᏳᏍᏗ ᏚᏳᎪᏛ ᎤᏙᎴᎰᎯᏍᏗᏱ ᏅᏓᎦᎵᏍᏙᏗᏍᎬ ᎠᏂᏧᏏ ᎬᏭᎯᏍᏗᏍᎬᎢ, ᎤᎸᏒᎲᎩ, ᎠᎴ ᎤᏁᏨᎩ ᏄᏂᎬᏫᏳᏒ ᎠᏥᎸᎠᏁᎶᎯ ᎠᎴ ᏂᎦᏛ ᏗᏂᎳᏫᎩ, ᎤᎾᏓᏟᏐᏗᏱ, ᎠᎴ ᎤᏘᏃᎸᎩ ᏉᎳ, ᎠᏂᏅᎢᎬᏱᏢ ᎤᏪᎧᏅᎩ.

== Acts 23 ==
1. ᏉᎳᏃ ᎤᏯᏅᏒᎯ ᏚᎧᎿᎭᏅ ᏗᏂᎳᏫᎩ, ᎯᎠ ᏄᏪᏒᎩ; ᎢᏥᏍᎦᏯ ᎢᏓᏓᏅᏟ, ᎪᎯ ᎢᎦ ᎢᏯᏍᏗ, ᎠᏆᏓᏅᏙ ᎠᏆᏎᎮᎲ ᏓᎩᎸᏫᏍᏓᏁᎲᎩ ᏂᎦᎥ ᏚᏳᎪᏛ ᎨᏒ ᎤᏁᎳᏅᎯ ᎠᎦᏔᎲᎢ.
2. ᎡᏂᎾᏯᏃ ᏄᎬᏫᏳᏒ ᎠᏥᎸ-ᎨᎶᎯ ᏚᏂᏤᎸᎩ ᎦᏙᎬ ᎾᎥ ᎠᏂᏙᎾᎢ ᎠᎰᎵ ᎬᏩᏂᏍᏗᏱ.
3. ᏉᎳᏃ ᎯᎠ ᏄᏪᏎᎸᎩ; ᎤᏁᎳᏅᎯ ᏓᏨᏂᎵ ᏂᎯ, ᎠᏐᏱ ᎤᏁᎬ ᎢᎬᏁᎸᎯ; ᏦᎳᏰᏃ ᎨᎵ ᏗᏍᏇᎪᏓᏁᏗᏱ ᎾᏍᎩᏬ ᏗᎧᎿᎭᏩᏛᏍᏗ ᏂᎦᏪᏍᎬᎢ? ᏥᎪᏃ ᎢᎯᏁᎦ ᎥᏋᏂᏍᏗᏱ ᏗᎧᎿᎭᏩᏛᏍᏗ ᏙᎯᎦᏘᎴᎦ?
4. ᎾᎥᏃ ᎠᏂᏙᎾᎢ ᎯᎠ ᏄᏂᏪᏒᎩ; ᏥᎪ ᎦᎯᏐᏢᏗᎭ ᏄᎬᏫᏳᏒ ᎠᏥᎸ-ᎨᎶᎯ ᎤᏁᎳᏅᎯ ᎤᏤᎵᎦ?
5. ᏉᎳᏃ ᎯᎠ ᏄᏪᏒᎩ; ᎢᏓᏓᏅᏟ, ᎥᏝ ᏱᎨᎵᏍᎨ ᏄᎬᏫᏳᏒ ᎠᏥᎸ-ᎨᎶᎯ ᎨᏒᎢ; ᎯᎠᏰᏃ ᏥᏂᎬᏅ ᏥᎪᏪᎳ; “ᏞᏍᏗ ᎤᏐᏅ ᏱᏁᏤᎮᏍᏗ ᏣᎦᏁᎶᏗ ᏗᏣᏤᎵ ᏴᏫ ᎤᎾᏤᎵᎦ.”
6. ᏉᎳᏃ ᎤᏙᎴᎰᏒ ᎢᎦᏛ ᎠᏂᏌᏚᏏ ᎨᏒᎢ, ᎢᎦᏛᏃ ᎠᏂᏆᎵᏏ, ᎤᏪᎷᏅᎩ ᏕᎦᎳᏫᎥᎢ ᎯᎠ ᏄᏪᏒᎩ; ᎢᏥᏍᎦᏯ ᎢᏓᏓᏅᏟ, ᎠᏴ ᏥᏆᎵᏏ, ᎠᏆᎵᏏ ᎤᏪᏥ; ᎤᏚᎩ ᎬᏗ ᎨᏒ ᎠᎴ ᎠᏲᎱᏒ ᏗᎴᎯᏐᏗ ᎨᏒ ᏅᏗᎦᎵᏍᏙᏗᎭ ᎠᏆᎵᏱᎵᏕᎭ.
7. ᎾᏍᎩᏃ ᏄᏪᏒ, ᎤᏂᏲᏠᎯᏎᎸᎩ ᎠᏂᏆᎵᏏ ᎠᎴ ᎠᏂᏌᏚᏏ, ᎤᏂᏣᏘᏃ ᎨᏒ ᏔᎵ ᏄᎾᏓᏛᎩ.
8. ᎠᏂᏌᏚᏏᏰᏃ ᎯᎠ ᎾᏂᏪᏎᎪᎢ; ᎥᏝ ᏗᎴᎯᏐᏗ ᏱᎩ, ᎥᏝ ᎠᎴ ᏰᎭ ᏗᎧᎿᎭᏩᏗᏙᎯ ᎠᎴ ᎠᏓᏅᏙ; ᎠᏂᏆᎵᏏᏍᎩᏂ ᎢᏧᎳ ᎠᏃᎯᏳᎲᏍᎦ.
9. ᎤᏣᏘᏃ ᎤᏁᎷᏅᎩ; ᏗᏃᏪᎵᏍᎩᏃ ᎠᏂᏆᎵᏏ ᎤᎾᎵᎪᏒ ᎤᎾᎵᎪᎯ ᏚᎾᎴᏅ ᎤᎾᏗᏒᎩ, ᎯᎠ ᏄᏂᏪᏒᎩ; ᎥᏝ ᎪᎱᏍᏗ ᎤᏲ ᏲᏥᏩᏛᎡᎭ ᎯᎠ ᎠᏍᎦᏯ, ᎢᏳᏍᎩᏂ ᎠᏓᏅᏙ ᎠᎴ ᏗᎧᎿᎭᏩᏗᏙᎯ ᎤᏁᏤᎸᎯ ᎨᏎᏍᏗ, ᏞᏍᏗ ᎤᏁᎳᏅᎯ ᏤᏓᏟᏴᎡᎸᎩ.
10. ᎤᏣᏘᏃ ᎤᏂᏲᏠᎯᏎᎸ, ᏄᎬᏫᏳᏒ ᏗᏓᏘᏂᏙᎯ ᎠᏍᎦᎢᎲᎢ ᏉᎳ ᏱᎬᏪᏓᎦᎸᎥᎦ ᎡᎵᏍᎬᎢ, ᏚᏁᏤᎸᎩ ᎠᏂᏯᏫᏍᎩ ᎤᏁᏅᏍᏗᏱ ᎠᎴ ᏫᏚᎾᏑᎦᎸᏙᏗᏱ, ᎠᎴ ᎤᏂᏴᏔᏂᎯᏍᏗᏱ ᏗᏐᏴᎢ.
11. ᎾᎯᏳᏃ ᏒᏃᏱ ᏫᏄᎵᏍᏔᏅ, ᎤᎬᏫᏳᎯ ᎾᎥ ᎤᎴᏁᎴᎢ, ᎯᎠ ᏄᏪᏎᎢ; ᎤᎦᎵᏍᏗ ᏣᏓᏅᏖᏍᏗ, ᏉᎳ, ᎬᏂᎨᏒᏰᏃ ᏥᏂᏍᏋᏁᎸ ᏥᎷᏏᎵᎻ, ᎾᏍᏉ ᎬᏂᎨᏒ ᏅᏓᏍᏋᏁᎵ ᏣᏂ.
12. ᏑᎾᎴᏃ ᏄᎵᏍᏔᏅ ᎩᎶ ᎢᏳᎾᏍᏗ ᎠᏂᏧᏏ ᎤᎾᎵᎪᏁᎢ, ᎤᎾᏎᎵᏔᏁ ᏚᎾᏓᏁᏤᎴ ᎨᏥᏍᎩᏅᏗᏍᏗᏱ, ᎯᎠ ᏄᏂᏪᏎᎢ; ᎥᏝ ᎪᎱᏍᏗ ᏴᎨᏗᎦ ᎠᎴ ᏴᎨᏓᏗᏔ, ᎬᏂ ᏉᎳ ᎡᏗᎸᎯ ᎨᏎᏍᏗ.
13. ᏅᎦᏍᎪᎯᏃ ᎤᏗᏢᏍᏙᏗ ᎾᏂᎥᎩ ᎾᏍᎩ ᎢᏧᎾᏓᏪᏎᎸᎯ.
14. ᎾᏍᎩᏃ ᏄᏂᎬᏫᏳᏒ ᎠᏥᎸ ᎠᏁᎶᎯ ᎠᎴ ᏗᏂᎳᏫᎩ, ᏚᏂᎷᏤᎸᎩ ᎯᎠ ᏄᏂᏪᏒᎩ; ᎣᎦᏎᎵᏔᏅ ᏙᎦᏓᏁᏤᎸ ᎣᎩᏍᏛᏗᏍᏗᏱ, ᎪᎱᏍᏗ ᎣᎦᏅᏍᎦᎶᏗᏱ ᎠᎴ ᎣᎦᏚᎩᏍᏗᏱ ᏂᎨᏒᎾ ᎬᏂ ᏉᎳ ᎣᏥᎸᎯ ᎨᏎᏍᏗ.
15. Ꭷ ᎾᏍᎩ ᎢᏳᏍᏗ ᏂᎯ ᎠᎴ ᏗᏂᎳᏫᎩ ᎢᏣᎵᎪᎲᎦ, ᎡᏥᏔᏂᏲᏏ ᏄᎬᏫᏳᏒ ᏗᏓᏘᏂᏙᎯ, ᎤᎩᏨᏅ ᎢᏣᏘᏃᎮᏗᏱ, ᎤᏟ ᎢᎦᎢ ᎪᎱᏍᏗ ᎢᏣᏛᏛᏗᏱ ᏥᏣᏚᎵᏍᎪ ᎾᏍᎩᏯᎢ ᎯᎠ ᎾᏍᎩ ᎠᎫᎢᏍᏗᏍᎬᎢ, ᎠᏴᏃ ᎠᏏᏉ ᎾᎥ ᏂᎦᎷᎬᎾ ᎨᏎᏍᏗ, ᎣᎦᏛᏅᎢᏍᏗ ᎣᏥᎢᏍᏗᏱ.
16. ᏉᎳᏃ ᎤᏙ ᎤᏪᏥ ᎤᏛᎦᏅ ᎤᏂᎭᎷᎬᎢ, ᎤᏬᏅᏒᎩ, ᏗᏐᏴ ᏭᏴᎸᎩ, ᎠᎴ ᏭᏃᏁᎸᎩ ᏉᎳ.
17. ᏉᎳᏃ ᏭᏯᏅᎲ ᎠᏏᏴᏫ ᎠᏍᎪᎯᏧᏈ ᏗᏘᏂᏙᎯ, ᎯᎠ ᏄᏪᏒᎩ; ᎯᎠ ᎠᏫᏅ ᏄᎬᏫᏳᏒ ᏗᏓᏘᏂᏙᎯ ᏄᏬᎸ ᏫᏯᏘᏅᏍᏓ, ᎪᎱᏍᏗᏰᏃ ᎤᎭ ᎤᏃᏁᏗ.
18. ᎰᏩᏃ ᎤᏯᏅᎲ, ᏄᎬᏫᏳᏒ ᏗᏓᏘᏂᏙᎯ ᏭᏘᏃᎮᎸᎩ, ᎯᎠ ᏄᏪᏒᎩ; ᏉᎳ ᎠᏴᎩ ᏩᎩᏯᏅᎲᎩ, ᎠᎩᏔᏲᏎᎸᎩ ᎯᎠ ᎠᏫᏅ ᎬᏯᏘᏃᎮᏗᏱ, ᎾᏍᎩ ᎪᎱᏍᏗ ᎤᎭ ᏣᏃᏁᏗ.
19. ᏄᎬᏫᏳᏒᏃ ᏗᏓᏘᏂᏙᎯ ᎤᏬᏯᏁᏒ, ᎢᏴᏛ ᎤᏕᎵᏒ ᏭᏘᏅᏍᏔᏅᎩ, ᎤᏛᏛᏅᎩ, ᎯᎠ ᏄᏪᏒᎩ; ᎦᏙ ᎾᏍᎩ Ꮎ ᏍᎩᏃᏁᏗ ᏥᎩ?
20. ᎯᎠᏃ ᏄᏪᏒᎩ; ᎠᏂᏧᏏ ᎤᎾᏓᏅᏖᎸ ᎨᏣᏔᏲᏎᏗᏱ ᎤᎩᏨᏅ ᏕᎦᎳᏫᎥ ᏫᏯᏘᏃᎯᏍᏗᏱ ᏉᎳ, ᎾᏍᎩᏯ ᎪᎱᏍᏗ ᎤᏟ ᎢᎦᎢ ᏨᏗᎾᏛᏛᏂᏐᎢ.
21. ᎠᏎᏃ ᏞᏍᏗ ᏙᎯᏳᏅᎩ; ᏅᎦᏍᎪᎯᏰᏃ ᎤᏗᏢᏍᏙᏗ ᎢᏯᏂᏛ ᎠᏂᏍᎦᏯ ᎬᏩᎭᎷᎦ, ᎾᏍᎩ ᎤᎾᏎᎵᏔᏅᎯ ᏚᎾᏓᏁᏤᎸ ᎤᎾᎵᏍᏓᏴᏗᏱ ᎠᎴ ᎤᎾᏗᏔᏍᏗᏱ ᏂᎨᏒᎾ, ᎬᏂ ᎤᏂᎸᎯ ᎨᏎᏍᏗ; ᎿᎭᏉᏃ ᎤᎾᏛᏅᎢᏍᏗ ᎠᏂᎦᏘᏴ ᎤᎾᏛᎪᏗᏱ ᏣᏚᎢᏍᏔᏅᎢ.
22. ᎾᏍᎩᏃ ᏄᎬᏫᏳᏒ ᏗᏓᏘᏂᏙᎯ ᎤᏪᎧᏅᎩ ᎠᏫᏅ ᎠᎴ ᎠᏁᏤᎸᎩ ᎯᎠ ᏄᏪᏎᎸᎩ; ᏞᏍᏗ ᎩᎶ ᎯᏃᏁᎸ ᎾᏍᎩ ᎯᎠ ᎬᏂᎨᏒ ᏂᏍᏋᏁᎸᎢ.
23. ᏫᏚᏯᏅᎲᏃ ᎠᏂᏔᎵ ᎠᏍᎪᎯᏧᏈ ᏗᎾᏓᏘᏂᏙᎯ, ᎯᎠ ᏄᏪᏒᎩ; ᏗᏍᏓᏛᏅᎢᏍᏓ ᏔᎵᏧᏈ ᎠᏂᏯᏫᏍᎩ, ᎠᎴ ᎦᎵᏆᏍᎪᎯ ᏧᎾᎩᎸᏗ, ᎠᎴ ᏗᏓᏘᏍᏗ ᏗᏂᏂᏙᎯ ᏔᎵᏧᏈ, ᏏᏌᎵᏱ ᎠᏁᏒᎭ ᏐᎣᏁᎵᏁ ᎢᏳᏟᎶᏛ ᏒᏃᏱ;
24. ᎠᎴ ᏗᎩᎸᏙᏗ ᏗᏍᏓᏛᏅᎢᏍᏓ ᎾᏍᎩ ᏉᎳ ᎠᎾᎩᎸᏔᏅᎭ, ᎠᎴ ᏅᏩᏙᎯᏯᏛ ᏩᎾᏘᏃᎮᎸᎭ ᏈᎵᏏ ᎤᎬᏫᏳᎯ.
25. ᎤᏬᏪᎳᏅᎩᏃ ᎯᎠ ᏫᏄᏪᏎᎸᎩ;
26. “ᎠᏴ ᏠᏗᏯ-ᎵᏏᏯ ᏫᎬᏲᎵᎦ ᎤᏣᏘ ᎰᏍᏛ ᏣᎬᏫᏳᎯ ᏈᎵᏏ.
27. ᎯᎠ ᎠᏍᎦᏯ ᎠᏂᏧᏏ ᎬᏩᏂᏴᎲᎩ, ᎠᎴ ᏓᎬᏩᎵᏒᎩ, ᎿᎭᏉ ᎠᏂᏯᏫᏍᎩ ᏕᎦᏘᏅᏒᎩ, ᎠᎴ ᏥᏍᏕᎸᎲᎩ, ᎠᏆᏛᎦᏅᎯ ᎨᏒ ᎠᎶᎻ ᎨᏒᎢ.
28. ᎠᏆᏚᎸᎲᏃ ᎠᏆᏙᎴᎰᎯᏍᏗᏱ ᏅᏗᎦᎵᏍᏙᏗᏍᎬ ᎬᏬᎯᏍᏗᏍᎬᎢ, ᏥᏯᏘᏃᎸᎩ ᏓᏂᎳᏫᎥᎢ.
29. ᎠᏆᏙᎴᎰᏒᏃ ᎾᏍᎩ ᏧᏂᎧᎿᎭᏩᏛᏍᏗᏉ ᎧᏃᎮᏗ ᎨᏒ ᏅᏗᎦᎵᏍᏙᏗᏍᎬ ᎠᎫᎢᏍᏗᏍᎬᎢ ᎬᏩᏲᎱᎯᏍᏗᏃ ᎠᎴ ᎦᏰᎦᎸᏍᏗ ᎨᏒ ᎪᎱᏍᏗ ᎾᎫᎢᏍᏛᎾ ᎨᏒᎢ.
30. ᎠᎴ ᎥᎩᏃᏁᎸ ᎠᏂᏧᏏ ᎤᏂᎭᎷᎬ ᎾᏍᎩ ᎠᏍᎦᏯ, ᎩᎳᏉ ᎢᏴᏛ ᎠᏆᏓᏅᏒ ᏗᏦᎸᎢ, ᎠᎴ ᎾᏍᏉ ᎦᏥᏁᏤᎸ ᎬᏭᎯᏍᏗᏍᎩ ᎯᎦᏔᎲ ᎤᏂᏃᎮᏗᏱ ᏅᏗᎦᎵᏍᏙᏗᏍᎬ ᎠᏄᎯᏍᏗᏍᎬᎢ. ᏙᎯᏱ ᏂᏣᏛᎿᎭᏕᎨᏍᏗ.”
31. ᎠᏂᏯᏫᏍᎩᏃ, ᏂᎨᏥᏪᏎᎸ ᎨᏥᏁᏤᎸ ᏄᎾᏛᏁᎸ, ᎤᏂᏯᏅᎲᎩ ᏉᎳ, ᎠᎴ ᏒᏃᏱ ᏭᏂᎶᏒ, ᎥᏗᏇᏗ ᏭᎾᏘᏃᎸᎩ.
32. ᎤᎩᏨᏛᏃ ᏧᎾᎩᎸᏗ ᎤᎾᏘᏅᏍᏗ ᏄᏅᏁᎸ, ᎠᏂᏯᏫᏍᎩ ᎤᎾᏨᏒᎩ, ᏗᏐᏴ ᏭᏂᎶᏒᎩ.
33. ᎾᏍᎩᏃ ᏧᎾᎩᎸᏗ ᏏᏌᎵᏱ ᏭᏂᎷᏨ, ᎠᎴ ᎤᎬᏫᏳᎯ ᎪᏪᎵ ᎤᏂᏅᏁᎸ, ᎾᏍᏉ ᏉᎳ ᏚᏂᏲᎯᏎᎸᎩ.
34. ᎤᎬᏫᏳᎯᏃ ᎤᎪᎵᏰᎥ, ᎤᏛᏛᏅᎩ ᎾᎿᎭᏍᎦᏚᎩ ᎡᎯ ᎨᏒᎢ, ᎤᏛᎦᏅᏃ ᏏᎵᏏᏱ ᎡᎯ ᎨᏒᎢ,
35. ᎯᎠ ᏄᏪᏒᎩ; ᏓᎬᏯᏛᎦᏁᎵ ᎨᏧᎯᏍᏗᏍᎩ ᎾᏍᏉ ᎠᏂᎷᏨᎭ. ᎤᏁᏨᎩᏃ ᎠᏥᎦᏘᏗᏍᏗᏱ ᎡᎶᏛ ᎤᏤᎵ ᏗᎫᎪᏙᏗᏱ ᎠᏓᏁᎸᎢ.

== Acts 24 ==
1. ᎯᏍᎩᏃ ᏫᏄᏒᎳ ᎡᏂᎾᏯ ᏄᎬᏫᏳᏒ ᎠᏥᎸ-ᎨᎶᎯ ᎤᎷᏨᎩ, ᎠᏁᎲ ᏗᎨᎦᏁᎶᏗ, ᎠᎴ ᎩᎶ ᎢᏳᏍᏗ ᏗᏘᏲᎯᎯ, ᏔᏓᎳ ᏧᏙᎢᏛ, ᎾᏍᎩ ᎤᏂᏃᏁᎸᎩ ᎤᎬᏫᏳᎯ, ᎠᏄᎯᏍᏗᏍᎬ ᏉᎳ.
2. ᏩᏥᏯᏅᎲᏃ ᏔᏓᎳ ᎤᎴᏅᎲᎩ ᎤᏬᎯᏍᏔᏅᎩ, ᎯᎠ ᏄᏪᏒᎩ; “ᏂᎯ ᎢᏣᏂᏌᏅᎯ ᎤᏣᏘ ᏅᏩᏙᎯᏯᏛ ᏦᏤᎭ, ᎠᎴ ᎣᏍᏛ ᏥᏄᎾᎵᏍᏓᏁᎭ ᏴᏫ ᎣᎦᏤᎵᎪᎯ ᏣᎦᏌᏯᏍᏗᏳ ᎨᏒ ᏥᏅᏗᎦᎵᏍᏙᏗᎭ,
3. ᎾᏍᎩ ᎢᏳᏍᏗ, ᎰᏍᏛ ᏈᎵᏏ, ᏂᎪᎯᎸ ᎠᎴ ᏂᎬᎾᏛ ᏂᎦᎥ ᎠᎵᎮᎵᏍᏗ ᎨᏒ ᎣᏣᏓᏂᎸᎪᎢ.
4. ᎠᏎᏃ ᎠᏏ ᎤᏟ ᎢᎦᎢ ᏂᏗᎬᏯᏪᎢᏍᏔᏅᎾ, ᎬᏔᏲᏎᎭ ᏣᏓᏅᏘᏳ ᎨᏒ ᏨᏙᏗᏱ ᏍᎩᏯᏛᎦᏁᏗᏱ ᎢᎸᏍᎩ ᎢᎧᏁᏨᎯ.
5. ᎣᎦᏙᎴᎰᏒᏰᏃ ᎯᎠ ᎾᏍᎩ ᎠᏍᎦᏯ ᎤᏣᏔᏅᎯ ᎤᏕᏯᏙᏗ ᎨᏒᎢ, ᎠᎴ ᎦᏂᎳᏗᏍᎩ ᏧᏓᎴᏅᏛ ᏂᎦᏛ ᎠᏂᏧᏏ ᎠᏁᎲ ᏂᎬᎾᏛ ᎡᎶᎯ, ᎠᎴ ᏄᎬᏫᏳᏒ ᏗᏓᏘᏂᏙᎯ ᎤᎾᎵᎪᏒ ᎾᏎᎵᏂ ᏧᎾᏙᎢᏛ.
6. ᎾᏍᎩ ᎾᏍᏉ ᎤᏛᏅ ᏗᎦᎳᏫᎢᏍᏗᏱ ᎤᏐᏢᎢᏍᏙᏗᏱ ᎤᏰᎸᏅᎩ. ᎾᏍᎩ ᎣᏥᏂᏴᎲᎩ ᎠᎴ ᎣᎦᏚᎵᏍᎬᎩ ᏦᎩᎧᎿᎭᏩᏛᏍᏗ ᎣᎬᏙᏗᏱ ᎣᏥᏱᎵᏓᏍᏗᏱ.
7. ᎠᏎᏃ ᎵᏏᏯ ᏄᎬᏫᏳᏒ ᏗᏓᏘᏂᏙᎯ ᎤᎷᏨ ᎤᏣᏘ ᎬᏍᎦᎢᏍᏓᎩᏯ ᏙᎦᏑᎦᎸᏔᏅᎩ,
8. ᎠᎴ ᏚᏁᏤᎸᎩ ᎬᏭᎯᏍᏗᏍᎩ ᎨᏣᎷᏤᏗᏱ; ᎾᏍᎩᏃ ᎯᎪᎵᏰᏍᎬᎢ ᏨᏒ ᎨᏣᎦᏙᎥᎯᏍᏗ ᏱᏂᎦᎵᏍᏓ ᎯᎠ ᏂᎦᏛ ᏦᏧᎢᏍᏗᎭ.”
9. ᎠᏂᏧᏏᏃ ᎾᏍᏉ ᎤᏂᏍᏓᏱᏛᎩ, ᎤᏙᎯᏳᎯ ᎾᏍᎩ ᏄᏍᏗ, ᎤᎾᏛᏅᎩ.
10. ᎿᎭᏉᏃ ᏉᎳ, ᎤᎬᏫᏳᎯ ᎤᎵᏍᎫᏫᏎᎸ ᎤᏁᎢᏍᏗᏱ ᎤᎵᏍᎪᎸᏓᏁᎸ, ᎯᎠ ᏄᏪᏒᎩ; “ᏥᎦᏔᎯᏳ ᏥᎩ ᎢᎸᏍᎩ ᏧᏕᏘᏴᏛ ᏚᎪᏓᏁᎯ ᎢᎬᏩᎵᏍᏔᏅᎯ ᎨᏒ ᎯᎠ ᏑᎾᏓᎴᎩ ᏴᏫ, ᎾᏍᎩ ᏅᏓᎦᎵᏍᏙᏓ ᎤᏟ ᎤᎦᎵᏍᏗᏳ ᎦᏓᏅᏓᏓ, ᎠᏋᏒ ᎦᎵᏍᏕᎵᏍᎬ ᎬᎩᏁᎢᏍᏗ ᏥᏂᎦᎵᏍᏓ.
11. ᎨᏣᎦᏙᎥᎯᏍᏗᏰᏃ ᏂᎦᎵᏍᏗᎭ ᎾᏍᎩ ᎠᏏᏉ ᏔᎳᏚᏉ ᏄᏒᎭ ᏥᎷᏏᎵᎻ ᎬᏆᏓᏙᎵᏍᏔᏅᏒᎯ.
12. ᎠᎴ ᎥᏝ ᏱᎬᎩᏩᏛᎮ ᎩᎶ ᏲᏍᏓᏗᏒᎯᎮ ᎣᏍᏗᏬᏂᏍᎬᎢ ᎤᏛᏅ-ᏗᎦᎳᏫᎢᏍᏗᏱ, ᎠᎴ ᎥᏝ ᏱᏗᏥᏖᎸᎲᏍᎨ ᏚᎾᏓᏅᏛ ᏴᏫ ᏗᎦᎳᏫᎢᏍᏗᏱ ᏕᎨᏌᏗᏒᎢ ᎠᎴ ᎢᎸᎯᏢ ᎦᏚᎲᎢ.
13. ᎥᏝ ᎠᎴ ᏰᎵ ᎬᏩᏃᎯᏳᏙᏗ ᏱᎩ ᎯᎠ ᎾᏍᎩ ᎿᎭᏉ ᏥᎬᏇᎯᏍᏗᎭ.
14. ᎯᎠᏍᎩᏂᏃᏅ ᎬᏃᎲᏏ, ᎾᏍᎩ ᎤᎾᏓᏤᎵᏛ ᎤᎾᎵᎪᎯ ᏥᏓᏃᏎᎭ, ᎾᏍᎩ ᎦᏥᏍᏓᏩᏗᏒ ᏥᏯᏓᏙᎵᏍᏓᏁᎲ ᎤᏁᎳᏅᎯ ᏗᎩᎦᏴᎵᎨ ᎤᎾᏤᎵᎦ, ᎪᎢᏳᎲᏍᎬᎢ ᏂᎦᏛ ᎪᏪᎸ ᏗᎧᎿᎭᏩᏛᏍᏗᏱ ᎠᎴ ᎠᎾᏙᎴᎰᏍᎩ ᏚᏃᏪᎸᎢ;
15. ᎠᎴ ᎾᏍᏉ ᎤᏚᎩ ᏥᏴᎠ ᎤᏁᎳᏅᎯ, ᏧᎾᎴᎯᏐᏗ ᎨᏒ ᏧᏂᏲᎱᏒᎯ ᎤᎾᏓᏅᏘ ᎠᎴ ᎤᏂᏁᎫᏥᏛ, ᎾᏍᎩ ᎾᏍᏉ ᎤᏅᏒ ᏧᏃᎯᏳᎭ.
16. ᎠᎴ ᎾᏍᎩ ᎯᎠ ᏂᎦᏛᏁᎰᎢ ᎦᏟᏂᎬᏁᎰ ᎠᏆᏓᏅᏙᎩ ᎠᏆᏎᎮᎲᎢ ᏂᎪᎯᎸ ᏂᏥᏍᎦᏅᏤᎲᎾ ᎤᏁᎳᏅᎯ ᎠᎴ ᏂᎦᏥᏍᎦᏅᏤᎲᎾ ᏴᏫ ᎢᏳᎵᏍᏙᏗᏱ.
17. ᎢᎸᏍᎩᏃ ᏫᏄᏕᏘᏴᎲ ᏗᏆᏤᎵᎦ ᏴᏫ ᏕᏥᏲᎮᎸᎩ ᎨᏥᏁᎸᎯ, ᎠᎴ ᎠᎩᏲᎸᎩ ᎠᏥᎸᎨᎳᏍᏗ.
18. ᎾᏍᎩᏃ ᏂᎦᏛᏁᎲᎢ ᎩᎶ ᎢᏳᎾᏍᏗ ᎠᏂᏧᏏ ᎡᏏᏱ ᎠᏁᎯ ᎬᎩᏩᏛᎲᎩ ᎠᏆᏓᏅᎦᎵᏌᏛ ᎨᏒᎩ ᏥᏯᎥᎩ ᎤᏛᏅᏗᎦᎳᏫᎢᏍᏗᏱ, ᎥᏝ ᏱᎨᎳᏗᏙᎮ ᎤᏂᏣᏘ ᎠᏁᏙᎲᎢ, ᎠᎴ ᎤᎾᏓᏑᏰᏛ ᎨᏒᎢ;
19. ᎾᏍᎩᏍᎩᏂ ᎠᏂ ᏦᎸᎢ ᏱᎠᏁᏙᎮᎢ, ᎠᎴ ᏳᏂᏃᎮᎴᎢ, ᎢᏳᏃ ᎪᎱᏍᏗ ᏱᎬᏇᎯᏍᏗᎭ.
20. ᎠᎴ ᎯᎠᏉ ᎾᏍᏉ ᎤᏅᏒ ᏳᏂᏃᎮᎸ, ᎢᏳᏃ ᎤᏲ ᏓᎩᎸᏫᏍᏓᏁᎸ ᎤᏂᏩᏛᏛ ᏱᎩ ᏕᎦᎳᏫᎥ ᏥᏙᎬᎢ,
21. ᎯᎠ ᏍᎩᏂᏃᏅ ᏑᏓᎴᎩ ᎤᏩᏒ ᎠᎩᏁᏨᎢ, ᎯᎠ ᎾᎩᏪᏒ ᎠᏇᎷᏅ ᎠᏂᎦᏔᎲ ᏥᏙᎬᎢ; ᏗᎴᎯᏐᏗ ᎨᏒ ᎠᏲᎱᏒ ᏅᏗᎦᎵᏍᏙᏗ ᏍᎩᏱᎵᏙᎭ ᎪᎯ ᎢᎦ ᏥᎩ.”
22. ᏈᎵᏏᏃ ᎾᏍᎩ ᎤᏛᎦᏅ, ᎠᎴ ᎤᏟ ᎢᎦᎢ ᎤᎦᏙᎥᏒ ᎾᏍᎩ ᎦᏅᏅᎢ, ᏚᏬᎯᏕᎸᎩ ᎯᎠ ᏄᏪᏒᎩ; ᎵᏏᏯ ᏄᎬᏫᏳᏒ ᏗᏓᏘᏂᏙᎯ ᎦᎷᏨᎭ ᏓᎦᏛᎦᏃᏂ ᏥᏥᏱᎵᏙᎭ.
23. ᎤᏁᏤᎸᎩᏃ ᎠᏍᎪᎯᏧᏛ ᏗᏘᏂᏙᎯ ᏧᎧᎿᎭᏩᏗᏓᏍᏗᏱ ᏉᎳ, ᎠᎴ ᎤᏁᎳᎩ ᏪᏓ ᎤᏪᎵᏎᏗᏱ, ᎠᎴ ᎯᎠ ᏄᏪᏎᎸᎩ; ᏞᏍᏗ ᏣᏅᏍᏙᏒᎩ ᎩᎶ ᎢᏳᏍᏗ ᎤᎾᎵᎢ ᎤᏍᏕᎸᎯᏓᏍᏗᏱ ᎠᎴ ᎤᏩᏛᎯᎯᏍᏗᏱ.
24. ᎢᎸᏍᎩᏃ ᏫᏄᏒᎸ ᏈᎵᏏ ᎤᎷᏨᎩ, ᎤᏘᏃᎸᎩ ᎤᏓᎵᎢ ᏚᏏᎵ, ᎾᏍᎩ ᎠᏧᏏ ᎨᏒᎩ, ᎤᏓᏅᏒᎩ ᏩᏥᏯᏅᏗᏱ ᏉᎳ; ᎤᏛᎦᏁᎸᎩᏃ ᎦᎶᏁᏛ ᎪᎯᏳᏗ ᎨᏒ ᎤᎬᏩᎵ.
25. ᎠᏏᏉᏃ ᎧᏃᎮᏍᎬ ᏚᏳᎪᏛ ᎨᏒᎢ, ᎠᎴ ᎠᎵᏏᎾᎯᏍᏙᏗ ᎨᏒᎢ, ᎠᎴ ᎤᏁᎳᏅᎯ ᏧᏭᎪᏙᏗᏱ ᎤᎵᏱᎶᎯᏍᏗ ᎨᏒᎢ, ᏈᎵᏏ ᎤᏪᎾᏮᎩ, ᎯᎠ ᏄᏪᏒᎩ; ᎭᏓᏅᎾ ᎪᎯ, ᎢᏳᏃ ᏰᎵ ᎢᎬᏆᏛᏁᏗ ᏂᎦᎵᏍᏔᏅᎭ ᏫᎬᏯᏅᎲᎭ.
26. ᎠᎴ ᎾᏍᏉ ᎤᏚᎩ ᎤᏩᏒᎩ ᏉᎳ ᎠᏕᎸ ᏧᏁᏗᏱ, ᎾᏍᎩᏃ ᏧᏲᎯᏍᏗᏱ; ᎾᏍᎩ ᎢᏳᏍᏗ ᎤᏟ ᏯᏃᎩᏳ ᎠᏓᏅᏍᎬᎩ ᏩᏯᏂᏍᎬᎩ, ᎠᎴ ᎠᎵᏃᎮᏗᏍᎬᎩ.
27. ᏔᎵᏃ ᏫᏄᏕᎢᏴᎲ ᏈᎵᏏ ᎤᏪᏅᎢ ᏉᏏᏯ ᏇᏍᏓ ᎤᏪᏔᏅᎩ; ᏈᎵᏏᏃ ᎤᏚᎵᏍᎬᎢ ᎠᏂᏧᏏ ᎣᏍᏛ ᏧᏓᏅᏓᏗᏍᏙᏗᏱ, ᎤᏪᎧᎯᏴᎩ ᏉᎳ ᎠᎦᎸᎢᏛ.

== Acts 25 ==
1. ᎿᎭᏉᏃ ᏇᏍᏓ ᎾᎿᎭᏍᎦᏚᎩ ᎠᏥᎦᏘᏗᏍᏛ ᎤᎷᏨ, ᏦᎢ ᏫᏄᏒᎸ, ᏏᏌᎵᏱ ᎤᏂᎩᏒᎩ ᏥᎷᏏᎵᎻ ᏭᎶᏒᎩ.
2. ᎿᎭᏉᏃ ᏄᎬᏫᏳᏒ ᎠᏥᎸ-ᎨᎶᎯ ᎠᎴ ᎤᏂᎬᏫᏳᎯ ᎠᏂᏧᏏ ᏧᎾᏤᎦ ᎬᏩᏃᎮᎮᎸᎩ ᎠᏄᎯᏍᏗᏍᎬ ᏉᎳ ᎠᎴ ᎬᏩᏍᏗᏰᏔᏅᎩ,
3. ᎬᏩᏔᏲᏎᎸᎩ ᏧᏓᏅᏖᎮᏗᏱ ᎾᏍᎩ ᎠᏄᎯᏍᏗᏍᎬᎢ, ᎾᏍᎩ ᎤᏓᏅᏍᏗᏱ ᏥᎷᏏᎵᎻ ᎠᎦᏘᏃᎯᏍᏗᏱ; ᏭᏂᎭᎷᎨᏰᏃ ᏅᏃᎯ ᎤᏂᎯᏍᏗᏱ ᎤᏂᏰᎸᏎᎢ.
4. ᎠᏎᏃ ᏇᏍᏓ ᎤᏁᏨᎩ ᏉᎳ ᎠᎦᏘᏗᏍᏗᏱ ᏏᏌᎵᏱ, ᎠᎴ ᎤᏩᏒ ᏂᎪᎯᎸᎾᏉ ᎾᎿᎭᏭᎶᎯᏍᏗᏱ.
5. ᎯᎠᏃ ᏄᏪᏒᎩ; ᎾᏍᎩ ᎢᏳᏍᏗ ᏂᎯ ᏱᏣᏓᏑᏯ ᏰᎵ ᎢᎨᏣᏛᏁᏗ ᎨᏎᏍᏗ ᎢᏕᏒᎭ ᏪᏥᏱᎵᏙᎸᎭ ᎾᏍᎩ Ꮎ ᎠᏍᎦᏯ, ᎢᏳᏃ ᎤᏍᎦᏅᏨᎯ ᎨᏎᏍᏗ.
6. ᎠᏍᎪᎯᏃ ᎤᏗᏢᏍᏙᏗ ᏄᏒᎸ ᏚᏪᎳᏗᏙᎸ, ᏏᏌᎵᏱ ᏭᎶᏒᎩ; ᎤᎩᏨᏛᏃ ᏗᎫᎪᏙᏗᏱ ᎦᏍᎩᎸ ᎤᏬᎸᎢ ᎤᏁᏨᎩ ᏉᎳ ᏩᏥᏯᏅᏗᏱ.
7. ᎤᎷᏨᏃ, ᎠᏂᏧᏏ ᏥᎷᏏᎵᎻ ᏅᏓᏳᎶᏒᎯ ᎬᏩᏚᏫᏛ ᎤᎾᎴᏅᏅᎩ, ᎠᎴ ᎤᏣᏛᎩ ᎠᎴ ᎦᎨᏛ ᎠᏄᎯᏍᏗᏍᎬᎩ ᏉᎳ, ᎾᏍᎩ ᎤᏙᎯᏳᏒ ᎬᏂᎨᏒ ᎢᎬᏩᏅᏁᏗ ᏂᎨᏒᎾ ᎨᏒᎩ.
8. ᎤᏩᏒᏃ ᎠᎵᏍᏕᎵᏍᎬ ᎤᏁᏨᎩ ᎯᎠ ᏄᏪᏒᎩ; ᎥᏝ ᎤᏍᏗᎤᏅ ᎠᎩᏍᎦᏅᏨᎯ ᏱᎩ ᎠᏂᏧᏏ ᏧᏂᎧᎿᎭᏩᏛᏍᏗ ᎤᏂᎲᎢ, ᎥᏝ ᎠᎴ ᎤᏛᏅ-ᏗᎦᎳᏫᎢᏍᏗᏱ ᏥᏍᎦᏅᏤᎸᎯ ᏱᎩ, ᎥᏝ ᎠᎴ ᏏᏌ ᎪᎱᏍᏗ ᏥᏍᎦᏅᏤᎸᎯ ᏱᎩ.
9. ᎠᏎᏃ ᏇᏍᏓ ᎤᏚᎵᏍᎬᎢ ᎠᏂᏧᏏ ᎣᏍᏛ ᏧᏓᏅᏓᏗᏍᏙᏗᏱ ᏅᏓᏳᎵᏍᏙᏔᏅ, ᎤᏁᏤᎸᎩ ᏉᎳ ᎯᎠ ᏄᏪᏎᎸᎩ; ᏣᏚᎵᏍᎪ ᏥᎷᏏᎵᎻ ᏤᏅᏍᏗᏱ ᎠᎴ ᎾᎿᎭᎯᎠ ᎾᏍᎩ ᏗᎬᏳᎪᏓᏁᏗᏱ?
10. ᏉᎳᏃ ᎯᎠ ᏄᏪᏒᎩ; ᏏᏌ ᎤᏪᏍᎩᎸ ᏗᎫᎪᏙᏗᏱ ᏥᏙᎦ, ᎾᎿᎭᎠᏆᎵᏰᎢᎵᏕᏗᏱ. ᎠᏂᏧᏏ ᎥᏝ ᎪᎱᏍᏗ ᎦᏥᏍᎦᏅᏤᎸᎯ ᏱᎩ, ᎾᏍᎩ ᎣᏏᏳ ᏂᎯ ᏥᎦᏔᎭ.
11. ᎢᏳᏰᏃ ᏥᏍᎦᎾ ᏱᎩ, ᎠᎴ ᎬᎩᏲᎱᎯᏍᏗ ᎢᎦᎢ ᎠᎩᏍᎦᏅᏨᎯ ᏱᎩ, ᎥᏝ ᏱᏙᎬᏆᏢᏫᏏ ᎠᎩᏲᎱᎯᏍᏗᏱ; ᎢᏳᏍᎩᏂ ᏄᏙᎯᏳᏒᎾ ᏱᎩ ᎯᎠ ᎾᏍᎩ ᏥᎬᏇᎯᏍᏗᎭ, ᎥᏝ ᎩᎶ ᏰᎵ ᏗᎬᏩᏂᏲᎯᏎᏗ ᏱᎩ ᎠᏴ. ᏏᏐᎢ ᏫᏥᎥᏍᏓ.
12. ᎿᎭᏉᏃ ᏇᏍᏓ ᏚᎵᏃᎮᏔᏅ ᏗᏂᎳᏫᎩ, ᎯᎠ ᏄᏪᏒᎩ; ᏏᏐᎢᏧ ᏫᎲᏍᏓ? ᏏᏐᎢ ᏖᏏ.
13. ᎢᎸᏍᎩᏃ ᏫᏄᏒᎸ ᏏᏌᎵᏱ ᎤᏂᎷᏨᎩ ᎤᎬᏫᏳᎯ ᎡᎩᎵᏈ ᎠᎴ ᏆᏂᏏ, ᎤᏂᏲᎵᎵᎸᎩ ᏇᏍᏓ.
14. ᎢᎸᏍᎩᏃ ᏄᏬᎯᏨ ᎾᎿᎭᎤᏁᏙᎸ, ᏇᏍᏓ ᎤᏃᎮᎮᎸᎩ ᎤᎬᏫᏳᎯ ᏄᏍᏛ ᏉᎳ ᎤᎵᏱᎵᏕᎲᎢ, ᎯᎠ ᏄᏪᏒᎩ; ᎩᎶ ᎢᏳᏍᏗ ᎠᏍᎦᏯ ᎠᏴᎩ ᎠᏥᎧᎭ ᏈᎵᏏ ᎤᏪᎧᎯᏴᎯ.
15. ᎾᏍᎩ ᎬᎩᏃᎮᎮᎸᎩ ᏄᏂᎬᏫᏳᏒ ᎠᏥᎸ-ᎠᏁᎶᎯ ᎠᎴ ᏗᏂᎳᏫᎩ ᎠᏂᏧᏏ ᏧᎾᏤᎵᎦ, ᏥᎷᏏᎵᎻ ᏥᏫᎨᏙᎲᎩ, ᎠᏂᏔᏲᎯᎲᎩ ᎤᏍᎦᏅᏨ ᏧᏚᎪᏙᏗᏱ.
16. ᎾᏍᎩᏃ ᎯᎠ ᏂᎦᏥᏪᏎᎸᎩ; ᎠᏂᎶᎻ ᎥᏝ ᎾᏍᎩ ᏱᏄᏅᏅ, ᎾᏍᎩ ᏧᏂᏲᎯᏍᏗᏱ ᎩᎶ ᎤᏲᎱᎯᏍᏗᏱ, ᎬᏂ ᎠᎫᎢᏍᏗᏍᎩ ᎬᏭᎯᏍᏗᏍᎩ ᏚᎾᎧᏛ ᏧᎪᎲᎯ ᏥᎨᏐ ᎠᎴ ᎠᎦᎵᏍᎪᎸᏓᏁᎸᎯ ᏥᎨᏐ ᎤᏩᏒ ᎠᎵᏍᏕᎵᏍᎬ ᎤᏁᎢᏍᏗᏱ ᎤᏃᎮᏗᏱ ᎤᏍᎦᏅᏨ ᎠᎫᎢᏍᏗᏍᎬ ᎤᎬᏩᎵ.
17. ᎾᏍᎩ ᎢᏳᏍᏗ ᎠᏂ ᎤᏂᎷᏥᎸ, ᏄᎵᏍᏛᏉ ᎤᎩᏨᏛ ᏗᎫᎪᏙᏗᏱ ᎦᏍᎩᎸ ᎠᎩᏅᎩ, ᎠᎴ ᎠᎩᏁᏨᎩ ᎾᏍᎩ ᎠᏍᎦᏯ ᏩᏥᏯᏅᏗᏱ.
18. ᎾᏍᎩ ᎬᏭᎯᏍᏗᏍᎩ ᏚᎾᎴᏅ, ᎥᏝ ᎪᎱᏍᏗ ᏳᏂᎾᏄᎪᏫᏎ ᎾᏍᎩ ᏯᏂᎾᏄᎪᏩ ᎠᏇᎵᏒ ᎾᏍᎩ ᎠᏄᎯᏍᏗᏍᎬᎢ.
19. ᎠᏄᎯᏍᏗᏍᎬᏍᎩᏂ ᎪᎱᏍᏗᏉ ᎤᏍᏗ ᎾᏍᎩ ᎧᏃᎮᏗ ᎨᏒ ᎤᏅᏒᏉ ᎤᎾᏤᎵᏛ ᎤᏁᎳᏅᎯ ᏧᏂᎧᎿᎭᏩᏛᏍᏗ ᎨᏒᎢ, ᎠᎴ ᎩᎶ ᎢᏳᏍᏗ ᏥᏌ, ᎤᏲᎱᏒᎯ, ᎾᏍᎩ ᎡᎭ ᎠᏗᏍᎨ ᎨᎵ ᏉᎳ.
20. ᎠᎴ ᎾᏍᎩ ᎢᏳᏍᏗ ᎧᏃᎮᏛ ᎨᏒ ᏓᏆᏢᏫᏎᎲᎢ ᏅᏓᏳᎵᏍᏙᏔᏅᎩ, ᎯᎠ ᏅᏥᏪᏎᎸᎩ [ᏉᎳ]; ᏣᏚᎵᏍᎪ ᏥᎷᏏᎵᎻ ᏤᏅᏍᏗᏱ ᎾᎿᎭᏃ ᎯᎠ ᎾᏍᎩ ᏂᎦᏛ ᏤᏧᎪᏓᏁᏗᏱ.
21. ᎠᏎᏃ ᏉᎳ ᎤᏁᏨ ᎠᏥᎦᏘᏗᏍᏗᏱ, ᎠᎴ ᎣᎦᏍᏓ ᏧᏭᎪᏓᏁᏗᏱ, ᎠᎩᏁᏨᎩ ᎠᏥᎦᏘᏗᏍᏗᏱ, ᎬᏂ ᎬᏆᏓᏅᏍᏗ ᏱᏄᎵᏍᏔᏅ, ᏏᏐᎢ.
22. ᎿᎭᏉᏃ ᎡᎩᎵᏈ ᎯᎠ ᏄᏪᏎᎸᎩ ᏇᏍᏓ; ᎠᏴ ᎾᏍᏉ ᎠᏋᏒ ᎠᏆᏚᎵᎭ ᏥᏯᏛᎦᏁᏗᏱ ᎾᏍᎩ ᎠᏍᎦᏯ. ᎯᎠᏃ ᏄᏪᏒᎩ; ᎤᎩᏨᏅ ᏘᏯᏛᎦᏁᎵ.
23. ᎰᏩᏃ ᎤᎩᏨᏛ ᎤᏣᏘ ᎤᎾᏣᏅᎯ ᎤᏂᎷᏨ ᎡᎩᎵᏈ ᎠᎴ ᏆᏂᏏ, ᎾᏍᎩᏃ ᏗᏓᏱᎵᏓᏍᏗᏱ ᎤᏂᏴᎸ, ᎠᎴ ᏄᏂᎬᏫᏳᏒ ᏗᎾᏓᏘᏂᏙᎯ, ᎠᎴ ᎨᏥᎸᏉᏗ ᎾᎿᎭᎦᏚᎲ ᎠᏁᎯ, ᏇᏍᏓ ᎤᏁᏨ, ᏉᎳ ᏩᏥᏯᏅᎲᎩ.
24. ᏇᏍᏓᏃ ᎯᎠ ᏄᏪᏒᎩ; ᏣᎬᏫᏳᎯ ᎡᎩᎵᏈ, ᎠᎴ ᎾᏍᏉ ᏂᎦᏛ ᎢᏥᏍᎦᏯ ᎠᏂ ᏥᏗᎾ; ᎡᏥᎪᏩᏗᎭ ᎯᎠ ᎠᏍᎦᏯ, ᎾᏍᎩ; ᎠᏄᎯᏍᏗᏍᎬ ᏂᎦᏛ ᎤᏂᏣᏘ ᎠᏂᏧᏏ ᏥᎬᎩᎷᏤᎸᎩ ᏥᎷᏏᎵᎻ, ᎠᎴ ᎾᏍᏉ ᎠᏂ, ᎯᎠ ᏥᎾᏂᏪᏍᎬᎩ; ᎥᏝ ᎣᏏᏳ ᏱᎦᎩ ᎠᏏᏉ ᏱᎬᏅ.
25. ᎠᏆᏙᎴᎰᏒᏃ ᏄᏍᎦᏅᏨᎾ ᎨᏒ ᏰᎵ ᎬᏩᏲᎱᎯᏍᏗ ᎨᏒᎢ, ᎠᎴ ᎤᏩᏒ ᎣᎦᏍᏙᎢ ᏭᎲᏍᏔᏅ, ᏓᏇᎪᏔᏅ ᎠᎦᏘᏅᏍᏗᏱ.
26. ᎾᏍᎩ ᏥᏃᎮᏍᎬᎢ, ᎥᏝ ᎪᎱᏍᏗ ᎤᏍᏆᏂᎪᏗ ᏯᎩᎭ ᎦᏥᏲᏪᎳᏁᏗ ᎤᎬᏫᏳᎯ; ᎾᏍᎩ ᎢᏳᏍᏗ ᎢᏨᏯᏘᏃᎯᏏ, ᎠᎴ ᏂᎯ Ꮀ ᎤᎬᏫᏳᎭ ᎬᏩᏘᏃᎯᏏ, ᏣᎬᏫᏳᎯ ᎡᎩᎵᏈ, ᎾᏍᎩᏃ ᎡᏗᎪᎵᏰᎥᎯ ᎨᏎᏍᏗ, ᎪᎱᏍᏗ ᏰᎵ ᎬᏉᏪᎶᏗ ᎨᏎᏍᏗ.
27. ᎥᏝᏰᏃ ᏱᏙᎬᏩᏳᎪᏗ ᎨᎵᎠ, ᎢᏳᏃ ᏱᎦᏓᏅᏍᎦ ᎠᎦᏘᏅᏍᏗᏱ ᎠᏴᎩ, ᎾᎩᏁᎢᏍᏔᏅᎾᏃ ᏱᎩ ᏄᏍᏛ ᎠᎫᎢᏍᏗᏍᎬᎢ.

== Acts 26 ==
1. ᎿᎭᏉᏃ ᎡᎩᎵᏈ ᎯᎠ ᏄᏪᏎᎸᎩ ᏉᎳ; ᏨᏒ ᎭᎵᏍᏕᎵᏍᎬ ᎨᏣᏁᎢᏍᏗ ᏂᎦᎵᏍᏓ. ᎿᎭᏉᏃ ᏉᎳ ᎤᏙᏯᏅᎯᏛ ᎤᏩᏒ ᎠᎵᏍᏕᎵᏍᎬ ᎤᏬᏂᏒᎩ, ᎯᎠ ᏄᏪᏒᎩ;
2. ᏣᎬᏫᏳᎯ ᎡᎩᎵᏉ, ᎦᎵᎡᎵᎦ ᎪᎯ ᎢᎦ ᏥᎩ ᎯᎦᏔᎲ ᎦᎵᏍᏕᎵᏍᎬ ᏨᏓᏥᏁᎢᏍᏔᏂ ᏂᎦᎥ ᎬᏇᎯᏍᏗᏍᎬᎢ ᎠᏂᏧᏏ.
3. Ꮀ ᎤᎬᏫᏳᎭ ᏅᏗᎦᎵᏍᏙᏗᎭ ᎯᎦᏔᎯᏳ ᏥᎩ ᏂᎦᏛ ᏗᎧᎿᎭᏩᏛᏍᏗ ᎠᎴ ᎧᏃᎮᏗ ᎨᏒ ᎠᏂᏧᏏ ᏥᏚᏁᎭ. ᎾᏍᎩᏃ ᎢᏳᏍᏗ ᎬᏔᏲᏎᎭ ᏂᏗᏣᏯᏪᎬᎾ ᏍᏆᏛᎦᏁᏗᏱ.
4. ᏄᏍᏛ ᎠᏆᎴᏂᏙᎸ ᏥᏫᏄᏣ ᏅᏧᎵᏍᏔᏅ ᏅᏓᎬᏩᏓᎴᏅᏛ, ᎾᏍᎩ ᎢᎬᏱᏱ ᎦᏥᏰᎳᏗᏙᎸᎩ ᏗᏆᏤᎵ ᏴᏫ ᏥᎷᏏᎵᎻ, ᏂᎦᏛ ᎠᏂᏧᏏ ᎠᏂᎦᏔᎭ,
5. ᎾᏍᎩ ᎬᎩᎦᏔᎲᎩ ᏗᏓᎴᏂᏍᎬ ᏅᏓᎬᏩᏓᎴᏅᏛ, ᎢᏳᏃ ᏳᏂᏃᎮᎸ, ᎠᏂᎦᏔᎯᏳᏰᏃ ᎠᏆᎵᏏ ᎤᎴᏂᏓᏍᏗ ᎠᏆᎴᏂᏙᎸᎢ, ᏕᏥᏍᏓᏩᏗᏒ ᎤᎾᏓᏤᎵᏛ ᎤᎾᎵᎪᎯ ᏭᏂᎫᏛ ᏗᏂᎧᎿᎭᏩᏕᎩ ᎣᎦᏤᎵ ᎤᏁᎳᏅᎯ ᏦᏥᎧᎿᎭᏩᏛᏍᏗ ᎨᏒᎢ.
6. ᎪᎯᏃ ᎢᏥᏙᎦ ᎢᎬᎩᏱᎵᏙᎭ, ᎠᎩᏍᏛᏗᎭ ᎤᏚᎩ ᎬᏗ ᎨᏒ ᎾᏍᎩ ᎤᏁᎳᏅᎯ ᏥᏚᏚᎢᏍᏓᏁᎴ ᏦᎩᎦᏴᎵᎨᎢ;
7. ᎾᏍᎩ ᎨᏥᏚᎢᏍᏓᏁᎸ ᎤᎾᎵᏱᎶᎯᏍᏗᏱ ᎤᏚᎩ ᎤᏅᎭ ᏔᎳᏚ ᏃᏥᎳᏍᏓᎸᎢ, ᎤᎵᏂᎩᏗᏳ ᏥᏓᏂᎧᎿᎭᏩᏗ ᎤᏁᎳᏅᎯ ᏗᎬᏩᎩᏨᏗ. ᎾᏍᎩ ᎤᏚᎩ ᎬᏗ ᎨᏒ ᏅᏗᎦᎵᏍᏙᏗᎭ, ᏣᎬᏫᏳᎯ ᎡᎩᎵᏈ, ᎠᏂᏧᏏ ᎬᏇᎯᏍᏗᎭ.
8. ᎦᏙᏃ ᎦᎪᎯᏳᏗ ᏂᎨᏒᎾ ᎢᏥᏰᎸᏐ ᎤᏁᎳᏅᎯ ᏧᎴᏙᏗ ᎨᏒ ᏧᏂᏲᎱᏒᎯ?
9. ᎠᏴ ᎤᏙᎯᏳᎯ ᎯᎠ ᏂᎨᎵᏍᎬᎩ; ᏚᏳᎪᏛ ᏱᏂᎦᏛᏁᎭ ᎤᏣᏘ ᎪᎱᏍᏗ ᏱᏓᎩᎸᏫᏍᏓᏁ ᎦᏡᏗᏍᎬ ᏕᎤᏙᎥ ᏥᏌ ᎾᏎᎵᏘ ᏤᎲᎩ.
10. ᎰᏩᏃ ᎾᏍᎩ ᎾᏆᏛᏁᎸᎩ ᏥᎷᏏᎵᎻ; ᎠᎴ ᎤᏂᏣᏛᎩ ᎤᎾᏓᏅᏘ ᏕᏥᏍᏚᏅᎩ ᏗᏓᏍᏚᏗᏱ, ᎬᎩᏁᏤᎸᎯ ᎨᏒᎩ ᏄᏂᎬᏫᏳᏒ ᎠᏥᎸ-ᎠᏁᎶᎯ; ᏕᎨᏥᎷᎦᏃ ᏥᏁᎬᎩ ᎦᏥᏯᏡᏗᏍᎬᎢ.
11. ᎠᎴ ᏯᏃᎩᏳ ᎤᏲ ᏂᎦᏥᏴᏁᎲ ᏗᎦᎳᏫᎢᏍᏗᏱ ᏕᎨᏌᏗᏒᎢ, ᎠᎴ ᎤᏂᏐᏢᎢᏍᏙᏗᏱ ᏂᎦᏥᏴᏁᎲᎩ; ᎤᏣᏔᏅᎯᏃ ᎦᏥᏂᏆᏘᎲ ᎾᏓᎦᎵᏍᏙᏗᏍᎬᎩ ᎤᏲ ᏂᎦᏥᏴᏁᎲ ᏅᏩᏓᎴ ᏙᏗᎦᏚᎲ ᏫᎦᏥᎨᎰᎢᎲᎩ.
12. ᏕᎹᏍᎦᏃ ᏫᏥᎦᏛᎢ, ᏄᏂᎬᏫᏳᏒ ᎠᏥᎸ-ᎠᏁᎶᎯ ᎬᎩᏁᏤᎸᎢ,
13. ᏣᎬᏫᏳᎯ, ᎦᎢᏒ ᎢᎦ ᎠᏰᎵ ᎠᎩᎪᎲᎩ ᎢᎦᎦᏛᎢ, ᎦᎸᎳᏗ ᏅᏓᏳᎶᏒᎯ, ᎾᏍᎩ ᎤᏍᎪᏒᎢ ᎤᏟ ᎨᏒᎩ ᎡᏍᎦᏉ ᏅᏙ, ᏓᏆᏚᏫᏍᏔᏅᎩ ᎠᏴ ᎠᎴ ᎾᏍᏉ ᎣᏤᎯ.
14. ᏂᎦᏛᏃ ᎡᎳᏗ ᏙᎩᏅᏨ, ᎧᏁᎬ ᎠᏆᏛᎦᏅᎩ ᎠᎩᏁᏤᎲᎩ, ᎠᏂᏧᏏ ᎤᏂᏬᏂᎯᏍᏗ ᎬᏗᏍᎬᎩ; ᎯᎠ ᏂᎦᏪᏍᎬᎩ ᏐᎳ, ᏐᎳ, ᎦᏙᏃ ᎤᏲ ᏂᏍᏋᏁᎭ? ᎤᏕᏯᏙᏗᏳ ᏗᏣᎲᏖᏍᏗᏱ ᏗᎪᏍᏓᏯ.
15. ᎯᎠᏃ ᎾᎩᏪᏒᎩ; ᎦᎪ ᏂᎯ, ᏣᎬᏫᏳᎯ? ᎯᎠᏃ ᏄᏪᏒᎩ; ᎠᏏ ᏥᏌ ᎾᏍᎩ ᎤᏲ ᏥᏂᏴᏁᎭ.
16. ᎠᏎᏃ ᏔᎴᎲᎦ, ᎠᎴ ᎭᎴᎲᎦ, ᎯᎠᏰᏃ ᏅᏗᎦᎵᏍᏙᏖᎭ ᎬᏂᎨᏒ ᏥᏂᎬᏯᏛᏂᏏ, ᎭᎵᏥᏙᎲᏍᎩ ᎢᎬᏴᏁᏗᏱ ᎠᎴ ᎯᏃᎮᏍᎩ ᎯᎠ ᎾᏍᎩ ᏥᎪᏩᏛ, ᎠᎴ ᎠᏏ ᎬᎾᏄᎪᏫᏎᏗ ᏥᎩ.
17. ᎬᏩᏓᎴᏍᎨᏍᏗ ᎨᏣᏡᏗᏍᎬ ᎯᎠ ᏴᏫ ᎠᎴ ᏧᎾᏓᎴᏅᏛ ᏴᏫ, ᎾᏍᎩ ᏗᏁᎲ ᎿᎭᏉ ᎬᏅᎵ,
18. ᏘᏍᏚᎢᎡᏗᏱ ᏗᏂᎦᏙᎵ, ᎠᎴ ᎤᎵᏏᎬ ᏄᎾᏛᏅ ᏘᎪᎸᏍᏗᏱ ᎢᎦᎦᏛ ᎢᏗᏢ ᏫᏘᎦᏔᎲᏍᏗᏱ, ᎠᎴ ᏎᏓᏂ ᎤᏤᎵᎪᎯ ᏄᎾᏛᏅ ᏘᎪᎸᏍᏗᏱ ᏙᏘᎦᏔᎲᏍᏗᏱ ᎤᏁᎳᏅᎯ ᎢᏗᏢ ᏫᏘᎦᏔᎲᏍᏙᏗᏱ; ᎾᏍᎩ ᏗᎦᎨᏥᏁᏗᏱ ᎤᏂᏍᎦᏅᏨᎢ, ᎠᎴ ᎬᏩᏂᏩᏛᏗ ᎢᏳᎵᏍᏙᏗᏱ ᎤᎾᏤᎵᎦ ᎢᏳᎵᏍᏙᏗ ᎨᏒ ᎨᏥᏅᎦᎸᏛ ᏅᏗᎦᎵᏍᏙᏗᏍᎬ ᎥᏉᎯᏳᏗ ᎨᏒᎢ.
19. ᎾᏍᎩ ᎢᏳᏏᏗ, ᏣᎬᏫᏳᎯ ᎡᎩᎵᏈ, ᎥᏝ ᎾᏉᎯᏳᏅᎾ ᏱᎨᏎ ᎦᎸᎳᏗ ᏅᏓᏳᎶᏒᎯ ᎠᎩᎪᎲᎢ.
20. ᎦᏥᏃᏁᎸᎩᏰᏃ ᎢᎬᏱ ᏕᎹᏍᎦ ᎠᏁᎯ, ᎠᎴ ᏥᎷᏏᎵᎻ ᎠᏁᎯ, ᎠᎴ ᏂᎬᎾᏛ ᏧᏗᏱ ᎠᎴ ᎾᏍᏉ ᏧᎾᏓᎴᏅᏛ ᏴᏫ, ᎾᏍᎩ ᏧᏂᏁᏟᏴᏍᏗᏱ ᏚᎾᏓᏅᏛᎢ, ᎠᎴ ᎤᏁᎳᏅᎯ ᎢᏗᏢ ᏭᎾᎦᏔᎲᏍᏙᏗᏱ, ᎠᎴ ᏧᏂᎸᏫᏍᏓᏁᏗᏱ ᎠᏙᎴᎰᎯᏍᏙᏗ ᎨᏒ ᏚᏂᏁᏟᏴᏒ ᏚᎾᏓᏅᏛᎢ.
21. ᎾᏍᎩ ᏅᏓᏳᎵᏍᏙᏔᏅᎩ ᎠᏂᏧᏏ ᎬᎩᏂᏴᎲᎩ ᎤᏛᏅ ᏗᎦᎳᏫᎢᏍᏗᏱ, ᎬᎩᎯᏍᏗᏱ ᎤᏂᏰᎸᏒᎩ.
22. ᎤᏁᎳᏅᎯᏃ ᎠᎩᏍᏕᎸᎲᎢ ᏅᏗᎦᎵᏍᏙᏗᎭ ᎠᏏ ᎦᎴᏂᏙᎭ ᎪᎯ ᎢᎦ ᏥᎩ, ᎬᏂᎨᏒ ᏂᎦᏥᏴᏁᎭ ᏂᎨᏥᎸᏉᏛᎾ ᎠᎴ ᎾᏍᏉ ᎨᏥᎸᏉᏗ, ᎪᎱᏍᏗ ᏂᏥᏃᎮᏍᎬᎾ Ꮎ ᎤᏩᏒ ᎠᎾᏙᎴᎰᏍᎩ ᎠᎴ ᎼᏏ ᎤᎾᏄᎪᎢᏍᏗ ᎤᎾᏛᏅᎯ ᏥᎩ;
23. ᎾᏍᎩ ᎦᎶᏁᏛ ᎤᎩᎵᏲᎢᏍᏗᏱ, ᎠᎴ ᎾᏍᎩ ᎢᎬᏱ ᎤᏲᎱᏒ ᏧᎴᎯᏐᏗᏱ, ᎠᎴ ᎢᎦᎦᏘ ᏧᎾᏄᎪᏫᏎᏗᏱ ᎯᎠ ᏴᏫ ᎠᎴ ᏧᎾᏓᎴᏅᏛ ᏴᏫ.
24. ᎠᏏᏉᏃ ᎾᏍᎩ ᏂᎦᏪᏍᎬᎩ, ᎤᏩᏒ ᎠᎵᏍᏕᎵᏍᎬᎢ, ᏇᏍᏓ ᎯᎠ ᎠᏍᏓᏯ ᏄᏪᏒᎩ; ᏣᎸᏃᏘᎭ ᏉᎳ, ᎤᏣᏘ ᎪᏪᎵ ᏘᏏᎾᏏᏳ ᎨᏒ ᎾᏍᎩ ᏣᎸᏃᏙᏗᎭ.
25. ᎠᏎᏃ ᎯᎠ ᏄᏪᏒᎩ; ᎥᏝ ᏯᎩᎸᏃᏘᎭ, ᎰᏍᏛ ᏇᏍᏓ, ᏥᏁᎦᏉᏍᎩᏂ ᏚᏳᎪᏛ ᎨᏒᎢ ᎠᎴ ᏃᎸᏃᏘᏍᎬᎾ ᎧᏁᎢᏍᏗ ᎨᏒᎢ.
26. ᎤᎬᏫᏳᎯᏰᏃ ᎾᏍᎩ ᎯᎠ ᎠᎦᏔᎭ, ᎾᏍᎩ ᎾᏍᏉ ᎤᏛᏓᏍᏛ ᏂᏥᏍᎦᎢᎲᎾ ᏥᏥᏁᎦ; ᏥᎦᏔᎭᏰᏃ ᎯᎠ ᎾᏍᎩ ᎪᎱᏍᏗ ᎠᎬᏍᎦᎳᏁᎸᎯ ᏂᎨᏒᎾ ᎨᏒᎢ, ᏞᏰᏃ ᎤᏅᏏᏴ ᎯᎠ ᏗᎦᎸᏫᏍᏓᏁᎸᎯ ᏱᎩ.
27. ᏣᎬᏫᏳᎯ ᎡᎩᎵᏈ, ᏕᎰᎯᏳᎲᏍᎦᏍᎪ ᎠᎾᏙᎴᎰᏍᎩ? ᏥᎦᏔᎭ ᏕᎰᎯᏳᎲᏍᎬᎢ.
28. ᎿᎭᏉᏃ ᎡᎩᎵᏈ ᎯᎠ ᏄᏪᏎᎸᎩ ᏉᎳ; ᎠᎴᏉ ᏂᏍᎩᏎᎪᎩᎠ ᎦᎶᏁᏛ ᏥᏲᎢᏳᎲᏍᎩ ᎢᏯᏆᎵᏍᏙᏗᏱ.
29. ᏉᎳᏃ ᎯᎠ ᏄᏪᏒᎩ; ᎤᏁᎳᏅᎯ ᏥᏯᏚᎸᎡᎭ, ᎥᏝ ᏂᎯᏉ ᏨᏒ, ᎾᏍᏉᏍᎩᏂ ᏂᎦᏛ ᏥᎬᏆᏛᎦᏁᎭ ᎪᎯ ᎢᎦ ᏥᎩ, ᎾᏍᎩ, ᎥᏝ ᎠᎴᏉ ᎾᏆᏍᏛᎢ, ᎾᏍᎩᏯᏍᎩᏂ ᎾᏆᏍᏛ ᎢᏣᎵᏍᏙᏗᏱ, ᎯᎠ ᎾᏍᎩ ᏨᏆᎸᎥ ᎤᏩᏒ.
30. ᎾᏍᎩᏃ ᏄᏪᏒ, ᎤᎬᏫᏳᎯ ᏚᎴᏅᎩ, ᎠᎴ ᎠᏥᎦᏘᏗᏍᏗ ᎤᎬᏫᏳᎯ, ᎠᎴ ᏆᏂᏏ, ᎠᎴ ᎾᏍᎩ ᎤᎾᏅᏅᎯ,
31. ᎢᏴᏛᏃ ᏭᏂᎶᏒ, ᎤᏅᏒ ᎨᏒ ᎤᎾᎵᏃᎮᎸᎩ, ᎯᎠ ᏄᏂᏪᏒᎩ; ᎯᎠ ᎠᏍᎦᏯ ᎥᏝ ᎪᎱᏍᏗ ᏱᏚᎸᏫᏍᏓᏁᎭ ᎬᏩᏲᎱᎯᏍᏗ ᎠᎴ ᎦᏰᎦᎸᏍᏗ ᎨᏒᎢ.
32. ᎡᎩᎵᏈᏃ ᎯᎠ ᏄᏪᏎᎸᎩ ᏇᏍᏓ; ᎯᎠ ᎠᏍᎦᏯ ᏗᎦᏰᏥᏲᎯᏍᏗᏉ ᏱᎨᏎᎢ, ᎢᏳᏃ ᏏᏐᎢ ᏫᏄᎲᏍᏔᏅᎾ ᏱᎨᏎᎢ.

== Acts 27 ==
1. ᎿᎭᏉᏃ ᏚᏚᎪᏔᏅ ᎢᏓᎵ ᏭᎩᏅᏍᏙᏗᏱ ᏥᏳ, ᏚᏂᏲᏒᎩ ᏉᎳ ᎠᎴ ᎩᎶ ᎢᏳᎾᏍᏗ ᏅᏩᎾᏓᎴ ᎠᏂᏴᎩ, ᎾᏍᎩ ᏚᏂᏲᎯᏎᎸ ᎩᎶ ᎢᏳᏍᏗ ᎠᏍᎪᎯᏧᏈ ᏗᏘᏂᏙᎯ, ᏧᎵᏯᏏ ᏧᏙᎢᏛ, ᎨᎳ ᏑᎾᏓᏡᎩ ᎨᏒ ᎣᎦᏍᏓ ᏧᏤᎵᎦ.
2. ᎣᎦᏣᏅᏃ ᏥᏳᎯ ᎡᏟᎻᏗ ᎡᎯ ᎣᎩᎧᏙᏴᎩ, ᎡᏏᏱ ᎤᎶᏗᏢ ᎣᎩᏅᏍᏙᏗᏱ ᎣᎩᏰᎸᏒᎩ, ᎩᎶ ᎢᏳᏍᏗ, ᎡᎵᏍᏓᎦ ᏧᏙᎢᏛ, ᎹᏏᏙᏂ ᏕᏌᎶᏂᎦ ᎦᏚᎲ ᎡᎯ, ᎣᏤᎲᎩ.
3. ᎤᎩᏨᏛᏃ ᏌᏙᏂ ᎣᎩᏃᏠᏨᎩ. ᏧᎵᏯᏏᏃ ᎣᏍᏛ ᏄᏛᏁᎸᎩ ᏉᎳ, ᎤᎵᏍᎪᎸᏓᏁᎸᎩᏰᏃ ᏧᎵᎢ ᏧᏩᏛᎲᏍᏗᏱ, ᎠᎴ ᎾᏍᎩ ᎬᏩᏍᏆᏂᎪᏙᏗᏱ.
4. ᎾᎿᎭᏃ ᏫᎣᎩᎧᏙᏴ ᏌᏈ ᎭᏫᏂᏗᏢ ᎣᎩᏅᏍᏔᏅᎩ, ᎦᏃᎸᎥᏍᎬᏰᏃ ᎢᎬᏱᏗᏢ ᏓᏳᎦᏛᎩ.
5. ᎣᎩᎶᏐᏅᏃ ᎠᎺᏉᎯ, ᏏᎵᏏᏱ ᎠᎴ ᏆᎻᏈᎵᏱ ᏧᏳᎪᏗ, ᎵᏏᏱ ᏬᎩᎷᏨᎩ, ᎹᎵ ᏕᎤᏙᎥ ᎦᏚᎲᎢ.
6. ᎾᎿᎭᏃ ᎠᏍᎪᎯᏧᏈ ᏗᏘᏂᏙᎯ ᎤᏴᏩᏛᎲᎩ ᏥᏳ ᎢᏓᎵ ᎠᏂᏂᏒᎩ, ᎡᎵᎩᏱ ᎡᎯ, ᎾᎿᎭᏃ ᏙᎩᏯᏅᎩ.
7. ᎤᏬᎯᏨᏃ ᎦᏂᎳ ᎣᎩᏁᏅ, ᎠᎴ ᎠᏏᏉ ᏃᎩᎶᏐᏅᎾ ᎨᏒ ᎾᏓ, ᏟᏗ ᎭᏫᏂᏗᏢ ᏬᎩᏅᏍᏔᏅᎩ, ᏌᎳᎼᏂ ᏧᏳᎪᏗ, ᎦᏃᎸᎥᏍᎬᏰᏃ ᎣᎩᏲᏍᏙ ᏓᏁᎲᎩ.
8. ᎤᏎᎦᏨᎯᏃ ᎾᎿᎭᎣᎩᎶᏐᏅ, ᏬᎩᎷᏨᎩ ᎣᏍᏛ ᏗᏔᎳᏗᏍᏗᏱ ᏚᏙᎥᎢ, ᎾᎥ ᎦᏚᎲ ᎴᏏᏱ ᏧᏙᎢᏛ.
9. ᎤᏬᎯᏨᏃ, ᎠᎴ ᎤᎾᏰᎯᏍᏗᏳ ᏄᎵᏍᏔᏅ ᏥᏳ ᎦᏂᏓᏍᏗᏱ, ᏅᏗᎦᎵᏍᏙᏗᏍᎬ ᎠᎹᏟ ᎬᏗ ᎨᏒ ᎤᎶᏐᏅᎢ, ᏉᎳ ᏚᏪᏯᏔᏅᎩ,
10. ᎯᎠ ᏂᏚᏪᏎᎸᎩ; ᎢᏥᏍᎦᏯ, ᎦᏙᎴᎣᏍᎦ ᎯᎠ ᎾᏍᎩ ᏥᏳ ᏥᏗᏂ ᎪᎱᏍᏗ ᏗᎦᎵᏍᏓᏁᎵᏒᎢ, ᎠᎴ ᎤᏣᏛ ᏗᎩᏲᎱᏎᎵᏒᎢ, ᎥᏝ ᎠᎵᏁᏌᎸᏉ ᎠᎴ ᏥᏳ ᎤᏩᏒ, ᎾᏍᏉᏍᎩᏂ ᏕᏛᏅᎢ.
11. ᎠᏎᏃ ᎠᏍᎪᎯᏧᏈ ᏗᏘᏂᏙᎯ ᎤᏟ ᏂᏚᏬᎯᏳᏒᎩ ᎧᏁᏥᏙᎯ ᎠᎴ ᎤᏤᎵᎦ ᏥᏳ ᎠᏂᏁᎬᎢ, ᎡᏍᎦᏉ ᏉᎳ ᏂᎦᏪᏍᎬᎢ.
12. ᏗᏔᎳᏗᏍᏗᏱᏃ ᏃᏒᎾ ᎨᏒ ᎾᎿᎭᎤᎪᎳᏗᏴᏗᏱ, ᎤᏟ ᎢᏯᏂᎢ ᎤᏂᏁᏨᎩ ᎾᏍᏉ ᎾᎿᎭᎤᏂᏴᏫᏛᏗᏱ, ᏰᎵ ᏈᏂᏏ ᏫᎦᏲᎩᏃᎯᏍᏗ ᎠᎴ ᏫᎦᏲᎦᎪᎳᏗᏴᏗ ᏱᎩ ᎠᏁᎵᏍᎬᎩ, ᎾᏍᎩ ᎾᎿᎭᏟᏗ ᏗᏔᎳᏗᏍᏗᏱ, ᎠᎴ ᎾᏍᎩ ᏭᏕᎵᎬ ᎢᏗᏢ ᏭᎦᏘ.
13. ᎿᎭᏉᏃ ᏧᎦᎾᏮ ᎢᏗᏢ ᏧᏃᎸᏔᏅ, ᎾᏍᎩ ᎢᎦᏚᎵᏍᎬ ᏂᎦᎵᏍᏓ ᎤᏁᎵᏒ, ᎤᏂᎧᏙᏴᎩ, ᏟᏗ ᎾᎥᎢ ᎤᏂᏅᏍᏔᏅᎩ.
14. ᎠᏎᏃ ᏄᏬᎯᏨᎾᏉ ᎣᏂ, ᎤᏱᎶᎸᎩ ᎤᏃᎴ ᏳᎶᏟᏛ ᏧᏙᎢᏛ.
15. ᎿᎭᏉᏃ ᎦᏃᎸᎥᏍᎬ ᎤᏂᏴᎲ ᏥᏳ, ᎠᎴ ᎾᏍᎩ ᎤᏄᎸᏅ ᎤᏃᎴ ᏧᎦᏛ ᏭᎶᎯᏍᏗᏱ ᎤᏁᎳᎩ ᎧᏄᎯᏎᏍᏗ ᎣᎨᎵᏒᎩ.
16. ᎭᏫᏂᏗᏢᏃ ᎣᎩᏅᏍᏔᏅ ᎪᎱᏍᏗ ᎤᏍᏗ ᎠᎹᏰᎵ ᎤᏪᎧᎲ, ᏠᏗ ᏧᏙᎢᏛ, ᎤᏎᎦᏨᎯᏉ ᏗᎦᏲᎩᏂᏴᏗ ᏄᎵᏍᏔᏅᎩ ᎤᏍᏗ ᏥᏳ.
17. ᎾᏍᎩᏃ ᎤᏂᏌᎳᏓᏅ, ᏗᎵᏍᏕᎸᏙᏗ ᏚᏅᏔᏅᎩ, ᎤᎾᎸᎸᎩ ᏥᏳ; ᎠᏂᏍᎦᎢᎲᏃ ᎤᏍᏓᎾᎸ ᎤᏂᏃᏠᎯᏍᏗᏱ ᎾᏍᎩ ᏅᏓᏳᎵᏍᏙᏔᏅᎩ ᎡᎳᏗ ᏂᏚᏅᏁᎸᎩ ᏓᏰᏙᎳᏛᎢ, ᎤᏂᏄᎯᏒᏉᏃ.
18. ᎤᏃᎴᏃ ᎤᏣᏘ ᎣᎩᏝᏗᏍᏔᏂᏙᎸ, ᎤᎩᏨᏛ ᎤᎾᎵᏁᏌᎴᏒᎩ.
19. ᏦᎢᏁᏃ ᎢᎦ ᎣᎬᏒ ᏦᎪᏰᏂ ᏙᎬᏔᏅᎩ, ᎣᎦᏘᏅᏒᎩ ᎤᏤᎵᎦᏯ ᎤᎵᏁᏌᎸ ᏥᏳ.
20. ᎤᏬᎯᏨᏃ ᎾᏂᎾᏄᎪᎬᎾ ᏄᎵᏍᏔᏅ ᏅᏙ ᎠᎴ ᏃᏈᏏ, ᎠᎴ ᎦᏲᎵᏉ ᏂᎨᏒᎾ ᎣᎩᏃᎸᏅ, ᎿᎭᏉ ᎦᏲᎦᏛᏂᏗᏍᏗ ᎨᏒ ᎤᏚᎩ ᎣᎬᏒ ᎤᎵᏛᏔᏅᎩ.
21. ᎿᎭᏉᏃ ᎪᎯᏗᏳ ᎦᏲᎦᎵᏍᏓᏴᏅᎯ ᏄᎵᏍᏔᏅ ᏉᎳ ᏚᎴᏅᎩ ᎠᏰᎵ ᎤᎾᏣᎥᎢ, ᎠᎴ ᎯᎠ ᏄᏪᏒᎩ; ᎢᏥᏍᎦᏯ, ᏱᏍᎩᏲᎢᏳᏁᎢ, ᎠᎴ ᏅᏗᏥᎧᏙᏴᎾᏉ ᏱᎨᏎ ᏟᏗ, ᎥᏝ ᎾᏍᎩ ᎯᎠ ᎤᏐᏅ ᏱᏂᎨᏣᎵᏍᏓᏁᎴ ᎠᎴ ᏱᎨᏥᎪᎶᎯᏎᎴᎢ.
22. ᎾᏉᏃ ᎢᏨᏔᏲᏎᎭ ᎤᎦᎵᏍᏗ ᎢᏣᏓᏅᏓᏗᏍᏗᏱ; ᎯᎠᏰᏃ ᏥᏂᏣᏛᏅ ᎥᏝ ᎩᎶᎬᏅ ᏴᎬᏩᏲᎱᏏ, ᏥᏳ ᎤᏩᏒ ᏓᎩᏲᎱᏎᎵ.
23. ᎪᎯᏰᏃ ᏒᏃᏱ ᏥᎨᏒᎩ ᎤᎶᏗᏢ ᎠᏆᎴᏁᎸ ᏗᎧᎿᎭᏩᏗᏙᎯ ᎤᏁᎳᏅᎯ ᎤᏤᎵᎦ, ᎾᏍᎩ ᎤᏁᎳᏅᎯ ᎠᏴ ᎠᎩᎾᏝᎢ ᏥᎩ ᎠᎴ ᎾᏍᎩ ᏥᏕᏥᎦᎿᎭᏩᏕᎦ,
24. ᎯᎠ ᏄᏪᏒᎩ; ᏞᏍᏗ ᏱᏍᎦᎢᎮᏍᏗ, ᏉᎳ, ᏏᏌ ᎤᏬᎸ ᎢᎬᏱᏗᏢ ᎠᏎ ᏔᎴᏂ; ᎬᏂᏳᏉᏃ ᎤᏁᎳᏅᎯ ᎦᏣᎧᏁᎸ ᏂᎦᏛ ᏥᏳᎯ ᏥᏣᏣᎠ.
25. ᎾᏍᎩ ᎢᏳᏍᏗ ᎢᏥᏍᎦᏯ, ᎤᎦᎵᏍᏗ ᎢᏣᏓᏅᏓᏓ; ᏥᏲᎢᏳᎲᏍᎦᏰᏃ ᎤᏁᎳᏅᎯ, ᎾᎩᏪᏎᎸ ᎾᏍᎩᏯ ᎢᏳᎵᏍᏙᏗᏱ.
26. ᎠᏎᏍᎩᏂᏃᏅ ᎪᎱᏍᏗ ᎤᏍᏗ ᎠᎹᏰᎵ ᎤᏪᎧᎲ ᏓᎩᏝᏗᏤᎵ.
27. ᏂᎦᏚᏏᏁᏃ ᎤᎵᏏᏅ, ᎠᎺᏉᎯ ᎡᏟᏯ ᏧᏙᎢᏛ ᎣᎩᏃᎸᏔᏂᏙᎲᎢ, ᏒᏃᏱ ᎠᏰᎵ ᏥᏳ ᎠᏂᏂᏙᎯ ᎢᎸᎯᏢ ᎦᏙᎯ ᎾᎥᏂᎨ ᎣᏥᏂ ᎤᏁᎵᏒᎩ.
28. ᎾᏍᏛᎬᏃ ᎤᎾᏟᎶᎥ ᎤᎾᏙᎴᎰᏒᎩ ᏔᎳᏍᎪᎯ ᎢᎪᎷᏅᏗ ᎨᏒᎢ; ᎤᏍᏗᎩᏛᏃ ᎤᏗᏢᏍᏙᏗ ᎢᎤᏁᏅ ᏔᎵᏁ ᎤᎾᏟᎶᎥᎩ, ᎤᎾᏙᎴᎰᏒᎩ ᎯᏍᎩᎦᏚᏉ ᎢᎪᎷᏅᏗ ᎨᏒᎢ.
29. ᎿᎭᏉᏃ ᎤᏂᏍᎦᎸ ᏅᏲᎯ ᎤᏂᏝᏗᏤᏗᏱ, ᎣᏂᏗᏢ ᏫᏚᎾᏗᏅᏒᎩ ᏅᎩ ᏔᎷᎩᏍᎩ ᏥᏳ ᏗᎦᎾᎯᏍᏙᏗ, ᎠᎴ ᎤᎾᏚᎸᎲᎩ ᎢᎦ ᎢᏳᎵᏍᏙᏗᏱ.
30. ᏥᏳᏃ ᎠᏂᏂᏙᎯ ᎤᎾᎵᏍᏗᏱ ᎤᏂᏰᎸᏅ, ᎠᎴ ᎿᎭᏉ ᎤᏍᏗ ᏥᏳ ᎠᏂᏔᎳᏗᏍᎬᎢ, ᎠᎾᏠᎾᏍᏗᏍᎬ ᏔᎷᎩᏍᎩ ᏥᏳ ᏗᎦᎾᎯᏍᏙᏗ ᎢᎬᏴᏗᏢ ᏥᏫᏙᏧᎾᏕᏏᏐ ᎤᏠᏱ ᎾᎾᏛᏁᎲᎢ.
31. ᏉᎳ ᎯᎠ ᏂᏚᏪᏎᎸᎩ ᎠᏍᎪᎯᏧᏈ ᏗᏘᏂᏙᎯ ᎠᎴ ᎠᏂᏯᏫᏍᎩ; ᎢᏳᏃ ᎯᎠ ᎾᏍᎩ ᏥᏳᎯ ᏄᎾᏣᎥᎾ ᏱᎩ ᎥᏝ ᏴᎨᏣᏛᏂᏓ.
32. ᎿᎭᏉᏃ ᎠᏂᏯᏫᏍᎩ ᏚᏂᎦᎵᏒᎩ ᎠᏍᏕᏱᏛ ᎤᏍᏗ ᏥᏳ ᎦᏙᏌᏗᏍᏛᎢ, ᎠᎴ ᎾᏍᎩ ᎤᏬᎰᏒᎩ.
33. ᎢᎦᏃ ᏅᏓᎦᎵᏍᏔᏂᏒᎩ, ᏉᎳ ᏚᏔᏲᏎᎸᎩ ᏂᎦᏛ ᎤᎾᎵᏍᏓᏴᏗᏱ, ᎯᎠ ᏄᏪᏒᎩ; ᎪᎯ ᎿᎭᏉ ᏂᎦᏚᏏᏁ ᎢᎦ ᏥᏥᎦᏘᏴ ᎠᎴ ᏂᏣᎵᏍᏓᏴᏍᎬᎾ ᎪᎱᏍᏗ ᏂᏥᎩᏍᎬᎾ ᏥᎩ.
34. ᎾᏍᎩ ᎢᏳᏍᏗ ᎢᏨᏔᏲᏎᎭ ᎢᏣᎵᏍᏓᏴᏗᏱ, ᎾᏍᎩᏰᏃ ᎯᎠ ᎢᏣᎵᏍᏕᎸᏙᏗ; ᎯᎠᏰᏃ ᏥᏂᏣᏛᏅ ᎥᏝ ᎩᎶ ᏌᏉᎤᏅ ᎤᏍᏘᏰᏅᎯ ᎠᏓᎦᏙᎠᏏ.
35. ᎾᏍᎩᏃ ᏄᏪᏒ, ᎦᏚ ᎤᎩᏒᎩ ᎠᎴ ᎤᎵᎮᎵᏤᎸᎩ ᎤᏁᎳᏅᎯ ᏂᎦᏛ ᎠᏂᎦᏔᎲᎢ, ᎤᎬᎭᎷᏴᏃ ᎤᎴᏅᎲᎩ ᎤᎵᏍᏓᏴᏅᎩ.
36. ᎿᎭᏉᏃ ᏂᎦᏛ ᎤᎦᎵᏍᏗᏳ ᎤᎾᏓᏅᏓᏛᎩ, ᎠᎴ ᎾᏍᏉ ᎤᎾᎵᏍᏓᏴᏅᎩ.
37. ᏂᎦᏛᏃ ᏥᏳᎯ ᎣᎦᏣᎢ ᏔᎵᏧᏈ ᎦᎵᏆᏍᎪᎯ ᏑᏓᎵᎦᎵ ᏃᏥᎥᎩ ᏴᏫ.
38. ᎿᎭᏉᏃ ᏰᎵ ᎤᎾᎵᏍᏓᏴᏅ, ᎤᎾᏓᏌᎧᎲᏍᏔᏅᎩ ᏥᏳ, ᎤᏣᎴᏍᏗ ᎠᎺᏉᎯ ᏭᎾᏗᏅᏒᎩ.
39. ᎿᎭᏉᏃ ᎢᎦ ᏄᎵᏍᏔᏅ ᎥᏝ ᏳᏃᎵᏤ ᎾᎿᎭᎦᏙᎯ; ᎠᏎᏃ ᎤᏂᎪᎲ ᎠᎺᏉᎯ ᏭᏩᏂᎦᎸᎢ, ᏰᎵ ᎬᏚᎩᏍᏗ ᎨᏒᎢ, ᎾᎿᎭᏭᏂᏅᏍᏙᏗᏱ ᏥᏳ ᎤᏂᏰᎸᏅᎩ, ᎢᏳᏃ ᏰᎵ ᏱᎩ.
40. ᎿᎭᏉᏃ ᏚᏂᎦᎵᏒ ᏕᎦᏙᏌᏗᏍᏛ ᏔᎷᎩᏍᎩ ᏥᏳ ᏗᎦᎾᎯᏍᏙᏗ, ᎠᎺᏉᎯ ᏚᏂᏲᎯᏎᎸᎩ, ᎠᎴ ᏚᏂᎧᏁᏴᎲᎩ ᎦᏌᏛᏍᏗ ᏕᎦᎸᏍᏛᎢ, ᎠᎴ ᎦᏃᎸᎥᏍᎬᎢ ᎤᏂᏰᏙᎳᏛᏅᎩ ᎤᏍᏗ ᎠᏰᏙᎳᏛᏗ; ᏙᏱᏃ ᏫᏚᏄᎪᏔᏅᎩ.
41. ᏔᎵᏃ ᎠᎺᏉᎯ ᏕᎨᏒ ᏭᎾᎵᏱᎶᎸ, ᏥᏳ ᎤᏂᏝᏗᏤᎸᎩ ᎦᏙᎯ; ᎢᎬᏱᏗᏢᏃ ᎠᏍᏓᏱᏳ ᏄᎵᏍᏔᏅ, ᎥᏝ ᏰᎵ ᎬᏩᎵᏖᎸᏗ ᏱᎨᏎᎢ, ᎣᏂᏗᏢᏍᎩᏂ ᎤᏲᏨᎩ ᏅᏓᏳᎵᏍᏙᏔᏅᎩ ᎤᎵᏂᎩᏗᏳ ᏓᎵᏍᏗᎳᏁᎬ ᎠᎺᏉᎯ.
42. ᎠᏂᏯᏫᏍᎩᏃ ᏧᏂᎯᏍᏗᏱ ᎤᎾᏓᏅᏖᎸᎩ ᎠᏂᏴᎩ; ᎩᎶᏰᏃ ᏯᏴᎢᏄᎦ ᏯᏚᎩ ᎠᎴ ᏯᎵᏗ ᎠᏁᎵᏍᎬᎩ.
43. ᎠᏎᏃ ᎠᏍᎪᎯᏧᏈ ᏗᏘᏂᏙᎯ ᏚᏲᏍᏙᏓᏁᎸᎩ ᏄᏍᏛ ᎠᎾᏓᏅᏖᏍᎬ ᏅᏓᏳᎵᏍᏙᏔᏅᎩ ᎤᏚᎵᏍᎬ ᎤᏍᏕᎸᏗᏱ ᏉᎳ, ᎠᎴ ᏚᏁᏤᎸᎩ ᏰᎵ ᎬᏩᎾᏴᎢᏅᏍᏗ ᎨᏒ, ᎢᎬᏱ ᎤᎾᎵᏔᏗᏅᏗᏱ ᎠᎴ ᏭᎾᏚᎩᏍᏗᏱ,
44. ᎠᏂᏐᎢᏃ ᎢᎦᏛ ᏧᏯᏕᎾ ᏧᎾᎩᎸᏙᏗᏱ, ᎢᎦᏛᏃ ᏥᏳ ᏧᎵᏢᎸᏛ. ᎠᎴ ᎾᏍᎩ ᏄᎵᏍᏔᏅᎩ, ᏂᎦᏛ ᎤᎾᏛᏂᏛᎩ ᎤᎾᏚᎩᏒᎩ.

== Acts 28 ==
1. ᎤᎾᏛᏂᏛᏃ ᎩᎳ ᎤᎾᏙᎴᎰᏒᎩ ᎾᏍᎩ ᎠᎹᏰᎵ ᎻᎳᏗ ᏚᏙᎥᎢ,
2. ᏅᏩᎾᏓᎴᏃ ᏴᏫ ᎾᎿᎭᎠᏁᎯ ᎤᏣᏘ ᎣᏏᏳ ᎪᎩᏍᏆᏂᎪᏔᏅᎩ; ᎤᏃᏔᏅᏰᏃ ᏕᎪᎦᏓᏂᎸᏨᎩ ᏂᎦᏛ, ᏅᏓᎦᎵᏍᏙᏗᏍᎬᎩ ᎠᎦᏍᎬᎢ ᎠᎴ ᎤᏴᏢᎢ.
3. ᏉᎳᏃ ᏫᏚᏭᏕᏒ ᏏᏄᎩᏝᏅᎯ ᎠᏓ, ᎠᎴ ᏚᎲᏔᏅ, ᎢᎾᏛ ᎤᏗᎴᎬ ᏓᏳᎾᏄᎪᏨᎩ ᎤᏬᏰᏂ ᎤᏪᏖᎳᏛᏨᎩ.
4. ᎾᏍᎩᏃ ᏅᏩᎾᏓᎴ ᏴᏫ ᎤᏂᎪᎲ ᎢᎾᏛ ᎦᏖᎳᏛ ᎤᏬᏰᏂ, ᎯᎠ ᏂᏚᎾᏓᏪᏎᎸᎩ; ᎥᏝ ᏳᏝᏏᏛᎭ ᎯᎠ ᎠᏍᎦᏯ ᏴᏫ ᏗᎯᎯ ᎨᏒᎢ; ᎤᏙᎯᏳᎯᏍᎩᏂᏃᏅ ᎾᏍᎩ ᎠᎺᏉᎯ ᎠᏗᏫᏏ, ᎠᏎᏃ ᎤᏞᎩ ᎥᏝ ᎬᏁᏍᏗ ᏳᏪᎵᏎᎭ.
5. ᎠᏥᎸᏱᏃ ᏭᏙᎥᏔᏅᎩ ᎢᎾᏛ, ᎠᎴ ᎥᏝ ᎪᎱᏍᏗ ᏳᎵᏍᏔᏁᎢ.
6. ᎠᏎᏃ ᎤᎾᎦᏙᏍᏔᏅᎩ, ᏓᎪᏘᏏ ᎠᎴ ᎤᏲᎱᏒᎯ ᏓᎦᏅᏥ ᏛᏰᎶᎢᏍᏔᏂ, ᎠᏁᎵᏍᎬᎩ; ᎠᏎᏃ ᎤᏬᎯᏨ ᎤᎾᎦᏙᏍᏔᏅ, ᎠᎴ ᎤᎾᏙᎴᎰᏒ ᎪᎱᏍᏗ ᏄᎵᏍᏓᏁᎸᎾ ᎨᏒᎢ, ᎤᏂᏁᏟᏴᏒᎩ ᏄᏍᏛ ᎠᎾᏓᏅᏖᏍᎬᎢ, ᎠᎴ ᎦᎸᎳᏗ ᎡᎯ, ᎤᎾᏛᏅᎩ.
7. ᎾᎿᎭᏃ ᎾᎥ ᏚᎶᎨᏒᎩ ᏄᎬᏫᏳᏒ ᎠᏍᎦᏯ ᎾᎿᎭᎠᎹᏰᎵ ᎤᏪᎧᎲᎢ, ᏆᏟᏯ ᏧᏙᎢᏛ; ᎾᏍᎩ ᏙᎦᏓᏂᎸᏨᎩ, ᎠᎴ ᏦᎢ ᏧᏒᎯᏛ ᎤᏙᎵᏍᏙᏏᏳ ᎣᎩᏍᏆᏂᎪᏔᏅᎩ ᎦᏁᎸᎢ.
8. ᎯᎠᏃ ᏄᎵᏍᏔᏅᎩ, ᎾᏍᎩ ᏆᏟᏯ ᎤᏙᏓ ᎦᏅᎬᎩ ᎤᏗᎴᎲᏍᎬᎩ ᎠᎴ ᎩᎬ ᏚᏩᎫᏍᎬᎩ, ᎾᏍᎩ ᏉᎳ ᎤᏴᎸᎩ ᎦᏅᎬᎢ, ᎤᏓᏙᎵᏍᏔᏅᏃ ᎠᎴ ᏚᏏᏔᏛ ᎤᏅᏩᏅᎩ.
9. ᎾᏍᎩᏃ ᏄᎵᏍᏔᏅ, ᏅᏩᎾᏓᎴ ᎾᏍᏉ ᏧᏂᏢᎩ ᎾᎿᎭᎠᎹᏰᎵ ᎠᏁᎯ ᎤᏂᎷᏨᎩ, ᎠᎴ ᏕᎨᏥᏅᏩᏅᎩ;
10. ᎾᏍᎩ ᎾᏍᏉ ᎪᎩᎸᏉᏗᏍᎬᎢ ᎤᏣᏛᎩ ᎪᎩᏁᎸᏅᎩ; ᎢᎣᎦᏂᎩᏒᏃ ᎪᎦᎵᏁᏌᎳᏁᎸᎩ ᏧᏓᎴᎳᏅᏛ ᎣᎦᎵᏍᏕᎸᏙᏗ.
11. ᏦᎢᏃ ᎢᏯᏅᏙ ᎤᎶᏐᏅ ᎣᎦᏂᎩᏒᎩ, ᎣᎦᏣᏅᎩ ᏥᏳᎯ ᎡᎵᎩᏱ ᎡᎯ, ᎾᎿᎭᎠᎹᏰᎵ ᏏᎪᎳᏗᏱᏍᎩ ᎤᏂᏔᎳᏛᎯ, ᎾᏍᎩ ᎪᎵᏍᏙᏗ ᎧᏍᏓ ᎠᎴ ᏉᎳᏥ ᎪᏪᎸᎩ.
12. ᏌᎴᎫᏏᏃ ᎣᎦᏚᎩᏒ, ᎾᎿᎭᏦᎢ ᏃᎩᏒᎸᎩ.
13. ᎾᎿᎭᏃ ᏫᎣᎨᏅ ᎠᎪᎸᏛ ᏬᎩᏅᏍᏔᏅᎩ, ᎵᏥᏯ ᏬᎩᎷᏨᎩ. ᏑᏙᏓᏆᏛᏃ ᎤᎶᏐᏅ ᏧᎦᎾᏮ ᎢᏗᏢ ᏓᏳᏃᎸᏔᏅᎩ; ᎤᎩᏨᏛᏃ ᏇᏗᎣᎵ ᏬᎩᎷᏨᎩ.
14. ᎾᎿᎭᏙᏥᏩᏛᎲᎩ ᎣᏣᏓᏅᏟ, ᎠᎴ ᎪᎩᏔᏲᏎᎸᎩ ᎦᎸᏉᎩ ᏧᏒᎯᏛ ᏓᏂᏁᎸ ᎣᎦᏅᏗᏱ. ᎿᎭᏉᏃ ᎶᎻ ᏫᏚᏳᎪᏛ ᏬᎩᎶᏒᎩ.
15. ᎾᎿᎭᏃ ᎠᎾᏓᏅᏟ ᏗᎪᎦᏛᎦᏅ, ᎡᏈᏲᎢ ᎢᏴᏛ ᎠᎴ ᏦᎢ-ᎢᏗᎵᏍᏓᏴᏗᏱ ᏕᎪᎦᏠᏏᎸᎩ; ᏉᎳ ᎾᏍᎩ ᏚᎪᎲ ᎤᎵᎮᎵᏤᎸᎩ ᎤᏁᎳᏅᎯ, ᎠᎴ ᎤᎦᎵᏍᏗ ᎤᏓᏅᏓᏛᎩ.
16. ᎶᎻᏃ ᏬᎩᎷᏨ, ᎠᏍᎪᎯᏧᏈ ᏗᏘᏂᏙᎯ ᎠᏂᏴᎩ ᏚᏲᎯᏎᎸᎩ ᎤᎬᏫᏳᎯᎠᏂᎦᏘᏯ ᏗᏘᏂᏙᎯ; ᏉᎳᏍᎩᏂ ᎠᎦᎵᏍᎪᎸᏁᎸᎩ ᎤᏁᎳᎩ ᎤᏩᏒ ᎤᏕᏗᏱ, ᎠᎴ ᎠᏯᏫᏍᎩ ᎤᎦᏘᏗᏍᏗᏱ.
17. ᏦᎢᏃ ᏫᏄᏒᎸ ᎯᎠ ᏄᎵᏍᏔᏅᎩ; ᏉᎳ ᏚᏪᏟᏌᏅᎩ ᏄᏂᎬᏫᏳᏒ ᎠᏂᏧᏏ; ᎤᎾᏓᏟᏌᏅᏃ ᎯᎠ ᏂᏚᏪᏎᎸᎩ; ᎢᏥᏍᎦᏯ ᎢᏓᏓᏅᏟ, ᎠᏴ ᎥᏝ ᎪᎱᏍᏗ ᎦᏥᏍᎦᏅᏤᎸᎯ ᏱᎩ ᏗᎦᏤᎵ ᏴᏫ, ᎥᏝ ᎠᎴ ᎠᎩᏲᏍᏔᏅᎯ ᏱᎩ ᏗᎧᎿᎭᏩᏛᏍᏗ ᏗᎩᎦᏴᎵᎨ ᎨᎩᏁᎸᎯ; ᎠᏎᏃ ᏥᎷᏏᎵᎻ ᏥᏴᎩ ᏓᎬᏆᏘᎾᏫᏛᎲᎩ ᏕᎬᎩᏲᏒᎩ ᎠᏂᎶᎻᏱ.
18. ᎾᏍᎩ ᎬᎩᎪᎵᏰᎥ, ᏱᏗᎬᎩᏲᏎᎢ, ᎥᏝᏰᏃ ᎪᎱᏍᏗ ᎠᏲᎱᎯᏍᏗ ᎬᎩᏍᏛᏗᏍᏗ ᏱᎬᎩᏩᏛᎡᎴᎢ.
19. ᎠᏎᏃ ᎠᏂᏧᏏ ᎠᏂᏁᎬ ᎾᏍᎩ ᎤᏂᏐᏅᏤᎸ, ᎠᏎ ᏏᏐᎢ ᏩᎩᎲᏍᏙᏗ ᎾᏆᎵᏍᏓᏁᎸᎩ; ᎥᏝᏍᎩᏂᏃᏅ ᎪᎱᏍᏗ ᏯᎩᎮᎢ ᎦᏥᏳᎢᏍᏙᏗ ᏗᏆᏤᎵᎦ ᏴᏫ.
20. ᎾᏍᎩ ᏅᏓᎦᎵᏍᏙᏓ ᏥᏫᏨᏯᏅ ᎢᏨᎪᏩᏛᏗᏱ ᎠᎴ ᎢᎦᎵᏃᎮᏗᏱ, ᎢᏏᎵᏰᏃ ᎤᏚᎩ ᎤᏅᏒᎢ ᏅᏧᎵᏍᏙᏔᏅ ᎯᎠ ᏧᏓᏕᏒᏛ ᏨᏆᎸᏍᏗ.
21. ᎯᎠᏃ ᏅᎬᏩᏪᏎᎸᎩ; ᎥᏝ ᏂᎯ ᎡᏣᏃᎮᏍᎬ ᎪᏪᎵ ᏧᏗᏱ ᏂᏙᏓᏳᏃᏪᎳᏅᎯ ᏱᏙᎩᏃᎮᎭ, ᎥᏝ ᎠᎴ ᎩᎶ ᎢᏓᏓᏅᏟ ᎾᎿᎭᏅᏓᏳᏂᎶᏒᎯ ᎬᏂᎨᏒ ᏱᏂᎨᏨᏁᎴᎢ, ᎥᏝ ᎠᎴ ᎤᏐᏅ ᏱᎨᏣᏃᎮᎴᎢ.
22. ᎠᏎᏃ ᎣᎦᏚᎵᎭ ᎢᏨᏯᏛᎦᏁᏗᏱ ᏄᏍᏛ ᎭᏓᏅᏖᏍᎬᎢ, ᎯᎠᏰᏃ ᎤᎾᏓᏤᎵᏛ ᎤᎾᎵᎪᏒᎢ, ᎣᏥᎦᏔᎭ ᏂᎬᎾᏛ ᎨᏥᏃᎮᏍᎬ ᎨᎦᏡᏗᏍᎬᎢ.
23. ᏕᎬᏩᏒᏍᏓᏁᎸᏃ, ᎤᏂᏣᏛ ᎬᏩᎷᏤᎸᎩ ᎤᏪᏗᏱ; ᎾᏍᎩ ᎬᏂᎨᏒ ᏂᏚᏩᏁᎸᎩ, ᏚᏃᎮᎮᎸᎩ ᎤᏁᎳᏅᎯ ᎤᎬᏫᏳᎯ ᎨᏒᎢ, ᏑᎾᎴ ᎤᎴᏅᏛ ᎤᏒᎢ ᎬᏗᏍᎩ, ᏓᏍᏗᏰᏗᏍᎬ ᏥᏌ ᎧᏃᎮᏍᎬᎢ; ᏕᎬᏗᏍᎬ ᏗᎧᎿᎭᏩᏛᏍᏗ ᎼᏏ ᎤᏤᎵᎦ ᎠᎴ ᎠᎾᏙᎴᎰᏍᎩ.
24. ᎢᎦᏛᏃ ᎤᏃᎯᏳᏅᎩ ᎾᏍᎩ ᎤᏬᏂᏒᎢ, ᎢᎦᏛᏃ ᎥᏝ ᏳᏃᎯᏳᏁᎢ.
25. ᏚᎾᎦᎴᏅᎲᏃ ᏓᎾᏓᏅᏖᏍᎬᎢ ᏙᎤᏁᏅᏒᎩ, ᏉᎳᏍᎩᏂᏃᏅ ᎠᏏ ᏌᏉ ᎢᎧᏁᏨᎯ ᎤᏁᏨᎩ, ᎯᎠ ᏄᏪᏒᎩ; ᏰᎵᏉ ᎦᎸᏉᏗᏳ ᎠᏓᏅᏙ ᏥᏚᏁᏤᎴ ᏗᎩᎦᏴᎵᎨᎢ, ᎢᏌᏯ ᎠᏙᎴᎰᏍᎩ ᏧᏩᏔᏁᎢ,
26. ᎯᎠ ᏥᏄᏪᏎᎢ; “ᎯᎠ ᏴᏫ ᏘᏩᏛᎱᎦ, ᎠᎴ ᎯᎠ ᏫᏂᏫ; ᎢᏣᏛᎩᏍᎬᎢ ᎢᏣᏛᎩᏍᎨᏍᏗ, ᎠᏎᏃ ᎥᏝ ᏱᏦᎵᎨᏍᏗ, ᎠᎴ ᎢᏥᎪᏩᏘᏍᎬᎢ ᎢᏥᎪᏩᏘᏍᎨᏍᏗ ᎠᏎᏃ ᎥᏝ ᏱᏣᏙᎴᎰᏍᎨᏍᏗ.
27. ᎯᎠᏰᏃ ᏴᏫ ᎤᏂᎾᏫ ᎤᎵᏦᎲᏒ, ᎠᎴ ᏓᏂᎵᎷᎬ ᎦᏂᎵᏳ ᎠᎾᏛᎩᎠ, ᎠᎴ ᏗᏂᎦᏙᎵ ᏚᏂᏍᏚᎭ; ᎾᏍᎩ ᏗᏂᎦᏙᎵ ᏗᎬᏩᏂᎪᏩᏛᏙᏗ ᏂᎨᏒᎾ, ᎠᎴ ᏓᏂᎵᎷᎬ ᏗᎬᏩᎾᏛᎪᏙᏗ ᏂᎨᏒᎾ, ᎠᎴ ᎤᏂᎾᏫ ᎬᏩᏃᎵᏍᏙᏗ ᏂᎨᏒᎾ, ᎠᎴ ᏚᎾᏓᏅᏛ ᏧᏏᏁᏟᏴᏍᏗᏱ ᏂᎨᏒᎾ ᎠᎴ ᏗᎦᎦᏥᏅᏬᏗ ᏂᎨᏒᎾ.”
28. ᎾᏍᎩ ᎢᏳᏍᏗ ᎢᏣᏅᏖᏍᏗ, ᎯᎠ ᎾᏍᎩ ᎠᎵᏍᏕᎸᏙᏗ ᎤᏁᎳᏅᎯ ᎤᏤᎵᎦ ᏧᎾᏓᎴᏅᏛ ᏴᏫ ᎨᏥᏁᎸᎯ, ᎠᎴ ᎾᏍᎩ ᏛᎾᏛᏓᏍᏔᏂ.
29. ᎾᏍᎩᏃ ᏄᏪᏒ, ᎠᏂᏧᏏ ᎤᎾᏓᏅᏒᎩ, ᎤᏅᏒ ᎨᏒ ᎤᏣᏛᎩ ᏭᎾᎵᏃᎮᎸᎩ.
30. ᏉᎳᏃ ᎤᏃᏍᏛ ᏔᎵ ᏧᏕᏘᏴᏛ ᎤᏁᎳᏛᎩ ᎤᏤᎵᎦ ᎤᏙᎳᏒᎯ ᎠᏓᏁᎸᎢ, ᎠᎴ ᏓᏓᏂᎸᎬᎩ ᏂᎦᏛ ᎬᏩᏩᏘᏍᎩ,
31. ᎠᎵᏥᏙᎲᏍᎬᎩ ᎧᏃᎮᏍᎬᎩ ᎤᏁᎳᏅᎯ ᎤᎬᏫᏳᎯ ᎨᏒᎢ, ᎠᎴ ᏓᏕᏲᎲᏍᎬᎩ ᎧᏃᎮᏍᎬᎩ ᎤᎬᏫᏳᎯ ᏥᏌ ᎦᎶᏁᏛ, ᎤᏍᏗᎤᏅ ᎾᏍᎦᎢᎲᎾ, ᎠᎴ ᎩᎶ ᏄᏅᏍᏓᏕᎲᎾ.

== Romans 1 ==
1. ᏉᎳ, ᏥᏌ ᎦᎶᏁᏛ ᎠᎩᏅᏏᏓᏍᏗ, ᎥᎩᏅᏏᏛ ᎢᏴᏋᏁᎸᎯ, ᎥᏆᏓᏓᎴᏔᏅᎯ ᎣᏍᏛ ᎧᏃᎮᏛ ᎤᏁᎳᏅᎯ ᎤᏤᎵ ᎠᏆᎵᏥᏙᏗᏱ,
2. ᎾᏍᎩ ᎤᏚᎢᏍᏔᏅᎯ ᏥᏂᎨᏎ ᎠᎾᏙᎴᎰᏍᎩ ᏕᎬᏗᏍᎬ ᎾᎿᎭᎦᎸᏉᏗᏳ ᎪᏪᎵᎯ,
3. ᎾᏍᎩ ᎤᏪᏥ ᎤᎬᏩᎵ, ᎾᏍᎩ ᏕᏫ ᎤᏁᏢᏔᏅᏛ ᎨᏒ ᏧᏕᏁᎢ ᎾᏍᎩ ᎤᏇᏓᎵ ᎨᏒᎢ;
4. ᎦᎸᏉᏗᏳᏍᎩᏂ ᎤᏓᏅᏙ ᎨᏒ ᎤᏣᏘ ᎤᎵᏂᎩᏛ ᎬᏂᎨᏒ ᏥᎾᎬᏁᎴ ᎤᏁᎳᏅᎯ ᎤᏪᏥ ᎨᏒᎢ, ᎾᏍᎩ ᎾᎿᎭᎤᏲᎱᏒ ᏚᎴᎯᏌᏅᎢ; ᎾᏍᎩ ᏥᏌ ᎦᎶᏁᏛ ᎤᎬᏫᏳᎯ ᎢᎦᏤᎵᎦ,
5. ᎾᏍᎩ ᎣᎩᏁᎸᎯ ᏥᎩ ᎬᏩᎦᏘᏯ ᎤᏓᏙᎵᏍᏗ ᎨᏒ ᎠᎴ ᎣᎩᏅᏏᏛ ᎨᏒᎢ, ᎾᏍᎩ ᏧᎾᏓᏂᎸᎢᏍᏗᏱ ᎪᎯᏳᏗ ᎨᏒ ᎾᏂᎥ ᏧᎾᏓᎴᏅᏛ ᏴᏫ, ᎾᏍᎩ ᏚᏙᎥ ᏅᏗᎦᎵᏍᏙᏗᏍᎬᎢ;
6. ᎾᎿᎭᎾᏍᏉ ᎢᏣᏓᏑᏯ ᏂᎯ, ᏥᏌ ᎦᎶᏁᏛ ᎢᏥᏯᏅᏛ ᏥᎩ;
7. ᏂᏥᎥ ᎶᎻ, ᎤᏁᎳᏅᎯ ᎢᏥᎨᏳᎯ, ᎡᏥᏯᏅᏛ ᎢᏣᏓᏅᏘ; ᎬᏩᎦᏘᏯ ᎤᏓᏙᎵᏍᏗ ᎨᏒ ᎠᎴ ᏅᏩᏙᎯᏯᏛ ᎨᏤᎳᏗᏙᎮᏍᏗ, ᏅᏓᏳᎾᎵᏍᎪᎸᏔᏅᎯ ᎤᏁᎳᏅᎯ ᎢᎩᏙᏓ, ᎠᎴ ᎤᎬᏫᏳᎯ ᏥᏌ ᎦᎶᏁᏛ.
8. ᎢᎬᏱᏱ ᎨᏒᎢ, ᏥᏯᎵᎡᎵᏤᎭ ᎠᏆᏁᎳᏅᎯ ᎬᏗᎭ ᏚᏙᎥ ᏥᏌ ᎦᎶᏁᏛ, ᏂᏥᎥ ᏂᎯ ᎨᏒ ᎢᏳᏍᏗ, ᏅᏗᎦᎵᏍᏙᏗᎭ ᎢᏦᎯᏳᏒ ᏂᎬᎾᏛ ᎡᎶᎯ ᎠᏂᏃᎮᏍᎬᎢ.
9. ᎤᏁᎳᏅᎯᏰᏃ ᎠᏉᎯᏳᏓᏁᎯ, ᎾᏍᎩ ᎪᎱᏍᏗ ᏥᏥᏯᏛᏁᎭ ᎠᏆᏓᏅᏙ ᏥᎬᏗᎭ ᎾᏍᎩ ᎣᏍᏛ ᎧᏃᎮᏛ ᎤᏪᏥ ᎤᏤᎵᎦ ᎬᏂᎨᏒ ᏂᎬᏁᎲᎢ, ᎾᏍᎩ ᏂᏥᏲᎯᏍᏗᏍᎬᎾ ᎢᏨᏁᎢᏍᏗᏍᎬᎢ, ᏂᎪᎯᎸ ᎦᏓᏙᎵᏍᏗᏍᎬ.
10. ᏥᏔᏲᎯᎲᎢ, ᎾᏍᎩ ᎢᏳᏃ ᏰᎵ ᏱᎩ ᎪᎯ ᎿᎭᏉ ᎣᏍᏛ ᎢᏯᏆᎵᏍᏓᏁᎸᏍᏗᏱ ᎦᎢᏒ ᏫᏨᎷᏤᏗᏱ, ᎤᏁᎳᏅᎯ ᎣᏏᏳ ᎠᏰᎸᏍᎬ ᏅᏓᏳᎵᏍᏙᏗᏱ.
11. ᎤᏣᏘᏰᏃ ᎠᏆᏚᎵ ᎢᏨᎪᏩᏛᏗᏱ, ᎾᏍᎩ ᏗᏨᏲᎯᏎᏗᏱ ᎪᎱᏍᏗ ᎤᏍᏗ ᎠᏓᏅᏙ ᎤᎵᏍᏕᎸᏙᏗ ᎨᏒᎢ, ᎾᏍᎩ ᏗᏣᎵᏂᎪᎯᏍᏗᏱ ᏭᎵᏱᎶᎯᏍᏗᏱ;
12. ᎾᏍᎩ ᎯᎠ ᏄᏍᏗ, ᎾᏍᎩ ᎠᏴ ᎢᏧᎳᎭ ᎢᎩᎧᎵᏍᏙᎯᏍᏗᏱ ᎬᏔᏅᎯ ᎠᏴ ᏂᎯᏃ ᎤᏠᏱ ᎢᎪᎯᏳᏒᎢ.
13. ᎾᏍᎩᏃ ᎢᏓᎵᏅᏟ ᎥᏝ ᎾᏂᎦᏔᎲᎾᏉ ᎨᏎᏍᏗ ᏱᏨᏰᎵᏎᎭ, ᎾᏍᎩ ᎤᏣᏘ ᎢᏳᏩᎫᏗ ᏓᏇᎪᏔᏅ ᏫᏨᎷᏤᏗᏱ, ᎾᏍᎩ ᎪᎱᏍᏗ ᎤᎦᏔᏔᏅᎯ ᏂᎯ ᎾᏍᏉ ᎢᏤᎲ ᎠᎩᎪᏩᏛᏗᏱ ᎠᎩᏰᎸᏒᎩ, ᎾᏍᎩᏯ ᏄᏍᏛ ᎠᏂᏐᎢ ᏧᎾᏓᎴᏅᏛ ᏴᏫ ᏓᏁᏩᏗᏒᎢ; ᎠᏎᏃ ᎪᎯ ᎢᏯᏍᏗ ᎠᏆᏓᏄᎴᎭ.
14. ᎬᎩᏚᎦ ᎢᏧᎳ ᎠᏂᎪᎢ ᎠᎴ ᏅᏩᎾᏓᎴ ᏴᏫ, ᎠᏂᎦᏔᎾᎢ ᎠᎴ ᎠᏂᎦᏔᎾᎢ ᏂᎨᏒᎾ.
15. ᎾᏍᎩ ᎢᏳᏍᏗ ᎢᎬᏆᏛᏁᏗ ᎨᏒ ᎢᎦᎢ, ᎠᏆᏛᏅᎢᏍᏗᏉ ᎣᏍᏛ ᎧᏃᎮᏛ ᎢᏨᏯᎵᏥᏙᏁᏗᏱ ᎶᎻ ᎾᏍᏉ ᎢᏤᎯ ᏂᎯ.
16. ᎥᏝᏰᏃ ᏱᎦᏕᎣᏍᎦ ᎣᏍᏛ ᎧᏃᎮᏛ ᎦᎶᏁᏛ ᎤᏤᎵᎦ; ᎾᏍᎩᏰᏃ ᎤᏁᎳᏅᎯ ᎤᎵᏂᎩᏗᏳ ᎨᏒ ᎬᏂᎨᏒ ᎢᎬᏁᎯ, ᎾᏍᎩ ᎾᎿᎭᎠᎾᎵᏍᏕᎸᏙᏗᏍᎬ ᎾᏂᎥ ᎠᏃᎯᏳᎲᏍᎩ; ᎠᏂᏧᏏ ᎢᎬᏱ, ᎠᎴ ᎾᏍᏉ ᎠᏂᎪᎢ.
17. ᎾᎿᎭᏰᏃ ᎬᏂᎨᏒ ᎢᎬᏁᎸᎯ ᏄᏍᏛ ᎤᏓᏚᏓᎴᏍᏙᏗ ᎨᏒ ᎤᏁᎳᏅᎯ, ᎪᎯᏳᏗ ᎨᏒ ᏅᏛᏓᎴᎲᏍᎩ, ᎠᎴ ᎪᎯᏳᏗ ᎨᏒ ᏩᏍᏆᏗᏍᏗᏍᎩ; ᎾᏍᎩᏯ ᏂᎬᏅᎪᏪᎸᎢ, ᏚᏳᎪᏛᏍᎩᏂ ᎢᏯᏛᏁᎯ ᎪᎯᏳᏗ ᎨᏒ ᎤᏛᏂᏗᏍᏕᏍᏗ.
18. ᎤᎾᎳᏅᎯᏰᏃ ᎤᏔᎳᏬᎯᏍᏗ ᎨᏒ ᎬᏂᎨᏒ ᎢᎬᏁᎸᎯ ᎦᎸᎶᎢ ᏨᏗᏓᎴᎲᏍᎦ ᏥᏓᎦᏘᎴᎦ ᏄᏓᎴᏒ ᎤᏁᎳᏅᎯ ᏄᏂᎸᏉᏛᎾ ᎨᏒ, ᎠᎴ ᏂᏚᏳᎪᏛᎾ ᎢᏳᎾᏛᏁᏗ ᎨᏒ ᏴᏫ, ᎾᏍᎩ ᏚᏳᎪᏛ ᏣᏂᎾᎯᏍᏗᎭ ᎤᏲ ᏚᏂᎸᏫᏍᏓᏁᎲᎢ;
19. ᏅᏗᎦᎵᏍᏙᏗᎭ ᎾᏍᎩ Ꮎ ᎤᏁᎳᏅᎯ ᏰᎵ ᎬᎦᏙᎥᎯᏍᏙᏗ ᎨᏒ ᎬᏂᎨᏒ ᎢᎬᏁᎸᎯ ᎠᏁᎲᎢ; ᎤᏁᎳᏅᎯᏰᏃ ᏚᎾᏄᎪᏫᏎᎸ.
20. ᎾᏍᎩᏰᏃ ᏗᎬᎪᏩᏛᏗ ᏂᎨᏒᎾ ᎨᏒ ᏧᏤᎵᎦ ᎬᏂᎨᏒᎢᏳ ᏗᎬᎪᏩᏛᏗ ᎢᎩ ᎡᎶᎯ ᏧᏙᏢᏅ ᏅᏓᎬᏩᏓᎴᏅᏛ, ᏗᎦᎪᎵᏍᏙᏗ ᎢᎩ ᏧᏓᎴᏅᏛ ᏗᎪᏢᏅᎯ ᎨᏒᎢ, ᎾᏍᎩ ᏅᏧᏓᎴᏅᎲᎾ ᎤᎵᏂᎩᏗᏳ ᎨᏒᎢ, ᎠᎴ ᎤᏁᎳᏅᎯ ᎨᏒᎢ; ᎾᏍᎩ ᎢᏳᏍᏗ ᎥᏝ ᏳᏂᎭ ᏧᎾᏢᏫᏍᏙᏗ;
21. ᎤᏂᎦᏙᎥᏒᏰᏃ ᎤᏁᎳᏅᎯ, ᎥᏝ ᎤᏁᎳᏅᎯ ᎦᎸᏉᏙᏗ ᎨᏒ ᏳᏂᎸᏉᏙᏔᏁᎢ, ᎥᏝ ᎠᎴ ᏯᎾᎵᎮᎵᎨᎢ, ᎠᎾᏓᏅᏖᏍᎬᏍᎩᏂ ᎠᏎᏉᏉ ᏄᎵᏍᏔᏁᎢ, ᎠᎴ ᏧᏁᎫ ᏧᏂᎾᏫ ᏚᎵᏏᎲᏎᎢ;
22. ᎠᏂᎦᏔᎾᎢ ᎠᎾᏤᎸᏍᎬᎢ, ᎤᏂᏁᎫ ᏄᎾᎵᏍᏔᏁᎢ;
23. ᎠᎴ ᎤᏂᏁᏟᏴᏎ ᎦᎸᏉᏗᏳ ᎨᏒ ᎤᏁᎳᏅᎯ ᎠᏲᎱᏍᎩ ᏂᎨᏒᎾ ᎤᏤᎵᎦ, ᎠᏲᎱᏍᎩ ᏴᏫ ᏗᏟᎶᏍᏔᏅᎯ ᎾᏍᎩᏯ ᏄᏅᏁᎴᎢ, ᎠᎴ ᏥᏍᏆ, ᎠᎴ ᏅᎩ ᏗᏂᏅᏌᏗ, ᎠᎴ ᎠᎾᏓᎾᏏᏂᏙᎯ.
24. ᎾᏍᎩ ᎢᏳᏍᏗ ᎤᏁᎳᏅᎯ ᎾᏍᏉ ᏕᎤᏲᏎ ᎦᏓᎭ ᏧᏂᎸᏫᏍᏓᏁᏗᏱ ᎤᏅᏙᏗᏱ ᎤᏅᏒ ᏧᏂᎾᏫᏱ ᎤᎾᏑᎸᏅᏗ ᎨᏒᎢ, ᏧᏂᏐᏢᎢᏍᏙᏗᏱ ᏗᏂᏰᎸ ᎤᏅᏒᏉ ᏂᏓᎾᏓᏛᏁᎲᎢ;
25. ᎾᏍᎩ ᎤᏙᎯᏳᏒ ᎤᏁᎳᏅᎯ ᎤᏃᎮᏍᎩ ᎤᏂᏁᏟᏴᏍᏔᏁ ᎦᏰᎪᎩ ᎨᏒᎢ, ᎠᎴ ᎤᏟ ᎢᎦᎢ ᎤᎾᏓᏙᎵᏍᏓᏁᎴ ᎠᎴ ᎪᎱᏍᏗ ᎤᎾᏛᏁᎴ ᎠᎪᏢᏅᎯᏉ ᎨᏒ ᎡᏍᎦᏉ ᎢᎦᎢ ᎤᏬᏢᏅᎯ, ᎾᏍᎩ ᎦᎸᏉᏙᏗ ᏥᎩ ᏂᎪᎯᎸᎢ. ᎡᎺᏅ.
26. ᎾᏍᎩ ᎢᏳᏍᏗ ᎤᏁᎳᏅᎯ ᏕᎤᏲᏒᎩ ᎤᏕᎰᎯᏍᏗ ᎤᎾᏚᎸᏅᏗᏱ; ᎾᏍᏉᏰᏃ ᎠᏂᎨᏴ ᏧᎾᏤᎵᎦ ᎾᏍᎩ ᎠᎲ ᎢᏳᎾᏛᏁᏗ ᎨᏒ ᎤᏂᏁᏟᏴᏍᏔᏁ ᎾᏍᎩ ᎠᎲ ᎢᏳᎾᏛᏁᏗ ᏂᎨᏒᎾ ᎨᏒᎢ.
27. ᎠᎴ ᎾᏍᏉ ᎠᏂᏍᎦᏯ ᏚᏂᏲᏍᎨ ᎢᏳᎾᏛᏁᏗ ᎨᏒ ᎾᏍᎩ ᎠᏂᎨᏴ ᎨᎦᏁᎳᏅᎯ ᎤᎬᏩᎵ ᎨᏒᎢ, ᎤᏣᏘ ᏓᎾᏓᏕᎳᏲᏍᎨ ᎤᏅᏒᏉ ᎨᏒᎢ; ᎠᏂᏍᎦᏯ ᎠᏂᏍᎦᏯᏉ ᎪᎱᏍᏗ ᏓᎾᏓᏛᏗᏍᎨ ᏚᏂᎸᏫᏍᏓᏁᎮ ᎾᏍᎩ ᎤᏕᎰᎯᏍᏗ ᎨᏒᎢ, ᎠᎴ ᎤᏅᏒ ᎨᏒ ᎤᎾᎵᏩᏛᎡᎮ ᏚᏳᎪᏛ ᎨᎦᎫᏴᎡᏗ ᎨᏒ ᎾᏍᎩ ᎤᏂᎵᏓᏍᏗᏍᎬᎢ.
28. ᎠᎴ ᎾᏍᎩ ᎣᏏ ᏄᏂᏰᎸᏒᎾ ᏥᎨᏎ ᏄᏍᏛ ᎤᏁᎳᏅᎯ ᎤᏂᎦᏙᎥᏒ ᎤᏂᏍᏆᏂᎪᏙᏗᏱ, ᎤᏁᎳᏅᎯ ᏕᎤᏲᏎ ᎨᏥᏐᏅᎢᏍᏔᏅᎯ ᎢᏳᎾᎵᏍᏙᏗᏱ ᏚᎾᏓᏅᏛᎢ, ᎾᏍᎩ ᎢᎬᏛᏁᏗ ᏂᎨᏒᎾ ᎨᏒ ᎢᏳᎾᏛᏁᏗᏱ;
29. ᎤᏂᎧᎵᏨᎯ ᎨᏒ ᏄᏓᎴᏒ ᏂᏚᏳᎪᏛᎾ ᎨᏒᎢ, ᎤᏕᎵᏛ ᏗᏂᏏᏗ ᎨᏒᎢ, ᎤᏲ ᎢᏯᏓᏛᏁᏗ ᎨᏒᎢ, ᏧᎬᏩᎶᏗ ᎠᎬᎥᎯᏍᏗ ᎨᏒᎢ, ᎤᏂᏲ ᎨᏒᎢ; ᎤᏂᎧᎵᏨᎯ ᎠᏛᏳᎨᏗ ᎨᏒᎢ, ᏗᏓᎯᏍᏗ ᎨᏒᎢ, ᏗᏘᏲᏍᏗ ᎨᏒᎢ, ᎠᏠᏄᎮᏛ, ᎤᏲ ᏗᎦᎸᏫᏍᏓᏁᏗ ᎨᏒᎢ; ᎠᎾᏙᏅᎢᎯ,
30. ᎤᏲ ᏗᎾᏓᏃᎮᎵᏙᎯ, ᎤᏁᎳᏅᎯ ᎠᏂᏂᏆᏘᎯ, ᎬᏩᎾᏓᏐᏢᏗ; ᎤᎾᏢᏉᏗ, ᎤᎾᏢᏆᏌᏗ, ᎠᏃᎷᏩᏘᏍᎩ ᏧᏓᎴᏅᏛ ᎤᏲᎢ, ᏂᏚᏃᎯᏳᏒᎾ ᏧᏂᎦᏴᎵᎨᎢ,
31. ᏄᏃᎵᏣᏛᎾ, ᎧᏃᎮᏛ ᏚᎾᏠᎯᏍᏛ ᎠᏂᏲᏍᏗᏍᎩ, ᎪᎱᏍᏗ ᏧᏅᎾ ᏂᏚᏂᎨᏳᏒᎾ, ᎬᏩᏃᎯᏍᏗ ᏂᎨᏒᎾ, ᏄᎾᏓᏙᎵᏣᏛᎾ;
32. ᎾᏍᎩ ᏣᏂᎦᏔᎭ ᏄᏍᏛ ᏕᎫᎪᏗᏍᎬ ᎤᏁᎳᏅᎯ, ᎾᏍᎩ ᎩᎶ ᎾᏍᎩ ᎢᏳᏍᏗ ᏧᎸᏫᏍᏓᏁᎯ ᏰᎵᏉ ᏗᎬᏩᏂᏲᎱᎯᏍᏗ ᎨᏒᎢ, ᎥᏝ ᎾᏍᎩᏉ ᎾᎾᏛᏁᎲ ᎤᏩᏒ ᏱᎩ, ᎣᏏᏳᏍᎩᏂ ᏚᏂᏰᎸᎭ ᎾᏍᎩ ᎢᏯᎾᏛᏁᎯ.

== Romans 2 ==
1. ᎾᏍᎩ ᎢᏳᏍᏗ ᎥᏝ ᏗᏣᏢᏫᏍᏙᏗ ᏱᏣᎭ, ᏂᎯ ᏴᏫ ᏂᏥᎥᏉ ᏗᏧᎪᏗᏍᎩ; ᎾᎿᎭᏰᏃ ᏅᏩᏓᎴ ᏕᎯᏳᎪᏓᏁᎲ ᏨᏒ ᏕᎭᏓᏚᎪᏓᏁᎭ; ᏂᎯᏰᏃ ᏚᎪᏗᏍᎩ ᎾᏍᎩᏯ ᏂᎭᏛᏁᎭ.
2. ᎠᏎᏃ ᎢᏗᎦᏔᎭ ᎾᏍᎩ ᎤᏁᎳᏅᎯ ᏕᎫᎪᏗᏍᎬ ᏚᏳᎪᏛ ᎨᏒᎢ, ᎾᏍᎩ ᏕᎫᎪᏓᏁᎲ ᎾᏍᎩ ᎢᏯᎾᏛᏁᎯ.
3. ᏥᎪᏃ ᎭᏓᏅᏖᏍᎬ ᏂᎯ ᏴᏫ, ᎾᏍᎩ ᏚᎪᏓᏁᎯ ᏥᎩ ᎾᏍᎩ ᎢᏯᎾᏛᏁᎯ, ᎠᎴ ᎾᏍᎩᏯ ᎢᎭᏛᏁᎯ ᏥᎩ, ᏔᏚᏓᎳᎡᎵ ᎤᏁᎳᏅᎯ ᏧᏭᎪᏙᏗ ᎨᏒᎢ?
4. ᏥᎪᎨ ᏅᎵᏌᎵᏉ ᎯᏰᎸᏍᎦ ᏄᏧᏈᏍᏛ ᎤᏓᏅᏘᏳ ᎨᏒ ᎠᎴ ᎬᏂᏗᏳ ᎨᏒᎢ, ᎠᎴ ᎪᎯᏗᏳ ᎤᏁᎳᎩ ᏒᎵᏍᎬᎢ, ᏂᎦᏔᎲᎾᏉ ᎨᏒ ᎾᏍᎩ ᎤᏁᎳᏅᎯ ᎤᏓᏅᏘᏳ ᎨᏒ ᏣᏘᏁᎬ ᏣᏁᏟᏴᏍᏗ ᎨᏒ ᏣᏓᏅᏛᎢ?
5. ᎾᏍᎩᏯᏍᎩᏂ ᎯᏍᏓᏱᏳ ᎨᏒ ᎠᎴ ᏣᏁᏟᏴᏛ ᏂᎨᏒᎾ ᏣᎾᏫ ᎯᏟᏏᎭ ᎤᏔᎳᏬᎯᏍᏗ ᎨᏒ ᏣᏤᎵ ᎢᏳᎵᏍᏙᏗ ᎾᎯᏳ ᎢᎦ ᎠᎵᏱᎶᎸᎭ ᎤᏓᎳᏬᎯᏍᏗ ᎨᏒ ᎠᎴ ᎤᏁᎳᏅᎯ ᏚᏳᎪᏛ ᏧᏭᎪᏙᏗ ᎨᏒ ᎦᎾᏄᎪᏫᏒᎭ;
6. ᎾᏍᎩ ᎾᏂᎥ ᏧᎫᏴᎡᏗ ᏥᎩ ᎾᏍᎩᏯ ᏄᏍᏛ ᏚᏂᎸᏫᏍᏓᏁᎸᎢ;
7. ᎾᏍᎩ ᎣᏍᏛ ᏚᏂᎸᏫᏍᏓᏁᎲ ᏗᏅᏂᏗᏳ ᎬᎾᎢᏒ ᏧᏂᏯᏍᏗᎭ ᏗᎬᏩᎸᏌᏛ ᎠᎴ ᎦᎸᏉᏗᏳ ᎨᏒ ᎠᎴ ᎠᏲᎱᎯᏍᏗ ᏂᎨᏒᎾ ᎨᏒᎢ, ᎠᎵᏍᏆᏗᏍᎩ ᏂᎨᏒᎾ ᎬᏂᏛ ᏧᎫᏴᏓᏁᏗ ᏥᎩ;
8. Ꮎ-ᏍᎩᏂ [ᎤᏁᎳᏅᎯ] ᏗᏂᎦᏘᎴᎩ ᏥᎩ, ᎠᎴ ᎾᏃᎯᏳᎲᏍᎬᎾ ᏥᎩ ᏚᏳᎪᏛ ᎨᏒᎢ, ᏂᏚᏳᎪᏛᎾᏍᎩᏂ ᎨᏒ ᎠᏃᎯᏳᎲᏍᎩ ᏥᎩ; ᎤᏔᎳᏬᎯᏍᏗ ᎠᎴ ᎤᎿᎭᎸᎯ ᎨᏒ ᎤᏂᎷᏤᏗ ᎨᏎᏍᏗ.
9. ᎤᏕᏯᏙᏗ ᎨᏒ ᎠᎴ ᎤᏪᎵᎯᏍᏗ ᎨᏒ ᎤᏂᎷᏤᏗ ᎨᏎᏍᏗ ᎾᏂᎥ ᎠᏂᏏᏴᏫᎭ ᎨᏒᎢ, ᎾᏍᎩ ᎤᏲ ᎢᏯᎾᏛᏁᎯ, ᎠᏂᏧᏏ ᎢᎬᏱ, ᎠᎴ ᎾᏍᏉ ᎠᏂᎪᎢ;
10. ᏗᎬᏩᎸᏌᏛᏍᎩᏂ ᎠᎴ ᎦᎸᏉᏗᏳ ᎨᏒ, ᎠᎴ ᏅᏩᏙᎯᏯᏛ ᎤᏂᎷᏤᏗ ᎨᏎᏍᏗ ᎾᏂᎥ ᎠᏂᏏᏴᏫᎭ ᎨᏒ ᎣᏍᏛ ᎢᏯᎾᏛᏁᎯ, ᎠᏂᏧᏏ ᎢᎬᏱ, ᎠᎴ ᎾᏍᏉ ᎠᏂᎪᎢ;
11. ᎤᏁᎳᏅᎯᏰᏃ ᎥᏝ ᎩᎶ ᏗᎦᎸᏉᏗᏍᎩ ᏱᎩ.
12. ᎾᏂᎥᏰᏃ ᎩᎶ ᎤᏂᏍᎦᏅᏨᎯ ᏗᎧᎿᎭᏩᏛᏍᏗ ᏄᏂᎲᎾ ᎾᏍᏉ ᏗᎧᎿᎭᏩᏛᏍᏗ ᏂᎬᏔᏅᎾ ᎤᏂᎩᎵᏲᎢᏍᏗ; ᎠᎴ ᎾᏂᎥ ᎩᎶ ᎤᏂᏍᎦᏅᏨᎯ ᏗᎧᎿᎭᏩᏛᏍᏗ ᎤᏂᎯ, ᎾᏍᎩ ᏗᎧᎿᎭᏩᏛᏍᏗ ᎨᎬᏓᏁᏗ ᏗᎨᎫᎪᏓᏁᏗ ᎨᏎᏍᏗ,
13. ᎥᏝᏰᏃ ᏗᎧᎿᎭᏩᏛᏍᏗ ᎠᎾᏛᎩᏍᎩ ᎾᏂᏍᎦᏅᎾ ᏱᎩ ᎤᏁᎳᏅᎯ ᏓᎧᏅᎢ, ᏗᎧᎿᎭᏩᏛᏍᏗᏍᎩᏂ ᏂᎦᏪᏍᎬ ᎢᏯᎾᏛᏁᎯ ᎾᏍᎩ ᎤᎾᏚᏓᎴᏍᏗ ᎨᏎᏍᏗ.
14. ᏧᎾᏓᎴᏅᏛᏰᏃ ᏴᏫ ᏗᎧᎿᎭᏩᏛᏍᏗ ᏄᏂᎲᎾ ᏥᎩ, ᎤᏅᏒ ᎤᎾᏓᏅᏖᏛ ᏗᎧᎿᎭᏩᏛᏍᏗ ᏂᎦᏪᏍᎬ ᏱᎾᎾᏛᏁᎭ, ᎾᏍᎩ ᎯᎠ, ᏗᎧᎿᎭᏩᏛᏍᏗ ᏄᏂᎲᎾ ᏥᎩ, ᎤᏅᏒᏉ ᎨᏒ ᏗᎧᎿᎭᏩᏛᏍᏗ ᎾᎾᎵᏍᏗᎭ;
15. ᎾᏍᎩ ᎬᏂᎨᏒ ᎾᏅᏁᎭ ᏗᎧᎿᎭᏩᏛᏍᏗ ᏂᎦᏪᏍᎬ ᎢᏯᏛᏁᏗ ᎨᏒ ᏧᏂᎾᏫᏱ ᎪᏪᎸᎢ, ᏚᎾᏓᏅᏛ ᎾᏍᏉ ᎪᎯᏳᏙᏗᏍᎬᎢ, ᎠᎴ ᎠᎾᏓᏅᏖᏍᎬ ᏓᎾᏓᏚᎯᏍᏗᏍᎬ, ᎠᎴ ᏓᎾᏓᏚᏓᎴᏍᎬᎢ.
16. ᎾᎯᏳ ᎢᎦ ᎤᏁᎳᏅᎯ ᎤᏕᎵᏛ ᎨᏒ ᏴᏫ ᎤᎾᏤᎵᎦ ᏕᎫᎪᏓᏁᎸᎭ, ᏥᏌ ᎦᎶᏁᏛ ᎠᎬᏗᏍᎬᎢ, ᎾᏍᎩᏯ ᏂᎦᏪᏍᎬ ᎠᏆᏤᎵ ᎣᏍᏛ ᎧᏃᎮᏛ.
17. ᎬᏂᏳᏉ, ᎠᏧᏏ ᏕᏣᏙᎥ, ᎠᎴ ᏗᎧᎿᎭᏩᏛᏍᏗ ᏣᎵᏍᎦᏍᏙᏗ, ᎠᎴ ᎯᏯᏢᏆᏍᏙᏗ ᎤᏁᎳᏅᎯ,
18. ᎠᎴ ᎯᎦᏔᎭ ᏄᏍᏛ ᎣᏏᏳ ᎤᏰᎸᏗ ᎨᏒᎢ, ᎠᎴ ᎯᎪᏩᏘᎭ ᏧᏓᎴᏅᏛ ᏧᏓᎴᎿᎭᎢ ᎨᏒᎢ, ᎡᏤᏲᏅᎯ ᏗᎧᎿᎭᏩᏛᏍᏗᏱ;
19. ᎠᎴ ᎥᏝ ᏱᏣᏜᏓᏏᏛᎡᎭ ᏨᏒ ᏔᏘᏂᏙᎯ ᎨᏒ ᏗᏂᎨᏫ, ᎢᎦ ᏔᏘᏍᏓᏁᎯ ᎨᏒ ᎤᎵᏏᎬ ᎠᏂᏂ,
20. ᏖᏲᎲᏍᎩ ᎨᏒ ᏄᎾᏓᏅᏛᎾ, ᏗᏂᏲᎵ ᏖᏲᎲᏍᎩ, ᎾᏍᎩ ᏣᏍᏆᏂᎪᏗ ᎠᎦᏙᎥᎯᏍᏗ ᎨᏒ ᎠᎴ ᏚᏳᎪᏛ ᎨᏒ ᏗᏟᎶᏍᏔᏅᎯ ᏗᎧᎿᎭᏩᏛᏍᏗᏱ ᎪᏪᎸᎢ.
21. ᎾᏍᎩᏃ ᏂᎯ ᏅᏩᏓᎴ ᎯᏰᏲᎲᏍᎩ ᏥᎩ, ᏝᏍᎪ ᏨᏒ ᏯᏓᏕᏲᎲᏍᎦ? ᏂᎯ ᎭᎵᏥᏙᎲᏍᎬ ᏞᏍᏗ ᏣᏃᏍᎩᏒᎩ ᏣᏗᎭ, ᏥᎪ ᎢᎯᏃᏍᎩᎭ?
22. ᏂᎯ, ᏞᏍᏗ ᏣᏓᏲᏁᎸᎩ ᏣᏗᎭ, ᏥᎪ ᎢᎭᏓᏲᏁᎭ? ᏂᎯ, ᎤᏁᎴᏅᎯ ᏗᏰᎸᎯ ᏥᏕᎯᏂᏆᏘᎭ, ᏥᎪ ᏂᎯ ᎪᎱᏍᏗ ᎦᎸᏉᏗ ᎯᏐᏢᏗᎭ?
23. ᏂᎯ ᏗᎧᎿᎭᏩᏛᏍᏗ ᏣᏢᏆᏙᏗᎭ, ᎯᏲᏍᏗᏍᎬᏍᎪ ᏗᎧᎿᎭᏩᏛᏍᏗ ᎠᏐᏢᎯ ᏂᏴᏁ ᎤᏁᎳᏅᎯ?
24. ᎤᏁᎳᏅᎯᏰᏃ ᏚᏙᎥ ᎬᏩᏂᏐᏢᏗ ᏧᎾᏓᎴᏅᏛ ᏴᏫ ᎠᏁᎲᎢ ᏂᎯ ᎢᏨᏂᏌᏛ, ᎾᏍᎩᏯ ᏂᎬᏅ ᎪᏪᎸᎢ.
25. ᎠᎱᏍᏕᏍᏗᏰᏃ ᎨᏒ ᎤᏙᎯᏳᎯ ᏣᏍᏕᎵᎭ ᎢᏳᏃ ᏗᎧᎿᎭᏩᏛᏍᏗ ᏂᎦᏪᏍᎬ ᏱᎿᎭᏛᏁᎭ; ᎢᏳᏍᎩᏂ ᎯᏲᏍᏗᏍᎩ ᏱᎩ ᏗᎧᎿᎭᏩᏛᏍᏗ, ᎡᏣᎱᏍᏕᏎᎸᎯ ᎨᏒ ᎡᏣᎱᏍᏕᏎᎸᎯᏉ ᏂᎨᏒᎾ ᏂᎦᎵᏍᏗᎭ.
26. ᎾᏍᎩ ᎢᏳᏍᏗ ᎢᏳᏃ ᎠᏥᎤᏍᏕᏎᎸᎯ ᏂᎨᏒᎾ ᏯᏍᏆᏂᎪᏗᎭ ᏗᎧᎿᎭᏩᏛᏍᏗ ᎾᏍᎩᏯ ᏂᎬᏅᎢ, ᏝᏍᎪ ᎾᏥᎤᏍᏕᏎᎸᎾ ᎨᏒ ᎠᏥᎤᏍᏕᏎᎸᎯ ᎨᏒ ᎠᏥᏰᎸᎾᏁᏗ ᏱᎦᎩ?
27. ᎠᎴ ᏝᏍᎪ ᎠᏥᎤᏍᏕᏎᎸᎯ ᏂᎨᏒᎾ, ᎾᏍᎩ ᎤᏕᏅᏉ ᏄᏍᏛ ᏗᎧᎿᎭᏩᏛᏍᏗ ᎠᏍᏆᏂᎪᏗᏍᎩ ᏱᏙᎨᏧᎪᏓᏏ ᏂᎯ, ᎪᏪᎵ ᎠᎴ ᎠᎱᏍᏕᏍᏗ ᎨᏒ ᏗᎬᏗ ᏗᎧᎿᎭᏩᏛᏍᏗ ᎯᏲᏍᏗᏍᎩ?
28. ᎥᏝᏰᏃ ᎾᏍᎩ Ꮎ ᎠᏧᏏ ᏱᎩ, ᎦᏚᏉ ᎢᏗᏢ ᎠᏧᏏ ᏱᎩ; ᎥᏝ ᎠᎴ ᎾᏍᎩ Ꮎ ᎠᎱᏍᏕᏍᏗ ᎨᏒ ᏱᎩ, ᎦᏚᏉ ᎢᏗᏢ ᎤᏇᏓᎸᏉ ᏱᎩ;
29. ᎾᏍᎩᏍᎩᏂ Ꮎ ᎠᏧᏏ, ᎾᏍᎩ ᎭᏫᏂᏗᏢ ᎠᏧᏏ ᏥᎩ, ᎠᎴ ᎾᏍᎩ Ꮎ ᎠᎱᏍᏕᏍᏗ ᎨᏒ ᎤᎾᏫᏱ ᎡᎯ ᏥᎩ, ᎤᏓᏅᏙᎩᎯ ᎡᎯ, ᎥᏝᏃ ᎪᏪᎵᏉ ᏂᎦᏪᏍᎬ ᏗᎧᎿᎭᏩᏕᎩ; ᎾᏍᎩ ᎥᏝ ᏴᏫᏉ ᎬᏩᎸᏉᏙᏗ ᏱᎩ, ᎤᏁᎳᏅᎯᏍᎩᏂ.

== Romans 3 ==
1. ᎦᏙᎨᏃ ᎤᏍᏛ ᎤᏟ ᏄᏛᏅ ᎠᏧᏏ? ᎠᎴ ᎦᏙ ᎤᏍᏛ ᎬᏩᏓᏍᏕᎸᏗ ᎠᎱᏍᏕᏍᏗ ᎨᏒᎢ?
2. ᎤᏣᏘ ᏂᎦᎥ ᏄᏓᎴᏒᎢ; ᏄᎬᏫᏳᏒ ᎠᏗᎾ ᏅᏗᎦᎵᏍᏙᏗ ᎾᏍᎩ ᎨᎦᎨᏅᏴ ᎤᏁᎳᏅᎯ ᎤᏁᏨᎢ.
3. ᎦᏙᏃ ᎢᏳ ᎢᎦᏛ ᏄᏃᎯᏳᏅᎾ ᏱᎩ? ᏥᎪ ᏄᏃᎯᏳᏅᎾ ᎨᏒ ᎠᏎᏉᏉ ᏱᏂᎬᎦ ᎤᏁᎳᏅᎯ ᎦᎪᎯᏳᏗ ᎨᏒᎢ?
4. ᎬᏩᏟᏍᏗ; ᎥᎥ, ᎤᏁᎳᏅᎯ ᏚᏳᎪᏛ ᎧᏁᎩ ᎨᏎᏍᏗ, ᎾᏂᎥᏃ ᏴᏫ ᎠᏂᏰᎪᎩ ᎨᏎᏍᏗ; ᎾᏍᎩᏯ ᎯᎠ ᏂᎬᏅ ᎪᏪᎸᎢ, ᎾᏍᎩ ᏂᏍᎦᏅᎾ ᎢᏳᎵᏍᏙᏗᏱ ᎯᏁᎬᎢ, ᎠᎴ ᏣᏓᏎᎪᎩᏍᏗᏱ ᎿᎭᏉ ᏕᎱᎪᏔᏅᎭ.
5. ᎠᏎᏃ ᎢᏳᏃ ᏂᏚᏳᎪᏛᎾ ᏃᎦᏛᏁᎸ ᎬᏂᎨᏒ ᏱᏂᎬᏁᎭ ᏚᏳᎪᏛ ᎢᏯᏛᏁᎯ ᎨᏒ ᎤᏁᎳᏅᎯ, ᎦᏙ ᏓᏓᏛᏂ? ᎠᏍᎦᏅᎦᏍᎪ ᎤᏁᎳᏅᎯ ᎾᏍᎩ ᏥᏓᏍᏛᏗᏍᏙᏗᎭ? (ᏴᏫᏉ ᎢᏳᏪᏍᏗ ᏂᏥᏪᎭ).
6. ᎬᏩᏟᏍᏗ; ᎢᏳᏰᏃ ᎾᏍᎩ ᏱᏄᏍᏗ ᎦᏙ ᏱᎦᎵᏍᏙᏓ ᎤᏁᎳᏅᎯ ᎡᎶᎯ ᏱᏕᎫᎪᏓᏏ?
7. ᎢᏳᏰᏃ ᏚᏳᎪᏛ ᎧᏁᎩ ᎨᏒ ᎤᏁᎳᏅᎯ ᎤᏟ ᎢᎦᎢ ᎤᏁᏉᏨᎯ ᏱᎩ ᎾᏍᎩ ᎦᎸᏉᏗᏳ ᏄᏩᏁᎲᎢ ᎠᏴ ᎦᏥᎪᎲᏍᎬ ᏱᏅᏗᎦᎵᏍᏙᏗᎭ, ᎦᏙᏃ ᎠᏴ ᎾᏍᏉ ᎠᏏᏉ ᏛᏊᎪᏓᏁᎭ ᏥᏍᎦᎾ ᎾᏍᎩᏯᎢ?
8. ᎠᎴᏍᎪ ᎥᏝ ᎾᏍᎩ ᎯᎠ ᏳᎬᏫᏳᎭ, (ᎾᏍᎩ ᎦᏲᎩᏐᏢᏛ ᏥᎪᎩᏃᎮᎭ, ᎠᎴ ᎩᎶ ᎾᏍᎩ ᎾᏂᏪ ᏥᎪᎪᏎᎭ,) ᎤᏲ ᏕᎩᎸᏫᏍᏓᏁᎮᏍᏗ ᎾᏍᎩ ᎣᏍᏛ ᎨᏒ ᎤᎵᏰᎢᎸᏍᏗᏱ? ᎾᏍᎩ ᎤᏂᏍᎦᏅᏨ ᏧᎾᏚᎪᏓᏁᏗᏱ ᏚᏳᎪᏗ.
9. ᎦᏙᎨ ᎤᎬᏫᏳᎭ? ᎤᏟᏍᎪ ᏂᏙᎯ? ᎥᏝ ᎤᏍᏗᎩᏛ ᎤᏅ; ᎦᏳᎳᏰᏃ ᏕᎫᎪᏔᏅ ᎾᏍᎩ ᎢᏧᎳ ᎠᏂᏧᏏ ᎠᎴ ᏧᎾᏓᎴᏅᏛ ᏴᏫ, ᏂᎦᏗᏳ ᎠᏍᎦᏅᎢᏍᏗ ᎨᏒ ᎤᎾᏓᏄᏴᏛᎢ.
10. ᎾᏍᎩᏯ ᎯᎠ ᏥᏂᎬᏅ ᏥᎪᏪᎳ, ᎥᏝ ᎩᎶ ᎣᏏᏳ ᎢᏯᏛᏁᎯ ᏱᎩ, ᎥᏝ, ᏌᏉ ᎤᏅ.
11. ᎥᏝ ᎩᎶ ᎪᎵᎩ ᏱᎩ; ᎥᏝ ᎩᎶ ᎤᏁᎳᏅᎯ ᎤᏲᎯ ᏱᎩ.
12. ᎾᏂᎥᏉ ᎤᎾᏞᏒ ᎦᏅᏅᎢ, ᎢᏳᎾᏍᏗᎭᏉ ᎪᎱᏍᏗ ᏗᎬᏙᏗ ᏂᎨᏒᎾ ᏄᎾᎵᏍᏔᏅ; ᎥᏝ ᎩᎶ ᎣᏏᏳ ᎢᏯᏛᏁᎯ ᏱᎩ, ᎥᏝ ᏌᏉ ᎤᏅ.
13. ᎤᏂᎩᏍᏗᏱ ᏗᏓᏂᏐᏗᏱ ᎤᎵᏍᏚᎢᏛ ᏥᎨᏐ ᎾᏍᎩᏯᎢ; ᏗᏂᏃᎪᎢ ᎠᎾᏓᎶᏄᎮᏗᏍᎪᎢ, ᎢᎾᏛ ᏚᏂᏁᎲ ᎠᏓᎯᎯ ᏚᏂᎭᏁᎦᎸ ᎭᏫᏂᏗᏢ ᏚᏂᏁᎭ.
14. ᎾᏍᎩ ᏗᏂᎰᎵ ᏗᎧᎵᏬᎯ ᎠᏓᏍᎩᏅᏗᏍᏗ ᎨᏒ ᎠᎴ ᎤᏴᏍᏗ ᎨᏒᎢ.
15. ᏧᎾᎳᏏᏕᏂ ᏗᏯᏄᎵᏳ ᎩᎬ ᎤᎾᏓᏤᏪᏗᏱ.
16. ᎠᏛᏗᏍᎩ ᎨᏒ ᎠᎴ ᎤᏲ ᎠᏓᏅᏓᏗᏍᏗ ᎨᏒ ᏔᎵ ᎤᏛᏗᏕᎪ ᎠᏁᏙᎲᎢ.
17. ᏅᏩᏙᎯᏯᏛᏃ ᎦᏅᏅ ᎥᏝ ᎤᏂᎦᏙᎥᏒᎯ ᏱᎩ.
18. ᎤᏁᎳᏅᎯ ᎦᎾᏰᎯᏍᏗ ᎨᏒ ᎥᏝ ᎢᎬᏱᏗᏢ ᏱᏄᏍᏗ ᏗᏂᎧᏅᎢ.
19. ᎠᎴ ᎢᏗᎦᏔᎭ ᎾᏍᎩ ᏂᎦᎥ ᏂᎦᏪᏍᎬ ᏗᎧᎿᎭᏩᏛᏍᏗ ᎤᏂᏁᏤᎭ ᎾᏍᎩ ᏗᎧᎿᎭᏩᏛᏍᏗ ᎨᏥᏁᏄᎯ; ᎾᏍᎩ ᎾᏂᎥ ᏗᏂᎰᎵ ᏗᎨᏥᏍᏚᏁᏗᏱ, ᎠᎴ ᎡᎳᏂᎬ ᎠᏁᎯ ᎤᏂᏍᎦᏅᏨᎯ ᏧᏚᎪᏔᏅᎯ ᎢᏳᎵᏍᏙᏗᏱ ᎤᏁᎳᏅᎯ ᎠᎦᏔᎲᎢ.
20. ᎾᏍᎩ ᎢᏳᏍᏗ ᏗᎧᎿᎭᏩᏛᏍᏗ ᏂᎦᏪᏍᎬ ᏄᏛᏁᎲ ᎥᏝ ᎩᎶ ᎤᏇᏓᎵ ᏴᎬᏚᏓᎴᏍᏓ ᎾᏍᎩ ᎠᎦᏔᎲᎢ; ᏗᎧᎿᎭᏩᏛᏍᏗᏰᏃ ᎠᏍᎦᏅᎢᏍᏗ ᎨᏒ ᎠᎦᏙᎥᎯᏍᏙᏗ.
21. ᎤᏁᎳᏅᎯᏍᎩᏂ ᎤᏓᏚᏓᎴᏍᏙᏗ ᎨᏒ, ᏗᎧᎿᎭᏩᏛᏍᏗ ᎬᏙᏗ ᏂᎨᏒᎾ, ᎬᏂᎨᏒ ᎢᎬᏁᎸᎯ, ᎪᎯᏳᏙᏔᏅᎯ ᏗᎧᎿᎭᏩᏛᏍᏗ ᎠᎴ ᎠᎾᏙᎴᎰᏍᎬ ᏚᏃᏪᎸᎢ;
22. ᎾᏍᎩ ᎤᏁᎳᏅᎯ ᎤᏓᎦᏓᎴᏍᏗ ᎨᏒᎢ, ᎾᏍᎩ ᏥᏌ ᎦᎶᏁᏛ ᎪᎯᏳᏗ ᏨᏗᏓᎴᎲᏍᎦ, ᎠᎴ ᎾᏍᎩ ᎾᏂᎥ ᎠᏃᎯᏳᎲᏍᎩ ᎤᏂᎷᏤᏗ ᎠᎴ ᎾᏍᎩ ᎾᏂᎥ ᎤᎾᏤᎵ ᎢᏳᎵᏍᏙᏗ ᏥᎩ; ᎥᏝᏰᏃ ᏧᎾᏓᎴᎿᎭᎢ ᏱᎩ;
23. ᏂᎦᏗᏳᏰᏃ ᎤᏂᏍᎦᏅᏨᎯ, ᎠᎴ ᎡᏍᎦ ᎤᏃᎭᏒ ᎤᏁᎳᏅᎯ ᎤᏓᎸᏉᏙᏗ ᎨᏒᎢ;
24. ᎨᎫᏓᎴᏛ ᏂᏗᎨᏥᎬᏩᎶᏓᏁᎸᎾ ᎬᏔᏅᎯ ᎬᏩᎦᏘᏯ ᎤᏓᏙᎵᏍᏗ ᎨᏒ ᏅᏓᏳᏓᎴᏅᎯ ᎠᎫᏴᏙᎢ ᎨᏒ ᎦᎶᏁᏛ ᏥᏌ ᎤᏪᎲᎢ;
25. ᎾᏍᎩ [ᏥᏌ ᎦᎶᏁᏛ] ᎤᏁᎳᏅᎯ ᎬᏂᎨᏒ ᏥᏄᏩᏁᎸ ᎠᎵᏍᎪᎸᏔᏅᎯ ᎪᎯᏍᏙᏗ ᎨᏒᎢ, ᎾᏍᎩ ᎪᎯᏳᏗᏱ ᎤᎩᎬ; ᏧᎾᏄᎪᏫᏎᏗᏱ ᎾᏍᎩ ᏚᏳᎪᏛ ᎢᏯᏛᏁᎯ ᎨᏒᎢ, ᎾᏍᎩ ᎦᏳᎳ ᎠᏍᎦᏅᏨᎯ ᎨᏒ ᎦᎬᏩᏓᏁᏗ ᎨᏒᎢ, ᎾᏍᎩ ᎤᏁᎳᏅᎯ ᎬᏂᏗᏳ ᎨᏒ ᎢᏳᏩᏂᏌᏅᎯ;
26. ᏧᎾᏄᎪᏫᏎᏗᏱ ᎪᎯ ᎨᏒ ᎾᏍᎩ ᏚᏳᎪᏛ ᎢᏯᏛᏁᎯ ᎨᏒᎢ; ᎾᏍᎩ ᏚᏳᎪᏛ ᎢᏯᏛᏁᎯ ᎢᏳᎵᏍᏙᏗᏱ, ᎠᎴ ᎫᏓᎴᏍᎩ ᎾᏍᎩ Ꮎ ᎪᎯᏳᎲᏍᎩ ᏥᏌ.
27. ᎭᏢᎨᏃ ᎠᏢᏆᏍᏗ ᎨᏒᎢ? ᎢᏴᏛ ᎢᎬᏁᎸᎯ. ᎦᏙ ᎤᏍᏗ ᏗᎧᎿᎭᏩᏛᏍᏗ ᎬᏔᏅᎯ? ᏗᎦᎸᏫᏍᏓᏁᏗᏱᏍᎪ ᎠᏓᏁᏤᎯ? ᎥᏝ; ᏗᎧᎿᎭᏩᏛᏍᏗᏍᎩᏂ ᎬᏔᏅᎯ ᎪᎯᏳᏗ ᎨᏒ ᎠᏓᏁᏤᎯ.
28. ᎾᏍᎩ ᎢᏳᏍᏗ ᏕᏚᎪᏗᎭ ᎾᏍᎩ ᏴᏫ ᎪᎯᏳᏗ ᎨᏒ ᎠᏚᏓᎴᏍᏗᏍᎬ ᏗᎧᎿᎭᏩᏛᏍᏗ ᏂᎬᏅ ᏄᏛᏁᎸᎾ.
29. ᎤᏁᎳᏅᎯᏍᎪ ᎠᏂᏧᏏᏉ ᎤᏅᏒ ᎤᎾᏤᎵᎦ? ᏝᏍᎪ ᎾᏍᏉ ᏧᎾᏓᎴᏅᏛ ᏴᏫ ᎤᎾᏤᎵᎦ ᏱᎩ? ᎥᎥ, ᏧᎾᏓᎴᏅᏛ ᎾᏍᏉ ᏴᏫ ᎤᎾᏤᎵᎦ.
30. ᏌᏉᎯᏳᏰᏃ ᎤᏁᎳᏅᎯ ᎾᏍᎩ ᎪᎯᏳᏗ ᎨᏒ ᏥᏕᎫᏓᎴᏍᏗᎭ ᏗᎨᏥᎤᏍᏕᏎᎸᎯ, ᎠᎴ ᏂᏗᎨᏥᎤᏍᏕᏎᎸᎾ ᎪᎯᏳᏗ ᎨᏒ ᏥᏕᎫᏓᎴᏍᏗᎭ.
31. ᎾᏍᎩᏍᎪᏃ ᎢᏳᏍᏗ ᎠᏎᏉᏉ ᏂᏛᏁᎭ ᏗᎧᎿᎭᏩᏛᏍᏗ ᎪᎯᏳᏗ ᎨᏒ ᎢᏛᏗᎭ? ᎬᏩᏟᏍᏗ; ᎢᏗᏍᏓᏱᏗᏍᎩᏂ ᏗᎧᎿᎭᏩᏛᏍᏗ.

== Romans 4 ==
1. ᎾᏍᎩᏃ ᏥᏄᏍᏗ ᎦᏙ ᏓᏓᏛᏂ ᎡᏆᎭᎻ ᎢᎩᏙᏓ ᎤᏩᏛᎲ ᎤᏇᏓᎵ ᎨᏒ ᏅᏓᏳᏓᎴᏅᏛ?
2. ᎢᏳᏰᏃ ᎡᏆᎭᎻ ᏚᎸᏫᏍᏓᏁᎲ ᎤᏚᏓᎴᏍᏔᏅᎯ ᏱᎩ, ᎤᎭ ᎤᏢᏈᏍᏙᏗ; ᎠᏎᏃ ᎥᏝ [ᏳᎭ,] ᎤᏁᎳᏅᎯ ᎠᎦᏔᎲᎢ.
3. ᎦᏙᏰᏃ ᎠᏗᎭ ᎦᎸᏉᏗ ᎪᏪᎵ? ᎡᏆᎭᎻ ᎤᏬᎯᏳᏁ ᎤᏁᎳᏅᎯ, ᎾᏍᎩᏃ ᏚᏳᎪᏛ ᎢᏯᏛᏁᏗ ᎨᏒ ᎠᏥᏰᎸᎾᏁᎴᎢ.
4. ᎩᎶᏰᏃ ᏧᎸᏫᏍᏓᏁᎯ ᎠᎦᎫᏴᎡᏗ ᎨᏒ ᎥᏝ ᎬᏩᎦᏘᏯ ᎤᏓᏙᎵᏍᏗ ᎨᏒ ᏱᏅᏗᎦᎵᏍᏙᏗᏍᎪ ᎤᏤᎵ ᏯᏥᏰᎸᎾᏁᎰᎢ, ᎤᏓᏚᎬᏍᎩᏂ ᏅᏗᎦᎵᏍᏙᏗᏍᎪ ᎤᏤᎵ ᎠᏥᏰᎸᎾᏁᎰᎢ.
5. Ꮎ-ᏍᎩᏂ ᏂᏚᎸᏫᏍᏓᏁᎲᎾ, ᎪᎯᏳᎲᏍᎩᏉᏍᎩᏂ ᎾᏍᎩ Ꮎ ᎫᏓᎴᏍᎩ ᎠᏍᎦᎾᎢ, ᎾᏍᎩ ᎤᏬᎯᏳᏒ ᏚᏳᎪᏛ ᎢᏯᏛᏁᏗ ᎨᏒ ᎠᏥᏰᎸᎾᏁᎰᎢ.
6. ᎾᏍᎩᏯ ᎾᏍᏉ ᏕᏫ ᏥᎧᏁᎢᏍᏗᎭ ᎣᏍᏛ ᎢᏳᎵᏍᏓᏁᏗ ᎨᏒ ᏴᏫ, ᎾᏍᎩ Ꮎ ᎤᏁᎳᏅᎯ ᏚᏳᎪᏛ ᎢᏯᏛᏁᏗ ᎨᏒ ᎾᏍᎩᏯ ᎤᏰᎸᎾᏁᎭ ᏂᏚᎸᏫᏍᏓᏁᎸᎾ ᎨᏒᎢ,
7. [ᎯᎠ ᏥᏂᎦᏪᎭ,] ᎣᏏᏳ ᎢᏳᎾᎵᏍᏓᏁᏗ ᎤᏂᏍᎦᏅᏨ ᎦᎨᏥᏁᎸᎯ, ᎠᎴ ᎤᏲ ᏄᎾᏛᏁᎸ ᎨᎫᏢᎾᏁᎸᎯ;
8. ᎣᏏ ᎢᏳᎵᏍᏓᏁᏗ ᏴᏫ ᎾᏍᎩ Ꮎ ᎤᎬᏫᏳᎯ ᎤᏍᎦᏅᏨ ᏄᏭᎪᏍᏗᏍᎬᎾ ᎨᏒᎢ.
9. ᎯᎠᏃ ᎾᏍᎩ ᎣᏏᏳ ᎢᏳᏓᎵᏍᏓᏁᏗ ᎨᏒ ᏗᎨᏥᎤᏍᏕᏎᎸᎯᏉᏍᎪ ᎤᏂᎷᏤᎭ, ᏥᎪᎨ ᎾᏍᏉ ᏗᎨᏥᎤᏍᏕᏎᎸᎯ ᏂᎨᏒᎾ? ᎪᎯᏳᏗᏰᏃ ᎨᏒ ᏚᏳᎪᏛ ᎢᏯᏛᏁᏗ ᎨᏒ ᎠᏥᏰᎸᎾᏁᎴ ᎡᏆᎭᎻ ᎢᏓᏗᎭ.
10. ᎢᎳᎩᏳᏃ ᎾᏍᎩ ᏄᏍᏕ ᎠᏥᏰᎸᎾᏁᎴᎢ? ᏥᎪ ᎠᏥᎤᏍᏕᏎᎸᎯ ᏥᎨᏎᎢ? ᏥᎪᎨ ᎠᏥᎤᏍᏕᏎᎸᎯ ᏂᎨᏒᎾ ᏥᎨᏎᎢ? ᎥᏝ ᎠᏥᎤᏍᏕᏎᎸᎯ ᏥᎨᏎᎢ, ᎠᏥᎤᏍᏕᏎᎸᎯᏍᎩᏂ ᏂᎨᏒᎾ ᏥᎨᏎᎢ.
11. ᎠᎴ ᎠᏥᏁᎴ ᎠᎱᏍᏕᏍᏗ ᎨᏒ ᎤᏰᎸᏛᎢ, ᎠᏍᏓᏱᏗᏍᎩ ᏚᏳᎪᏛ ᎢᏯᏛᏁᏗ ᎨᏒ ᎠᏥᏰᎸᎾᏁᎲᎢ ᏅᏓᏳᏓᎴᏅᎯ ᎤᏬᎯᏳᏒ ᎠᏏ ᎾᏥᎤᏍᏕᏎᎸᎾ ᏥᎨᏎᎢ; ᎾᏍᎩ ᎤᏂᏙᏓ ᎢᏳᎵᏍᏙᏗᏱ ᎾᏂᎥ ᎠᏃᎯᏳᎲᏍᎩ, ᏂᏗᎨᏥᎤᏍᏕᏎᎸᎾ ᎨᏒᎢ; ᎾᏍᎩ ᏚᏳᎪᏛ ᎢᏯᏛᏁᏗ ᎨᏒ ᎾᏍᎩ ᎾᏍᏉ ᎨᏥᏰᎸᎾᏁᏗᏱ;
12. ᎠᎴ ᎾᏍᏉ ᏗᎨᏥᎤᏍᏕᏎᎸᎯ ᎤᏂᏙᏓ ᎢᏳᎵᏍᏙᏗᏱ, ᎾᏍᎩ ᏗᎨᏥᎤᏍᏕᏎᎸᎯ ᎤᏩᏒ ᏂᎨᏒᎾ ᏥᎩ, ᎾᏍᏉᏍᎩᏂ ᎠᏂᏍᏓᏩᏕᎩ ᏥᎩ ᏚᎳᏏᏅᏒ ᎢᎩᏙᏓ ᎡᏆᎭᎻ, ᎾᏍᎩ ᏧᏬᎯᏳᏎ ᎠᏥᎤᏍᏕᏎᎸᎯ ᎠᏏ ᏂᎨᏒᎾ ᏥᎨᏎᎢ.
13. ᏣᏥᏚᎢᏍᏓᏁᎴᏰᏃ ᎤᏤᎵ ᎢᏳᎵᏍᏙᏗᏱ ᎡᎶᎯ, ᎥᏝ ᎡᏆᎭᎻ ᎠᎴ ᎾᏍᎩ ᎤᏁᏢᏔᏅᏛ ᎨᏒ ᏗᎧᎿᎭᏩᏛᏍᏗ ᏅᏓᏳᏓᎴᏅᎯ ᏱᎨᏎᎢ, ᎪᎯᏳᏗᏍᎩᏂ ᎠᏚᏓᎴᏍᏙᏗ ᎨᏒ ᏅᏓᏳᏓᎴᏅᎯ ᎨᏎᎢ.
14. ᎢᏳᏰᏃ ᏗᎧᎿᎭᏩᏛᏍᏗ ᎠᎾᎵᏍᎦᏍᏙᏗᏍᎩ ᎤᎾᏤᎵ ᏱᏂᎨᎬᏁᎭ, ᎿᎭᏉ ᎠᏎᏉ ᏂᎦᎵᏍᏗᎭ ᎪᎯᏳᏗ ᎨᏒᎢ, ᎠᎴ ᎠᏚᎢᏍᏛ ᎪᎱᏍᏗ ᎬᎪᏗ ᏂᎨᏒᎾ ᏂᎦᎵᏍᏗᎭ.
15. ᏗᎧᎿᎭᏩᏛᏍᏗᏰᏃ ᎤᏔᎳᏬᎯᏍᏗ ᎨᏒ ᏩᎵᏰᎢᎶᎯᎭ; ᏗᎧᎿᎭᏩᏛᏍᏗᏰᏃ ᎾᎿᎭᎾᎲᎾ ᎨᏒ, ᎾᎿᎭᏗᎧᎿᎭᏩᏛᏍᏗ ᎠᏲᏍᏙᏗ ᎨᏒ ᎥᏝ ᏰᎭ.
16. ᎾᏍᎩ ᎢᏳᏍᏗ ᎪᎯᏳᏗ ᎨᏒ ᎠᎵᏍᎦᏍᏙᏗᎭ, ᎾᏍᎩ ᎬᏩᎦᏘᏯ ᎤᏓᏙᎵᏍᏗ ᎨᏒ ᏅᏓᏳᏓᎴᏗᏱ; ᎾᏍᎩ ᎠᏚᎢᏍᏔᏅᎯ ᎨᏒ ᎤᎵᏂᎩᏗᏳ ᎢᏳᎾᎵᏍᏓᏁᏗᏱ ᎾᏂᎥ ᎤᏁᏢᏔᏅᏛ ᎨᏒᎢ; ᎥᏝ ᎾᏍᎩ ᎤᏅᏒ ᏧᏁᏢᏔᏅᏛ ᎨᏒ ᎾᏍᎩᏯ ᏗᎧᎿᎭᏩᏛᏍᏗ ᏂᎬᏅᎢ, ᎾᏍᏉᏍᎩᏂ ᎾᏍᎩ ᏧᏁᏢᏔᏅᏛ ᎨᏒ ᎡᏆᎭᎻ ᎤᏬᎯᏳᏒ ᎾᏍᎩᏯ ᎤᏃᎯᏳᏅᎯ ᎢᏳᏩᏂᏌᏛ, ᎾᏍᎩ ᎡᏆᎭᎻ ᏂᏗᎥ ᎢᎩᏙᏓ ᏥᎩ,
17. (ᎾᏍᎩᏯ ᎯᎠ ᏥᏂᎬᏅ ᏥᎪᏪᎳ, ᎤᏂᏣᏘ ᏧᎾᏓᎴᏅᏛ ᏴᏫ ᎤᏂᏙᏓ ᏂᎬᏴᎦ,) ᎠᎦᏔᎲ ᎤᏁᎳᏅᎯ ᎾᏍᎩ ᏥᎪᎯᏳᎲᏍᎨᎢ, ᎾᏍᎩ ᏗᎬᏂᏗᏍᎩ ᏥᎩ ᏧᏂᏲᎱᏒᎯ, ᎠᎴ ᏗᏯᏂᏍᎩ ᏥᎩ ᏧᎾᏓᎴᏅᏛ ᎾᏍᎩ ᎾᏁᎲᎾ ᎨᏒᎢ, ᎾᏍᎩ ᏣᏁᎰ ᎾᏍᎩᏯᎢ;
18. ᎾᏍᎩ ᎤᏚᎩ ᎦᎬᏗ ᏂᎨᏒᎾ ᏥᎨᏎᎢ ᎤᏚᎩ ᎬᏗ ᎨᏒ ᏧᏬᎯᏳᏁᎢ, ᎾᏍᎩ ᎤᏂᏣᏘ ᏧᎾᏓᎴᏅᏛ ᏴᏫ ᎤᏂᏙᏓ ᎢᏳᎵᏍᏙᏗᏱ, ᎾᏍᎩᏯ ᎯᎠ ᎢᎦᏪᏛ ᏥᎩ, ᎾᏍᎩᏯ ᏄᏂᏧᏈᏍᏕᏍᏗ ᏣᏁᏢᏔᏅᎯ;
19. ᎠᎴ ᏩᎾᎦᎳ ᏂᎨᏒᎾ ᎨᏒ ᎤᏬᎯᏳᏒᎢ, ᎥᏝ ᏳᏓᏅᏖᎴ ᎤᏩᏒ ᎠᏰᎵ ᎤᎵᏬᏨᎯ ᎨᏒᎢ, ᎿᎭᏉ ᎠᏍᎪᎯᏧᏈ ᎢᏴᏛ ᎢᏳᏕᏘᏴᏛ ᎨᏒᎢ, ᎥᏝ ᎠᎴ ᏳᏓᏅᏖᎴ ᎤᎶᏒᏍᏓᏁᎸᎯ ᎨᏒ ᏎᎵ ᏧᏓᎾᏄᎪᏫᏍᏗᏱ;
20. ᎥᏝ ᏳᏜᏓᏏᏛᎡᎮ ᎤᏁᎳᏅᎯ ᎤᏚᎢᏍᏔᏅᎢ ᏄᏬᎯᏳᏒᎾ ᎨᏒ ᎢᏳᏍᏗ; ᎤᎵᏂᎩᏗᏳᏍᎩᏂ ᎨᏎ ᎤᏬᎯᏳᏒᎢ, ᎦᎸᏉᏗᏍᎨ ᎤᏁᎳᏅᎯ,
21. ᎠᎴ ᎤᎧᎵᏨᎯ ᎤᏬᎯᏳᏎᎢ ᎾᏍᎩ ᏄᏍᏛ ᎤᏚᎢᏍᏔᏅ ᏰᎵᏉ ᎾᏍᏉ ᎢᎬᏩᏛᏁᏗ ᎨᏒᎢ.
22. ᎠᎴ ᎾᏍᎩ ᎢᏳᏍᏗ ᏚᏳᎪᏛ ᎢᏯᏛᏁᏗ ᎨᏒ ᎠᏥᏰᎸᎾᏁᎴ ᎾᏍᎩ.
23. ᎥᏝ ᎠᎴ ᎤᏩᏒᏉ ᎨᏒ ᏱᏅᏗᎦᎵᏍᏙᏗᏍᎨ ᎪᏪᎳᏅᎯ ᏥᎩ, ᎾᏍᎩ [ᏚᏳᎪᏛ ᎢᏯᏛᏁᏗ ᎨᏒ] ᏣᏥᏰᎸᎾᏁᎴᎢ;
24. ᎠᏴᏍᎩᏂ ᎨᏒ ᎾᏍᏉ ᏅᏗᎦᎵᏍᏙᏗᏍᎨᎢ, ᎾᏍᎩ [ᏚᏳᎪᏛ ᎢᏯᏛᏁᏗ ᎨᏒ] ᎡᎩᏰᎸᎾᏁᏗ ᏥᎩ, ᎡᏙᎯᏳᎲᏍᎩ ᎾᏍᎩ ᏧᎴᏔᏅᎯ ᎤᏲᎱᏒ ᏥᏌ ᎢᎦᏤᎵ ᎤᎬᏫᏳᎯ;
25. ᎾᏍᎩ ᏥᏓᏥᏲᏎ ᎠᏴ ᎢᎩᏍᎦᏅᏨ ᏥᏅᏗᎦᎵᏍᏙᏗᏍᎨᎢ, ᎠᎴ ᏥᏓᎦᎴᏔᏁ ᎠᏴ ᎢᎦᏚᏓᎴᏍᏗᏱ.

== Romans 5 ==
1. ᎾᏍᎩ ᎢᏳᏍᏗ ᎪᎯᏳᏗ ᎨᏒ ᎢᎦᏚᏓᎴᏍᏔᏅᎯ ᏥᎩ, ᏅᏩᏙᎯᏯᏛ ᏂᎬᏅ ᎤᏁᎳᎥᎯ ᎢᎦᏤᎵ ᎤᎬᏫᏳᎯ ᏥᏌ ᎦᎶᏁᏛ ᎢᏳᏩᏂᏌᏛ;
2. ᎾᏍᎩ ᎾᏍᏉ ᎢᏳᏩᏂᏌᏛ ᎪᎯᏳᏗ ᎢᏛᏗᏍᎬ ᎨᎩᎷᎯᏍᏗ ᏥᏄᎵᏍᏔᏅ ᎯᎠ ᎾᏍᎩ ᎬᏩᎦᏘᏯ ᎤᏓᏙᎵᏍᏗ ᎨᏒᎢ, ᎾᏍᎩ ᎾᎿᎭᏥᏕᏗᏙᎦ, ᎠᎴ ᏥᏓᎵᎮᎵᎦ ᎤᏚᎩ ᎢᎬᏒ ᎦᎸᏉᏗᏳ ᎨᏒ ᎤᏁᎳᏅᎯ ᎤᏤᎵ ᎡᎩᏁᏗᏱ.
3. ᎠᎴ ᎥᏝ ᎾᏍᎩᏉ ᏱᏂᎦᎥ, ᎾᏍᏉᏍᎩᏂ ᎠᎩᎵᏯ ᎢᎩᎷᏤᎲ ᎢᏓᎵᎮᎵᎪᎢ; ᏅᏗᎦᎵᏍᏙᏗᏍᎪ ᎢᏗᎦᏔᎲ ᎠᎩᎵᏲᎢᏍᏗ ᎨᏒ ᎠᎬᏂᏗᏳ ᎾᏓᏛᏁᎲᎢ;
4. ᎠᎬᏂᏗᏳᏃ ᎨᏒ ᎣᏩᏒ ᎣᏓᎦᏙᎥᎯᏍᏗ ᎨᏒ ᎾᏓᏛᏁᎲᎢ; ᎣᏩᏒᏃ ᎣᏓᎦᏙᎥᎯᏍᏗ ᎨᏒ ᎤᏚᎩ ᎬᏗ ᎨᏒ ᎠᏓᏩᏛᎡᎲᎢ;
5. ᎾᏍᎩᏃ ᎤᏚᎩ ᎬᏗ ᎨᏒ ᎥᏝ ᎠᏕᎰᎯᏍᏗᏱ ᏴᎬᏓᏩᏛᏏ; ᏅᏗᎦᎵᏍᏙᏗᎭ ᎤᏁᎳᏅᎯ ᎠᎨᏳᏗ ᎨᏒ ᎡᎩᏐᏅᏰᎸ ᏗᎩᎾᏫᏱ, ᎦᎸᏉᏗᏳ ᎠᏓᏅᏙ ᎢᏳᏩᏂᏌᏛ, ᎾᏍᎩ ᎡᎩᏁᎸᎯ ᏥᎩ.
6. ᏂᏗᎦᎵᏂᎬᎬᎾᏰᏃ ᎠᏎ ᏥᎨᏎᎢ, ᎾᎯᏳ ᎠᏎᎸᎯ ᎨᏒ ᎦᎶᏁᏛ ᎢᎩᏲᎱᎯᏎᎴ ᎢᏗᏍᎦᎾᎢ.
7. ᎤᏎᎦᏨᎯᏰᏃ ᎤᏓᏅᏘ ᎠᏍᎦᏯ ᎩᎶ ᏯᏲᎱᎯᏏ; ᏯᏎᎦᎩᏍᎩᏂᏃᏅ ᎣᏍᏛ ᎠᏍᎦᏯ ᎩᎶ ᎬᏩᏲᎱᎯᏎᏗ ᏱᏂᎦᎩ.
8. ᎤᏁᎳᏅᎯᏍᎩᏂ ᎦᎾᏄᎪᏫᏍᎦ ᎢᎩᎨᏳᎯᏳ ᎨᏒᎢ, ᎾᏍᎩ ᎠᏏ ᎢᏗᏍᎦᎾ ᏥᎨᏎᎢ ᎦᎶᏁᏛ ᎢᎩᏲᎱᎯᏎᎴᎢ.
9. ᎾᏍᎩᏃ ᏥᏄᏍᏗ, ᎾᏍᎩ ᎤᎩᎬ ᎢᎦᏚᏓᎴᏍᏔᏅᎯ ᏥᎩ, ᎤᏟᎯ ᎤᏙᎯᏳᎯᏯ ᎡᎩᏍᏕᎸᏗ ᎨᏎᏍᏗ ᎡᎫᏓᎴᏍᏗ ᎤᏔᎳᏬᎯᏍᏗ ᎨᏒ ᎾᏍᎩ ᎢᏳᏩᏂᏌᏛ.
10. ᎢᏳᏰᏃ, ᎠᏏ ᎡᏗᏍᎦᎩ ᏥᎨᏒᎩ ᎡᏙᎢᏍᏓᏁᎸᎯ ᏱᎩ ᎤᏁᎳᏅᎯ ᎬᏔᏅᎯ ᎤᏪᏥ ᎤᏲᎱᏒᎢ, ᎿᎭᏉ ᎪᎯ ᎡᏙᎢᏍᏓᏁᎸᎯ ᏥᎩ, ᎤᏟᎯ ᎤᏙᎯᏳᎯᏯ ᎡᎩᏍᏕᎸᏗ ᎨᏎᏍᏗ ᎾᏍᎩ ᎬᏃᏛ ᎨᏒ ᎢᏳᏍᏗ.
11. ᎥᏝ ᎠᎴ ᎾᏍᎩᏉ ᏱᏂᎦᎥ, ᎤᏁᎳᏅᎯᏍᎩᏂ ᎾᏍᏉ ᎡᏓᎵᎡᎵᎦ, ᎢᎦᏤᎵ ᎤᎬᏫᏳᎯ ᏥᏌ ᎦᎶᏁᏛ ᎢᏳᏩᏂᏌᏛ, ᎾᏍᎩ ᎢᏳᏩᏂᏌᏛ ᎪᎯ ᎨᏒ ᎢᎩᏁᎸᎯ ᏥᎩ ᎪᎯᏍᏙᏗ ᎨᏒᎢ.
12. ᎾᏍᎩᏃ, ᏌᏉ ᎠᏍᎦᏯ ᎢᏳᏩᏂᏌᏛ ᎠᏍᎦᏂ ᎡᎶᎯ ᏧᎾᏄᎪᏨ, ᎠᎴ ᎠᏲᎱᎯᏍᏗ ᎨᏒ [ᏧᎾᏄᎪᏨ;] ᎠᏍᎦᏂ ᎢᏳᏩᏂᏌᏛ ᎠᎴ ᎾᏍᎩ ᏥᏂᎦᎵᏍᏙᏗᎭ ᎠᏲᎱᎯᏍᏗ ᎨᏒ ᏂᎦᏗᏳ ᏴᏫ ᏧᏂᎷᏤᎸ, ᏂᎦᏗᏳᏰᏃ ᎤᏂᏍᎦᏅᏨ—
13. ᏗᎧᎿᎭᏩᏛᏍᏗᏰᏃ ᎤᎵᏁᏨ ᎠᏍᎦᏂ ᏁᎰ ᎡᎶᎯ; ᎠᏎᏃ ᎥᏝ ᎤᏂᏍᎦᏅᏨᎯ ᎨᏥᏰᎸᏗ ᏱᎩ ᎾᎿᎭᏗᎧᎿᎭᏩᏛᏍᏗ ᎾᎲᎾ ᎨᏒᎢ.
14. ᎠᏎᏍᎩᏂᏃᏅ ᎠᏲᎱᎯᏍᏗ ᎨᏒ ᎡᎲᎩ ᎠᏓᏫ ᏤᎮ ᏅᏓᎬᏩᏓᎴᏅᏛ ᎼᏏᏃ ᏤᎮ ᏫᎬᏍᏘ, ᎾᏍᎩ ᎾᏍᏉ ᎠᏁᎲ ᏄᏂᏍᎦᏅᏨᎾ ᎨᏒ ᎾᏍᎩᏯ ᏄᏛᏁᎸ ᎤᏍᎦᏅᏨ ᎠᏓᏫ, ᎾᏍᎩ ᎤᎷᎯᏍᏗ ᏥᎨᏒ ᏣᎦᏟᎶᏍᏙᏗ ᏥᎨᏎᎢ.
15. ᎠᏎᏃ ᎥᏝ ᎾᏍᎩᏯ ᏥᏄᏍᏕ ᎠᏍᎦᏅᏨᎢ, ᎾᏍᎩ ᎾᏍᏉ ᏱᏄᏍᏕ ᎬᏩᎦᏘᏯ ᎠᏓᏁᏗ ᎨᏒᎢ. ᎢᏳᏰᏃ ᎠᏏᏴᏫ ᎤᏍᎦᏅᏨ ᎤᏂᏣᏘ ᏧᏂᏲᎱᎯᏍᏔᏅᎯ ᏱᎩ; ᎤᏟᎯᏳ ᎢᎦᎢ ᎤᏂᏣᏘ ᎤᏣᏘ ᎤᏂᎷᏤᎸ ᎬᏩᎦᏘᏯ ᎤᏓᏙᎵᏍᏗ ᎨᏒ ᎤᏁᎳᏅᎯ, ᎠᎴ ᎤᏓᏁᏗ ᎨᏒ ᎬᏩᎦᏘᏯ ᎤᏓᏙᎵᏍᏗ ᎨᏒ ᏅᏓᏳᏓᎴᏅᎯ ᏥᎩ, ᎾᏍᎩ ᎠᏏᏴᏫ ᎠᏍᎦᏯ ᎢᏳᏩᏂᏌᏛ, ᎾᏍᎩ ᏥᏌ ᎦᎶᏁᏛ.
16. ᎠᎴ ᎥᏝ ᎾᏍᎩᏯ ᎠᏏᏴᏫᏉ ᎤᏍᎦᏅᏨᎯ ᎢᏳᏩᏂᏌᏛ [ᏗᎨᎫᎪᏓᏁᏗ ᏥᏄᎵᏍᏔᏁ] ᎾᏍᎩᏯ ᏱᏄᏍᏗ ᎤᏓᏁᏗ ᎨᏒᎢ; ᎠᏍᎦᏅᏨᏰᏃ ᏗᎫᎪᏙᏗ ᎨᏒ ᏌᏉᏉ ᎢᏯᏍᎦᏅᏨᎯ ᏅᏓᏳᏓᎴᏅᎯ; ᎬᏩᎦᏘᏯᏍᎩᏂ ᎤᏓᏁᏗ ᎨᏒ ᎤᏣᏘ ᎢᏯᏍᎦᏅᏨᎯ ᎠᏚᏓᎴᏍᏙᏗ ᎤᎬᏩᎳ.
17. ᎢᏳᏰᏃ ᏌᏉ ᏴᏫ ᎤᏍᎦᏅᏨ ᏱᏅᏗᎦᎵᏍᏙᏗᎭ ᎠᏲᎱᎯᏍᏗ ᎨᏒ ᏰᎭ ᎾᏍᎩ ᎠᏏᏴᏫ ᎢᏳᏩᏂᏌᏛ; ᎤᏟᎯᏳ ᏄᏓᎷᎸᎾ ᎾᏍᎩ ᎤᏣᏘ ᎨᏥᏁᎸᎯ ᏥᎩ ᎤᏓᏙᎵᏍᏗ ᎨᏒ ᎠᎴ ᎬᏩᎦᏘᏯ ᎠᏚᏓᎴᏍᏙᏗ ᎨᏒᎢ, ᎾᏍᎩ ᎬᏂᏛ ᏗᎨᏒ ᎤᏂᎬᏫᏳᎯ ᎨᏎᏍᏗ ᎠᏏᏴᏫ ᎢᏳᏩᏂᏌᏛ, ᎾᏍᎩ ᏥᏌ ᎦᎶᏁᏛ.
18. ᎾᏍᎩ ᎢᏳᏍᏗ ᎾᏍᎩ ᎠᏏᏴᏫ ᎤᏍᎦᏅᏨ ᎢᏳᏩᏂᏌᏛ ᎠᏍᎦᏅᏨ ᏗᎫᎪᏙᏗ ᎨᏒ ᏂᎦᏗᏳ ᏴᏫ ᏧᏂᎷᏤᎸ; ᎾᏍᎩᏯ ᎾᏍᏉ ᎠᏏᏴᏫ ᏚᏳᎪᏛ ᏄᏛᏁᎸ ᎢᏳᏩᏂᏌᏛ ᎬᏩᎦᏘᏯ ᎤᏓᏁᏗ ᎨᏒ ᎤᏂᎷᏤᎸ ᏂᎦᏗᏳ ᏴᏫ ᎨᎫᏓᎴᏍᏗᏱ ᎬᏂᏛ ᎤᏂᏩᏛᏗᏱ ᎤᎬᏩᎳ.
19. ᎠᏏᏴᏫᏰᏃ ᏴᏫ ᏄᏬᎯᏳᏅᎾ ᎨᏒ ᎢᏳᏩᏂᏌᏛ ᎤᏂᏣᏘ ᎠᏂᏍᎦᎾ ᏥᏄᎾᎵᏍᏔᏅ, ᎾᏍᎩᏯ ᎾᏍᏉ ᎠᏏᏴᏫ ᎤᏬᎯᏳᏅ ᏅᏓᎦᎵᏍᏙᏔᏂ ᎤᏂᏣᏘ ᎠᏂᏍᎦᎾ ᏂᎨᏒᎾ ᏅᏛᎾᎵᏍᏔᏂ.
20. ᏗᎧᎿᎭᏩᏛᏍᏗᏍᎩᏂ ᎤᏙᏢᏁ ᎠᏍᎦᏅᎢᏍᏗ ᎨᏒ ᎤᏁᏉᎢᏍᏗᏱ. ᎠᏎᏃ ᎾᎿᎭᎠᏍᎦᏅᎢᏍᏗ ᎨᏒ ᎤᏁᏉᏥᏕᎬ ᎾᎿᎭᎬᏩᎦᏘᏯ ᎤᏓᏙᎵᏍᏗ ᎨᏒ ᎤᏟᎯᏳ ᎤᏁᏉᏥᏕᎬᎩ;
21. ᎾᏍᎩᏃ ᎠᏍᎦᏂ ᏧᎬᏫᏳᏌᏕᎬᎩ ᎠᏲᎱᎯᏍᏗ ᎨᏒ ᎦᎾᏄᎪᏫᏍᎬᎢ, ᎾᏍᎩᏯ ᎾᏍᏉ ᎬᏩᎦᏘᏯ ᎤᏓᏙᎵᏍᏗ ᎨᏒ ᎤᎬᏫᏳᏌᏕᎩ ᎢᏳᎵᏍᏙᏗᏱ ᎬᏂᏛ ᎦᎾᏄᎪᏫᏍᎬ ᎬᏔᏅᎯ ᎠᏚᏓᎴᏍᏙᏗ ᎨᏒ ᏥᏌ ᎦᎶᏁᏛ ᎤᎬᏫᏳᎯ ᎢᎦᏤᎵ ᎢᏳᏩᏂᏌᏛ.

== Romans 6 ==
1. ᎦᏙᎨᏃ ᏓᏓᏛᏂ? ᏥᎪ ᎠᏏᏉ ᎨᏗᏍᎦᏅᎨᏍᏗ ᎾᏍᎩ ᎢᏳᏩᏂᏐᏗᏱ ᎤᏁᏉᎢᏍᏗᏱ ᎬᏩᎦᏘᏯ ᎤᏓᏙᎵᏍᏗ ᎨᏒᎢ?
2. ᎬᏩᏟᏍᏗ. ᎠᏴ ᏗᎩᏲᎱᏒᎯ ᎠᏍᎦᏅᎢᏍᏗ ᎨᏒ ᎤᎬᏩᎵ, ᎦᏙ ᏱᏚᎵᏍᏙᏓ ᏰᎵ ᎠᏏ ᎾᎿᎭᏴᏓᎴᏂᏓ?
3. ᏝᏍᎪ ᏱᏥᎦᏔᎭ, ᎾᏍᎩ ᏂᏗᎥ ᏤᎦᏬᎥᎯ ᎨᏒ ᏥᏌ ᎦᎶᏁᏛ ᏕᏓᏓᏲᎯᏎᎲᎢ, ᎾᏍᎩ ᎤᏲᎱᏒ ᎤᎬᏩᎵ ᏕᎦᏬᎥᎢ?
4. ᎾᏍᎩ ᎢᏳᏍᏗ ᎾᏍᎩ ᏤᎦᏬᎥᎯ ᏥᎩ, ᎦᎶᏁᏛ ᎢᏧᎳᎭ ᏕᎩᏂᏌᏅᎩ, ᎠᎴ ᎾᏍᎩ ᏗᎩᏲᎱᏒᎯ ᏄᎵᏍᏔᏅᎩ; ᎾᏍᎩ ᎦᎶᏁᏛ ᎤᏲᎱᏒ ᏥᏓᎦᎴᏔᏁᎢ ᎠᎦᏴᎵᎨ ᎦᎸᏉᏗᏳ ᎨᏒ ᎬᏔᏅᎯ, ᎾᏍᎩᏯ ᎾᏍᏉ ᎠᏴ ᎢᏓᎴᏂᏙᎲ ᎢᏤ ᏱᏓᎴᏂᏙᎭ.
5. ᎢᏳᏰᏃ ᎾᏍᎩ ᎤᏲᎱᏒ ᏗᏓᏤᎵᏛ ᎢᏰᎬᏁᎸᎯ ᎨᏎᏍᏗ, ᎾᏍᏉᏍᎩᏂ ᏚᎴᎯᏌᏅ ᏗᏓᏤᎵᏛ ᎢᏰᎬᏁᏗ ᎨᏎᏍᏗ.
6. ᎯᎠᏰᏃ ᎾᏍᎩ ᎢᏗᎦᏔᎭ, ᎾᏍᎩ ᎢᎦᏤᎵ ᎤᏪᏥ ᎠᏍᎦᏯ ᏓᏓᎿᎭᏩᏍᏛ ᎠᎦᏛᏅ ᎢᏧᎳᎭ ᎾᏍᎩ [ᎦᎶᏁᏛ] ᎠᎦᏛᏅᎢ, ᎾᏍᎩ ᎠᏍᎦᏅᎢᏍᏗ ᎨᏒ ᎠᏰᎸ ᎡᎲ ᎤᏲᎱᎯᏍᏗᏱ, ᎪᎯ ᎢᏳᏓᎴᏅᏛ ᎠᏍᎦᏂ ᏗᎩᎾᏢᏗᏱ ᏂᎨᏒᎾ.
7. ᎾᏍᎩᏰᏃ Ꮎ ᎤᏲᎱᏒᎯ ᎤᏚᏓᎳᎡᎸᎯ ᎨᏐ ᎠᏍᎦᏂ.
8. ᎢᏳᏰᏃ ᎦᎶᏁᏛ ᎢᏧᎳᎭ ᏗᎩᏲᎱᏒᎯ ᎨᏎᏍᏗ, ᎢᏙᎯᏳᎲᏍᎦ ᎢᏧᎳᎭ ᏗᏛᏃᏛ ᎢᏳᎵᏍᏙᏗᏱ;
9. ᎢᏗᎦᏔᎭᏰᏃ ᎾᏍᎩ ᎦᎶᏁᏛ ᎤᏲᎱᏒ ᏣᎦᎴᏔᏅᎯ ᎨᏒᎢ, ᎥᏝ ᏔᎵᏁ ᎤᏲᎱᎯᏍᏗ ᏱᎩ; ᎠᏲᎱᎯᏍᏗ ᎨᏒ ᎥᏝ ᎿᎭᏉ ᎤᏓᎵᏁᎯᏕᎯ ᏱᎩ.
10. ᎾᏍᎩᏰᏃ ᎤᏲᎱᏒᎯ ᏥᎩ, ᎠᏍᎦᏂ ᎤᎬᏩᎵ ᏌᏉ ᏄᏲᎱᏒᎩ; ᎠᏍᎩᏂ ᎬᏃᏛ ᏥᎩ, ᎤᏁᎳᏅᎯ ᎤᏤᎵ ᎤᎬᏩᎵ ᎬᏃᏛ.
11. ᎾᏍᎩᏯ ᎾᏍᏉ ᏂᎯ ᎢᏨᏒ ᎨᏒ ᎤᏙᎯᏳᎯ ᏗᏥᏲᎱᏒᎯ ᎨᏒ ᎢᏣᏓᏓᏅᏖᏍᎨᏍᏗ ᎠᏍᎦᏂ ᎤᎬᏩᎵ, ᎤᏁᎳᏅᎯᏍᎩᏂ ᎤᏤᎵ ᎤᎬᏩᎵ ᏗᏨᏃᏛ ᎨᏒ ᏥᏌ ᎦᎶᏁᏛ ᎢᎦᏤᎵ ᎤᎬᏫᏳᎯ ᎢᏳᏩᏂᏌᏛ.
12. ᎾᏍᎩ ᎢᏳᏍᏗ ᏞᏍᏗ ᎠᏍᎦᏂ ᏳᎬᏫᏳᏌᏕᎨᏍᏗ ᏗᏲᎩ ᏗᏥᏰᎸᎢ, ᎾᏍᎩ [ᎠᏍᎦᏂ] ᎢᏦᎯᏳᏗᏱ ᎾᎿᎭ[ᏗᏥᏰᎸ] ᎤᏚᎸᏅᎥᏍᎬᎢ.
13. ᎠᎴ ᏞᏍᏗ ᎠᏍᎦᏂ ᏤᏥᏲᎯᏎᎸᎩ ᏗᏥᏰᎸ ᎤᏚᏓᏕᏫᏒᎢ, ᎾᏍᎩ ᏗᏨᏙᏗᏱ ᏂᏚᏳᎪᏛᎾ ᏗᏥᎸᏫᏍᏓᏁᏗᏱ; ᎤᏁᎳᏅᎯᏍᎩᏂ ᎢᏨᏒ ᏤᏣᏓᏲᎯᏏ, ᎾᏍᎩ ᎢᏳᎾᏛᏁᏗ ᎤᎾᏛᏂᏛᎯ ᏧᏂᏲᎱᏒᎯ ᎨᏒ ᎠᎴ ᏗᏥᏰᎸ ᎤᏚᏓᏕᏫᏒ ᎤᏁᎳᏅᎯ ᏕᏥᏲᎯᏎᎸᎩ ᎾᏍᎩ ᏗᏨᏙᏗᏱ ᏚᏳᎪᏛ ᏗᏥᎸᏫᏍᏓᏁᏗᏱ,
14. ᎠᏍᎦᏂᏰᏃ ᎥᏝ ᏱᎨᏣᏓᎵᏁᎯᏕᎮᏍᏗ; ᎥᏝᏰᏃ ᏗᎧᎿᎭᏩᏛᏍᏗᏱ ᏱᏣᏓᏄᏴᏗ, ᎬᏩᎦᏘᏯᏍᎩᏂ ᎤᏓᏙᎵᏍᏗ ᎨᏒ ᎢᏣᏓᏄᏴᏗ.
15. ᎦᏙᏃ? ᎢᏗᏍᎦᏅᎨᏍᏗᏍᎪ, ᏅᏗᎦᎵᏍᏙᏗᏍᎨᏍᏗ ᏗᎧᎿᎭᏩᏛᏍᏗᏱ ᏂᎦᏓᏄᏴᏛᎾ ᎨᏒᎢ, ᎬᏩᎦᏘᏯᏍᎩᏂ ᎤᏓᏙᎵᏍᏗ ᎨᏒ ᎢᎦᏓᏄᏴᏛᎢ? ᎬᏩᏟᏍᏗ.
16. ᏝᏍᎪ ᏱᏥᎦᏔᎭ, ᎾᏍᎩ ᎩᎶ ᏱᏕᏣᏓᏲᎯᏎᎸ ᎢᏥᏅᏏᏙᎲ ᎡᏦᎢᏳᏗᏱ, ᎾᏍᎩ ᎢᏥᎾᏝᎢ ᎨᏒ ᎡᏦᎢᏳᎲᏍᎩ; ᎾᏍᏉ ᎠᏍᎦᏂ ᏱᎩ ᎠᏲᎱᎯᏍᏗ ᎨᏒ ᎬᏗᏍᎩ ᏱᎩ, ᎠᎴ ᎪᎯᏳᏗ ᎨᏒ ᏱᎩ, ᎠᏚᏓᎴᏍᏗ ᎨᏒ ᎬᏗᏍᎩ?
17. ᎠᏗᎾ ᎤᏁᎳᏅᎯ ᎠᎵᎮᎵᏤᏗ ᎨᏎᏍᏗ, ᎾᏍᎩ ᎤᏙᎯᏳᎯ ᎠᏍᎦᏂ ᏗᏥᎾᏝᎢ ᏥᎨᏒᎩ, ᎠᏎᏃ ᏗᏥᎾᏫ ᎬᏗ ᎢᏦᎯᏳᏅ ᎾᏍᎩ ᏄᏍᏛ ᏗᏕᏲᏗ ᎨᏒ ᎾᏍᎩ ᏤᏥᏲᎯᏎᎸᎯ ᎨᏒᎢ.
18. ᎾᏍᎩᏃ ᎠᏍᎦᏂ ᎨᏒ ᏂᏗᏥᎾᏝᎥᎾ ᏥᏄᎵᏍᏔᏅ, ᏚᏳᎪᏛ ᎨᏒ ᏗᏥᎾᏝᎢ ᏄᎵᏍᏔᏅᎩ.
19. ᏴᏫ ᎢᏳᏂᏪᏍᏗ ᏂᏥᏪᎭ, ᏅᏗᎦᎵᏍᏙᏗᎭ ᎢᏥᏇᏓᎸ ᏩᎾᎦᎳᎯᏳ ᎨᏒᎢ; ᏗᏥᏰᎸᏰᏃ ᎢᏣᏚᏓᏕᏫᏒ ᏥᏕᏥᏲᏒᎩ ᎦᏓᎭ ᎠᎴ ᎤᏲ ᎨᏒ ᎤᏂᎾᏝᎢ ᎢᏳᎵᏍᏙᏗᏱ, ᎾᏍᎩ ᎤᏲ ᏗᏥᎸᏫᏍᏓᏁᏗᏱ; ᎾᏍᎩᏯ ᎾᏍᏉ ᎪᎯ ᎨᏒᎢ, ᏗᏥᏰᎸ ᎢᏣᏚᏓᏕᏫᏒ ᏗᏥᏲᎯ ᎤᏂᎾᏝᎢ ᎢᏳᎵᏍᏙᏗᏱ, ᎾᏍᎩ ᎢᏥᏍᎦᎾ ᏂᎨᏒᎾ ᎢᏳᎵᏍᏙᏗᏱ.
20. ᎾᎯᏳᏰᏃ ᎠᏍᎦᏂ ᏗᏥᎾᏝᎢ ᏥᎨᏒᎩ, ᏚᏳᎪᏛ ᎨᏒ ᏂᏗᏥᎾᏝᎥᎾ ᎨᏒᎩ.
21. ᎾᎯᏳᏃ ᏥᎨᏒᎩ ᎦᏙ ᎤᏍᏗ ᎢᏥᏁᏉᏤᎮ ᎾᏍᎩ ᎪᎯ ᏥᏣᏕᎰᏍᎦ? ᎠᏲᎱᎯᏍᏗᏰᏃ ᎨᏒ ᏭᎵᏰᎢᎶᎯᏍᏗ ᎾᏍᎩ.
22. ᎪᎯᏍᎩᏂ ᎨᏒ ᎠᏍᎦᏂ ᏂᏗᏥᎾᏝᎥᎾ ᏥᎩ, ᎠᎴ ᎤᏁᎳᏅᎯ ᏗᏥᎾᏝᎢ ᏥᏄᎵᏍᏔᏅ, ᎢᏥᏁᏉᎥᎯ ᎢᏥᎭ ᏂᏥᏍᎦᏅᎾ ᎢᏨᏁᎯ, ᏩᎵᏍᏆᏗᎯᎲᏃ ᏭᏍᏗᏥᎯᏍᏗ ᏂᎨᏒᎾ ᎬᏂᏛ.
23. ᎠᏍᎦᏂᏰᏃ ᎤᏓᎫᏴᎡᏗ ᎨᏒ ᎠᏲᎱᎯᏍᏗ ᎨᏒ ᎢᎩ; ᎤᏁᎳᏅᎯᏍᎩᏂ ᎬᏩᎦᏘᏯ ᎤᏓᏁᏗ ᎨᏒ ᎬᏂᏛ ᏭᏍᏗᏥᎯᏍᏗ ᏂᎨᏒᎾ, ᏥᏌ ᎦᎶᏁᏛ ᎤᎬᏫᏳᎯ ᎢᎦᏤᎵᎦ ᎢᏳᏩᏂᏌᏛ.

== Romans 7 ==
1. ᏝᏍᎪ ᏱᏥᎦᏔᎭ, ᎠᏓᎵᏅᏟ, (ᏗᎧᎿᎭᏩᏛᏍᏗᏰᏃ ᎠᏂᎦᏔᎯ ᎦᏥᏬᏁᏗᎭ,) ᎾᏍᎩ ᏗᎧᎿᎭᏩᏛᏍᏗ ᎤᎾᏝᎥ ᏴᏫ ᏂᎪᎯᎸ ᎡᎲᎢ?
2. ᎠᎨᏴᏰᏃ ᏥᏓᏤᎰᎢ, ᏗᎧᎿᎭᏩᏛᏍᏗ ᎤᏚᏓᎸᏙ ᎤᏰᎯ ᎤᎾᏁᎳᏗᏍᏗᏱ ᎢᎪᎯᏛ ᎠᎴᏂᏙᎲ ᎤᏰᎯ; ᎤᏰᎯᏍᎩᏂ ᎤᏲᎱᏒᎯ ᏱᎩ, ᎤᏚᏓᎴᏛ ᎨᏐ ᏗᎧᎿᎭᏩᏛᏍᏗ ᎤᏚᏓᎸᏛ ᎤᏰᎯ ᎤᎾᏁᎳᏗᏍᏗᏱ.
3. ᎾᏍᎩ ᎢᏳᏍᏗ, ᎢᏳᏃ ᎠᏏᏉ ᎡᎲ ᎤᏰᎯ, ᏅᏩᏓᎴ ᎠᏍᎦᏯ ᏱᏚᎾᏤᏅ, ᎠᏓᏲᏁᎯ ᎠᎪᏎᎮᏍᏗ; ᎢᏳᏍᎩᏂ ᎤᏰᎯ ᎤᏲᎱᏒᎯ ᏱᎩ, ᎤᏚᏓᎴᏛ ᎨᏐ ᏗᎧᎿᎭᏩᏛᏍᏗ ᎤᏚᏓᎸᏛᎢ; ᎾᏍᎩᏃ ᎥᏝ ᎠᏓᏲᏁᎯ ᏱᎩ, ᎤᏁᎳᎩ ᏅᏩᏓᎴ ᎠᏍᎦᏯ ᏱᏓᎾᏤᎭ.
4. ᎾᏍᎩ ᎢᏳᏍᏗ ᎢᏓᎵᏅᏟ ᏂᎯ ᎾᏍᏉ ᏗᏥᏲᎱᏒᎯ ᏂᏣᎵᏍᏔᏅ ᏗᎧᎿᎭᏩᏛᏍᏗ ᎤᎬᏩᎵ, ᎦᎶᏁᏛ ᎠᏰᎸ ᎢᏳᏩᏂᏌᏛ; ᎾᏍᎩ ᏅᏩᏓᎴ ᏗᏣᏨᏍᏗᏱ ᎠᏰᎸᏒᎩ, ᎾᏍᎩ ᎠᏲᎱᏒ ᏣᎦᎴᏔᏅᎯ ᎨᏒᎢ, ᎾᏍᎩ ᎤᎦᏔᏔᏅᎯ ᎡᏗᎾᏄᎪᏫᏎᏗᏱ ᎤᏁᎳᏅᎯ.
5. ᎤᏇᏓᎸᏉᏰᏃ ᎠᏏ ᏥᏕᎲᎢ, ᎠᏍᎦᏅᎢᏍᏗ ᎨᏒ ᎤᏚᎸᏅᎥᏍᎬᎢ, ᎾᏍᎩ ᏗᎧᎿᎭᏩᏛᏍᏗ ᎢᏳᏩᏂᏌᏛ ᎨᏒᎢ, ᎾᏍᎩ ᏚᎸᏫᏍᏓᏁᎲᎩ ᏗᏗᏰᎸ ᎤᏚᏓᏕᏫᏒᎢ ᎤᎦᏔᏔᏅᎯ ᎠᏲᎱᎯᏍᏗ ᎨᏒ ᎡᏗᎾᏄᎪᏫᏎᏗᏱ.
6. ᎪᎯᏍᎩᏂ ᎨᏒ ᏗᎧᎿᎭᏩᏛᏍᏗ ᎡᏓᏚᏓᎳᎡᎸ, ᏅᏗᎦᎵᏍᏙᏗᎭ ᎤᏲᎱᏒᎯ ᎨᏒ ᏗᎩᎾᏢᏅᎯ ᎨᏒᎢ; ᎾᏍᎩ ᎢᏤ ᎠᏓᏅᏙ ᎢᎬᏙᏗᏱ ᎪᎱᏍᏗ ᎡᏓᏛᏁᏗᏱ, ᎥᏝᏃ ᎪᏪᎸᏉ ᎢᎬᏙᏗᏱ ᎾᏍᎩᏯ ᏂᎦᏛᏁᎸ ᏧᏩᎫᏔᏅᏒᎢ.
7. ᎦᏙᎨᏃ ᏓᏓᏛᏂ? ᏥᎪ ᏗᎧᎿᎭᏩᏛᏍᏗ ᎠᏍᎦᏂᏉ? ᎬᏩᏟᏍᏗ. ᎥᏝᏍᎩᏂ ᎠᏍᎦᏂ ᏱᎬᎩᎦᏙᎥᏎ ᎥᏝ ᏗᎧᎿᎭᏩᏛᏍᏗ; ᎥᏝᏰᏃ ᏱᎦᏥᎦᏔᎮ ᎤᏲ ᎠᏚᎸᏅᏗ ᎨᏒᎢ, ᎢᏳᏃ ᏗᎧᎿᎭᏩᏛᏍᏗ ᎯᎠ ᏄᏪᏒᎾ ᏱᎨᏎᎢ, ᏞᏍᏗ ᏣᏓᏚᎸᎡᎸᎩ.
8. ᎠᏍᎦᏂᏍᎩᏂ ᎤᎵᏁᏨ ᎬᏗᏍᎬᎢ ᏄᏓᎴᏒ ᎤᏲ ᎠᏆᏚᎸᏅᏗᏱ ᎾᏋᏁᎸᎩ. ᎥᏝᏰᏃ ᏗᎧᎿᎭᏩᏛᏍᏗ ᎠᏍᎦᏂ ᎤᏲᎱᏒᎯ ᏱᎩ.
9. ᎢᎸᎯᏳᏰᏃ ᏥᎨᏒ ᏗᎧᎿᎭᏩᏛᏍᏗ ᏂᏓᏆᏁᎶᏛᎾ ᎨᏒ ᎢᏳᎢ ᎬᏃᏛ ᎨᏒᎩ; ᎤᎵᏁᏨᏍᎩᏂ ᎤᎷᏨ, ᎠᏍᎦᏂ ᎤᏛᏂᏛᎩ, ᎠᏴᏃ ᎠᎩᏲᎱᏒᎩ.
10. ᎠᎴ ᎾᏍᎩ ᎤᎵᏁᏨ ᎬᏂᏛ ᎠᏓᏁᎯ ᎨᏒ ᎠᏓᎯᎯᏉ ᎾᏆᎵᏍᏓᏁᎸᎩ ᎠᏴ.
11. ᎠᏍᎦᏂᏰᏃ ᎤᎵᏁᏨ ᎬᏗᏍᎬ ᎠᎩᎶᏄᎮᎸᎩ, ᎠᎴ ᎾᏍᎩ ᎠᎩᎯᏍᏔᏅᎩ.
12. ᎾᏍᎩ ᎢᏳᏍᏗ ᏗᎧᎿᎭᏩᏛᏍᏗ ᎾᏍᎦᏅᎾ; ᎠᎴ ᎾᏍᎩ ᎤᎵᏁᏨ ᎾᏍᎦᏅᎾ, ᎠᎴ ᏚᏳᎪᏛᎢ, ᎠᎴ ᎣᏏᏳ.
13. ᏥᎪᏃ ᎾᏍᎩ Ꮎ ᎣᏍᏛ ᎨᏒ ᎠᎩᎯᎯᏉ ᏄᎵᏍᏔᏁᎢ? ᎬᏩᏟᏍᏗ. ᎠᏍᎦᏂᏍᎩᏂ, ᎾᏍᎩ ᎬᏂᎨᏒ ᎢᏳᎵᏍᏙᏗᏱ ᎾᏍᎩ ᏄᏍᏛ ᎠᏍᎦᏂ, ᏚᎸᏫᏍᏓᏁᎲᎩ ᎠᎩᎯᏍᏗᏱ ᎬᏗᏍᎬᎩ ᎾᏍᎩ Ꮎ ᎣᏍᏛ ᎨᏒᎢ; ᎾᏍᎩ ᎠᏍᎦᏂ ᎤᎵᏁᏨ ᎢᏳᏩᏂᏌᏛ ᎤᏣᏘ ᎠᏍᎦᎾᎯᏳ ᎢᏳᎵᏍᏙᏗᏱ.
14. ᎢᏗᎦᏔᎭᏰᏃ ᎾᏍᎩ ᏗᎧᎿᎭᏩᏛᏍᏗ ᎠᏓᏅᏙ ᎤᏠᏱ ᎨᏒᎢ; ᎠᏴᏍᎩᏂ ᎤᏇᏓᎵ ᎠᏆᏘᏂᏙᎯ, ᎥᎩᎾᏗᏅᏛ ᎠᏍᎦᏂ ᎠᎩᎾᏢᏗᏱ.
15. ᏄᏍᏛᏰᏃ ᏓᎩᎸᏫᏍᏓᏁᎲᎢ, ᎥᏝ ᎣᏏᏳ ᏯᎩᏰᎸᎭ; ᏄᏍᏛᏍᎩᏂ ᎠᏆᏚᎵᏍᎬᎢ ᎥᏝ ᎾᏍᎩ ᏱᏂᎦᏛᏁᎰᎢ; ᎾᏍᎩᏍᎩᏂ ᏥᏂᏆᏘᎲᎢ, ᎾᏍᎩ ᏂᎦᏛᏁᎰᎢ.
16. ᎾᏍᎩᏃ ᎢᏳ ᎾᏆᏚᎵᏍᎬᎾ ᎨᏒ ᎾᏍᎩ ᏱᏂᎦᏛᏁᎭ, ᏗᎧᎿᎭᏩᏛᏍᏗ ᎣᏏᏳ ᎨᏒ ᎪᎢᏳᎲᏍᎦ.
17. ᎾᏍᎩᏃ ᏥᏄᏍᏗ ᎥᏝ ᎿᎭᏉ ᎠᏴ ᎾᏍᎩ ᏱᏂᎦᏛᏁᎭ, ᎠᏍᎦᏂᏍᎩᏂ ᎾᏍᎩ ᏣᎩᏯᎠ.
18. ᏥᎦᏔᎭᏰᏃ ᎾᏍᎩ ᎠᏴ ᎨᏒᎢ, (ᎾᏍᎩ ᎠᎩᏇᏓᎸ ᏯᏛᏅ,) ᎪᎱᏍᏗ ᎣᏍᏛ ᏄᎵᏠᏯᏍᏛᎾ ᎨᏒᎢ; ᎠᏚᎸᏗᏱᏰᏃ ᎠᎩᎭ; ᎾᏍᎩᏍᎩᏂ Ꮎ ᎣᏍᏛ ᎨᏒ ᎢᏯᏛᏁᏗᏱ ᎥᏝ ᏱᏥᏩᏘᎭ.
19. ᎣᏍᏛᏰᏃ ᎢᏯᏛᏁᏗᏱ ᎠᏆᏚᎵᏍᎬᎢ, ᎥᏝ ᎾᏍᎩ ᏱᏂᎦᏛᏁᎰᎢ; ᎤᏲᏍᎩᏂ ᎾᏍᎩ ᎾᏆᏚᎵᏍᎬᎾ ᎨᏒᎢ, ᎾᏍᎩ ᏂᎦᏛᏁᎰᎢ.
20. ᎾᏍᎩᏃ ᎢᏳᏃ ᎠᏴ ᎾᏆᏚᎵᏍᎬᎾ ᎨᏒ ᎾᏍᎩ ᏱᏂᎦᏛᏁᎭ, ᎥᏝ ᎠᏴ ᎿᎭᏉ ᎾᏍᎩ ᏱᏂᎦᎦᏛᏁᎭ, ᎠᏍᎦᏂᏍᎩᏂ ᎾᏍᎩ ᏣᎩᏯᎠ.
21. ᎾᏍᎩᏃ ᎾᏉ ᏥᏩᏘᎭ ᎯᎠ ᏗᎧᎿᎭᏩᏛᏍᏗ, ᎾᏍᎩ ᎣᏍᏛ ᎢᏯᏆᏛᏁᏗᏱ ᎠᏆᏚᎸ, ᎤᏲ ᎨᏒ ᏓᎩᎧᎿᎭᏩᏗᏙᎰᎢ.
22. ᎣᏏᏳᏰᏃ ᎠᎩᏰᎸᎭ ᏗᎧᎿᎭᏩᏛᏍᏗ ᎤᏁᎳᏅᎯ ᎤᏤᎵᎦ ᎬᏗᎭ ᎭᏫᏂ ᎠᏇᎲ ᏴᏫ.
23. ᎠᏎᏃ ᎢᏥᎪᏩᏘᎭ ᏅᏩᏓᎴ ᏗᎧᎿᎭᏩᏛᏍᏗ ᏥᏰᎸ ᎠᏆᏚᏓᏕᏫᏒᎢ, ᎾᏍᎩ ᏗᎦᏘᎴᎩ ᏗᎧᎿᎭᏩᏛᏍᏗ ᎠᏆᏓᏅᏙᎩᎯ ᎠᎲᎢ, ᎠᎴ ᏥᏴᎩ ᎢᏯᏋᏁᎯ ᎠᏊᏓᎸᎥᏍᎩ ᏗᎧᎿᎭᏩᏛᏍᏗᏱ ᎠᏍᎦᏂ ᎤᏤᎵᎦ, ᎾᏍᎩ ᏥᏰᎸ ᎠᏆᏚᏓᏕᏫᏒ ᎠᎲᎢ.
24. ᎤᏲᏍᏛᏉ ᎾᏆᏍᏗ ᎠᏴ! ᎦᎪ ᏛᏊᏓᎴᏏ ᎯᎠ ᎾᏍᎩ ᏥᏰᎸ ᎠᏓᎯᎯ ᎠᏆᏚᏓᎸᏛᎢ.
25. ᎤᏁᎳᏅᎯ ᏥᏯᎵᎡᎵᏤᎭ ᏥᏌ ᎦᎶᏁᏛ ᎤᎬᏫᏳᎯ ᎢᎦᏤᎵᎦ ᎢᏳᏩᏂᏌᏛ. ᎾᏍᎩᏃ ᎠᏆᏓᏅᏖᏗᏱ ᎬᏗᎭ, ᎠᏴᏉ ᎾᏍᎩ ᏗᎧᎿᎭᏩᏛᏍᏗ ᎤᏁᎳᏅᎯ ᎤᏤᎵ ᏕᏥᎦᎾᏩᏕᎦ, ᎠᎩᏇᏓᎸᏍᎩᏂ ᎨᏒ ᎬᏗ ᏗᎧᎿᎭᏩᏛᏍᏗ ᎠᏍᎦᏂ ᎤᏤᎵ ᏕᏥᎦᎿᎭᏩᏕᎦ.

== Romans 8 ==
1. ᎾᏍᎩ ᎢᏳᏍᏗ ᎥᏝ ᎿᎭᏉ ᏩᎭ ᏗᎬᏩᎾᏚᎪᏓᏁᏗ ᎨᏒ ᎾᏍᎩ Ꮎ ᏥᏌ ᎦᎶᏁᏛ ᎬᏩᏯᎢ, ᎾᏍᎩ ᎤᏇᏓᎵ ᎨᏒ ᎾᏂᏍᏓᏩᏕᎬᎾ ᏥᎩ, ᎠᏓᏅᏙᏍᎩᏂ ᏣᏂᏍᏓᏩᏕᎦ.
2. ᎠᏓᏅᏙᏰᏃ ᎬᏂᏛ ᎠᏓᏁᎯ, ᎾᏍᎩ ᎬᏂᏛ ᎦᎶᏁᏛ ᏥᏌ ᏨᏗᏓᎴᎲᏍᎦ, ᎾᏍᎩ ᎠᏓᏅᏙ ᎤᏤᎵ ᏗᎧᎿᎭᏩᏛᏍᏗ ᎠᏊᏓᎴᏒ ᎠᏍᎦᏂ ᎠᎴ ᎠᏲᎱᎯᏍᏗ ᎨᏒ ᎤᎾᏤᎵ ᏗᎧᎿᎭᏩᏛᏍᏗᏱ ᎠᏆᏚᏓᎸᎢ.
3. ᏗᎧᎿᎭᏩᏛᏍᏗᏰᏃ ᎢᎬᏩᏛᏁᏗ ᏂᎨᏒᎾ ᎨᏒᎢ, ᏅᏗᎦᎵᏍᏙᏗᏍᎬ ᎠᏩᎾᎦᎳᎯᏳ ᎨᏒ ᎤᏇᏓᎵ ᎢᏳᏩᏂᏌᏛ,—ᎤᏁᎳᏅᎯ ᎤᏩᏒ ᎤᏪᏥ ᏧᏅᏎ ᎾᏍᎩᏯ ᏗᏟᎶᏍᏔᏅᎯ ᎠᏍᎦᎾ ᎤᏇᏓᎵ, ᎠᎴ ᎠᏍᎦᏂ ᏧᎬᏩᎴᎢ, ᏚᏭᎪᏓᏁᎴ ᎤᏎᎪᎩᏎ ᎠᏍᎦᏅᎢᏍᏗ ᎨᏒ ᎤᏇᏓᎸ ᎠᏯᎥᎢ;
4. ᎾᏍᎩ ᏅᏓᏳᎵᏍᏙᏙᏗᏱ ᏗᎧᎿᎭᏩᏛᏍᏗ ᏂᎦᏪᏍᎬ ᎾᏍᎩᏯ ᏚᏳᎪᏛ ᎢᎦᏛᏁᎰᎲᏍᏗᏱ, ᎠᏴ ᎤᏇᏓᎵ ᎨᏒ ᎢᏗᏍᏓᏩᏕᎩ ᏂᎨᏒᎾ ᏥᎩ, ᎠᏓᏅᏙᏍᎩᏂ ᎢᏗᏍᏓᏩᏕᎩ.
5. ᎾᏍᎩᏰᏃ ᎤᏇᏓᎵ ᏧᎾᏘᏂᏙᎯ ᎤᏇᏓᎵᏉ ᎤᏤᎵ ᎤᎬᏩᎵ ᎤᎾᎦᏌᏯᏍᏙᎢ, ᎾᏍᎩᏍᎩᏂ Ꮎ ᎠᏓᏅᏙ ᏧᎾᏘᏂᏙᎯ ᎠᏓᏅᏙᏉ ᎤᏤᎵ ᎤᎬᏩᎵ ᎤᎾᎦᏌᏯᏍᏙᎢ.
6. ᎤᏇᏓᎵᏰᏃ ᎠᎦᏌᏯᏍᏙᏗᏱ ᎠᏲᎱᎯᏍᏗ ᎨᏒ ᏩᎵᏰᎢᎶᎯᎭ; ᎠᏓᏅᏙᏍᎩᏂ ᎠᏕᏌᏯᏍᏙᏗᏱ ᎬᏂᏛ ᎠᎴ ᏅᏩᏙᎯᏯᏛ ᏗᎨᏒ ᏩᎵᏰᎢᎶᎯᎭ.
7. ᎤᏇᏓᎵᏰᏃ ᎠᎦᏌᏯᏍᏙᏗᏱ ᎨᏒ ᎾᏍᎩ ᎤᏁᎳᏅᎯ ᏗᎦᏘᎴᎩ; ᎥᏝᏰᏃ ᏗᎧᎿᎭᏩᏛᏍᏗ ᎤᏁᎳᏅᎯ ᎤᏤᎵ ᏗᎧᎿᎭᏩᏕᎩ ᏱᎩ, ᎥᏝ ᎠᎴ ᎤᏙᎩᏳᎯ ᎾᏍᎩ ᏰᎵ ᏱᏅᎬᏛᎦ;
8. ᎾᏍᎩᏃ ᎤᏇᏓᎵ ᏧᎾᏘᏂᏙᎯ ᎨᏒ ᎥᏝ ᎤᏁᎳᏅᎯ ᎣᏍᏛ ᎤᏰᎸᏗ ᏱᏅᎬᎾᏛᎦ.
9. ᏂᎯᏍᎩᏂ ᎥᏝ ᎤᏇᏓᎵ ᏗᏣᏘᏂᏙᎯ ᏱᎩ, ᎠᏓᏅᏙᏍᎩᏂ ᏗᏣᏘᏂᏙᎯ, ᎢᏳᏃ ᎰᏩ ᎤᏁᎳᏅᎯ ᎤᏓᏅᏙ ᏱᏥᏯᎠ. ᎠᎴ ᎢᏳ ᎩᎶ ᎦᎶᏁᏛ ᎤᏓᏅᏙ ᏄᏪᎲᎾ ᎢᎨᏎᏍᏗ, ᎾᏍᎩ Ꮎ ᎥᏝ [ᎦᎶᏁᏛ] ᎤᏤᎵ ᏱᎦᎩ.
10. ᎢᏳᏍᎩᏂ ᎦᎶᏁᏛ ᎢᏥᏯᎡᏍᏗ, ᎠᏰᎸ ᎤᏙᎯᏳᎯ ᎤᏲᎱᏒᎯ ᎠᏍᎦᏂ ᏅᏗᎦᎵᏍᏙᏗᎭ; ᎠᏓᏅᏙᏍᎩᏂ ᎬᏃᏛ ᏚᏳᎪᏛ ᎢᏯᏛᏁᏗ ᎨᏒ ᏅᏗᎦᎵᏍᏙᏗᎭ.
11. ᎢᏳᏍᎩᏂ ᏥᏌ ᎤᏲᎱᏒ ᏧᎴᏔᏅᎯ ᎤᏓᏅᏙ ᎢᏥᏯᎡᏍᏗ, ᎾᏍᎩ ᎦᎶᏁᏛ ᎤᏲᎱᏒ ᏧᎴᏔᏅᎯ ᎾᏍᏉ ᏙᏓᎬᏃᎯᏍᏔᏂ ᏗᏲᎱᏍᎩ ᏗᏥᏰᎸᎢ ᏓᎬᏔᏂ ᎤᏓᏅᏙ ᎾᏍᎩ ᏥᏥᏯᎠ.
12. ᎾᏍᎩ ᎢᏳᏍᏗ ᎢᏓᎵᏅᏟ, ᎡᎩᏚᎦ, ᎥᏝ ᎤᏇᏓᎵ ᏱᎩᏚᎦ, ᎾᏍᎩ ᎤᏇᏓᎵ ᎢᎩᏍᏓᏩᏗᏓᏍᏗᏱ ᎢᏕᎲᎢ.
13. ᎢᏳᏰᏃ ᎢᏤᎲ ᎤᏇᏓᎵ ᎨᏒ ᎢᏥᏍᏓᏩᏗᏙᎮᏍᏗ, ᏙᏓᏥᏲᎱᏏ; ᎢᏳᏍᎩᏂ ᎠᏓᏅᏙ ᎬᏗ ᎠᏰᎸ ᏚᎸᏫᏍᏓᏁᎲ ᎢᏥᎯᎮᏍᏗ, ᏕᏨᏁᏍᏗ.
14. ᎾᏂᎥᏰᏃ ᎩᎶᎢ ᎤᏁᎳᏅᎯ ᎤᏓᏅᏙ ᏧᎾᏘᏂᏙᎯ, ᎾᏍᎩ ᎤᏁᎳᏅᎯ ᏧᏪᏥ.
15. ᎥᏝᏰᏃ ᎠᏓᏅᏙ ᎠᏥᎾᏝᎢ ᏔᎵᏁ ᎡᏥᏁᎸᎯ ᏱᎩ, ᎾᏍᎩ ᎢᏥᎾᏰᎯᏍᏗᏱ; ᏧᏪᏥᏍᎩᏂ ᎢᎨᎬᏁᎸᎯ ᎤᎾᏓᏅᏙ ᎡᏥᏁᎸ, ᎾᏍᎩ ᎢᏛᏗᏍᎬ, ᎠᏆ! ᎡᏙᏓ! ᏥᏓᏗᏍᎪᎢ.
16. ᎠᏓᏅᏙᏰᏃ ᎤᏩᏒ ᏓᎵᎪᏁᎭ ᏗᎦᏓᏅᏙ ᎬᏂᎨᏒ ᎾᏅᏁᎲ, ᎾᏍᎩ ᎠᏴ ᎤᏁᎳᏅᎯ ᏧᏪᏥ ᎨᏒᎢ.
17. ᎠᎴ ᎢᏳ ᏧᏪᏥ ᏱᎩ, ᎿᎭᏉ ᎢᎦᏘᏰᎯ ᏧᎬᏩᎶᏗ; ᎢᎦᏘᏰᏗ ᏧᎬᏩᎶᏗ ᎤᏁᎳᏅᎯ ᎤᏓᏁᏗ ᎨᏒᎢ, ᎠᎴ ᎦᎶᏁᏛ ᎢᏧᎳᎭ ᎢᎦᏘᏰᏗ; ᎢᏳᏃ ᎰᏩ ᏱᎦᏠᏯᏍᏗᎭ ᎠᎩᎵᏲᎬᎢ, ᎾᏍᏉ ᎢᎦᏠᏯᏍᏙᏗ ᎨᏎᏍᏗ ᎠᏥᎸᏉᏗᏍᎬᎢ.
18. ᎦᏓᏅᏖᏍᎬᏰᏃ ᎯᎠ ᎾᏍᎩ ᎪᎯ ᎠᎩᎵᏲᎢᏍᏗ ᎨᏒ ᎥᏝ ᏗᎬᏟᎶᏍᏙᏗ ᏱᎩ ᎦᎸᏉᏗᏳ ᎨᏒ ᎾᏍᎩ ᎡᎩᎾᏄᎪᏫᏎᏗ ᎨᏒᎢ.
19. ᎤᎵᏂᎩᏛᏰᏃ ᎤᏚᎩ ᎤᏩᏒ ᎠᎦᏁᎳᏅᎯ ᎨᏒ ᎠᎦᏘᏯ ᎨᏥᎾᏄᎪᏫᏒ ᎤᏁᎳᏅᎯ ᏧᏪᏥ.
20. ᎠᎦᏁᎳᏅᎯᏰᏃ ᎠᏲᎩ ᎾᎬᏁᎴᎢ, ᎥᏝ ᎣᏏᏳ ᎤᏰᎸᏒ ᎢᏳᏍᏗ, ᎣᏏᏳᏍᎩᏂ ᎤᏰᎸᏅ ᎢᏳᏍᏗ ᎾᏍᎩ Ꮎ ᎾᏍᎩ ᎢᏳᏩᏁᎸᎯ, ᎤᏚᎩ ᎤᏮᏗᏱ ᎤᏰᎸᏅ,
21. ᎾᏍᎩ ᎠᎦᏁᎳᏅᎯ ᎤᏩᏒ ᎾᏍᏉ ᎤᏚᏓᎴᏍᏗᏱ ᎠᏲᎩ ᎨᏒ ᎤᎾᏝᎥᎢ, ᎦᎸᏉᏗᏳ ᏂᏗᎨᏥᎾᏝᎥᎾ ᎨᏒ ᎤᏁᎳᏅᎯ ᏧᏪᏥ ᎤᎾᏤᎵᎦ ᏫᏗᎨᏥᎪᏗᏱ.
22. ᎢᏗᎦᏔᎭᏰᏃ ᎾᏍᎩ ᎾᏂᎥ ᎨᎦᏁᎳᏅᎯ ᎨᏒ ᎢᏧᎳᎭ ᎤᏂᎵᏰᏗᏍᎬ ᎠᎴ ᎠᏂᎩᎵᏲᎬ ᎪᎯ ᎢᏯᏍᏗ.
23. ᎥᏝ ᎠᎴ ᎤᏅᏒᏉ, ᎢᎬᏒᏍᎩᏂ ᎾᏍᏉ ᎾᏍᎩ ᎢᎬᏱᏱ ᎤᎾᏄᎪᏫᏒᎯ ¯ᎠᏓᏅᏙ ᏥᎨᎭ, ᎠᏴ ᎾᏍᏉ ᎢᎬᏒ ᎨᏒ ᎭᏫᏂ ᏕᎩᎵᏰᏗᎭ, ᎢᏗᎦᏘᏴ ᏧᏪᏥ ᎢᎨᎬᏁᏗ, ᎾᏍᎩ ᏗᏗᏰᎸ ᏧᎫᏴᏗᏱ ᏧᏭᏓᎴᏍᏗᏱ.
24. ᎤᏚᎩᏉᏰᏃ ᎢᎬᎭ ᎡᎩᏍᏕᎸᏗᏱ; ᎤᏚᎩᏍᎩᏂ ᎣᏩᏒ ᎠᎪᎲᎯ ᏥᎨᏐᎢ ᎥᏝ ᎤᏚᎩ ᏲᏩᏐᎢ; ᎪᎱᏍᏗᏰᏃ ᏨᎪᏩᏘᏍᎪᎢ, ᎦᏙᏃ ᎠᏏ ᎤᏚᎩ ᏱᎦᏲᏩᎭ?
25. ᎢᏳᏍᎩᏂ ᎢᎩᎪᎲᎯ ᏂᎨᏒᎾ ᎨᏒ ᎤᏚᎩ ᏱᎬᎭ, ᎿᎭᏉ ᏗᏛᏂᏗᏳ ᎢᏗᎦᏘᏲ ᎾᏍᎩ.
26. ᎾᏍᎩᏯ ᎾᏍᏉ ᎠᏓᏅᏙ ᎢᎩᏍᏕᎵᎭ ᏗᏗᏩᎾᎦᎳᎯᏳ ᎨᏒᎢ; ᎥᏝᏰᏃ ᏱᏗᎦᏔᎭ ᎢᏳᏍᏗ ᏚᏳᎪᏛ ᎨᏒ ᎢᎩᏔᏲᏍᏗᏱ ᎢᏓᏓᏙᎵᏍᏗᏍᎬᎢ; ᎠᏓᏅᏙᏍᎩᏂ ᎤᏩᏒ ᎢᎦᎵᏍᏗᏰᏓᏁᎭ ᎤᎵᏰᏗᏍᎬ ᎬᏗᎭ ᎾᏍᎩ ᎦᏁᎢᏍᏗ ᏂᎨᏒᎾ ᎨᏒᎢ.
27. ᎠᎴ ᎾᏍᎩ Ꮎ ᏗᎪᎵᏰᏍᏗ ᏧᎾᏫ ᎠᎦᏔᎭ ᏄᏍᏛ ᎠᏓᏅᏖᎵᏙᎲ ᎠᏓᏅᏙ ᏅᏗᎦᎵᏍᏙᏗ ᎤᎾᏓᏅᏘ ᏓᎵᏍᏗᏰᏓᏁᎲ ᎾᏍᎩᏯ ᎤᏁᎳᏅᎯ ᎣᏏᏳ ᎤᏰᎸᏗ ᎨᏒᎢ.
28. ᎠᎴ ᎢᏗᎦᏔᎭ ᎾᏍᎩ ᏂᎦᎥ ᏂᏚᎵᏍᏔᏂᏙᎲ ᎤᎾᏖᏆᎶᏒ ᎣᏍᏛ ᎢᏳᎾᎵᏍᏓᏁᏗᏱ ᏚᏂᎸᏫᏍᏓᏁᎲ ᎤᏁᎳᏅᎯ ᎤᏂᎨᏳᎯ, ᎾᏍᎩ Ꮎ ᎨᏥᏯᏅᏛ ᏥᎩ ᎾᏍᎩᏯ ᎤᏓᏅᏖᎸᎢ.
29. ᎾᏍᎩᏰᏃ ᎦᏳᎳ ᏥᏂᏓᎦᏔᎰᎢ, ᎾᏍᎩ ᎾᏍᏉ ᏂᏚᏑᏰᏐ ᎤᏪᏥ ᏄᏍᏛ ᎾᏍᎩᏯ ᎢᏳᎾᎵᏍᏙᏗᏱ, ᎾᏍᎩ ᎢᎬᏱ ᎡᎯ ᎢᏳᎵᏍᏙᏗᏱ ᎤᏂᏣᏘ ᎠᎾᎵᏅᏟ ᎠᏁᎲᎢ.
30. ᎾᏍᎩᏃ ᎦᏳᎳ ᏥᏂᏚᏑᏰᏐᎢ ᎾᏍᎩ ᎾᏍᏉ ᏚᏯᏅᎮᎢ; ᎠᎴ ᎾᏍᎩ ᏧᏯᏅᏛ ᎨᏒᎢ, ᎾᏍᎩ ᎾᏍᏉ ᏚᏭᏓᎴᏎᎢ; ᎠᎴ ᎾᏍᎩ ᏧᏭᏓᎴᏛ ᎨᏒ, ᎾᏍᎩ ᎾᏍᏉ ᎦᎸᏉᏗᏳ ᏂᏚᏩᏁᎴᎢ.
31. ᎦᏙᏃ ᏓᏓᏛᏂ ᎯᎠ ᎾᏍᎩ ᏥᏄᏍᏗ? ᎢᏳᏃ ᎤᏁᎳᏅᎯ ᏱᎩᏍᏕᎵᎭ ᎦᎪ ᏱᎦᏡᏓ?
32. ᎾᏍᎩ Ꮎ ᏄᎨᏳᏅᎾ ᏥᎨᏎ ᎤᏩᏒ ᎤᏪᏥ, ᏥᏚᏲᏎᏉᏍᎩᏂ ᎠᏴ ᏂᏗᎥ ᎢᎩᏍᏕᎵᏍᎬᎢ, ᎦᏙ ᏱᎦᎵᏍᏙᏓ ᎾᏍᎩ ᏕᎩᏲᎯᏎᎲ ᎠᏎᏉ ᏗᎨᎩᏲᎯᏎᏗ ᏂᎨᏒᎾ ᏱᏂᎦᎵᏍᏓ ᏂᎦᏗᏳ ᎪᎱᏍᏗ?
33. ᎦᎪ ᎤᏂᏍᎦᏅᏨ ᏙᏓᎫᎯᏍᏔᏂ ᎤᎾᎴᏅᎯ ᏧᏑᏰᏛ? ᏥᎪ ᎤᏁᎳᏅᎯ, ᎾᏍᎩ ᎤᏄᏓᎴᏍᎩ?
34. ᎦᎪ ᏧᏄᎪᏓᏁᎯ? ᎦᎶᏁᏛᏍᎪ, ᎾᏍᎩ ᏧᏂᎱᏎᎢ, ᎥᎥ, ᎠᎴ ᎾᏍᏉ ᎾᏍᎩ ᏥᏚᎴᎯᏌᏅ, ᎾᏍᎩ ᎾᏍᏉ ᎤᏁᎳᏅᎯ ᎠᎦᏗᏏᏗᏢ ᏧᏬᎳ, ᎾᏍᎩ ᎾᏍᏉ ᏥᎦᎵᏍᏗᏰᏓᏁᎭ?
35. ᎦᎪ ᎢᏴᏛ ᏅᏓᎬᏁᎵ ᎦᎶᏁᏛ ᎢᎩᎨᏒᎢ? ᏥᎪ ᎠᎩᎵᏲᎢᏍᏗ ᎨᏒᎢ, ᎠᎴ ᎤᏪᎵᎯᏍᏗ ᎠᏓᏅᏓᏗᏍᏗ ᎨᏒᎢ, ᎠᎴ ᎤᏲ ᎢᏴᏓᏛᏁᏗ ᎨᏒᎢ, ᎠᎴ ᎤᏓᎪᏄᎶᎯᏍᏗ ᎨᏒᎢ, ᎠᎴ ᏗᎩᏰᎸᎭ ᎨᏒᎢ, ᎠᎴ ᎤᎾᏰᎯᏍᏗ ᎨᏒᎢ, ᎠᎴ ᎠᏰᎳᏍᏗ-ᎦᏅᎯᏛ?
36. ᎾᏍᎩᏯ ᎯᎠ ᏥᏂᎬᏅ ᏥᎪᏪᎳ, ᏂᎯ ᎨᏒ ᏅᏗᎦᎵᏍᏙᏗᎭ ᏙᎩᎢᎭ ᏂᎪᎯᎸᎢ; ᎤᏂᏃᏕᎾᏉ ᏗᎯᏍᏗ ᎾᏍᎩᏯ ᎣᎩᏰᎸᎠ;
37. ᎠᏎᏃ ᎯᎠ ᎾᏍᎩ ᏂᎦᏛ ᏧᏓᎴᏅᏛ ᎨᏒ ᎢᏓᏓᏎᎪᎩᏍᎩ ᎠᎴ ᎤᏟ ᎢᎦᎢ, ᎾᏍᎩ Ꮎ ᎢᎩᎨᏳᎯᏳ ᎢᏳᎵᏍᏔᏅᎯ ᏥᎩ ᎢᏳᏩᏂᏌᏛ.
38. ᎤᎵᏂᎩᏛᏰᏃ ᎠᏉᎯᏳᎭ, ᎾᏍᎩ ᎥᏝ ᎠᏲᎱᎯᏍᏗ ᎨᏒᎢ, ᎠᎴ ᎠᏛᏂᏗᏍᏗ ᎨᏒᎢ, ᎠᎴ ᏗᏂᎧᎿᎭᏩᏗᏙᎯ, ᎠᎴ ᏄᏂᎬᏫᏳᏌᏕᎩ, ᎠᎴ ᎨᏥᎸᏉᏗ, ᎠᎴ ᎪᎱᏍᏗ ᎪᎯ ᏤᎭ, ᎠᎴ ᎪᎱᏍᏗ ᎠᏏ ᎤᎾᏄᎪᎢᏍᏗ ᏥᎩ,
39. ᎥᏝ ᎠᎴ ᎦᎸᎳᏗᏳ ᎨᏒᎢ, ᎠᎴ ᎭᏫᏂᏳ ᎨᏒᎢ, ᎥᏝ ᎠᎴ ᏅᏩᏓᎴ ᎠᏁᎳᏅᎯ ᎨᏒᎢ, ᏰᎵ ᎢᏴᏛ ᎢᎬᏩᏁᏗ ᏱᎨᏎᏍᏗ ᎤᏁᎳᏅᎯ ᎢᎩᎨᏳᏒᎢ, ᎾᏍᎩ ᎦᎶᏁᏛ ᏥᏌ ᎤᎬᏫᏳᎯ ᎢᎦᏤᎵ ᏅᏓᏳᏓᎴᏅᎯ ᏥᎩ.

== Romans 9 ==
1. ᎤᏙᎯᏳᎯᏯ ᏥᏁᎦ ᎦᎶᏁᏛ ᎠᎦᏔᎲᎢ, ᎥᏝ ᏱᎦᏥᎪᎥᏍᎦ, ᎠᏆᏓᏅᏛ ᎾᏍᏉ ᎠᏉᎯᏳᏓᏁᎯ ᏂᎦᎵᏍᏗᎭ ᎦᎸᏉᏗᏳ ᎠᏓᏅᏙ ᎢᏳᏩᏂᏌᏛ,
2. ᎾᏍᎩ ᎤᏣᏘ ᎡᎯᏍᏗ ᎠᏆᏓᏅᏔᏩᏕᎬ ᎠᎴ ᏂᎪᎯᎸ ᎤᏲ ᎠᎩᏰᎸᏒ ᎠᎩᎾᏫᏱ.
3. ᎬᏆᏚᎸᏗᏉᏰᏃ ᎠᏋᏒ ᎨᏒ ᎥᎩᏍᎦᏨᎯ ᎢᏳᎵᏍᏙᏗᏱ ᎥᏆᏓᏓᎴᏙᏗᏱ ᎦᎶᏁᏛ ᎡᎲᎢ ᎦᏥᏍᏕᎵᏍᎬ ᎣᏣᏓᏅᏟ, ᎪᎱᏍᏗ ᏗᏋᏅ Ꭰ ᎤᏇᏓᎵ ᎨᏒᎢ;
4. ᎾᏍᎩ ᎢᏏᎵ ᏧᏁᏢᏔᏅᏛ ᏥᎩ; ᎾᏍᎩ ᎤᎾᏤᎵᎦ ᏥᎩ [ᎤᏁᎳᏅᎯ] ᏧᏪᏥ ᎢᎨᎬᏁᏗ ᎨᏒᎢ, ᎠᎴ ᎦᎸᏉᏗᏳ ᎨᏒᎢ, ᎠᎴ ᎧᏃᎮᏛ ᏓᏠᎯᏍᏛᎢ, ᎠᎴ ᏗᎧᎿᎭᏩᏛᏍᏗ ᎨᏥᏁᏗ ᎨᏒᎢ, ᎠᎴ ᎤᏁᎳᏅᎯ ᎤᏤᎵ ᏗᎦᎸᏫᏍᏓᏁᏗ ᎨᏒᎢ, ᎠᎴ ᎠᏚᎢᏍᏙᏗ ᎨᏒᎢ;
5. ᎾᏍᎩ ᏧᏂᏙᏓ ᏥᎩ ᎠᏂᎦᏴᎵᎨᎢ, ᎠᎴ ᎾᏍᎩ ᎠᏁᎲᎢ, Ꭰ ᎠᏇᏓᎵ ᎨᏒ ᏧᎷᏤ ᎦᎶᏁᏛ, ᎾᏍᎩ ᎤᏁᎳᏅᎯ ᏥᎩ, ᏄᏓᎴᏒ ᎤᎬᏫᏳᏌᏕᎩ, ᏫᎾᏍᏛᎾ ᎦᎸᏉᏙᏗ. ᎡᎹᏅ.
6. ᎥᏝ ᎠᏗᎾ ᎤᏁᎳᏅᎯ ᎤᏁᏨ ᎠᏎᏉᏉ ᏥᏄᎵᏍᏔᏃ ᎾᏍᎩᏯ [ᏱᏥᏁᎦ,] ᎥᏝᏰᏃ ᏂᎦᏛ ᎢᏏᎵ ᏱᎩ ᎾᏍᎩ ᎢᏏᎵ ᏧᏁᏢᏔᏅᏛ ᏥᎩ.
7. ᎥᏝ ᎠᎴ ᎡᏆᎭᎻ ᏧᏁᏢᏔᏅᏛ ᏥᎩ ᎾᏍᎩ ᏱᏅᏗᎦᎵᏍᏙᏗᎭ ᏂᎦᏛ ᏧᏪᏥ ᏱᎩ; ᎡᏏᎩᏉᏍᎩᏂ ᏚᏙᎥ ᎨᏥᏯᏅᏗᏍᎨᏍᏗ ᏣᏁᏢᏔᏅᎯ.
8. ᎾᏍᎩ ᏯᏛᏅ, ᎤᏇᏓᎵ ᎨᏒ ᎤᎾᏕᏔᏅᎯ ᎨᏒᎢ, ᎾᏍᎩ ᎯᎠ ᎥᏝ ᎤᏁᎳᏅᎯ ᏧᏪᏥ ᏱᎩ; ᎠᏚᎢᏍᏛᏍᎩᏂ ᎤᎾᏕᏔᏅᎯ ᎨᏒ ᎾᏍᎩ ᏧᏪᏥ ᏧᏰᎸᏗ.
9. ᎯᎠᏰᏃ ᏄᏍᏗ ᎤᎵᏁᏨ ᎠᏚᎢᏍᏛᎢ. ᎯᎠᏉ ᎢᏳ ᏓᏥᎷᏥ, ᎠᎴ ᏎᎵ ᏓᎦᎾᏄᎪᏫᏏ ᎠᏧᏣ.
10. ᎥᏝ ᎠᎴ ᎾᏍᎩᏉ ᏱᏄᏍᏗ; ᎵᏇᎩᏍᎩᏂ ᎾᏍᏉ ᎤᏁᎵᏨ, ᎾᏍᎩ ᎠᏏᏴᏫ ᎠᏥᏁᎵᏤᎸ, ᎾᏍᎩ ᎢᎩᏙᏓ ᎡᏏᎩ;
11. ᏗᏂᏲᎵᏰᏃ ᎠᏏ ᎾᎾᏕᎲᏍᎬᎾ ᎨᏎᎢ, ᎠᎴ ᎠᏏ ᎪᎱᏍᏗ ᎣᏍᏛ ᎠᎴ ᎤᏲᎢ ᎾᎾᏛᏁᎲᎾ ᎨᏎᎢ, ᎾᏍᎩ ᎤᏓᏅᏖᎸ ᎤᏁᎳᏅᎯ ᎾᏍᎩᏯ ᏧᏑᏰᏍᏗ ᎨᏒ ᎤᏲᎢᏍᏗ ᏂᎨᏒᎾ ᎢᏳᎵᏍᏙᏗᏱ, ᎥᏝ ᏚᏂᎸᏫᏍᏓᏁᎲ ᏅᏗᎦᎵᏍᏙᏗᏍᎬᎢ, ᎾᏍᎩᏯᏍᎩᏂ ᏗᏯᏂᏍᎩ ᎤᏓᏅᏖᎸᎢ;
12. ᎯᎠ ᎾᏥᏪᏎᎴᎢ, ᎤᏓᏂᎵᎨ ᏚᏁᎶᏕᏍᏗ ᎣᏂ ᎡᎯ;
13. ᎾᏍᎩᏯ ᎯᎠ ᏥᏂᎬᏅ ᏥᎪᏪᎳ, ᏤᎦᏈ ᎣᏏᏳ ᏥᏰᎸᏅ, ᎢᏐᏍᎩᏂ ᏥᏂᏆᏘᎸ.
14. ᎾᏍᎩᏃ ᏥᏄᏍᏗ ᎦᏙ ᏓᏓᏛᏂ? ᏥᎪ ᏂᏚᏳᎪᏛᎾ ᎨᏒ ᎤᏪᎭ ᎤᏁᎳᏅᎯ? ᎬᏩᏟᏍᏗ.
15. ᎣᏏᏰᏃ ᎯᎠ ᎾᏥᏪᏎᎭ, ᏥᏯᏙᎵᏍᏗ ᎨᏎᏍᏗ ᎾᏍᎩ Ꮎ ᏥᏯᏙᎵᎩ ᎨᎵᏍᎨᏍᏗ, ᎠᎴ ᎤᏪᏙᎵᏍᏗ ᏥᏯᏓᏅᏓᏗᏍᏗ ᎨᏎᏍᏗ ᎾᏍᎩ Ꮎ ᎤᏪᏙᎵᏍᏗ ᏥᏯᏓᏅᏓᏓ ᎨᎵᏍᎨᏍᏗ.
16. ᎾᏍᎩᏃ ᏥᏄᏍᏗ ᎥᏝ ᎩᎶ ᎤᏚᎸᎲ ᏱᏅᏗᎦᎵᏍᏙᏗᎭ, ᎥᏝ ᎠᎴ ᏚᏍᏆᎸᏔᏅ ᏱᏅᏗᎦᎵᏍᏙᏗᎭ, ᎤᎾᎳᏅᎯᏍᎩᏂ ᎤᏓᏅᏖᎸᎢ ᎾᏍᎩ ᏗᎦᏙᎵᎩ ᏥᎩ.
17. ᎪᏪᎵᎯᏰᏃ ᎯᎠ ᎾᏥᏪᏎ ᏇᏓᏲ, ᎾᏍᎩ ᎯᎠ ᏅᏗᎦᎵᏍᏙᏗᎭ ᏕᎬᏯᎴᏔᏅ, ᎾᏍᎩ ᎠᎩᎾᏄᎪᏫᏍᏗᏱ ᎠᏆᎵᏂᎩᏗᏳ ᎨᏒ ᏂᎯ ᎬᏴᏗᏍᎬᎢ, ᎠᎴ ᎾᏍᎩ ᎠᏴ ᏓᏆᏙᎥ ᏧᏃᏣᎶᎢᏍᏗᏱ ᎡᎶᎯ ᏂᎬᎾᏛᎢ.
18. ᎾᏍᎩ ᎢᏳᏍᏗ ᎦᏙᎵᎪ ᎾᏍᎩ Ꮎ ᏥᏯᏙᎵᎩ ᎡᎳ, ᎠᎴ ᎩᎶ ᏥᏍᏓᏱᏓ ᎡᎳ ᎠᏍᏓᏱᏗᏍᎪᎢ.
19. ᎯᎠ Ꭷ ᎨᎵ ᏅᏛᏍᎩᏪᏎᎵ, ᎦᏙᏃ ᎠᏏᏉ ᎡᏍᎦ ᎠᏰᎸᏍᎦ? ᎦᎪᏰᏃ ᏚᎦᏘᎴᏅ ᏄᏍᏛ ᎠᏓᏅᏖᏍᎬᎢ?
20. ᎠᏎᏃ ᏂᎯ ᏴᏫᏉ ᎦᎪ ᎢᏣᏍᏗ ᏥᏁᏤᎭ ᏕᎯᎦᏘᎴᎬ ᎤᏁᎳᏅᎯ? ᏥᎪ ᎪᎱᏍᏗ ᎠᏢᏅᎯ ᎯᎠ ᏅᏓᎦᏪᏎᎵ ᎾᏍᎩ ᎤᏬᏢᏅᎯ, ᎦᏙᏃ ᎾᏍᎩ ᎯᎠ ᏂᏍᏋᏁᎸ ᎢᏍᏉᏢᏅ?
21. ᏝᏍᎪ ᏗᏩᎵ ᏗᎪᏢᏍᎩ ᏳᎭ ᎠᏓᏅᏖᏍᎬ ᎢᏳᏩᏁᎵᏓᏍᏗᏱ ᎦᏓᏆᎳ, ᎾᏍᎩᏉ ᎦᎾᏆᎸᏒ ᎠᎬᎭᎸᏛ ᏌᏉ ᎠᏖᎵᏙ ᎤᏬᏢᏗᏱ ᎦᎸᏉᏙᏗ, ᏅᏩᏓᎴᏃ ᎦᎸᏉᏙᏗ ᏂᎨᏒᎾ?
22. [ᎦᏙᏃ ᏳᏍᏗ,] ᎢᏳᏃ ᎤᏁᎳᏅᎯ ᎤᏚᎵᏍᎬ ᎬᏂᎨᏒ ᎢᏳᏩᏁᏗᏱ ᎤᏔᎳᏬᎯᏍᏗ ᎨᏒᎢ, ᎠᎴ ᎤᎵᏂᎬᎬ ᎤᎾᏄᎪᏫᏍᏗᏱ, ᎬᏂᏗᏳ ᎨᏒ ᎬᏗᏍᎬ ᎪᎯᏗᏳ ᎤᏁᎳᎩ ᏱᏚᏪᎵᏎᎸ ᏗᏖᎵᏙ ᎤᏔᎳᏬᎯᏍᏗ ᎨᏒ ᏗᏟᏍᏗ, ᏗᏛᏅᎢᏍᏔᏅᎯ ᏗᏛᏙᏗᏱ;
23. ᎠᎴ ᎾᏍᎩ [ᎤᏚᎵᏍᎬ] ᎬᏂᎨᏒ ᎢᏳᏩᏁᏗᏱ ᎤᏤᎵ ᎤᏣᏔᏅᎯ ᎦᎸᏉᏗᏳ ᎨᏒ ᏕᎬᏗᏍᎬ ᏗᏖᎵᏙ ᎤᏓᏙᎵᏍᏗ ᎨᏒ ᏗᏟᏍᏗ, ᎾᏍᎩ ᏧᏛᏅᎢᏍᏔᏅᎯ ᏥᏂᎨᏎ ᎦᎸᏉᏗᏳ ᏗᎨᏒ ᏭᎾᏕᏗᏱ,
24. ᎾᏍᎩ ᎠᏴ, ᎢᎩᏯᏅᏛ ᏥᎩ, ᎥᏝ ᎠᏂᏧᏏᏉ ᎤᏅᏒ ᎠᏁᎲᎢ, ᎾᏍᏉᏍᎩᏂ ᏧᎾᏓᎴᏅᏛ ᏴᏫ ᎠᏁᎲᎢ;
25. ᎾᏍᎩᏯ ᎾᏍᏉ ᎯᎠ ᏥᏂᎦᏪ ᎰᏏᎠ ᎤᏬᏪᎸᎢ; ᏗᏆᏤᎵ ᏴᏫ ᎦᏥᏲᏎᎮᏍᏗ ᎾᏍᎩ Ꮎ ᏗᏆᏤᎵ ᏴᏫ ᏂᎨᏒᎾ ᏥᎨᏒᎩ; ᎠᎴ ᏥᎨᏳᎢ (ᏥᏲᏎᎮᏍᏗ,) ᎾᏍᎩ Ꮎ ᏥᎨᏳᎢ ᏂᎨᏒᎾ ᏥᎨᏒᎩ.
26. ᎠᎴ ᎯᎠ ᏅᏓᎦᎵᏍᏔᏂ, ᎾᎿᎭᏂ ᎯᎠ ᏂᎨᏥᏪᏎᎸᎢ, ᏂᎯ ᎥᏝ ᎠᏴ ᏗᏆᏤᎵ ᏴᏫ ᏱᎩ; ᎾᎿᎭᏂ ᎬᏂᏛ ᎤᏁᎳᏅᎯ ᏧᏪᏥ ᎨᎪᏎᎮᏍᏗ.
27. ᎢᏌᏯ ᎾᏍᏉ ᎯᎠ ᏂᎦᏪᎭ ᎢᏏᎵ ᏕᎧᏁᎢᏍᏗᏍᎬᎢ; ᎢᏏᎵ ᏧᏪᏥ ᎾᏍᏉ ᏃᏳ ᎠᎺᏉᎯ ᎦᎳᎨᏴ ᎾᏍᎩᏯ ᏱᏄᎾᏧᏈᏍᏗ, ᎤᎾᎵᏃᎯᏴᎯ ᎠᏎ ᎨᏥᏍᏕᎸᏗ ᎨᏎᏍᏗ.
28. ᏛᏍᏆᏗᏰᏃ ᏗᎦᎸᏫᏍᏓᏁᏗ ᎨᏒᎢ, ᎠᎴ ᏚᏳᎪᏛ ᎬᏗ ᎤᎵᏍᏗᏳ ᎾᏍᎩ ᏅᏛᏛᏁᎵ; ᎤᎵᏍᏗᏰᏃ ᏅᏛᏛᏁᎵ ᏄᏍᏛ ᏚᏭᎪᏔᏅ ᎡᎶᎯ.
29. ᎠᎴ ᎾᏍᎩᏯ ᎢᏌᏯ ᎦᏳᎳ ᎯᎠ ᏥᏄᏪᏐᎢ, ᎢᏳᏃ ᏱᎰᏩ ᎤᏂᏣᏘ ᏧᏓᏘᎾᎢ ᏂᎩᏃᎯᏰᎸᎾ ᏱᎨᏎ ᎤᎵᏃᎯᏴᎯ, ᏐᏓᎻᏉ ᏱᏗᏓᏤᎴᎢ, ᎠᎴ ᎪᎹᎵ ᏄᏍᏛ ᎾᏍᎩᏯ ᏱᏂᎦᏍᏕᎢ.
30. ᎾᏍᎩᏃ ᏥᏄᏍᏗ ᎦᏙ ᏓᏓᏛᏂ? ᎾᏍᎩ Ꮎ ᏧᎾᏓᎴᏅᏛ ᏴᏫ, ᎾᏍᎩ ᎠᏚᏓᎴᏍᏗ ᎨᏒ ᏄᏂᏍᏓᏩᏛᏒᎾ ᎨᏒ, ᎾᏍᎩ ᎠᏚᏓᎴᏍᏗ ᎨᏒ ᎤᏂᏩᏛᎲ, ᎾᏍᎩ ᎪᎯᏳᏗ ᎨᏒ ᎠᏚᏓᎴᏍᏙᏗ ᏥᎩ.
31. ᎢᏏᎵᏍᎩᏂ ᎤᏂᏍᏓᏩᏛᏛ ᏗᎧᎿᎭᏩᏛᏍᏗ ᎠᏚᏓᎴᏍᏙᏗ ᎨᏒᎢ, ᎾᏍᎩ ᎥᏝ ᏳᏂᏩᏛᎲ ᏗᎧᎿᎭᏩᏛᏍᏗ ᎠᏚᏓᎴᏍᏙᏗ ᎨᏒᎢ.
32. ᎦᏙᏃ? ᏅᏗᎦᎵᏍᏙᏗᎭ ᎾᏍᎩ ᎪᎯᏳᏗ ᎨᏒ ᏄᏅᏔᏅᎾ ᎨᏒᎢ, ᏗᎧᎿᎭᏩᏛᏍᏗᏍᎩᏂ ᏂᎦᏪᏍᎬ ᎢᏯᏛᏁᏗ ᎨᏒ ᎤᏅᏔᏅᎢ; ᏚᏃᏕᏍᏔᏁᏰᏃ ᎾᏍᎩ Ꮎ ᏅᏯ ᏗᏓᏙᏕᎯᎯ ᎨᏒᎢ;
33. ᎾᏍᎩᏯ ᎯᎠ ᏥᏂᎬᏅ ᏥᎦᏪᎳ, ᎬᏂᏳᏉ ᏌᏯᏂ ᏓᏥᏂ ᏅᏯ ᏗᏓᏙᏕᎯᎯ, ᎠᎴ ᏅᏯ ᎠᏓᎿᎭᏍᏆᎶᏍᏗᏍᎩ; ᎠᎴ ᎩᎶ ᎪᎯᏳᎲᏍᎨᏍᏗ ᎾᏍᎩ ᎥᏝ ᎤᏕᎰᎯᏍᏗ ᏱᎨᏎᏍᏗ.

== Romans 10 ==
1. ᎢᏓᎵᏅᏟ, ᎠᎩᎾᏫᏱ ᎢᏴᏛ ᎠᏆᏚᎵᎭ, ᎠᎴ ᏥᏯᏓᏙᎵᏍᏓᏁᎭ ᎤᏁᎳᏅᎯ ᎢᏏᎵ ᎤᎬᏩᎵ, ᎾᏍᎩ ᎨᏥᏍᏕᎸᏗᏱ.
2. ᎦᏥᏲᎢᏳᏓᏁᎯᏰᏃ ᎾᏍᎩ ᎤᏣᏘ ᎤᎾᏚᎵᏍᎬ ᎤᏁᎳᏅᎯ ᎪᎱᏍᏗ ᎤᎾᏛᏁᏗᏱ; ᎠᏎᏃ ᎥᏝ ᎠᎦᏙᎮᎯᏍᏗ ᎨᏒ ᏯᏅᏗᎭ.
3. ᎾᏂᎦᏔᎲᎾᏰᏃ ᎨᏒ ᏄᏍᏛ ᎤᏁᎳᏅᎯ ᎤᏓᏚᏓᎴᏍᏙᏗ ᎨᏒᎢ, ᎠᎴ ᎠᎾᏟᏂᎬᏁᎲ ᎤᏂᏍᏓᏱᏗᏍᏗᏱ ᎤᏅᏒ ᎤᎾᏤᎵ ᎤᎾᏚᏓᎴᏍᏙᏗ ᎨᏒᎢ, ᎥᏝ ᏧᎾᏓᏲᎯᏎᎸᎯ ᏱᎩ ᎤᏁᎳᏅᎯ ᎤᏓᏚᏓᎴᏍᏙᏗ ᎨᏒᎢ.
4. ᏗᎧᎿᎭᏩᏛᏍᏗᏰᏃ ᎤᎬᏩᎴ ᎦᎶᏁᏛ ᎤᎾᏚᏓᎴᏍᏙᏗᏱ ᎾᏂᎥ ᎠᏃᎯᏳᎲᏍᎩ.
5. ᎼᏏᏰᏃ ᎧᏃᎮᎭ ᏄᏍᏛ ᎤᏓᏚᏓᎴᏍᏙᏗ ᎨᏒ ᏗᎧᎿᎭᏩᏛᏍᏗ, ᎯᎠ ᏥᏂᎦᏪᎭ, ᎩᎶ ᏴᏫ ᎾᏍᎩ ᎾᏛᏁᎮᏍᏗ ᎬᏂᏛ ᎠᏩᏛᏗᏍᎨᏍᏗ.
6. ᎪᎯᏳᏗᏍᎩᏂ ᎠᏚᏓᎴᏍᏙᏗ ᎨᏒ ᎯᎠ ᏂᎦᏪᎭ, ᏞᏍᏗ ᏣᎾᏫᏱ ᎯᎠ ᏱᏂᏪᏍᎨᏍᏗ, ᎦᎪ ᎦᎸᎶᎢ ᏓᏰᏏ? (ᎾᏍᎩ ᎦᎶᏁᏛ ᎠᎦᏠᎥᏙᏗᏱ;)
7. ᎠᎴ ᎦᎪ ᎠᏍᏛᎩ ᎨᏒ ᏮᏓᎦᎶᏏ? (ᎾᏍᎩ ᎦᎶᏁᏛ ᎤᏲᎱᏒ ᏧᎴᏙᏗᏱ;)
8. ᎠᏎᏃ ᎦᏙ ᎠᏗᎭ? ᎧᏃᎮᏛ ᎮᎲ ᎾᎥᏂᏳ ᏄᏍᏗᏕᎦ, ᎾᏍᎩ ᎯᎰᎵᏉ, ᎠᎴ ᏣᎾᏫᏱᏉ ᎡᎭ; ᎾᏍᎩ ᎯᎠ ᎧᏃᎮᏛ ᎪᎯᏳᏗ ᎨᏒ ᎧᏃᎮᏍᎩ, ᎾᏍᎩ ᎠᏴ ᏦᏣᎵᏥᏙᎲᏍᎦ;
9. ᎾᏍᎩ ᎢᏳᏃ ᎯᎰᎵ ᏱᏨᏔᏅ ᎬᏂᎨᏒ ᏱᏂᏴᏁᎸ ᎤᎬᏫᏳᎯ ᏥᏌ, ᎠᎴ ᏣᎾᏫᏱ ᎢᏴᏛ ᏱᏦᎯᏳᏅ ᎤᏁᎳᏅᎯ ᏕᎤᎴᏔᏅ ᎤᏲᎱᏒᎢ, ᎠᏎ ᎡᏣᏍᏕᎸᏗ ᎨᏎᏍᏗ.
10. ᎣᎾᏫᏰᏃ ᎬᏗ ᎠᎪᎯᏳᎲᏍᎪ ᎣᏚᏓᎴᏍᏗ ᏂᎦᎵᏍᏔᏂᎦ; ᎠᎴ ᎥᎰᎵ ᎬᏗ ᎬᏂᎨᏒ ᎾᎬᏁᎰ ᎥᏓᏗᏍᏕᎸᏗ ᏂᎦᎵᏍᏔᏂᎦ.
11. ᎪᏪᎵᏰᏃ ᎯᎠ ᏂᎦᏪᎭ, ᎩᎶ ᎾᏍᎩ ᎪᎯᏳᎲᏍᎨᏍᏗ ᎥᏝ ᎤᏕᎰᎯᏍᏗ ᏱᎨᏎᏍᏗ.
12. ᎥᏝᏰᏃ ᏱᏚᎾᏓᎴᎾᎠ ᎠᏂᏧᏏ ᎠᏃ ᎠᏂᎪᎢ; ᎾᏍᎩᏉᏰᏃ ᎤᎬᏫᏳᎯ ᎾᏂᎥ ᎤᎾᏤᎵᎦ ᎤᏣᏘ ᎤᏪᎿᎭᎢᏳ ᏧᏍᏕᎸᏗᏱ ᎾᏂᎥ ᎬᏩᏓᏙᎵᏍᏓᏁᎯ.
13. ᎾᏂᎥᏉᏰᏃ ᎩᎶ ᎠᎾᏓᏙᎵᏍᏗᏍᎨᏍᏗ ᏚᏙᎥ ᎤᎬᏫᏳᎯ ᎠᏂᏁᎢᏍᏗᏍᎨᏍᏗ ᎨᏥᏍᏕᎸᏗ ᎨᏎᏍᏗ.
14. ᎦᏙᏃ ᏱᎦᎵᏍᏙᏓ ᏯᎾᏓᏙᎵᏍᏓᏏ ᎩᎶ ᏄᏃᎯᏳᏒᎾ ᏱᎩ ᎡᎲᎢ? ᎠᎴ ᎦᏙ ᏱᎦᎵᏍᏙᏓ ᏯᏃᎯᏳᎲᎦ ᎩᎶ ᎡᎲ ᎾᏍᎩ ᎤᎾᏛᎦᏅᎯ ᏂᎨᏒᎾ ᏱᎩ ᎡᎲᎢ? ᎠᎴ ᎦᏙ ᏱᎦᎵᏍᏙᏓ ᏯᎾᏛᎬᎦ ᎩᎶ ᎠᎵᏥᏙᎲᏍᎩ ᏄᏁᎲᎾ ᏱᎩ?
15. ᎠᎴ ᎦᏙ ᏱᎦᎵᏍᏙᏓ ᏯᎾᎵᏥᏙᎲᎦ ᎢᏳᏃ ᏂᎨᏥᏅᏒᎾ ᏱᎩ? ᎾᏍᎩᏯ ᎯᎠ ᏥᏂᎬᏅ ᏥᎪᏪᎳ, ᏂᏚᏬᏚᎭ ᏧᎾᎳᏏᏕᏂ ᎾᏍᎩ Ꮎ ᎣᏍᏛ ᎧᏃᎮᏛ ᏅᏩᏙᎯᏯᏛ ᎠᏓᏁᎯ ᎠᎾᎵᏥᏙᎲᏍᎩ, ᎣᏍᏛ ᎧᏃᎮᏛ ᎠᎾᎵᏥᏙᎲᏍᎩ ᎾᏍᎩ ᎣᏍᏛ ᎤᎬᏩᎵ ᎨᏒᎢ.
16. ᎠᏎᏃ ᎥᏝ ᎾᏂᎥ ᎤᏃᎯᏳᏅᎯ ᏱᎩ ᎣᏍᏛ ᎧᏃᎮᏛ. ᎢᏌᏯᏰᏃ ᎯᎠ ᏂᎦᏪᎭ, ᏱᎰᏩ, ᎦᎪ ᎤᏬᎯᏳᏅ ᎣᏥᏃᎮᏍᎬᎢ?
17. ᎾᏍᎩᏃ ᎯᎠ ᏥᏄᏍᏗ ᎪᎯᏳᏗ ᎨᏒ ᎠᏛᎪᏗᏱ ᏗᏓᎴᎲᏍᎦ, ᎠᏛᎪᏗᏱᏃ ᎤᏁᎳᏅᎯ ᎤᏤᎵ ᎧᏃᎮᏛ ᏗᏓᎴᎲᏍᎦ.
18. ᎠᏎᏃ ᎠᏴ ᎯᎠ ᏂᏥᏪᎭ, ᏝᏍᎪ ᏳᎾᏛᎦᏅ? ᎥᎥ, ᎤᏙᎯᏳᎯ, ᎤᎾᏓᏃᏴᎵᏍᏛ ᏚᏰᎵᏒ ᎡᎳᏂᎬᎢ, ᎠᎴ ᎠᏂᏬᏂᏍᎬ ᎡᎶᎯ ᏩᏍᏛ ᎢᏴᏛ ᏚᏰᎵᏒ.
19. ᎠᏎᏃ ᎠᏴ ᏂᏥᏪᎭ, ᏝᏍᎪ ᏯᏂᎦᏔᎮ ᎢᏏᎵ? ᎢᎬᏱ ᎨᏒ ᎼᏏ ᎯᎠ ᏂᎦᏪᎭ, ᎢᏣᏛᏳᎨᏗᏱ ᏅᏓᏨᏴᏁᎵ ᏓᎦᏥᏴᏔᏂ ᎾᏍᎩ Ꮎ ᎠᏰᎵ ᎤᏃᏢᎯ ᏂᎨᏒᎾ ᎨᏒᎢ, ᎠᎴ ᏄᎾᏓᏅᏛᎾ ᏴᏫ ᎦᏥᏴᏗᏍᎬ ᏓᏨᎾᎸᏍᏔᏂ.
20. ᎠᏎᏃ ᎢᏌᏯ ᏂᎦᎾᏰᏍᎬᎾ ᎯᎠ ᏂᎦᏪᎭ, ᎬᎩᏩᏛᎲᎩ ᎾᏍᎩ Ꮎ ᏂᎬᎩᏲᎸᎾ ᎨᏒᎢ; ᎬᏂᎨᏒ ᏂᎬᏋᏁᎸᎩ ᎠᏁᎲ ᎾᏍᎩ Ꮎ ᎾᎾᏛᏛᎲᏍᎬᎾ ᎨᏒ ᎨᎥᎢ.
21. ᎢᏏᎵᏍᎩᏂ ᎯᎠ ᏂᏕᎦᏪᏎᎭ, ᎤᏙᏓᏆᏛ ᏓᏆᏎᎵᏛᎩ ᎦᏥᏯᏂᏍᎬ ᏄᏃᎯᏳᏒᎾ ᎠᎴ ᎤᏂᎪᏁᎶᎯᏌᏘ ᏴᏫ.

== Romans 11 ==
1. ᎾᏍᎩᏃ ᎯᎠ ᏂᏥᏪᎭ, ᏥᎪ ᎤᏁᎳᏅᎯ ᎢᏴᏛ ᏂᏚᏩᏁᎸ ᏧᏤᎵ ᏴᏫ? ᎬᏩᏟᏍᏗ. ᎠᏴᏰᏃ ᎾᏍᏉ ᏥᎢᏏᎵ, ᎡᏆᎭᎻ ᎤᏁᏢᏔᏅᏛ ᏅᏛᏆᏓᎴᏅᎯ, ᏇᏂ ᎠᏂᎳᏍᏓᎸ ᎨᎳ.
2. ᎤᏁᎳᏅᎯ ᎥᏝ ᎢᏴᏛ ᏱᏂᏚᏩᏁᎸ ᏧᏤᎵ ᏴᏫ ᎾᏍᎩ ᎦᏳᎳ ᏥᏂᏓᎦᏔᎰᎢ. ᏝᏍᎪ ᏱᏥᎦᏔᎭ ᏂᎦᏪᏍᎬ ᎪᏪᎵ ᎾᎿᎭᎢᎳᏯ ᎠᏥᏃᎮᏍᎬᎢ? ᎾᏍᎩ ᎠᏔᏲᎯᎲ ᏕᎠᏡᏗᏍᎬ ᎢᏏᎵ ᎯᎠ ᏂᎦᏪᏍᎬᎢ,
3. ᏱᎰᏩ, ᏕᏅᏂᎸ ᏗᏣᏤᎵ ᎠᎾᏙᎴᎰᏍᎩ, ᎠᎴ ᎠᏥᎸ ᏗᎨᎳᏍᏗᏱ ᏗᏣᏤᎵ ᏚᏂᏲᏍᏔᏅ; ᎠᎴ ᎠᏋᏒᎯᏳ ᎠᏆᎵᏃᎯᏴ, ᎠᎴ ᎠᏴ ᎬᎩᎯᏍᏗᏱ ᎤᏂᏲᎭ.
4. ᎠᏎᏃ ᎦᏙ ᎠᏗᎭ ᎤᏁᎳᏅᎯ ᎤᏬᎯᎵᏴᏍᏓᏁᎲᎢ? ᎬᏆᎵᏃᎯᏰᏗᏱ ᎾᏋᏁᎸ ᎦᎵᏉᎩ ᎢᏯᎦᏴᎵ ᎢᏯᏂᏛ ᎠᏂᏍᎦᏯ ᎾᏍᎩ ᏂᏚᎾᎵᏂᏆᏅᏁᎸᎾ ᏇᎠᎵ.
5. ᎾᏍᎩᏯᏃ ᎾᏍᏉ ᎪᎯ ᎨᏒᎢ ᎤᎾᎵᏃᎯᏴᎯ ᎠᏁᎭ ᎾᏍᎩᏯ ᎬᏩᎦᏘᏯ ᎤᏓᏙᎵᏍᏗ ᎨᏒ ᎤᏩᏔᏅ ᏚᏑᏰᏒᎢ.
6. ᎢᏳᏃ ᎬᏩᎦᏘᏯ ᎤᏓᏙᎵᏍᏗ ᎨᏒ ᎢᏳᏩᏂᏌᏅᎯ ᏱᎩ; ᎿᎭᏉ ᎥᏝ ᏗᎦᎸᏫᏍᏓᏁᏗ ᎨᏒ ᎢᏳᏩᏂᏌᏅᎯ ᏱᎩ; ᎢᏳᏃ ᎾᏍᎩ ᏱᏄᏍᏗ, ᎬᏩᎦᏘᏯ ᎤᏓᏙᎵᏍᏗ ᎨᏒ ᎥᏝ ᎿᎭᏉ ᎬᏩᎦᏘᏯ ᎤᏓᏙᎵᏍᏗ ᎨᏒ ᏱᎦᎩ. ᎢᏳᏍᎩᏂ ᏗᎦᎸᏫᏍᏓᏁᏗ ᎨᏒ ᎢᏳᏩᏂᏌᏅᎯ ᏱᎩ, ᎿᎭᏉ ᎥᏝ ᎬᏩᎦᏘᏯ ᎤᏓᏙᎵᏍᏗ ᎨᏒ ᎢᏳᏩᏂᏌᏅᎯ ᏱᎩ; ᎢᏳᏃ ᎾᏍᎩ ᏱᏄᏍᏗ, ᏗᎦᎸᏫᏍᏓᏁᏗ ᎨᏒ ᎥᏝ ᎿᎭᏉ ᏗᎦᎸᏫᏍᏓᏁᏗ ᎨᏒ ᏱᎦᎩ.
7. ᎦᏙᏃ [ᏫᎬᏛᏗ ᏂᎦᎵᏍᏗᎭ?] ᎢᏏᎵ ᎥᏝ ᏳᏩᏛᎲ ᎾᏍᎩ ᏧᏲᎲᎩ; ᎨᎦᏑᏰᏛᏍᎩᏂ ᎨᏒ ᎤᏂᏩᏛᎲ, ᎠᏂᏐᎢᏃ ᏚᏂᎫᏏᏲᏨᎩ.
8. ᎾᏍᎩᏯ ᎯᎠ ᏥᏂᎬᏅ ᏥᎪᏪᎳ, ᎤᏁᎳᏅᎯ ᏚᏁᎸ ᎠᏓᎵᏔᏗᏍᎩ ᎠᏓᏅᏙ, ᎠᎴ ᏗᏂᎦᏙᎵ ᏗᎬᏩᏂᎪᏩᏛᏙᏗ ᏂᎨᏒᎾ, ᎠᎴ ᏗᏂᎴᏂ ᏗᎬᏩᎾᏛᎪᏙᏗ ᏂᎨᏒᎾ, ᎪᎯ ᎨᏒ ᎢᏯᏍᏗ.
9. ᎠᎴ ᏕᏫ ᎯᎠ ᏂᎦᏪᎭ, ᎠᎵᏍᏓᏴᏗᏱ ᎤᏂᏍᎩᎸ ᎤᏁᏍᎩ, ᎠᎴ ᎤᏂᏌᏛᎥᏍᎩ, ᎠᎴ ᏧᏃᏕᎯᎯ, ᎠᎴ ᎤᏂᏍᏛᏗᏍᏙᏗ ᏫᏄᎾᎵᏍᏓᏏ;
10. ᏗᏂᎦᏙᎵ ᏫᏗᎨᎦᎵᏏᎲᏍᏓᏏ, ᎾᏍᎩ ᎤᏂᎪᏩᏛᏗᏱ ᏂᎨᏒᎾ, ᎠᎴ ᏂᎪᎯᎸ ᏚᎾᏗᏌᏓᏕᎨᏍᏗ.
11. ᎯᎠ ᎠᏗᎾ ᏂᏥᏪᎭ, ᏥᎪ ᏚᏃᏕᎸ ᏰᎵ ᏧᏂᏅᎢᏍᏗᏱ ᎠᏰᎸᏎᎢ? ᎬᏩᏟᏍᏗ; ᎾᏍᎩᏍᎩᏂ ᏚᏂᏅᏨ ᏄᏩᏂᏌᏅ ᎠᎵᏍᏕᎸᏙᏗ ᎨᏒ ᎤᏂᎷᏤᎸ ᏧᎾᏓᎴᏅᏛ ᏴᏫ, ᎾᏍᎩ ᎤᎾᏛᏳᎨᏗᏱ ᎢᏳᏅᏂᏐᏗᏱ.
12. ᎢᏳᏃ ᎾᏍᎩ ᏚᏂᏅᏨ ᎤᏁᏅᎢᏍᏗᏍᎩ ᏱᎩ ᎡᎶᎯ, ᎠᎴ ᎾᏍᎩ ᎡᏍᎦ ᏄᎾᎵᏍᏓᏁᎲ ᎤᏁᏅᎢᏍᏗᏍᎩ ᏱᎩ ᏧᎾᏓᎴᏅᏛ ᏴᏫ, ᏂᎦᎥ ᎤᎶᏒᏍᏕᏍᏗ ᎠᏂᎧᎵᏨᎭ.
13. ᏂᎯᏰᏃ ᎢᏨᏬᏁᏗᎭ ᏗᏣᏓᎴᏅᏛ ᏴᏫ, ᏅᏗᎦᎵᏍᏙᏗᎭ ᎠᏴ ᎥᎩᏅᏏᏛ ᎨᏒ ᏧᎾᏓᎴᏅᏛ ᏴᏫ ᎦᏥᏯᎵᏥᏙᏁᏗᏱ, ᏥᎸᏉᏗᎭ ᏄᏍᏛ ᎥᏆᏒᎦᎶᏛᎢ;
14. ᎾᏍᎩ ᎢᏳᏃ ᏰᎵ ᎢᎬᏆᏛᏁᏗ ᏱᎩ, ᎾᏍᎩ ᎢᏯᏋᏂᏐᏗᏱ ᎤᎾᏟᏂᎬᏁᏗᏱ ᎣᎩᏠᏱ ᎨᏒᎢ, ᎠᎴ ᎾᏍᎩ ᎢᎦᏛ ᎦᏥᏍᏕᎸᏗᏱ.
15. ᎢᏳᏰᏃ ᎾᏍᎩ ᎨᏥᏐᏅᎢᏍᏔᏅᎢ ᎤᏃᎯᏍᏓᏁᎯ ᏱᏂᎦᎵᏍᏗ ᎡᎶᎯ, ᎦᏙ ᎤᎵᏍᏙᏗ ᎨᏎᏍᏗ ᏕᎨᎦᏓᏂᎸᏨᎭ, ᏚᏂᏲᎱᏒᏍᎩᏂ ᏚᎾᎴᎯᏌᏅ ᎨᏎᏍᏗ.
16. ᎢᏳᏰᏃ ᎢᎬᏱᏱ ᎤᎬᏛᎾᏨᎯ ᎦᎸᏉᏗᏳ ᏱᎩ, ᏂᎦᏛ ᎾᏍᏉ [ᎦᎸᏉᏗᏳ;] ᎢᏳ ᎠᎴ ᏚᎿᎭᏍᏕᏢ ᎦᎸᏉᏗᏳ ᏱᎩ, ᎾᏍᎩᏯ ᎾᏍᏉ ᏚᏩᏂᎦᎸᎢ.
17. ᎢᏳᏃ ᏚᏩᏂᎦᎸ ᎢᎦᏛ ᏱᏗᎬᏂᎦᎴᏒ, ᏂᎯᏃ ᎢᎾᎨ-ᎮᎯ ᎣᎵᏩ ᏡᎬ ᎾᎿᎭᏱᏫᏰᏣᏱᏢᏔᏅ, ᎠᎴ ᎾᏍᎩᏯ ᎤᎾᎵᏍᏕᎶᏛ ᏱᏤᎳᏗᏍᏗ ᏱᏣᎵᏍᏕᎸᏗ ᏚᎿᎭᏍᏕᏢ ᎠᎴ ᎦᎵᏦᏅ ᎣᎵᏩ ᏡᎬᎢ;
18. ᏞᏍᏗ ᏱᏔᏢᏈᏎᎮᏍᏗ ᏚᏩᏂᎦᎸᎢ. ᎢᏳᏍᎩᏂ ᏯᏢᏈᏍᎦ, ᎥᏝ ᏂᎯ ᏚᎿᎭᏍᏕᏢ ᏱᏘᎾᏄᎪᏫᏍᎦ, ᏚᎿᎭᏍᏕᏢᏍᎩᏂ ᏂᎯ ᎨᏣᎾᏄᎪᏫᏍᎦ.
19. ᎯᎠ ᎠᏗᎾ ᎨᎵ ᏅᏛᎯᏪᏏ, ᏚᏩᏂᎦᎸ ᏚᏅᏂᎦᎸᎲᎩ, ᎾᏍᎩ ᎠᏴ ᎥᏋᏱᏢᏗᏱ ᎾᎿᎭᏂ.
20. ᎤᏙᎯᏳᎯ; ᏄᏃᎯᏳᏒᎾ ᎨᏒ ᏅᏓᏳᎵᏍᏙᏔᏅᎩ ᏕᎨᏥᏂᎦᎸᎲᎩ; ᎠᎴ ᏂᎯ ᏥᏙᎦ ᏦᎯᏳᏒ ᏂᎬᏂᏏᎭ. ᏞᏍᏗᏉ ᎤᏟ ᏱᏣᏤᎸᏎᏍᏗ, ᎯᎾᏰᏍᎨᏍᏗᏍᎩᏂ;
21. ᎢᏳᏰᏃ ᎤᏁᎳᏅᎯ ᏂᏚᎨᏳᏅᎾ ᏱᎩ ᏅᏁᎯᏯ ᏚᏩᏂᎦᎸᎢ, ᏂᎯ ᎾᏍᏉ ᏂᏣᎨᏳᏅᎾᏉ ᏱᎩ.
22. ᎾᏍᎩ ᎢᏳᏍᏗ ᎭᎦᏌᏯᏍᏓ ᎤᏓᏅᏖᏳ ᎨᏒ ᎠᎴ ᎠᏍᏓᏱᏳ ᎨᏒ ᎤᏁᎳᏅᎯ; ᎠᏍᏓᏱᏳ ᏂᏕᎬᏁᎲ ᎾᏍᎩ Ꮎ ᏧᏂᏅᏨᎯ; ᏂᎯᏍᎩᏂ ᎤᏓᏅᏘᏳ ᎨᏒ ᏣᎾᏄᎪᏫᏎᎲᎢ; ᎢᏳᏃ ᏱᏅᏩᏍᏗᏗ ᏕᏣᏂᏴᏒ ᎤᏓᏅᏘᏳ ᎨᏒᎢ; ᎥᏝᏰᏃ ᎾᏍᎩ ᏂᎯ ᎾᏍᏉ ᎡᏨᎾᎦᎴᏍᏗ ᎨᏎᏍᏗ.
23. ᎠᎴ ᎾᏍᎩ Ꮎ ᎾᏍᏉ, ᎢᏳᏃ ᎢᎬᏩᏍᏗᎭᏉ ᏂᎨᏒᎾ ᎢᎨᏎᏍᏗ ᏄᏃᎯᏳᏒᎾ ᎨᏒᎢ, ᎨᏥᏱᏢᏗ ᎨᏎᏍᏗ; ᎤᏁᎳᏅᎯᏰᏃ ᏰᎵᏉ ᏔᎵᏁ ᏗᎬᏩᏱᏢᏗ.
24. ᎢᏳᏰᏃ ᏂᎯ ᎢᎾᎨ ᎡᎯᏯ ᎣᎵᏩ ᏡᎬ ᏨᏱᏢᏅᎯ ᏱᎩ, ᎠᎴ ᎾᎿᎭᎮᎯᏯ ᏂᎨᏒᎾ ᎨᏒ ᎣᏍᏛ ᎣᎵᏩ ᏡᎬ ᏰᏨᏱᏢᏅ, ᎤᏟᎯᏳᏍᎩᏂ ᎠᎯᏘᏳ ᎾᏍᎩ Ꮎ ᎾᎿᎭᎠᏁᎯᏯ ᏥᎩ, ᎨᏥᏱᏢᏗ ᎾᎿᎭᎤᏅᏒ ᎤᎾᏤᎵᎦᏯ ᎣᎵᏩ ᏡᎬᎢ.
25. ᎥᏝᏰᏃ ᏯᏆᏚᎵ, ᎢᏓᎵᏅᏟ, ᏂᏥᎦᏔᎲᎾᏉ ᎢᏳᎵᏍᏙᏗᏱ ᎯᎠ ᎾᏍᎩ ᎤᏕᎵᏛ ᎨᏒᎢ, (ᎢᏥᎦᏔᎾᎢᏉᏰᏃ ᏱᏅᏣᎵᏍᏓ ᎢᏨᏒ ᎢᏣᏓᏅᏖᏍᎬᎢ,) ᎾᏍᎩ ᎠᎫᏏᏲᎢᏍᏗ ᎨᏒ ᎤᏂᎷᏤᎸ ᎢᎦᏛ ᎢᏏᎵ, ᎬᏂ ᎤᏂᏣᏘ ᎨᏒ ᏧᎾᏓᎴᏅᏛ ᏴᏫ ᎤᏂᏴᎸᎯ ᎨᏎᏍᏗ,
26. ᎾᏍᎩᏃ ᏅᏓᎦᎵᏍᏔᏂ ᏂᎦᏗᏳ ᎢᏏᎵ ᎨᏥᏍᏕᎸᏗ ᎨᏎᏍᏗ; ᎾᏍᎩᏯ ᎯᎠ ᏥᏂᎬᏅ ᏥᎪᏪᎳ, ᏌᏯᏂ ᏅᏓᏳᏓᎴᏅᎯ ᏓᎦᎷᏥ ᏗᎫᏓᎴᏍᎩ, ᎠᎴ ᎢᏴᏛ ᏅᏓᎬᏁᎵ ᎤᏁᎳᏅᎯ ᏄᏂᎸᏉᏛᎾ ᎨᏒ ᎢᎦᏈ ᎤᏪᎲᎢ.
27. ᎯᎠᏰᏃ ᎾᏍᎩ ᏄᏍᏗ ᎧᏃᎮᏛ ᏕᎦᏥᏯᏠᎢᏍᏓᏁᎸᎢ, ᎾᎯᏳ ᎦᏥᎥᎡᏗ ᏂᎦᎵᏍᏔᏅᎭ ᎤᏂᏍᎦᏅᏨᎢ.
28. ᎣᏍᏛᏃ ᎧᏃᎮᏛ ᎤᎬᏩᎵ ᎨᏒᎢ, ᎨᏥᏍᎦᎩ ᏄᎾᎵᏍᏔᏅ ᏂᎯ ᎨᏒ ᏅᏗᎦᎵᏍᏙᏗᎭ; ᏓᏑᏰᏍᎬᏍᎩᏂ ᎤᎬᏩᎵ, ᎨᏥᎨᏳᎭ ᎠᏂᎦᏴᎵᎨ ᎨᏒ ᏅᏗᎦᎵᏍᏙᏗᎭ.
29. ᎤᏁᎳᏅᎯᏰᏃ ᎤᏓᏁᏗ ᎨᏒ ᎠᎴ ᎤᏓᏯᏅᏗ ᎨᏒ ᏝᏉ ᎤᏰᎸᏗ ᏂᎨᏒᎾ ᎨᏐᎢ.
30. ᏂᎯᏰᏃ ᏧᏩᎫᏔᏅᏒ ᏁᏦᎢᏳᏒᎾ ᏥᎨᏒᎩ ᎤᏁᎳᏅᎯ, ᎠᏎᏃ ᎪᎯ ᎡᏥᏙᎵᏨᎯ ᎢᎩ ᏅᏗᎦᎵᏍᏙᏗᎭ ᎾᏍᎩ ᏄᏃᎯᏳᏒᎾ ᎨᏒᎢ;
31. ᎾᏍᎩᏯ ᎾᏍᏉ ᎾᏍᎩ ᎯᎠ ᎪᎯ ᎨᏒ ᎥᏝ ᏳᏃᎯᏳᏅ, ᎾᏍᎩ ᎤᏓᏙᎵᏍᏗ ᎨᏒ ᎢᏣᏤᎵ ᎢᏳᏩᏂᏐᏗᏱ ᎾᏍᎩ ᎾᏍᏉ ᎨᏥᏙᎵᏍᏗ ᎢᏳᎵᏍᏙᏗᏱ.
32. ᎤᏁᎳᏅᎯᏰᏃ ᏚᏭᎪᏔᏅ ᏂᎦᏗᏳ ᏄᏃᎯᏳᏒᎾ ᎨᏒᎢ, ᎾᏍᎩ ᏂᎦᏗᏳ ᏧᏪᏙᎵᏍᏗ ᎢᏳᎵᏍᏙᏗᏱ.
33. ᎾᏎᏫᏂᏴ ᎤᏣᏔᏅᎯ ᎠᎦᏙᏌᏂᏳ ᎨᏒ ᎠᎴ ᎠᎦᏔᎾᎢᏳ ᎨᏒ ᎤᏁᎳᏅᎯ! ᏂᎦᎥᏉ ᎬᎪᎵᏰᏗ ᏂᎨᏒᎾ ᏄᏍᏛ ᏕᎫᎪᏗᏍᎬᎢ, ᎠᎴ ᎤᏪᏓᏍᏗᏱ ᎨᏒ ᎦᎪᎷᏩᏛᏗ ᏂᎨᏒᎾ!
34. ᎦᎪᏰᏃ ᎤᎦᏙᎥᏐ ᏄᏍᏛ ᎤᏓᏅᏛ ᏱᎰᏩ? ᎠᎴ ᎦᎪ ᎤᎾᏖᏆᎶᏃ ᎤᎾᏓᏅᏖᎶᎢ?
35. ᎠᎴ ᎦᎪ ᏚᏓᎴᏅᏔᏅ ᎤᏁᎸ, ᎠᎴ ᏔᎵᏁ ᏛᎠᎦᎫᏴᎡᎵ?
36. ᎾᏍᎩᏰᏃ ᎨᏒ ᏅᏓᏳᏓᎴᏅᎯ ᏂᎦᏗᏳ ᏧᏓᎴᏅᏛ, ᎠᎴ ᎾᏍᎩ ᎢᏳᏩᏂᏌᏛ, ᎠᎴ ᎾᏍᎩ ᎤᎬᏩᎳ; [ᎠᎴ] ᎾᏍᎩ ᎦᎸᏉᏙᏗ ᎨᏎᏍᏗ ᏂᎪᎯᎸᎢ. ᎡᎺᏅ.

== Romans 12 ==
1. ᎾᏍᎩ ᎢᏳᏍᏗ, ᎢᏓᎵᏅᏟ, ᎢᏨᏍᏗᏰᏗᎭ ᎤᏁᎳᏅᎯ ᎤᏓᏙᎵᏣᏘᏳ ᎨᏒ ᎢᏳᏍᏗ, ᎾᏍᎩ ᏗᏥᏰᎸ ᏗᏣᎵᏍᎪᎸᏙᏗᏱ ᎬᏃᏛ ᎠᏥᎸ ᎨᎳᏍᏗ, ᎪᎱᏍᏗ ᏄᏍᏛᎾ, ᏗᎬᏩᏓᏂᎸᎢᏍᏗ ᎤᏁᎳᏅᎯ, ᏕᏣᏓᏅᏛ ᎬᏗ ᎪᎱᏍᏗ ᎡᏣᏛᏁᎲᎢ.
2. ᎠᎴ ᏞᏍᏗ ᎡᎶᎯ ᎠᏁᎯ ᏄᎾᏍᏛ ᏱᏂᏨᏍᏕᏍᏗ; ᏗᏣᏓᏁᏟᏴᏛᏍᎩᏂ ᎨᏎᏍᏗ ᏗᏤ ᎢᏗᎬᏁᎸᎯ ᎨᏒ ᏕᏣᏓᏅᏛᎢ, ᎾᏍᎩ ᎨᏥᎪᎵᏰᏗ ᎢᏳᎵᏍᏙᏗᏱ ᏄᏍᏛ ᎤᏚᎵᏍᎬ ᎤᏁᎳᏅᎯ, ᎾᏍᎩ ᎣᏍᏛ ᎨᏒᎢ, ᎠᎴ ᏗᎬᏩᏓᏂᎸᎢᏍᏗ ᎨᏒᎢ, ᎠᎴ ᎠᎧᎵᎢ ᎨᏒᎢ.
3. ᎬᏩᎦᏘᏯᏰᏃ ᎤᏓᏙᎵᏍᏗ ᎨᏒ ᎬᏗᏍᎬ, ᎾᏍᎩ ᎥᎩᏁᎸᎯ ᏥᎩ, ᎯᎠ ᏂᎦᏥᏪᏎᎭ ᎾᏂᎥᏉ ᏥᎨᏣᏓᏑᏯ; ᏞᏍᏗᏉ ᏯᏂᎶᏒᏍᏗᏍᎨᏍᏗ ᎠᎾᏓᏅᏖᏍᎬ ᎾᏍᎩ ᏥᏚᏳᎪᏗ ᎤᎾᏓᏅᏖᏗᏱ, ᎤᎾᎵᏏᎾᎯᏍᏗᏍᎩᏂ ᎨᏎᏍᏗ ᎠᎾᏓᏅᏖᏍᎬᎢ, ᎾᏍᎩᏯ ᏄᏍᏛ ᎪᎯᏳᏗ ᎨᏒ ᎤᏁᎳᏅᎯ ᏚᏟᎶᎡᎸ ᎠᏂᏏᏴᏫᎭᎢ.
4. ᎤᏣᏘᏰᏃ ᏥᏕᎦᎯᏞᏫᏒ ᏌᏉ ᎠᏰᎸ ᎨᏒᎢ, ᎠᎴ ᎾᎦᏛ ᏕᎦᎯᏞᏫᏒ ᎤᏠᏱ ᏂᎨᏒᎾ ᏥᎩ ᎪᎱᏍᏗ ᎬᏔᏂᏓᏍᏗ ᎨᏒᎢ;
5. ᎾᏍᎩᏯ ᎾᏍᏉ ᎠᏴ, ᎢᎩᏣᏘ ᏥᎩ, ᏌᏉᏉ ᎠᏰᎸ ᏂᏓᎵᏍᏗᎭ ᎦᎶᏁᏛ ᏕᏓᏁᎶᏛᎢ, ᎠᎴ ᏂᏗᎥ ᎢᏗᏏᏴᏫᎭ ᎢᎦᏚᏓᏕᏫᏒ.
6. ᎾᏍᎩᏃ ᏧᏓᎴᎿᎭᎢ ᎡᎩᏁᎸᏅᎯ ᏥᎩ ᎾᏍᎩᏯ ᎬᏩᎦᏘᏯ ᎤᏓᏙᎵᏍᏗ ᎨᏒ ᎢᎩᏁᎸᎢ, ᎢᏳᏃ ᎠᏙᎴᎰᎯᏍᏗ ᏱᎩ, ᎾᏍᎩᏯ ᎪᎯᏳᏗ ᎨᏒ ᎡᎦᏟᎶᎡᎸ ᎢᏛᏗᏍᎨᏍᏗ [ᎢᏓᏙᎴᎰᏍᎨᏍᏗ;]
7. ᎢᏳ ᎠᎴ ᎢᏗᏯᏙᎯᎮᏍᏗ, ᎢᏗᏯᏙᎯᎲᏉ ᏕᎩᎸᏫᏍᏓᏁᎮᏍᏗ; ᎠᎴ ᎩᎶ ᏓᏕᏲᎲᏍᎨᏍᏗ, ᏗᏕᏲᏗᏉ ᎨᏒ ᏚᎸᏫᏍᏓᏁᎮᏍᏗ;
8. ᎠᎴ ᎩᎶ ᏗᎦᏬᏁᏗᏍᎩ ᎨᏎᏍᏗ, ᏗᎦᏬᏁᏙᏗᏉ ᎨᏒ ᏚᎸᏫᏍᏓᏁᎮᏍᏗ; ᎠᎴ ᎩᎶ ᏓᏯᏙᎮᎮᏍᏗ, ᏄᎨᏳᎲᏍᎬᎾ ᎾᏍᎩ ᎾᏛᏁᎮᏍᏗ; ᎩᎶ ᏣᎦᏁᎶᏗ ᎨᏎᏍᏗ, ᎣᏍᏛ ᎤᎦᏌᏯᏍᏗ ᎨᏎᏍᏗ; ᎩᎶ ᎠᏓᏙᎵᎨᏍᏗ, ᎤᎧᎵᏍᏗ ᎤᏓᏅᏛ ᎾᏍᎩ ᎾᏛᏁᎮᏍᏗ.
9. ᎠᏓᎨᏳᏗ ᎨᏒ ᏄᏠᎾᏍᏛᎾ ᎨᏎᏍᏗ. ᎢᏥᏂᏆᏘᎮᏍᏗ Ꮎ ᎤᏲ ᎨᏒᎢ; ᏕᏥᏂᏴᏎᏍᏗ ᎣᏍᏛ ᎨᏒᎢ.
10. ᎠᎾᎵᏅᏟ ᏧᎾᏓᎨᏳᏗ ᎨᏒ ᎬᏗ ᎣᏍᏛ ᏕᏣᏓᎨᏳᏎᏍᏗ; ᏗᏓᎸᏉᏙᏗ ᎨᏒ ᎢᏨᏗᏍᎬ ᏕᏣᏓᎬᏫᏳᏗᏍᎨᏍᏗ.
11. ᏕᏥᎸᏫᏍᏓᏁᎲ ᏞᏍᏗ ᎢᏣᏓᏄᎸᏗ ᏱᎨᏎᏍᏗ; ᎤᎵᏂᎩᏛ ᏕᏣᏓᏅᏖᏍᏗ; ᎪᎱᏍᏗ ᎡᏣᏛᏁᎮᏍᏗ ᎤᎬᏫᏳᎯ.
12. ᎤᏚᎩ ᎢᏨᏒ ᎢᏣᎵᎮᎵᎨᏍᏗ; ᏗᏨᏂᏗᏳ ᎨᏎᏍᏗ ᎢᏥᎩᎵᏲᎬᎢ; ᎢᏣᏓᏙᎵᏍᏗᏍᎨᏍᏗ ᏂᎪᎯᎸᎢ;
13. ᎤᎾᏓᏅᏘ ᎤᏂᏂᎬᏎᎲ ᏕᏥᏯᏙᎮᎮᏍᏗ; ᎢᏥᎦᎵᏱᏳ ᎨᏎᏍᏗ ᏗᏣᏓᏍᏆᏂᎪᏙᏗᏱ.
14. ᎣᏍᏛ ᏕᏥᏁᏤᎮᏍᏗ ᎤᏲ ᎢᎨᏨᎿᎭᏕᎩ; ᎣᏍᏛᏉ ᏕᏥᏁᏤᎮᏍᏗ, ᎠᎴ ᏞᏍᏗ ᏱᏗᏥᏍᎩᏅᏗᏍᎨᏍᏗ.
15. ᎾᏍᎩ Ꮎ ᎠᎾᎵᎮᎵᎩ ᎢᏧᎳᎭ ᎢᏣᎵᎮᎵᎨᏍᏗ, ᎠᎴ ᎾᏍᎩ Ꮎ ᏗᎾᏠᏱᎯ ᎢᏧᎳᎭ ᏕᏣᏠᏱᎮᏍᏗ.
16. ᎤᏠᏱᎭᏉ ᎨᏎᏍᏗ ᏕᏣᏓᏓᏅᏖᏍᎬᎢ. ᏞᏍᏗ ᏱᏣᎦᏌᏯᏍᏕᏍᏗ ᎪᎱᏍᏗ ᎦᎸᏉᏗ ᎨᏒᎢ, ᏕᏤᎳᏗᏙᎮᏍᏗᏍᎩᏂ ᎤᎾᏓᏙᎵᏍᏗ. ᏞᏍᏗ ᎢᏥᎦᏔᎾᎢ ᏱᏣᏓᏰᎸᏎᏍᏗ.
17. ᎤᏐᏅ ᏂᏨᏁᎮᏍᏗ ᎩᎶ ᏞᏍᏗ ᏱᏣᏞᎨᏍᏗ ᎤᏐᏅ ᏱᏁᏨᏁᎮᏍᏗ. ᎢᎬᏱ ᏂᏣᏓᏅᏖᏍᎨᏍᏗ ᎣᏍᏛ ᎢᏣᏛᏁᎵᏓᏍᏗ ᎨᏒ ᏂᎦᏛ ᎠᏂᎦᏔᎲᎢ.
18. ᎢᏳᏃ ᏰᎵ ᎨᏎᏍᏗ ᏂᎦᎥ ᎢᎨᏣᏛᏁᏗ ᎨᏒ ᎢᏣᏟᏂᎬᏁᎮᏍᏗ ᏙᎯᏱ ᎢᏣᏕᏗᏱ ᎾᏂᎥ ᏴᏫ.
19. ᎢᏨᎨᏳᎢ, ᏞᏍᏗ ᏱᏣᏞᎨᏍᏗ, ᎢᏥᎳᏅᏓᏕᎮᏍᏗᏍᎩᏂ ᎤᏔᎳᏬᎯᏍᏗ ᎨᏒᎢ; ᎯᎠᏰᏃ ᏂᎬᏅ ᎪᏪᎳ, ᎠᏞᎢᏍᏗ ᎨᏒ ᎠᏴ ᎠᏆᏤᎵᎦ; ᎠᏴ ᏓᎦᎫᏴᎯ, ᎠᏗᎭ ᏱᎰᏩ.
20. ᎾᏍᎩ ᎢᏳᏍᏗ, ᎢᏳᏃ ᏣᏍᎦᎩ ᎠᎪᏄ ᎤᏲᏏᏍᎨᏍᏗ, ᎯᏰᎶᎮᏍᏗ; ᎢᏳᏃ ᎤᏔᏕᎩᏍᎨᏍᏗ, ᎯᎤᎥᏍᎨᏍᏗ; ᎾᏍᎩᏰᏃ ᎿᎭᏛᏁᎲ ᏥᏃᏍᎦ ᏧᏥᏍᏟ ᏕᎯᏡᏍᎨᏍᏗ ᎠᏍᎪᎵ.
21. ᏞᏍᏗ ᎤᏐᏅ ᏁᏨᏁᎸ ᏱᏣᏓᎵᏁᎯᏕᎴᏍᏗ, ᎤᏐᏅᏍᎩᏂ ᏁᏨᏁᎸ ᎯᏯᏓᎵᏁᎯᏕᎮᏍᏗ ᎣᏍᏛ ᎿᎭᏛᏁᎲᎢ.

== Romans 13 ==
1. ᎾᏂᎥᏉ ᏚᏃᎯᏳᏎᏍᏗ ᎠᏰᎵ ᏕᎪᏢᏩᏗᏒᎢ. ᎥᏝᏰᏃ ᎠᏰᎵ ᏳᏙᏢᎭ ᎤᏁᎳᏅᎯ ᏅᏓᏳᏓᎴᏅᎯ ᏂᎨᏒᎾ; ᎠᏰᎵ ᏥᏕᎪᏢᎭ ᎤᏁᎳᏅᎯ ᎤᏓᏅᏖᎸᎯ ᏗᎪᏢᏅᎯ.
2. ᎾᏍᎩ ᎢᏳᏍᏗ ᎩᎶ ᏓᎦᏘᎴᎨᏍᏗ ᎠᏰᎵ ᎪᏢᏒᎢ, ᏓᎦᏘᎴᎨᏍᏗ ᎤᏁᎳᏅᎯ ᎤᏓᏅᏖᎸᎯ ᎪᏢᏅᎯ ᎨᏒᎢ; ᎾᏍᎩᏃ ᏗᏂᎦᏘᎴᎩ ᏧᎾᏚᎪᏓᏁᏗᏱ ᎠᏂᏩᏛᏗᏍᎨᏍᏗ.
3. ᏄᏂᎬᏫᏳᏌᏕᎩᏰᏃ ᎥᏝ ᏗᎦᎾᏰᎯᏍᏗ ᏱᎩ ᎣᏍᏛ ᏱᏙᎸᏫᏍᏓᏁᎭ, ᎤᏲᏍᎩᏂ ᏱᏙᎸᏫᏍᏓᏁᎭ. ᏣᏚᎵᏍᎪᏃ ᏣᎾᏰᎯᏍᏗᏱ ᏂᎨᏒᎾ ᎠᏰᎵ ᎪᏢᏒᎢ? ᎣᏍᏛ ᎿᎭᏛᏁᎮᏍᏗ, ᎾᏍᎩᏃ ᏣᎸᏉᏙᏗ ᎨᏎᏍᏗ.
4. ᎾᏍᎩᏰᏃ [ᏄᎬᏫᏳᏌᏕᎩ] ᎤᏁᎳᏅᎯ ᎤᏅᏏᏓᏍᏗ ᏂᎯ ᎣᏍᏛ ᎢᏣᎵᏍᏓᏁᏗ ᏧᎸᏫᏍᏓᏁᎯ. ᎢᏳᏍᎩᏂ ᎤᏲᏉ ᏙᏣᎸᏫᏍᏓᏁᎮᏍᏗ, ᎯᏍᎦᎢᎮᏍᏗ; ᎥᏝᏰᏃ ᎠᏎᏃ ᏱᎦᏁᎭ ᎠᏰᎳᏍᏗ-ᎦᏅᎯᏛ; ᎤᏁᎳᏅᎯᏰᏃ ᎤᏅᏏᏓᏍᏗ ᎾᏍᎩ, ᎤᏞᎩ, ᎠᏍᏛᏗᏍᏗᏍᎩ ᎾᏍᎩ Ꮎ ᎤᏲ ᏧᎸᏫᏍᏓᏁᎯ.
5. ᎾᏍᎩ ᎢᏳᏍᏗ ᎠᏎ ᎢᏦᎯᏳᏗ ᎨᏎᏍᏗ, ᎥᏝ ᎤᏓᏍᏛᏗᏍᏗᏉ ᎨᏒ ᎢᏳᏍᏗ, ᏦᏓᏅᏛᏍᎩᏂ ᎾᏍᏉ ᎣᏎᎮᎲ ᎢᏳᏍᏗ.
6. ᎾᏍᎩ ᎾᏍᏉ ᏅᏗᎦᎵᏍᏙᏗᏍᎨᏍᏗ ᎠᏰᎵ ᎠᎫᏴᏗ ᎨᏒ ᎢᏣᎫᏱᏍᎨᏍᏗ; ᎤᏁᎳᏅᎯᏰᏃ ᏧᏅᏏᏓᏍᏗ ᎾᏍᎩ, ᏚᏂᎸᏫᏍᏓᏁᎭ ᏂᎪᎯᎸ ᎾᏍᎩ ᎯᎠ.
7. ᎾᏍᎩ ᎢᏳᏍᏗ ᏂᎦᏗᏳ ᏗᎫᏴᎡᏗ ᎨᏒ ᏕᏣᎫᏴᎡᎮᏍᏗ; ᎠᏰᎵ ᎡᏣᎫᏴᎡᏗ ᎨᏒ ᎠᏰᎵ ᎡᏣᎫᏴᎡᎮᏍᏗ; ᎢᏥᏃᏔᏅᏗᏱ ᎢᏣᎵᏍᎪᎸᏓᏁᎸ ᎡᏣᎫᏴᎡᏗ ᎨᏒ ᎡᏣᎫᏴᎡᎮᏍᏗ; ᎾᏍᎩ ᎡᏥᎾᏰᎢᏍᏗ ᎨᏒ ᎾᏍᎩ Ꮎ ᎡᏥᎾᏰᏍᎨᏍᏗ; ᎾᏍᎩ ᎡᏥᎸᏉᏙᏗ ᎨᏒ ᎾᏍᎩ Ꮎ ᎡᏥᎸᏉᏕᏍᏗ.
8. ᏞᏍᏗ ᎩᎶ ᏱᏥᏚᎨᏍᏗ ᎪᎱᏍᏗ, ᏗᏣᏓᎨᏳᏗᏱ ᎤᏩᏒ; ᎩᎶᏰᏃ ᏅᏩᏓᎴ ᏳᎨᏳᎭ ᎤᎧᎵᎸ ᏗᎧᎿᎭᏩᏛᏍᏗ ᏂᎦᏪᏍᎬᎢ.
9. ᎯᎠᏰᏃ ᎾᏍᎩ [ᏗᎧᎿᎭᏩᏛᏍᏗ,] ᏞᏍᏗ ᏣᏓᏲᏁᎸᎩ, ᏞᏍᏗ ᏣᏓᎸᎩ, ᏞᏍᏗ ᏣᏃᏍᎩᏒᎩ, ᏞᏍᏗ ᎦᏰᎪᎩ ᏣᏃᎮᎸᎩ, ᏞᏍᏗ ᎪᎱᏍᏗ ᏱᏣᎬᎥᏍᎨᏍᏗ, ᎠᎴ ᏂᎦᎥ ᏅᏩᏓᎴ ᏗᎧᎿᎭᏩᏛᏍᏗ, ᎯᎠᏉ ᎢᎦᏪᏛ ᏥᎩ ᎾᎿᎭᎠᏙᏣᎸᏍᎦ ᎤᏍᏆᎳ ᎧᏁᎢᏍᏗ ᎨᏒᎢ, ᏨᏒ ᏂᏣᏓᎨᏳᏒ ᎾᏍᎩᏯ ᏂᎨᏳᏎᏍᏗ ᎾᎥ ᎢᏗᏍᏓᏓᎳ.
10. ᎠᏓᎨᏳᏗ ᎨᏒ ᎥᏝ ᎤᏲ ᏱᏄᏩᏁᎰ ᎾᎥ ᎢᏳᎾᏓᎳ; ᎾᏍᎩ ᎢᏳᏍᏗ ᎠᏓᎨᏳᏗ ᎨᏒ ᎠᎧᎵᎢᎭ ᏗᎧᎿᎭᏩᏛᏍᏗ ᏂᎦᏪᏍᎬᎢ.
11. ᎠᎴ ᎾᏍᎩ, ᏥᏗᎦᏔᎭ ᎢᏴᏛ ᎠᎵᏱᎵᏒᎢ, ᎾᏍᎩ ᎾᎯᏳ ᎠᏰᎢᏍᏗᏱ ᎢᏗᎵᎲ ᎿᎭᏉ ᎤᎵᏰᎢᎶᎸ; ᎪᎯᏰᏃ ᎡᎩᏍᏕᎸᏗᏱ ᎨᏒ ᎤᏟ ᎾᎥᏂᏳ ᎠᏃ ᎢᎬᏱᏱ ᏗᎪᎯᏳᏅᎢ.
12. ᏒᏃᏱ ᎠᏍᏆᎶᎦ, ᎿᎭᏉ ᎤᎩᏨᏂᏗ; ᎾᏍᎩ ᎢᏳᏍᏗ ᎢᏴᏛ ᏂᏛᎦ ᎤᎵᏏᎬ ᏗᎦᎸᏫᏍᏓᏁᏗ ᎨᏒᎢ, ᎠᎴ ᎢᏓᏄᏬᏍᏓ ᎠᎵᏍᎦᏍᏙᏙ ᎢᎦ-ᎦᏛ ᎡᎯ.
13. ᏚᏳᎪᏛ ᎨᏎᏍᏗ ᎢᏕᎲᎢ, ᎢᎦ ᏂᎨᏐ ᎾᏍᎩᏯᎢ; ᎥᏝᏍᏗᏃ ᎠᎵᏍᎦᎾᏩᏍᏗ ᎨᏒᎢ, ᎠᎴ ᎤᏓᏴᏍᏕᏍᏗ ᎨᏒᎢ, ᎠᎴ ᎤᏕᎵᏛ ᏗᏂᏏᏗ ᎨᏒᎢ, ᎠᎴ ᏃᎵᏏᎾᎯᏍᏛᎾ ᎠᎴᏂᏓᏍᏗ ᎨᏒᎢ, ᎥᏞᏍᏗᏃ ᎠᏗᏒᏍᏗ ᎨᏒᎢ ᎠᎴ ᏗᏓᏛᏳᏤᏗ ᎨᏒᎢ.
14. ᎤᎬᏫᏳᎯᏍᎩᏂ ᏥᏌ ᎦᎶᏁᏛ ᎡᏣᏄᏬᏍᏓ, ᎠᎴ ᏞᏍᏗ ᏱᏣᏛᏅᎢᏍᏓᏁᎴᏍᏗ ᎤᏇᏓᎵ ᎨᏒᎢ, ᎾᏍᎩ ᎤᎬᎥᏍᎬ ᎢᏣᏛᏁᏗᏱ.

== Romans 14 ==
1. ᎩᎶ ᏩᎾᎦᎳ ᎨᏎᏍᏗ ᎤᏬᎯᏳᏒᎢ ᏕᏣᏓᏂᎸᎨᏍᏗ, ᎥᏝ ᎠᏗᎾ ᏗᏧᎪᏙᏗᏱᏉ ᏄᏍᏛ ᎠᏓᏅᏕᏍᎬᎢ.
2. ᎠᏏᏴᏫ ᏂᎦᎥᏉ ᎪᎱᏍᏗ ᎬᏩᎵᏍᏓᏴᏙᏗ ᎨᏒ ᎤᏬᎯᏳᏐᎢ; ᎩᎶᏃ ᎠᏩᎾᎦᎳ ᎠᏛᏒᎥᏍᎩᏉ ᎠᎵᏍᏓᏴᏗᏍᎪᎢ.
3. ᏞᏍᏗ ᎾᏍᎩ Ꮎ ᎠᎵᏍᏓᏴᎲᏍᎩ ᏅᎵᏌᎵᏉ ᏳᏰᎸᏁᏍᏗ Ꮎ ᎾᎵᏍᏓᏴᎲᏍᎬᎾ; ᎠᎴ ᏞᏍᏗ ᎾᏍᎩ Ꮎ ᎾᎵᏍᏓᏴᎲᏍᎬᎾ ᏱᏚᏭᎪᏓᏁᎴᏍᏗ Ꮎ ᎠᎵᏍᏓᏴᎲᏍᎩ; ᎤᏁᎳᏅᎯᏰᏃ ᏚᏓᏂᎸᏨ.
4. ᎦᎪ ᏂᎯ ᏥᏕᎯᏳᎪᏓᏁ ᏅᏩᏓᎴ ᎤᏅᏏᏓᏍᏗ? ᎤᏩᏒᏉ ᎤᏅᏏᏙᎯ ᎤᎵᏍᎦᏍᏙᏗ ᎦᏙᎬ ᎠᎴ ᎦᏅᎬᎢ. ᎥᎥ, ᎠᏥᏲᏍᏙᏓᏁᏗ ᎨᏎᏍᏗ ᎤᏅᎢᏍᏗᏱ; ᎤᏁᎳᏅᎯᏰᏃ ᏰᎵᏉ ᎤᎴᏗᏱ ᎢᎬᏩᏁᏗ.
5. ᎩᎶ ᎤᏟ ᏄᎸᏉᏙ ᎪᎱᏍᏗ ᎤᏍᏗ ᎢᎦ ᎡᏍᎦᏉ ᏅᏩᏓᎴ ᎢᎦ; ᎩᎶᏃ ᏂᎦᎥᏉ ᎢᎦ ᏚᎸᏉᏙᎢ. ᎾᏂᎥ ᎩᎶ ᎠᎧᎵᎢ ᎤᏃᎯᏳᏎᏍᏗ ᎤᏅᏒ ᏙᏧᎾᏓᏅᏛᎢ.
6. ᎩᎶ ᏧᎸᏉᏙ ᎢᎦ ᎤᎬᏫᏳᎯ ᎦᎸᏉᏓᏁᎰᎢ; ᎩᎶᏃ ᏄᎸᏉᏛᎾ ᏥᎨᏐ ᎢᎦ, ᎤᎬᏫᏳᎯ ᎦᎸᏉᏗᏍᎪ ᏄᎸᏉᏛᎾ ᎨᏒᎢ. ᎩᎶ ᏣᎵᏍᏓᏴᎲᏍᎪᎢ, ᎤᎬᏫᏳᎯ ᎠᎵᏍᏓᏴᎾᏁᎰᎢ; ᎤᏁᎳᏅᎯᏰᏃ ᎠᎵᎮᎵᏤᎰᎢ; ᎠᎴ ᎩᎶ ᎾᎵᏍᏓᏴᎲᏍᎬᎾ ᏥᎨᏐᎢ, ᎤᎬᏫᏳᎯ ᎦᎸᏉᏙᏗᏍᎪ ᎾᎵᏍᏓᏴᎲᏍᎬᎾ ᎨᏒᎢ, ᎠᎴ ᎤᏁᎳᏅᎯ ᎠᎵᎮᎵᏤᎰᎢ.
7. ᎥᏝᏰᏃ ᎩᎶ ᎢᎦᏁᎳᎩᏯ ᏱᎩ ᎢᏕᎲᎢ, ᎥᏝ ᎠᎴ ᎩᎶ ᎤᏁᎳᎩᏯ ᏱᎩ ᎠᏲᎱᏍᎬᎢ.
8. ᎢᏳᏰᏃ ᏱᏓᎴᏂᏙᎭ, ᎤᎬᏫᏳᎯ ᎡᏓᎴᏂᏕᎭ; ᎠᎴ ᎢᏳ ᏱᏗᏗᏲᎱᏍᎦ, ᎤᎬᏫᏳᎯ ᎡᏗᏲᎱᎯᏎᎭ; ᎾᏍᎩᏃ ᎢᏳᏍᏗ ᎢᏳᏃ ᏱᏓᎴᏂᏙᎭ, ᎠᎴ ᏱᏗᏗᏲᎱᏍᎦ, ᎤᎬᏫᏳᎯ ᎡᏓᏤᎵᎦ.
9. ᎾᏍᎩᏰᏃ ᎯᎠ ᎤᎬᏩᎴ ᎦᎶᏁᏛ ᏧᏲᎱᏎᎢ, ᎠᎴ ᏥᏚᎴᎯᏌᏁᎢ, ᎠᎴ ᏧᏩᏃᏎᎢ, ᎾᏍᎩ ᎤᎬᏫᏳᎯ ᎢᏳᎵᏍᏙᏗᏱ ᏧᏂᏲᎱᏒᎯ ᎠᎴ ᎾᏍᏉ ᏗᏅᏃᏛ ᎤᎾᏤᎵᎦ.
10. ᎠᎴ ᏂᎯ, ᎦᏙᏃ ᏙᎯᏳᎪᏓᏁᎭ ᎢᏍᏓᎵᏅᏟ? ᎠᎴ ᏂᎯ ᎾᏍᏉ, ᎦᏙᏃ ᏅᎵᏌᎵᏉ ᎢᎯᏰᎸᏍᎦ ᎢᏍᏓᎵᏅᏟ? ᏂᎦᏗᏳᏰᏃ ᎢᎬᏱᏗᏢ ᏫᎦᎴᏗ ᎨᏎᏍᏗ ᎦᎶᏁᏛ ᏧᏭᎪᏙᏗᏱ ᎤᏪᏍᎩᎸᎢ.
11. ᎯᎠᏰᏃ ᏂᎬᏅ ᎪᏪᎳ, ᎨᎥ ᏄᏙᎯᏳᏒᎢ, ᎠᏗᎭ ᏱᎰᏩ, ᏂᎦᏗᏳ ᏙᏓᎬᏆᎵᏂᏆᏅᏁᎵ ᎠᏴ, ᎠᎴ ᏂᎦᏗᏳ ᎬᏂᎨᏒ ᏅᏓᎬᏩᏁᎵ ᎤᏁᎳᏅᎯ.
12. ᎾᏍᎩᏃ ᏥᏄᏍᏗ ᏂᏗᎥ ᎢᏗᏏᏴᏫᎭ ᎨᏒ ᎬᏂᎨᏒ ᎢᏰᏛᏁᏗ ᎨᏎᏍᏗ ᎤᏁᎳᏅᎯ ᏂᎦᏛᏁᎵᏙᎸᎢ.
13. ᎾᏍᎩ ᎢᏳᏍᏗ ᏞᏍᏗ ᎪᎯ ᎢᏳᏓᎴᏅᏛ ᏱᏗᏓᏓᏚᎪᏓᏁᎮᏍᏗ; ᎯᎠᏍᎩᏂ ᎤᎬᏫᏳᏎᏍᏗ ᏕᏧᎪᏗᏍᎨᏍᏗ, ᎾᏍᎩ ᎠᏓᏙᏕᏍᏗᏍᎩ ᎠᎴ ᎤᏍᏢᏂᏍᏗᏍᎩ ᎢᏥᏗᏱ ᏂᎨᏒᎾ ᎢᏣᎵᏅᏟ ᎤᎶᎯᏍᏗᏱ.
14. ᏥᎦᏔᎭ, ᎠᎴ ᎠᏉᎯᏳᏗ ᎾᏋᏁᎸ ᎤᎬᏫᏳᎯ ᏥᏌ, ᎾᏍᎩ ᎪᎱᏍᏗ ᎤᏩᏒᏉ ᎨᏒ ᎦᏓᎭ ᏂᎨᏒᎾ ᎨᏒᎢ; ᎩᎶᏍᎩᏂ ᎪᎱᏍᏗ ᎦᏓᎭ ᎠᏰᎸᏍᎩ, ᎾᏍᎩ ᎦᏓᎭ ᏄᎵᏍᏓᏁᎰᎢ.
15. ᎢᏳᏍᎩᏂ ᏗᏍᏓᏓᏅᏟ ᎠᎵᏍᏓᏴᏗ ᏱᏅᏗᎦᎵᏍᏙᏗᎭ ᎡᎯᏍᏗ ᏱᏯᏓᏅᏓᏗᏍᏔᏅ, ᎿᎭᏉ ᎥᏝ ᎠᏓᎨᏳᏗ ᎨᏒ ᏴᏗᎭ ᎾᏍᎩ ᎿᎭᏛᏁᎲᎢ. ᏞᏍᏗ ᎭᎵᏍᏓᏴᎲᏍᎬ ᎯᏛᏙᏔᏅᎩ ᎾᏍᎩ Ꮎ ᎦᎶᏁᏛ ᎤᏲᎱᎯᏎᎸᎯ.
16. ᎾᏍᎩᏃ ᏞᏍᏗ ᎣᏏᏳ ᏂᏣᏛᏁᎲ ᎤᏐᏅ ᏳᏂᏃᎮᎴᏍᏗ.
17. ᎤᏁᎳᏅᎯᏰᏃ ᎤᏤᎵᎪᎯ ᎥᏝ ᎠᎵᏍᏓᏴᏗᏉ ᎠᎴ ᎠᏗᏔᏍᏗᏉ ᎨᏒ ᏱᎩ; ᏚᏳᎪᏛᏍᎩᏂ ᎨᏒᎢ, ᎠᎴ ᏅᏩᏙᎯᏯᏛ ᎨᏒᎢ, ᎠᎴ ᎠᎵᎮᎵᏍᏗ ᎨᏒᎢ ᎦᎸᏉᏗᏳ ᎠᏓᏅᏙ ᎢᏳᏩᏂᏌᏛ.
18. ᎩᎶᏰᏃ ᎾᏍᎩ ᎯᎠ ᎤᏮᏗᏕᎬ ᎦᎶᏁᏛ ᎪᎱᏍᏗ ᎠᏛᏁᎮᏍᏗ, ᎾᏍᎩ ᎤᏁᎳᏅᎯ ᏗᎬᏩᏓᏂᎸᎢᏍᏗ ᎨᏎᏍᏗ, ᎠᎴ ᎣᏏᏳ ᎦᎬᏩᏰᎸᏗ ᎨᏎᏍᏗ ᏴᏫ.
19. ᎾᏍᎩ ᎢᏳᏍᏗ ᎢᏗᏍᏓᏩᏗᏎᏍᏗ ᎾᏍᎩ ᏙᎯ ᎢᎬᏁᎯ ᎨᏒᎢ, ᎠᎴ ᎾᏍᎩ ᏗᎨᎦᏓᎵᏂᎪᎯᏍᏙᏗ ᎨᏒᎢ.
20. ᏞᏍᏗ ᎤᏁᎳᏅᎯ ᎤᏤᎵ ᏗᎦᎸᏫᏍᏓᏁᏗ ᎨᏒ ᏱᏣᏲᏍᏔᏁᏍᏗ ᎠᎵᏍᏓᏴᏗᏉ ᏱᏅᏧᎵᏍᏙᏔᏁᏍᏗ. ᏄᏓᎴᏒᏰᏃ ᎪᎱᏍᏗ ᎤᏙᎯᏳᎯ ᎦᏓᎭ ᏂᎨᏒᎾ; ᎤᏲᏍᎩᏂ ᎾᏛᏁᎰ ᎾᏍᎩ Ꮎ ᏴᏫ ᎠᎵᏍᏓᏴᎲᏍᎬ ᎩᎶ ᏱᏗᎪᏕᏍᏗᎭ.
21. ᎤᏟ ᎤᏏᏳ ᎭᏫᏯ ᎠᎩᏍᏗᏱ ᏂᎨᏒᎾ, ᎠᎴ ᎩᎦᎨ-ᎠᏗᏔᏍᏗ ᎠᏗᏔᏍᏗᏱ ᏂᎨᏒᎾ, ᎠᎴ ᎪᎱᏍᏗ ᎠᏛᏁᏗᏱ ᏂᎨᏒᎾ, ᎾᏍᎩ ᏗᏍᏓᏓᏅᏟ ᏧᏬᏕᏍᏗᏍᎩ, ᎠᎴ ᎤᏍᏢᏂᏍᏗᏍᎩ, ᎠᎴ ᎠᏩᎾᎦᎳ ᎢᏳᏩᏁᎯ.
22. ᎪᎯᏳᏗᏍᎪ ᎨᏒ ᏤᎭ? ᏣᏤᎵᏛ ᏦᎯᏳᏎᏍᏗ ᎤᏁᎳᏅᎯ ᎠᎦᏔᎲᎢ. ᏅᏩᏙᎯᏍᏛ ᎤᏓᏅᏖᏍᏗ ᎩᎶ ᏄᏍᏛ ᎣᏏᏳ ᎤᏰᎸᏒ ᎬᏗᏍᎬ ᎤᏩᏒ ᏂᏓᏓᏚᎪᏓᏁᎲᎾ ᎢᎨᏎᏍᏗ.
23. ᎩᎶᏍᎩᏂ ᏧᏢᏫᏎᎯ ᏕᎫᎪᏗᏍᎪ ᎤᏍᎦᏅᏨ ᎢᏳᏃ ᏳᎵᏍᏓᏴᏅ, ᏅᏗᎦᎵᏍᏙᏗᏍᎪ ᏄᏬᎯᏳᏒᎾ ᎨᏒ ᎠᎵᏍᏓᏴᎲᏍᎬᎢ; ᏂᎦᎥᏰᏃ ᎪᎱᏍᏗ ᎪᎯᏳᏗ ᎨᏒ ᏅᏗᏓᎴᎲᏍᎬᎾ ᏱᎩ ᎠᏍᎦᏂ ᎨᏐᎢ.

== Romans 15 ==
1. ᎠᏴᏃ ᏗᎦᎵᏂᎩᏛ ᏥᎩ ᎤᏁᎳᎩ ᏱᏗᏕᎵᏎᎭ ᏓᏂᏩᎾᎦᎸ ᏗᏂᏩᎾᎦᎳᎢ, ᎠᎴ ᎥᏝ ᎢᎬᏒᏉ ᎣᏍᏛ ᎢᎩᏰᎸᏗ ᏱᏂᎨᏓᏛᏁᎵᏙᎭ.
2. ᏂᏗᎥ ᎢᏗᏏᏴᏫᎭ ᎨᏒ ᎾᎥ ᎢᎦᏓᎳ ᎣᏍᏛ ᎤᏰᎸᏗ ᎨᏒ ᏂᏓᏛᏁᎮᏍᏗ ᎾᏍᎩ ᎣᏍᏛ ᎨᏒ ᎤᎵᏂᎪᎯᏍᏗᏱ ᎤᎬᏩᎵ.
3. ᎦᎶᏁᏛᏰᏃ ᎾᏍᏉ ᎥᏝ ᎤᏩᏒᏉ ᎣᏏᏳ ᎤᏰᎸᏗ ᏱᎾᏛᏁᎮᎢ; ᎯᎠᏍᎩᏂ ᏥᏂᎬᏅ ᏥᎪᏪᎳ ᎾᏍᎩᏯ [ᏄᎵᏍᏓᏁᎴᎢ,] ᎦᎬᏩᎾᏓᏐᏢᏛ ᎾᏍᎩ Ꮎ ᎦᎨᏣᏐᏢᏔᏅᎢ ᎠᏴ ᎠᎩᎷᏤᎸᎩ.
4. ᏄᏓᎴᏒᏰᏃ ᎪᎱᏍᏗ ᎡᏘ ᎪᏪᎳᏅᎯ ᎨᏒ ᎠᏴ ᎢᎦᏕᎶᏆᏍᏗ ᎠᏰᎸᏎ ᎪᏪᎳᏁᎢ, ᎾᏍᎩ ᏗᏛᏂᏗᏳ ᏂᎬᏁᎲ ᎠᎴ ᎤᎦᎵᏍᏗ ᎢᎦᏓᏅᏓᏗᏍᏗᏍᎬ ᎪᏪᎵ ᎾᏍᎩ ᎤᏚᎩ ᎢᎬᎯ ᎢᏳᎵᏍᏙᏗᏱ.
5. ᎾᏍᎩᏃ ᎤᏁᎳᏅᎯ ᎠᎬᏂᏗᏳ ᎠᎴ ᎤᎦᎵᏍᏗ ᎢᏯᏓᏛᏁᎯ ᎢᏥᏁᏗ ᎨᏎᏍᏗ ᎤᏠᏱᏉ ᎢᏣᏓᏅᏓᏗᏍᏗᏱ, ᎾᏍᎩᏯ ᎦᎶᏁᏛ ᏥᏌ ᎠᏓᏅᏖᏍᎬᎢ;
6. ᎾᏍᎩ ᏌᏉ ᏕᏣᏓᏅᏛᎢ ᎠᎴ ᏌᏉ ᎢᏥᎰᎵ ᎢᏨᏙᏗᏱ ᎡᏥᎸᏉᏙᏗᏱ ᎤᏁᎳᏅᎯ ᎾᏍᎩ Ꮎ ᎤᏙᏓ ᎤᎬᏫᏳᎯ ᎢᎦᏤᎵ ᏥᏌ ᎦᎶᏁᏛ.
7. ᎾᏍᎩ ᎢᏳᏍᏗ ᏕᏣᏓᏓᏂᎸᎨᏍᏗᏉ, ᎾᏍᎩᏯ ᎾᏍᏉ ᎦᎶᏁᏛ ᏕᎦᏓᏂᎸᏨ ᎠᏴ, ᎾᏍᎩ ᎦᎸᏉᏗᏳ ᎢᏯᎬᏁᏗᏱ ᎤᏁᎳᏅᎯ.
8. ᎠᎴ ᎯᎠ ᏂᏥᏪᎭ, ᎾᏍᎩ ᏥᏌ ᎦᎶᏁᏛ ᏗᎨᏥᎤᏍᏕᏎᎸᎯ ᎤᏂᏅᏏᏓᏍᏗ ᏄᎵᏍᏔᏅᎩ ᎬᏂᎨᏒ ᎢᏳᏩᏁᏗᏱ ᎦᏰᎪᎩ ᏂᎨᏒᎾ ᎨᏒ ᎤᏁᎳᏅᎯ, ᏧᏍᏓᏱᏗᏍᏗᏱ ᎨᏥᏚᎢᏍᏓᏁᎸᎯ ᎨᏒ ᎠᏂᎦᏴᎵᎨᎢ.
9. ᎠᎴ ᎾᏍᎩ ᏧᎾᏓᎴᏅᏛ ᏴᏫ ᎤᏂᎸᏉᏙᏗᏱ ᎤᏁᎳᏅᎯ ᎤᏓᏙᎵᏍᏗᏳ ᎨᏒ ᎢᏳᏍᏗ; ᎾᏍᎩᏯ ᎯᎠ ᏥᏂᎬᏅ ᏥᎪᏪᎳ, ᎾᏍᎩ ᎢᏳᏍᏗ ᏓᎬᏁᎢᏍᏔᏂ ᎠᏁᎲ ᏧᎾᏓᎴᏅᏛ ᏴᏫ, ᎠᎴ ᏙᏓᏥᏃᎩᏍᏔᏂ ᏕᏣᏙᎥᎢ.
10. ᏔᎵᏁᏃ ᎯᎠ ᏂᎦᏪᎭ, ᎢᏣᎵᎮᎵᎩ ᏗᏣᏓᎴᏅᏛ ᏴᏫ, ᏗᏣᎵᎪᎲᏏ ᏧᏤᎵ ᏴᏫ.
11. ᏔᎵᏁᏃ, ᎡᏥᎸᏉᏓ ᏱᎰᏩ, ᏂᎦᏗᏳ ᏗᏣᏓᎴᏅᏛ ᏴᏫ; ᎠᎴ ᎡᏥᎸᏉᏓ, ᏂᏥᎥᏉ ᏴᏫ.
12. ᏔᎵᏁᏃ ᎢᏌᏯ ᎯᎠ ᏂᎦᏪᎭ; ᎤᎿᎭᏍᏕᏢ ᎦᎾᏄᎪᎨᏍᏗ ᏤᏏᏱ, ᎠᎴ ᎠᏏᏴᏫ ᏙᏛᎴᏂ ᎤᎬᏫᏳᏌᏕᎩ ᎢᏳᎵᏍᏙᏗᏱ ᏧᎾᏓᎴᏅᏛ ᏴᏫ ᎠᏁᎲᎢ; ᎾᏍᎩ ᏧᎾᏓᎴᏅᏛ ᏴᏫ ᏓᎬᏩᎵᏍᎦᏍᏙᏔᏂ.
13. ᎾᏍᎩᏃ ᎤᏁᎳᏅᎯ ᎤᏚᎩ ᎬᏗ ᎨᏒ ᎠᏓᏁᎯ ᎢᏥᎧᎵᎢᏍᏗ ᎨᏎᏍᏗ ᏄᏓᎴᏒ ᎤᎵᎮᎵᏍᏗ ᎨᏒ ᎠᎴ ᏅᏩᏙᎯᏯᏛ ᎨᏒ ᎢᏦᎯᏳᏒ ᎢᏳᏩᏂᏌᏛ, ᎾᏍᎩ ᎤᏣᏔᏅᎯ ᎢᏳᎵᏍᏙᏗᏱ ᎤᏚᎩ ᎢᏨᏒᎢ, ᎦᎸᏉᏗᏳ ᎠᏓᏅᏙ ᎤᎵᏂᎬᎬ ᎢᏳᏩᏂᏌᏛ.
14. ᎠᎴ ᎠᏋᏒ ᎾᏍᏉ ᎠᏉᎯᏳᎭ ᏂᎯ ᎢᏨᏯᏓᏅᏖᏍᎬᎢ, ᎢᏓᎵᏅᏟ, ᎾᏍᎩ ᏂᎯ ᎾᏍᏉ ᎣᏍᏛ ᎨᏒ ᎢᏥᎧᎵᎢ ᎨᏒᎢ, ᎠᎴ ᏄᏓᎴᏒ ᎠᎦᏙᎥᎯᏍᏗᎨᏒ ᎢᏥᎧᎵᎥᎢ, ᏰᎵᏉ ᎾᏍᏉ ᏗᎨᏣᏓᎬᏍᎪᎸᏗ ᎨᏒᎢ.
15. ᎠᏎᏃ ᎢᏓᎵᏅᏟ, ᎤᏟ ᎢᎦᎢ ᏂᏥᎾᏰᏍᎬᎾ ᏫᏨᏲᏪᎳᏏ ᎢᏨᏯᏅᏓᏗᏍᏗᏍᎬᎢ, ᏅᏗᎦᎵᏍᏙᏗᎭ ᎤᏁᎳᏅᎯ ᎠᎩᏁᎸ ᎬᏩᎦᏘᏯ ᎤᏓᏙᎵᏍᏗ ᎨᏒᎢ,
16. ᎾᏍᎩ ᏥᏌ ᎦᎶᏁᏛ ᎠᎩᏅᏏᏙᎯ ᎢᏯᏆᎵᏍᏙᏗᏱ ᏧᎾᏓᎴᏅᏛ ᏴᏫ ᎠᏁᎲᎢ, ᎦᎸᏉᏗᏳ ᏓᎩᎸᏫᏍᏓᏁᎲ ᎣᏍᏛ ᎧᏃᎮᏛ ᎤᏁᎳᏅᎯ ᎤᏤᎵᎦ ᎬᏗᏍᎬᎢ, ᎾᏍᎩ ᎦᎵᏍᎪᎸᏗᏍᎬ ᏧᎾᏓᎴᏅᏛ ᏴᏫ ᎦᏥᏯᎵᏍᎪᎸᏗᏍᎬᎢ ᏧᏓᏂᎸᎢᏍᏗ ᎢᏳᎵᏍᏙᏗᏱ, ᎦᎸᏉᏗᏳ ᎢᏳᏩᏁᎸᎯ ᎦᎸᏉᏗᏳ ᎠᏓᏅᏙ.
17. ᎾᏍᎩ ᎢᏳᏍᏗ ᎠᎩᎭ ᎠᏆᏢᏉᏙᏗ ᏥᏌ ᎦᎶᏁᏛ ᎢᏳᏩᏂᏌᏛ, ᎾᏍᎩ ᎾᎿᎭᎤᏁᎳᏅᎯ ᎤᏤᎵ ᎤᎬᏩᎵ ᎨᏒᎢ.
18. ᎥᏝᏰᏃ ᏰᎵ ᏴᎦᏥᏁᎢᏍᏓ ᎾᏍᎩ ᎦᎶᏁᏛ ᏄᏛᏁᎸᎾ ᎨᏒ ᎠᏴ ᎠᏋᏗᏍᎬᎢ, ᏧᎾᏓᎴᏅᏛ ᏴᏫ ᎬᏩᏃᎯᏳᏗ ᏂᏕᎬᏁᎲᎢ, ᎧᏃᎮᏛ ᎠᎴ ᏗᎦᎸᏫᏍᏓᏁᏗ ᎨᏒ ᎬᏗᏍᎬᎢ,
19. [ᎠᎴ] ᎬᏗᏍᎬ ᎤᏰᎸᏛᎢ ᎠᎴ ᎤᏍᏆᏂᎪᏗ, ᎤᏁᎳᏅᎯ ᎤᏓᏅᏙ ᎤᎵᏂᎩᏗᏳ ᎨᏒ ᎬᏗᏍᎬᎢ; ᎾᏍᎩ ᏥᎷᏏᎵᎻ ᎤᏓᎴᏅᏛ, ᎠᎴ ᎤᏚᏫᏛ ᎢᎵᎵᎦᎻ ᏩᏍᏗ, ᎤᎧᎵᏨᎯ ᎠᏆᎵᏥᏙᏅ ᎣᏍᏛ ᎧᏃᎮᏛ ᎦᎶᏁᏛ ᎤᏤᎵᎦ;
20. ᎾᏍᎩᏃ ᏄᏍᏛᎩ ᎠᏆᏟᏂᎬᏁᎸᎩ ᎣᏍᏛ ᎧᏃᎮᏛ ᎠᏆᎵᏥᏙᏗᏱ, ᎥᏝ ᎾᎿᎭᎦᎶᏁᏛ ᎠᏥᏁᎢᏍᏔᏅᎢ, ᎩᎶ ᎤᏅᎯ ᎦᎫᏍᏛᏗ ᎠᏆᏁᏍᎨᏍᏗᏱ ᏂᎨᏒᎾ;
21. ᎾᏍᎩᏯᏍᎩᏂ ᎯᎠ ᏥᏂᎬᏅ ᏥᎪᏪᎳ, ᎾᏍᎩ ᎨᏥᏁᎢᏍᏓᏁᎸᎯ ᏂᎨᏒᎾ ᎨᏒᎢ, ᎾᏍᎩ ᏛᏂᎪᎯ; ᎠᎴ ᎾᏍᎩ Ꮎ ᎤᎾᏛᎦᏅᎯ ᏂᎨᏒᎾ ᎨᏒ ᎾᏍᎩ ᏛᏃᎵᏥ.
22. ᎾᏍᎩ ᎾᏍᏉ ᏅᏗᎦᎵᏍᏙᏗᎭ ᎤᏣᏘ ᏧᏓᎴᏅᏛ ᎠᎩᏲᏍᏙᏓᏏ ᏫᏨᎷᏤᏗᏱ;
23. ᎪᎯᏍᎩᏂ ᎿᎭᏉ ᎢᎸᎯᏢ ᏄᏜᏓᏅᏛᎾ ᏥᎩ ᎠᏂ ᎤᏚᏫᏛ, ᎠᎴ ᎢᎸᏍᎩ ᎾᏕᏘᏴ ᎤᏣᏘ ᏥᏅᏆᏚᎵᏍᎪ ᏫᏨᎷᏤᏗᏱ;
24. ᎢᏳᏃ ᏍᏆᏂᏱ ᎨᏒᎭ, ᏫᏨᎷᏤᏗ ᎨᏎᏍᏗ; ᎤᏚᎩᏰᏃ ᎠᏋᎭ ᎢᏨᎪᏩᏛᏗᏱ ᎾᎿᎭᏫᏥᎦᏖᏍᏗ, ᎠᎴ ᎾᎿᎭᎢᏗᏢ ᏫᏍᎩᏯᎪᏗᏱ, ᎢᏳᏃ ᎢᎬᏱ ᎠᎴᏉ ᏰᎵ ᎾᎩᏰᎸᏁᏍᏗ ᎢᏨᏰᎳᏗᏙᎸᎢ.
25. ᎪᎯᏍᎩᏂ ᏥᎩ ᎠᏇᏏᏗ ᏥᎷᏏᎵᎻ ᎦᏥᏍᏕᎸᎯ ᎤᎾᏓᏅᏘ.
26. ᎣᏏᏳᏰᏃ ᎤᏂᏰᎸᏅ ᎹᏏᏙᏂ ᎠᎴ ᎡᎦᏯ ᎠᏁᎯ ᎪᎱᏍᏗ ᎤᏂᏗᏱ ᏅᏲ ᎢᏳᎾᏛᎿᎭᏕᎩ ᎤᎾᏓᏅᏘ ᏥᎷᏏᎵᎻ ᎠᏁᎯ ᎤᎾᎵᏍᏕᎸᏙᏗ.
27. ᎣᏏᏳ ᎤᏂᏰᎸᏅ ᎤᏙᎯᏳᎯ; ᎠᎴ ᎾᏍᎩ ᎬᏩᏂᏚᎦ. ᎢᏳᏰᏃ ᏧᎾᏓᎴᏅᏛ ᏴᏫ ᎤᏁᎳᏗᏍᏔᏅᎯ ᏱᎩ ᎾᏍᎩ ᎤᎾᏤᎵ ᏧᏓᎴᏅᏛ ᎠᏓᏅᏙ ᎤᎵᏍᏕᎸᏙᏗ ᎤᎬᏩᎵ, ᎢᏳᎾᏛᏁᏗ ᎾᏍᏉ ᏄᎾᎵᏍᏓᏁᎲᎩ ᎾᏍᎩ ᏧᏂᏍᏕᎸᏗᏱ ᎤᏇᏓᎵ ᎤᎵᏍᏕᎸᏙᏗ ᎤᎬᏩᎵ.
28. ᎾᏍᎩᏃ ᎢᏳᏍᏗ ᎿᎭᏉ ᎾᏍᎩ ᎯᎠ ᏥᏍᏆᏛᎭ, ᎠᎴ ᏄᏜᏓᏏᏛᏒᎾ ᏂᎦᏥᏴᏁᎸ ᎤᏂᎪᏩᏛᏗᏱ, ᎯᎠ ᎾᏍᎩ ᎤᏓᏔᏅᎯ, ᏫᏨᎶᎢᏍᏓᏁᏗ ᎨᏎᏍᏗ ᏍᏆᏂᏱ ᏫᏥᎦᏖᏍᏗ.
29. ᎠᎴ ᏥᎦᏔᎭ, ᎾᏍᎩ ᎿᎭᏉ ᏫᏨᎷᏤᎸᎭ ᏂᎦᎥ ᎣᏍᏛ ᎤᏓᏁᏗ ᎨᏒ ᎣᏍᏛ ᎧᏃᎮᏛ ᎦᎶᏁᏛ ᎤᏤᎵᎦ ᏥᏰᎮᏍᏗ ᏫᏨᎷᏤᏗ ᎨᏎᏍᏗ.
30. ᎠᎴ ᎢᏨᏍᏗᏰᏗᎭ ᎢᏓᎵᏅᏟ, ᎤᎬᏫᏳᎯ ᏥᏌ ᎦᎶᏁᏛ ᏅᏗᎦᎵᏍᏙᏗᎭ, ᎠᎴ ᏅᏗᎦᎵᏍᏙᏗᎭ ᎠᏓᎨᏳᏗ ᎨᏒ ᎠᏓᏅᏙ ᎤᏓᏁᏗ ᎨᏒᎢ, ᎾᏍᎩ ᏍᎩᏯᎵᎪᏁᏗᏱ ᎤᏁᎳᏅᎯ ᎡᏓᏓᏙᎵᏍᏓᏁᎲ ᎠᏴ ᎨᏒ ᎤᎬᏩᎵ,
31. ᎾᏍᎩ ᎦᏥᏯᏚᏓᎳᎡᏗᏱ ᎾᏍᎩ Ꮎ ᎠᏃᎯᏳᎲᏍᎩ ᏂᎨᏒᎾ ᏧᏗᏱ ᎠᏁᎯ; ᎠᎴ ᎾᏍᎩ ᎦᏥᏴᎡᎲ ᏥᎷᏏᎵᎻ ᎠᏁᎯ, ᏧᎾᏓᏂᎸᎢᏍᏗᏱᏉ ᎤᎾᏓᏅᏘ;
32. ᎠᎴ ᎾᏍᎩ ᎠᏴ ᎣᏏᏳ ᎤᏰᎸᏅᎯ ᎤᏁᎳᏅᎯ, ᎤᎵᎮᎵᏍᏗ ᎠᏆᏓᏅᏛ ᏫᏨᎷᏤᏗᏱ, ᎠᎴ ᎢᏧᎳᎭ ᏂᎯ ᏗᎩᎦᎵᏍᏙᎯᏍᏗᏱ.
33. ᎤᏁᎳᏅᎯᏃ ᏅᏩᏙᎯᏯᏛ ᎠᏓᏁᎯ ᏂᏥᎥ ᎢᏤᎳᏗᏙᎮᏍᏗ. ᎡᎺᏅ

== Romans 16 ==
1. ᎬᏂᎨᏒ ᏂᏨᏴᏁᎭ ᎣᎩᏙ ᏈᎩ, ᎾᏍᎩ ᎠᏯᏙᎯᎯ ᏧᎾᏁᎶᏗ ᎤᎾᏓᏡᎬ ᎡᏟᏯ;
2. ᎾᏍᎩ ᏤᏣᏓᏂᎸᎢᏍᏗᏱ ᎤᎬᏫᏳᎯ ᎨᏒ ᏅᏓᏳᎵᏍᏙᏗᏱ, ᎾᏍᎩᏯ ᏥᏚᏳᎪᏗ ᎢᏳᎾᏛᏁᏗᏱ ᎤᎾᏓᏅᏘ, ᎠᎴ ᎾᏍᎩ ᎡᏥᏍᏕᎸᏗᏱ ᏂᎦᎥᏉ ᎪᎱᏍᏗ ᎡᏥᏍᏕᎸᏗᏱ ᎤᏚᎵᏍᎬᎢ; ᎾᏍᎩᏰᏃ ᎤᏂᏣᏘ ᏧᏍᏕᎸᏛ, ᎠᎴ ᎠᏴ ᎾᏍᏉ ᎠᎩᏍᏕᎸᏛ.
3. ᏕᏥᏲᎵᎸᎭ ᏈᏏᎳ ᎠᎴ ᎡᏈᎳ, ᎢᏧᎳᎭ ᏦᎩᎸᏫᏍᏓᏁᎯ ᎦᎶᏁᏛ ᎤᏤᎵ ᏗᎦᎸᏫᏍᏓᏁᏗ ᎨᏒᎢ.
4. ᎾᏍᎩ ᎠᏴ ᎬᏅ ᎠᏂᏍᏕᎵᏍᎬᎢ, ᎤᏅᏒ ᏗᏂᏴᏤᏂ ᎡᎳᏗ ᏚᏂᏅᏅ; ᎾᏍᎩ, ᎥᏝ ᎠᏋᏒᏉ ᏱᎦᏥᏯᎵᎡᎵᏤᎭ, ᎾᏍᏉᏍᎩᏂ ᏂᎦᏛ ᏧᎾᏁᎶᏗ ᏚᎾᏓᏡᏩᏗᏒ ᏧᎾᏓᎴᏅᏛ ᏴᏫ ᏓᏁᏩᏗᏒᎢ;
5. ᎠᎴ ᎾᏍᏉ ᏕᏥᏲᎵᎸᎭ ᏧᎾᏁᎶᏗ ᎤᎾᏓᏡᎬ ᎾᎿᎭᎠᏂᏁᎸᎢ. ᎡᏥᏲᎵᎸᎭ ᎤᏣᏘ ᏥᎨᏳᎢ ᎢᏈᏂᏓ, ᎾᏍᎩ ᎢᎬᏱᏱ ᎤᎦᏛᎾᏨᎯ ᏥᏂᎦᎵᏍᏗᎭ ᎡᎦᏯ ᎦᎶᏁᏛ ᎠᎵᏍᎪᎸᏓᏁᏗ.
6. ᎺᎵ ᎡᏥᏲᎵᎸᎭ, ᎤᏣᏘ ᏧᎸᏫᏍᏓᏁᎸᎯ ᏥᎩ ᎠᏴ ᎣᎩᏍᏕᎵᏍᎬᎢ.
7. ᎥᏠᏂᎦ ᎠᎴ ᏧᏂᏯ ᏕᏥᏲᎵᎸᎭ, ᎾᏍᎩ ᎪᎱᏍᏗ ᏗᏋᏅ, ᎠᎴ ᎢᏧᎳᎭ ᏦᎩᏴᎩᏅᎯ, ᎾᏍᎩ ᎨᏥᎸᏉᏗ ᏥᎩ ᎨᏥᏅᏏᏛ ᎠᏁᎲᎢ; ᎾᏍᎩ ᎾᏍᏉ ᎢᎬᏱ ᎦᎶᏁᏛ ᏧᎾᏁᎶᏗ ᎢᏳᎾᎵᏍᏔᏅᎯ ᎠᏴ ᎣᏂ.
8. ᎠᎻᏟᏯ ᎡᏥᏲᎵᎸᎭ, ᎾᏍᎩ ᏥᎨᏳᎢ ᎢᏧᎳᎭ ᎣᏍᏙᎯᏳᎲᏍᎩ ᎤᎬᏫᏳᎯ.
9. ᎠᏇᏂ ᎡᏥᏲᎵᎸᎭ ᎢᏧᎳᎭ ᏦᎩᎸᏫᏍᏓᏁᎯ ᎦᎶᏁᏛ ᎤᏤᎵ ᏗᎦᎸᏫᏍᏓᏁᏗ ᎨᏒᎢ; ᎠᎴ ᏍᏕᎩ ᏥᎨᏳᎢ.
10. ᎠᏇᎵ ᎡᏥᏲᎵᎸᎭ, ᏣᎦᏓᏂᎸᏨᎯ ᎦᎶᏁᏛ ᎪᎯᏳᎲᏍᎩ ᎨᏒᎢ. ᎡᎵᏍᏓᏊᎳ ᏚᏓᏘᎾᎥ ᎠᏁᎳ ᏕᏥᏲᎵᎸᎭ.
11. ᎡᎶᏓᏂ ᎪᎱᏍᏗ ᎠᏋᏅ ᎡᏥᏲᎵᎸᎭ. ᎾᏏᏌ ᏚᏓᏘᎾᎥ ᎾᏍᎩ ᎤᎬᏫᏳᎯ ᎠᏃᎯᏳᎲᏍᎩ ᎨᏒ ᏕᏥᏲᎵᎸᎭ.
12. ᏜᏓᏈᎾ ᎠᎴ ᏜᏓᏉᏏ ᏕᏥᏲᎵᎸᎭ, ᎾᏍᎩ ᎤᎬᏫᏳᎯ ᎤᏤᎵ ᏧᏂᎸᏫᏍᏓᏁᎯ ᏥᎩ. ᎡᏥᏲᎵᎸᎭ ᎠᏥᎨᏳᎢ ᏆᏏ, ᎤᏣᏘ ᏧᎸᏫᏍᏓᏁᎸᎯ ᏥᎩ ᎤᎬᏫᏳᎯ ᎤᏤᎵᎦ.
13. ᎷᏆ ᎡᏥᏲᎵᎸᎭ, ᎾᏍᎩ ᎠᎦᏑᏰᏛ ᎤᎬᏫᏳᎯ ᎪᎯᏳᎲᏍᎩ, ᎠᎴ ᎾᏍᎩ ᎣᎩᏂᏥ.
14. ᏕᏥᏲᎵᎸᎭ ᎠᏏᏂᏟᏓ, ᏈᎵᎦᏂ, ᎭᎹᏏ, ᏆᏠᏆᏏ, ᎭᎻᏏ, ᎠᎴ ᎠᎾᎵᏅᏟ ᎾᏍᎩ ᎢᏧᎳᎭ ᏣᏁᎭ.
15. ᏕᏥᏲᎵᎸᎭ ᏆᎶᎳᎦ, ᎠᎴ ᏧᎵᎠ, ᏂᎵᎠ, ᎠᎴ ᎾᏍᎩ ᎤᏙ, ᎠᎴ ᎣᎵᎻᏆ, ᎠᎴ ᎾᏂᎥᏉ ᎤᎾᏓᏅᏘ ᎾᏍᎩ ᎢᏧᎳᎭ ᏣᏁᎭ.
16. ᎢᏨᏒ ᎨᏒ ᏕᏣᏓᏲᎵᎮᏍᏗ ᎢᏨᏗᏍᎨᏍᏗ ᎦᎸᏉᏗᏳ ᏗᏓᏙᏪᏙᎥᎯᏍᏗ ᎨᏒᎢ. ᏧᎾᏁᎶᏗ ᏚᎾᏓᏡᏩᏗᏒ ᎦᎶᏁᏛ ᏧᏤᎵᎦ ᏫᎨᏥᏲᎵᎭ.
17. ᎠᎴᏬ ᎢᏓᎵᏅᏟ, ᎢᏨᏍᏗᏰᏗᎭ ᏗᏣᎦᏌᏯᏍᏙᏗᏱ ᏗᎦᎴᏅᏗᏱ ᎠᎴ ᎤᏓᎿᎭᏍᏆᎶᏍᏗᏱ ᎢᏯᏅᏁᎯ, ᏗᎦᏘᎸᏍᏗᏱ ᏗᏕᏲᏅᎯ ᎨᏒ ᏄᏍᏛ ᎢᏣᏕᎶᏆᎥᎢ; ᎠᎴ ᏕᏣᏓᏅᎡᎮᏍᏗ.
18. ᎾᏍᎩᏰᏃ ᎢᏳᎾᏍᏗ ᎥᏝ ᎤᎬᏫᏳᎯ ᎢᎦᏤᎵ ᏥᏌ ᎦᎶᏁᏛ ᎪᎱᏍᏗ ᏯᎾᏛᏁᎭ, ᎤᏅᏒᏉᏍᎩᏂ ᎤᏂᏍᏉᎵᏱ; ᎠᎴ ᎤᏬᏚᎯ ᎠᎴ ᎣᏍᏛ ᎦᏬᏂᎯᏍᏗ ᎨᏒ ᎠᏅᏗᏍᎬᎢ ᏓᏂᎶᏄᎮᏍᎪ ᏧᏂᎾᏫ ᎾᏁᏯᏔᎲᎾ.
19. ᎢᏦᎯᏳᏒᏰᏃ ᏚᏃᏣᎶᏨ ᎾᏂᎥ ᏴᏫ ᎠᏁᎲᎢ. ᎾᏍᎩ ᎢᏳᏍᏗ ᎦᎵᎮᎵᎦ ᏂᎯ ᎨᏒ ᏅᏗᎦᎵᏍᏙᏗᎭ; ᎠᏎᏍᎩᏂᏃᏅ ᎠᏆᏚᎵᎭ ᎢᏥᎦᏔᎾᎢ ᎢᏣᎵᏍᏙᏗᏱ ᎣᏍᏛ ᎨᏒ ᎤᎬᏩᎵ, ᎠᏃ ᎤᏲ ᎨᏒ ᎤᎬᏩᎵ ᏂᏥᎦᏔᎾᎥᎾ.
20. ᎠᎴ ᎤᏁᎳᏅᎯ ᏅᏩᏙᎯᏯᏛ ᎠᏓᏁᎯ ᏂᎪᎯᎸᎾᏉ ᏎᏓᏂ ᎤᏪᏓᏫᏙᏗ ᏅᏓᎦᎵᏍᏓᏂ ᏗᏣᎳᏏᏕᏂ ᎭᏫᏂᏗᏢ. ᎬᏩᎦᏘᏯ ᎤᏓᏙᎵᏍᏗ ᎨᏒ ᎢᎦᏤᎵ ᎤᎬᏫᏳᎯ ᏥᏌ ᎦᎶᏁᏛ ᎢᏤᎳᏗᏙᎮᏍᏗ. ᎡᎺᏅ.
21. ᏗᎹᏗ ᎢᏧᎳᎭ ᏦᎩᏂᎸᏫᏍᏓᏁᎯ, ᎠᎴ ᎷᏏᏯ, ᎠᎴ ᏤᏌᏂ, ᎠᎴ ᏐᏏᏇᏓ ᎪᎱᏍᏗ ᏗᏋᏅ, ᏫᎨᏥᏲᎵᎦ.
22. ᎠᏴ ᏓᏏᏯ, ᎯᎠ ᎪᏪᎵ ᎠᏆᏪᎳᏅᎯ ᏫᏨᏲᎵᎦ ᎤᎬᏫᏳᎯ ᎨᏒ ᏅᏗᎦᎵᏍᏙᏗᎭ.
23. ᎦᏯ ᎠᎩᏍᏆᏂᎪᏗᏍᎩ ᎠᎴ ᎾᏂᎥᏉ ᏧᎾᏁᎶᏗ ᎤᎾᏓᏡᎬ ᏗᏍᏆᏂᎪᏗᏍᎩ, ᏫᏥᏲᎵᎦ. ᎢᎳᏍᏓ, ᎠᏰᎵ ᎡᎯ ᎦᏚᎲ ᎠᎲ ᎠᎦᏘᏯ, ᏫᏥᏲᎵᎦ, ᎠᎴ ᏉᏓ, ᎢᏓᎵᏅᏟ.
24. ᎬᏩᎦᏘᏯ ᎤᏓᏙᏍᏗ ᎨᏒ ᎢᎦᏤᎵ ᎤᎬᏫᏳᎯ ᏥᏌ ᎦᎶᏁᏛ ᎢᏤᎳᏗᏙᎮᏍᏗ ᏂᏥᎥᎢ. ᎡᎺᏅ.
25. ᎾᏍᎩᏃ ᏰᎵᏉ ᏗᏣᎵᏂᎪᎯᏍᏙᏗ ᏥᎩ ᎾᏍᎩᏯ ᏂᎦᏪᏍᎬ ᎣᏍᏛ ᎧᏃᎮᏛ ᎠᏆᏤᎵᎦ, ᎠᎴ ᎾᏍᎩᏯ ᏥᏌ ᎦᎶᏁᏛ ᎠᎦᎵᏥᏙᏅᎢ, ᎾᏍᎩᏯ ᎬᏂᎨᏒ ᎢᎬᏁᎸᎯ ᎨᏒ ᎤᏕᎵᏛ, ᎾᏍᎩ ᎡᎶᎯ ᏧᏓᎴᏅᎲ ᏅᏓᎬᏩᏓᎴᏅᏛ ᎠᏕᎵᏍᏔᏅᎯ ᏥᎨᏎᎢ,
26. ᎪᎯᏍᎩᏂ ᎿᎭᏉ ᎬᏂᎨᏒ ᎢᎬᏁᎸᎯ, ᎠᎴ ᎠᎾᏙᎴᎰᏍᎩ ᏧᏃᏪᎳᏅᎯ ᏗᎬᏔᏅᎯ ᎾᏍᎩᏯ ᎠᏓᏅᏖᏍᎬ ᎠᎵᏍᏆᏗᏍᎩ ᏂᎨᏒᎾ ᎡᎯ ᎤᏁᎳᏅᎯ ᎬᏂᎨᏒ ᎢᎨᎬᎸᎯ ᏂᎦᏗᏳ ᏧᎾᏓᎴᏅᏛ ᏴᏫ, ᎾᏍᎩ ᎪᎯᏳᏗ ᎨᏒ ᎤᏃᎯᏳᏗᏱ ᎤᎬᏩᎵ—
27. ᎤᏁᎳᏅᎯ ᎤᏩᏒᎯᏳ ᎠᎦᏔᎾᎢ ᏥᎩ, ᎦᎸᏉᏙᏗ ᎨᏎᏍᏗ ᏥᏌ ᎦᎶᏁᏛ ᎢᏳᏩᏂᏌᏛ ᏂᎪᎯᎸᎢ. ᎡᎺᏅ.

== I Corinthians 1 ==
1. ᏉᎳ, ᎠᏆᏑᏰᏛ ᎠᎩᏅᏏᏛ ᏥᏌ ᎦᎶᏁᏛ, ᎾᏍᎩᏯ ᎤᏁᎳᏅᎯ ᎤᏓᏅᏖᎸᎢ, ᎠᎴ ᏐᏍᏗᏂ ᎢᎩᏅᏟ,
2. ᏫᏨᏲᏪᎳᏏ ᏗᏣᏁᎶᏗ ᎢᏣᏓᏡᎬ ᎤᏁᎳᏅᎯ ᎤᏤᎵᎦ, ᎾᏍᎩ ᎪᎵᏂᏗᏱ ᏥᏣᏓᏡᎦ, ᎾᏍᎩ ᎢᏥᏍᎦᎾ ᏂᎨᏒᎾ ᎢᏰᏨᏁᎸᎯ ᏥᏌ ᎦᎶᏁᏛ ᎢᏳᏩᏂᏌᏛ, ᎡᏥᏯᏅᏛ ᎢᏣᏓᏅᏘ, ᎠᎴ ᎾᏂᎥ ᏂᎦᎥ ᏕᎨᏌᏗᏒ ᏥᏌ ᎦᎶᏁᏛ ᎢᎦᏤᎵ ᎤᎬᏫᏳᎯ ᏚᏙᎥ ᎠᏂᏁᎢᏍᏗᏍᎩ, ᎾᏍᎩ ᎢᏧᎳᏉ ᎾᏍᎩ ᎤᎾᏤᎵᎦ ᎠᎴ ᎠᏴ ᎢᎦᏤᎵᎦ;
3. ᎢᏣᏤᎵ ᎨᏎᏍᏗ ᎬᏩᎦᏘᏯ ᎤᏓᏙᎵᏍᏗ ᎨᏒ ᎠᎴ ᏅᏩᏙᎯᏯᏛ ᎢᏣᎵᏍᎪᎸᏔᏁᎸᎯ ᎤᏁᎳᏅᎯ ᎢᎩᏙᏓ, ᎠᎴ ᎤᎬᏫᏳᎯ ᏥᏌ ᎦᎶᏁᏛ.
4. ᏂᎪᎯᎸ ᏥᏯᎵᎡᎵᏤᎰ ᎤᏁᎳᏅᎯ ᎠᏆᏤᎵᎦ, ᏂᎯ ᎨᏒ ᎢᏳᏍᏗ, ᏅᏗᎦᎵᏍᏙᏗᏍᎪ ᎬᏩᎦᏘᏯ ᎤᏓᏙᎵᏍᏗ ᎨᏒ ᎤᏁᎳᏅᎯ, ᎾᏍᎩ ᏥᏌ ᎦᎶᏁᏛ ᎢᏳᏩᏂᏌᏛ ᎡᏥᏁᎸᎯ ᏥᎩ.
5. ᎾᏍᎩ ᎢᏤᏅᎢᏍᏔᏅᎯ ᏥᎩ ᏂᎦᎥ ᏄᏓᎴᏒᎢ—ᏂᎦᎥ ᏗᏕᏲᏗ ᎨᏒ ᎠᎴ ᏂᎦᎥ ᎠᏕᏙᎥᎯᏍᏗ ᎨᏒᎢ;
6. ᎾᏍᎩᏯ ᎦᎶᏁᏛ ᎠᏥᏃᎮᎸ ᎦᎪᎯᏳᏗ ᏁᏨᏁᎸᎢ;
7. ᎾᏍᎩ ᎡᏍᎦ ᏂᏦᎭᏍᎬᎾ ᎨᏒ ᏑᏓᎴᎩ ᎤᏅ ᎬᏩᎦᏘᏯ ᎤᏓᎵᏍᎪᎸᏓᏁᏗ ᎨᏒᎢ; ᎢᏥᎦᏖᏃᎲ ᎤᎷᎯᏍᏗ ᎨᏒ ᎢᎦᏤᎵ ᎤᎬᏫᏳᎯ ᏥᏌ ᎦᎶᏁᏛ;
8. ᎾᏍᎩ ᎾᏍᏉ ᏨᏓᏣᎵᏂᎪᎯᏍᏔᏂ ᎤᎵᏍᏆᏗᏍᏗ ᎨᏒ ᎬᏗᏍᎩ, ᎾᏍᎩ ᎦᏰᏧᎢᏍᏙᏗ ᏂᎨᏒᎾ ᎢᏳᎵᏍᏙᏗᏱ ᎾᎯᏳ ᎢᎦ ᎨᏎᏍᏗ ᎤᎬᏫᏳᎯ ᏥᏌ ᎦᎶᏁᏛ ᎤᏤᎵᎦ.
9. ᎤᏁᎳᏅᎯ ᏄᏓᎵᏓᏍᏛᎾ, ᎾᏍᎩ ᎢᏥᏯᏅᏛ ᏥᎩ ᎢᏣᎵᎪᏗᏱ ᎾᏍᎩ ᎤᏪᏥ ᏥᏌ ᎦᎶᏁᏛ ᎢᎦᏤᎵ ᎤᎬᏫᏳᎯ.
10. ᎾᏍᎩᏃ ᎢᏓᎵᏅᏟ ᎢᏨᏔᏲᏎᎭ ᏚᏙᎥ ᎬᏗᎭ ᎤᎬᏫᏳᎯ ᎢᎦᏤᎵᎦ ᏥᏌ ᎦᎶᏁᏛ, ᎾᏍᎩ ᎤᏠᏱᎭ ᎢᏥᏁᎢᏍᏗᏱ, ᎠᎴ ᏗᏣᎦᎴᏅᏗᏍᎩ ᏂᏤᎲᎾ ᎢᏳᎵᏍᏙᏗᏱ; ᎤᎧᎵᏨᎯᏉᏍᎩᏂ ᏗᏣᏚᏙᏙᏗᏱ ᎤᏠᏱᏉ ᎢᏣᏓᏅᏖᎵᏙᎲᎢ, ᎠᎴ ᎤᏠᏱᏉ ᏕᏧᎪᏗᏍᎬᎢ.
11. ᎥᎩᏃᏁᎸᎯᏰᏃ ᎢᎩ ᎢᏓᎵᏅᏟ ᏂᎯ ᎡᏥᏃᎮᏍᎬᎢ, ᎾᏍᎩ ᏠᎢ ᏚᏓᏘᎾᎥ ᎨᏥᏃᎮᏍᎬᎢ, ᎾᏍᎩ ᏗᏥᏲᏍᏗ ᎨᏒ ᎢᏤᎲᎢ.
12. ᎯᎠ ᎾᏍᎩ ᏂᏥᏪᎭ, ᎾᏍᎩ ᎢᏥᏏᏴᏫᎭ ᎨᏒ ᎯᎠ ᏂᏥᏪᏍᎬᎢ, ᎠᏴ ᏉᎳ ᏥᏯᎵᎪᏁᎯ; ᎠᏴᏃ ᎠᏉᎳ; ᎠᏴᏃ ᏏᏆᏏ; ᎠᏴᏃ ᎦᎶᏁᏛ.
13. ᎢᎸᏍᎩᏍᎪ ᎢᏯᏥᏛᎯ ᎦᎶᏁᏛ? ᏉᎳᏍᎪ ᏓᏓᎿᎭᏩᏍᏛ ᎠᎦᏛᏁ ᎢᏥᏍᏕᎸᏗᏱ? ᎠᎴᏍᎪ ᏉᎳ ᏚᏙᎥ ᏕᏣᏬᏍᏔᏁᎢ?
14. ᎤᏁᎳᏅᎯ ᏥᏯᎵᎡᎵᏤᎭ ᏂᎦᎵᏍᏙᏗᎭ ᎾᏍᎩ ᎢᏤᎲ ᎩᎶ ᏂᏥᏯᏬᎥᎾ ᎨᏒ ᏟᏍᏆ ᎠᎴ ᎦᏯ ᎤᏅᏒ;
15. ᎩᎶᏰᏃ ᎤᏩᏒᏉ ᏚᏙᎥ ᏓᏓᏬᏍᏗᎭ, ᏱᎬᏉᏎᎭ.
16. ᎠᎴ ᎾᏍᏉ ᏍᏗᏇᎾ ᏚᏓᏘᎾᎥ ᏕᎦᏥᏯᏬᎥᎩ; ᏅᏩᏓᎴᏃ ᎥᏝ ᏱᏆᏅᏔ ᏥᏯᏬᎥᎢ.
17. ᎦᎶᏁᏛᏰᏃ ᎥᏝ ᏱᎩᏅᏎ ᏗᏆᏓᏬᏍᏗᏱ, ᎠᏆᎵᏥᏙᏗᏱᏍᎩᏂ ᎣᏍᏛ ᎧᏃᎮᏛ; ᎥᏝ ᎠᎵᏏᎾᎯᏍᏗ ᎨᏒ ᎦᏬᏂᎯᏍᏗᏱ ᎠᏋᏙᏗᏱ, ᎦᎶᏁᏛᏰᏃ ᎤᏤᎵ ᏧᏓᎿᎭᏩᏛ ᎠᏎᏉᏉ ᏱᏅᎦᎵᏍᏓ.
18. ᏓᏓᎿᎭᏩᏍᏛᏰᏃ ᎧᏃᎮᏗ ᎨᏒ ᎠᎵᏍᎦᏁᏛ ᎤᏂᏰᎸᎭ ᎾᏍᎩ Ꮎ ᏧᏂᏲᎱᎯᏍᏗ ᏥᎩ; ᎠᏴᏍᎩᏂ ᎡᎩᏍᏕᎸᏗ ᏥᎩ ᎤᏁᎳᏅᎯ ᎤᎵᏂᎬᎬ ᎢᎩᏰᎸᎯ.
19. ᎯᎠᏰᏃ ᏂᎬᏅ ᎢᎦᏪᎳ, ᏓᏥᏛᏔᏂ ᎠᏂᏏᎾᏒ ᎠᏂᏏᎾᏌᏂ, ᎠᎴ ᎠᏎᏉ ᏅᏓᎦᏥᏴᏁᎵ ᎠᏁᏯᏔᎯ ᎠᏁᏯᏔᎲᎢ.
20. ᎭᏢ ᎠᏏᎾᏌᏂ? ᎭᏢ ᏗᎪᏪᎵᏍᎩ? ᎭᏢ ᎦᏬᏂᏍᎬ ᎠᏗᏒᎯᎯ ᎠᏂ ᎡᎶᎯ ᎡᎯ? ᏝᏍᎪ ᎤᏁᎳᏅᎯ ᎠᎵᏍᎦᏁᏛᏉ ᏱᏄᏩᏁᎸ ᎠᏏᎾᏌᏅ ᎡᎶᎯ?
21. ᎤᏁᎳᏅᎯᏰᏃ ᎠᏏᎾᏌᏂᏳ ᎨᏒ ᏥᏄᏩᏂᏌᏁ ᎡᎶᎯ ᎠᏂᏏᎾᏌᏅ ᎠᏅᏗᏍᎬ ᎤᏁᎳᏅᎯ ᏂᎬᏩᎦᏔᎲᎾ ᏥᎨᏎᎢ, ᎤᏁᎳᏅᎯ ᎣᏏ ᎤᏰᎸᏁ ᎠᎵᏍᎦᏁᏛ ᎠᎵᏥᏙᏗ ᎨᏒ ᎤᏮᏙᏗᏱ ᏧᏍᏕᎸᏗᏱ ᎠᏃᎯᏳᎲᏍᎩ.
22. ᎠᏂᏧᏏᏰᏃ ᎤᏰᎸᏛ ᎠᏂᏔᏲᎯᎭ, ᎠᏂᎪᎢᏃ ᎠᏏᎾᏌᏂᏳ ᎨᏒ ᎤᏂᏲᎭ;
23. ᎠᏴᏍᎩᏂ ᎦᎶᏁᏛ ᏓᏓᎿᎭᏩᏍᏛ ᎠᎦᏛᏅᎯ ᎣᏣᎵᏥᏙᎲᏍᎦ, ᎾᏍᎩ ᎠᏂᏧᏏ ᏧᏃᏕᏍᏗᏍᎩ, ᎠᏂᎪᎢᏃ ᎠᎵᏍᎦᏁᏛ ᎤᏂᏰᎸᎯ;
24. Ꮎ-ᏍᎩᏂ ᎨᏥᏯᏅᏛ ᏥᎩ, ᎢᏧᎳᏉ ᎠᏂᏧᏏ ᎠᎴ ᎠᏂᎪᎢ, ᎦᎶᏁᏛ ᎤᏁᎳᏅᎯ ᎤᎵᏂᎩᏗᏳ ᎨᏒ ᎠᎴ ᎠᏏᎾᏌᏂᏳ ᎨᏒ ᎤᏂᏰᎸᎯ.
25. ᎠᎵᏍᎦᏁᏛᏰᏃ ᎤᏁᎳᏅᎯ ᎤᏤᎵ ᎤᏟ ᎾᏏᎾᎯ ᎡᏍᎦᏉ ᏴᏫ; ᎠᎴ ᎠᏩᎾᎦᎳ ᎨᏒ ᎤᏁᎳᏅᎯ ᎤᏤᎵ ᎤᏟ ᏄᎵᏂᎬᎦ ᎡᏍᎦᏉ ᏴᏫ.
26. ᎢᏥᎪᏩᏗᎭᏰᏃ, ᎢᏓᎵᏅᏟ, ᏄᏍᏛ ᎡᏥᏯᏅᎲᎢ, ᎾᏍᎩ ᎥᏝ ᏳᏂᏣᏔ ᎠᏂᏏᎾᏌᏂ ᎤᏇᏓᎵ ᎤᎬᏩᎵ ᎨᏒᎢ, ᎥᏝ ᎠᎴ ᏳᏂᏣᏔ ᏧᎾᎵᏂᎩᏛ, ᎥᏝ ᎠᎴ ᏳᏂᏣᏔ ᎨᏥᎸᏉᏗ;
27. ᎤᏁᎳᏅᎯᏍᎩᏂ ᏚᏑᏰᏒ ᎤᎾᎵᏍᎦᏂᏍᏛ ᎨᏥᏰᎸᎯ ᎠᏁ ᎡᎶᎯ, ᎾᏍᎩ ᏧᏕᎰᎯᏍᏙᏗᏱ ᎠᏂᎦᏔᎾᎢ; ᎠᎴ ᎤᏁᎳᏅᎯ ᏚᏑᏰᏒ ᎠᏂᏩᎾᎦᎳ ᎨᏥᏰᎸᎯ ᎠᏂ ᎡᎶᎯ, ᎾᏍᎩ ᏧᏕᎰᎯᏍᏙᏗᏱ ᏧᎾᎵᏂᎩᏛ;
28. ᎠᎴ ᎡᏍᎦ ᎤᏃᎭᏛ ᎠᏂ ᎡᎶᎯ, ᎠᎴ ᏅᎵᏌᎵ ᎨᏥᏰᎸᎯ ᎤᏁᎳᏅᎯ ᏚᏑᏰᏒ, ᎠᎴ ᎾᏍᎩ ᎾᏁᎲᎾ ᎨᏒᎢ, ᎾᏍᎩ ᎠᏎᏉᏉ ᎢᏳᎾᎵᏍᏙᏗᏱ ᎾᏍᎩ ᏣᏁᎭ;
29. ᎾᏍᎩ ᎩᎶ ᎤᏇᏓᎵ ᎨᏒ ᎤᏢᏈᏍᏗᏱ ᏂᎨᏒᎾ ᎾᏍᎩ ᎠᎦᏔᎲᎢ.
30. ᏂᎯᏍᎩᏂ ᎾᏍᎩ ᎢᏥᎾᏄᎪᏫᏒᎯ ᎢᎩ, ᏥᏌ ᎦᎶᏁᏛ ᎢᏳᏩᏂᏌᏛ, ᎾᏍᎩ ᎠᎦᏙᎥᎯᏍᏗ ᎨᏒ ᎠᎴ ᏚᏳᎪᏛ ᎨᏒ ᎠᎴ ᎾᏍᎦᏅᎾ ᎢᎬᏁᏗ ᎨᏒ, ᎠᎴ ᎠᎫᏴᏙᏗ ᎨᏒ, ᎠᏴ ᎢᎬᏁᎸᎯ ᏥᎩ ᎤᏁᎳᏅᎯ;
31. ᎾᏍᎩᏯ ᎯᎠ ᏥᏂᎬᏅ ᏥᎪᏪᎳ, ᎩᎶ ᎠᏢᏈᏍᎨᏍᏗ ᏱᎰᏩ ᎠᏢᏆᏍᏙᏗᏍᎨᏍᏗ.

== I Corinthians 2 ==
1. ᎠᎴ ᎠᏴ ᎢᏓᎵᏅᏟ, ᏫᏨᎷᏤᎸ, ᎥᏝ ᎣᏌᏂ ᎦᏬᏂᎯᏍᏗ ᎨᏒ ᎠᎴ ᎠᎦᏙᎥᎯᏍᏗ ᎨᏒ ᏱᏨᎷᎯᏍᏓᏁᎴᎢ, ᎢᏨᏃᏁᎲ ᎪᎯᏳᏗᏍᎩ ᎤᏁᎳᏅᎯ ᎤᏤᎵᎦ.
2. ᏓᏊᎪᏔᏅᎩᏰᏃ ᎾᏍᎩ ᎪᎱᏍᏗ ᎠᎩᎦᏙᎥᎯᏍᏗᏱ ᏂᎨᏒᎾ ᏂᎯ ᎢᏤᎲ, ᎤᏩᏒᎯᏳ ᏥᏌ ᎦᎶᏁᏛ ᎠᎴ ᎾᏍᎩ ᏓᏓᎿᎭᏩᏍᏛ ᎠᎦᏛᏅᎯ.
3. ᎠᎴ ᏥᏩᎾᎦᎸᎢ, ᎠᎴ ᏥᎾᏰᏍᎬᎢ, ᎠᎴ ᎤᏣᏘ ᎠᎩᎾᏫᏍᎬ ᎢᏨᏰᎳᏗᏙᎲᎩ.
4. ᎠᎴ ᏥᏬᏂᏍᎬ ᎠᎴ ᎦᎵᏥᏙᎲᏍᎬᎢ ᎥᏝ ᏴᏫ ᎤᏤᎵ ᎠᏓᏍᏗᏰᏗᏍᎩ ᎠᎦᏙᎥᎪᏍᏗ ᎨᏒ ᏱᎬᏗᏍᎨᎢ, ᎠᏓᏅᏙᏍᎩᏂ ᎠᎴ ᎤᎵᏂᎩᏗ ᎨᏒ ᏄᏜᏓᏏᏛᏒᎾ ᏂᎬᏁᎲᎢ;
5. ᎾᏍᎩ ᎢᏦᎯᏳᏒ ᏴᏫ ᎠᏂᎦᏔᎿᎭᎥᎢ ᏄᎵᏍᎦᏍᏙᏛᎾ ᎢᏳᎵᏍᏙᏗᏱ, ᎤᏁᎳᏅᎯᏍᎩ ᎤᎵᏂᎩᏗᏳ ᎨᏒᎢ.
6. ᎠᎦᏙᎥᎯᏍᏗᏍᎩᏂᏃᏅ ᎨᏒ ᎣᏨᏗᏍᎪ ᎣᏥᏬᏂᎯ ᎪᎱᏍᏗ ᏄᏂᎷᎶᏤᎲᎾ; ᎥᏝ ᎠᏗᎾ ᎡᎶᎯ ᎤᏤᎵ ᎠᎦᏙᎥᎯᏍᏗ ᎨᏒᎢ, ᎥᏝ ᎠᎴ ᎤᏂᎬᏫᏳᎯ ᎡᎶᎯ ᎠᏁᎯ ᎤᎾᏤᎵᎦ, ᎾᏍᎩ ᎠᏎᏉᏉ ᎢᎦᎵᏍᏗᏍᎩ ᏥᎩ.
7. ᎠᏴᏍᎩᏂ ᎣᏥᏬᏂᏍᎪ ᎣᏨᏗᏍᎪ ᎠᎦᏙᎥᎯᏍᏗ ᎨᏒ ᎤᏁᎳᏅᎯ ᎤᏤᎵᎦ, ᎤᏕᎵᏛ ᎨᏒᎢ, ᎾᏍᎩ ᎬᏍᎦᎵ, ᎾᏍᎩ ᎢᏳᎵᏍᏙᏗᏱ ᏥᏚᏭᎪᏔᏁ ᎤᏁᎳᏅᎯ ᎡᎶᎯ ᎠᏏ ᏂᎨᏒᎾ ᏥᎨᏎᎢ, ᏧᎬᏩᎴ ᎠᏴ ᎡᎩᎸᏉᏙᏗᏱ.
8. ᎾᏍᎩ ᎥᏝ ᎩᎶ ᏗᎨᎦᏁᎶᏗ ᎡᎶᎯ ᎠᏁᎯ ᏱᏂᎦᏔᎮᎢ; ᏱᎠᏂᎦᏔᎮᏰᏃ ᎥᏝ ᎦᎸᏉᏗᏳ ᎤᎬᏫᏳᎯ ᏓᏓᎿᎭᏩᏍᏛ ᏱᎬᏩᎾᏛᏁᎢ;
9. ᎾᏍᎩᏯᏍᎩᏂ ᎯᎠ ᏥᏂᎬᏅ ᏥᎪᏪᎳ, ᎩᎶ ᎤᎪᎲᎯ ᏂᎨᏒᎾ, ᎠᎴ ᎤᏛᎦᏅᎯ ᏂᎨᏒᎾ, ᎠᎴ ᏴᏫ ᎤᎾᏫᏱ ᎤᏴᎸᎯ ᏂᎨᏒᎾ, ᎾᏍᎩ ᏄᏍᏛ ᎤᏁᎳᏅᎯ ᏚᏛᏅᎢᏍᏓᏁᎸ ᎾᏍᎩ ᎬᏩᎨᏳᎯ.
10. ᎠᏎᏃ ᎤᏁᎳᏅᎯ ᎬᏂᎨᏒ ᏂᎬᏁᎸ ᎤᏓᏅᏙ ᎤᏮᏔᏅ; ᎠᏓᏅᏙᏰᏃ ᏂᎦᎥ ᏧᏓᎴᏅᏛ ᎠᎪᎵᏰᏍᎪᎢ, ᎾᏍᏉ ᎬᏍᎦᎵ ᎨᏒ ᎤᏁᎳᏅᎯ ᎤᏤᎵᎦ.
11. ᎦᎪᏰᏃ ᎢᏳᏍᏗ ᏴᏫ ᏧᏓᎴᏅᏛ ᏴᏫ ᏧᏤᎵᎦ ᎠᎦᏔᎭ? ᎤᏩᏒᏉᏍᎩᏂ ᏴᏫ ᎤᏓᏅᏙ ᎾᏍᎩ ᏧᏯᎠ. ᎾᏍᎩᏯ ᎾᏍᏉ ᏧᏓᎴᏅᏛ ᎤᏁᎳᏅᎯ ᏧᏤᎵᎦ ᎥᏝ ᎩᎶ ᏯᎦᏔᎭ, ᎤᏁᎳᏅᎯ ᎤᏓᏅᏙ ᎤᏩᏒ.
12. ᎠᎴ ᎠᏴ ᎥᏝ ᎠᏓᏅᏙ ᎡᎶᎯ ᎡᎯ ᏱᏙᎦᏓᏂᎸᏨ, ᎠᏓᏅᏙᏍᎩᏂ ᎤᏁᎳᏅᎯᏱ ᏅᏓᏳᏓᎴᏅᎯ, ᎾᏍᎩ ᎣᎩᎦᏙᎥᎯᏍᏗᏱ ᎾᏍᎩ ᎬᏩᎦᏘᏯ ᎣᎩᏁᎸᎯ ᎨᏒ ᎤᏁᎳᏅᎯ.
13. ᎾᏍᎩ ᎾᏍᏉ ᎣᏥᏃᎮᏍᎪᎢ, ᎥᏝ ᏲᏨᏗᏍᎪ ᎦᏬᏂᎯᏍᏗ ᏴᏫ ᎤᏤᎵ ᎠᎦᏙᎥᎯᏍᏗ ᎨᏒ ᏧᏕᏲᏅᎯ, ᎦᎸᏉᏘᏳᏍᎩᏂ ᎠᏓᏅᏙ ᏧᏕᏲᏅᎯ; ᎠᏓᏅᏙ ᎤᎵᏍᎪᎸᏔᏅᎯ ᎬᏂᎨᏒ ᏂᏙᏨᏁᎰ ᎠᏓᏅᏙ ᎤᏁᎯ.
14. ᏴᏫᏍᎩᏂ ᎤᏓᏁᏟᏴᏛ ᏂᎨᏒᎾ ᎨᏒ ᎥᏝ ᏱᏓᏓᏂᎸᎪ ᎤᏁᎳᏅᎯ ᎤᏓᏅᏙ ᎤᎵᏍᎪᎸᏔᏅᎯ; ᎠᎵᏍᎦᏁᏛᏉᏰᏃ ᏚᏰᎸᏐᎢ; ᎥᏝ ᎠᎴ ᏗᎬᏬᎵᏍᏗ ᏱᎨᏐᎢ, ᏅᏗᎦᎵᏍᏙᏗᏍᎪ ᎠᏓᏅᏙ ᎬᏗ ᏗᎬᎪᏩᏛᏗ ᎨᏒᎢ.
15. Ꮎ-ᏍᎩᏂ ᎠᏓᏅᏙ ᎤᏪᎯ ᏂᎦᎥ ᎠᎪᏩᏘᏍᎪᎢ, ᎠᏎᏃ ᎤᏩᏒ ᏄᏍᏛ ᎥᏝ ᎩᎶ ᏳᎪᏩᏘᏍᎪᎢ.
16. ᎦᎪᎨ ᎤᎦᏙᎥᏐ ᏱᎰᏩ ᎤᏓᏅᏛᎢ, ᎾᏍᎩ ᏰᎵ ᎬᏪᏲᏗ ᎢᎬᏩᎵᏍᏙᏗ? ᎠᏴᏍᎩᏂ ᎦᎶᏁᏛ ᎤᏓᏅᏛ ᎢᎨᎭ.

== I Corinthians 3 ==
1. ᎠᎴ ᎠᏴ, ᎢᏓᎵᏅᏟ, ᎥᏝ ᎠᏓᏅᏙ ᏧᎾᏘᏂᏙᎯ ᎾᏍᎩᏯ ᎨᏨᏬᏁᏙᏗ ᏱᎨᏎᎢ, ᎤᏇᏓᎵᏉᏍᎩᏂ ᏧᎾᏘᏂᏙᎯ ᎾᏍᎩᏯᎢ, ᎾᏍᎩᏯᏉ ᏧᎾᏍᏗ ᏗᏂᏲᎵ ᎦᎶᏁᏛ ᏚᎾᏚᏓᏛ ᎨᏒᎢ.
2. ᎤᏅᏗ ᎢᏨᏰᎳᏍᏗᏍᎬᎩ ᎥᏝᏃ ᎪᎱᏍᏗ ᎠᎩᏍᏗ; ᏧᏩᎫᏔᏅᏒᏰᏃ ᎥᏝ ᏰᎵ ᎨᏥᎩᏍᏗ ᏱᎨᏎᎢ, ᎠᎴ ᎪᎯ ᎨᏒ ᎥᏝ ᎠᏏ ᏰᎵ ᏱᎩ.
3. ᎠᏏᏉᏰᏃ ᎤᏇᏓᎵ ᏕᏣᏘᏂᏙᎭ; ᎾᏍᎩᏰᏃ ᏥᏤᎭ ᎠᏛᏳᎨᏗ ᎨᏒᎢ, ᎠᎴ ᎠᏗᏒᏍᏗ ᎨᏒᎢ, ᎠᎴ ᎢᎸᏍᏗ ᎢᏯᏓᏗᏍᏗ ᎨᏒᎢ, ᏝᏍᎪ ᎤᏇᏓᎵ ᎢᏣᏘᏂᏙᎯ ᏱᎩ, ᎠᎴ ᏴᏫᏉ ᎤᏁᏓᏍᏗ ᎾᏍᎩᏯ ᏱᏣᏙᎭ?
4. ᎠᏏᏴᏫᏰᏃ ᎯᎠ ᏥᏂᎦᏪᏍᎪᎢ, ᎠᏴ ᏉᎳ ᏥᏯᎵᎪᏁᎯ, ᏅᏩᏓᎴᏃ, ᎠᏴ ᎠᏉᎳ ᏥᏯᎵᎪᏁᎯ; ᏝᏍᎪ ᎤᏇᏓᎵ ᏗᏣᏘᏂᏙᎯ ᏱᎩ?
5. ᎦᎪᎨᏃ ᎢᏳᏍᏗ ᏉᎳ, ᎠᎴ ᎠᏉᎳ ᎦᎪ? ᏝᏍᎪ ᎨᏥᏅᏏᏓᏍᏗᏉ ᏱᎩ, ᎾᏍᎩ ᎢᏳᏅᏂᏌᏛ ᏥᏦᎯᏳᏅᎩ, ᎾᏍᎩᏯ ᎤᎬᏫᏳᎯ ᎠᏂᏏᏴᏫᎭ ᏚᏁᎸᎢ?
6. ᎠᏴ ᎠᎩᏫᏒᎩ, ᎠᏉᎳ ᎠᎹ ᎤᏍᏚᏢᎩ; ᎤᏁᎳᏅᎯᏍᎩᏂ ᎤᏁᏉᎢᏍᏗᏱ ᏄᏩᏁᎸᎩ.
7. ᎾᏍᎩᏃ Ꮎ ᎠᏫᏍᎩ ᎥᏝ ᎪᎱᏍᏗ ᏱᎩ, Ꮎ ᎠᎴ ᎠᎹ ᎠᏍᏚᏟᏍᎩ, ᎤᏁᎳᏅᎯᏍᎩᏂ ᎤᏁᏉᎢᏍᏗᏱ ᎢᎬᏁᎯ ᏥᎩ.
8. ᎾᏍᎩᏃ Ꮎ ᎠᏫᏍᎩ ᎠᎴ Ꮎ ᎠᎹ ᎠᏍᏚᏟᏍᎩ ᏌᏉᏉ ᎾᎾᎵᏍᏗᎭ; ᎠᎴ ᎾᏂᎥ ᎠᏂᏏᏴᏫᎭ ᎨᎦᎫᏴᎡᏗ ᎨᏎᏍᏗ ᎤᎾᏤᎵᎦᏯ ᎨᎦᎫᏴᏓᏁᏗ ᎨᏒ, ᎾᏍᎩᏯ ᏄᏍᏛ ᎤᏅᏒ ᏕᎤᏂᎸᏫᏍᏓᏁᎸᎢ.
9. ᎠᏴᏰᏃ ᎤᏁᎳᏅᎯ ᎢᏧᎳᎭ ᏦᎩᎸᏫᏍᏓᏁᎯ, ᏂᎯ ᎤᏁᎳᏅᎯ ᎤᎶᎨᏒᎢ, ᏂᎯ ᎤᏁᎳᏅᎯ ᎤᏁᏍᎨᎲᎯ.
10. ᎾᏍᎩᏯ ᎤᏁᎳᏅᎯ ᎬᏩᎦᏘᏯ ᎤᏓᏙᎵᏍᏗ ᎨᏒ ᎠᏴ ᎥᎩᏁᎸᎢ, ᎾᏍᎩᏯ ᎠᏏᎾᏌᏂ ᏄᎬᏫᏳᏒ ᏗᏁᏍᎨᏍᎩ ᎢᏳᏛᏁᏗ ᎾᏆᏛᏁᎸ ᎦᎫᏍᏛᏗ ᎠᎩᏅ, ᏅᏩᏓᎴᏃ ᎾᎿᎭᎤᏁᏍᎨᎲ. ᎠᏎᏃ ᎾᏂᎥ ᎩᎶ ᎠᏁᏯᏔᎮᏍᏗ ᏄᏍᏛ ᎠᎾᏁᏍᎨᏍᎬ ᎾᎿᎭᏂ.
11. ᏅᏩᏓᎴᏰᏃ ᎦᎫᏍᏛᏗ ᎥᏝ ᎩᎶ ᎬᏩᏗ ᏱᎩ ᎾᏍᎩ ᎤᏩᏒ ᎦᏳᎳ ᎠᏅᎯ ᏥᎩ, ᎾᏍᎩ ᏥᏌ ᎦᎶᏁᏛ ᏥᎩ.
12. ᎾᏍᎩᏃ ᎢᏳ ᎩᎶ ᎾᏍᎩ ᎯᎠ ᎦᎫᏍᏛᏗᎯ ᏳᏝᏅ, ᎠᏕᎸ ᏓᎶᏂᎨ ᏳᏁᏍᎨᏔᏅ, ᎠᏕᎸ ᎤᏁᎬ, ᏗᎦᎸᏉᏗ ᏅᏯ, ᎠᏓ, ᎧᏁᏍᎦ, ᎠᏍᎫᏕᏒᎯ ᎤᎵᏃᎯᏴᎯ,
13. ᎾᏂᎥ ᏴᏫ ᏚᏂᎸᏫᏍᏓᏁᎸ ᎬᏂᎨᏒ ᎢᎬᏁᏗ ᎨᏎᏍᏗ; ᎾᎯᏳᏰᏃ ᎤᎾᏄᎪᏫᏍᏗ ᎨᏎᏍᏗ; ᎠᎴ ᎠᏥᎸ ᎤᎪᎵᏰᏗ ᎨᏎᏍᏗ ᎾᏂᎥ ᏴᏫ ᏚᏂᎸᏫᏍᏓᏁᎸ ᎢᏳᏍᏗ ᎾᏍᎩ ᎨᏒᎢ.
14. ᎢᏳᏃ ᎩᎶ ᏚᎸᏫᏍᏓᏁᎸ ᏱᏁᎬᏩᏍᏗᏉ ᎾᎿᎭᎤᏁᏍᎨᎲᎢ, ᎾᏍᎩ ᎠᎦᎫᏴᎡᏗ ᎨᏎᏍᏗ.
15. ᎢᏳᏃ ᎩᎶ ᏚᎸᏫᏍᏓᏁᎸ ᏯᎪᎲᏍᏔᏅ, ᎾᏍᎩ ᎤᏲᎱᏎᎮᏍᏗ; ᎤᏩᏒᏍᎩᏂ ᎠᏥᏍᏕᎸᏗ ᎨᏎᏍᏗ; ᎠᏎᏃ ᎠᏥᎸ ᏣᏥᏍᏕᎸᏔᏃ ᎾᏍᎩᏯᎢ.
16. ᏝᏍᎪ ᏱᏥᎦᏔᎭ ᏂᎯ ᎤᏁᎳᏅᎯ ᎦᏁᎸ ᎨᏒᎢ, ᎠᎴ ᎾᏍᎩ ᎤᏁᎳᏅᎯ ᎤᏓᏅᏙ ᎢᏥᏯᎥᎢ?
17. ᎢᏳᏃ ᎩᎶ ᏳᏲᏍᏔᏅ ᎤᏁᎳᏅᎯ ᎦᏁᎸᎢ, ᎾᏍᎩ ᎤᏁᎳᏅᎯ ᏓᏳᏲᏍᏔᏂ; ᎤᏁᎳᏅᎯᏰᏃ ᎦᏁᎸ ᎦᎸᏉᏗᏳ, ᎾᏍᎩᎾ ᏂᎯ ᏥᎩ.
18. ᏞᏍᏗ ᎩᎶ ᎤᏩᏒ ᏥᎠᏓᎵᏓᏍᏔᏂ. ᎢᏳᏃ ᎩᎶ ᏂᎯ ᎢᏤᎲᎢ ᎠᎦᏔᎿᎭᎢ ᏱᏅᏩᏍᏗ ᎠᏂ ᎡᎶᎯ ᎨᏒᎢ, ᎾᏍᎩ ᎤᏁᎫ ᏫᏂᎦᎵᏍᏓ, ᎾᏍᎩ ᎠᎦᏔᎿᎭᎢ ᎢᏳᎵᏍᏙᏗᏱ.
19. ᎠᎦᏙᎥᎯᏍᏗᏰᏃ ᎨᏒ ᎠᏂ ᎡᎶᎯ ᎡᎯ ᎠᎵᏍᎦᏁᏛᏉ ᎤᏁᎳᏅᎯ ᎠᏓᏅᏖᏍᎬᎢ; ᎯᎠᏰᏃ ᏂᎬᏅ ᎢᎪᏪᎳ, ᏕᎦᏂᏱᎭ ᎠᏂᎦᏔᎿᎭᎢ ᎬᏗᎭ ᎤᏅᏒ ᎠᏂᏏᎾᏌᏅᎢ.
20. ᎠᎴᏬ, ᏱᎰᏩ ᎠᎦᏔᎭ ᎠᎾᏓᏅᏖᏍᎬ ᎠᏂᎦᏔᎿᎭᎢ, ᎾᏍᎩ ᎠᏎᏉᏉ ᎨᏒᎢ.
21. ᎾᏍᎩ ᎢᏳᏍᏗ ᏞᏍᏗ ᎩᎶ ᏴᏫᏉ ᏱᏓᏢᏆᏍᏙᏗᏍᎨᏍᏗ; ᏂᎦᏗᏳᏰᏃ ᏧᏓᎴᏅᏛ ᎢᏣᏤᎵᎦ;
22. ᎾᏍᏉ ᏉᎳ ᏱᎩ, ᎠᎴ ᎠᏉᎳ, ᎠᎴ ᏏᏆᏏ, ᎠᎴ ᎡᎶᎯ, ᎠᎴ ᎬᏂᏛ, ᎠᎴ ᎠᏲᎱᎯᏍᏗ, ᎠᎴ ᎪᎱᏍᏗ ᎪᎯ ᎨᏒ, ᎠᎴ ᎪᎱᏍᏗ ᎠᏏ ᏥᎨᏎᏍᏗ; ᏂᎦᏗᏳ ᎢᏣᏤᎵᎦ;
23. ᎠᎴ ᏂᎯ ᎦᎶᏁᏛ ᏧᏤᎵᎦ; ᎦᎶᏁᏛᏃ ᎤᏁᎳᏅᎯ ᎤᏤᎵᎦ.

== I Corinthians 4 ==
1. ᎾᏂᎥ ᎩᎶ ᎪᎦᏓᏅᏖᏍᎬ ᎦᎶᏁᏛ ᎣᎩᏅᏏᏓᏍᏗ ᎾᏍᎩᏯ ᎪᎦᏓᏅᏖᏍᎨᏍᏗ, ᎠᎴ ᎣᎦᎦᏌᏯᏍᏗᏕᎩ ᎤᏕᎵᏛ ᎨᏒ ᎤᏁᎳᏅᎯ ᎤᏤᎵᎦ.
2. ᎠᎴ ᎾᏍᏉ ᎤᎾᎦᏌᏯᏍᏗᏕᎩ ᎤᏚᎩ ᎨᎬᏐ ᏚᏳᎪᏛ ᎢᏳᎾᏛᏁᏗᏱ.
3. ᎠᏴᏍᎩᏂ ᎦᏓᏅᏖᏍᎬ ᏅᎵᏌᎵᏉ ᏂᎯ ᏗᏍᎩᏳᎪᏓᏁᏗᏱ, ᎠᎴ ᎠᏫᏉ ᏧᏭᎪᏙᏗ ᎨᏒᎢ; ᎥᎥ, ᎥᏝ ᎠᏋᏒ ᏱᏗᎦᏓᏚᎪᏓᏁᎭ;
4. ᎥᏝᏰᏃ ᎪᎱᏍᏗ ᏱᏥᎦᏔᎭ ᎠᏋᏒ ᎠᏆᏓᎳᏫᏎᏗ; ᎠᏎᏃ ᎥᏝ ᎾᏍᎩ ᏯᏊᏓᎴᎭ; ᎤᎬᏫᏳᎯᏍᎩᏂ ᎾᏍᎩ ᏗᏊᎪᏓᏁᎯ.
5. ᎾᏍᎩᏍᎩᏂ ᎢᏳᏍᏗ ᏞᏍᏗ ᏗᏧᎪᏔᏅᎩ ᎠᏏᏉ ᏄᏍᏆᎸᎲᎾ, ᎬᏂ ᎤᎬᏫᏳᎯ ᎦᎷᏨᎭ, ᎾᏍᎩ ᎢᎦ ᎦᏛ ᏥᏙᏓᎦᎾᏄᎪᏫᏏ ᎤᎵᏏᎬ ᏗᎬᏍᎦᎵ ᏥᎩ, ᎠᎴ ᎬᏂᎨᏒ ᏂᏙᏓᎬᏁᎵ ᏧᏂᎾᏫᏱ ᏄᏍᏛ ᏚᎾᏓᏅᏖᎸᎢ; ᎿᎭᏉᏃ ᎾᏂᎥ ᎨᏥᎸᏉᏙᏗ ᎨᏒ ᎤᏁᎳᏅᎯᏱ ᏅᏓᏳᏓᎴᏅᎯ ᎨᏎᏍᏗ.
6. ᎠᎵ ᎾᏍᎩ ᎯᎠ ᏧᏓᎴᏅᏛ, ᎢᏓᎵᏅᏟ, ᏕᎦᏟᎶᏍᏗᏍᎬ ᎠᏋᏒ ᎦᏓᏁᎢᏍᏓ ᎠᎴ ᎠᏉᎳ ᏥᏁᎢᏍᏓ ᏂᎯ ᎨᏒ ᏅᏗᎦᎵᏍᏙᏗᎭ; ᎾᏍᎩ ᏍᎩᏯᏕᎶᏆᎡᏗᏱ ᎢᏣᏓᏅᏖᏍᎬ ᎢᏥᎶᏒᏍᏙᏗᏱ ᏂᎨᏒᎾ ᏂᎬᏅ ᎪᏪᎸᎢ, ᎾᏍᎩ ᎩᎶ ᎤᏢᏈᏍᏗᏱ ᏂᎨᏒᎾ ᎠᏏᏴᏫ ᎦᎸᏉᏗᏍᎬ ᏅᏩᏓᎴᏃ ᎠᏡᏗᏍᎬᎢ.
7. ᎦᎪᎨ ᏅᏩᏓᎴ ᏂᏨᏁᎸ? ᎠᎴ ᎦᏙ ᏣᎭ ᎾᏍᎩ ᏁᏣᏁᎸᎾ ᎨᏒᎢ? ᎢᏳᏃ ᎡᏣᏁᎸᎯ ᏱᎩ, ᎦᏙᏃ ᎢᎭᏢᏈᏍᎦ ᏁᏣᏁᎸᎾᏉ ᏥᎨᏐ ᎾᏍᎩᏯᎢ?
8. ᎿᎭᏉ ᎢᏥᎧᎵᏨᎯ, ᎿᎭᏉ ᎢᏤᎿᎭᎢᏳ, ᎢᏥᎬᏫᏳᎯ ᎨᏒᎢ ᎠᏴ ᏂᏨᏯᎵᎪᏁᎸᎾ, ᎠᎴ ᏲᎯ ᎤᏙᎯᏳᎯ ᎢᏥᎬᏫᏳᎯ ᏱᎩ, ᎠᏴ ᎾᏍᏉ ᎢᏧᎳᎭ ᎢᎩᎬᏫᏳᎯ ᎢᏳᎵᏍᏙᏗᏱ.
9. ᎦᏓᏅᏖᏍᎬᏰᏃ ᎤᏁᎳᏅᎯ ᎬᏂᎨᏒ ᏃᎬᏁᎸ ᎠᏴ ᎣᎩᏅᏏᏛ ᎣᏂᏱ ᎨᏒᎢ, ᏦᎩᏲᎱᎯᏍᏗᏱ ᎾᏍᎩᏯᎢ; ᏗᎪᎦᎧᏃᏗᏰᏃ ᏃᎦᎵᏍᏔᏅ ᎡᎶᎯ ᎠᎴ ᏗᏂᎧᎿᎭᏩᏗᏙᎯ ᎠᎴ ᏴᏫ.
10. ᎣᎩᏁᎫ ᎠᏴ ᎦᎶᏁᏛ ᎨᏒ ᏅᏗᎦᎵᏍᏙᏗᎭ, ᏂᎯᏍᎩᏂ ᎢᏥᎦᏔᎿᎭᎢ ᎦᎶᏁᏛ ᎨᏒ ᏅᏗᎦᎵᏍᏙᏗᎭ; ᏦᏥᏩᎾᎦᎳ ᎠᏴ, ᏂᎯᏍᎩᏂ ᏗᏣᎵᏂᎩᏗᏳ; ᎡᏥᎸᏉᏗᏳ ᏂᎯ, ᎠᏴᏍᎩᏂ ᎣᎩᏂᏆᏘᎯ.
11. ᎪᎯ ᎨᏒ ᎢᏯᏍᏗ, ᎠᎪᏄ ᏙᎩᏲᏏᎭ, ᎠᎴ ᏙᎩᏔᏕᎩᎭ, ᎠᎴ ᏦᎩᏰᎸᏌᎢ, ᎠᎴ ᎠᏍᏈᏅ ᏙᎬᏂᏍᏗᎭ, ᎠᎴ ᎢᎸᎯᏢ ᎣᎨᏅᏒ ᏂᎨᏒᎾ;
12. ᎠᎴ ᎠᏍᏓᏯ ᏙᎩᎸᏫᏍᏓᏁᎰᎢ, ᎣᎬᏒ ᏦᎪᏰᏂ ᏙᏨᏗᏍᎪ ᎪᎱᏍᏗ ᎣᏣᏛᏁᎰᎢ. ᎦᏲᎩᏐᏢᏗᏍᎬ ᎣᏍᏛ ᏙᏥᏁᏤᎰᎢ; ᎤᏲ ᏃᎬᏁᎲ ᎤᏁᎳᎩ ᎣᏤᎵᏍᎪᎢ;
13. ᎣᎩᏃᎮᏍᎬᎢ, ᎣᏥᏔᏲᎯᎰᏉ; ᎤᏁᎢᎸᏗ ᎡᎶᎯ ᎡᎯ ᎾᏍᎩᏯ ᎾᎦᎵᏍᏔᏅ, ᎠᎴ ᎦᏓᎭ ᎨᏒ ᎾᎦᎥ ᏧᏓᎴᏅᏛ ᎠᏍᏛᎪᏒᎯ ᏃᎦᎵᏍᏔᏅ ᎪᎯ ᎢᏯᏍᏗ.
14. ᎥᏝ ᎢᏨᏍᏕᎣᎯᏍᏙᏗᏱ ᏱᎩᏰᎸ ᎯᎠ ᎾᏍᎩ ᏥᏨᏲᏪᎳᏁᎭ; ᏗᏇᏥᏍᎩᏂ ᎢᏨᎨᏳᎢ ᎾᏍᎩᏯᎢ ᎢᏨᏯᏅᏓᏗᏍᏗᎭ.
15. ᎾᏍᏉᏰᏃ ᎠᏍᎪᎯ ᎢᏯᎦᏴᎵ ᏱᎾᏂᎥ ᏗᎨᏤᏲᎲᏍᎩ ᎦᎶᏁᏛ ᏕᏣᏁᎶᏛᎢ, ᎠᏎᏃ ᎥᏝ ᏯᏂᎪᏗ ᏗᏥᏙᏓ; ᎦᎶᏁᏛᏰᏃ ᏥᏌ ᏕᏣᏁᎶᏛ ᎣᏍᏛ ᎧᏃᎮᏛ ᎬᏗ ᏍᎩᏯᏕᏁᎸᎩ.
16. ᎾᏍᎩ ᎢᏳᏍᏗ ᎢᏨᏍᏗᏰᏗᎭ ᎠᏴ ᏍᎩᏯᏕᎶᏆᎡᎯ ᎢᏣᎵᏍᏙᏗᏱ.
17. ᎾᏍᎩ ᏅᏗᎦᎵᏍᏙᏗᎭ ᏥᏅᏒᎩ ᏗᎹᏗ ᎢᏥᏩᏛᎲᏍᏗᏱ, ᎾᏍᎩ ᏥᎨᏳᎢ ᏥᎩ ᎠᏇᏥ, ᎠᎴ ᏚᏳᎪᏛ ᎢᏯᏛᏁᎯ ᎤᎬᏫᏳᎯ ᏓᎧᎿᎭᏩᏕᎬᎢ; ᎾᏍᎩ ᏓᏣᏅᏓᏗᏍᏔᏂ ᏄᏍᏛ ᎨᏙᎲ ᎦᎶᏁᏛ ᏕᏥᎦᎿᎭᏩᏕᎬᎢ, ᎾᏍᎩᏯ ᏕᎦᏕᏲᎲᏍᎬ ᏂᎦᎥ ᏕᎨᏌᏗᏒ ᏚᎾᏓᏡᏩᏗᏒ ᏧᎾᏁᎶᏗ.
18. ᎾᏍᎩᏃ ᎢᎦᏛ ᏚᎾᏕᏋᎯᏍᏗ ᏥᏫᏅᏗᏨᎷᏤᎵᏒᎾᏉ ᏥᎨᏐ ᎾᏍᎩᏯᎢ.
19. ᎠᏎᏃ ᏮᏓᏨᎷᏤᎵ ᏂᎪᎯᎸᎾ, ᎢᏳᏃ ᎤᎬᏫᏳᎯ ᎣᏏᏳ ᏳᏰᎸᏅ; ᎠᎴ ᏮᏓᎦᏙᎴᎣᏏ, ᎥᏝ ᎠᏂᏬᏂᏍᎬᏉ ᎾᏍᎩ ᏧᎾᏕᏋᎯᏍᏗ, ᏚᎾᎵᏂᎬᎬᏍᎩᏂ ᏄᏍᏛᎢ.
20. ᎤᏁᎳᏅᎯᏰᏃ ᎤᏤᎵᎪᎯ ᎨᏒ ᎥᏝ ᎦᏬᏂᎯᏍᏗᏉ ᎨᏒ ᏱᏚᎳᏏᏗ, ᎤᎵᏂᎩᏗᏳᏍᎩᏂ ᎨᏒᎢ.
21. ᎦᏙᏃ ᎢᏣᏚᎵᎭ? ᏥᎪ ᎦᎾᏍᏓ ᏥᏁᎢ ᏮᏓᏨᎷᏤᎵ? ᏥᎪᎨ ᎠᏓᎨᏳᏗᏳ ᎨᏒ, ᎠᎴ ᎤᏓᏅᏘ ᎠᏓᏅᏙ ᎬᏗ ᏮᏓᏨᎷᏤᎵ?

== I Corinthians 5 ==
1. ᏂᎦᎥᏉ ᎠᏂᏃᎮᎭ ᎾᏍᎩ ᎤᏕᎵᏛ ᏗᏂᏏᏗ ᎨᏒ ᎢᏤᎲᎢ, ᎠᎴ ᎾᏍᎩ ᎢᏳᏍᏗ ᎤᏕᎵᏛ ᏗᏂᏏᏗ ᎨᏒ ᎾᏍᎩ ᏧᎾᏓᎴᏅᏛ ᏴᏫ ᎥᏝ ᎬᏩᏂᏃᎮᏗ ᎾᏍᏉ ᏱᎩ, ᎾᏍᎩ ᎩᎶ ᎤᏙᏓ ᎤᏓᎵᎢ ᎤᏓᏴᏍᏗᏱ.
2. ᏙᏣᏕᏋᎯᏍᏗᏉᏃ ᏂᎯ, ᎠᎴ ᎥᏝ ᎤᏲᏉ ᏱᏥᏰᎸᏅ, ᎾᏍᎩ ᎯᎠ ᎢᏳᏛᏁᎸᎯ ᎦᏰᏥᏄᎪᏫᏍᏗ ᎢᏣᏓᏡᎬ ᎢᏳᎵᏍᏙᏗᏱ ᎤᎬᏩᎵ.
3. ᎠᏴᏰᏃ ᎤᏙᎯᏳᎯ ᎠᎩᎪᏁᎳ ᏥᏰᎸ ᎨᏒᎢ, ᏥᎦᏔᏩᏕᎦᏍᎩᏂ ᎠᏆᏓᏅᏙᎩᎯ, ᎦᏳᎳ ᏥᏥᎦᏔᏩᏕᎪ ᎾᏍᎩᏯᎢ ᏕᏥᏳᎪᏓᏁᎸ ᎾᏍᎩ ᎯᎠ ᎢᏳᏛᏁᎸᎯ,
4. ᎢᏣᏓᏟᏌᎮᏍᏗ, ᎠᏆᏓᏅᏙᏃ ᎠᎦᏔᏩᏕᎨᏍᏗ, ᎤᎵᏂᎩᏗᏳ ᎨᏒ ᎢᎦᏤᎵ ᎤᎬᏫᏳᎯ ᏥᏌ ᎦᎶᏁᏛ ᏔᎵ ᎤᏛᏕᏍᏗ, ᎤᎬᏫᏳᎯ ᏥᏌ ᎦᎶᏁᏛ ᏚᏙᎥ ᎢᏨᏙᏗᏱ,
5. ᎾᏍᎩ ᏎᏓᏂ ᏤᏥᏲᎯᏎᏗᏱ ᎾᏍᎩ ᎯᎠ, ᎾᏍᎩ ᎤᏲᎢᏍᏗᏱ ᎤᏇᏓᎸᎢ, ᎤᏓᏅᏙᏃ ᎠᏍᏕᎸᏗᏱ ᎾᎯᏳ ᎤᎬᏫᏳᎯ ᏥᏌ ᎤᏤᎵ ᎢᎦ ᎨᏎᏍᏗ.
6. ᎢᏣᏢᏆᏍᎬ ᎥᏝ ᎣᏏᏳ ᏱᎩ. ᎥᏝᏍᎪ ᏱᏥᎦᏔᎭ ᎤᏍᏗ ᎠᎪᏙᏗ ᏂᎦᏛ ᎦᎸ ᎠᎪᏗᏍᎬᎢ.
7. ᎾᏍᎩ ᎢᏳᏍᏗ ᎢᏥᏄᎪᏩ ᎤᏪᏘ ᎠᎪᏙᏗ, ᎾᏍᎩ ᎦᎸ ᎢᏤ ᎢᏣᎵᏍᏙᏗᏱ, ᎾᏍᎩᏯ ᏁᏣᎪᎳᏅᎾ ᏥᎩ. ᎾᏍᏉᏰᏃ ᎦᎶᏁᏛ ᎧᏃᎯᏰᎩ ᎢᎦᏤᎵ ᎢᎩᏲᎱᎯᏎᎸ;
8. ᎾᏍᎩ ᎢᏳᏍᏗ ᎢᎩᏍᏆᏂᎪᏕᏍᏗ ᏗᎵᏍᏓᏴᏗᏱ ᎨᏒᎢ, ᎥᏞᏍᏗ ᎤᏪᏘ ᎠᎪᏙᏗ ᎬᏗ, ᎠᎴ ᎥᏞᏍᏗ ᎤᏲ ᎠᎴ ᎠᏍᎦᏂ ᎨᏒ ᎠᎪᏙᏗ ᎬᏗ, ᏂᏓᎪᏔᏅᎾᏍᎩᏂ ᎦᏚ ᏄᏠᎾᏍᏛᎾ ᎨᏒ ᎠᎴ ᎦᏰᎪᎩ ᏂᎨᏒᎾ ᎬᏗ.
9. ᎢᏨᏲᏪᎳᏁᎸᎩ ᎾᏍᎩ ᎢᏧᎳᎭ ᎢᏤᏓᏍᏗᏱ ᏂᎨᏒᎾ ᎤᏕᎵᏛ ᏗᎾᏂᏏᎲᏍᎩ;
10. ᎥᏝ ᎠᏗᎾ ᎿᎭᏉ ᎠᏎ [ᎢᏤᏓᏍᏗᏱ ᏂᎨᏒᎾ] ᎾᏍᏉ ᎡᎶᎯ ᏗᏂᎧᎿᎭᏩᏕᎩ ᎤᏕᎵᏛ ᏗᎾᏂᏏᎲᏍᎩ ᎠᎴ ᎤᏂᎬᎥᏍᎩ, ᎠᎴ ᎤᎶᏒᏍᏗ ᎠᎾᏓᎩᎡᎯ, ᎠᎴ ᎤᏁᎳᏅᎯ ᏗᏟᎶᏍᏔᏅᎯ ᏗᎾᏓᏙᎵᏍᏓᏁᎯ; ᎢᏳᏰᏃ ᎾᏍᎩ ᏱᏄᏍᏗ, ᎠᏎ ᎢᏥᏄᎪᎢᏍᏗ ᏱᎩ ᎡᎶᎯ.
11. ᎪᎯᏍᎩᏂ ᎢᏨᏲᏪᎳᏏ ᎢᏧᎳᎭ ᎢᏤᏓᏍᏗᏱ ᏂᎨᏒᎾ, ᎢᏳᏃ ᎩᎶ ᎠᎾᎵᏅᏟ ᎠᎪᏎᎯ ᏱᎩ ᎾᏍᎩ ᎤᏕᎵᏛ ᏗᏂᏏᎲᏍᎩ ᏱᎩ, ᎠᎴ ᎤᎬᎥᏍᎩ ᏱᎩ, ᎠᎴ ᎤᏁᎳᏅᎯ ᏗᏟᎶᏍᏔᏅᎯ ᎠᏓᏙᎵᏍᏓᏁᎯ ᏱᎩ, ᎠᎴ ᎠᏓᏐᎮᎯ, ᎠᎴ ᎤᏴᏍᏕᏍᎩ, ᎠᎴ ᎤᎶᏒᏍᏗ ᎠᏓᎩᎡᎯ; ᎾᏍᎩ ᎢᏳᏍᏗ ᎥᏝᏍᏗ ᎾᏍᏉ ᎢᏧᎳᎭ ᏱᏣᎵᏍᏓᏴᏁᏍᏗ.
12. ᎦᏙᏃ ᏱᏗᎦᏥᏳᎪᏓᏁᎭ ᎾᏍᎩ ᎾᏍᏉ ᏙᏱᏗᏢ ᎠᏁᎯ? ᏝᏍᎪ ᏂᎯ ᏱᏗᏧᎪᏓᏁᎰ ᎾᏍᎩ Ꮎ ᎠᏂᏯᎢ?
13. ᏙᏱᏗᏢᏍᎩᏂ ᎠᏁᎯ ᎤᏁᎳᏅᎯ ᏕᎫᎪᏓᏁᎰᎢ. ᎾᏍᎩ ᎢᏳᏍᏗ ᎡᏥᏄᎪᏩ ᎢᏤᎲ ᎾᏍᎩ Ꮎ ᎠᏍᎦᎾᎢ.

== I Corinthians 6 ==
1. ᎢᏳᏃ ᎩᎶ ᎢᏤᎲ ᎪᎱᏍᏗ ᏳᎭ ᏅᏩᏓᎴ ᎤᏰᎢᎵᏓᏍᏙᏗ, ᏰᎵᏉᏍᎪ ᏂᏚᏳᎪᏛᎾ ᎢᏯᎾᏛᏁᎯ ᏚᏃᎸ ᏱᏕᏣᏓᏰᎢᎵᏓ, ᎥᏝᏃ ᎤᎾᏓᏅᏘ ᏚᏃᎸᎢ?
2. ᏝᏍᎪ ᏱᏥᎦᏔᎭ ᎤᎾᏓᏅᏘ ᎡᎶᎯ ᏧᏄᎪᏓᏁᏗ ᎨᏒᎢ? ᎢᏳᏃ ᎡᎶᎯ ᏗᏧᎪᏓᏁᏗ ᎨᏎᏍᏗ, ᏝᏍᎪ ᏰᎵ ᎤᏍᏗ ᎧᏂ ᎨᏒ ᏗᎨᏧᎪᏙᏗ ᏱᎩ?
3. ᏝᏍᎪ ᏱᏥᎦᏔᎭ ᏗᏂᎧᎿᎭᏩᏗᏙᎯ ᏗᎨᏚᎪᏓᏁᏗ ᎨᏒᎢ? ᎥᏝᏍᎪᏃ ᏰᎵ ᏱᏙᎨᏚᎪᏓ ᎪᎱᏍᏗ ᎪᎯᏉ ᎨᏒ ᎤᎬᏩᎵ?
4. ᎢᏳᏃ ᎪᎱᏍᏗ ᏱᏥᎭ ᏗᎫᎪᏙᏗ ᎪᎯᏉ ᎨᏒ ᎤᎬᏩᎵ, ᎾᏍᎩ ᏕᏥᎧᎲᏍᎨᏍᏗ ᏧᏄᎪᏙᏗᏱ ᎡᏍᎦ ᎢᏴᏛ ᎨᏥᏰᎸᎢ ᎾᎿᎭᎢᏣᏓᏡᎬᎢ.
5. ᎢᏣᏕᎰᎯᏍᏗᏍᎩ ᎯᎠ ᏥᏂᏥᏪᎠ. ᎰᏩᏍᎪ ᎥᏝ ᏰᎭ ᏂᏣᏛᏅ ᏌᏉᎤᏅ ᎠᎦᏔᎿᎭᎢ ᏰᎵ ᏗᎬᏭᎪᏓᏁᏗ ᎠᏁᎵᏅᏟ ᏓᎾᏓᏰᎢᎵᏙᎲᎢ?
6. ᎠᎾᎵᏅᏟᏍᎩᏂ ᏓᎾᏓᏰᎢᎵᏙᎭ ᎤᏅᏒ, ᎠᎴ ᎾᏍᎩ ᏚᏃᎸ ᏄᏃᎯᏳᏒᎾ.
7. ᎾᏍᎩ ᏥᏄᏍᏗ ᎬᏂᎨᏒᎢᏳ ᎤᏣᏘᏂ ᏂᏣᏛᏁᎲᎢ, ᏅᏗᎦᎵᏍᏙᏗᎭ ᎢᏨᏒᏉ ᏕᏣᏓᏰᎢᎵᏙᎲᎢ. ᎦᏙᏃ ᎤᏟ ᎣᏏᏳ ᏂᏥᏰᎸᏍᎬᎾ ᏥᎩ ᎤᏲ ᎢᏰᏨᏁᏗᏱ? ᎦᏙᏃ ᎤᏟ ᎣᏏᏳ ᏂᏥᏰᎸᏍᎬᎾ ᏥᎩ ᏧᎬᏩᎶᏗ ᎡᏥᎩᎡᏗᏱ?
8. ᎤᏣᏘᏂᏍᎩᏂ ᏂᏣᏛᏁᎭ, ᎠᎴ ᏧᎬᏩᎶᏗ ᏕᏥᎩᎡᎭ, ᎠᎴ ᎾᏍᎩ ᎢᏣᎵᏅᏟ.
9. ᏝᏍᎪ ᏱᏥᎦᏔᎭ ᎾᏍᎩ ᏂᏚᏳᎪᏛᎾ ᎢᏯᎾᏛᏁᎯ ᎤᎾᏤᎵ ᎢᏳᎵᏍᏙᏗ ᏂᎨᏒᎾ ᎨᏒ ᎤᏁᎳᏅᎯ ᎤᏤᎵᎪᎯ? ᏞᏍᏗ ᎢᏥᎵᏓᏍᏔᏅᎩ; ᎾᏍᏉ ᎤᏕᎵᏛ ᏗᎾᏂᏏᎲᏍᎩ, ᎠᎴ ᎤᏁᎳᏅᎯ ᏗᏰᎸᎯ ᏗᎾᏓᏙᎵᏍᏓᏁᎯ, ᎠᎴ ᏗᎾᏓᏲᏁᎯ, ᎠᎴ ᎠᏂᏍᎦᏯ ᏗᎨᏥᏰᎩ, ᎠᎴ ᎠᏂᏍᎦᏯ ᎠᏂᏍᎦᏯᏉ ᏗᏂᏐᏢᏗᏍᎩ,
10. ᎠᎴ ᎠᏂᏃᏍᎩᏍᎩ, ᎠᎴ ᎤᏂᎬᎥᏍᎩ, ᎠᎴ ᏧᏂᏴᏍᏕᏍᎩ, ᎠᎴ ᎠᎾᏓᏐᎮᎯ, ᎠᎴ ᎤᎶᏒᏍᏗ ᎠᎾᏓᎩᎡᎯ, ᎾᏍᎩ ᎥᏝ ᎤᎾᏤᎵ ᏱᎨᏎᏍᏗ ᎤᏁᎳᏅᎯ ᎤᏤᎵᎪᎯ.
11. ᎠᎴ ᎢᎦᏛ ᏂᎯ ᎾᏍᎩ ᏂᏣᏍᏛᎩ; ᎠᏎᏃ ᎡᏦᏑᎴᎥᎯ, ᎠᏎᏃ ᎢᏣᏓᏅᏘ ᎢᏰᏨᏁᎸᎯ, ᎠᏎᏃ ᎡᏧᏓᎴᏛ ᎤᎬᏫᏳᎯ ᏥᏌ ᏚᏙᏍᏛᎢ, ᎠᎴ ᎬᏔᏅᎯ ᎢᎦᏁᎳᏅᎯ ᎤᏓᏅᏙ.
12. ᏂᎦᎥ ᎪᎱᏍᏗ ᎤᏁᎳᎩ ᎥᏇᎵᏎᎸ, ᎠᏎᏃ ᎥᏝ ᏂᎦᏗᏳ ᎬᏩᏓᏍᏕᎸᏗ ᏱᎩ; ᏂᎦᎥ ᎪᎱᏍᏗ ᎤᏁᎳᎩ ᎥᏇᎵᏎᎸ, ᎠᏎᏃ ᎥᏝ ᎠᎩᎾᏝᎢ ᏱᎨᏎᏍᏗ ᎪᎱᏍᏗ.
13. ᎠᎵᏍᏓᏴᏗ ᎤᏍᏉᎵᏱ ᎤᎬᏩᎵ ᎪᏢᏅᎯ, ᎠᎴ ᎤᏍᏉᎵᏱ ᎠᎵᏍᏓᏴᏗ ᎤᎬᏩᎵ ᎪᏢᏅᎯ; ᎠᏎᏃ ᎤᏁᎳᏅᎯ ᏙᏛᏛᏔᏂ ᎢᏧᎳ ᎤᏍᏉᎵᎩ ᎠᎴ ᎠᎵᏍᏓᏴᏗ. ᎠᏰᎸᏃ ᎥᏝ ᎤᏕᎵᏛ ᏗᏂᏏᏗ ᎨᏒ ᎤᎬᏩᎵ ᎪᏢᏅᎯ ᏱᎩ, ᎤᎬᏫᏳᎯᏍᎩᏂ ᎤᎬᏩᎵ ᎪᏢᏅᎯ; ᎠᎴ ᎤᎬᏫᏳᎯ ᎠᏰᎵ ᎤᎬᏩᎵ ᎠᎵᏍᎪᎸᏔᏅᎯ.
14. ᎠᎴ ᎤᏁᎳᏅᎯ ᏕᎤᎴᏔᏅ ᎤᎬᏫᏳᎯ, ᎠᎴ ᎾᏍᏉ ᎠᏴ ᏙᏓᎦᎴᏔᏂ ᏓᎬᏔᏂ ᎤᏩᏒ ᎤᎵᏂᎩᏗᏳ ᎨᏒᎢ.
15. ᏝᏍᎪ ᏱᏥᎦᏔᎭ ᎾᏍᎩ ᏂᎯ ᏗᏥᏰᎸ ᎦᎶᏁᏛ ᎤᏚᏓᏕᏫᏍᏛᎢ? ᏥᎪᏃ ᎦᎶᏁᏛ ᎤᏚᏓᏕᏫᏒ ᏙᏓᏥᏯᏅᎯ, ᎤᏁᎫᏥᏛᏃ ᎠᎨᏴ ᏧᎾᏚᏓᏕᏫᏍᏙᏗ ᏅᏓᎦᏥᏴᏁᎵ? ᎬᏩᏟᏍᏗ!
16. ᏝᏉᏍᎪ ᏱᏥᎦᏔᎭ ᎾᏍᎩ ᎩᎶ ᎤᏁᎫᏥᏛ ᏥᏚᎾᏚᏓᏙ ᏌᏉᏉ ᎠᏂᏰᎸ ᎨᏒᎢ? ᎯᎠᏰᏃ ᏂᎦᏪᎭ, ᎠᏂᏔᎵ ᏌᏉᏉ ᏂᎦᎵᏍᏗᏍᎨᏍᏗ ᎤᏂᏇᏓᎸᎢ.
17. ᎩᎶᏍᎩᏂ ᎤᎬᏫᏳᎯ ᏥᏚᎾᏚᏓᏙᎢ ᏌᏉᏉ ᎠᏓᏅᏙ ᎾᎾᎵᏍᏗᏍᎪᎢ.
18. ᎡᏣᎵᏗᏏ ᎤᏕᎵᏛ ᏗᏂᏏᏗ ᎨᏒᎢ. ᏂᎦᎥ ᏴᏫ ᎠᏍᎦᏅᎬ ᎪᎱᏍᏗ ᏂᎬᏁᎲᎾ ᎨᏐ ᎠᏰᎸᎢ; ᎩᎶᏍᎩᏂ ᎤᏕᎵᏛ ᏥᏓᏂᏏᎲᏍᎪ ᎤᏩᏒ ᎠᏰᎸ ᎠᏍᎦᏅᏤᎰᎢ.
19. ᏝᏉᏍᎪ ᏱᏥᎦᏔᎭ ᎾᏍᎩ ᏗᏥᏰᎸ ᎦᏁᎸ ᎨᏒ ᎦᎸᏉᏗᏳ ᎠᏓᏅᏙ ᎾᏍᎩ ᏥᏥᏯᎠ, ᎾᏍᎩ ᎤᏁᎳᏅᎯ ᎢᏥᏁᎸᎯ ᎨᏒᎢ, ᎠᎴ ᏂᎯ ᎢᏨᏒ ᎢᏣᏓᏤᎵ ᏂᎨᏒᎾ ᎨᏒᎢ?
20. ᏧᎬᏩᎶᏗᏰᏃ ᎡᏥᏩᎯᏍᏔᏅᎯ; ᎾᏍᎩ ᎢᏳᏍᏗ ᎡᏥᎸᏉᏗᏍᎨᏍᏗ ᎤᏁᎳᏅᎯ ᎢᏥᏰᎸ ᎢᏨᏗᏍᎨᏍᏗ, ᎠᎴ ᏗᏣᏓᏅᏙ ᏕᏨᏗᏍᎨᏍᏗ, ᎾᏍᎩ ᎤᏁᎳᏅᎯ ᏧᏤᎵ ᏥᎩ.

== I Corinthians 7 ==
1. ᎾᏃ ᏨᏓᏍᎩᏲᏪᎳᏁᎸ ᎤᎬᏩᎵ; ᎣᏏᏳ ᎠᏍᎦᏯ ᏄᏃᏟᏍᏔᏅᎾ ᏱᎩ ᎠᎨᏴ.
2. ᎠᏎᏃ ᎤᏕᎸᏛ ᏧᎾᏂᏏᏗᏱ ᏂᎨᏒᎾ ᎢᏳᎵᏍᏙᏗᏱ, ᎠᏂᏏᏴᏫᎭ ᎠᏂᏍᎦᏯ ᏧᎾᏓᎵᎢ ᏚᏂᎧᎮᏍᏗ, ᎠᎴ ᎠᏂᏏᏴᏫᎭ ᎠᏂᎨᏴ ᏗᎬᏩᏂᏰᎯ ᏚᏂᎧᎮᏍᏗ.
3. ᎠᏍᎦᏯ ᎤᎨᏳᏎᏍᏗ ᎤᏓᎵᎢ ᎾᏍᎩᏯ ᎤᎨᏳᏗ ᎨᏒᎢ; ᎠᎴ ᎾᏍᎩᏯ ᎾᏍᏉ ᎠᎨᏴ ᎤᎨᏳᏎᏍᏗ ᎤᏰᎯ.
4. ᎠᎨᏴ ᎥᏝ ᎠᏓᏅᏖᏍᎬᏉ ᎢᎬᏩᏁᏗ ᏱᎩ ᎤᏩᏒ ᎠᏰᎸᎢ, ᎤᏰᎯᏍᎩᏂ; ᎾᏍᎩᏯ ᎾᏍᏉ ᎠᏍᎦᏯ ᎥᏝ ᎠᏓᏅᏖᏍᎬᏉ ᎢᎬᏩᏁᏗ ᏱᎩ ᎤᏩᏒ ᎠᏰᎸᎢ, ᎤᏓᎵᎢᏍᎩᏂ.
5. ᏞᏍᏗ ᏗᏣᏓᎨᏳᏔᏅᎩ ᎢᏗᏣᏣᏓᏛᏁᏗ ᎨᏒᎢ, ᎬᏂ ᎣᏏᏳ ᏗᏣᏓᏰᎸᎾᏁᎸᎯ ᏱᎩ ᏞᎦ ᎾᏍᎩ ᎢᏣᏛᏁᏗᏱ, ᎾᏍᎩ ᎢᏣᏜᏓᏅᏓᏕᏗᏱ ᎠᎹᏟ ᎢᏨᏗᏱ ᎠᎴ ᎠᏓᏙᎵᏍᏙᏗ ᎨᏒ ᏗᏥᎸᏫᏍᏓᏁᏗᏱ, ᎠᎴ ᏔᎵᏁᏉ ᏙᏣᏓᏩᏗᏍᎨᏍᏗ, ᎾᏍᎩ ᏎᏓᏂ ᎢᏥᎪᎵᏰᏗᏱ ᏂᎨᏒᎾ ᎨᏣᎵᏍᏆᏂᎪᏙᏗ ᏂᎨᏒᎾ ᎨᏒ ᎢᏳᏍᏗ.
6. ᎠᏎᏃ ᎾᏍᎩ ᎯᎠ ᏥᏂᏥᏪᎭ ᎠᎵᏍᎪᎸᏔᏅᎯᏉ ᎾᏍᎩ ᎢᏣᏛᏁᏗᏱ, ᎥᏝᏃ ᎠᏎ ᎾᏍᎩ ᎢᏣᏛᏁᏗᏱ ᎤᎵᏁᏨᎯ ᏱᎩ.
7. ᎤᏟᏰᏃ ᎬᎩᏰᎸᏗ ᎾᏂᎥᏉ ᏴᏫ ᎠᏴ ᎾᏆᏍᏛ ᎾᏍᎩᏯ ᏱᏄᎾᏍᏗ. ᎠᏎᏃ ᎠᏂᏏᏴᏫᎭ ᎤᎾᏤᎵᎦᏯ ᎤᏁᎳᏅᎯ ᎤᏂᏁᎸ ᎤᏂᎰᎢ, ᎠᏏᏴᏫ ᎯᎠ ᎾᏍᎩ ᏂᎤᏍᏙᎢ, ᏅᏩᏓᎴᏃ ᏅᏩᏓᎴ ᏄᏍᏙᎢ.
8. ᎯᎠ ᎠᏗᎾ ᏂᎦᏥᏪᏎᎭ ᏂᏓᎾᏤᎲᎾ ᎠᎴ ᏧᏃᏑᎶᏨᎯ, ᎣᏏᏳ ᎠᏴ ᎾᏆᏛᏅ ᎾᏍᎩᏉ ᏱᏅᏩᎾᏛᏅ.
9. ᎠᏎᏃ ᎢᏳᏃ ᏰᎵ ᎾᏍᎩ ᏂᏓᏅᏂᎥᎾ ᏱᎩ, ᏓᎾᏤᎨᏍᏗᏉ; ᎤᏟᏰᏃ ᎣᏏᏳ ᏗᏨᏍᏗᏱ ᎠᏃ ᎦᎴᏴᎯᏍᏗᏱ.
10. ᏗᎾᏤᎯᏃ ᏕᏥᏁᏤᎭ, ᎥᏝ ᎠᏴᏉ, ᎤᎬᏫᏳᎯᏍᎩᏂ ᏕᎧᏁᏤᎭ, ᏞᏍᏗ ᎠᎨᏴ ᏳᏓᏅᎡᎴᏍᏗ ᎤᏰᎯ;
11. ᎠᏎᏃ ᎢᏳᏃ ᏳᏓᏅᏒ, ᏅᏩᏛᏁᏍᏗ ᏂᏓᏤᎲᎾ ᎨᏒᎢ, ᎠᎴ ᏙᎯᏉ ᎾᏅᏁᎮᏍᏗ ᎤᏰᎯ; ᎠᎴ ᎠᏍᎦᏯ ᏞᏍᏗ ᎢᏴᏛ ᏱᎦᎧᎲᏍᎨᏍᏗ ᎤᏓᎵᎢ.
12. ᎠᏂᏐᎢᏍᎩᏂ ᎠᏴᏉ ᏕᏥᏁᏤᎭ ᎥᏝᏃ ᎤᎬᏫᏳᎯ; ᎢᏳᏃ ᎩᎶ ᎢᏓᎵᏅᏟ ᎤᏓᎵᎢ ᏳᏪᎧᎭ ᎪᎯᏳᎲᏍᎩ ᏂᎨᏒᎾ, ᎣᏏᏳᏃ ᏯᏰᎸᏍᎦ ᎠᏏᏉ ᎤᎾᏁᎳᏗᏍᏗᏱ, ᏞᏍᏗ ᎢᏴᏛ ᏱᎦᎧᎲᏍᎨᏍᏗ.
13. ᎠᎴ ᎠᎨᏴ ᎤᏰᎯ ᏰᎭ ᎾᏍᎩ ᏄᏬᎯᏳᏒᎾ, ᎠᎴ ᎣᏏᏳᏉ ᏳᏰᎸᎭ ᎠᏏᏉ ᎤᎾᏁᎳᏗᏍᏗᏱ, ᏞᏍᏗ ᏯᏓᏅᎡᎮᏍᏗ.
14. ᏄᏬᎯᏳᏒᎾᏰᏃ ᎠᏍᎦᏯ ᎤᏓᏅᎦᎸᏛ ᎢᎩ ᎤᏓᎵᎢ ᎢᏳᏩᏂᏌᏛ, ᎠᎴ ᏄᏬᎯᏳᏒᎾ ᎠᎨᏴ ᎤᏓᏅᎦᎸᏛ ᎢᎩ ᎤᏰᎯ ᎢᏳᏩᏂᏌᏛ; ᎥᏝᏰᏃ ᎾᏍᎩ, ᎿᎭᏉ ᏗᏤᏥ ᎠᏂᎦᏓᎭ ᏱᎩ; ᎠᏎᏃ ᎪᎯ ᎨᏒ ᎤᎾᏓᏅᎦᎸᏛ ᎢᎩ.
15. ᎢᏳᏍᎩᏂᏃᏅ ᏄᏬᎯᏳᏒᎾ ᏳᏓᏅᏒ, ᎤᏁᎳᎩ ᎠᏓᏅᏍᎨᏍᏗ. ᎩᎶ ᎢᎩᏅᏟ ᎠᎴ ᎢᎩᏙ, ᎥᏝ ᏳᏚᏓᎶ ᎾᏍᎩ ᏥᏄᏍᏙᎢ. ᎤᏁᎳᏅᎯᏍᎩᏂ ᏅᏩᏙᎯᏯᏛ ᎢᎦᏕᏗᏱ ᎢᎩᏯᏅᎲ.
16. ᎦᏙᏰᏃ ᏗᎦᎵᏍᏙᏗᎭ ᎢᎯᎦᏔᎭ, ᎯᎨᏴ, ᎦᎯᏍᏕᎸᏗ ᏂᎨᏒᎾ ᎨᏒ ᏣᏰᎯ? ᎠᎴ ᎦᏙ ᏗᎦᎵᏍᏙᏗᎭ ᎢᎯᎦᏔᎭ ᎯᏍᎦᏯ ᎦᎯᏍᏕᎸᏗ ᏂᎨᏒᎾ ᎨᏒ ᏣᏓᎵᎢ?
17. ᎾᏍᎩᏯᏍᎩᏂ ᎤᏁᎳᏅᎯ ᎠᏂᏏᏴᏫᎭ ᏥᎦᏯᏙᎮᎸ, ᎠᎴ ᎾᏍᎩᏯ ᎤᎬᏫᏳᎯ ᎠᏂᏏᏴᏫᎭ ᏥᏚᏯᏅᎲ, ᎾᏍᎩ ᏄᏍᏕᏍᏗ ᎠᏁᎮᏍᏗ. ᎠᎴ ᎾᏍᎩ ᏄᏍᏗ ᏕᏥᏁᏤᎭ ᏂᎦᏛ ᏚᎾᏓᏡᏩᏗᏒᎢ.
18. ᎢᏳᏃ ᎩᎶ ᎠᏥᎤᏍᏕᏎᎸᎯ ᎠᏥᏯᏂᏍᎨᏍᏗ, ᏞᏍᏗ ᎾᏥᎤᏍᏕᏎᎸᎾ ᏱᏄᎵᏍᏔᏁᏍᏗ. ᎢᏳᏃ ᎩᎶ ᎠᏥᎤᏍᏕᏎᎸᎯ ᏂᎨᏒᎾ ᎨᏒ ᎠᏥᏯᏂᏍᎨᏍᏗ, ᏞᏍᏗ ᏯᏥᎤᏍᏕᏎᎴᏍᏗ.
19. ᎠᎱᏍᏕᏍᏗ ᎨᏒ ᎥᏝ ᎪᎱᏍᏗ ᎬᏙᏗ ᏱᎩ; ᎠᎴ ᎾᎱᏍᏕᏒᎾ ᎨᏒ ᎥᏝ ᎪᎱᏍᏗ ᎬᏙᏗ ᏱᎩ, ᏗᏍᏆᏂᎪᏙᏗᏱᏍᎩᏂ ᏗᎧᎿᎭᏩᏛᏍᏗ ᎤᏁᎳᏅᎯ ᏧᏤᎵᎦ.
20. ᎾᏂᎥᎩᎶ ᏄᏛᏅᏉ ᎠᏥᏯᏅᎲ ᎾᎿᎭᏉ ᏅᏩᏛᏁᏍᏗ.
21. ᎡᏣᏯᏅᎲᏍᎪ ᎡᏣᎾᏝᎢ ᎨᏒᎢ? ᎤᏁᎳᎩ; ᎢᏳᏍᎩᏂᏃᏅ ᏁᏣᎾᏝᎥᎾ ᎢᎬᏩᎵᏍᏙᏗ ᏱᎩ, ᎾᏍᎩ ᎯᎬᏫᏳᏔᏅᎭ.
22. ᎤᎬᏫᏳᎯᏰᏃ ᎤᏯᏅᏛ ᎾᏍᎩ ᎠᏥᎾᏝᎢ ᎨᏒᎢ, ᎾᏍᎩ ᎤᎬᏫᏳᎯ ᎤᏤᎵᎦ ᎾᏥᎾᏝᎥᎾ; ᎾᏍᎩᏯᏃ ᎾᏍᏉ ᎠᏥᏯᏅᏛ ᎾᏥᎾᏝᎥᎾ ᎨᏒᎢ, ᎾᏍᎩ ᎦᎶᏁᏛ ᎤᎾᏝᎢ.
23. ᏧᎬᏩᎶᏗ ᎡᏥᏩᎯᏍᏔᏅᎯ; ᏞᏍᏗ ᏴᏫᏉ ᏗᎨᏥᎾᏝᎢ ᏱᎨᏎᏍᏗ.
24. ᎢᏓᎵᏅᏟ ᎾᏂᎥ ᎩᎶ ᏄᏛᏅᏉ ᎠᏥᏯᏅᎲ, ᎾᎿᎭᏅᏩᏛᏁᏍᏗ ᎤᏁᎳᏅᎯ ᏓᎧᎿᎭᏩᏗᏒᎢ.
25. ᎾᏃ ᏂᏓᎾᏤᎲᎾ ᎤᎬᏩᎵ ᎨᏒᎢ, ᎥᏝ ᎤᎬᏫᏳᎯ ᎤᏁᏨᎯ ᏯᎩᎭ; ᎠᏎᏃ ᎣᏏᏳ ᎬᏰᎸᏗ ᎨᏒ ᎬᏂᎨᏒ ᏂᎬᏁᎭ, ᎾᏍᎩ ᎤᎬᏫᏳᎯ ᎠᎩᏙᎵᏨᎯ ᏥᎩ ᏚᏳᎪᏛ ᎢᎦᏛᏁᎯ ᎢᏯᏆᎵᏍᏙᏗᏱ.
26. ᎾᏍᎩᏃ ᎦᏓᏅᏖᏍᎬ ᎤᏟ ᎣᏏᏳ ᎾᏍᎩ ᎯᎠ ᎪᎯ ᎨᏒ ᎠᎩᎵᏯ ᏤᎭ; ᎾᏍᎩ ᎤᏟ ᎣᏏᏳ ᎯᎠ ᎾᏍᎩ ᏱᏄᏍᏗ ᏴᏫ ᎡᎲᎢ.
27. ᎠᎨᏴᏍᎪ ᏕᏍᏓᏚᏓᏔ? ᏞᏍᏗ ᏗᏍᏓᏚᏓᏕᏍᏗᏱ ᏣᏲᎸᎩ. ᎠᎨᏴᏍᎪ ᏂᏗᏍᏓᏚᏓᏛᎾ? ᏞᏍᏗ ᏣᏲᎸ ᏣᏓᎵᎢ.
28. ᎢᏳᏍᎩᏂ ᏱᏣᏕᏒᎾ ᎥᏝ ᏱᎦᎯᏍᎦᏅᎦ; ᎢᏳ ᎠᎴ ᎠᏛ ᏱᏚᏤᏅ ᎥᏝ ᏱᎬᏍᎦᏅᎦ. ᎠᏎᏃ ᎾᏍᎩ ᎢᏳᎾᏍᏗ ᎤᏂᎩᎵᏲᎢᏍᏗ ᎨᏎᏍᏗ ᎤᏇᏓᎵ ᎨᏒᎢ. ᎠᏎᏃ ᎤᏁᎳᎩᏉ ᎢᏨᏰᎵᏎᎭ.
29. ᎯᎠᏍᎩᏂ ᏂᏥᏪᎭ, ᎢᏓᎵᏅᏟ, ᎪᎯ ᎨᏒ ᎤᏍᏆᎳᎯᏳ; ᎯᎠᏉᏃ ᏄᏍᏗ ᎠᎵᏃᎯᏯᎭ, ᎾᏍᎩ ᏧᎾᏓᎵ ᏥᎩ, ᏧᎾᏓᎵᏉ ᏂᎨᏒᎾ ᏥᎨᏐ ᎢᏳᏍᏗ ᎨᏎᏍᏗ,
30. ᎾᏃ ᏗᎾᏠᏱᎯ ᏥᎩ, ᏂᏓᎾᏠᏱᎲᎾᏉ ᎢᏳᏍᏗ ᎨᏎᏍᏗ; ᎾᎿᎭᎠᎾᎵᎮᎵᎩ ᏥᎩ, ᎾᎾᎵᎮᎵᎬᎾᏉ ᎢᏳᏍᏗ ᎨᏎᏍᏗ; ᎾᏃ ᎤᏂᏩᏍᎩ ᏥᎩ, ᏄᏂᎲᎾᏉ ᎢᏳᏍᏗ ᎨᏎᏍᏗ;
31. ᎾᏃ ᎾᏍᎩ ᎯᎠ ᎡᎶᎯ ᎪᎱᏍᏗ ᎠᏅᏗᏍᎩ ᏞᏍᏗ ᎤᏣᏘᏂᏉ ᏱᎾᏅᏁᏗᏍᎨᏍᏗ; ᎯᎠᏰᏃ ᎡᎶᎯ ᏄᏍᏛ ᎦᎶᏐᎲᏍᎦᏉ.
32. ᎠᏗᎾ ᎠᏆᏚᎵᎭ ᏂᏤᎵᎯᏍᎬᎾᏉ ᎢᏣᎵᏍᏙᏗᏱ. ᎾᏍᎩ Ꮎ ᏄᏓᎸᎾ ᎠᏓᏅᏖᏍᎪ ᎤᎬᏫᏳᎯ ᎤᏤᎵᎦ ᎨᏒᎢ, ᎢᏳᏛᏁᏗᏱ ᎤᎬᏫᏳᎯ ᎣᏍᏛ ᎤᏰᎸᏗ ᏧᎸᏫᏍᏓᏁᏗᏱ.
33. Ꮎ-ᏍᎩᏂ ᎤᏓᎵ ᎠᏓᏅᏖᏍᎪ ᏧᏓᎴᏅᏛ ᎡᎶᎯ ᎡᎯ, ᎢᏳᏛᏁᏗᏱ ᎤᏓᎵᎢ ᎣᏍᏛ ᎤᏰᎸᏗ ᏧᎸᏫᏍᏓᏁᏗᏱ.
34. ᏚᎾᏓᎴᎿᎭᎠ ᎾᏍᏉ ᎠᏥᏰᎯ ᎠᎨᏴ ᎠᏃ ᎾᏥᏰᎲᎾ. ᎾᏥᏰᎲᎾ ᎠᎨᏴ ᎠᏓᏅᏖᏍᎪ ᏧᏓᎴᏅᏛ ᎤᎬᏫᏳᎯ ᎤᏤᎵᎦ, ᎾᏍᎩ ᎾᏍᎦᏅᎾ ᎢᏳᎵᏍᏙᏗᏱ ᎠᏰᎵ ᎨᏒ ᎠᎴ ᎤᏓᏅᏙᎩᎯ ᎨᏒᎢ; Ꮎ-ᏍᎩᏂ ᎠᏥᏰᎯ ᎠᏓᏅᏖᏍᎪ ᏧᏓᎴᏅᏛ ᎡᎶᎯ ᎡᎯ, ᎢᏳᏛᏁᏗᏱ ᎤᏰᎯ ᎣᏍᏛ ᎤᏰᎸᏗ ᏧᎸᏫᏍᏓᏁᏗᏱ.
35. ᎠᎴ ᎯᎠ ᎾᏍᎩ ᏂᏥᏪᎭ ᎢᏨᏒ ᎣᏍᏛ ᎢᏣᎵᏍᏓᏁᏗ ᎠᏆᏑᎵᏍᎬᎢ; ᎥᏝ ᎢᏨᏌᏛᎥᏍᎬᏉ ᏱᎩ, ᎣᏏᏳᏍᎩᏂ ᎠᏰᎸᏗ ᎨᏒ [ᎢᏣᏛᏁᏗᏱ,] ᎠᎴ ᎾᏍᎩ ᎤᎬᏫᏳᎯ ᏤᏥᎧᎿᎭᏩᏗᏓᏍᏗᏱ ᎪᎱᏍᏗ ᏂᏥᏲᏍᏙᏓᏁᎲᎾ.
36. ᎢᏳᏍᎩᏂᏃᏅ ᎩᎶ ᎤᏣᏘᏂ ᎠᏰᎸᏗ ᏂᏥᏯᏛᏁᎭ ᎠᏆᏤᎵ ᎠᏛ ᎢᎡᎵᏍᎨᏍᏗ, ᎢᎦᎶᏍᎨᏍᏗ ᏰᎵᎦᏯ ᎢᏳᏕᏘᏴᏛ ᎨᏒᎢ, ᎠᎴ ᎠᏎ ᎾᏍᎩ ᎢᏳᎵᏍᏙᏗ ᎢᎨᏎᏍᏗ, ᎤᏚᎵᏍᎬᏉ ᎾᏛᏁᎮᏍᏗ, ᎥᏝ ᏱᎬᏍᎦᏅᎨᏍᏗ; ᏓᎾᏤᎨᏍᏗᏉ.
37. ᎩᎶᏍᎩᏂ ᎤᎵᏂᎩᏛᏯ ᏚᏭᎪᏕᏍᏗ ᏧᏓᏅᏛᎢ, ᎠᏎ ᎾᏍᎩ ᎢᏳᏛᏁᏗᏱ ᏄᎵᏍᏓᏁᎲᎾ ᎢᎨᏎᏍᏗ, ᎾᏍᎩ ᏰᎵᏉ ᎠᏓᏅᏖᏍᎬ ᎢᎬᏩᏛᏁᏗ ᎨᏒᎢ, ᎠᎴ ᎾᏍᎩ ᎢᏳᏛᏁᏗᏱ ᏚᏭᎪᏔᏁᏍᏗ ᏧᏓᏅᏛᎢ, ᎾᏍᎩ ᎤᏍᏆᏂᎪᏙᏗᏱᏉ ᎤᏤᎵ ᎠᏛ, ᎾᏍᎩ ᎣᏏᏳ ᎾᏛᏁᎮᏍᏗ.
38. ᎾᏍᎩᏃ Ꮎ ᎤᏤᎵ ᎠᏛ ᏧᏲᏍᎩ ᏧᏨᏍᏗᏱ ᎣᏏᏳ ᎾᏛᏁᎮᏍᏗ; ᎾᏍᎩᏍᎩᏂ Ꮎ ᏧᏲᏍᎩ ᏂᎨᏒᎾ ᏧᏨᏍᏗᏱ ᎤᏟ ᎣᏏᏳ ᎾᏛᏁᎮᏍᏗ.
39. ᎠᎨᏴ ᏗᏤᎯ ᏗᎧᎿᎭᏩᏛᏍᏗ ᎤᏚᏓᎸᏙ ᎤᏰᎯ ᎠᎴᏂᏙᎲ ᎢᎪᎯᏛ; ᎤᏰᎯᏍᎩᏂ ᎤᏲᎱᏒᎯ ᏱᎩ, ᎿᎭᏉ ᎤᏚᏓᎴᏛ, ᎾᏍᎩᏃ ᏗᎬᏩᏨᏍᏗᏉ ᎩᎶᏉ ᎤᏚᎵᏍᎬᎢ; ᎤᎬᏫᏳᎯ ᎪᎩᏳᎲᏍᎩ ᎤᏩᏒ.
40. ᎠᏎᏃ, ᎠᏴ ᎦᏓᏅᏖᏍᎬ, ᎤᏟ ᎢᎦᎢ ᏅᏩᏙᎯᏯᏛ ᏳᏓᏅᏔ, ᏱᏅᏩᏍᏗᏉ ᎡᎲᎢ; ᎠᎴ ᎦᏓᏅᏖᏍᎬ ᎠᏴ ᎾᏍᏉ ᎤᏁᎳᏅᎯ ᎤᏓᏅᏙ ᎠᏇᎭ.

== I Corinthians 8 ==
1. ᎾᏃ ᏧᏓᎴᏅᏛ ᎾᏁᎳᏅᎯ ᏗᏰᎸᎯ ᏗᎵᏍᎪᎸᏓᏁᎸᎯ ᎤᎬᏩᎵ, ᎢᏗᎦᏔᎭ ᎾᏍᎩ ᏂᏗᎥ ᎠᎦᏙᎥᎯᏍᏗ ᎨᏒ ᎢᎨᎲᎢ. ᎠᎦᏙᎥᎯᏍᏗ ᎨᏒ ᎠᏢᏆᏍᎪᎢ, ᎠᏓᎨᏳᏗᏍᎩᏂ ᎨᏒ ᎠᏓᏍᏕᎵᏍᎪᎢ.
2. ᎢᏳ ᎠᎴ ᎩᎶ ᏳᏬᎯᏳᎭ ᎪᎱᏍᏗ ᎠᎦᏔᎲᎢ, ᎥᏝ ᎪᎱᏍᏗ ᎠᎦᏙᎥᎯᏍᏗ ᎨᏒ ᎠᏏ ᎤᎦᏙᎥᏒᎯ ᏱᎩ.
3. ᎢᏳᏍᎩᏂ ᎩᎶ ᎤᏁᎳᏅᎯ ᏳᎨᏳᎭ, [ᎤᏁᎳᏅᎯ] ᎾᏍᎩ ᎤᎦᏔᎰᎢ.
4. ᎾᏃ ᎠᎩᏍᏗᏱ ᎤᎬᏩᎵ ᎪᎱᏍᏗ ᎠᏥᎸ ᎨᎳᏍᏗᏱ ᏗᎵᏍᎪᎸᏓᏁᎸᎯ ᎤᏁᎳᏅᎯ ᏗᏰᎸᎯ, ᎢᏗᎦᏔᎭ ᎤᏁᎳᏅᎯ ᎠᏰᎸᎯ ᎪᎱᏍᏗ ᏂᎨᏒᎾ ᎨᏒ ᎠᏂ ᎡᎶᎯ, ᎠᎴ ᎾᏍᎩ ᏅᏩᏓᎴ ᎤᏁᎳᏅᎯ ᏁᎲᎾ ᎨᏒ, ᏌᏉ ᎤᏩᏒ.
5. ᎤᏂᏣᏔᏍᎩᏂᏃᏅ ᎠᏁᎭ ᎤᎾᏁᎳᏅᎯ ᎨᎪᏎᎯ ᎦᎸᎶᎢ ᎠᎴ ᎡᎶᎯ, (ᏧᏂᎶᏔᏉ ᎤᎾᏁᎳᏅᎯ, ᎠᎴ ᏧᏂᏣᏔᏉ ᎤᏂᎬᏫᏳᎯ,)
6. ᎠᏴᏍᎩᏂ ᎢᏙᎯᏳᎲᏍᎬ ᏌᏉᎯᏳ ᎡᎭ ᎤᏁᎳᏅᎯ, ᎾᏍᎩ ᎠᎦᏴᎵᎨᎢ, ᎾᏍᎩ ᎾᎿᎭᏂᎦᏗᏳ ᏧᏓᎴᏅᏛ ᏨᏗᏓᎴᎲᏍᎦ, ᎠᎴ ᎠᏴ ᎾᏍᎩ ᎡᏓᏤᎵᎦ ᎢᏳᎵᏍᏙᏗᏱ ᏥᏕᎭ; ᎠᎴ ᏌᏉᎯᏳ ᎤᎬᏫᏳᎯ ᏥᏌ ᎦᎶᏁᏛ, ᎾᏍᎩ ᎢᏳᏩᏂᏌᏛ ᏂᎦᏗᏳ ᏧᏓᎴᏅᏛ ᏤᎭ, ᎠᎴ ᎠᏴ ᎾᏍᎩ ᎢᏳᏩᏂᏌᏛ ᏥᏕᎭ.
7. ᎥᏝᏍᎩᏂᏃᏅ ᎾᏂᎥ ᎾᏍᎩ ᎠᎦᏙᎥᎯᏍᏗ ᎨᏒ ᏳᏁᎭ; ᎩᎶᏰᏃ ᏙᏧᎾᏓᏅᏛ ᎤᏂᎸᏉᏗᏳ ᎨᏒ ᎤᏁᎳᏅᎯ ᎠᏰᎸᎯ ᎪᎯ ᎨᏒ ᎢᏯᏍᏗ ᎠᎾᎵᏍᏓᏴᏗᏍᎪ ᎤᏁᎳᏅᎯ ᎠᏰᎸᎯ ᎠᎵᏍᎪᎸᏓᏁᎸᎯ ᏣᏂᎩᏍᎪ ᎾᏍᎩᏯᎢ; ᏚᎾᏓᏅᏛᏃ ᏗᏩᎾᎦᎳᎯᏳ ᎨᏒ ᏗᎦᏓᎭ ᏂᏙᎦᎵᏍᏗᏍᎪᎢ.
8. ᎠᎵ ᏍᏓᏴᏗᏍᎩᏂ ᎥᏝ ᎤᏁᎳᏅᎯ ᎣᏏᏳ ᎢᎩᏰᎸᏗᏱ ᏱᏂᎬᏁᎭ; ᎥᏝᏰᏃ ᏱᏓᎵᏍᏓᏴᎲᏍᎦ ᎤᏟ ᎣᏏᏳ ᏱᏂᎬᏁᎰᎢ, ᎥᏝ ᎠᎴ ᏂᏓᎵᏍᏓᏴᏍᎬᎾ ᏱᎩ, ᎡᏍᎦ ᏱᏂᎬᏁᎰᎢ.
9. ᎠᏎᏃ ᎢᏤᏯᏔᎮᏍᏗ ᏞᏍᏗ ᎾᏍᎩ ᎢᎨᏣᏛᏁᏗ ᎢᏥᎲ ᏗᏂᏩᎾᎦᎳ ᏧᏃᏕᏍᏗᏍᎩ ᏱᏄᎵᏍᏔᏁᏍᏗ.
10. ᎢᏳᏰᏃ ᎩᎶ ᎢᏳᏍᏗ ᏱᏣᎪᎲ ᏂᎯ ᎠᎦᏙᎥᎯᏍᏗ ᎨᏒ ᏤᎯ ᏱᏅᎦ ᏯᎵᏍᏓᏴᎲᏍᎦ ᎠᏓᏁᎸ ᎤᏁᎳᏅᎯ ᎠᏰᎸᎯ ᎤᏤᎵᎦ; ᏝᏍᎪ ᎾᏍᎩ Ꮎ ᎤᏓᏅᏛ, ᎠᏩᎾᎦᎳ ᎨᏒ, ᏂᎦᎾᏰᏍᎬᎾ ᏱᏅᎦᎵᏍᏓ ᎤᎵᏍᏓᏴᏙᏗᏱ ᏧᏓᎴᏅᏛ ᎾᏍᎩ ᏗᎵᏍᎪᎸᏓᏁᎸᎯ ᎤᏁᎳᏅᎯ ᏗᏰᎸᎯ;
11. ᎾᏍᎩᏃ ᎠᎦᏙᎥᎯᏍᏗ ᎨᏒ ᏣᏤᎵᎦ ᎢᏳᏩᏂᏌᏛ ᎠᏩᎾᎦᎳ ᏗᏍᏓᏓᏅᏟ ᏴᎬᏲᎱᎯ, ᎾᏍᎩ ᎦᎶᏁᏛ ᎤᏲᎱᎯᏎᎸᎯ?
12. ᎠᏎᏃ ᎾᏍᎩ ᏂᏣᏛᎦ ᏕᏥᏍᎦᏅᏥ ᎢᏣᎵᏅᏟ, ᎠᎴ ᎤᏲ ᏂᏕᏨᎦ ᏗᏩᎾᎦᎳ ᏚᎾᏓᏅᏛᎢ, ᎦᎶᏁᏛ ᎡᏥᏍᎦᏅᏤᎰᎢ.
13. ᎾᏍᎩᏃ ᏥᏄᏍᏗ, ᎢᏳᏃ ᎠᎵᏍᏓᏴᏗ ᏦᏍᏓᏓᏅᏟ ᏱᏚᏬᏕᏍᏗᎭ, ᎥᏝ ᏴᎦᏥᎦ ᎭᏫᏯ ᎡᎶᎯ ᎢᎪᎯᏛ ᎨᏒᎢ, ᏦᏍᏓᏓᏅᏟᏰᏃ ᏱᏙᏥᏲᏕᏍᏓ.

== I Corinthians 9 ==
1. ᏝᏍᎪ ᎠᏴ ᎥᎩᏅᏏᏛ ᏱᎩ? ᏝᏍᎪ ᎠᏆᏓᏤᎵᎦ ᏱᎩ? ᏝᏍᎪ ᏥᎪᎥᎯ ᏱᎩ ᏥᏌ ᎦᎶᏁᏛ ᎤᎬᏫᏳᎯ ᎢᎦᏤᎵᎦ? ᏝᏍᎪ ᎠᏴ ᏓᎩᎸᏫᏍᏓᏁᎲ ᎢᏳᏩᏂᏌᏛ ᏱᎩ ᏂᎯ ᎤᎬᏫᏳᎯ ᎡᏥᏍᏓᏩᏕᎩ ᏥᎩ?
2. ᎢᏳᏃ ᎥᎩᏅᏏᏛ ᎬᎩᏰᎸᏗ ᏂᎨᏒᎾ ᎢᎨᏎᏍᏗ ᏭᏅᏧᏛᎢ, ᏂᎯᏍᎩᏂ ᎠᏎ ᏄᏜᏓᏏᏛᏒᎾ ᎥᎩᏅᏏᏛ ᏍᎩᏰᎸᏗ; ᏂᎯᏰᏃ ᎠᏙᎴᎰᎯᏍᏙᏗ ᎠᏴ ᎥᎩᏅᏏᏛ ᎨᏒ ᎾᏍᎩ ᎤᎬᏫᏳᎯ ᎡᏥᏍᏓᏩᏕᎩ ᎨᏒᎢ.
3. ᎦᏥᏯᏬᎢᎵᏴᏍᏓᏁᎲ ᎩᎶ ᎬᎩᎪᎵᏰᏍᎩ ᎾᏍᎩ ᎯᎠ ᏄᏍᏗ.
4. ᏝᏍᎪ ᏲᎩᎭ ᎣᎦᎵᏍᏓᏴᏗᏱ, ᎠᎴ ᎣᎦᏗᏔᏍᏗᏱ?
5. ᏝᏍᎪ ᏲᎩᎭ ᏦᏘᏂᏓᏍᏗᏱ ᎤᏃᎯᏳᎯ ᏦᎦᏓᎵᎢ, ᎾᏍᎩᏯ, ᎾᎾᏛᏁᎲ ᎠᏂᏐᎢ ᎨᏥᏅᏏᏛ, ᎠᎴ ᎾᎾᏛᏁᎲ ᎤᎬᏫᏳᎯ ᎠᎾᎵᏅᏟ, ᎠᎴ ᏏᏆᏏ?
6. ᏥᎪᎨ ᎠᏴ ᎠᎴ ᏆᏂᏆ ᎣᎩᏅᏒ, ᎥᏝ ᏲᎩᏂᎭ ᎣᎩᏂᏲᎯᏍᏙᏗᏱ ᎪᎱᏍᏗ ᎣᏍᏓᏛᏁᎲᎢ?
7. ᎦᎪ ᎢᎸᎯᏳ ᏓᎿᎭᏩ ᎡᎪᎢ ᎤᏩᏒᏉ ᎤᎫᏴᎯᏓᏍᏗ ᎠᎫᏴᏗ ᎨᏒᎢ? ᎦᎪ ᏓᏫᏍᎪ ᏖᎸᎳᏗ ᏂᏗᎦᏰᏍᎬᎾᏃ ᎨᏐ ᎤᎾᏓᏛᏅᎯ? ᎠᎴ ᎦᎪ ᏓᎦᏘᏲ ᎠᏫ, ᎾᎵᏍᏓᏴᏗᏍᎬᎾᏃ ᎨᏐ ᎤᏅᏗ ᎠᏫ ᎤᏂᏁᏅᎯ?
8. ᎯᎠ ᎾᏍᎩ ᏥᏂᏥᏪᎠ, ᏥᎪ ᏴᏫᏉ ᎤᏓᏅᏖᏛ ᏂᏥᏪᎠ? ᎾᏍᏉᎨ ᎾᏍᎩᏯ ᏂᎦᏪᎭ ᏗᎧᎿᎭᏩᏛᏍᏗ?
9. ᎯᎠᏰᏃ ᏂᎬᏅ ᎪᏪᎳ ᏗᎧᎿᎭᏩᏛᏍᏗᏱ ᎼᏏ ᎤᏬᏪᎳᏅᎯ; ᎥᏝ ᎯᏴᏑᎶᏗ ᏱᎨᏎᏍᏗ ᏩᎦ ᎠᎦᏔᏙᎥᏗᏍᎩ ᎤᏣᎴᏍᏗ. ᏩᎦᏉᏍᎪ ᏓᏓᏅᏖᎭ ᎤᏁᎳᏅᎯ?
10. ᏥᎪᎨ ᎠᏴ Ꮀ ᎤᎬᏫᏳᎭ ᏅᏗᎦᎵᏍᏙᏗᎭ ᎾᏍᎩ ᏥᏂᎦᏪᎭ? ᎥᏝ ᏳᏜᏓᏏᏛᎭ ᎠᏴ ᏅᏗᎦᎵᏍᏙᏗᏍᎬ ᎾᏍᎩ ᏥᏂᎬᏅ ᏥᎪᏪᎳ; ᎩᎶᏰᏃ ᎦᏓᎷᎩᏍᎩ ᎾᏍᎩ ᎤᏚᎩ ᏳᏩᎭ ᎦᏓᎷᎩᏍᎬᎢ; ᎠᎴ ᎩᎶ ᎤᏚᎩ ᎤᏩᎯ ᎠᎦᏔᏙᎥᏗᏍᎩ ᎾᏍᎩ ᏳᏪᎳᏗᏍᏗᎭ ᎾᏍᎩ ᎤᏚᎩ ᎤᏩᏒᎢ
11. ᎢᏳᏃ ᏗᏓᏅᏙ ᎤᎬᏩᎵ ᏱᏨᏫᏎᎸ, ᏥᏌ ᎡᏉᎯᏳᏉ ᎢᎩ, ᎢᏳᏃ ᎤᏇᏓᎵ ᎤᎬᏩᎵ ᏱᏨᏍᎫᏕᏎᎭ?
12. ᎢᏳᏃ ᏅᏩᎾᏓᎴ ᎾᏍᎩ ᎯᎠ ᎢᎨᏨᏁᏗᏱ ᏳᏂᎭ; ᏝᏍᎪ ᎠᏴ ᎤᏟ ᎢᎦᎢ? ᎥᏝᏍᎩᏂᏃᏅ ᎾᏍᎩ ᎯᎠ ᎢᎦᏲᎦᏛᏁᏗ ᎣᎩᎲ ᏱᏃᎦᏛᏁᎸ; ᎤᏁᎳᎩᏉᏍᎩᏂ ᎣᎨᎵᏒ ᏂᎦᎥ ᏧᏓᎴᏅᏛ ᎣᎩᏂᎬᏎᎲᎢ, ᎾᏍᎩ ᎣᎦᎵᏫᏍᏙᏗᏱ ᏂᎨᏒᎾ ᎣᏍᏛ ᎧᏃᎮᏛ ᎦᎶᏁᏛ ᎤᏤᎵ ᎠᎢᏒᎢ.
13. ᏝᏍᎪ ᏱᏥᎦᏔᎭ, ᎾᏍᎩ ᎦᎸᏉᏗᏳ ᏗᎦᎸᏫᏍᏓᏁᏗ ᎨᏒ ᏧᏂᎸᏫᏍᏓᏁᎯ ᎠᎾᎵᏍᏓᏴᏗᏍᎬ ᏗᎦᎸᏉᏗ ᎨᏒᎢ; ᎠᎴ ᎾᏍᎩ ᎠᏥᎸ ᎨᎳᏍᏗᏱ ᎠᏂᎦᏘᏯᏕᎩ ᎾᏍᎩ ᎤᏁᎳᏗᏍᏗᏍᎬ ᎠᏥᎸ ᎨᎳᏍᏗᏱ ᎠᎵᏍᎪᎸᏔᏅᎯ?
14. ᎾᏍᎩᏯᏉ ᎤᎬᏫᏳᎯ ᏚᏭᎪᏔᏅ, ᎾᏍᎩ ᎣᏍᏛ ᎧᏃᎮᏛ ᎠᎾᎵᏥᏙᎲᏍᎩ ᏥᎩ, ᎾᏍᎩ ᎣᏍᏛ ᎧᏃᎮᏛ ᎤᎾᎵᏍᏕᎸᏙᏗᏱ.
15. ᎠᏎᏃ ᎥᏝ ᎪᎱᏍᏗ ᎠᏋᏔᏅᎯ ᏱᎩ ᎾᏍᎩ ᎯᎠ; ᎥᏝ ᎠᎴ ᎾᏍᎩ ᎯᎠ ᏱᎪᏪᎸᎦ, ᎠᏴ ᎾᏍᎩ ᎢᏴᏆᏛᏁᏗᏱ; ᎤᏟᏰᏃ ᎣᏏᏳ ᎢᏯᏆᎵᏍᏓᏁᏗ ᏯᎩᏲᎱᏒᏉ, ᎠᏃ ᎩᎶ ᎠᏎᏉ ᏱᏄᏩᏁᎸ ᎠᏆᏢᏆᏍᏙᏗ ᎨᏒᎢ.
16. ᎾᏍᏉᏰᏃ ᏱᎦᎵᏥᏙᎲᏍᎦ ᎣᏍᏛ ᎧᏃᎮᏛ, ᎥᏝ ᎪᎱᏍᏗ ᏯᎩᎭ ᎠᏆᏢᏈᏍᏙᏗ. ᎠᏎᏰᏃ ᎾᏍᎩ ᎢᏯᏆᏛᏁᏗ ᏅᏋᏁᎸ; ᎥᎥ, ᎤᏲ ᎢᏯᏆᎵᏍᏓᏁᏗ, ᎢᏳᏃ ᎣᏍᏛ ᎧᏃᎮᏛ ᏂᎦᎵᏥᏙᎲᏍᎬᎾ ᎢᎨᏎᏍᏗ.
17. ᎢᏳᏰᏃ ᎣᏏᏳ ᎠᎩᏰᎸᏅᎯ ᎾᏍᎩ ᎯᎠ ᏱᏂᎦᏛᏁᎭ ᎥᏆᎫᏴᎡᎭ; ᎢᏳᏍᎩᏂ ᎣᏏᏳ ᎠᎩᏰᎸᏅᎯ ᏂᎨᏒᎾ ᎢᎨᏎᏍᏗ ᎿᎭᏉ ᏗᎦᎸᏫᏍᏓᏁᏗ ᎥᏆᏒᎦᎶᏔᏅ.
18. ᎦᏙᏃ ᎥᏆᎫᏴᎡᏗ ᎨᏎᏍᏗ? ᎯᎠ ᎾᏍᎩ, ᎾᏍᎩ ᎣᏍᏛ ᎧᏃᎮᏛ ᎦᎵᏥᏙᎲᏍᎨᏍᏗ ᏧᎬᏩᎶᏗ ᏂᎨᏒᎾ ᎢᏯᏋᏁᏗᏱ ᎣᏍᏛ ᎧᏃᎮᏛ ᎦᎶᏁᏛ ᎤᏤᎵᎦ; ᎾᏍᎩ ᎤᏲ ᎢᏯᏆᏛᏁᏗᏱ ᏂᎨᏒᎾ ᏄᏍᏛ ᎠᏆᏒᎦᎸ ᎣᏍᏛ ᎧᏃᎮᏛ ᎨᏒᎢ.
19. ᎩᎶᏍᎩᏂᏃᏅ ᎠᎩᎾᏝᎢ ᏂᎨᏒᎾ, ᎠᏎᏃ ᎾᏂᎥ ᎬᎩᎾᏝᎢ ᎾᏆᏓᏛᏁᎸ, ᎾᏍᎩ ᎤᏟ ᎢᏯᏂᎢ ᎬᎩᏁᏉᏤᏗᏱ.
20. ᎠᏂᏧᏏ ᎠᏂᎦᏔᎲ ᏥᏧᏏ ᎾᏍᎩᏯ ᎾᏆᎵᏍᏔᏅᎩ ᎾᏍᎩ ᎠᏂᏧᏏ ᎬᎩᏁᏉᏤᏗᏱ; ᎾᏃ ᏗᎧᎿᎭᏩᏛᏍᏗᏱ ᎤᎾᏓᏄᏴᏗ ᎠᏂᎦᏔᎲ ᏗᎧᎿᎭᏩᏛᏍᏗᏱ ᏣᏆᏓᏄᏴᏙ ᎾᏍᎩᏯᎢ, ᎾᏍᎩ ᎬᎩᏁᏉᏤᏗᏱ ᎾᏍᎩ Ꮎ ᏗᎧᎿᎭᏩᏛᏍᏗᏱ ᎤᎾᏓᏄᏴᏗ.
21. ᎾᏍᎩ ᎠᏂᎦᏔᎲ ᏗᎧᎿᎭᏩᏛᏍᏗᏱ ᏄᎾᏓᏄᏴᏛᎾ ᏗᎧᎿᎭᏩᏛᏍᏗᏱ ᎾᏆᏓᏄᏴᏛᎾ ᏥᎨᏐ ᎾᏍᎩᏯᎢ, ᎾᏍᎩ ᎬᎩᏁᏉᏤᏗᏱ ᎾᏍᎩ Ꮎ ᏗᎧᎿᎭᏩᏛᏍᏗᏱ ᏄᎾᏓᏄᏴᏛᎾ, ᎠᏎᏃ ᎥᏝ ᏗᎧᎿᎭᏩᏛᏍᏗᏱ ᎾᏆᏓᏄᏴᏛᎾ ᏱᎩ ᎤᏁᎳᏅᎯ ᎠᎦᏔᎲᎢ, ᎠᏆᏓᏄᏴᏗᏍᎩᏂ ᏗᎧᎿᎭᏩᏛᏍᏗᏱ ᎦᎶᏁᏛ ᎠᎦᏔᎲᎢ.
22. ᏗᏂᏩᎾᎦᎳ ᎠᏂᎦᏔᎲ, ᏥᏩᎾᎦᎳ ᎾᏍᎩᏯ ᎾᏆᎵᏍᏔᏅᎩ, ᎾᏍᎩ ᏗᏂᏩᎾᎦᎳ ᎬᎩᏁᏉᏤᏗᏱ; ᏂᎦᎥᏉ ᏄᏓᎴᏒ ᎾᏆᎵᏍᏔᏅ ᎾᏂᎥ ᏄᎾᏓᎴᏒ ᎠᏂᎦᏔᎲᎢ, ᎾᏍᎩ ᏅᏓᏳᎵᏍᏙᏗᏱ ᎠᏎ ᎢᎦᏛ ᎦᏥᏍᏕᎸᏗᏱ.
23. ᎠᎴ ᎾᏍᎩ ᎯᎠ ᏂᎦᏛᏁᎰ ᎣᏍᏛ ᎧᏃᎮᏛ ᏅᏗᎦᎵᏍᏙᏗᏍᎪᎢ, ᎾᏍᎩ ᎾᎿᎭᎠᏇᎳᏗᏍᎩ ᎢᏳᎵᏍᏙᏗᏱ.
24. ᏝᏍᎪ ᏱᏥᎦᏔ ᎾᏍᎩ Ꮎ ᎠᎾᏙᎩᏯᏍᎩ, ᏂᎦᏛ ᎠᎾᏙᎩᏯᏍᎬᎢ, ᎠᏎᏃ ᎠᏏᏴᏫᏉ ᎤᏤᎵ ᏂᎦᎵᏍᏗᏍᎬ ᎠᏌᏍᏛᎢ? ᎾᏍᎩ ᏄᏍᏕᏍᏗ ᎢᏣᏙᎩᏯᏍᎨᏍᏗ ᎾᏍᎩ ᎢᏣᏤᎵ ᎢᏳᎵᏍᏙᏗᏱ.
25. ᎠᎴ ᎾᏂᎥ ᎤᎾᏓᏎᎪᎩᏍᏗᏱ ᏣᎾᏟᏂᎬᏁᎰ ᏂᎦᎥ ᎤᎾᎵᏍᏆᏂᎪᏗᏳ ᎨᏐᎢ. ᎠᎴ ᎾᏍᎩ ᎠᏲᎩᏉ ᎠᎵᏍᏚᎶ ᎨᏥᏅᏁᏗᏱ ᎤᎾᏚᎵᏍᎪᎢ, ᎠᏴᏍᎩᏂ ᎠᏲᎩ ᏂᎨᏒᎾ.
26. ᎾᏍᎩ ᎢᏳᏍᏗ ᎠᏴ ᎦᏙᎩᏯᏍᎬ ᎥᏝ ᎬᏁᎳᎩᏉ ᎾᏍᎩᏯ ᏱᎦᏙᎩᏯᏍᎦ; ᎦᎵᎲ ᎥᏝ ᎩᎶ ᎤᏃᎴᏉ ᏥᎦᎵᎥᏂᎰ ᎾᏍᎩᏯ ᏱᎦᎵᎭ.
27. ᏥᏰᎸᏍᎩᏂ ᎡᎳᏗ ᏂᏥᏴᏫᏕᎪᎢ, ᎠᎴ ᏥᎾᏝᎢ ᏂᏥᏴᏁᎰᎢ; ᏅᏗᎦᎵᏍᏙᏗᏍᎪ ᎾᏆᏚᎵᏍᎬᎾ ᎨᏒ ᎾᏍᎩ ᎦᏥᏯᎵᏥᏙᏁᎸᎯ ᎨᏒ ᏭᏅᎫᏛᎢ, ᎠᏴ ᎠᏋᏒ ᎥᎩᏐᏅᎢᏍᏔᏅᎯ ᎢᏳᎵᏍᏙᏗᏱ.

== I Corinthians 10 ==
1. ᎠᎴ, ᎢᏓᎵᏅᏟ, ᎥᏝ ᎾᏂᎦᏔᎲᎾᏉ ᎨᏎᏍᏗ ᏱᏨᏰᎵᏎᎭ, ᎾᏍᎩ ᎾᏂᎥᏉ ᏗᎩᎦᏴᎵᎨ ᎤᎶᎩᎸ ᎭᏫᏂᏗᏢ ᎤᏁᏙᎸᎢ, ᎠᎴ ᏂᎦᏛ ᎠᎺᏉᎯ ᎤᏂᎶᏒᎢ,
2. ᎠᎴ ᏂᎦᏛ ᏕᎨᎦᏬᏍᎨ ᎤᏣᎩᎸ ᎠᎴ ᎠᎺᏉᎯ ᎼᏏ ᎬᏩᎵᎪᏁᎮᎢ.
3. ᎠᎴ ᎾᏍᎩ ᏂᎦᏛ ᎤᏠᏱᏉ ᎠᎵᏍᏓᏴᏗ ᎠᏓᏅᏙ ᎤᎵᏍᎪᎸᏔᏅᎯ ᎠᎾᎵᏍᏓᏴᏗᏍᎬᎢ,
4. ᎠᎴ ᎾᏍᎩ ᏂᎦᏛ ᎤᏠᏱᏉ ᎠᏗᏔᏍᏗ ᎠᏓᏅᏙ ᎤᎵᏍᎪᎸᏔᏅᎯ ᎠᎾᏗᏔᏍᎬᎢ; ᎾᏍᎩᏰᏃ ᏅᏯ ᎠᏓᏅᏙ ᎤᏍᏚᎢᏛ, ᎾᏍᎩ ᏧᏂᏍᏓᏩᏗᏙᎮᎢ, ᎾᎿᎭᎤᏄᎪᏨᎯ ᎠᎾᏗᏔᏍᎨᎢ; ᎠᎴ ᎾᏍᎩ Ꮎ ᏅᏯ ᎦᎶᏁᏛ ᎨᏒᎩ.
5. ᎠᏎᏃ ᎾᏍᎩ ᎤᏟ ᎢᏯᏂᎢ ᎥᏝ ᎣᏏᏳ ᏱᏚᏰᎸᏎ ᎤᏁᎳᏅᎯ, ᎢᎾᎨᏉᏰᏃ ᎨᏥᏛᏔᏁᎢ.
6. ᎾᏍᎩᏃ ᎯᎠ ᏧᏓᎴᏅᏛ ᎨᏒ ᎠᏴ ᏗᎦᏟᎶᏍᏙᏗ ᎨᏒᎢ, ᎾᏍᎩ ᎤᏲ ᎢᎩᎬᎥᏍᎩ ᎢᎦᎵᏍᏙᏗᏱ ᏂᎨᏒᎾ ᎾᏍᎩᏯ ᎾᏍᎩ Ꮎ ᏧᏂᎬᎥᏍᎨᎢ.
7. ᏞᏍᏗ ᎠᎴ ᎤᏁᎳᏅᎯ ᏗᏰᎸᎯ ᏗᏣᏓᏙᎵᏍᏓᏁᎯ ᏱᎨᏎᏍᏗ, ᎾᏍᎩᏯ ᎢᎦᏛ ᎾᏍᎩ Ꮎ ᏥᏄᎾᏍᏕᎢ; ᎾᏍᎩᏯ ᎯᎠ ᏥᏂᎬᏅ ᏥᎪᏪᎳ, ᏴᏫ ᎤᎾᏅᏅᎩ ᏛᎾᎵᏍᏓᏴᏂᏒᎩ ᎠᎴ ᏛᎾᏗᏔᎯᏒᎩ, ᏚᎾᎴᏅᎩ ᎤᎾᏁᏦᏅᎩ.
8. ᏞᏍᏗ ᎠᎴ ᎤᏕᎵᏛ ᏱᏗᏓᏂᏏᎲᏍᎨᏍᏗ ᎾᏍᎩᏯ ᎢᎦᏛ ᎾᏍᎩ ᏄᎾᏛᏁᎸᎢ, ᎠᎴ ᏏᎦᏉ ᏦᎢᏦᏁ ᎢᏯᎦᏴᎵ ᏥᏚᏂᏲᎱᏎᎢ.
9. ᏞᏍᏗ ᎠᎴ ᎦᎶᏁᏛ ᏰᏗᎪᎵᏰᏍᎨᏍᏗ, ᎾᏍᎩᏯ ᎾᏍᎩ Ꮎ ᎢᎦᏛ ᎾᏍᏉ ᏥᎬᏩᎪᎵᏰᎡᎢ, ᎠᎴ ᎾᏍᎩ ᎢᎾᏛ ᏥᎬᏩᏂᏛᏔᏁᎢ.
10. ᏞᏍᏗ ᎠᎴ ᏱᏥᎪᏁᎶᏍᎨᏍᏗ, ᎾᏍᎩᏯ ᎾᏍᎩ Ꮎ ᎢᎦᏛ ᏥᏄᎾᏛᏁᎴ ᏧᏂᎪᏁᎶᏍᎨᎢ, ᎠᎴ ᏥᎬᏩᏂᏛᏔᏁ ᎠᎾᏓᏛᏗᏍᎩ.
11. ᎾᏍᎩᏃ ᎯᎠ ᏂᎦᏛ ᏧᏓᎴᏅᏛ ᏥᏄᎾᎵᏍᏓᏁᎴ ᏗᏟᎶᏍᏙᏗ ᎠᏰᎸᏎᎢ; ᎠᎴ ᏕᎪᏪᎳ ᎠᏴ ᎢᎦᏅᏓᏗᏍᏗᏍᎩ ᎢᏳᎵᏍᏙᏗᏱ, ᎠᏴ ᎾᏍᎩ ᎤᎵᏍᏆᎸᏗ ᎨᏒ ᎡᎶᎯ ᏥᎩᎷᏤᎸ.
12. ᎾᏍᎩ ᎢᏳᏍᏗ ᎩᎶ ᏥᏙᎦ ᎡᎵᏍᎨᏍᏗ ᎨᏯᏔᎮᏍᏗ ᏱᎦᏅᎩᏰᏃ.
13. ᎥᏝ ᎪᎱᏍᏗ ᎤᏍᏗ ᎠᏓᎪᎵᏰᏍᎩ ᎢᏣᏢᏔᎲᎯ ᏱᎩ ᎾᏂᎥᏉ ᏴᏫ ᎢᎬᏩᎵᏍᏓᏁᏗ ᎤᏩᏒ; ᎠᎴ ᎤᏁᎳᏅᎯ ᏄᏓᎵᏓᏍᏛᎾ, ᎾᏍᎩ ᎥᏝ ᎤᏁᎳᎩ ᏴᎨᏤᎵᏏ ᎠᏓᎪᎵᏰᏍᎩ ᎢᏥᎷᏤᏗᏱ ᏕᏣᎵᏂᎬᎬ ᎤᎶᏒᏍᏙᏗᏱ; ᎾᏍᎩᏍᎩᏂ ᎠᏓᎪᎵᏰᏍᎩ ᎢᏥᎷᏤᎲ ᏔᎵ ᎾᏛᏕᏍᏗ ᎾᎿᎭᎦᏰᏣᏗᏫᏎᏗ ᎨᏒᎢ, ᎾᏍᎩ ᏰᎵ ᎨᏣᏓᎵᏁᎯᏗᏍᏗ ᎢᏳᎵᏍᏙᏗᏱ.
14. ᎾᏍᎩ ᎢᏳᏍᏗ, ᏂᎯ ᎢᏨᎨᏳᎢ, ᎢᏣᎵᏘ ᎢᏣᏓᏅᏏ ᎤᏁᎳᏅᎯ ᏗᏰᎸᎯ ᏗᏓᏙᎵᏍᏓᏁᏗ ᎨᏒᎢ.
15. ᏥᏁᎦ ᎠᏂᎦᏔᎾᎢ ᏥᎦᏥᏁᏤᎰ ᎾᏍᎩᏯᎢ; ᎢᏥᎪᎵᏯ ᏂᏥᏪᏍᎬᎢ.
16. ᎾᏍᎩ Ꮎ ᎦᎸᏉᏙᏗ ᎤᎵᏍᏈᏗ, ᎾᏍᎩ ᏥᏗᎸᏉᏗᏍᎪᎢ, ᏝᏍᎪ ᎾᏍᎩ ᎢᏓᎵᎪᎲᏍᎬ ᏱᎩ ᎦᎶᏁᏛ ᎤᎩᎬ ᎢᏓᏗᏔᏍᎬᎢ? ᎦᏚ ᏥᏗᎬᎭᎷᏯᏍᎪᎢ, ᏝᏍᎪ ᎾᏍᎩ ᎢᏓᎵᎪᎲᏍᎬ ᏱᎩ ᎦᎶᏁᏛ ᎠᏰᎸ ᎢᏓᎵᏍᏓᏴᏗᏍᎬᎢ?
17. ᎠᏴᏰᏃ ᎢᎩᏣᏘ ᏥᎩ, ᏌᏉᏉ ᎦᏚ, ᎠᎴ ᏌᏉᏉ ᎠᏰᎸᎢ; ᏂᏗᎥᏰᏃ ᎢᎦᏖᏆᎶᏐ ᎾᏍᎩ ᏌᏉ ᎦᏚ ᎢᏓᎵᏍᏓᏴᏗᏍᎬᎢ.
18. ᏗᏣᎧᏅᎦ ᎢᏏᎵ ᎾᏍᎩ ᎤᏇᏓᎵᏉ ᎨᏒᎢ; ᏝᏍᎪ ᎾᏍᎩ Ꮎ ᏗᎵᏍᎪᎸᏔᏅᎯ ᏣᎾᎵᏍᏓᏴᏗᏍᎪ ᎤᏁᎳᏗᏍᏗᏍᎩ ᏱᎨᏐ ᎠᏥᎸ ᎨᎳᏍᏗᏱ ᎠᎵᏍᎪᎸᏔᏅᎯ?
19. ᎦᏙᏃ ᎦᏗᎭ? ᏥᎪ ᎤᏁᎳᏅᎯ ᎠᏰᎸᎯ ᎪᎱᏍᏗ ᎦᏗᎭ? ᏥᎪᎨ ᎾᏍᎩ Ꮎ ᎠᎵᏍᎪᎸᏔᏅᎯ ᎠᏥᎸ ᎨᎳᏍᏓᏁᏗ ᎤᏁᎳᏅᎯ ᎠᏰᎸᎯ ᎪᎱᏍᏗ, ᎦᏗᎭ?
20. ᎯᎠᏍᎩᏂ ᏂᏥᏪᎭ, ᎾᏍᎩ Ꮎ ᏧᎾᏓᎴᏅᏛ ᏴᏫ ᎠᏥᎸ ᎨᎳᏍᏙᏗ ᏣᎾᎵᏍᎪᎸᏗᏍᎪᎢ, ᎠᏂᏍᎩᎾ ᏓᎾᎵᏍᎪᎸᏔᏁᎰᎢ, ᎥᏝᏃ ᎤᏁᎳᏅᎯ; ᎥᏝᏃ ᏯᏆᏚᎵᎭ ᎠᏂᏍᎩᎾ ᎤᎾᏤᎵ ᎨᏒ ᎢᏤᎳᏗᏍᏙᏗᏱ.
21. ᎥᏝ ᎨᏣᏗᏔᏍᏗ ᏱᎩ ᎠᏟᏍᏛ ᎤᎬᏫᏳᎯ ᎤᏤᎵᎦ, ᎠᎴ ᎾᏍᏉ ᎠᏂᏍᎩᎾ ᎤᎾᏤᎵ ᎠᏟᏍᏛᎢ. ᎥᏝ ᎨᏣᎵᏍᏓᏴᏗ ᏱᎩ ᎤᎬᏫᏳᎯ ᎤᏪᏍᎩᎸ, ᎠᎴ ᎾᏍᏉ ᎠᏂᏍᎩᎾ ᎤᏂᏍᎩᎸᎢ.
22. ᎡᏗᎿᎭᎸᏍᏗᏍᎨᏍᏗᏍᎪ ᎤᎬᏫᏳᎯ? ᎤᏟᏍᎪ ᏂᏕᎦᎵᏂᎬᎦ ᎡᏍᎦᏉ ᎾᏍᎩ?
23. ᏄᏓᎴᏒᏉ ᎪᎱᏍᏗ ᎤᏁᎳᎩ ᎥᏇᎵᏎᎸᎯ ᎠᏆᎵᏍᏓᏴᏗᏱ, ᎠᏎᏃ ᎥᏝ ᏄᏓᎴᏒ ᎪᎱᏍᏗ ᎣᏏᏳ ᎢᏯᏓᏛᏁᎯ ᏱᎩ; ᏄᏓᎴᏒᏉ ᎪᎱᏍᏗ ᎤᏁᎳᎩ ᎥᏇᎵᏎᎸᎯ ᎠᏆᎵᏍᏓᏴᏙᏗᏱ, ᎠᏎᏃ ᎥᏝ ᏄᏓᎴᏒ ᎪᎱᏍᏗ ᎬᏩᏓᏍᏕᎸᏗ ᏱᎩ.
24. ᏞᏍᏗ ᎩᎶ ᎤᏩᏒᏉ ᎤᏤᎵ ᏳᏲᎮᏍᏗ, ᏅᏩᏓᎴᏍᎩᏂ ᎤᏤᎵ ᎤᏲᎮᏍᏗ.
25. ᏂᎦᎥ ᎪᎱᏍᏗ ᎠᏂᏃᏗᏍᎬ ᎦᏃᏙᏗᏱ, ᎢᏥᎩᏍᎨᏍᏗ, ᎠᎴ ᏝᏍᏗ ᎪᎱᏍᏗ ᏱᏣᏛᏛᎲᏍᎨᏍᏗ ᎠᏓᏅᏙᎩ ᎨᏒ ᏱᏅᏗᎦᎵᏍᏙᏗᏍᎨᏍᏗ.
26. ᎡᎶᎯᏰᏃ ᎤᎬᏫᏳᎯ ᎤᏤᎵᎦ, ᎠᎴ ᎾᏍᎩ Ꮎ ᎡᎶᎯ ᏣᎧᎵᎢᎭ.
27. ᎢᏳᏃ ᎩᎶ ᏄᏃᎯᏳᏒᎾ ᎨᏒ ᎢᎨᏣᏯᏂᏍᎨᏍᏗ, ᎠᎴ ᎢᏣᏚᎵᏍᎨᏍᏗ ᎢᏤᏅᏍᏗᏱ; ᏄᏍᏛᏉ ᎪᎱᏍᏗ ᎢᎬᏱᏗᏢ ᎡᏥᏝᏁᎲ ᎢᏣᎵᏍᏓᏴᏗᏍᎨᏍᏗ, ᎠᎴ ᏞᏍᏗ ᎪᎱᏍᏗ ᏱᏣᏛᏛᎲᏍᎨᏍᏗ, ᎠᏓᏅᏙᎩ ᎨᏒ ᏱᏅᏗᎦᎵᏍᏙᏗᏍᎨᏍᏗ.
28. ᎢᏳᏍᎩᏂ ᎩᎶ ᎯᎠ ᏂᏥᏪᏎᎮᏍᏗ, ᎯᎠ ᎾᏍᎩ ᎠᎵᏍᎪᎸᏔᏅᎯ ᎠᏥᎸ ᏗᎨᎴᏗ ᎤᏁᎳᏅᎯ ᏗᏰᎸᎯ, ᏞᏍᏗ ᏱᏥᎩᏍᎨᏍᏗ, ᏅᏗᎦᎵᏍᏙᏗᏍᎨᏍᏗ ᎾᏍᎩ Ꮎ ᎤᎾᏄᎪᏫᏒᎯ ᎨᏒᎢ, ᎠᎴ ᎠᏓᏅᏙᎩ ᎨᏒ ᏅᏗᎦᎵᏍᏙᏗᏍᎨᏍᏗ; ᎡᎶᎯᏰᏃ ᎤᎬᏫᏳᎯ ᎤᏤᎵᎦ, ᎠᎴ ᎾᏍᎩ Ꮎ ᎡᎶᎯ ᏣᎧᎵᎢᎭ.
29. ᎠᏓᏅᏙᎩ ᎨᏒ ᎦᏗᎭ, ᎥᏝ ᎠᏗᎾ ᏨᏒ ᏣᏓᏅᏙᎩ, ᏐᎢᏍᎩᏂ ᎤᏓᏅᏙᎩ; ᎦᏙᏰᏃ ᎦᎵᏍᏙᏗ ᎠᏴ ᎢᏯᏆᏛᏁᏗ ᎠᎩᎲ ᏅᏩᏓᎴ ᎤᏓᏅᏙ ᏧᏭᎪᏙᏗ ᏱᏂᎦᎵᏍᏗᎭ?
30. ᎢᏳᏰᏃ ᎠᎵᎮᎵᏍᏗ ᎨᏒ ᎬᏗ ᏱᎦᎵᏍᏓᏴᎲᏍᎦ, ᎦᏙᏃ ᎾᏲ ᎥᎩᏃᎮᎭ ᏅᏗᎦᎵᏍᏙᏗ ᎾᏍᎩ Ꮎ ᎤᎬᏩᎵ ᏥᎦᎵᎡᎵᎦ?
31. ᎾᏍᎩ ᎢᏳᏍᏗ ᎢᏳᏃ ᎢᏣᎵᏍᏓᏴᎲᏍᎨᏍᏗ, ᎠᎴ ᎢᏣᏗᏔᏍᎨᏍᏗ, ᎠᎴ ᏂᎦᎥ ᎪᎱᏍᏗ ᏂᏣᏛᏁᎮᏍᏗ, ᎤᏁᎳᏅᎯ ᎤᎸᏉᏗᏍᎩ ᎨᏎᏍᏗ ᏂᎦᎥ ᏂᏣᏛᏁᎲᎢ.
32. ᏞᏍᏗ ᏧᏃᏕᏍᏗᏍᎩ ᏱᏂᏣᎵᏍᏔᏁᏍᏗ ᎾᏍᏉ ᎠᏂᏧᏏ ᎠᎴ ᏧᎾᏓᎴᏛ ᏴᏫ, ᎠᎴ ᎤᎾᏓᏡᎬ ᏧᎾᏁᎶᏗ ᎤᏁᎳᎥᎯ ᎤᏤᎵᎦ;
33. ᎾᏍᎩᏯ ᎾᏍᏉ ᎠᏴ, ᏂᎦᎥ ᏂᎦᏛᏁᎲ ᎾᏂᎥᏉ ᎣᏍᏛ ᎤᏂᏰᎸᏗ ᏥᏂᎦᏥᏯᏛᏁᎰᎢ, ᎾᎩᏲᎲᎾ ᏥᎨᏐ ᎠᏋᏒᏉ ᎠᏆᎵᏍᏕᎩᏙᏗ, ᎤᏂᏣᏘᏍᎩᏂ ᎤᎾᎵᏍᏕᎸᏙᏗ ᎾᏍᎩ ᏅᏓᏳᎵᏍᏙᏗᏱ ᎨᏥᏍᏕᎸᏗᏱ.

== I Corinthians 11 ==
1. ᎠᏴ ᏍᎩᏍᏓᏩᏕᎩ ᎨᏎᏍᏗ, ᎾᏍᎩᏯ ᎠᏴ ᎾᏍᏉ ᎦᎶᏁᏛ ᏥᏍᏓᏩᏕᎩ ᏥᎩ.
2. Ꭷ, ᎢᏓᎵᏅᏟ, ᎢᏨᎸᏉᏗᎭ ᎾᏍᎩ ᎠᏴ ᏂᎦᎥ ᏧᏓᎴᏅᏛ ᏂᏣᏛᏁᎲ ᏍᎩᏯᏅᏓᏗᏍᎬᎢ, ᎠᎴ ᎢᏥᏍᏆᏂᎪᏗᏍᎬ ᏗᎧᎿᎭᏩᏛᏍᏗ ᎾᏍᎩᏯ ᏕᏨᏲᎯᏎᎸᎢ.
3. ᎠᎴ ᎠᏆᏚᎵ ᎢᏥᎦᏙᎥᎯᏍᏗᏱ, ᎾᏍᎩ ᎾᏂᎥ ᎠᏂᏍᎦᏯ ᎨᏒ ᎦᎶᏁᏛ ᎠᏍᎪᎵ ᎨᏒᎢ; ᎠᎨᏴᏃ ᎨᏒ ᎠᏍᎪᎵ ᎠᏍᎦᏯ ᎨᏒᎢ; ᎦᎶᏁᏛᏃ ᎨᏒ ᎤᏁᎳᏅᎯ ᎠᏍᎪᎵ ᎨᏒᎢ.
4. ᎩᎶ ᎠᏂᏍᎦᏯ ᎨᏒ ᏯᏓᏙᎵᏍᏗᎭ ᎠᎴ ᏯᏙᎴᎰᏍᎦ, ᎬᏩᎵᏍᏚᎵ, ᎠᏕᎰᎯᏍᏗᏍᎪ ᎠᏍᎪᎵ ᎨᏒᎢ.
5. ᎩᎶᏍᎩᏂ ᎠᏂᎨᏴ ᎨᏒ ᏯᏓᏙᎵᏍᏗᎭ ᎠᎴ ᏯᏙᎴᎰᏍᎦ ᏄᎵᏍᏚᎸᎾ, ᎠᏕᎰᎯᏍᏗᏍᎪ ᎠᏍᎪᎵ ᎨᏒᎢ; ᏧᎵᏍᏙᏴᎰᏉᏰᏃ ᎢᏧᎳᎭ ᎾᏍᎩ.
6. ᎢᏳᏰᏃ ᎠᎨᏴ ᏄᎵᏍᏚᎸᎾ ᏱᎩ, ᎾᏍᏉ ᎠᏥᏍᏙᏰᏍᎨᏍᏗ; ᎢᏳᏍᎩᏂ ᎤᏕᎰᎯᏍᏗᏳ ᏱᎩ ᎠᎨᏴ ᏗᎵᏍᏙᏰᏗ ᎠᎴ ᎠᎵᏍᏙᏰᏗ ᎤᏮᏙᏗᏱ ᎤᎵᏍᏙᏰᏗᏱ, ᎬᏩᎵᏍᏚᎴᏍᏗᏉ.
7. ᎠᏍᎦᏯᏍᎩᏂ ᎤᏙᎯᏳᎯ ᎥᏝ ᏱᎬᎵᏍᏚᎸᏍᎦ, ᎾᏍᎩ ᎤᏁᎳᏅᎯ ᎾᏍᎩᏯ ᏥᎩ, ᎠᎴ ᎾᏍᎩ ᎦᎸᏉᏗᏳ ᎨᏒ ᏧᏄᏬᏍᏗ; ᎠᎨᏴᏍᎩᏂ ᎠᏍᎦᏯ ᎦᎸᏉᏗᏳ ᎨᏒ ᎤᏄᏬᏍᏗ.
8. ᎠᏍᎦᏯᏰᏃ ᎥᏝ ᎠᎨᏴᎯ ᏴᏧᏓᎴᏁ ᎠᎪᏢᏅ; ᎠᎨᏴᏍᎩᏂ ᎠᏍᎦᏲᎯ ᏧᏓᎴᏁ ᎠᎪᏢᏅ.
9. ᎠᎴ ᎾᏍᏉ ᎠᏍᎦᏯ ᎥᏝ ᎠᎨᏴ ᏯᎪᏢᎾᏁᎴᎢ, ᎠᎨᏴᏍᎩᏂ ᎠᏍᎦᏯ ᎠᎪᏢᎾᏁᎴᎢ.
10. ᎾᏍᎩ ᎢᏳᏍᏗ ᎠᎨᏴ ᎦᎸᏉᏗᏳ ᎢᏳᏩᏁᎯ ᏳᏭᏢᏗ ᎠᏍᎪᎵ ᎾᏍᎩ ᎨᏥᏅᏏᏛ ᎨᏒ ᏱᏅᏗᎦᎵᏍᏙᏗᎭ.
11. ᎠᏎᏍᎩᏂᏃᏅ ᎥᏝ ᎠᏍᎦᏯ ᏂᎨᏴ ᏔᎵ ᏄᏛᏛᎾ ᏰᎭ, ᎥᏝ ᎠᎴ ᎠᎨᏴ ᎠᏍᎦᏯ ᏔᎵ ᏄᏛᏛᎾ ᏰᎭ ᎾᏍᎩ ᎤᎬᏫᏳᎯ ᏄᏩᎾᏅᎢ.
12. ᎾᏍᎩᏰᏃ ᎠᎨᏴ ᎠᏍᎦᏲᎯ ᏅᏓᏳᏓᎴᏅᎯ ᏥᎩ, ᎾᏍᎩᏯ ᎾᏍᏉ ᎠᏍᎦᏯ ᎠᎨᏴ ᎤᎾᏄᎪᏫᏒᎯ; ᎠᏎᏃ ᏂᎦᏗᏳ ᏧᏓᎴᏅᏛ ᎤᏁᎳᏅᎯ ᎨᏒ ᏅᏓᏳᏓᎴᏅᎯ.
13. ᏗᏧᎪᏓ ᎢᏨᏒ ᎨᏒᎢ; ᎤᎵᎶᎲᏍᎦᏍᎪ ᎠᎨᏴ ᎤᏁᎳᏅᎯ ᏯᏓᏙᎵᏍᏓᏁ ᏄᎵᏍᏚᎸᎾ?
14. ᏝᏍᎪ ᎢᏨᏒ ᎢᏥᎦᏔᎲ ᏱᏤᏲᎲᏍᎦ, ᎾᏍᎩ ᎠᏍᏚᏯ ᎦᏅᎯᏛ ᏳᏍᏘᏰᎦ ᎤᏕᎰᎯᏍᏗᏳ ᎨᏒᎢ?
15. ᎠᎨᏴᏍᎩᏂ ᎦᏅᎯᏛ ᏳᏍᏘᏰᎦ ᎦᎸᏉᏗᏳ ᎢᏳᏩᏁᎯ ᎨᏐᎢ; ᎤᏍᏘᏰᎬᏰᏃ ᎠᏥᏁᎸ ᎤᎦᏢᏙᏗ.
16. ᎢᏳᏍᎩᏂ ᎩᎶ ᎤᏗᏒᏌᏘ ᏱᏅᏩᏍᏗ;—ᎠᏴ ᎥᏝ ᎾᏍᎩ ᎢᏲᎦᏛᏁᏗ ᏲᎩᎭ, ᎥᏝ ᎠᎴ ᎾᏍᏉ ᏧᎾᏁᎶᏗ ᏚᎾᏓᏡᏩᏗᏒ ᎤᏁᎳᏅᎯ ᏧᏤᎵᎦ.
17. ᎯᎠᏍᎩᏂᏃ ᏂᏨᏪᏎᎲ ᎥᏝ ᏱᏨᎸᏉᏗᎭ, ᎾᏍᎩ ᏕᏥᎳᏫᏦᎯᎲ ᎥᏝ ᎣᏍᏛ ᎢᏳᎵᏍᏙᏗ ᏱᎨᏐᎢ, ᎤᏲᏉᏍᎩᏂ.
18. ᎢᎬᏱᏱᏰᏃ ᎨᏒ ᏕᏥᎳᏫᎩ ᎢᏣᏓᏡᎬ ᎢᎸᏍᎩ ᏂᏣᏓᏗᏍᎬ ᎦᏛᎩᎭ; ᎠᎴ ᎪᎢᏳᎲᏍᎦᏉ ᎢᎦᏛ.
19. ᎠᏎᏰᏃ ᎢᎸᏍᎩ ᎢᏣᏓᏗᏍᏗ ᏂᎯ ᏂᏣᏛᏅᎢ, ᎾᏍᎩ ᎣᏏᏳ ᎨᏥᏰᎸᏅᎯ ᎬᏂᎨᏒ ᎢᏳᎾᎵᏍᏙᏗᏱ ᏂᎯ ᏂᏣᏛᏅᎢ.
20. ᏕᏥᎳᏫᎩᏰᏃ ᎢᎸᎯᏢᎢ, ᎥᏝ ᎤᎬᏫᏳᎯ ᎤᏤᎵ ᎠᎵᏍᏓᏴᏗ ᏱᏣᎵᏍᏓᏴᏂᎰᎢ.
21. ᎢᏣᎵᏍᏗᏴᎲᏍᎬᏰᏃ ᎢᏥᏏᏴᏫᎭ ᎨᏒ ᎢᎬᏱ ᎢᏥᎩᏍᎪ ᎢᏨᏒ ᎢᏣᏤᎵᎦ; ᎠᏏᏴᏫᏃ ᎠᎪᏄ ᎤᏲᏏᏍᎪᎢ, ᏅᏩᏓᎴᏃ ᎤᏴᏍᏕᏍᎪᎢ.
22. ᏝᏍᎪᏃ ᏱᏗᏥᏁᎸ ᎾᎿᎭᎢᏣᎵᏍᏓᏴᏗᏱ ᎠᎴ ᎢᏔᏗᏔᏍᏗᏱ? ᏥᎪᎨ ᎢᏥᏐᏢᏗᎭ ᏧᎾᏁᎶᏗ ᎤᎾᏓᏡᎬ ᎤᏁᎳᏅᎯ ᎤᏤᎵᎦ, ᎠᎴ ᏕᏣᏕᎰᎯᏍᏗᎭ ᏄᏂᎲᎾ? ᎦᏙ ᏓᏨᏲᏎᎵ? ᏓᏨᎸᏉᏔᏂᏧ? ᎯᎠ ᏂᏨᏛᏁᎲ ᎥᏝ ᏱᏨᎸᏉᏗᎭ.
23. ᎤᎬᏫᏳᎯᏰᏃ ᏓᎩᏲᎯᏎᎸᎩ ᎾᏍᎩ ᎾᏍᏉ ᏥᏕᏨᏲᎯᏎᎸᎩ, ᎾᏍᎩ Ꮎ ᎤᎬᏫᏳᎯ ᏥᏌ, ᎾᎯᏳ ᏒᏃᏱ ᎠᏥᎶᏄᎡᎸ, ᎦᏚ ᎤᎩᏎᎢ;
24. ᎾᏍᎩᏃ ᎤᎵᎮᎵᏨ, ᎤᎬᎭᎷᏰᎢ, ᎠᎴ ᎯᎠ ᏄᏪᏎᎢ, ᎢᏥᎩ, ᎢᏥᎦ; ᎯᎠ ᎾᏍᎩ ᎠᏴ ᏥᏰᎸᎢ, ᏂᎯ ᎾᏍᎩ ᎢᏣᎵᎬᎭᎷᏰᎸᎯ ᏥᎩ; ᎯᎠ ᎾᏍᎩ ᏂᏣᏛᏁᎮᏍᏗ ᎠᏴ ᏍᎩᏯᏅᏓᏗᏍᎬᎢ.
25. ᎾᏍᎩᏯ ᎾᏍᏉ ᏄᏛᏁᎴ ᎤᎾᎵᏍᏓᏴᏃᏅ, ᎤᎵᏍᏈᏗ ᎤᎩᏎᎢ, ᎯᎠ ᏄᏪᏎᎢ; ᎯᎠ ᎾᏍᎩ ᎢᏤ ᎧᏃᎮᏛ ᏓᏠᎯᏍᏛᎢ, ᎠᏴ ᎠᎩᎩᎬ ᏨᏛᏍᏓᏱᏗ; ᎯᎠ ᎾᏍᎩ ᏂᏣᏛᏁᎮᏍᏗ, ᎢᏳᏍᏗᎭ ᎾᏍᎩ ᎢᏣᏗᏔᏍᎨᏍᏗ ᎠᏴ ᏍᎩᏯᏅᏓᏗᏍᎬᎢ.
26. ᎢᏳᏍᏗᎭᏰᏃ ᎯᎠ ᎾᏍᎩ ᎦᏚ ᎢᏥᎩᏍᎨᏍᏗ, ᎠᎴ ᎯᎠ ᎾᏍᎩ ᎤᎵᏍᏈᏗ ᎢᏣᏗᏔᏍᎨᏍᏗ, ᎬᏂᎨᏒ ᏂᏨᏁᎮᏍᏗ ᎤᎬᏫᏳᎯ ᎤᏲᎱᏒᎢ, ᎬᏂ ᎦᎷᏨᎭ.
27. ᎾᏍᎩ ᎢᏳᏍᏗ, ᎩᎶ ᏂᏚᏳᎪᏛᎾ ᎾᏛᏁᎮᏍᏗ ᎠᎩᏍᎨᏍᏗ ᎯᎠ ᎦᏚ, ᎠᎴ ᎠᏗᏔᏍᎨᏍᏗ ᎯᎠ ᎤᎵᏍᏈᏗ ᎤᎬᏫᏳᎯ ᎤᏤᎵᎦ, ᎠᏍᎦᏅᏤᎮᏍᏗ ᎠᏰᎸ ᎠᎴ ᎤᎩᎬ ᎤᎬᏫᏳᎯ.
28. ᎤᏩᏒᏍᎩᏂ ᎠᏓᎪᎵᏰᏍᎨᏍᏗ ᏴᏫ, ᎩᎳᏃ ᎿᎭᏉ ᎠᎩᏍᎨᏍᏗ ᎾᏍᎩ ᎦᏚ, ᎠᎴ ᎠᏗᏔᏍᎨᏍᏗ ᎾᏍᎩ ᎤᎵᏍᏈᏗ.
29. ᎩᎶᏰᏃ ᏂᏚᏳᎪᏛᎾ ᎾᏛᏁᎮᏍᏗ ᎠᎩᏍᎨᏍᏗ ᎠᎴ ᎠᏗᏔᏍᎨᏍᏗ, ᎾᏍᎩ ᎠᎩᏍᎨᏍᏗ ᎠᎴ ᎠᏗᏔᏍᎨᏍᏗ ᏧᏭᎪᏓᏁᎯ ᎤᏩᏒ ᎤᏍᎦᏅᏨᎢ, ᎾᎪᏩᏘᏍᎬᎾ ᎨᏒ ᎤᎬᏫᏳᎯ ᎠᏰᎸᎢ.
30. ᎾᏍᎩ ᏅᏗᎦᎵᏍᏙᏗᎭ ᎤᏂᏣᏔ ᎨᏣᏓᏑᏯ ᏗᏂᏩᎾᎦᎳ ᎠᎴ ᏧᏂᏢᏥᏰᏍᎩ, ᎠᎴ ᏰᎵ ᎤᏂᏣᏔ ᎠᏂᎵᎾᎠ.
31. ᎢᏳᏰᏃ ᎢᎬᏒ ᏱᏗᏓᏓᏚᎪᏓᏁᎭ, ᎥᏝ ᏱᏙᎦᏰᎫᎪᏓᏏ.
32. ᏕᎫᎪᏓᏏᏍᎩᏂ ᎤᎬᏫᏳᎯ ᎢᎩᎩᎵᏲᎢᏍᏗᏍᎪ ᎾᏍᎩ ᎡᎶᎯ ᎤᏂᏍᎦᏅᏨ ᏕᎨᎫᎪᏓᏁᎲ ᎢᎦᏠᏯᏍᏙᏗᏱ ᏂᎨᏒᎾ.
33. ᎾᏍᎩᏃ ᏥᏄᏍᏗ, ᎢᏓᎵᏅᏟ, ᎢᏳᏃ ᏕᏥᎳᏫᎨᏍᏗ ᎢᏣᎵᏍᏓᏴᏗᏱ, ᏕᏣᏓᎦᏘᏗᏍᎨᏍᏗ.
34. ᎾᏍᎩᏃ ᎢᏳ ᎩᎶ ᎠᎪᎾ ᎤᏲᏏᏍᎨᏍᏗ, ᏧᏪᏅᏒ ᎠᎵᏍᏓᏴᎲᏍᎨᏍᏗ; ᎾᏍᎩ ᏕᏥᎳᏫᎩ ᎢᏥᏍᎦᏅᏨ ᏗᏧᎪᏓᏁᎯᏉ ᎢᏳᎵᏍᏙᏗᏱ ᏂᎨᏒᎾ. ᏭᏃᏒᏃ ᎣᏍᏛ ᏂᎬᏁᎸᎭ ᏫᏥᎷᏨᎭ.

== I Corinthians 12 ==
1. ᎾᏃ ᎠᏓᏅᏙ ᎤᎵᏍᎪᎸᏔᏅᎯ ᎤᎬᏩᎵ, ᎢᏓᎵᏅᏟ, ᎥᏝ ᎾᏂᎦᏔᎲᎾ ᎨᏎᏍᏗ, ᏱᏨᏰᎵᏎᎭ.
2. ᎢᏥᎦᏔᎭ ᎾᏍᎩ ᏂᏥᎦᏔᎾᎥᎾ ᏥᎨᏒᎩ, ᏥᏕᏥᏍᏓᏩᏗᏒᎩ ᎯᎠ ᎾᏍᎩ ᏧᏅᎨᏫ ᎤᏁᎳᏅᎯ ᏗᏰᎸᎯ ᎾᏍᎩᏯ ᏥᏕᏣᏘᏂᏙᎲᎩ.
3. ᎾᏍᎩᏃ ᎢᏳᏍᏗ ᎢᏨᏃᎮᎮᎭ, ᎾᏍᎩ ᎩᎶ ᎤᏁᎳᏅᎯ ᎤᏓᏅᏙ ᏱᎬᏗ ᏱᎦᏬᏂᎭ, ᏥᏌ ᎠᏥᏍᎩᏅᏛᎯ ᎥᏝ ᏰᎵ ᏴᎬᏛ; ᎥᏝ ᎠᎴ ᎩᎶ ᏥᏌ ᎤᎬᏫᏳᎯ ᏴᎬᏛ, ᎬᏂ ᎦᎸᏉᏗᏳ ᎠᏓᏅᏙ ᏱᎬᏗᎭ.
4. ᏧᏓᎴᏅᏛᏍᎩᏂᏃᏅ ᏗᎦᎸᏫᏍᏓᏁᏗ ᎠᎵᏍᎪᎸᏔᏅᎯ, ᎠᏎᏃ ᎾᏍᎩᏉ ᏌᏉ ᎠᏓᏅᏙ.
5. ᎠᎴ ᏧᏓᎴᏅᏛ ᏗᎦᎸᏫᏍᏓᏁᏗ ᎨᏒᎢ, ᎠᏎᏃ ᎾᏍᎩᏉ ᏌᏉ ᎤᎬᏫᏳᎯ.
6. ᎠᎴ ᏧᏓᎴᏅᏛ ᏗᎬᏩᏂᎸᏫᏍᏓᏁᏗ ᎢᎨᎬᏁᏗ ᎨᏒᎢ, ᎠᏎᏃ ᎾᏍᎩᏉ ᏌᏉ ᎤᏁᎳᏅᎯ ᏂᎦᏛ ᎾᏍᎩ ᏗᎬᏩᏂᎸᏫᏍᏓᏁᏗ ᎢᎨᎬᏁᎯ ᎾᏂᎥᎢ.
7. ᎬᏂᎨᏒᏍᎩᏂ ᏂᎬᏁᎲ ᎠᏓᏅᏙ ᎠᏂᏏᏴᏫᎭ ᎨᏥᏁᎭ ᎪᎱᏍᏗ ᎣᏍᏛ ᎤᏅᏙᏗᏱ.
8. ᎠᏏᏴᏫᏰᏃ ᎤᎵᏍᎪᎸᏓᏁᎸᎯ ᎨᏐ ᎠᏓᏅᏙ ᎠᏏᎾᏍᏛ ᎤᏬᏂᎯᏍᏗᏱ; ᏅᏩᏓᎴᏃ ᎠᎦᏔᎾᎢ ᎢᎦᎦᏛ ᎤᏬᏂᎯᏍᏗᏱ ᎾᏍᎩᏉ ᎠᏓᏅᏙ ᎤᎵᏍᎪᎸᏓᏁᎸᎯ ᎨᏐᎢ;
9. ᏅᏩᏓᎴᏃ ᎪᎯᏳᏗ ᎨᏒ ᎾᏍᎩᏉ ᎠᏓᏅᏙ ᎤᎵᏍᎪᎸᏓᏁᎸᎯ ᎨᏐᎢ; ᏅᏩᏓᎴᏃ ᎠᏥᏁᎰ ᏧᏓᏅᏬᏗᏱ, ᎾᏍᎩᏉ ᎠᏓᏅᏙ ᎤᎵᏍᎪᎸᏓᏁᎸᎯ ᎨᏐᎢ;
10. ᏅᏩᏓᎴᏃ ᎤᏍᏆᏂᎪᏗ ᏧᎸᏫᏍᏓᏁᏗᏱ; ᏅᏩᏓᎴᏃ ᎤᏙᎴᎰᎯᏍᏗᏱ; ᏅᏩᏓᎴᏃ ᏗᏓᏅᏙ ᏄᎾᏍᏛ ᏧᎪᎵᏰᏗᏱ; ᏅᏩᏓᎴᏃ ᎢᎸᏍᎩ ᎢᏳᏓᎴᎩ ᏧᏬᏂᎯᏍᏗᏱ; ᏅᏩᏓᎴᏃ ᏧᏁᏢᏙᏗᏱ ᏧᏓᎴᏅᏛ ᏗᎦᏬᏂᎯᏍᏗ ᎨᏒᎢ;
11. ᎠᏎᏃ ᎯᎠ ᎾᏍᎩ ᏂᎦᏛ ᏧᏓᎴᏅᏛ ᎾᏍᎩᏉ ᏌᏉ ᎠᏓᏅᏙ ᏕᎤᎸᏫᏍᏓᏁᎰᎢ, ᏓᏯᏙᎮᎰ ᎾᏂᎥ ᏧᎾᏁᎳᎩᎭ ᏧᎾᏤᎵ, ᎯᎠᏉ ᏄᏍᏕᏍᏗ ᎡᎵᏍᎬᎢ.
12. ᎠᏰᎸᏰᏃ ᏌᏉᏉ ᏥᎩ, ᎠᎴ ᎤᏣᏘ ᏥᏚᏫᏞᏫᏒ, ᎠᎴ ᏂᎦᏛ ᎾᏍᎩ ᏌᏉ ᎠᏰᎸ ᏚᏫᏞᏫᏒ, ᎤᏣᏘ ᎨᏒ, ᏌᏉᏉ ᎠᏰᎸ ᏥᏂᎦᎵᏍᏗᎭ; ᎾᏍᎩᏯ ᎾᏍᏉ ᏄᏍᏗ ᎦᎶᏁᏛ.
13. ᏌᏉᎯᏰᏃ ᎠᏓᏅᏙ ᎢᏳᏩᏂᏌᏛ ᏂᏗᎥ ᏤᎦᏬᎥᎯ ᏌᏉ ᎠᏰᎸ ᎢᏰᎬᏁᎸᎯ, ᎾᏍᏉ ᎢᏗᏧᏏ ᎠᎴ ᏗᎦᏓᎴᏅᏛ ᏴᏫ ᏱᎩ; ᎾᏍᏉ ᏤᎩᎾᏝᎢ ᎠᎴ ᏤᎩᎾᏝᎢ ᏂᎨᏒᎾ ᏱᎩ; ᎠᎴ ᏂᏗᎥ ᏌᏉᏉ ᎠᏓᏅᏙ ᎢᎦᏗᏔᏍᏗᏱ ᎢᏰᎬᏁᎸᎯ.
14. ᎠᏰᎸᏰᏃ ᎥᏝ ᏌᏉᏉ ᎤᏫᏞᏫᏒ ᏱᎩ, ᎤᏣᏘᏍᎩᏂ ᏚᏫᏞᏫᏒᎢ.
15. ᎢᏳᏃ ᎣᎳᏏᏕᏂ ᎯᎠ ᏱᏄᏪᏒ, ᎠᏴ ᎤᏬᏰᏂ ᏂᎨᏒᎾ ᏥᎩ ᎥᏝ ᎠᏰᎸ ᏯᏆᏘᏝ, ᎾᏍᎩᏍᎪ ᏅᏗᎦᎵᏍᏙᏗᎭ ᎥᏝ ᎠᏰᎸ ᏳᏘᏝ?
16. ᎢᏳ ᎠᎴ ᎠᎦᎴᏂ ᎯᎠ ᏱᏄᏪᏒ, ᎠᏴ ᎠᎦᏔ ᏂᎨᏒᎾ ᏥᎩ ᎥᏝ ᎠᏰᎸ ᏯᏆᏘᏝ; ᎾᏍᎩᏍᎪ, ᏅᏗᎦᎵᏍᏙᏗᎭ ᎥᏝ ᎠᏰᎸ ᏳᏘᏝ?
17. ᎢᏳᏃ ᏂᎬ ᎠᏰᎸ ᎠᎦᏔ ᏱᎩ, ᎭᏢ ᎠᏛᎪᏙᏗ ᏱᎩ? ᎢᏳᏃ ᏂᎬ ᎠᏛᎪᏙᏗ ᏱᎩ, ᎭᏢ ᎣᏪᏩᏒᎢᏍᏙᏗᏱ ᏱᎩ?
18. ᎠᏎᏃ ᎤᏁᎳᏅᎯ ᏚᏫᏞᏫᏒ ᏂᎦᏛ ᏌᏉᎭ ᎨᏒ ᎾᎿᎭᎠᏰᎸ ᎾᏍᎩᏯ ᎣᏏᏳ ᎤᏰᎸᏅᎢ.
19. ᎢᏳᏃ ᏂᎦᏛ ᏌᏉᏉ ᎤᏫᏢ ᏱᎩ, ᎭᏢ ᎠᏰᎸ ᏱᎩ?
20. ᎤᏣᏘᏍᎩᏂ ᏕᎤᏫᏞᏫᏒ, ᎠᏎᏃ ᏌᏉᏉ ᎠᏰᎸᎢ.
21. ᎠᎴ ᎠᎦᏔ ᎥᏝ ᎯᎠ ᎢᎬᏩᏪᏎᏗ ᏱᎩ ᎤᏬᏰᏂ, ᎥᏝ ᏱᎬᏯᏚᎵᎭ; ᎠᎴᏬ ᎠᏍᎪᎵ ᎥᏝ ᎯᎠ ᎢᏗᎬᏩᏪᏎᏗ ᏱᎩ ᏧᎳᏏᏕᏂ, ᎥᏝ ᏱᏗᏍᏛᏯᏑᎵᎭ.
22. ᎥᏝ, ᎾᏍᎩᏍᎩᏂ ᎠᏰᎸ ᏤᎯ ᎤᏟ ᎢᏗᏩᎾᎦᎳ ᏥᏅᏩᏍᏙᎢ, ᎾᏍᎩ ᎤᏟ ᎤᎵᏍᎨᏛ ᎨᏐᎢ.
23. ᎠᎴ ᎾᏍᎩ ᎠᏰᎸ ᏤᎯ ᎾᏍᎩ ᎡᏍᎦ ᎢᏴᏛ ᎢᏗᎦᎸᏉᏗ ᎢᎩᏰᎸᏒ, ᎾᏍᎩ ᎤᏟ ᎢᏗᎦᎸᏉᏗ ᏂᏕᏛᏁᎰᎢ; ᎠᎴ ᏄᏬᏚᏒᎾ ᎨᏒ ᏂᎦᏛᏅᎢ ᎾᏍᎩ ᎤᏟ ᎤᏬᏚᎯᏳ ᏂᎦᎵᏍᏗᏍᎪᎢ;
24. ᎤᏬᏚᎯᏳᏍᎩᏂ ᏂᎦᏛᏅᎢ ᎥᏝ ᏳᏂᎬᎪᎢ; ᎤᏁᎳᏅᎯᏍᎩᏂ ᏚᏭᏓᏔᏂᏙᎸ ᎠᏰᎸᎢ, ᎤᏟ ᎢᎦᎢ ᎦᎸᏉᏗᏳ ᏄᏩᏁᎸ ᎾᏍᎩ ᎾᎿᎭᎡᏍᎦ ᎨᏒᎢ;
25. ᎾᏍᎩ ᎾᎿᎭᎠᏰᎸ ᎢᎸᎯᏢ ᏧᎦᎴᏅᏛ ᏂᎨᏒᎾ ᎢᏳᎵᏍᏙᏗᏱ; ᎾᏍᎩ ᏚᏫᏞᏫᏒ ᏧᎾᏓᏍᏆᏂᎪᏗᏳ ᎢᏳᎵᏍᏙᏗᏱ.
26. ᎾᏍᎩ ᎢᏳᏃ ᏌᏉ ᎤᏫᏢ ᏯᎩᎵᏲᎦ, ᏂᎦᏛ ᏚᏫᏢ ᎤᎾᏠᏯᏍᏗᎭ ᎠᏂᎩᎵᏲᎦ; ᎠᎴ ᎢᏳ ᏌᏉ ᎤᏫᏢ ᎦᎸᏉᏔᏅᎯ ᏱᎩ, ᏂᎦᏛ ᏚᏫᏢ ᎤᎾᏠᏯᏍᏗᎭ ᎠᎾᎵᎮᎵᎦ.
27. ᏂᎯᏃ ᎾᏍᎩ ᎦᎶᏁᏛ ᎠᏰᎸᎢ, ᎠᎴ ᏚᏫᏞᏫᏒᎢ ᎾᏍᎩ ᎢᏥᏏᏴᏫᎭ ᎨᏒᎢ.
28. ᎠᎴ ᎤᏁᎳᏅᎯ ᏕᎤᏪᎧᏅ ᎠᏂᏏᏴᏫᎭ ᎾᎿᎭᏧᎾᏁᎶᏗ ᎤᎾᏓᏡᎬᎢ; ᎢᎬᏱ ᎨᏒ, ᎨᏥᏅᏏᏛ; ᏔᎵᏁᏃ ᎨᏒ, ᎠᎾᏙᎴᎰᏍᎩ; ᏦᎢᏁᏃ ᎨᏒ, ᏗᎾᏕᏲᎲᏍᎩ; ᎣᏂᏃ, ᎤᏍᏆᏂᎪᏗ ᏧᏂᎸᏫᏍᏓᏁᎯ; ᎿᎭᏉᏃ ᎨᎦᎵᏍᎪᎸᏓᏁᎸᎯ ᏧᎾᏓᏅᏬᏗᏱ, ᎠᎾᎵᏍᏕᎵᏍᎩ, ᏄᏂᎬᏫᏳᏌᏕᎩ, ᎢᎸᏍᎩ ᎢᏳᏓᎴᎩ ᏗᏂᏬᏂᏍᎩ.
29. ᏂᎦᏛᏍᎪ ᎨᏥᏅᏏᏛ? ᏂᎦᏛᏍᎪ ᎠᎾᏙᎴᎰᏍᎩ? ᏂᎦᏛᏍᎪ ᏗᎾᏕᏲᎲᏍᎩ? ᏂᎦᏛᏍᎪ ᎤᏍᏆᏂᎪᏗ ᏧᏂᎸᏫᏍᏓᏁᎯ?
30. ᏂᎦᏛᏍᎪ ᏧᎾᏓᏅᏬᏗᏱ ᎨᎦᎵᏍᎪᎸᏓᏁᎸᎯ? ᏂᎦᏛᏍᎪ ᎢᎸᏍᎩ ᎢᏳᏓᎴᎩ ᏓᏂᏬᏂᎭ? ᏂᎦᏛᏍᎪ ᎠᎾᏁᏢᏗᎭ?
31. ᎤᏣᏘ ᎠᏗᎾ ᎢᏣᏚᎵᏍᎨᏍᏗ ᎣᏌᏂ ᎤᏓᏁᏗ ᎨᏒᎢ; ᎠᏎᏃ ᎬᏂᎨᏒ ᏅᏛᏨᏴᏁᎵ ᎤᏟ ᎢᏲᏍᏛ ᎢᏯᏛᏁᏗᏱ.

== I Corinthians 13 ==
1. ᎾᏍᏉ ᏴᏫ ᎠᎴ ᎦᎸᎳᏗ ᎠᏁᎯ ᏗᏂᎧᎿᎭᏩᏗᏙᎯ ᏧᏂᏬᏂᎯᏍᏗ ᏱᏥᏬᏂᎭ, ᎾᎩᎲᎾᏃ ᏱᎩ ᎠᏓᎨᏳᏗ ᎨᏒᎢ, ᎥᏣᏱᏉ ᎤᏃᏴᎵᏛ ᎠᎴ ᎤᏃᏴᎩ ᎤᎭᎸᏂᎯ ᏕᎦᏤᎳᎦ.
2. ᎠᎴ ᎾᏍᎩ ᏯᎩᎭ ᎠᏆᏙᎴᎰᎯᏍᏗᏱ, ᎠᎴ ᏱᎪᎵᎦ ᏂᎦᏗᏳ ᎤᏕᎵᏛ ᎨᏒᎢ, ᎠᎴ ᏂᎦᏗᏳ ᎠᎦᏙᎥᎯᏍᏗ ᎨᏒᎢ; ᎠᎴ ᏂᎦᎥ ᎪᎯᏳᏗ ᎨᏒ ᏯᎩᎭ, ᎾᏍᎩ ᏰᎵᏉ ᏗᎬᎩᎲᏍᏗ ᏱᎩ ᏙᏓᎸᎢ; ᎠᏓᎨᏳᏗᏃ ᎨᏒ ᎾᎩᎲᎾ ᏱᎩ, ᎪᎱᏍᏗᏉ ᏂᎨᏒᎾ ᎠᏴ.
3. ᎠᎴ ᎾᏍᏉ ᏂᎦᎥ ᎠᎩᎾᎥ ᏱᎦᏓᏃᏁᎭ, ᎠᎴ ᎾᏍᏉ ᏥᏰᎸ ᏱᏓᎩᏲᏒ ᎤᎾᎪᎲᏍᏙᏗᏱ, ᎾᎩᎲᎾᏃ ᏱᎩ ᎠᏓᎨᏳᏗ ᎨᏒᎢ, ᎥᏝ ᎪᎱᏍᏗ ᎠᎩᏁᏉᏤᎯ ᏱᎩ.
4. ᎠᏓᎨᏳᏗ ᎨᏒ ᎬᏂᏗᏳ, ᎠᎴ ᎤᏓᏅᏘᏳ; ᎠᏓᎨᏳᏗ ᎨᏒ ᎥᏝ ᏱᎬᏳᎪᎢ; ᎠᏓᎨᏳᏗ ᎨᏒ ᎥᏝ ᏯᏢᏆᏍᎪᎢ; ᎥᏝ ᎤᏟ ᏳᏕᏋᎯᏍᏙᎢ;
5. ᎥᏝ ᎤᏕᎰᎯᏍᏗ ᏱᎾᏛᏁᎰᎢ; ᎥᏝ ᎤᏩᏒᏉ ᎤᏤᎵ ᏳᏲᎰᎢ; ᎥᏝ ᏳᏔᎳᏬᎯᏌᏙᎢ; ᎥᏝ ᎤᏲ ᏯᏓᎳᏫᏎᎰᎢ;
6. ᎥᏝ ᏯᎵᎮᎵᎪ ᎤᏲ ᏗᎦᎸᏫᏍᏓᏁᏗ ᎨᏒᎢ, ᏚᏳᎪᏛᏍᎩᏂ ᎨᏒ ᎾᎿᎭᎠᎵᎮᎵᎪᎢ;
7. ᎤᏁᎳᎩᏉ ᎡᎵᏍᎪ ᏂᎦᎥ ᎪᎱᏍᏗ; ᎪᎯᏳᎲᏍᎪ ᏂᎦᎥ ᎪᎱᏍᏗ; ᏂᎦᎥᏉ ᎪᎱᏍᏗ ᎤᏚᎩ ᎤᏩᏐᎢ; ᎬᏂᏗᏳ ᎨᏐ ᏂᎦᎥᎢ.
8. ᎠᏓᎨᏳᏗ ᎨᏒ ᎠᎵᏛᏗᏍᎩ ᏂᎨᏒᎾ; ᎠᏙᎴᎰᎯᏍᏗᏍᎩᏂ ᎨᏒ ᏛᎵᏛᏔᏂᏉ; ᏧᏓᎴᏅᏛ ᏗᎦᏬᏂᎯᏍᏗ ᎨᏒ ᏙᏓᎦᎶᏐᏂ; ᎠᎦᏙᎥᎯᏍᏗ ᎾᏍᏉ ᎨᏒ ᏛᎵᏛᏔᏂ.
9. ᎢᎦᏛᏉᏰᏃ ᎨᏒ ᎢᏗᎦᏔᎭ, ᎠᎴ ᎢᎦᏛᏉ ᎨᏒ ᎢᏓᏙᎴᎰᏍᎦ;
10. ᎠᎧᎵᎢᏍᎩᏂ ᎨᏒ ᎠᎵᏰᎢᎶᎸᎭ, ᎿᎭᏉ ᎾᏍᎩ ᎢᎦᏛᏉ ᎨᏒ ᏛᎵᏛᏔᏂ.
11. ᏥᏲᎵ ᏥᎨᏒᎩ ᎠᏲᎵ ᎤᏬᏂᎯᏍᏗ ᏥᏬᏂᏍᎬᎩ, ᎠᏲᎵ ᎤᏬᎵᏍᏗ ᎨᏒ ᎪᎵᎬᎩ, ᎠᏲᎵ ᎤᏓᏅᏖᏗ ᎨᏒ ᎦᏓᏅᏖᏍᎬᎩ; ᎠᏆᏛᏅᏍᎩᏂ ᎿᎭᏉ ᎾᏆᎵᏍᏔᏅ, ᎠᏲᎵ ᏧᏤᎵ ᎨᏒ ᎢᏴᏛ ᏂᏓᏋᏁᎸᎩ.
12. ᎪᎯᏰᏃ ᎨᏒ ᎤᏍᎪᎸ ᎢᏗᎪᏩᏗᎭ ᎠᏓᎨᏗᏱ; ᎾᎯᏳᏍᎩᏂ ᎨᏎᏍᏗ ᏕᎦᎧᏛ ᏙᏓᏓᏓᎪᎯ; ᎪᎯ ᎨᏒ ᎢᎦᏛᏉ ᏥᎦᏔᎭ; ᎾᎯᏳᏍᎩᏂ ᎨᏎᏍᏗ ᏥᎦᏔᎮᏍᏗ ᎾᏍᎩᏯ ᎾᏍᏉ ᎥᎩᎦᏔᎲᎢ.
13. ᎪᎯᏃ ᎨᏒ ᎠᏁᎭ ᎪᎯᏳᏗ ᎨᏒᎢ, ᎠᎴ ᎤᏚᎩ ᎬᏗ ᎨᏒᎢ, ᎠᎴ ᎠᏓᎨᏳᏗ ᎨᏒᎢ, ᎯᎠ ᎾᏍᎩ ᏦᎢ; ᏭᏓᎪᎾᏛᏛᏍᎩᏂ ᎦᎸᏉᏗ ᎬᏒ ᎠᏓᎨᏳᏗ ᎨᏒᎢ.

== I Corinthians 14 ==
1. ᎠᏓᎨᏳᏗ ᎨᏒ ᎢᏥᏍᏓᏩᏕᎨᏍᏗ; ᎠᎴ ᎢᏣᏚᎵᏍᎨᏍᏗ ᎠᏓᏅᏙ ᎤᎵᏍᎪᎸᏙᏗ; ᎠᏗᎾ Ꮀ ᎤᎬᏫᏳᏎᏍᏗ ᎾᏍᎩ ᎨᏣᏙᎴᎰᎯᏍᏗ ᎨᏒᎢ.
2. ᎩᎶᏰᏃ ᏱᎦᏬᏂᎭ ᏅᏩᎾᏓᎴ ᎤᏂᏬᏂᎯᏍᏗ ᎨᏒᎢ, ᎥᏝ ᏴᏫ ᏱᏗᎦᏬᏁᏗᏍᎪᎢ, ᎤᏁᎳᏅᎯᏍᎩᏂ; ᎥᏝᏰᏃ ᎩᎶ ᏳᏬᎵᏤᎰᎢ; ᎠᏓᏅᏙᏍᎩᏂᏃᏅ ᎬᏗ ᎦᏬᏂᏍᎬ ᎤᏕᎵᏛ ᎦᎾᎸᎪᏫᏍᎪᎢ.
3. ᎩᎶᏍᎩᏂ ᏯᏙᎴᎰᏍᎦ ᏴᏫ ᏕᎦᏬᏁᏗᏍᎪ ᏓᎵᏂᎪᎯᏍᏗᏍᎪᎢ, ᎠᎴ ᏕᎦᏂᎳᏕᎰᎢ, ᎠᎴ ᏓᎦᎵᏍᏓᏗᏍᎪᎢ.
4. ᎩᎶ ᏱᎦᏬᏂᎭ ᏅᏩᎾᏓᎴ ᎤᏂᏬᏂᎯᏍᏗ ᎨᏒ, ᎤᏩᏒ ᎠᏓᎵᏂᎪᎯᏍᏗᏍᎪᎢ; ᎩᎶᏍᎩᏂ ᏯᏙᎴᎰᏍᎦ ᏓᎵᏂᎪᎯᏍᏗᏍᎪ ᏧᎾᏁᎶᏗ ᎤᎾᏓᏡᎬᎢ.
5. ᎣᏏᏳ ᏱᏥᏰᎸᎾ ᎢᏳᏃ ᏂᏥᎥ ᎢᎸᏍᎩ ᎢᏳᏓᎴᎩ ᏱᏗᏥᏬᏂᎭ; ᎠᏎᏃ ᎰᎤᎬᏫᏳᎭ ᏱᏣᏙᎴᎰᏍᎦ; ᎤᏟᏰᏃ ᎠᏥᎸᏉᏗᏳ ᎾᏍᎩ Ꮎ ᎠᏙᎴᎰᏍᎩ, ᎡᏍᎦᏉ ᎾᏍᎩ Ꮎ ᎢᎸᏍᎩ ᎢᏳᏓᎴᎩ ᏗᎦᏬᏂᏍᎩ, ᎢᏳᏍᎩᏂᏃᏅ ᏯᏁᏢᏗᎭ, ᎾᏍᎩ ᏧᎾᏁᎶᏗ ᎤᎾᏓᏡᎬ ᏧᎾᎵᏂ ᎪᎯᏍᏗᏱ.
6. ᎢᏳᏃ, ᎢᏓᎵᏅᏟ, ᏱᏫᏨᎷᏤᎸ ᎢᎸᏍᎩ ᎢᏳᏓᎴᎩ ᏱᏗᏥᏬᏂᎭ, ᎦᏙ ᎤᏍᏗ ᏱᏨᏁᏉᏏ, ᎢᏳᏍᎩᏂᏃᏅ ᎢᏨᏬᏁᏗᏍᎬ ᎪᎱᏍᏗ ᏱᏨᎾᏄᎪᏫᏎᎭ, ᎠᎴ ᎢᏥᎦᏙᎥᎯᏍᏗᏱ ᏱᏂᏨᏴᏁᎭ, ᎠᎴ ᏱᎦᏙᎴᎰᏍᎦ, ᎠᎴ ᏱᏗᎦᏕᏲᎲᏍᎦ.
7. ᎾᏍᏉᏰᏃ ᎪᎱᏍᏗᏉ ᎬᏃᏛ ᏂᎨᏒᎾ, ᏳᏃᏴᎦ, ᎠᏤᎷᎯᏍᏗ ᎠᎴ ᏗᎧᏃᎩᏍᏙᏗ ᏱᎩ, ᎢᏳᏃ ᏧᏓᎴᎿᎭᎢ ᏂᏚᏃᏴᎬᎾ ᏱᎩ, ᎦᏙ ᏱᎦᎵᏍᏙᏓ ᏴᏙᎴᎰᎯ ᎾᏍᎩ ᎠᏤᎷᎯᏛ ᎨᏒ ᎠᎴ ᎾᏍᎩ ᏗᎧᏃᎩᏛ ᎨᏒᎢ?
8. ᎢᏳᏰᏃ ᎠᏤᎷᎯᏍᏗ ᎦᎪᎵᏍᏗ ᏂᎨᏒᎾ ᏳᏃᏴᎦ, ᎦᎪ ᏯᏛᏅᎢᏍᏓ ᏓᎿᎭᏩ ᎤᏪᏅᏍᏗᏱ?
9. ᎾᏍᎩᏯ ᎾᏍᏉ ᏂᎯ, ᎢᏳᏃ ᏗᏥᏃᎪ ᏗᎬᏗ ᎦᎪᎵᏍᏗ ᏂᏥᏬᏂᏍᎬᎾ ᏱᎩ, ᎦᏙ ᏱᎦᎵᏍᏙᏓ ᎬᏙᎴᎰᎯᏍᏗ ᏱᎩ, ᏂᏥᏪᏒ ᎢᏥᏬᏂᏒᎢ? ᎦᏃᎴᏍᎬᏰᏃ ᎢᏥᏬᏁᏗᏍᎩ ᎨᏎᏍᏗ.
10. ᎾᏍᏉ ᎤᏣᏘ ᎢᏳᏓᎴᎩ ᏱᏓᏂᏬᏂᎭ ᎡᎶᎯ, ᎠᏎᏃ ᎥᏝ ᏌᏉ ᎾᏍᎩ ᎪᎱᏍᏗ ᏂᎦᏛᎬᎾ ᏱᎩ.
11. ᎾᏍᎩᏃ ᏂᎪᎵᎬᎾ ᏱᎩ ᎦᏛᎬ ᎦᏬᏂᏍᎬᎢ, ᏅᏆᏓᎴᏉ ᎾᏍᎩᏯ ᏱᎩ ᎠᏆᏓᏅᏖᏍᎬ ᎾᏍᎩ ᎦᏬᏂᏍᎩ; ᎠᎴ ᎾᏍᎩ ᎦᏬᏂᏍᎩ ᏅᏩᏓᎴᏉ ᎾᏍᎩᏯ ᏱᎩ ᎠᏴ ᏥᏯᏓᏅᏖᏍᎬᎢ.
12. ᎾᏍᎩᏯ ᎾᏍᏉ ᏂᎯ, ᎾᏍᎩ ᎤᏣᏘ ᏥᏣᏚᎵ ᏗᎦᎸᏫᏍᏓᏁᏗ ᎠᏓᏅᏙ ᎤᏓᏁᏗ ᎨᏒᎢ, ᎢᏥᏲᎮᏍᏗ ᏗᏣᏓᏓᎵᏁᎯᏕᏗᏱ ᎾᏍᎩ ᏧᎾᏁᎶᏗ ᎤᎾᏓᏡᎬ ᏗᏣᎵᏂᎪᎯᏍᏙᏗᏱ.
13. ᎾᏍᎩ ᎢᏳᏍᏗ ᎩᎶ ᏅᏩᎾᏓᎴ ᎤᏂᏬᏂᎯᏍᏗ ᎦᏬᏂᏍᎨᏍᏗ, ᎠᏓᏙᎵᏍᏗᏍᎨᏍᏗ ᎠᏔᏲᎯᎮᏍᏗ ᎠᏥᏍᏕᎸᏗᏱ ᎤᏁᏢᏙᏗᏱ.
14. ᎢᏳᏰᏃ ᏱᎦᏓᏙᎵᏍᏗ ᏱᎬᏗᎭ ᏅᏩᎾᏓᎴ ᎤᏂᏬᏂᎯᏍᏗ ᎨᏒᎢ, ᎠᏆᏓᏅᏙ ᎠᏓᏙᎵᏍᏗᏍᎪᎢ; ᎠᏆᏓᏅᏛᏍᎩᏂ ᎥᏝ ᏱᎦᎾᏄᎪᏫᏍᎪ ᎣᏍᏛ ᎨᏒᎢ.
15. ᎦᏙ ᎰᏩ ᎤᏍᏗ? ᎠᏆᏓᏅᏙ ᎬᏗᏍᎨᏍᏗ ᎦᏓᏙᎵᏍᏗᏍᎨᏍᏗ, ᎠᎴ ᎦᎪᎵᏍᏗ ᎦᏓᏙᎵᏍᏗᏍᎨᏍᏗ; ᎠᎴ ᎠᏆᏓᏅᏙ ᎬᏗᏍᎨᏍᏗ ᏕᏥᏃᎩᏍᎨᏍᏗ ᎠᎴ ᎦᎪᎵᏍᏗ ᏕᏥᏃᎩᏍᎨᏍᏗ.
16. ᎾᏍᎩᏰᏃ ᏄᏍᏛ ᏱᎩ, ᎿᎭᏉ ᎭᎵᎮᎵᏨ ᏣᏓᏅᏙ ᎲᏔᏅᎭ, ᎦᏙ ᏱᎦᎵᏍᏙᏓ ᎾᏍᎩ Ꮎ ᎾᎦᏔᎾᎥᎾ ᎤᏪᏗᏱ ᏳᏬᎳ, ᏰᎵ ᎡᎺᏅ ᏯᏛ ᎭᎵᎮᎵᎩ? ᏂᎪᎵᎬᎾᏰᏃ ᏱᎩ ᏂᏪᏍᎬᎢ.
17. ᏂᎯᏰᏃ ᎤᏙᎯᏳᎯ ᎣᏏᏳ ᏂᏪᎭ ᎭᎵᎮᎵᎬᎢ, ᏐᎢᏍᎩᏂ ᎥᏝ ᏳᎵᏂᎪᎯᏍᏗᎭ.
18. ᏥᏯᎵᎡᎵᏤᎭ ᎠᏆᏁᎳᏅᎯ, ᎾᏍᎩ ᎤᏟ ᎢᎦᎢ ᏗᎬᎩᏬᏂᎯᏍᏗ ᎨᏒ ᏧᏓᎴᏅᏛ ᏗᎦᏬᏂᎯᏍᏗ ᎨᏒ ᎡᏍᎦᏉ ᏂᎯ ᏂᏥᎥᎢ;
19. ᎠᏎᏃ ᏧᎾᏁᎶᏗ ᎤᎾᏓᏡᎬ ᎤᏟ ᎬᎩᏰᎸᏗ ᎾᎿᎭᎯᏍᎩᏉ ᎢᎧᏁᏨᎯ ᎠᎩᏁᎢᏍᏗᏱ ᎠᏆᏓᏅᏛ ᎠᏋᏙᏗᏱ, ᎾᏍᎩ ᏅᏩᎾᏓᎴ ᎾᏍᏉ ᎦᏥᏰᏲᏗᏱ, ᎠᏃ ᎠᏍᎪᎯ ᎢᏯᎦᏴᎵ ᎢᎧᏁᏨᎯ ᎠᎩᏁᎢᏍᏗᏱ ᏅᏩᎾᏓᎴ ᎤᏂᏬᏂᎯᏍᏗ ᎨᏒ ᎠᏋᏙᏗᏱ.
20. ᎢᏓᎵᏅᏟ, ᏞᏍᏗ ᏗᏥᏲᎵ ᏱᎨᏎᏍᏗ ᏕᏣᏓᏅᏛᎢ; ᎠᏓᏍᎦᎢᏍᏗᏍᎩᏂᏃᏅ ᎨᏒ ᏗᏥᏲᎵ ᎨᏎᏍᏗ, ᏕᏣᏓᏅᏛᏍᎩᏂ ᏗᏣᏛᎾᏯ ᎨᏎᏍᏗ.
21. ᏗᎧᎿᎭᏩᏛᏍᏗᏱ ᎯᎠ ᏂᎬᏅ ᎪᏪᎳ, ᏅᏩᏓᎴ ᏗᏂᏬᏂᏍᎩ ᎠᎴ ᏅᏩᏓᎴ ᏧᏂᎭᏁᎦᎵ ᏓᎦᏥᏴᏔᏂ ᎦᏓᏥᏬᏁᏔᏂ ᎯᎠ ᎾᏍᎩ ᏴᏫ; ᎠᏎᏃ ᎠᏏ ᎥᏝ ᏱᎬᏆᏛᎦᏁᎮᏍᏗ, ᎠᏗᎭ ᏱᎰᏩ.
22. ᎾᏍᎩᏃ ᏧᏓᎴᏅᏛ ᏗᎦᏬᏂᎯᏍᏗ ᎨᏒ ᎪᎯᏳᏗᏍᎩ ᎠᏰᎸᎭ, ᎥᏝ ᎠᏃᎯᏳᎲᏍᎩ ᎤᏃᎯᏳᏓᏁᎯ ᏱᎩ, ᎠᏍᎩᏂ ᎠᏃᎯᏳᎲᏍᎩ ᏂᎨᏒᎾ; ᎠᏙᎴᎰᎯᏍᏗᏍᎩᏂ ᎨᏒ ᎥᏝ ᎠᏃᎯᏳᎲᏍᎩ ᏂᎨᏒᎾ [ᎤᏃᎯᏳᏓᏁᎯ] ᏱᎩ, ᎠᏃᎯᏳᎲᏍᎩᏍᎩᏂ.
23. ᎾᏍᎩᏃ ᏥᏄᏍᏗ ᎢᏳᏃ ᏧᎾᏁᎶᏗ ᎤᎾᏓᏡᎬ ᏂᎦᏛ ᎢᎸᎯᏢ ᏱᏚᏂᎳᏫᏦᏅ, ᎠᎴ ᏂᎦᏛ ᏧᏓᎴᏅᏛ ᏗᎦᏬᏂᎯᏍᏗ ᎨᏒ ᏱᏓᏂᏬᏂᎭ, ᏳᏂᏴᎵᎸᏃ ᎾᎿᎭᏂ ᎾᏂᎦᏔᎾᎥᎾ, ᎠᎴ ᎠᏃᎯᏳᎲᏍᎩᏂ ᏂᎨᏒᎾ, ᏝᏍᎪ ᏚᏂᎸᏃᏘᎭ ᏴᎬᎾᏛ?
24. ᎢᏳᏍᎩᏂ ᏂᎦᏛ ᏯᎾᏙᎴᎰᏍᎦ, ᏳᏴᎵᎸᏃ ᎩᎶ ᎪᎯᏳᎲᏍᎩ ᏂᎨᏒᎾ, ᎠᎴ ᎩᎶ ᎾᎦᏔᎾᎥᎾ, ᎾᏂᎥ ᎬᏬᎯᏳᏓᏁᎰᎢ, ᎠᎴ ᎾᏂᎥ ᏕᎬᏭᎪᏓᏁᎰᎢ;
25. ᎾᏍᎩᏃ ᎤᏕᎵᏛ ᎤᏍᏆᏂᎪᏛ ᎤᎾᏫᏱ ᎬᏂᎨᏒ ᏱᏂᎦᎵᏍᏓ; ᎾᏍᎩᏃ ᏯᎵᏰᏍᏚᎲᎦ ᎤᏁᎳᏅᎯ ᏯᏓᏙᎵᏍᏓᏏ, ᎠᎴ ᏱᏕᎦᏃᏣᎸᎦ ᎤᏁᎳᏅᎯ ᎤᏙᎯᏳᎯᏯ ᎢᏣᏓᏑᏴᎢ.
26. ᎦᏙ ᎰᏩ ᎤᏍᏗ, ᎢᏓᎵᏅᏟ? ᎢᏳᏃ ᏕᏥᎳᏫᎩ, ᎢᏥᏏᏴᏫᎭ ᏗᎧᏃᎩᏛ ᎢᏣᏛᏅᎢᏍᏙᎢ, ᏗᏕᏲᏗ ᎢᏣᏛᏅᎢᏍᏙᎢ, ᏧᏓᎴᏅᏛ ᏗᎦᏬᏂᎯᏍᏗ ᎢᏣᏛᏅᎢᏍᏙᎢ, ᎬᏂᎨᏒ ᎢᎬᏁᏗ ᎢᏣᏛᏅᎢᏍᏙᎢ, ᎠᏁᏢᏙᏗ ᎢᏣᏛᏅᎢᏍᏙᎢ. ᏂᎦᏛ ᎠᏗᎾ ᏕᏥᎸᏫᏍᏓᏁᎲ ᏗᏣᏓᎵᏂᎪᎯᏍᏙᏗᏱ ᎤᎬᏩᎴᏍᏗ.
27. ᎢᏳᏃ ᎩᎶ ᏅᏩᎾᏓᎴ ᏧᏂᏬᏂᎯᏍᏗ ᎨᏒ ᏱᎦᏬᏂᎭ, ᎠᏂᏔᎵ, ᎠᎴ ᏦᎢ ᎢᏴᏛ ᏩᏍᏕᏍᏗ ᏓᏂᏬᏂᏎᎨᏍᏗ ᏌᏉ ᎤᏪᏒᏛ; ᎠᏏᏴᏫᏃ ᎠᏁᏢᏗᏍᎨᏍᏗ.
28. ᎢᏳᏍᎩᏂ ᎠᏁᏢᏗᏍᎩ ᏁᏙᎲᎾ ᎢᎨᏎᏍᏗ, ᎡᎳᏪᏉ ᎤᏩᏎᏍᏗ ᏧᎾᏁᎶᏗ ᎤᎾᏓᏡᎬᎢ; ᎤᏩᏒᏉ ᎠᏓᎵᏃᎮᏗᏍᎨᏍᏗ, ᎠᎴ ᎤᏁᎳᏅᎯ ᎠᎵᏃᎮᏗᏍᎨᏍᏗ.
29. ᎠᎾᏙᎴᎰᏍᎩ ᎠᏂᏔᎵᎭ ᎠᏂᏬᏂᏍᎨᏍᎩ, ᎠᏂᏐᎢᏃ ᏓᏄᎪᏗᏍᎨᏍᏗ.
30. ᎢᏳᏃ ᎪᎱᏍᏗ ᏯᏥᎾᏄᎪᏫᏎᎸ ᎩᎶ ᎾᎥ ᎤᏬᎵ, ᎢᎬᏱ ᎤᎴᏅᏛ ᎡᎳᏪ ᎬᏍᎨᏍᏗ.
31. ᏂᏥᎥᏰᏃ ᏰᎵ ᎨᏥᏙᎴᎰᎯᏍᏗ ᏌᏉ ᎤᏪᏒᏛ; ᎾᏍᎩ ᎾᏂᎥ ᎤᎾᏕᎶᏆᏍᏗᏱ, ᎠᎴ ᎾᏂᎥ ᎤᏂᎦᎵᏍᏓᏗᏍᏗᏱ.
32. ᎠᎴ ᎠᎾᏙᎴᎰᏍᎩ ᏧᎾᏤᎵ ᏗᏓᏅᏙ ᏓᏃᎯᏳᎲᏍᎪ ᎠᎾᏙᎴᎰᏍᎩ.
33. ᎤᏁᎳᏅᎯᏰᏃ ᎥᏝ ᏧᏓᎴᏅᏛ ᎨᏒ ᎢᎬᏁᎯ ᏱᎩ, ᏅᏩᏙᎯᏯᏛᏍᎩᏂ ᎨᏒᎢ, ᎾᏍᎩᏯ ᏥᏄᏍᏗ ᏂᎦᏛ ᏚᎾᏓᏡᏩᏗᏒ ᎤᎾᏓᏅᏘ.
34. ᎠᏂᎨᏴ ᏗᏣᏤᎵ ᎡᎳᏪᏉ ᎤᏅᏎᏍᏗ ᏧᎾᏁᎶᏗ ᏚᎾᏓᏡᏩᏗᏒᎢ; ᎥᏝᏰᏃ ᎨᎦᎵᏍᎪᎸᏓᏁᎸᎯ ᏱᎩ ᎾᏍᎩ ᎤᏂᏬᏂᎯᏍᏗᏱ; ᎤᏃᎯᏳᏗᏱᏉᏍᎩᏂ, ᎾᏍᎩᏯ ᎾᏍᏉ ᏥᏂᎦᏪ ᏗᎧᎿᎭᏩᏛᏍᏗ.
35. ᎢᏳ ᎠᎴ ᏳᎾᏚᎵ ᎪᎱᏍᏗ ᎤᎾᏕᎶᏆᏍᏗᏱ, ᏗᎬᏩᏂᏰᎯ ᏧᎾᏛᏛᎲᏍᎨᏍᏗ ᏙᏧᏁᏅᏒᎢ; ᎤᏕᎰᎯᏍᏗᏳᏰᏃ ᎠᏂᎨᏴ ᎤᏂᏬᏂᎯᏍᏗᏱ ᏧᎾᏁᎶᏗ ᎤᎾᏓᏡᎬᎢ.
36. ᏥᎪ ᏂᎯ ᎢᏤᎲ ᏧᏓᎴᏁ ᎧᏃᎮᏛ ᎤᏁᎳᏅᎯ ᎤᏤᎵᎦ? ᏥᎪᎨ ᏂᎯᏉ ᎢᏨᏒ ᎢᏥᎷᏤᎴᎢ?
37. ᎢᏳᏃ ᎩᎶ ᎠᏓᏅᏖᏍᎬ ᎦᏙᎴᎣᏍᎩ ᎠᎴ ᎠᏓᏅᏙ ᎤᏓᏁᏗ ᎠᎩᎯ ᎢᎡᎵᏍᎨᏍᏗ, ᎾᏍᎩ ᎬᏂᎨᏒ ᏂᎬᏁᎮᏍᏗ ᎾᏍᎩ ᎯᎠ ᏥᏫᏨᏲᏪᎳᏁᎭ ᎤᎬᏫᏳᎯ ᎤᏁᏨᎯ ᎨᏒᎢ.
38. ᎢᏳᏍᎩᏂ ᎩᎶ ᎾᎦᏔᎲᎾ ᎢᎨᏎᏍᏗ, ᎤᏁᎳᎩᏉ ᎾᎦᏔᎲᎾ ᎨᏎᏍᏗ.
39. ᎾᏍᎩ ᎢᏳᏍᏗ ᎢᏓᎵᏅᏟ, ᎢᏣᏚᎵᏍᎨᏍᏗ ᎢᏣᏙᎴᎰᎯᏍᏗᏱ, ᎠᎴ ᏞᏍᏗ ᏱᏥᏅᏍᏙᏍᎨᏍᏗ ᎦᏬᏂᎯᏍᏗᏱ ᏧᎾᏓᎴᏅᏛ ᏧᏂᏬᏂᎯᏍᏗ ᎨᏒᎢ.
40. ᏂᎦᏛ ᏕᏥᎸᏫᏍᏓᏁᎲ ᎤᏬᏚᎯ ᎠᎴ ᎣᏍᏛ Ꭰ’ᏱᎸᏛ ᎨᏎᏍᏗ.

== I Corinthians 15 ==
1. ᎠᎴᏬ ᎢᏓᎵᏅᏟ, ᎬᏂᎨᏒ ᏂᏨᏴᏁᎭ ᎣᏍᏛ ᎧᏃᎮᏛ, ᎾᏍᎩ ᏥᏨᏯᎵᏥᏙᏁᎸᎩ, ᎠᎴ ᎾᏍᎩ ᎾᏍᏉ ᏥᏕᏣᏓᏂᎸᏨ, ᎠᎴ ᎾᏍᎩ ᎤᎵᏂᎩᏛ ᏥᏕᏥᏂᏴᎭ;
2. ᎾᏍᎩ ᎾᏍᏉ ᏥᏣᎵᏍᏕᎸᏙᏗ, ᎢᏳᏃ ᎠᏍᏓᏯ ᏱᏗᏥᏂᏴ ᎾᏍᎩ ᏥᏨᏯᎵᏥᏙᏁᎸᎩ, ᎢᏳᏍᎩᏂᏃᏅ ᎠᏎᏉᏉ ᏱᎩ ᎢᏦᎯᏳᏒᎢ.
3. ᎢᎬᏱᏱᏰᏃ ᎨᏒ ᏕᏣᏲᎯᏎᎸᎩ ᎾᏍᎩ ᎾᏍᏉ ᎠᏴ ᏨᎩᏲᎯᏎᎸᎩ, ᎾᏍᎩ ᎦᎶᏁᏛ ᎠᏴ ᎢᎩᏍᎦᏅᏨ ᎢᎩᏲᎱᎯᏎᎸᎢ, ᎾᏍᎩᏯ ᏂᎬᏅ ᎪᏪᎵᎯ;
4. ᎠᎴ ᎾᏍᎩ ᎠᏥᏂᏌᏅᎢ, ᎠᎴ ᎾᏍᎩ ᏦᎢᏁ ᎢᎦ ᏙᎤᎴᎯᏌᏅ ᎾᏍᎩᏯ ᏂᎬᏅᎪᏪᎵᎯ;
5. ᎠᎴ ᎾᏍᎩ ᏏᏆᏏ ᎤᎪᎲᎢ, ᎿᎭᏉᏃ ᏔᎳᏚ ᎢᏯᏂᏛ.
6. ᎣᏂᏃ ᎯᏍᎩᏧᏈ ᎤᎶᏒᏍᏗ ᎢᏯᏂᏛ ᎠᎾᎵᏅᏟ ᎢᏧᎳᎭ ᎬᏩᎪᎮᎢ; ᎾᏍᎩᏃ [ᎬᏩᎪᎲᎯ] ᎤᏟ ᎢᏯᏂᏛ ᎠᎾᎴᏂᏙ ᎠᏏ ᎪᎯ ᎨᏒᎢ, ᎢᎦᏛᏍᎩᏂᏃᏅ ᏚᏂᎵᏅᏨ.
7. ᎣᏂᏃ ᏥᎻ ᎤᎪᎮᎢ; ᎿᎭᏉᏃ ᏂᎦᏛ ᎨᏥᏅᏏᏛ [ᎢᎬᏩᎪᎮᎢ.]
8. ᎣᏂᏱᏃ ᎾᏍᏉ ᎠᏴ ᎥᏥᎪᎥᎩ, ᎾᏍᎩᏯ ᎩᎶ ᎤᏕᏗᏱ ᏄᏍᏆᎸᎲᎾᏉ ᏣᏕᎲᏍᎪ ᏣᏓᎪᏩᏘᏍᎪᎢ.
9. ᎠᏴᏰᏃ ᎠᏆᏍᏗᎧᏂ ᎣᎩᏅᏏᏛ ᎨᏒᎢ, ᎾᏍᎩ ᎥᏝ ᏰᎵ ᎠᏥᏅᏏᏛ ᎦᏴᏉᏎᏗ ᏱᎩ, ᏅᏗᎦᎵᏍᏙᏗᎭ ᎤᏲ ᏂᎦᏥᏴᏁᎸ ᏧᎾᏁᎶᏗ ᎤᎾᏓᏡᎬ ᎤᏁᎳᏅᎯ ᎤᏤᎵᎦ.
10. ᎠᏎᏃ ᎬᏩᎦᏘᏯ ᎤᏓᏙᎵᏍᏗ ᎨᏒ ᎤᏁᎳᏅᎯ ᎢᏳᏩᏂᏌᏛ ᎠᏴ ᎾᏆᏍᏛ ᎾᏆᏍᏗ; ᎠᎴ ᎾᏍᎩ ᎬᏩᎦᏘᏯ ᎤᏓᏙᎵᏍᏗ ᎨᏒ ᎥᎩᏁᎸᎯ ᏥᎩ, ᎥᏝ ᎠᏎᏉᏉ ᏱᏄᎵᏍᏔᏅ; ᎤᏟᏰᏃ ᎢᎦᎢ ᏓᎩᎸᏫᏍᏓᏁᎲ ᎡᏍᎦᏉ ᎾᏍᎩ Ꮎ ᎾᏂᎥᎢ; ᎥᏝᏍᎩᏂᏃᏅ ᎠᏴ, ᎤᏁᎳᏅᎯᏍᎩᏂ ᎬᏩᎦᏘᏯ ᎤᏓᏙᎵᏍᏗ ᎨᏒ ᏗᎩᎧᎿᎭᏩᏗᏙᎸᎯ.
11. ᎠᏗᎾ ᎢᏳᏃ ᎠᏴ ᏱᎩ, ᎠᎴ ᎾᏍᎩ Ꮎ ᏱᎩ, ᎾᏍᎩ ᏃᏥᏪᎭ ᎣᏣᎵᏥᏙᎲᏍᎦ, ᎠᎴ ᎾᏍᎩ ᏄᏍᏗ ᎢᏦᎯᏳᏅ.
12. ᎾᏍᎩᏃ ᎢᏳ ᎦᎶᏁᏛ ᎤᏲᎱᏒᎯ ᏕᎤᎴᎯᏌᏅ ᏯᎦᎵᏥᏙᎲᏍᎦ, ᎦᏙᏃ ᎢᎦᏛ ᎨᏣᏓᏑᏴ ᎯᎠ ᏂᎠᏂᏪᎭ, ᎥᏝ ᏧᎾᎴᎯᏐᏗ ᏱᎩ ᏧᏂᏲᎱᏒᎯ?
13. ᎢᏳᏃ ᏧᎾᎴᎯᏐᏗ ᏂᎨᏒᎾ ᏱᎩ ᏧᏂᏲᎱᏒᎯ, ᎿᎭᏉ ᎦᎶᏁᏛ ᎥᏝ ᏧᎴᎯᏌᏅᎯ ᏱᎩ.
14. ᎢᏳ ᎠᎴ ᎦᎶᏁᏛ ᏧᎴᎯᏌᏅᎯ ᏂᎨᏒᎾ ᏱᎩ, ᎿᎭᏉ ᎣᏣᎵᏥᏙᎲᏍᎬ ᎠᏎᏉᏉ ᏂᎦᎵᏍᏗᎭ, ᎠᎴ ᎢᏦᎯᏳᏒ ᎾᏍᏉ ᎠᏎᏉᏉ ᏂᎦᎵᏍᏗᎭ.
15. ᎠᎴ ᎾᏍᏉ ᎬᏂᎨᏒ ᏂᎦᎵᏍᏗᎭ ᎦᏰᎪᎩ ᎣᏥᏃᎮᏍᎩ ᎨᏒ ᎤᏁᎳᏅᎯ; ᎣᏥᏃᎮᎸᏰᏃ ᎤᏁᎳᏅᎯ ᎾᏍᎩ ᎤᏲᎱᏒ ᏕᎤᎴᏔᏅ ᎦᎶᏁᏛ; ᏧᎴᎳᏅᎯ ᏂᎨᏒᎾ ᏥᎩ, ᎢᏳᏃ ᎰᏩ ᏧᎾᎴᎯᏐᏗ ᏂᎨᏒᎾ ᏱᎩ ᏧᏂᏲᎱᏒᎯ.
16. ᏧᏂᏲᎱᏒᎯᏰᏃ ᏧᎾᎴᎯᏐᏗ ᏂᎨᏒᎾ ᏱᎩ, ᎿᎭᏉ ᎦᎶᏁᏛ ᎥᏝ ᏧᎴᎯᏌᏅᎯ ᏱᎩ.
17. ᎢᏳ ᎠᎴ ᎦᎶᏁᏛ ᏧᎴᎯᏌᏅᎯ ᏂᎬᏒᎾ ᏱᎩ, ᎢᏦᎯᏳᏒ ᎠᏎᏉᏉ ᏂᎦᎵᏍᏗᎭ; ᎠᏏᏉ ᎢᏥᏍᎦᏅᏨ ᎢᏣᏚᏓᎳ.
18. ᎠᎴ ᎾᏍᏉ Ꮎ ᎦᎶᏁᏛ ᎤᏃᎯᏳᎯ ᎤᏂᎵᏅᏨᎯ ᏥᎩ ᎬᏩᏂᏲᏥᏙᎸᏉ.
19. ᎢᏳᏃ ᎠᏂᏉ ᎢᏕᎲ ᎤᏩᏒ ᎤᏚᎩ ᏱᎬᎭ ᎦᎶᏁᏛ ᎢᎩᏍᏕᎸᏗᏱ, ᎾᏂᎥ ᏴᏫ ᏕᏗᎪᎾᏛᏗ ᎤᏲ ᏂᎦᏛᏅᎢ.
20. ᎠᏎᏃ ᎦᎶᏁᏛ ᏕᎤᎴᎯᏌᏅ ᎤᏲᎱᏒᎢ, ᎠᎴ ᏧᏓᎴᏅᏔᏅᎯ ᏄᎵᏍᏔᏅ ᎾᏍᎩ ᎤᏂᎵᏅᏨᎯ ᏥᎨᏒᎩ.
21. ᎾᏍᎩᏰᏃ ᏴᏫ ᎢᏳᏩᏂᏌᏛ ᏥᎩ ᎠᎰᎱᎯᏍᏗ ᎨᏒ ᏤᎭ, ᏴᏫ ᎾᏍᏉ ᎢᏳᏩᏂᏌᏛ ᎠᏲᎱᏒ ᏗᎴᎯᏐᏗ ᏥᎩ.
22. ᎠᏓᏫᏰᏃ ᎢᏳᏩᏂᏌᏛ ᏂᎦᏗᏳ ᏥᏓᏂᏲᎱᏍᎦ, ᎾᏍᎩᏯ ᎾᏍᏉ ᎦᎶᏁᏛ ᎢᏳᏩᏂᏌᏛ ᏂᎦᏗᏳ ᏗᏅᏃᏛ ᏅᏛᎨᎬᏁᎵ.
23. ᎠᏎᏃ ᎾᏂᎥ ᎤᎾᏤᎵᏛᎭ; ᎦᎶᏁᏛ ᏧᏓᎴᏅᏔᏅᎯ; ᎣᏂᏃ ᎾᏍᎩ Ꮎ ᎦᎶᏁᏛ ᏧᏤᎵ ᎨᏒ ᎾᎯᏳ ᎦᎷᏨᎭ.
24. ᎿᎭᏉ ᏛᎵᏍᏆᏗ, ᎾᎯᏳ ᎤᎬᏫᏳᎯ ᎨᏒ ᏧᏲᎯᏎᎸᎯ ᎨᏎᏍᏗ ᎤᏁᎳᏅᎯ, ᎾᏍᎩ ᎠᎦᏴᎵᎨᎢ; ᎾᎯᏳ ᎠᏛᏔᏃᏅᎭ ᏂᎦᏗᏳ ᎤᏂᎬᏫᏳᏌᏕᎩ ᎨᏒ ᎠᎴ ᏂᎦᏗᏳ ᏗᎨᎦᏁᎶᏗ ᎨᏒ, ᎠᎴ ᏚᎾᎵᏂᎬᎬᎢ.
25. ᎠᏎᏰᏃ ᏅᏩᏍᏕᏍᏗᏉ ᎤᎬᏫᏳᎯ ᎨᏒᎢ, ᎬᏂ ᏂᎦᏛ ᎬᏩᏍᎦᎩ ᏚᎳᏍᎬ ᎭᏫᏂᏗᏢ ᏂᏕᎬᏁᎸᎭ.
26. ᎠᏲᎱᎯᏍᏗ ᎨᏒ ᎾᏍᎩ ᎤᎵᏍᏆᎸᏗ ᎤᏍᎦᎩ ᎠᏥᏛᏙᏗ ᎨᏒᎢ.
27. ᏂᎦᏗᏳᏰᏃ ᏧᏓᎴᏅᏛ ᏚᎳᏍᎬ ᎭᏫᏂᏗᏢ ᎢᎬᏁᎸᎯ. ᎠᏎᏃ, ᏂᎦᏗᏳ ᏧᏓᎴᏅᏛ ᎭᏫᏂᏗᏢ ᎢᏯᎬᏁᎸᎯ ᏣᏗᎭ, ᎬᏂᎨᏒ ᏂᎦᎵᏍᏗᎭ ᎾᎦᏠᏯᏍᏛᎾ ᎨᏒ ᎾᏍᎩ Ꮎ ᏂᎦᏛ ᏧᏓᎴᏅᏛ ᎭᏫᏂᏗᏢ ᎢᏳᏩᏁᎸᎯ.
28. ᎾᎯᏳᏃ ᏂᎦᏗᏳ ᏧᏓᎴᏅᏛ ᎭᏫᏂᏗᏢ ᎢᏯᎬᏁᎸᎯ ᎨᏎᏍᏗ, ᎿᎭᏉ ᎾᏍᏉ ᎤᏪᏥ ᎤᏩᏒ ᎭᏫᏂᏗᏢ ᏅᏛᏛᏁᎵ ᎾᏍᎩ Ꮎ ᏂᎦᏛ ᏧᏓᎴᏅᏛ ᎭᏫᏂᏗᏢ ᎢᏳᏩᏁᎸᎯ, ᎾᏍᎩ ᎤᏁᎳᏅᎯ ᏂᎦᎥ ᎢᎬᏂᏏᏍᎩ ᎢᏳᎵᏍᏙᏗᏱ ᎾᏂᎥ ᎠᏁᎲᎢ.
29. ᎢᏳᏃ ᎾᏍᎩ ᏄᏍᏛᎾ ᏱᎩ, ᎦᏙ ᏛᎾᏛᏁᎵ ᏧᏂᏲᎱᏒᎯ ᏥᏅᏗᎦᎵᏍᏙᏗᏍᎪ ᏥᏕᎨᎦᏬᏍᎪᎢ? ᎢᏳᏃ ᏧᏂᏲᎱᏒᎯ ᎠᏎ ᏧᎾᎴᎯᏐᏗ ᏂᎨᏒᎾ ᎢᎨᏎᏍᏗ, ᎦᏙᏃ ᏧᏂᏲᎱᏒᎯ ᏅᏗᎦᎵᏍᏙᏗᏍᎪ ᏙᎨᎦᏬᏍᎪᎢ?
30. ᎠᎴ ᎦᏙᏃ ᎤᎾᏰᎯᏍᏗ ᏂᎦᏛᎿᎭᏕᎦ ᏂᎪᎯᎸᎢ?
31. ᏥᏁᎢᏍᏗᎭ ᎾᏍᎩ Ꮎ ᎤᎵᎮᎵᏍᏗ ᏣᎩᎭ ᏂᎯ ᏥᏅᏗᎦᎵᏍᏙᏗᎭ, ᎾᏍᎩ ᏥᏌ ᎦᎶᏁᏛ ᎤᎬᏫᏳᎯ ᎣᎦᏤᎵ ᏨᏗᏓᎴᎲᏍᎦ, ᏥᏲᎱᏍᎪ ᏂᏚᎩᏨᏂᏒᎢ.
32. ᎢᏳᏃ ᏴᏫ ᎢᏳᎾᏛᏁᏗ ᎢᏯᏆᏛᏁᎸᎯ ᏱᎩ, ᏅᎩ ᏗᏂᏅᏌᏗ ᎤᏂᏍᎦᏎᏗ ᎣᎦᎵᎸᎯ ᏱᎩ ᎡᏈᏌ ᎦᏚᎲᎢ, ᎦᏙ ᎬᎩᏁᏉᏤᏗ ᎣᏍᏛ ᎨᏒ, ᎢᏳᏃ ᏧᏂᏲᎱᏒᎯ ᏧᎾᎴᎯᏐᏗ ᏂᎨᏒᎾ ᏱᎩ? ᎢᏓᎵᏍᏓᏴᎲᏍᎨᏍᏗ, ᎠᎴ ᎢᏓᏗᏔᏍᎨᏍᏗ; ᏑᎾᎴᏉᏰᏃ ᏙᏓᏗᏲᎱᏏ.
33. ᏞᏍᏗ ᎡᏥᎵᏓᏍᏔᏅᎩ; ᎾᏲ ᏗᎵᏃᎮᎵᏓᏍᏗ ᎨᏒ ᎠᏲᏍᏗᏍᎪ ᎣᏍᏛ ᏗᎦᎸᏫᏍᏓᏁᏗ ᎨᏒᎢ.
34. ᎢᏥᏰᎩ ᏚᏳᎪᏛ ᎢᏣᏛᏁᏗᏱ, ᎠᎴ ᏞᏍᏗ ᏱᏥᏍᎦᏅᎨᏍᏗ; ᎢᎦᏛᏰᏃ ᎥᏝ ᏯᏂᎦᏔᎭ ᎤᏁᎳᏅᎯ; ᎤᏕᎰᎯᏍᏗᏳ ᎢᏨᏃᎮᎭ ᎾᏍᎩ ᎯᎠ ᏥᏂᏥᏪᎭ.
35. ᎠᏎᏃ ᎩᎶ ᎯᎠ ᏱᏅᎦᏫ, ᎦᏙ ᏓᎨᎬᏁᎵ ᏙᏓᎨᎦᎴᏔᏂ ᏧᏂᏲᎱᏒᎯ? ᎠᎴ ᎦᏙ ᎤᏍᏕᏍᏗ ᎤᏙᏢᏒ ᏗᏂᏰᎸ ᎠᏂᎷᏨᎭ?
36. ᏣᏁᎫ! ᎾᏍᎩ ᏥᏫᏍᎪᎢ ᎥᏝ ᏴᎬᎵᏰᎲᎦ ᎬᏂ ᎤᎪᎯ;
37. ᎠᎴ ᎾᏍᎩ ᏥᏫᏍᎪᎢ, ᎥᏝ ᎾᏍᎩ ᎠᏰᎸ ᎤᏙᏢᏗ ᎨᏒ ᏱᏫᏍᎪᎢ, ᎤᎦᏔᎭᏉᏍᎩᏂ, ᎤᏣᎴᏍᏗᏉ ᏱᎩ, ᎠᎴ ᎪᎱᏍᏗᏉ ᎤᏍᏗ ᏅᏩᏓᎴ ᏱᎩ;
38. ᎤᏁᎳᏅᎯᏍᎩᏂ ᎠᏁᎰ ᎠᏰᎸ ᎾᏍᎩᏯ ᎣᏏ ᎤᏰᎸᏅᎢ, ᎠᎴ ᏄᏓᎴᏒ ᎤᎦᏔ ᎤᏤᎵᎦᏯ ᎠᏰᎸᎢ.
39. ᏂᎦᏛ ᎤᏇᏓᎵ ᎨᏒ ᎥᏝ ᎤᏠᏱᎭ ᏱᎩ; ᏴᏫᏰᏃ ᎤᏂᏇᏓᎸ ᏑᏓᎴᎩ; ᏅᏩᏓᎴᏃ ᏅᎩ ᏗᏂᏅᏌᏗ ᎤᏂᏇᏓᎸᎢ, ᏅᏩᏓᎴᏃ ᎠᏣᏗ, ᏅᏩᏓᎴᏃ ᏥᏍᏆ.
40. ᎠᎴ ᎾᏍᏉ ᎦᎸᎳᏗ ᎠᏁᎭ ᏗᎪᏢᏅᎯ, ᎠᎴ ᎡᎶᎯ ᎠᏁᎭ ᏗᎪᏢᏅᎯ; ᎠᏎᏃ ᏧᏬᏚᎯᏳ ᎨᏒ ᎦᎸᎳᏗ ᎠᏁᎯ ᏅᏩᏓᎴᎢ, ᎠᎴ ᏧᏬᏚᎯᏳ ᎨᏒ ᎡᎶᎯ ᎠᏁᎯ ᏅᏩᏓᎴᎢ.
41. ᏅᏙ ᎢᎦ ᎡᎯ ᎤᏤᎵᏛ ᎤᏬᏚᎯᏳ ᎨᏒᎢ, ᎠᎴ ᎤᏬᏚᎯᏳ ᎨᏒ ᏅᏙ ᏒᏃᏱ ᎡᎯ ᏅᏩᏓᎴᎢ, ᎠᎴ ᏧᏃᏚᎯᏳ ᎨᏒ ᏃᏈᏏ ᏅᏩᏓᎴᎢ; ᎠᎴ ᏃᏈᏏ ᎧᎸ ᎤᏬᏚᎯᏳ ᎨᏒ ᏅᏩᏓᎴ ᏄᏍᏙ ᏃᏈᏏ ᏄᏍᏛ ᎤᏬᏚᎯᏳ ᎨᏒᎢ.
42. ᎾᏍᎩᏯ ᎾᏍᏉ ᏄᏍᏗ ᏧᎾᎴᎯᏐᏗ ᎨᏒ ᏧᏂᏲᎱᏒᎯ. ᎠᏲᎩ ᎠᏫᏒᎯ ᎨᏐᎢ; ᎠᏲᎩ ᏂᎨᏒᎾ ᏗᎴᏙᏗ ᎨᏎᏍᏗ.
43. ᎦᎸᏉᏗ ᏂᎨᏒᎾ ᎠᏫᏒᎯ ᎨᏐᎢ, ᎦᎸᏉᏗᏳ ᏗᎴᏙᏗ ᎨᏎᏍᏗ; ᎠᏩᎾᎦᎳ ᎠᏫᏒᎯ ᎨᏐᎢ, ᎤᎵᏂᎩᏛ ᏗᎴᏙᏗ ᎨᏎᏍᏗ;
44. ᎢᏗᏫᏍᎪ ᎤᏇᏓᎵ ᎠᏰᎸ ᎠᏫᏒᎯ ᎨᏐᎢ, ᎠᏓᏅᏙ ᎤᏙᏢᏒ ᏗᎴᏙᏗ ᎨᏎᏍᏗ. ᎤᏇᏓᎵ ᎠᏰᎸ ᎡᎭ, ᎠᎴ ᎠᏓᏅᏙ ᎤᏙᏢᏒ ᎡᎭ.
45. ᎾᏍᎩᏯᏃ ᎯᎠ ᏂᎬᏅ ᎦᏪᎳ, ᎢᎬᏱᏱ ᏴᏫ ᎠᏓᏫ ᎬᏃᏛ ᏄᎵᏍᏔᏁᎢ; ᎣᏂᏱᏃ ᎠᏓᏫ ᎠᏓᏅᏙ ᎬᏂᏛ ᏗᏁᎯ ᏄᎵᏍᏔᏁᎢ.
46. ᎠᏎᏃ ᎥᏝ ᎢᎬᏱ ᏱᎨᏎ ᎾᏍᎩ Ꮎ ᎠᏓᏅᏙ ᏥᎩ, ᎾᏍᎩᏍᎩᏂ Ꮎ ᎠᏇᏓᎵ ᏥᎩ; ᎣᏂᏃ ᎢᏴᏛ ᎾᏍᎩ Ꮎ ᎠᏓᏅᏙ ᏥᎩ.
47. ᎢᎬᏱᏱ ᎠᏍᎦᏯ ᎦᏙᎯ ᏅᏓᏳᏓᎴᏅᎯ, ᎦᏓᏉ ᎨᏎᎢ; ᏔᎵᏁ ᎠᏍᎦᏯ ᎤᎬᏫᏳᎯ ᎦᎸᎳᏗ ᏅᏓᏳᏓᎴᏅᎯ.
48. ᏄᏍᏛ ᎾᏍᎩ Ꮎ ᎦᏓᏉ ᎠᎪᏢᏔᏅᎯ ᏥᎩ, ᎾᏍᎩᏯ ᎾᏍᏉ ᏄᎾᏍᏗ ᎦᏓᏉ ᎨᎪᏢᏔᏅᎯ; ᎠᎴ ᏄᏍᏛ ᎾᏍᎩ Ꮎ ᎦᎸᎳᏗ ᎡᎯ, ᎾᏍᎩᏯ ᎾᏍᏉ ᏄᎾᏍᏗ ᎦᎸᎳᏗ ᎠᏁᎯ.
49. ᎠᎴ ᎦᏓ ᎠᎪᏢᏔᏅᎯ ᏄᏍᏛ ᎾᏍᎩᏯ ᏥᏂᎦᏍᏗ, ᎾᏍᎩᏯ ᎾᏍᏉ ᏂᎦᏍᏕᏍᏗ ᏄᏍᏛ ᎦᎸᎳᏗ ᎡᎯ.
50. ᎾᏍᎩᏃ ᎯᎠ ᏂᏥᏪᎭ ᎢᏓᎵᏅᏟ, ᎾᏍᎩ ᎤᏇᏓᎵ ᎨᏒ ᎠᎴ ᎩᎬ ᎥᏝ ᎤᎾᏤᎵ ᎢᎬᏩᎵᏍᏙᏗ ᏱᎩ ᎤᏁᎳᏅᎯ ᎤᏤᎵᎪᎯ; ᎥᏝ ᎠᎴ ᎠᏲᎩ ᎨᏒ ᎤᏤᎵ ᎢᎬᏩᎵᏍᏙᏗ ᏱᎩ ᎠᏲᎯ ᏂᎨᏒᎾ ᎨᏒᎢ.
51. ᎬᏂᏳᏉ, ᎢᏨᎾᏄᎪᏫᏎ ᎤᏕᎵᏛ ᎨᏒᎢ; ᎥᏝ ᏂᎦᏛ ᏴᏓᏗᎵᏅᏥ, ᏂᎦᏗᏳᏍᎩᏂ ᎡᎩᏁᏟᏴᏍᏗ ᎨᏎᏍᏗ
52. ᎩᎳᏉ ᎢᏴᏛ, ᏥᏛᎦᏔᎾᏫᏍᏗᏉ ᎢᎪᎯᏛ, ᎤᎵᏍᏆᎸᏗ ᎠᏤᎷᎩ ᏂᎦᎵᏍᏔᏅᎭ; ᎠᏤᎷᎩᏰᏃ ᏓᏳᏃᏴᎳᏏ, ᏧᏂᏲᎱᏒᎯᏃ ᏙᏓᎨᎦᎴᏔᏂ ᎠᏂᏲᎩ ᏁᎨᏒᎾ, ᎠᏴᏃ ᏓᏰᎩᏁᏟᏴᏏ.
53. ᎯᎠᏰᏃ ᎠᏲᎩ ᎨᏒ ᎠᏲᎩ ᏂᎨᏒᎾ ᏛᏄᏬᏍᏔᏂ, ᎠᎴ ᎯᎠ ᎾᏍᎩ ᎠᏲᎱᏍᎩ ᎨᏒ ᎠᏲᎱᏍᎩ ᏂᎨᏒᎾ ᏛᏄᏬᏍᏔᏂ.
54. ᎾᏍᎩᏃ ᎿᎭᏉ ᎯᎠ ᎠᏲᎩ ᎨᏒ ᎠᏲᎩ ᏂᎨᏒᎾ ᎨᏒ ᎤᏄᏬᏍᏔᏁᏍᏗ, ᎠᎴ ᎯᎠ ᎾᏍᎩ ᎠᏲᎱᏍᎩ ᎠᏲᎱᏍᎩ ᏂᎨᏒᎾ ᎨᏒ ᎤᏄᏬᏍᏔᏁᏍᏗ, ᎿᎭᏉ ᏄᎵᏍᏔᏁᏍᏗ ᎯᎠ ᎢᎦᏪᏛ ᎨᏒ ᏥᎪᏪᎳ, ᎠᏓᎵᏁᎯᏗᏍᎩ ᎨᏒ ᎤᎩᏐᏅ ᎠᏲᎱᎯᏍᏗ ᎨᏒᎢ.
55. ᏂᎯ ᎠᏲᎱᎯᏍᏗ ᎨᏒᎢ, ᎭᏢ ᏣᏓᏨᏯᏍᏗᎨᏒᎢ? ᏂᎯ ᏗᏓᏂᏐᏗᏱ ᎨᏒᎢ, ᎭᏢ ᏣᏓᏎᎪᎩᏍᏗ ᎨᏒᎢ?
56. ᎠᏲᎱᏍᏗ ᎤᏓᏨᏯᏍᏗ ᎨᏒ, ᎾᏍᎩ ᎠᏍᎦᏂ; ᎠᏍᎦᏂᏃ ᎤᎵᏂᎪᎯᏍᏗᏍᎩ ᎾᏍᎩ ᏗᎧᎿᎭᏩᏛᏍᏗ.
57. ᎠᏎᏃ ᎤᏁᎳᏅᎯ ᎠᎵᎮᎵᏤᏗ ᎨᏎᏍᏗ, ᎾᏍᎩ ᏥᎩᏁᎭ ᎢᎦᏓᏎᎪᎩᏍᏗᏱ, ᏨᏗᏓᎴᎲᏍᎦ ᎤᎬᏫᏳᎯ ᎢᎦᏤᎵ ᏥᏌ ᎦᎶᏁᏛ.
58. ᎾᏍᎩ ᎢᏳᏍᏗ, ᎢᏨᎨᏳᎢ ᎢᏓᎵᏅᏟ, ᏗᏣᎵᏂᎩᏗᏳ ᎨᏎᏍᏗ, ᎦᏰᏥᏖᎸᏗ ᏂᎨᏒᎾ ᎨᏎᏍᏗ, ᏂᎪᎯᎸ ᎤᏣᏘ ᏕᏥᎸᏫᏍᏓᏁᎮᏍᏗ ᎤᎬᏫᏳᎯ ᎤᏤᎵ ᏗᎦᎸᏫᏍᏓᏁᏗ ᎨᏒᎢ, ᎢᏥᎦᏔᎭᏰᏃ ᎾᏍᎩ ᎢᏣᎵᏂᎬᏁᎲ ᎤᎬᏫᏳᎯ ᎤᏤᎵ ᏕᏥᎸᏫᏍᏓᏁᎲ ᎠᏎᏉᏉ ᏂᎨᏒᎾ ᎨᏒᎢ.

== I Corinthians 16 ==
1. ᎾᏃ ᎦᏟᏐᏗ ᎨᏒ ᎤᎾᏓᏅᏘ ᎤᎾᎵᏍᏕᎸᏙᏗ ᎤᎬᏩᎵ, ᎾᏍᎩᏯ ᏥᎦᏥᏁᏤᎸᎢ ᏧᎾᏁᎶᏗ ᏚᎾᏓᏡᎬ ᎨᎴᏏᏱ, ᎾᏍᎩᏯ ᏂᏣᏛᏁᎮᏍᏗ.
2. ᎢᎬᏱᏱ ᎢᎦ ᏑᎾᏙᏓᏆᏍᏗ ᎨᏒ ᎢᏥᏏᏴᏫᎭ ᎢᏣᏓᏁᎸᏍᎨᏍᏗ ᎾᏍᎩᏯ ᏄᏍᏛ ᎤᏁᎳᏅᎯ ᎢᏥᏁᏉᎡᎸᎢ, ᎾᏍᎩᏃ ᏞᏍᏗ ᏫᏥᎷᏨᎭ ᎩᎳ ᏫᎦᏟᏐᏗ ᏱᎨᏎᏍᏗ.
3. ᏫᏥᎷᏨᏃ ᎾᏍᎩ Ꮎ ᎣᏏᏳ ᏗᏥᏰᎸᏅᎯ, ᎾᏍᎩ ᏗᎦᏥᏯᎨᏅᏗᏍᏗ ᎨᏎᏍᏗ ᎪᏪᎵ, ᎾᏍᎩ ᎠᏂᏰᎩ ᏥᎷᏏᎵᎻ ᏂᎯ ᎢᏣᎵᏍᎪᎸᏔᏅᎯ.
4. ᎢᏳ ᎠᎴ ᏚᏳᎪᏕᏍᏗ ᎾᏍᏉ ᎠᏴ ᎠᏇᏅᏍᏗᏱ, ᎾᏍᎩ ᏓᏲᏤᏅᏍᏔᏂ.
5. ᎠᎴ ᏮᏓᏨᎷᏤᎵ, ᎹᏏᏙᏂ ᎠᏰᎵ ᎠᎩᎶᏒᎯ ᎨᏎᏍᏗ; ᎹᏏᏙᏂᏰᏃ ᎠᏰᎵ ᎠᎩᎶᎯᏍᏗᏱ ᏂᎦᎵᏍᏗᎭ.
6. ᎠᎴ ᏫᎬᏆᏕᏗ ᏱᏂᎦᎩ, ᎠᎴ ᎾᏍᏉ ᏯᏆᎪᎳᏗᏴ ᎢᏤᎲᎢ, ᎾᏍᎩ ᏍᎩᏯᏘᏅᏍᏗᏱ ᎦᎢᏒ ᎢᎸᎯᏢ ᏫᏥᎦᏛᎢ.
7. ᎥᏝᏰᏃ ᏯᏆᏚᎵ ᎪᎯ ᎨᏒ ᎦᎢᏒ ᎢᏨᎪᏩᏛᏗᏱ; ᎠᏎᏃ ᎤᏚᎩ ᎠᏋᎭ ᎢᎸᏍᎩ ᎢᎪᎯᏛ ᎢᏨᏯᏕᏁᏗᏱ, ᎢᏳᏃ ᎤᎬᏫᏳᎯ ᎣᏏᏳ ᏳᏰᎸᏅ.
8. ᎡᏈᏌᏍᎩᏂ ᎨᏙᎮᏍᏗ ᎯᏍᎦᏍᎪᎯᏁ ᎢᎦ ᎢᏯᏍᏗ.
9. ᎡᏉᎯᏳᏰᏃ ᎥᎩᎳᏅᏓᏕᎸ ᎠᎴ ᎤᏣᏘ ᎪᎱᏍᏗ ᎦᎬᏙᏗ, ᎠᎴ ᎤᏂᏣᏔ ᏗᏂᎦᏘᎴᎩ.
10. ᎢᏳᏃ ᏗᎹᏗ ᏫᎦᎷᏨᎭ, ᎢᏣᎦᏌᏯᏍᏕᏍᏗ ᏂᎦᎾᏰᏍᎬᎾᏉ ᎢᏤᎳᏗᏓᏍᏗᏱ; ᏚᎸᏫᏍᏓᏁᏰᏃ ᎤᎬᏫᏳᎯ ᎤᏤᎵ ᏗᎦᎸᏫᏍᏓᏁᏗ, ᎤᏠᏱᏉ ᎠᏴ.
11. ᎾᏍᎩ ᎢᏳᏍᏗ ᏞᏍᏗ ᎩᎶ ᏳᏂᏆᏘᎮᏍᏗ; ᏅᏩᏙᎯᏯᏛᏉᏍᎩᏂ ᏤᏣᏂᎩᏍᏔᏅᎭ, ᎾᏍᎩ ᎠᏴ ᎠᎩᎷᏤᏗᏱ; ᏥᎦᏖᏃᎭᏰᏃ ᎤᎷᎯᏍᏗᏱ ᎠᎾᎵᏅᏟ ᎠᏂᎷᏨᎭ.
12. ᎠᏃ ᎠᏉᎳ ᎢᎩᏅᏟ, ᎤᏣᏘ ᏥᏍᏗᏰᏓ ᏫᏥᎷᏤᏗᏱ ᎤᏁᏅᏍᏙᏗᏱ ᎠᎾᎵᏅᏟ; ᎠᏎᏃ ᎥᏝ ᏳᏚᎸ ᎠᏎ ᎪᎯ ᎨᏒ ᎤᏪᏅᏍᏗᏱ; ᏮᏓᎦᎷᏥ ᎠᏗᎾ ᎤᏜᏓᏅᏓᏕᎸᎭ.
13. ᎢᏥᏯᏫᏍᎨᏍᏗ, ᎤᎵᏂᎩᏛ ᏕᏥᏂᏴᏎᏍᏗ ᎪᎯᏳᏗ ᎨᏒᎢ, ᎢᏥᏍᎦᏯ ᎨᏎᏍᏗ, ᏗᏣᎵᏂᎩᏗᏳ ᎨᏎᏍᏗ.
14. ᏂᎦᏛ ᏕᏥᎸᏫᏍᏓᏁᎲ ᎠᏓᎨᏳᏗ ᎨᏒ ᎢᏨᏗᏍᎨᏍᏗ.
15. ᎠᎴᏬ ᎢᏓᎵᏅᏟ, ᏕᏥᎦᏔᎭ ᏍᏗᏇᎾ ᏚᏓᏘᎾᎥᎢ, ᎾᏍᎩ ᎢᎬᏱ ᎤᏓᏔᏅᎯ ᎨᏒ ᎠᎦᏯ, ᎠᎴ ᎾᏍᎩ ᏚᎾᏓᏲᏒ ᏧᏂᏍᏕᎸᎯᏓᏍᏗᏱ ᎤᎾᏓᏅᏘ;
16. ᎢᏨᏔᏲᏎᎭ ᏂᎯ ᏗᏦᎯᏳᏗᏱ ᎾᏍᎩ ᎢᏳᎾᏍᏗ, ᎠᎴ ᎾᏂᎥ ᎢᏧᎳᎭ ᏧᏂᎸᏫᏍᏓᏁᎯ ᎠᎾᎵᏂᎬᏁᎯ.
17. ᎦᎵᎡᎵᎦ ᎬᎩᎷᏤᎸ ᏍᏗᏇᎾ ᎠᎴ ᏉᏚᏁᏓ ᎠᎴ ᎠᎦᏱᎦ; ᏂᎯᏰᏃ ᏥᏥᎷᎶᏤᎲᎩ ᎠᏂᎧᎵᏏᏌ ᎾᏍᎩ.
18. ᎠᏂᎦᎵᏍᏓᏓᏰᏃ ᎠᏆᏓᏅᏙ, ᎠᎴ ᏂᎯ ᏗᏣᏓᏅᏙ. ᎾᏍᎩ ᎢᏳᏍᏗ ᏕᏥᎸᏉᏕᏍᏗᏉ ᎾᏍᎩ ᎢᏳᎾᏍᏗ.
19. ᏧᎾᏁᎶᏗ ᏚᎾᏓᏡᏩᏗᏒ ᎡᏏᏱ ᏫᎨᏥᏲᎵᎭ. ᎡᏈᎳ ᎠᎴ ᏈᏏᎳ ᎤᏣᏘ ᏫᎨᏥᏲᎵᎭ ᎤᎬᏫᏳᎯ ᏧᎾᏁᎶᏗ ᎤᎾᏓᏲᎵᏍᏗ ᎨᏒᎢ, ᎬᏩᎾᎵᎪᏁᎭ ᏧᎾᏁᎶᏗ ᎤᎾᏓᏡᎬ ᎾᏍᎩ ᎠᏂᏁᎸᎢ.
20. ᏂᎦᏛ ᎢᏓᎵᏅᏟ ᏫᎨᏥᏲᎵᎭ. ᏕᏣᏓᏲᎵᏍᏗᏍᎨᏍᏗ ᎦᎸᏉᏗᏳ ᏗᏓᏙᏪᏙᎥᏍᏗ ᎨᏒᎢ.
21. ᎠᏴ ᏉᎳ ᎠᏆᏓᏲᎵᏍᏗ ᎨᏒ ᎠᏋᏒ ᎠᏉᏰᏂ ᎠᏋᏔᏅᎯ ᎠᏉᏪᎳᏅᎯ.
22. ᎢᏳᏃ ᎩᎶ ᏄᎨᏳᏒᎾ ᎢᎨᏎᏍᏗ ᎤᎬᏫᏳᎯ ᏥᏌ ᎦᎶᏁᏛ, ᎾᏍᎩ ᎠᏥᏍᎩᏅᏛᎯ ᎨᏎᏍᏗ. ᎤᎬᏫᏳᎯ ᏓᎦᎷᏥ.
23. ᎬᏩᎦᏘᏯ ᎤᏓᏙᎵᏍᏗ ᎨᏒ ᎢᎦᏤᎵ ᎤᎬᏫᏳᎯ ᏥᏌ ᎦᎶᏁᏛ ᏕᏥᎧᎿᎭᏩᏗᏙᎮᏍᏗ.
24. ᎠᏴ ᎠᏆᏓᎨᏳᏗ ᎨᏒ ᏕᏥᎧᎿᎭᏩᏗᏙᎮᏍᏗ ᏂᏥᎥᎢ, ᏥᏌ ᎦᎶᏁᏛ ᎨᏒ ᏅᏗᎦᎵᏍᏙᏗᏍᎨᏍᏗ. ᎡᎺᏅ.

== II Corinthians 1 ==
1. ᏉᎳ, ᏥᏌ ᎦᎶᏁᏛ ᎠᎩᏅᏏᏛ ᎾᏍᎩᏯ ᎤᏁᎳᏅᎯ ᎤᏓᏅᏖᎸᎢ, ᎠᎴ ᏗᎹᏗ ᎢᎩᏅᏟ, ᏫᏨᏲᏪᎳᏏ ᏗᏣᏁᎶᏗ ᎢᏣᏓᏡᎬ ᎤᏁᎳᏅᎯ ᎤᏤᎵᎦ ᎪᎵᏂᏗᏱ ᏥᏣᏓᏡᎬ, ᎠᎴ ᏂᎦᏛ ᎢᏣᏓᏅᏘ ᏂᎬᎾᏛ ᎠᎦᏯ ᎢᏤᎲᎢ;
2. ᎬᏩᎦᏘᏯ ᎤᏓᏙᎵᏍᏗ ᎨᏒ ᎠᎴ ᏅᏩᏙᎯᏯᏛ ᎢᏤᎳᏗᏙᎮᏍᏗ ᏅᏓᏳᎾᎵᏍᎪᎸᏔᏅᎯ ᎤᏁᎳᏅᎯ ᎢᎩᏙᏓ, ᎠᎴ ᎤᎬᏫᏳᎯ ᏥᏌ ᎦᎶᏁᏛ.
3. ᎦᎸᏉᏙᏗ ᎨᏎᏍᏗ ᎤᏁᎳᏅᎯ, ᎾᏍᎩ ᎤᏙᏓ ᎤᎬᏫᏳᎯ ᎢᎦᏤᎵ ᏥᏌ ᎦᎶᏁᏛ, ᎤᏓᏙᎵᏣᏘ ᎠᎦᏴᎵᎨᎢ, ᎾᏍᎩ ᎤᏁᎳᏅᎯ ᏂᎦᎥ ᎠᏓᎦᎵᏍᏓᏗᏍᎩ;
4. ᎾᏍᎩ ᎣᎩᎦᎵᏍᏓᏗᏍᎩ ᏥᎩ ᏂᎦᎥ ᏧᏓᎴᏅᏛ ᎣᏥᎩᎵᏲᎬᎢ, ᎾᏍᎩ ᎢᏳᏩᏂᏐᏗᏱ ᏰᎵ ᏗᎦᏲᏥᎦᎵᏍᏓᏗᏍᏗ ᎠᏂᎩᎵᏲᎩ, ᎦᏲᎬᏙᏗ ᎾᏍᎩ ᎠᏓᎦᎵᏍᏓᏗᏍᎩ ᎣᎬᏒ ᎣᎩᎦᎵᏍᏓᏗᏍᏗᏍᎬ ᎤᏁᎳᏅᎯ.
5. ᎾᏍᎩᏯᏰᏃ ᎦᎶᏁᏛ ᎤᎩᎵᏲᏨ ᎤᏣᏘ ᏦᏥᎩᎵᏲᎦ, ᎾᏍᎩᏯ ᎾᏍᏉ ᎤᏣᏔ ᎣᎩᏁᎭ ᎠᏓᎦᎵᏍᏓᏗᏍᎩ ᎦᎶᏁᏛ ᎨᏒ ᏅᏓᏳᏓᎴᏅᎯ.
6. ᎢᏳ ᎠᎴ ᎾᏍᏉ ᏲᏥᎩᎵᏲᎦ, ᎢᏥᎦᎵᏍᏓᏗᏍᏗ ᎠᎴ ᎢᏣᎵᏍᏕᎸᏙᏗ ᎤᎬᏩᎳ, ᎾᏍᎩ ᏥᏥᏩᏛᎡᎭ ᏗᏨᏂᏗᏳ ᎢᏥᎩᎵᏲᎢᏍᏗᏱ ᎠᏴ ᎣᏥᎩᎵᏲᎬ ᎤᏠᏱ; ᎢᏳ ᎠᎴ ᎤᎦᎵᏍᏗ ᏲᎦᏓᏅᏔ, ᎢᏥᎦᎵᏍᏓᏗᏍᏗ ᎠᎴ ᎢᏣᎵᏍᏕᎸᏙᏗ ᎤᎬᏩᎳ.
7. ᎠᎴ ᎤᏚᎩ ᎢᏨᏴᏒ ᎤᎵᏂᎩᏗᏳ, ᏅᏗᎦᎵᏍᏙᏗᎭ ᏦᏥᎦᏔᎭ, ᎾᏍᎩ ᎢᏣᏠᏯᏍᏗᏍᎬ ᎠᎩᎵᏲᎢᏍᏗ ᎨᏒᎢ, ᎾᏍᎩᏯ ᎾᏍᏉ ᎢᏣᏠᏯᏍᏙᏗ ᎨᏎᏍᏗ ᎤᎦᎵᏍᏗ ᎨᏒᎢ.
8. ᎥᏝᏰᏃ ᏲᎦᏚᎵᎭ, ᎢᏓᎵᏅᎵ, ᏂᏥᎦᏔᎲᎾᏉ ᎢᏳᎵᏍᏙᏗᏱ ᎾᏍᎩ ᎤᏕᏯᏙᏗ ᎣᎩᎷᏤᎸ ᎡᏏᏱ, ᎾᏍᎩ ᎤᎶᏒᏍᏔᏅᎯ ᎦᎨᏛ ᎣᎩᎷᏤᎸᎢ, ᎤᎶᏒᏍᏔᏅᎯ ᏂᏙᎦᎵᏂᎬᎬᎢ, ᎾᏍᎩᏃ ᏅᏓᎦᎵᏍᏙᏗᏍᎬᎩ ᎣᎦᎸᏲᎵᎸᎩ ᏦᎦᏛᏂᏗᏍᏗᏱ;
9. ᎠᏎᏃ ᎣᎩᎲᎩ ᏦᎩᏲᎱᎯᏍᏗᏱ ᏚᏚᎪᏔᏅᎢ, ᎾᏍᎩ ᏱᎬᏒᏉ ᎣᎦᏓᎵᏍᎦᏍᏙᏗᏱ ᏂᎨᏒᎾ, ᎤᏁᎳᏅᎯᏍᎩᏂ ᎣᏣᎵᏍᎦᏍᏙᏗᏱ, ᎾᏍᎩ Ꮎ ᏧᏂᏲᎱᏒᎯ ᏗᎴᎯᏐᏗᏍᎩ;
10. ᎾᏍᎩ Ꮎ ᎣᎫᏓᎴᏛ ᎾᏍᎩ ᎢᏳᎾᏰᎯᏍᏗ ᎠᏲᎱᎯᏍᏗ ᎨᏒᎢ, ᎠᎴ ᎾᏍᎩ Ꮎ ᎠᏏ ᏦᎫᏓᎴᎭ; ᎾᏍᎩ ᎤᏚᎩ ᏦᏨᎾᏁᎭ ᎠᏏᏉ ᎣᎫᏓᎴᏍᏗᏱ;
11. ᏂᎯ ᎾᏍᏉ ᏍᎩᏍᏕᎵᏍᎬ ᎢᏣᏓᏙᎵᏍᏗᏍᎬ ᎣᎩᏍᏕᎸᏗᏱ, ᎾᏍᎩ ᎣᎩᏙᎵᏨ ᎤᏂᏣᏘ ᎢᏳᏅᏂᏌᏛ ᏅᏓᏳᎵᏍᏙᏗᏱ ᎤᏂᏣᏘ ᎤᎾᎵᎮᎵᏤᏗᏱ [ᎤᏁᎳᏅᎯ] ᎠᏴ ᎨᏒ ᎢᏳᏍᏗ.
12. ᎯᎠᏰᏃ ᏅᏗᎦᎵᏍᏙᏗᎭ ᏦᏣᎵᎮᎵᎦ, ᎾᏍᎩ ᏦᎦᏓᏅᏙᎩ ᎪᎯᏳᏗᏍᎬᎢ, ᏃᏨᏗᏍᎬᎾ ᎤᏇᏓᎵᏉ ᎤᎬᏩᎵ ᎠᎦᏙᎥᎯᏍᏗ ᎨᏒᎢ, ᎤᏁᎳᏅᎯᏍᎩᏂ ᎬᏩᎦᏘᏯ ᎤᏓᏙᎵᏍᏗ ᎨᏒ ᎣᎩᏍᏕᎵᏍᎬᎢ, ᏄᏠᎾᏍᏛᎾ ᎨᏒ ᎣᏨᏗᏍᎬ ᎣᎨᏙᎸ ᎠᏂ ᎡᎶᎯ ᎨᏒᎢ; ᎠᎴ Ꮀ ᎤᎬᏫᏳᎭ ᏂᎯ ᎢᏤᎲᎢ.
13. ᎥᏝᏰᏃ ᏅᏩᏓᎴ ᎪᎱᏍᏗ ᏱᏨᏲᏪᎳᏁᎭ, ᎾᏍᎩ Ꮎ ᎤᏩᏒ ᏥᏥᎦᏔᎭ ᎠᎴ ᎾᏍᏉ ᏥᏕᏣᏓᏂᎸᏨ; ᎠᎴ ᎤᏚᎩ ᎠᏋᎭ ᎬᎵᏍᏆᏗᏍᎩ ᏗᏣᏓᏂᎸᎢᏍᏗᏱ ᎨᏒᎢ;
14. ᎾᏍᎩᏯ ᎾᏍᏉ ᏰᎵᎦᎾᎨ ᏗᏍᎩᏯᏓᏂᎸᏨᎯ ᏥᎩ, ᎾᏍᎩ ᎠᏴ ᎨᏒ ᎢᏨᏯᎵᎡᎵᏍᏗᏍᎬᎢ, ᎾᏍᎩᏯ ᏍᎩᏯᎵᎡᎵᏍᏙᏗ ᏥᎩ, ᎾᎯᏳ ᎤᎬᏫᏳᎯ ᏥᏌ ᎤᏤᎵ ᎢᎦ ᎨᏎᏍᏗ.
15. ᎾᏍᎩᏃ ᎯᎠ ᏄᏍᏛ ᎠᏉᎯᏳᏒ ᎠᏆᏓᏅᏖᎸᎩ ᎪᎯ ᎨᏒ ᎠᏏ ᎾᏍᏆᎵᏍᎬᎾ ᏫᏨᎷᏤᏗᏱ, ᎾᏍᎩ ᎢᏳᏩᏂᏐᏗᏱ ᏔᎵᏁ ᎣᏍᏛ ᎢᏣᏓᏅᏓᏗᏍᏗᏱ;
16. ᎠᎴ ᏫᏨᎶᎢᏍᏓᏁᏗᏱ ᎹᏏᏙᏂ ᏩᎩᎷᎯᏍᏗᏱ, ᎠᎴ ᎹᏏᏙᏂ ᏗᎦᏂᎩᏒ ᏔᎵᏁ ᏅᏓᏨᎷᏤᏗᏱ, ᎠᎴ ᏧᏗᏱ ᏫᏥᎦᏛ ᏍᎩᏯᏘᏅᏍᏗᏱ.
17. ᎾᏍᎩᏃ ᏥᏄᏍᏛ ᏣᏆᏓᏅᏖᎸᎩ, ᏅᎵᏌᎵᏉᏍᎪ ᎠᎩᏰᎸᎯ ᎨᏎᎢ? ᎠᎴ ᎪᎱᏍᏗ ᎦᏓᏅᏛᎵ, ᏥᎪ ᎤᏇᏓᎵ ᎤᏓᏅᏖᏗ ᎦᏓᏖᏍᎪᎢ, ᎾᏍᎩᏃ ᎠᏴ ᏥᏁᎬ ᎯᎠᏉ ᏱᏄᏍᏗ, ᎥᎥ, ᎥᎥ, ᎠᎴ ᎥᏝ, ᎥᏝ?
18. ᎤᏁᎳᏅᎯᏍᎩᏂ ᏄᏓᎵᏓᏍᏛᎾ ᏥᎩ, ᎾᏍᎩ [ᏄᏙᎯᏳᎭ] ᎠᏴ ᎢᏨᏁᏤᎲ ᎥᎥ ᎠᎴ ᎥᏝ ᏂᎨᏒᎾ ᎨᏒᎢ.
19. ᎤᏁᎳᏅᎯᏰᏃ ᎤᏪᏥ ᏥᏌ ᎦᎶᏁᏛ, ᎾᏍᎩ ᎢᏤᎲ ᎢᏨᏯᎵᏥᏙᏁᎸᎯ ᏥᎩ, ᎾᏍᎩ ᎠᏴ, ᎠᎴ ᏏᎵᏪᎾ, ᎠᎴ ᏗᎹᏗ ᎢᏨᏯᎵᏥᏙᏁᎸᎯ ᏥᎩ, ᎥᎥ ᎠᎴ ᎥᏝ ᎤᏛᏗᏱ ᎥᏝ ᏲᎦᏛᏁᎢ, ᎥᎥᏍᎩᏂ ᎤᏩᏒ ᎤᏛᏗᏱ ᎬᏂᎨᏒ ᏃᎬᏁᎸᎩ.
20. ᎾᎦᏛᏰᏃ ᎤᏚᎢᏍᏔᏅᎢ ᎤᏁᎳᏅᎯ ᎾᏍᎩ Ꮎ ᎢᏳᏩᏂᏌᏛ, ᎥᎥ ᎬᏛᏗ, ᎠᎴ ᎤᏙᎯᏳᎯᏯ ᎨᏐ ᎾᏍᎩ ᎢᏳᏩᏂᏌᏛ, ᎾᏍᎩ ᎤᏁᎳᏅᎯ ᎠᏥᎸᏉᏙᏗᏱ ᎠᏴ ᎢᏲᎬᏁᏗᏱ.
21. ᎾᏍᎩᏃ ᎠᏴ ᎠᎴ ᏂᎯ ᎢᏧᎳᎭ ᏗᎦᎵᏂᎪᎯᏍᏗᏍᎩ ᎦᎶᏁᏛ ᎡᏓᏤᎵᎦ ᎨᏒᎢ, ᎠᎴ ᎢᎩᎶᏁᎥᎯ, ᎾᏍᎩ Ꮎ ᎤᏁᎳᏅᎯ;
22. ᎾᏍᎩ Ꮎ ᎾᏍᏉ ᎢᎩᏰᎸᏔᏅᎯ ᏥᎩ, ᎠᎴ ᎢᎩᏁᎸᎯ ᏥᎩ ᏗᎩᎾᏫᏱ ᎠᏓᏅᏙ ᎠᎦᏘᏗᏍᏙᏗ ᎨᏒᎢ.
23. ᎠᎴ ᎤᏁᎳᏅᎯ ᏥᏔᏲᏎᎭ ᎠᎦᏔᎯ ᎢᏳᎵᏍᏙᏗᏱ ᎠᏆᏓᏅᏙ ᎤᏬᎯᏳᏓᏁᏗᏱ, ᎾᏍᎩ ᎢᏨᎨᏳᎥᏍᎬ ᏅᏗᎦᎵᏍᏙᏗᏍᎬ ᎠᏏ ᎪᎵᏂᏗᏱ ᏫᏂᏥᎷᎬᎾ ᏥᎩ;
24. ᎥᏝ ᎠᏗᎾ ᎢᏨᏯᏓᏅᏖᎮᎯ ᎨᏒ ᎢᏦᎯᏳᏒᎢ, ᎣᏥᏍᏕᎵᏍᎩᏉᏍᎩᏂ ᎨᏒ ᎢᏣᎵᎮᎵᎬᎢ; ᎢᏦᎯᏳᏒᏰᏃ ᏂᎦᎵᏍᏙᏗ ᎠᏏ ᏥᏕᏥᏙᎦ.

== II Corinthians 2 ==
1. ᎠᏎᏃ ᎯᎠ ᏄᏍᏛᎩ ᎠᏋᏒ ᎨᏒ ᏓᏊᎪᏔᏅᎩ, ᎾᏍᎩ ᏔᎵᏁ ᏫᏨᎷᏤᏗᏱ ᏂᎨᏒᎾ ᎤᏲ ᎬᏆᏓᏅᏘ.
2. ᎢᏳᏰᏃ ᎤᏲ ᏱᏨᏯᏓᏅᏓᏗᏍᏔᏅ, ᎦᎪ ᎣᏍᏛ ᏯᏆᏓᏅᏓᏗᏍᏓ, ᎾᏍᎩᏉ Ꮎ ᎤᏩᏒ ᎤᏲ ᏥᏯᏓᏅᏓᏗᏍᏔᏅᎯ?
3. ᎠᎴ ᎾᏍᎩ ᏥᏄᏍᏛ ᏥᏫᏨᏲᏪᎳᏁᎸᎩ, ᏞᏍᏗᏉ ᎾᎿᎭᏫᏥᎷᏨᎭ, ᎤᏲ ᏱᎬᏆᏓᏅᏓᏗᏍᏔᏁᏍᏗ ᎾᏍᎩ Ꮎ ᎤᎵᎮᎵᏍᏗ ᎬᏆᏓᏅᏓᏗᏍᏙᏗ ᏥᎩ, ᎠᏇᎵᏒᎩ; ᏂᏥᎥᏉ ᎢᏨᏲᎢᏳᎭ ᎾᏍᎩ ᏄᏍᏛ ᎠᏆᎵᎮᎵᏍᏗᏍᎬ ᎾᏍᏉ ᎾᏍᎩ ᏂᎯ ᏂᏥᎥ ᎢᏣᎵᎮᎵᏍᏗᏍᎬᎢ.
4. ᎤᏣᏘᏰᏃ ᎠᎩᎵᏯ ᎨᏒ, ᎠᎴ ᎡᎯᏍᏗ ᎠᏆᏓᏅᏔᏩᏕᎬ ᏫᏨᏲᏪᎳᏁᎸᎩ ᎤᏣᏘ ᏗᎦᏥᎦᏌᏬᎢᎯ ᎨᏒᎢ; ᎥᏝ ᎠᏗᎾ ᎤᏲ ᎤᎾᏓᏅᏓᏗᏍᏙᏗ ᎨᏎᏍᏗ ᏯᏇᎵᏎᎢ, ᎢᏥᎦᏙᎥᎯᏍᏗᏱᏉᏍᎩᏂ ᎾᏍᎩ ᎤᏣᏔᏅᎯ ᎢᏨᎨᏳᎢᏳ ᎨᏒᎢ.
5. ᎢᏳᏍᎩᏂᏃᏅ ᎩᎶ ᎡᎯᏍᏗ ᏧᏓᏅᏓᏗᏍᏔᏅᎯ ᎨᏎᏍᏗ, ᎥᏝ ᎠᏴᏉ ᎡᎯᏍᏗ ᏯᏆᏓᏅᏓᏗᏍᏔᏅ; ᏂᎯᏍᎩᏂ ᏂᏥᎥ ᏰᎵ ᎡᎯᏍᏗ ᎢᏣᏓᏅᏓᏗᏍᏔᏅ; ᎾᏍᎩ ᏥᎶᏒᏍᏓᏁᏗᏱ ᏂᎨᏒᎾ ᏥᎳᏫᏎᎲᎢ.
6. ᎠᎵᏉ ᎾᏍᎩ ᎢᏳᏍᏗ [ᎠᏍᎦᏯ] ᏅᏍᏛᏛᎢ ᎾᏍᎩ ᎤᏂᏣᏘ ᏥᎬᏩᏍᏛᏗᏍᏔᏅ.
7. ᎾᏍᎩᏃ ᎪᎯ ᎨᏒ ᏰᏥᏙᎵᏨᏉ, ᎠᎴ ᏰᏥᎦᎵᏍᏓᏛ, ᏱᏅᏎᎦᎩ ᎾᏍᎩ ᎤᏣᏘ ᎤᏲ ᎤᏰᎸᏒ ᏳᏃᏴᏘᏍᏓ.
8. ᎾᏍᎩ ᎢᏳᏍᏗ ᎢᏨᏔᏲᏎᎭ ᎡᏥᏍᏓᏱᏕᏗᏱ ᎡᏥᎨᏳᎢᏳ ᎨᏒᎢ.
9. ᎾᏍᎩᏰᏃ ᎯᎠ Ꮀ ᎤᎬᏩᎸᎩ ᏥᏫᏨᏲᏪᎳᏁᎸᎩ, ᎾᏍᎩ ᎢᏨᎪᎵᏰᏍᎬᎩ, ᎾᏍᎩ ᏂᎦᎥ ᏧᏓᎴᏅᏛ ᏂᏨᏪᏎᎲ ᏂᏣᏛᏁᎲ ᎠᎴ ᏂᏣᏛᏁᎲᎾ ᎨᏒᎢ.
10. ᎩᎶ ᏰᏥᎥᎡᎸ ᎪᎱᏍᏗ ᎤᏍᎦᏅᏨ, ᎠᏴ ᎾᏍᏉ ᏥᎥᎡᎭ; ᎢᏳᏰᏃ ᎠᏴ ᎪᎱᏍᏗ ᎠᏍᎦᏅᏨᎢ ᏱᏥᎥᏍᎦ, ᎾᏍᎩ ᏥᎥᎡᎸᎯ ᏂᎯ ᎨᏒ ᏅᏓᏳᎵᏍᏙᏔᏅᎩ ᏥᎥᎡᎸᎩ ᎦᎶᏁᏛ ᎠᎦᏔᎲᎢ;
11. ᎾᏍᎩ ᎠᏍᎩᎾ ᎢᎩᎶᏄᎮᏗᏱ ᏂᎨᏒᎾ; ᎥᏝᏰᏃ ᏱᎩᎪᏁᎸ ᎾᏍᎩ ᎠᏓᏅᏖᎵᏙᎲᎢ.
12. ᎠᎴᏬ ᏠᎠᏏ ᏗᎩᎷᏨ ᎣᏍᏛ ᎧᏃᎮᏛ ᎦᎶᏁᏛ ᎤᏤᎵ ᎠᏆᎵᏥᏙᏂᎸ, ᎠᎴ ᎦᎶᎯᏍᏗᏱ ᎠᎩᏍᏚᎩᎡᎸ ᎤᎬᏫᏳᎯ,
13. ᎥᏝ ᏙᎯ ᎬᏆᏓᏅᏓᏗᏍᏗ ᏱᎨᏎ ᏗᏆᏓᏅᏛᎢ, ᏅᏓᎦᎵᏍᏙᏗᏍᎬᎩ ᏓᏓᏏ ᎥᎩᏅᏟ ᏂᏥᏩᏛᎲᎾ ᎨᏒᎢ; ᎥᎦᏥᏴᏕᏨᎩᏃ ᎾᎿᎭᎠᏆᏂᎩᏒᎩ ᎹᏏᏙᏂ ᏩᎩᎷᏨᎩ.
14. ᎾᏍᎩᏃ ᎠᎵᎮᎵᏤᏗ ᎨᏎᏍᏗ ᎤᏁᎳᏅᎯ ᎾᏍᎩ ᏂᎪᎯᎸ ᎢᎦᎵᎮᎵᏍᏗᏱ ᏥᏂᎬᏁᎭ ᎢᎦᏓᎵᏁᎯᏛ ᎤᎬᏩᎵ ᎦᎶᏁᏛ ᎡᏓᎵᏍᎦᏍᏙᏛᎢ, ᎠᎴ ᎬᏂᎨᏒ ᏥᏂᎬᏁᎭ ᎦᏩᏒᎬ ᎤᏩᏒ ᎠᏥᎦᏙᎥᎯᏍᏗ ᎨᏒ ᎠᏴ ᎢᎬᏗᏍᎬ ᏂᎦᎥ ᏕᎨᏌᏗᏒᎢ.
15. ᎠᏴᏰᏃ ᎤᎦᎾᏍᏛ ᎦᏩᏒᎩ ᎤᏁᎳᏅᎯ ᎤᏪᏩᏒᎢᏍᏗ ᏃᏣᎵᏍᏗᎭ ᎦᎶᏁᏛ ᎤᏤᎵᎦ, ᎾᏍᎩ ᎨᏥᏍᏕᎸᏗ ᏥᎩ, ᎠᎴ ᎾᏍᎩ ᏧᏂᏲᎱᎯᏍᏗ ᏥᎩ.
16. ᎾᏍᎩ ᏑᎾᏓᎴᎩ ᎨᏒ ᎠᏓᎯᎯ ᎦᏩᏒᎩ ᎾᏍᎩ ᎤᏂᎯᎯ ᏂᏙᏣᎵᏍᏓᏁᎭ; ᎠᏂᏐᎢᏃ ᎠᏓᏛᏂᏗᏍᎩ ᎦᏩᏒᎩ ᎾᏍᎩ ᎤᏅᏂᏗᏍᎩ ᏂᏙᏣᎵᏍᏓᏁᎭ. ᎦᎪᏃ ᏰᎵ ᎦᏰᎦᎨᏅᏗᏍᏗ ᎯᎠ ᎾᏍᎩ ᏗᎦᎸᏫᏍᏓᏁᏗ ᎨᏒᎢ.
17. ᎥᏣᏰᏃ ᏧᏂᏣᏔᏉ ᏥᏄᎾᏍᏗ ᏱᏃᎦᏍᏗ, ᎾᏍᎩ ᎠᏂᏲᏍᏗᏍᎩ ᎧᏃᎮᏛ ᎤᏁᎳᏅᎯ ᎤᏤᎵᎦ; ᏃᎦᏠᎾᏍᏛᎾᏍᎩᏂ ᎨᏒ ᏦᏨᏗᏍᎪᎢ, ᎤᏁᎳᏅᎯᏍᎩᏂ ᏥᏂᎬᏂᏏᏍᎪ ᎾᏍᎩᏯᎢ, ᎤᏁᎳᏅᎯ ᎠᎦᏔᎲ ᎣᏥᏁᎢᏍᏗ ᎦᎶᏁᏛ.

== II Corinthians 3 ==
1. ᏥᎪ ᏔᎵᏁ ᎣᏣᎴᏂ ᎣᎬᏒ ᎣᏣᏓᎸᏉᏗᎭ? ᏥᎪᎨ ᎠᏎ ᏫᏗᏨᏃᎮᏗ ᏃᎦᎵᏍᏓᏁᎭ, ᎪᏪᎵ ᎣᎩᎸᏉᏗᏍᎩ ᎩᎶ ᏥᏄᎾᎵᏍᏓᏁᎰᎢ, ᎠᎴ ᏂᎯ ᏗᏍᎩᏅᏁᎸᎯ ᏍᎩᎸᏉᏗᏍᎩ?
2. ᏂᎯ ᎪᏪᎵ ᎣᎦᏤᎵᎦ, ᏥᎪᏪᎳ ᏦᎩᎾᏫᎯ, ᎾᏂᎥ ᏴᏫ ᏣᏂᎦᏔᎭ ᎠᎴ ᏣᏂᎪᎵᏰᎠ.
3. ᎬᏂᎨᏒᎢᏳ ᎢᏰᏨᏁᎸᎯ ᏂᎯ ᎦᎶᏁᏛ ᎤᏤᎵ ᎪᏪᎵ ᎨᏒᎢ, ᎠᏴ ᏦᎩᎸᏫᏍᏓᏁᎸᎯ, ᎪᏪᎳᏅᎯ ᎪᏪᎶᏗ ᎬᏔᏅᎯ ᏂᎨᏒᎾ, ᎠᏓᏅᏙᏍᎩᏂ ᎤᏁᎳᏅᎯ ᎬᏂᏛ ᎤᏤᎵ ᎬᏔᏅᎯ; ᎥᏝ ᏅᏲᎯ ᏗᎪᏪᎶᏗᏱ ᏗᎪᏪᎳᏅᎯ ᏱᎩ, ᎤᏇᏓᎵᏍᎩᏂ ᎨᏒ ᏗᎪᏪᎶᏗᏱ ᎣᎾᏫᏱ.
4. ᎾᏍᎩᏃ ᏄᏍᏗ ᏱᏣᎵᏍᎦᏍᏙᏛ ᎤᏁᎳᏅᎯ ᎦᎶᏁᏛ ᎢᏳᏩᏂᏌᏛ.
5. ᎥᏝᏍᎩᏂᏃᏅ ᎣᎬᏒ ᎨᏒ ᏰᎵ ᎦᏲᎦᏓᏅᏖᏗ ᏱᎩ ᎪᎱᏍᏗ ᎣᎬᏒᏉ ᎨᏒ ᏅᏛᏓᎴᎲᏍᎩ, ᏰᎵᏉᏍᎩᏂ ᎢᎦᏲᎦᏛᏁᏗ ᎨᏒ ᎤᏁᎳᏅᎯᏱ ᏗᏓᎴᎲᏍᎦ.
6. ᎾᏍᎩ ᎾᏍᏉ ᏰᎵ ᎢᎦᏲᎦᏛᏁᏗ ᏥᏃᎬᏁᎸ ᏦᎩᎸᏫᏍᏓᏁᏗᏱ ᎾᎿᎭᎢᏤ ᎧᏃᎮᏛ ᏓᏠᎯᏍᏛᎢ; ᎥᏝ ᎠᏗᎾ ᏄᏍᏛ ᎪᏪᎸᎢ, ᎠᏓᏅᏙᏍᎩᏂ ᏓᏕᏲᎲᏍᎬᎢ; ᏄᏍᏛᏰᏃ ᎪᏪᎸ ᎠᏓᎯᎰᏉ, ᎠᏓᏅᏙᏍᎩᏂ ᎠᏓᏛᏂᏗᏍᎪᎢ.
7. ᎢᏳᏃ ᏗᎦᎸᏫᏍᏓᏁᏗ ᎠᏓᎯᎯ ᎨᏒ ᎤᎬᏩᎵ ᏥᎪᏪᎴ ᏣᏰᎶᎴ ᏅᏲᎯ ᎦᎸᏉᏗᏳ ᏥᎨᏎᎢ, ᎾᏍᎩ ᎢᏏᎵ ᏧᏪᏥ ᎪᎯᏛ ᏗᎬᏩᎾᎧᏃᏗ ᏂᎨᏒᎾ ᏥᎨᏎ ᎼᏏ ᎤᎧᏛᎢ, ᏥᏅᏗᎦᎵᏍᏙᏗᏍᎨ ᏗᎬᏩᎸᏌᏛ ᎨᏒ ᎤᎧᏛᎢ; ᎾᏍᎩ ᎠᎲᏍᏗᏉ ᏥᎨᏎᎢ;
8. ᏝᏍᎪ Ꮀ ᏳᎬᏫᏳᏎᏍᏗ ᎦᎸᏉᏗᏳ ᏱᎨᏎᏍᏗ ᎠᏓᏅᏙ ᎤᎬᏩᎵ ᎨᏒ ᏗᎦᎸᏫᏍᏓᏁᏗ?
9. ᎢᏳᏰᏃ ᏗᎦᎸᏫᏍᏓᏁᏗ ᏗᏓᏚᎪᏓᏁᎯ ᎨᏒ ᎦᎾᏄᏫᏍᎩ ᎦᎸᏉᏗᏳ ᏱᎩ, Ꮀ ᎤᎬᏫᏳᎭ ᎤᏓᎪᎾᏛᏗ ᎦᎸᏉᏗᏳ ᎠᏓᏚᏓᎴᏍᎩ ᎨᏒ ᏗᎦᎸᏫᏍᏓᏁᏗ.
10. ᎾᏍᎩᏰᏃ ᎾᏍᏉ ᎦᎸᏉᏗᏳ ᎢᎬᏁᎸᎯ ᏥᎨᏎ ᎥᏝ ᎰᏩ ᎦᎸᏉᏗᏳ ᏱᎨᏎᎢ, ᏅᏗᎦᎵᏍᏙᏗᏍᎨ ᎬᏩᏓᎪᎾᏛᏛ ᎦᎸᏉᏗᏳ ᎨᏒ ᏐᎢ.
11. ᎢᏳᏰᏃ ᎾᏍᎩ Ꮎ ᎠᎲᏛ ᏥᎩ ᎦᎸᏉᏗᏳ ᏱᎨᏎᎢ, ᎤᏟᎯᏳ ᏭᏓᎪᎾᏛᏗ ᎦᎸᏉᏗᏳ ᎾᏍᎩ Ꮎ ᏥᏅᏩᏍᏗᏉ.
12. ᎾᏍᎩᏃ Ꮎ ᏥᏄᏍᏗ ᎤᏚᎩ ᏦᎬᎭ, ᎤᏣᏘ ᎠᎯᏗᏳ ᎦᎪᎵᏍᏗ ᎣᏥᏬᏂᎭ;
13. ᎢᏝᏃ ᎼᏏ ᏥᏄᏛᏁᎴ [ᏱᏃᏣᏛᏁᎭ] ᏧᎵᎬᏚᎳᏁ ᎾᏍᎩ ᎢᏏᎵ ᏧᏪᏥ ᏫᏗᎬᏩᎾᎧᏃᏗ ᏂᎨᏒᎾ ᎢᏳᎵᏍᏙᏗᏱ ᏩᏍᏛ ᎾᏍᎩ Ꮎ ᎠᎲᏛ ᏥᎩ.
14. ᏚᎾᏓᏅᏛᏍᎩᏂ ᏧᏍᎦᏃᎵᏳ ᎨᏎᎢ; ᎪᎯᏰᏃ ᎢᏯᏍᏗ ᏅᏩᏍᏗᏉ ᎾᏍᎩ Ꮎ ᎠᎵᎬᏚᎶ ᎠᎲᏛ ᏂᎨᏒᎾ ᎢᏳᏃ ᏓᏂᎪᎵᏯ ᎤᏪᏘ ᎧᏃᎮᏛ ᏓᏠᎯᏍᏛ ᎪᏪᎸᎢ; ᎦᎶᏁᏛᏰᏃ ᏂᎬᏂᏏᏍᎪ ᎠᎲᏛ ᏂᎨᏐᎢ.
15. ᎩᎳᎯᏳᏉᏍᎩᏂ ᎪᎯ ᎢᎦ ᎢᏯᏍᏗ ᎢᏳᏃ ᎼᏏ ᏓᏥᎪᎵᏯ ᎠᎵᎬᏚᎶ ᏧᏂᎾᏫ ᏚᏭᏢᏙᎢ.
16. ᎠᏎᏍᎩᏂᏃᏅ, ᎤᎬᏫᏳᎯᏱ ᏫᏓᎦᏔᎲᏍᏔᏅᎭ, ᎾᏍᎩ Ꮎ ᎠᎵᎬᏚᎶ ᎢᏴᏛ ᎢᎬᏁᏗ ᏅᏓᎦᎵᏍᏔᏂ.
17. ᎠᎴ ᎤᎬᏫᏳᎯ ᎾᏍᎩ Ꮎ ᎠᏓᏅᏙ; ᎢᎸᎯᏢᏃ ᏄᏛᎿᎭᏕᎬ ᎤᎬᏫᏳᎯ ᎤᏤᎵ ᎠᏓᏅᏙ, ᎾᎿᎭᎡᎭ ᎣᏩᏒ ᎣᏓᏤᎵᎦᏯ ᎨᏒᎢ.
18. ᎠᏴᏍᎩᏂ ᏂᏗᎥ ᏂᏗᎦᎵᎬᏚᎸᎾ ᎠᏓᎨᏗᏱ ᎾᏍᎩᏯ ᏕᏓᎧᏂᏍᎬ ᎦᎸᏉᏗᏳ ᎨᏒ ᎤᎬᏫᏳᎯ ᎤᏤᎵᎦ, ᎢᏓᏓᏁᏟᏴᎭ ᎾᏍᎩᏯ ᏄᏍᏛ ᏂᏓᎵᏍᏗᎭ, ᎦᎸᏉᏗᏳ ᎨᏒ ᎢᎩᎲ ᎧᏁᏉᏤᎦ, ᎤᎬᏫᏳᎯ ᎤᏓᏅᏙ ᎢᏳᏩᏂᏌᏛ ᎾᏍᎩᏯᎢ.

== II Corinthians 4 ==
1. ᎾᏍᎩ ᎢᏳᏍᏗ, ᎾᏍᎩ ᎯᎠ ᏗᎦᎸᏫᏍᏓᏁᏗ ᏦᎩᎭ, ᎾᏍᎩᏯ ᎣᎩᏙᎵᏨᎢ, ᎥᏝ ᏱᏙᎩᏯᏪᎦ;
2. ᏙᎩᏲᏒᏍᎩᏂ ᏧᏓᎴᏅᏛ ᎬᏍᎦᎵ ᎤᏕᎰᎯᏍᏗ ᎨᏒᎢ, ᎠᎴ ᎥᏝ ᏲᏤᏙᎭ ᎠᏏᎾᏌᏅᎢᏍᏗ ᎨᏒᎢ, ᎥᏝ ᎠᎴ ᎣᎦᏠᎾᏍᏛ ᏱᏙᎩᎸᏫᏍᏓᏁᎭ ᎧᏃᎮᏛ ᎨᏒ ᎤᏁᎳᏅᎯ ᎤᏤᎵᎦ, ᎬᏂᎨᏒᏍᎩᏂ ᏃᏨᏁᎲ ᎦᏰᎪᎩ ᏂᎨᏒᎾ ᎨᏒᎢ, ᎪᎩᎸᏉᏙᏗᏱ ᏃᏨᏁᎭ ᎾᏂᎥ ᏴᏫ ᏚᎾᏓᏅᏛ ᎬᏗ ᎤᏁᎳᏅᎯ ᎠᎦᏔᎲᎢ.
3. ᎢᏳᏍᎩᏂ ᎣᏍᏛ ᎧᏃᎮᏛ ᎣᎦᏤᎵ ᎾᏍᏉ ᎬᏍᎦᎵ ᎢᎨᏎᏍᏗ, ᎾᏍᎩ Ꮎ ᎨᏥᏛᏙᏗ ᎨᏒ ᎨᎬᏍᎦᎳᏁᎸ.
4. ᎾᏍᎩ Ꮎ ᎾᏃᎯᏳᎲᏍᎬᎾ ᎾᏍᎩ ᎯᎠ ᎡᎶᎯ ᎤᏁᎳᏅᎯ ᎤᏰᎸᎯ ᏚᎵᏏᎲᏍᏓᏁᎸ ᏚᎾᏓᏅᏛᎢ, ᎾᏍᎩ ᏧᏂᎸᏌᏓᏕᏗᏱ ᏂᎨᏒᎾ ᎢᎦ-ᎦᏛ ᎤᏘᏍᏛ ᎦᎸᏉᏗᏳ ᎣᏍᏛ ᎧᏃᎮᏛ ᎦᎶᏁᏛ ᎤᏤᎵᎦ, ᎾᏍᎩ ᎤᏁᎳᏅᎯ ᎾᏍᎩᏯ ᏥᎩ.
5. ᎥᏝᏰᏃ ᎣᎬᏒ ᏲᏣᏓᏃᎮᎭ ᎣᏣᎵᏥᏙᎲᏍᎬᎢ, ᎦᎶᏁᏛᏍᎩᏂ ᏥᏌ ᎤᎬᏫᏳᎯ; ᎠᏴᏃ ᏂᎯ ᎣᎩᏅᏏᏓᏍᏗ ᎨᏒ ᎾᏍᎩ ᏥᏌ ᏅᏗᎦᎵᏍᏙᏗᏍᎬᎢ.
6. ᎤᏁᎳᏅᎯᏰᏃ ᎾᏍᎩ Ꮎ ᏧᏁᏤ ᎢᎦᎦᏘ ᎤᎵᏏᎬ ᏧᎸᏌᏓᏗᏍᏗᏱ, ᏚᎸᏌᏓᏗᎸ ᏦᎩᎾᏫᏱ, ᎾᏍᎩ ᎣᎩᏁᏗᏱ ᎢᎦ-ᎦᏘ ᎠᎦᏙᎥᎯᏍᏙᏗ ᎦᎸᏉᏗᏳ ᎨᏒ ᎤᏁᎳᏅᎯ ᎤᏤᎵᎦ, ᎾᏍᎩ ᏥᏌ ᎦᎶᏁᏛ ᎤᎧᏛ ᏨᏗᏓᎴᎲᏍᎦ.
7. ᎠᏎᏃ ᎯᎠ ᎾᏍᎩ ᏧᎬᏩᎶᏗ ᎦᏓᏉ ᏗᎪᏢᏔᏅᎯ ᏕᎩᎶᏗ, ᎾᏍᎩ ᎤᏣᏘ ᎤᎵᏂᎩᏛ ᎨᏒ ᎤᏁᎳᏅᎯ ᎤᏤᎵ ᎢᏳᎵᏍᏙᏗᏱ, ᎥᏝᏃ ᎠᏴ.
8. ᎣᎦᏕᏯᏙᏗᎭ ᎬᏩᏚᏫᏛᏉ, ᎠᏎᏃ ᎥᏝ ᏲᎩᎩᎸᏍᎦ; ᎤᏪᎵᎯᏍᏗ ᎣᎦᏓᏅᏔᏩᏕᎦ, ᎠᏎᏃ ᎥᏝ ᎣᎦᎵᎲᏲᎵᎸᎯ ᏱᎩ;
9. ᎤᏲ ᏃᎬᎾᏕᎪᎢ, ᎠᏎᏃ ᎥᏝ ᎣᎬᏕᏨᎯ ᏱᎩ; ᏙᎩᏍᏢᏂᏍᏔᏅ, ᎠᏎᏃ ᎥᏝ ᎣᎩᏛᏔᏅᎯ ᏱᎩ.
10. ᏂᎪᎯᎸ ᏦᏥᏰᎸ ᎣᏥᏱᏙᎰ ᎤᏲᎱᏒ ᎤᎬᏫᏳᎯ ᏥᏌ, ᎾᏍᎩ ᎾᏍᏉ ᎬᏅ ᏥᏌ ᎬᏂᎨᏒ ᎢᏳᎵᏍᏙᏗᏱ ᎠᏴ ᏦᏥᏰᎸᎢ.
11. ᎠᏴᏰᏃ ᏦᏤᎭ ᏂᎪᎯᎸᏉ ᏦᎩᏲᎱᏏᏕᎾ ᏥᏌ ᎣᎩᏍᏛᏗᏍᎬᎢ, ᎾᏍᎩ ᎬᏅ ᎾᏍᏉ ᏥᏌ ᎬᏂᎨᏒ ᎢᏳᎵᏍᏙᏗᏱ ᎠᏴ ᎠᏲᎱᏍᎩ ᎣᎩᏇᏓᎸᎢ.
12. ᎾᏍᎩᏃ ᎠᏲᎱᎯᏍᏗ ᎨᏒ ᎣᎩᏱᎵᏙᎭ ᎠᏴ, ᏂᎯᏍᎩᏂ ᎬᏂᏛ.
13. ᎤᏠᏱᏉ ᏦᎩᎭ ᎠᏓᏅᏙ ᎪᎯᏳᏙᏗ ᎨᏒᎢ, ᎯᎠ ᎾᏍᎩᏯ ᏥᏂᎬᏅ ᏥᎪᏪᎳ, ᎠᏉᎯᏳᏅ, ᎠᎴ ᎾᏍᎩ ᎢᏳᏍᏗ ᎠᎩᏁᏨ; ᎠᏴ ᎾᏍᏉ ᎣᏦᎯᏳᎲᏍᎦ, ᎠᎴ ᎾᏍᎩ ᎢᏳᏍᏗ ᎣᏥᏁᎦ.
14. ᎣᏥᎦᏔᎭᏰᏃ ᎾᏍᎩ Ꮎ ᎤᎬᏫᏳᎯ ᏥᏌ ᏧᎴᏔᏅᎯ, ᎾᏍᏉ ᎠᏴ ᏥᏌ ᎠᎬᏗᏍᎬ ᏙᏓᏲᎦᎴᏔᏂ, ᎠᎴ ᎠᏴ ᏂᎯᏃ ᎢᏧᎳᎭ ᏫᏗᎩᏲᏏᎯᏍᏗ ᎨᏎᏍᏗ.
15. ᏂᎦᏗᏳᏰᏃ ᏧᏓᎴᏅᏛ ᏤᎭ ᏂᎯ ᏅᏗᎦᎵᏍᏙᏗᎭ; ᎾᏍᎩ ᎤᏣᏘ ᎬᏩᎦᏘᏯ ᎤᏓᏙᎵᏍᏗ ᎨᏒ ᎢᏳᏩᏂᏐᏗᏱ ᎤᏁᎳᏅᎯ ᎤᏣᏘ ᎦᎸᏉᏙᏗ ᎢᏳᎵᏍᏙᏗᏱ ᎤᏂᏣᏘ ᎠᎾᎵᎮᎵᎬᎢ.
16. ᎾᏍᎩ ᏅᏗᎦᎵᏍᏙᏗᎭ ᎥᏝ ᏱᏙᎩᏯᏪᎦ; ᎤᏙᎯᏳᎯᏍᎩᏂᏃᏅ ᎦᏚᎢᏗᏢ ᎡᎯ ᎨᏒ ᎣᎩᏩᎾᎦᎶᏤᎭ, ᎭᏫᏂᏗᏢᏍᎩᏂ ᎡᎯ ᎨᏒ ᎣᎦᎵᏂᎪᎯᏎᎭ ᏂᏓᏙᏓᏈᏒᎢ.
17. ᎤᏓᏌᎧᏰᏃ ᎣᏥᎩᎵᏲᎬ ᏞᎦᏉ ᏥᎩ ᎣᎩᏩᏛᎡᎭ ᎤᏣᏘ ᎤᎶᏒᏍᏔᏅᎯ ᎢᏳᏓᎨᏛ ᎠᎵᏍᏆᏗᏍᎩ ᏂᎨᏒᎾ ᎦᎸᏉᏗᏳ ᎨᏒᎢ;
18. ᏂᏙᏣᎧᏂᏍᎬᎾ ᎨᏒ ᎾᏍᎩ ᏗᎬᎪᏩᏛᏗ ᏥᎩ, ᎾᏍᎩᏍᎩᏂ Ꮎ ᏗᎬᎪᏩᏛᏗ ᏂᎨᏒᎾ ᏥᎩ; ᎾᏍᎩᏰᏃ ᏗᎬᎪᏩᏛᏗ ᏥᎩ ᏗᎦᎶᏐᎲᏍᎩ; ᎾᏍᎩᏍᎩᏂ Ꮎ ᏗᎬᎪᏩᏛᏗ ᏂᎨᏒᎾ ᏥᎩ ᏗᎦᎶᏐᎲᏍᎩ ᏂᎨᏒᎾ.

== II Corinthians 5 ==
1. ᎣᏥᎦᏔᎭᏰᏃ ᎾᏍᎩ ᎢᏳᏃ ᎡᎶᎯ ᎡᎯ ᎣᏥᏁᎸ ᎣᎩᎵᏦᏛ ᏳᏲᏨ, ᎣᎩᎭ ᎠᏓᏁᎸ ᎤᏁᎳᏅᎯ ᏅᏓᏳᏓᎴᏅᎯ, ᎠᏓᏁᎸ ᏧᏬᏱ ᏗᎬᏔᏅᎯ ᏂᎨᏒᎾ ᎠᏁᏍᎨᎲᎯ, ᎠᏲᎩ ᏂᎨᏒᎾ ᎦᎸᎶᎢ ᏗᏓᏁᎸ.
2. ᎠᏂᏰᏃ ᎣᏥᏯᎥ ᎣᎩᎵᏰᏗᎭ, ᎤᏣᏘ ᎣᎦᏚᎵᎭ ᎣᎦᏄᏬᏍᏙᏗᏱ ᎣᏥᏁᎸ ᎾᏍᎩ Ꮎ ᎦᎸᎶ ᏅᏓᏳᏓᎴᏅᎯ;
3. ᎢᏳᏃ ᎰᏩ ᏱᏙᎦᏄᏩᎥ, ᎥᏝ ᏦᎩᏰᎸᎭ ᏱᎦᎨᏎᏍᏗ.
4. ᎠᏴᏰᏃ ᎯᎠ ᎠᏂ ᎦᎵᏦᏛ ᏦᏥᏯᎠ ᎣᎩᎵᏰᏗᎭ, ᏂᎦᎵᏍᏙᏗᎭ ᎦᎨᏛ ᏃᎦᏛᎿᎭᏕᎬᎢ; ᎥᏝ ᏦᎩᏄᏪᏍᏗᏱ ᎣᎦᏚᎵᏍᎬ ᏱᏅᏗᎦᎵᏍᏙᏗᎭ; ᏦᎩᏄᏬᏍᏗᏱᏍᎩᏂ; ᎾᏍᎩ ᎠᏲᎱᏍᎩ ᎨᏒ ᎠᏥᎩᏍᏗᏱ ᎬᏂᏛ ᎤᎩᏐᎲᏍᏗᏱ.
5. ᎾᏍᎩᏃ Ꮎ ᎢᎪᏢᏅᎯ ᎯᎠ ᎾᏍᎩ ᎤᎬᏩᎵ ᎨᏒ ᎾᏍᎩ ᎤᏁᎳᏅᎯ, ᎾᏍᎩ ᎾᏍᏉ ᏦᎩᏁᎸ ᎠᏓᏅᏙ ᎠᎦᏗᏗᏍᏙᏗ ᎨᏒᎢ.
6. ᎾᏍᎩ ᎢᏳᏍᏗ ᏂᎪᎯᎸ ᎤᎦᎵᏍᏗ ᎣᎦᏓᏅᏔᏩᏕᎪᎢ, ᎠᎴ ᎣᏥᎦᏔᎭ ᎾᏍᎩ ᏂᎪᎯᎸ ᎣᏥᏁᎸ ᎠᏂ ᏦᏥᏰᎸᎢ, ᎤᎬᏫᏳᎯ ᎡᎲ ᎣᎩᎪᏁᎸᎢ;
7. ᎪᎯᏳᏗᏰᏃ ᎨᏒ ᎣᏨᏗᎭ ᎣᏤᏙᎲᎢ, ᎥᏝᏃ ᎠᎪᏩᏛᏗ ᎨᏒᎢ.
8. ᎠᎴ ᎤᎦᎵᏍᏗ ᎣᎦᏓᏅᏔᏩᏕᎪᎢ, ᎠᎴ ᎤᏟ ᎦᏲᎩᏰᎸᏗ ᎠᏰᎸ ᎣᎩᎪᏁᎶᎢᏍᏗᏱ, ᎠᎴ ᎤᎬᏫᏳᎯ ᎡᎲ ᏬᎦᏁᎳᏗᏍᏗᏱ.
9. ᎾᏍᎩ ᎢᏳᏍᏗ ᎣᏣᎵᏂᎬᏁᎭ, ᎾᏍᏉ ᎾᎿᎭᏱᏬᏥᏁᎳ, ᎠᎴ ᏲᎩᎪᏁᎳ, ᏦᎦᏓᏂᎸᎢᏍᏗᏱ ᎢᏳᎵᏍᏙᏗᏱ.
10. ᎠᏴᏰᏃ ᏂᏗᎥ ᎢᎬᏱᏗᏢ ᏫᎩᎾᏄᎪᎢᏍᏗ ᎨᏎᏍᏗ ᎦᎶᏁᏛ ᏧᏭᎪᏙᏗᏱ ᎦᏍᎩᎸᎢ; ᎾᏍᎩ ᏂᏗᎥ ᎢᏗᏏᏴᏫᎭ ᎡᎩᏁᏗᏱ ᏄᏍᏛ ᏕᎩᎸᏫᏍᏓᏁᎸ ᏗᏗᏰᎸ ᎬᏗ, ᎾᏍᎩᏯ ᏂᎦᏛᏁᎵᏙᎸᎢ, ᎣᏏᏳ ᏱᎾᎩ, ᎠᎴ ᎤᏲ ᏱᎾᎩ.
11. ᎾᏍᎩᏃ ᏦᏥᎦᏔᎭ ᎦᎾᏰᎢᏍᏗ ᎨᏒ ᎤᎬᏫᏳᎯ, ᏙᏥᏍᏗᏰᏗ ᏴᏫ; ᎠᎴ ᎬᏂᎨᏒ ᏃᏣᎵᏍᏗᎭ ᎤᏁᎳᏅᎯ ᎠᎦᏔᎲᎢ; ᎠᎴ ᎤᏚᎩ ᎠᏋᎭ ᎬᏂᎨᏒ ᎢᏯᏆᎵᏍᏙᏗᏱ ᎾᏍᏉ ᏂᎯ ᏕᏣᏓᏅᏛᎢ.
12. ᎥᏝᏰᏃ ᏂᎯ ᏍᎩᎸᏉᏗᏳ ᎢᏳᎵᏍᏙᏗᏱ ᏲᏥᏂᎳᏗᎭ; ᎢᏨᏁᎭᏍᎩᏂ ᏍᎩᎸᏉᏙᏗᏱ, ᎾᏍᎩ ᎪᎱᏍᏗ ᏳᏂᎭ ᏧᎾᏬᎯᎵᏴᏍᏓᏁᏗ, ᎢᏨᏰᎵᏎᎭ, ᎾᏍᎩ ᎦᏚᏉ ᎡᎯ ᎠᎾᏢᏉᏙᏗᏍᎩ ᏥᎩ, ᏙᏧᎾᏓᏅᏛᏃ ᎠᎾᏢᏉᏙᏗᏍᎩ ᏂᎨᏒᎾ.
13. ᎢᏳᏰᏃ ᏱᏙᎩᎸᏃᏗᎭ, ᎤᏁᎳᏅᎯᏉ ᏅᏗᎦᎵᏍᏙᏗᎭ; ᎢᏳ ᎠᎴ ᏙᎯ ᏱᏙᎦᏓᏅᏔ, ᏂᎯᏉ ᏅᏗᎦᎵᏍᏙᏗᎭ.
14. ᎦᎶᏁᏛᏰᏃ ᎤᏓᎨᏳᏗ ᎨᏒ ᏙᎦᏘᏁᎦ; ᎯᎠᏰᏃ ᏄᏍᏗ ᏙᏧᎪᏗᎭ, ᎾᏍᎩ, ᎢᏳᏃ ᎠᏏᏴᏫ ᎾᏂᎥ ᏱᏚᏲᎱᎯᏎᎸ, ᎿᎭᏉ ᎾᏍᎩ ᎾᏂᎥ ᏚᏂᏲᎱᏒᎩ;
15. ᎾᏍᎩᏃ ᎾᏂᎥ ᏚᏲᎱᎯᏎᎴᎢ, ᎾᏍᎩ Ꮎ ᏗᏅᏃᏛ ᏥᎩ ᎪᎯ ᎨᏒ ᎢᏳᏓᎴᏅᏛ ᎤᏅᏒᏉ ᎤᎾᏤᎵ ᎤᎬᏩᎵ ᎤᎾᎴᏂᏓᏍᏗᏱ ᏂᎨᏒᎾ, ᎾᏍᎩᏍᎩᏂ Ꮎ ᎤᏤᎵ ᎤᎬᏩᎵ ᏧᏲᎱᎯᏎᎸᎯ ᎠᎴ ᏧᎴᎯᏌᏅᎯ ᏥᎩ.
16. ᎾᏍᎩ ᎢᏳᏏᏗ ᎪᎯ ᎨᏒ ᎢᏳᏓᎴᏅᏛ ᎥᏝ ᎩᎶ ᏲᏥᎦᏔᎭ ᎾᏍᎩᏯ ᎤᏇᏓᎵ ᎠᎦᏔᎲᎢ. ᎠᎴ ᎾᏍᏉ ᎢᏳ ᎦᎶᏁᏛ ᎣᏥᎦᏙᎥᏒᎯ ᏱᎩ ᎤᏇᏓᎵ ᎠᎦᏔᎲ ᎾᏍᎩᏯᎢ, ᎠᏎᏃ ᎪᎯ ᎨᏒ ᎢᏳᏓᎴᏅᏛ ᎥᏝ ᎿᎭᏉ ᏲᏥᎦᏔᎭ.
17. ᎾᏍᎩ ᎢᏳᏏᏗ, ᎢᏳᏃ ᎩᎶ ᎦᎶᏁᏛᏱ ᎠᏯᎡᏍᏗ ᎾᏍᎩ ᎢᏤ ᎾᎬᏁᎸ; ᏧᏓᎴᏅᏛ ᎤᏪᏘ ᎨᏒ ᎤᎶᏐᏅ; ᎬᏂᏳᏉ, ᏂᎦᏗᏳ ᏧᏓᎴᏅᏛ ᎢᏤ ᏄᎵᏍᏔᏅ.
18. ᎠᎴ ᏂᎦᏗᏳ ᏧᏓᎴᏅᏛ ᎤᏁᎳᏅᎯ ᎢᏳᏩᏂᏌᏛ, ᎾᏍᎩ ᏙᎯ ᏥᏄᏩᏁᎸ ᎡᏗᏍᎦᎩ ᎨᏒ ᏥᏌ ᎦᎶᏁᏛ ᎠᎬᏗᏍᎬᎢ, ᎠᎴ ᎠᏴ ᎣᎦᏒᎦᎶᏔᏅ ᏙᎯ ᎢᎬᏁᎯ ᏗᎦᎸᏫᏍᏓᏁᏗ;
19. ᎯᎠ ᎾᏍᎩ ᎤᏁᎳᏅᎯ ᏙᎯ ᏂᎬᏁᎲᎩ ᎡᎶᎯ ᎬᏩᏍᎦᎩ ᎨᏒ ᎦᎶᏁᏛ ᎬᏗᏍᎬᎩ, ᎤᏂᏍᎦᏅᏨ ᎤᏂᏍᎦᏅᏨᎯ ᏂᏓᏰᎸᎾᏁᎲᎾ; ᎠᎴ ᎠᏴ ᎣᎦᏒᎶᏔᏅ ᎧᏃᎮᏛ ᏙᎯ ᎢᎬᏁᎯ.
20. ᎾᏍᎩᏃ ᎠᏴ ᎣᎩᏅᏏᏛ ᎦᎶᏁᏛ ᎣᏣᏓᏁᏟᏴᏍᏔᏁᎸᎯ; ᎾᏍᎩᏯᏉ ᎤᏁᎳᏅᎯ ᏥᏥᏍᏗᏰᏗᏍᎪ ᎠᏴ ᏦᎬᏗᏍᎪᎢ, ᎦᎶᏁᏛ ᎣᏣᏓᏁᏟᏴᏍᏓᏁᎭ, ᎢᏨᏔᏲᏎᎭ ᎤᏁᎳᏅᎯ ᏙᎯ ᎢᏨᏁᏗᏱ.
21. ᎾᏍᎩᏰᏃ ᎠᏍᎦᏂ ᎾᎦᏔᎲᎾ ᏥᎨᏎᎢ, ᎾᏍᎩ ᎠᏍᎦᎾ ᎤᏰᎸᏅ ᎠᏴ ᎨᏒ ᏅᏧᎵᏍᏙᏔᏅ, ᎾᏍᎩ ᎢᏳᏩᏂᏐᏗᏱ ᎠᏴ ᏂᏗᏍᎦᏅᎾ ᎢᎩᏰᎸᏗᏱ ᎤᏁᎳᏅᎯ ᏕᎦᎧᏂᏍᎬᎢ.

== II Corinthians 6 ==
1. ᎠᏴᏃ ᏦᎩᎸᏫᏍᏓᏁᎯ ᎣᏥᏍᏕᎵᏍᎩ ᎾᏍᏉ ᎢᏨᏍᏗᏰᏗᎭ ᎠᏎᏉᏉ ᎡᏥᏁᏗᏱ ᏂᎨᏒᎾ ᎬᏩᎦᏘᏯ ᎤᏓᏙᎵᏍᏗ ᎨᏒ ᎤᏁᎳᏅᎯ.
2. ᎯᎠᏰᏃ ᏂᎦᏪᎭ, ᎬᏩᏛᎦᏁᎸ ᎾᎯᏳ ᏗᏓᏂᎸᏨᎯ ᎨᏒᎢ, ᎠᎴ ᎾᎯᏳ ᎢᎦ ᎦᏴᏓᏗᏍᏕᎸᏗ ᎨᏒ ᎬᏍᏕᎸᎲ; (ᎬᏂᏳᏉ, ᎪᎯ ᎿᎭᏉ ᎾᎯᏳ ᏗᏓᏂᎸᏨᎯ ᎨᏒᎢ; ᎬᏂᏳᏉ, ᎪᎯ ᎿᎭᏉ ᎾᎯᏳ ᎢᎦ ᎦᏴᏓᏗᏍᏕᎸᏗ ᎨᏒᎢ;)
3. ᎪᎱᏍᏗ ᏃᏣᏛᏁᎲᎾ ᎬᏩᏓᏙᏕᏍᏙᏗ ᎨᏒᎢ, ᎯᎠ ᎾᏍᎩ ᏗᎦᎸᏫᏍᏓᏁᏗ ᎨᏒ ᎤᏐᏅ ᎬᏩᏂᏃᎮᏗ ᏂᎨᏒᎾ ᎢᏳᎵᏍᏙᏗᏱ;
4. ᏂᎦᎥᏍᎩᏂ ᏄᏓᎴᏒ ᏙᎩᎸᏫᏍᏓᏁᎲ ᎬᏂᎨᏒ ᏃᏨᏁᎰ ᎤᏁᎳᏅᎯ ᎪᎱᏍᏗ ᎣᏣᏛᏁᎯ ᎨᏒᎢ, ᎤᏣᏘ ᏦᏨᏂᏗᏳ ᎨᏒᎢ, ᎣᏥᎩᎵᏲᎬᎢ, ᎣᎩᏂᎬᏎᎲᎢ, ᎡᎯᏍᏗ ᎣᎦᏓᏅᏔᏩᏕᎬᎢ,
5. ᏙᎩᎵᏂᎲᎢ, ᎣᎩᏴᎩᏅᎢ, ᎤᏓᏓᏍᎨᏛ ᎤᎾᎵᏖᎸᏅᎢ, ᏙᎩᎸᏫᏍᏓᏁᎲᎢ, ᎣᏥᏯᏫᏍᎬᎢ, ᎠᎹᏟ ᎣᏨᏍᎬᎢ,
6. ᏃᎦᏓᏅᎦᎸᎾ ᎨᏒᎢ, ᎠᎦᏙᎥᎯᏍᏗ ᎨᏒᎢ, ᎪᎯᏙᏳ ᎤᏁᎳᎩ ᎣᏤᎵᏎᎬᎢ, ᎣᎦᏓᏅᏘᏳ ᎨᏒᎢ, ᎦᎸᏉᏗᏳ ᎠᏓᏅᏙ ᎣᎨᎲᎢ, ᏄᏠᎾᏍᏛᎾ ᎠᏓᎨᏳᏗ ᎣᎨᎲᎢ.
7. ᎦᏰᎪᎩ ᏂᎨᏒᎾ ᎧᏃᎮᏛ ᎣᏨᏗᏍᎬᎢ, ᎤᎵᏂᎩᏛ ᎨᏒ ᎤᏁᎳᏅᎯ ᎤᏤᎵ ᎣᏨᏗᏍᎬᎢ, ᏚᏳᎪᏛ ᎨᏒ ᎠᎦᏘᏏᏗᏢ ᎠᎴ ᎠᎦᏍᎦᏂᏗᏢ ᎣᎦᏣᏅᏛᎢ,
8. ᎣᎩᎸᏉᏗᏳ ᎨᏒ ᎠᎴ ᏃᎩᎸᏉᏛᎾ ᎨᏒᎢ, ᎤᏲ ᎣᎩᏃᎮᏍᎬ ᎠᎴ ᎣᏍᏛ ᎣᎩᏃᎮᏍᎬᎢ; ᎣᎦᏠᎾᏍᏗ ᏥᎨᏐ ᎾᏍᎩᏯᎢ, ᎠᏎᏃ ᏃᎦᏠᎾᏍᏛᎾ ᎨᏒᎢ,
9. ᏃᎩᎦᏔᎲᎾ ᎾᏍᎩᏯᎢ, ᎠᏎᏃ ᎣᏏᏳ ᎣᎩᎦᏔᎯ ᎨᏒᎢ; ᏥᏙᏥᏲᎱᏍᎪ ᎾᏍᎩᏯᎢ, ᎬᏂᏳᏉᏃ ᏦᏨᏃᏛ; ᎣᎩᏍᏛᏗᏍᏔᏅᎯ, ᎣᎩᎸᎯᏃ ᏂᎨᏒᎾ;
10. ᎤᏲ ᏦᎦᏓᏅᏔᏩᏕᎪ ᎾᏍᎩᏯ, ᎠᏎᏃ ᏯᏃ ᎣᏣᎵᎮᎵᎪᎢ; ᎤᏲ ᏥᏃᎦᏛᎿᎭᏕᎪ ᎾᏍᎩᏯ, ᎠᏎᏃ ᎤᏂᏣᏘ ᏙᏤᏅᎢᏍᏗᏍᎪᎢ; ᎪᎱᏍᏗ ᏃᎩᎲᎾ ᏥᎨᏐ ᎾᏍᎩᏯ, ᎠᏎᏃ ᏂᎦᏗᏳ ᏧᏓᎴᏅᏛ ᎣᎦᏤᎵᎦ.
11. ᏕᏨᏍᏚᎩᎡᎸ ᏦᏥᎰᎵ, ᎢᏥᎪᎵᏂᏗ, ᏦᎩᎾᏫ ᏕᏨᏯᏛᏃᎯᏍᏓᏁᎸ.
12. ᎥᏝ ᏱᏗᏣᏍᏗᎬᏎᎸ ᎠᏴ ᏦᎩᎾᏫ; ᎢᏨᏒᏍᎩᏂ ᏗᏥᎾᏫ ᏚᏍᏗᎬᏒ.
13. ᎾᏍᎩᏃ ᎤᏠᏱᏉ ᏍᎩᏯᎫᏴᏓᏁᎲ—ᏗᏇᏥ ᏥᎦᏥᏬᏁᏗᏍᎪ ᎾᏍᎩᏯ ᎢᏨᏬᏁᏗᎭ—ᎾᏍᏉ ᏂᎯ ᏗᏣᏛᏃᎯ.
14. ᏞᏍᏗ ᏂᏗᏣᏙᎵᎬᎾ ᎢᏧᎳᎭ ᏱᏕᏥᎩᎳᎾᎳᏗᏍᎨᏍᏗ ᎾᏃᎯᏳᎲᏍᎬᎾ; ᎦᏙᏰᏃ ᎤᏍᏗ ᏚᎾᏚᏓᏛ ᏚᏳᎪᏛ ᎨᏒ ᎠᎴ ᏂᏚᏳᎪᏛᎾ ᎨᏒᎢ? ᎠᎴ ᎦᏙ ᎤᏍᏗ ᏌᏉ ᏄᏅᏅ ᎢᎦ-ᎦᏘ ᎠᎴ ᎤᎵᏏᎩ?
15. ᎠᎴ ᎦᏙ ᎤᏍᏗ ᎤᏠᏱ ᏄᏅᏅ ᎦᎶᏁᏛ ᎠᎴ ᏈᎵᏯᎵ? ᎠᎴ ᎦᏙ ᎤᏍᏗ ᎢᏧᎳᏉ ᎤᎾᏤᎵᎦ ᎨᏐ ᎪᎯᏳᎲᏍᎩ ᎠᎴ ᎪᎯᏳᎲᏍᎩ ᏂᎨᏒᎾ?
16. ᎠᎴ ᎦᏙ ᎤᏍᏗ ᏗᏙᎵᎩ ᏂᎦᎵᏍᏗᎭ ᎤᏁᎳᏅᎯ ᎤᏤᎵ ᎠᏓᏁᎸ ᎠᎴ ᎤᏁᎳᏅᎯ ᏗᏟᎶᏍᏔᏅᎯ? ᏂᎯᏰᏃ ᎾᏍᎩ ᎬᏂᏛ ᎤᏁᎳᏅᎯ ᎤᏤᎵᎦ ᎤᏁᎳᏗᏍᏗᏱ; ᎾᏍᎩᏯ ᎤᏁᎳᏅᎯ ᎯᎠ ᏥᏄᏪᏒ, ᎾᏍᎩ Ꮎ ᎦᏥᏯᎡᏍᏗ, ᎠᎴ ᎠᏁᎲ ᎨᏙᎮᏍᏗ; ᎠᎴ ᎠᏴ ᎦᏥᏯᏁᎳᏅᎯ ᎨᏎᏍᏗ, ᎠᎴ ᎤᏅᏒ ᏗᏆᏤᎵ ᏴᏫ ᎨᏎᏍᏗ.
17. ᎾᏍᎩ ᎢᏳᏍᏗ ᎡᏥᏄᎪ ᎢᏣᏓᏑᏴ ᎠᏁᎲᎢ, ᎠᎴ ᎢᏣᏖᎴᏛ ᎨᏎᏍᏗ, ᎠᏗᎭ ᎤᎬᏫᏳᎯ, ᎠᎴ ᏞᏍᏗ ᎢᏣᏒᏂᎸᎩ ᎪᎱᏍᏗ ᎦᏓᎭᎢ; ᎠᏴᏃ ᏙᏓᏨᏯᏓᏂᎸᏥ,
18. ᎠᎴ ᎠᏴ ᎢᏥᏙᏓ ᎨᏎᏍᏗ, ᏂᎯᏃ ᏗᏇᏥ ᎨᏎᏍᏗ ᎢᏥᏍᎦᏯ ᎠᎴ ᎢᏥᎨᏴ, ᎠᏗᎭ ᎤᎬᏫᏳᎯ ᏫᎾᏍᏛᎾ ᎤᎵᏂᎩᏛ.

== II Corinthians 7 ==
1. ᎯᎠᏃ ᎾᏍᎩ ᏥᏄᏍᏗ ᎡᎩᏚᎢᏍᏓᏁᎸᎯ ᏥᎩ, ᎢᏨᎨᏳᎢ, ᎢᏓᏓᏅᎦᎸ ᎢᏗᎲᎾ ᏄᏓᎴᏒ ᎦᏓᎭ ᎨᏒ ᎢᎩᏇᏓᎸ, ᎠᎴ ᎢᎦᏓᏅᏙᎩᎯ, ᎢᏗᏍᏆᏗᏍᎨᏍᏗ ᏚᏳᎪᏛ ᎨᏒᎢ, ᎤᏁᎳᏅᎯ ᎡᏗᎾᏰᏍᎬᎢ.
2. ᏗᏍᎩᏯᏓᏂᎸᎩ; ᎥᏝ ᎩᎶ ᎤᏣᏘᏂ ᏱᏃᏨᏁᎸ, ᎥᏝ ᎩᎶ ᎠᏍᎦᎾ ᏱᏃᏨᏁᎸ, ᎥᏝ ᎩᎶ ᏲᏥᎶᏄᎡᎸ.
3. ᎯᎠ ᎾᏍᎩ ᏥᏂᏥᏪᎭ ᎥᏝ ᏗᏨᏳᎪᏓᏁᏗᏱ ᏯᎩᏰᎸᎭ; ᎦᏳᎳᏰᏃ ᎯᎠ ᏥᏂᎠᎩᏪᏒ, ᏦᎩᎾᏫᏱ ᎢᏥᏯᎠ, ᎣᎦᏛᏅᎢᏍᏗᏉ ᎢᏧᎳᎭ ᏗᎩᏂᏲᎱᎯᏍᏗᏱ, ᎠᎴ ᎢᏧᎳᎭ ᎢᎦᏕᏗᏱ.
4. ᎤᏣᏘ ᎢᏨᏲᎢᏳᎭ; ᎤᏣᏘ ᎢᏨᎸᏉᏗᏍᎪᎢ; ᎠᎩᎧᎵᏨᎯ ᎤᎦᎵᏍᏗ ᎨᏒᎢ; ᎤᏣᏔᏅᎯ ᎤᎵᎮᎵᏍᏗ ᎠᏆᏓᏅᏔᏩᏕᎪ ᏂᎦᎥ ᎣᏥᎩᎵᏲᏥᏙᎲᎢ.
5. ᎹᏏᏙᏂᏰᏃ ᏬᎩᎷᏨ, ᎥᏝ ᎣᎩᏇᏓᎸ ᎬᏩᏣᏪᏐᎸᏍᏙᏗ ᏱᎨᏎᎢ, ᎬᏩᏚᎾᏛᏍᎩᏂ ᎣᎦᏕᏯᏙᏗᎬᎩ; ᏙᏱᏗᏢ ᎠᎵᏛ ᎨᏒᎢ, ᎭᏫᏂᏃ ᎢᏗᏢ ᎣᏥᎾᏰᏍᎬᎢ.
6. ᎤᏁᎳᏅᎯᏍᎩᏂᏃᏅ ᏗᎦᎵᏍᏓᏗᏍᎩ ᎤᏪᎵᎯᏍᏗ ᎤᎾᏓᏅᏔᏩᏕᎩ, ᎣᎩᎦᎵᏍᏓᏗᏍᏔᏅᎩ ᏓᏓᏏ ᎤᎷᏨᎢ;
7. ᎥᏝᏍᎩᏂᏃᏅ ᎤᎷᏨᏉ ᎤᏩᏒ, ᎤᎦᎵᏍᏗᏍᎩᏂ ᎾᏍᏉ ᎤᏓᏅᏓᏛᎢ ᏂᎯ ᎨᏒ ᎢᏳᏍᏗ, ᎣᎩᏃᏁᎸ ᏂᎯ ᎤᏣᏘ ᎢᏣᏚᎵᏍᎬᎢ, ᎤᏲ ᎢᏥᏰᎸᏒᎯ, ᎤᏣᏘ ᏍᎩᎨᏳᎢᏳ ᎨᏒᎢ; ᎾᏍᎩ ᎢᏳᏍᏗ ᎤᏟ ᎢᎦᎢ ᎠᏆᎵᎮᎵᏨᎩ.
8. ᎤᏙᎯᏳᎯᏍᎩᏂᏃᏅ ᎤᏲ ᎢᏨᏯᏓᏅᏓᏗᏍᏔᏅᎩ ᎪᏪᎵ ᏫᏨᏅᏁᎸᎢ, ᎥᏝ ᎤᏲ ᏯᎩᏰᎸᎭ, ᎤᏲᏍᎩᏂᏃᏅ ᎠᎩᏰᎸᏒᎩ; ᎢᏥᎪᏩᏘᏰᏃ ᎾᏍᎩ ᎪᏪᎵ ᎤᏲ ᎢᏣᏓᏅᏓᏗᏍᏔᏅᎢ, ᎠᏎᏃ ᏞᎦᏉ.
9. ᎪᎯᏃ ᏥᎩ ᎦᎵᎡᎵᎦ, ᎥᏝ ᎠᏗᎾ ᎤᏲ ᎢᏣᏓᏅᏓᏛ ᏱᏅᏗᎦᎵᏍᏙᏗᎭ, ᏅᏗᎦᎵᏍᏙᏗᎭᏍᎩᏂ ᏗᎨᏥᏁᏟᏴᏍᏗ ᏕᏣᏓ ᏅᏛ ᎢᏴᏛ ᎤᏲ ᎢᏣᏓᏅᏓᏛᎢ; ᎤᏲᏰᏃ ᎢᏣᏓᏅᏓᏛᎩ ᎾᏍᎩᏯ ᎤᏁᎳᏅᎯ ᏗᎬᏩᏓᏂᎸᎢᏍᏗ ᏥᎩ, ᎾᏍᎩ ᏅᏓᏳᎵᏍᏙᏗᏱ ᎪᎱᏍᏗ ᎡᏍᎦ ᎢᏨᏴᏁᏗᏱ ᏂᎨᏒᎾ.
10. ᎤᏲᏰᏃ ᎠᏓᏅᏓᏗᏍᏗ ᎤᏁᎳᏅᎯ ᏗᎬᏩᏓᏂᎸᎢᏍᏗ ᎨᏒ ᎦᏁᏟᏴᏍᏗ ᎨᏒ ᎣᏓᏅᏛ ᏩᎵᏰᎢᎶᎯᎭ ᎥᏓᏗᏍᏕᎸᏗᏱ ᏫᎦᎷᎩ, ᎾᏍᎩ ᎤᏲ ᎠᏰᎸᏗ ᏂᎨᏒᎾ; ᎡᎶᎯᏍᏗᏂ ᎡᎯ ᎤᏲ ᎠᏓᏅᏓᏗᏍᏗ ᎨᏒ ᎠᏲᎱᎯᏍᏗ ᎨᏒ ᏩᎵᏰᎢᎶᎯᎭ.
11. ᎬᏂᏳᏉᏰᏃ ᎯᎠ ᎾᏍᎩ ᎤᏲ ᏥᏣᏓᏅᏓᏛᎩ ᎾᏍᎩ ᏗᎬᏩᏓᏂᎸᎢᏍᏗ ᎨᏒ ᎤᏁᎳᏅᎯ, ᏂᎦᎥ ᎢᏣᎵᏂᎬᏁᏗ ᎨᏒ ᏭᎵᏰᎢᎶᎸ; ᏂᎦᎥ ᏗᏣᏢᏫᏍᏙᏗ ᎢᏥᏲᎲᎢ, ᎥᎥ ᏂᎦᎥ ᎢᏥᏂᏆᏘᎲᎢ, ᎥᎥ, ᏂᎦᎥ ᎢᏥᎾᏰᏍᎬᎢ, ᎥᎥ, ᏂᎦᎥ ᎤᏣᏘ ᎢᏣᏑᎵᏍᎬᎢ, ᎥᎥᎢ, ᏂᎦᎥ ᎤᎵᏂᎩᏛ ᎢᏣᏓᏅᏛᎢ, ᎥᎥ, ᏂᎦᎥ ᎠᏓᏍᏛᏗᏍᏙᏗ ᎨᏒᎢ! ᏂᎦᎥ ᏧᏓᎴᏅᏛ ᎬᏂᎨᏒ ᏂᏨᏁᎸ ᏂᏥᏍᎦᏅᎾ ᎨᏒ ᎯᎠ ᎾᏍᎩ ᎧᏃᎮᏗ ᏥᎩ.
12. ᎾᏍᎩ ᏥᏄᏍᏗ ᎤᏙᎯᏳᎯᏍᎩᏂᏃᏅ ᏫᏨᏲᏪᎳᏁᎸᎩ, ᎠᏎᏃ ᎥᏝ ᎤᏣᏘᏂ ᎢᏳᏛᏁᎸᎯ ᏳᎬᏩᎴᎢ, ᎥᏝ ᎠᎴ Ꮎ ᎤᏣᏘᏂ ᎢᏯᎦᏛᏁᎸᎯ ᏳᎬᏩᎴᎢ; ᎠᏍᎩᏂ ᎢᏨᏍᏆᏂᎪᏗᏳ ᎨᏒ ᎤᏁᎳᏅᎯ ᎠᎦᏔᎲ ᎬᏂᎨᏒ ᎢᏣᎵᏍᏓᏁᏗᏱ.
13. ᎾᏍᎩ ᎢᏳᏍᏗ ᏂᎯ ᎤᎦᎵᏍᏗ ᎢᏣᏓᏅᏛ ᎠᏴ ᎣᎩᎦᎵᏍᏓᏛᎩ; ᎥᎥ, ᎠᎴ ᎤᏟ ᎢᎦᎢ ᎣᎦᎵᎮᎵᏍᏗ ᏄᎵᏍᏔᏅᎩ, ᏓᏓᏏ ᎠᎵᎮᎵᎬ ᎢᏳᏍᏗ, ᏅᏓᎦᎵᏍᏙᏗᏍᎬᎩ ᎾᏍᎩ ᎤᏓᏅᏙ ᏂᏥᎥ ᎡᏥᎦᎵᏍᏓᏕᎸᎢ.
14. ᎢᏳᏰᏃ ᏥᏯᏢᏈᏎᎸᎯ ᎨᏎᏍᏗ, ᏂᎯ ᎢᏨᏁᎢᏍᏗᏍᎬᎢ, ᎥᏝ ᏱᎦᏕᎣᏍᎦ; ᏂᎦᏗᏳᏍᎩᏂ ᏧᏓᎴᏅᏛ ᎢᏨᏬᏁᏔᏅᎢ ᎤᏙᎯᏳᎯᏯ ᏥᎩ, ᎾᏍᎩᏯᏉ ᎣᎦᏢᏆᏒᎢ, ᎾᏍᎩ ᏓᏓᏏ ᎣᏣᏢᏆᏎᎸᎢ, ᎤᏙᎯᏳᎯᏯ ᏄᎵᏍᏔᏅ.
15. ᎠᎴ ᎤᎾᏫᏱ ᎢᏥᎨᏳᎯᏳ ᎨᏒ ᎤᏣᏘ ᎤᏁᏉᏨ, ᎤᏅᏓᏛ ᎢᏦᎯᏳᎯᏳ ᎨᏒ ᏂᏥᎥᎢ, ᎾᏍᎩ ᎢᏥᎾᏰᏍᎩ ᎠᎴ ᏗᏥᎾᏫᏍᎩ ᏕᏣᏓᏂᎸᏨᎢ.
16. ᎾᏍᎩ ᎢᏳᏍᏗ ᎦᎵᎡᎵᎦ, ᎨᏨᏲᎢᏳᏗ ᎨᏒ ᏄᏓᎴᏒ ᎪᎱᏍᏗ ᎤᎬᏩᎵ.

== II Corinthians 8 ==
1. ᎠᎴᏬ ᎢᏓᎵᏅᏟ, ᎬᏂᎨᏒ ᏂᏨᏴᏁᎭ, ᎤᏁᎳᏅᎯ ᎬᏩᎦᏘᏯ ᎤᏓᏁᏗ ᎨᏒ ᎾᏍᎩ ᏚᏁᎸ ᏧᎾᏁᎶᏗ ᏚᎾᏓᏡᏩᏗᏒ ᎹᏏᏙᏂ ᎠᏁᎯ;
2. ᎾᏍᎩ ᎤᏣᏘ ᎠᏓᎪᎵᏰᏍᎩ ᎠᏂᎩᎵᏲᎬ, ᎤᏣᏘ ᎠᎾᎵᎮᎵᎬ ᎠᎴ ᎤᏣᏘ ᎤᏲ ᏄᎾᏛᎿᎭᏕᎬ ᎦᎸᏉᏗᏳ ᏄᏩᏁᎸ ᏄᏂᎨᏳᎿᎭᎥᎾ ᎨᏒᎢ.
3. ᎦᏥᏲᎢᏳᏓᏁᎭᏰᏃ ᎾᏍᎩ ᏂᏚᎾᎵᏂᎬᎬ ᎢᏴᏛ, ᎥᎥ, ᎠᎴ ᎠᏂᎶᏒᏍᏗᏍᎬ ᏂᎦᎾᎵᏂᎬᎬᎢ, ᎤᎾᎵᎦᏟᏴᎯᏉ ᎤᏅᏒ ᎤᎾᏓᏅᏖᏛ;
4. ᎤᏣᏘ ᎪᎩᏍᏗᏰᏗᏍᎬ ᎪᎩᏔᏲᏎᎲᎩ ᎾᏍᎩ ᎤᏂᏅᎯ ᏦᎦᏓᏂᎸᎢᏍᏗᏱ, ᎠᎴ ᎣᎦᏖᏆᎶᏗᏱ ᏦᏥᏍᏕᎸᏗᏱ ᏧᎾᏁᎶᏗ.
5. ᎠᎴ [ᎾᏍᎩ ᏄᎾᏛᏁᎸᎩ] ᎥᏝ ᎾᏍᎩᏯ ᏄᏍᏛ ᎤᏚᎩ ᎣᎬᏅᎢ, ᎢᎬᏱᏍᎩᏂ ᎤᏅᏒ ᎤᎬᏫᏳᎯ ᏚᎾᏓᏲᎯᏎᎸᎩ, ᎠᎴ ᎠᏴ ᏕᎪᎦᏓᏲᎯᏎᎸᎩ, ᎤᏁᎳᏅᎯ ᎣᏏᏳ ᎠᏰᎸᏍᎬ ᏅᏓᏳᎵᏍᏙᏔᏅᎩ.
6. ᎾᏍᎩ ᎢᏳᏍᏗ ᏓᏓᏏ ᎣᏥᏔᏲᏎᎸᎩ, ᎾᏍᎩ ᏄᏍᏛ ᎤᎴᏅᎲᎢ, ᎾᏍᎩᏯ ᎢᏳᏛᏁᏗᏱ ᎤᏍᏆᏗᏍᏗᏱ ᎢᏤᎲ ᎤᏠᏱ ᎢᏣᏓᏁᏗᏱ ᏂᏨᏁᎲᎢ.
7. ᎾᏍᎩᏃ ᏂᎦᎥ ᏧᏓᎴᏅᏛ ᎤᏣᏘ ᏥᏥᎭ, ᎾᏍᎩ ᎪᎯᏳᏗ ᎨᏒᎢ, ᎠᎴ ᎦᏬᏂᎯᏍᏗ ᎨᏒᎢ, ᎠᎴ ᎠᎦᏙᎥᎯᏍᏗ ᎨᏒᎢ, ᎠᎴ ᏂᎦᎥ ᏧᏓᎴᏅᏛ ᎢᏥᎦᎵᏴᎢ, ᎠᎴ ᎠᏴ ᏍᎩᎨᏳᎢᏳ ᎨᏒᎢ, ᎯᎠ ᎾᏍᎩ ᎠᏓᏁᏗ ᎨᏒ ᎾᏍᏉ ᎤᏣᏘ ᎢᏥᎮᏍᏗ.
8. ᎥᏝ ᏱᏥᏁᎦ ᎾᏍᎩ ᎯᎠ ᎠᏎ ᎢᏣᏛᏁᏗᏱ, ᎠᏂᏐᎢᏍᎩᏂ ᎤᎾᎵᎦᎵᏴᏅ ᏅᏗᎦᎵᏍᏙᏗᎭ, ᎠᎴ ᎠᎩᎪᎵᏰᏗᏱ ᎠᏓᎨᏳᏗ ᎨᏒ ᎢᏥᎲ ᏄᏠᎾᏍᏛᎾ ᎨᏒᎢ.
9. ᎢᏥᎦᏔᎭᏰᏃ ᎬᏩᎦᏘᏯ ᎤᏓᏙᎵᏍᏗ ᎨᏒ ᎤᎬᏫᏳᎯ ᎢᎦᏤᎵᎦ ᏥᏌ ᎦᎶᏁᏛ, ᎾᏍᎩ ᎤᏪᎾᎢᏳ ᏥᎨᏎᎢ, ᎠᏎᏃ ᏂᎯ ᎨᏒ ᏅᏗᎦᎵᏍᏙᏗᏍᎬ ᎤᏲ ᎢᏳᏛᎿᎭᏕᎩ ᏄᎵᏍᏔᏅᎢ, ᎾᏍᎩ ᎤᏩᏒ ᎤᏲ ᎢᏳᏛᎿᎭᏕᎩ ᎨᏒ ᎢᏳᏩᏂᏐᏗᏱ ᏂᎯ ᏗᏤᎿᎭᎢ ᎢᏣᎵᏍᏙᏗᏱ.
10. ᎠᎴ ᎠᏂ ᎾᏍᎩ ᏄᏍᏛ ᎦᏓᏅᏖᏍᎬ ᎬᏂᎨᏒ ᏂᎬᏁᎭ; ᎣᏏᏳᏰᏃ ᎢᎨᏣᎵᏍᏓᏁᏗ, ᎾᏍᎩ ᎦᏳᎳ ᎢᏣᎴᏅᏛ ᏥᎩ, ᎿᎭᏉ ᏑᏕᏘᏴᏛ, ᎥᏝ ᎢᏣᏛᏁᏗᏱᏉ ᎾᏍᎩ, ᎾᏍᏉᏍᎩᏂ ᎣᏏᏳ ᎢᏥᏰᎸᏗᏱ.
11. ᎾᏍᎩ ᎢᏳᏍᏗ ᎿᎭᏉ ᎢᏥᏍᏆᏓ ᎾᏍᎩ ᎢᏯᏛᏁᏗ ᎨᏒᎢ, ᎾᏍᎩ ᎢᏥᎦᎵᏱᏳ ᏂᎨᏒ ᎢᏣᏚᎸᏗᏱ, ᎾᏍᎩ ᎾᏍᏉ ᏄᏍᏕᏍᏗ ᎢᏥᏍᏆᏗᏍᎬᎢ, ᎢᏨᏗᏍᎬ ᎾᏍᎩ ᏄᏍᏛ ᎢᏥᎲᎢ.
12. ᎢᏳᏰᏃ ᎢᎬᏱ ᎨᏒ ᎩᎶ ᏯᎦᎵᏴ ᏧᏓᏅᏛᎢ, ᏣᎦᏓᏂᎸᏤᏗ ᎨᏐ ᎾᏍᎩᏯ ᏄᏍᏛ ᎤᎲᎢ, ᎥᏝᏃ ᎾᏍᎩᏯ ᏄᎲᎾ ᎨᏒᎢ.
13. ᎥᏝ ᎠᏗᎾ ᏅᏩᎾᏓᎴ ᏗᎨᏥᎪᏗᏱ ᏂᎯᏃ ᎠᏍᏓᏯ ᎢᏰᏨᏁᏗᏱ ᏱᎦᏗᎭ;
14. ᎢᎬᏩᏍᏗᎭᏍᎩᏂ [ᎢᏥᏗᏱ;] ᎾᏍᎩ ᎪᎯ ᎨᏒ ᎤᏣᏘ ᎢᏥᎲ ᏱᏗᏥᏍᏕᎸᏗᎭ ᎤᏂᏂᎬᏎᎲᎢ, ᎾᏍᎩᏃ ᎾᏍᏉ ᎤᏣᏘ ᎤᏂᎲ ᎨᏥᏍᏕᎸᏗᏱ ᎢᏥᏂᎬᏎᎲᎢ, ᎾᏍᎩ ᎢᎬᏩᏍᏗᎭ ᎢᏥᏗᏱ.
15. ᎾᏍᎩᏯ ᎯᎠ ᏥᏂᎬᏅ ᏥᎪᏪᎳ, ᎾᏍᎩ ᎤᎪᏗ ᎤᏭᏖᏛ ᎥᏝ ᏳᏘᏰᎮᎢ; ᎾᏃ ᎦᏲᎵ ᎤᏭᏖᏛ ᎥᏝ ᏳᎷᎶᏤᎮᎢ.
16. ᎠᏎᏃ ᎤᏁᎳᏅᎯ ᎠᎵᎮᎵᏤᏗ ᎨᏎᏍᏗ, ᎾᏍᎩ ᏓᏓᏏ ᎤᎾᏫᏱ ᏧᎳᏁᎸ ᎾᏍᎩ ᎢᎦᎢ ᏗᏤᎷᎢᏍᏗᏱ.
17. ᎤᏙᎯᏳᎯᏰᏃ ᏚᏓᏂᎸᏨᎩ ᏥᏬᏁᏔᏅᎢ; ᎠᏎᏃ ᎤᏟᎯᏳ ᏄᎵᎦᎵᏴᏒ ᏅᏓᏳᎵᏍᏙᏔᏅᎩ, ᎤᏩᏒᏉ ᎤᏓᏅᏖᏛ ᎢᏥᏩᏛᎲᏒᎩ.
18. ᎠᎴ ᏱᏥᏅᎵ ᎾᏍᎩ ᎠᏁᎩ Ꮎ ᎢᏓᎵᏅᏟ, ᏂᎬᎾᏛ ᏚᎾᏓᏡᏩᏗᏒ ᏧᎾᏁᎶᏗ ᎬᏩᎸᏉᏗᏳ ᏥᎩ ᎣᏍᏛ ᎧᏃᎮᏛ ᏥᏅᏗᎦᎵᏍᏙᏗᎭ;
19. ᎠᎴ ᎥᏝ ᎾᏍᎩᏉ ᏱᏂᎦᎥ, ᎾᏍᏉᏍᎩᏂ ᏚᎾᏓᏡᏩᏗᏒ ᏧᎾᏁᎶᏗ ᎬᏩᏑᏰᏒᎩ ᎠᏴ ᎢᏧᎳᎭ ᎣᎨᏅᏍᏗᏱ ᎣᎩᏴᏍᏗᏱ ᎯᎠ ᎾᏍᎩ ᎠᏓᏁᏗ, ᎾᏍᎩ ᏥᏙᎩᎸᏫᏍᏓᏁᎭ, ᎦᎸᏉᏗᏳ ᎢᏳᎵᏍᏙᏗᏱ ᎤᎬᏫᏳᎯ ᎤᏩᏒ, ᎠᎴ [ᎬᏂᎨᏒ ᎢᎬᏩᏁᏗᏱ] ᎢᏣᎵᎦᎵᏴᏒ ᏙᏗᏣᏓᏅᏛᎢ;
20. ᎯᎠ ᎾᏍᎩ ᎣᏥᏲᏍᏙᏗᏍᎬᎢ, ᎩᎶ ᎪᎱᏍᏗ ᎪᎨᎵᏎᏗᏱ ᎯᎠ ᎾᏍᎩ ᎤᏣᏘ ᎤᎬᏩᎵ ᎪᎱᏍᏗ ᎣᎬᏁᏗ ᏥᏂᎦᎵᏍᏗᎭ;
21. ᎢᎬᏱ ᎦᏰᎯ ᎣᏣᎦᏌᏯᏍᏗᏍᎬ ᎣᏏᏳ ᎠᏰᎸᏗ ᎨᏒᎢ, ᎥᏝ ᎤᎬᏫᏳᎯᏉ ᎠᎦᏔᎲᎢ, ᏴᏫᏍᎩᏂ ᎾᏍᏉ ᎠᏂᎦᏔᎲᎢ.
22. ᎠᎴ ᎣᏥᏅᎵ ᎢᏧᎳᎭ ᎠᏁᎩ ᎣᏣᎵᏅᏟ, ᎾᏍᎩ ᎤᏩᎫᏘᎶᏛ ᎣᏥᎪᎵᏰᏛ ᎣᎦᏙᎴᎰᏒᎯ ᎤᏣᏘ ᎠᎦᎵᏱᏳ ᎨᏒᎢ, ᎠᏎᏃ ᎪᎯ ᎨᏒ ᎤᏟ ᎾᎦᎵᏴ, ᏅᏗᎦᎵᏍᏙᏗᎭ ᎤᏣᏘ ᎢᏦᎯᏳᏒᎢ.
23. ᏓᏓᏏᏃ ᎨᏒᎢ, ᎣᎩᎾᎵᎪᎯ ᎾᏍᎩ, ᎠᎴ ᎢᏧᎳᎭ ᏦᎩᏂᎸᏫᏍᏓᏁᎯ ᏂᎯ ᎪᎱᏍᏗ ᎢᏨᏯᏛᏁᎲᎢ; ᎣᏣᎵᏅᏟᏃ ᎨᏒ ᏧᎾᏁᎶᏗ ᏚᎾᏓᏡᏩᏗᏒ ᎬᏩᏂᏅᏏᏛ ᎾᏍᎩ, ᎠᎴ ᎦᎸᏉᏗᏳ ᎢᏯᏅᏁᎯ ᎦᎶᏁᏛ.
24. ᎾᏍᎩ ᎢᏳᏍᏗ ᎠᏂᎦᏔᎲ ᏧᎾᏁᎶᏗ ᏚᎾᏓᏡᏩᏗᏒᎢ, ᎬᏂᎨᏒ ᏂᏕᏨᏁᎸᎭ ᎾᏍᎩ ᎪᎯᏳᏗᏍᎩ ᎠᏓᎨᏳᏗ ᎨᏒ ᎢᏤᎲᎢ, ᎠᎴ ᎣᎦᏢᏆᏒ ᏂᎯ ᎢᏨᏁᎢᏍᏗᏍᎬᎢ ᎠᏎᏉ ᏂᎨᏒᎾ ᎨᏒᎢ.

== II Corinthians 9 ==
1. ᎾᏃ ᎤᎾᏓᏅᏘ ᏗᏍᏕᎸᏗᏱ ᎤᎬᏩᎵ, ᎠᏎᏉᏉ ᏱᏨᏲᏪᎳᏁᎭ.
2. ᏥᎦᏔᎭᏰᏃ ᏗᎦᎵᏱᏳ ᎨᏒ ᏕᏣᏓᏅᏛᎢ, ᎾᏍᎩ ᎢᏨᏁᎢᏍᏗᏍᎬ ᎹᏏᏙᏂ ᎠᏁᎯ ᎦᏥᏯᏢᏈᏎᎭ, [ᎦᏥᏃᏁᎭ] ᎾᏍᎩ ᎡᎧᏯ ᎿᎭᏉ ᏑᏕᏘᏴᏛ ᎬᏩᏛᏅᎢᏍᏔᏅᎯ ᎨᏒᎢ; ᎠᎴ ᏂᎯ ᎤᎵᏂᎩᏛ ᎢᏣᏓᏅᏛ ᎤᏂᏣᏔ ᎤᏂᏖᎸᏅ.
3. ᎠᏎᏃ ᎦᏥᏅᎵ ᎣᏣᎵᏅᏟ, ᎾᏍᎩ ᎠᏎᏉᏉ ᎢᏳᎵᏍᏙᏗᏱ ᏂᎨᏒᎾ ᎣᏣᏢᏈᏍᎬ ᎢᏨᏁᎢᏍᏗᏍᎬᎢ; ᎾᏍᎩ ᎢᏣᏛᏅᎢᏍᏔᏅᎯ ᏱᎩ, ᎾᏍᎩᏯ ᎾᎩᏪᏒᎢ.
4. ᎢᏳᏰᏃ ᏱᏅᏩᏎᎦᏨ ᎹᏏᏙᏂ ᎠᏁᎯ ᏱᎬᎩᏍᏓᏩᏕᏅ, ᏱᏨᏩᏛᏔᏅᏃ ᏂᏣᏛᏅᎢᏍᏔᏅᎾ, ᎠᏴ, (ᎥᏝᏰᏃ ᏂᎯ ᏱᎦᏗᎭ,) ᏲᏣᏕᎰᎯ ᎯᎠ ᎾᏍᎩ ᎤᏣᏘ ᎣᎪᎯᏳᎯ ᎣᎦᏢᏈᏒᎢ.
5. ᎾᏍᎩ ᎢᏳᏍᏗ ᎠᏎ ᏱᎦᏥᏁᏤᎸ ᎠᎾᎵᏅᏟ ᎠᏇᎵᏒᎩ ᎢᎬᏱ ᏫᎨᏥᎷᏤᏗᏱ, ᎠᎴ ᎢᎬᏱ ᏭᎾᏛᏅᎢᏍᏙᏗᏱ ᎢᏥᏗ ᎨᏒ, ᎾᏍᎩ ᎦᏳᎳ ᎧᏁᎢᏍᏔᏅᎯ ᏥᎩ, ᎾᏍᎩ ᎠᏛᏅᎢᏍᏔᏃᏅᎯ ᏱᎩ, ᎾᏍᎩᏯ ᎣᏏᏳ ᎢᏥᏰᎸᎯ ᎢᏥᏅᎯ ᎨᏒᎢ, ᎥᏝᏃ ᎢᏥᎨᏳᏅᎯ ᎾᏍᎩᏯᎢ.
6. ᎯᎠᏍᎩᏂ [ᏄᏍᏗ;] ᎩᎶ ᎦᏲᎵ ᎠᏫᏍᎩ, ᎾᏍᎩ Ꮎ ᎾᏍᏉ ᎦᏲᎵ ᎤᏍᎫᏕᏍᏗ ᎨᏎᏍᏗ; ᎠᎴ ᎩᎶ ᎤᎪᏗ ᎠᏫᏍᎩ ᎾᏍᎩ Ꮎ ᎾᏍᏉ ᎤᎪᏗ ᎤᏍᎫᏕᏍᏗ ᎨᏎᏍᏗ.
7. ᎾᏂᎥ ᎩᎶ ᎾᏍᎩᏯ ᏄᏍᏛ ᎠᎾᏓᏅᏖᏍᎬ ᏧᏂᎾᏫᏱ [ᎠᏂᎲᏍᎨᏍᏗ;] ᎥᏝᏍᏗ ᏝᏉ ᎤᏂᏰᎸᎯ, ᎥᏝ ᎠᎴ ᎠᏎ ᎤᏂᏗᏱ ᏥᏂᎨᎬᏁᎰ ᎢᏳᏍᏗ; ᎤᏁᎳᏅᎯᏰᏃ ᎤᎨᏳᎭ ᎤᎦᎵᏍᏗ ᎤᏓᏁᏘ ᎠᎲᏍᎩ.
8. ᎤᏁᎳᏅᎯᏰᏃ ᏰᎵᏉ ᎨᏥᏁᏗ ᎤᏣᏘ ᏄᏓᎴᏒ ᎪᎱᏍᏗ, ᎾᏍᎩ ᏂᎯ ᏂᎪᎯᎸ ᏂᏥᏂᎬᏎᎲᎾ ᎨᏒ ᏂᎦᎥ ᏧᏓᎴᏅᏛ, ᎣᏍᏛ ᎨᏒ ᎤᏣᏘ ᏗᎨᏥᎸᏫᏍᏓᏁᏗ ᎢᏳᎵᏍᏙᏗᏱ.
9. ᎾᏍᎩᏯ ᎯᎠ ᏥᏂᎬᏅ ᏥᎪᏪᎳ, ᏚᏗᎦᎴᏯᏍᏔᏅ; ᎤᏲ ᎢᏳᎾᏛᎿᎭᏕᎩ ᏚᏁᎸ; ᎤᏓᏅᏘᏳ ᎨᏒ ᏅᏩᏍᏗᏉ ᏂᎪᎯᎸᎢ.
10. ᎾᏍᎩᏃ Ꮎ ᎤᎦᏔ ᎠᏫᏍᎩ ᎤᏁᎯ ᏥᎩ, ᎠᎴ ᎦᏚ ᎠᎵᏍᏓᏴᏙᏗ ᎠᏓᏁᎯ ᏥᎩ, ᎢᏥᏁᏗ ᎨᏎᏍᏗ ᎠᎴ ᎤᎪᏓᏗᏍᏗ ᎨᏎᏍᏗ ᎢᏥᏫᏍᏗ ᎨᏒᎢ, ᎠᎴ ᎤᏁᏉᏍᏗ ᎨᏎᏍᏗ ᎢᏣᏓᏅᏘᏳ ᎨᏒ ᎤᎦᏔᏔᏅᎯ;
11. ᏄᏓᎴᏒ ᎪᎱᏍᏗ ᎢᏤᏅᎢᏍᏔᏅᎯ ᎨᏒ, ᎾᏍᎩ ᎤᏣᏘ ᎨᏣᏓᏁᏗ ᎨᏒᎢ, ᎾᏍᎩ ᎢᏳᎬᏂᏐᏗᏱ ᎠᎦᎵᎮᎵᏤᏗᏱ ᎤᏁᎳᏅᎯ.
12. ᎯᎠᏰᏃ ᎠᏯᏔᏍᏗ ᎨᏒ ᎢᏥᏅᎯ, ᎥᏝ ᎤᎾᏓᏅᏘ ᎤᏂᏂᎬᏎᎲ ᎠᎧᎵᎢᎯ ᎤᏩᏒ ᏱᎩ, ᎾᏍᏉᏍᎩᏂ ᎤᏣᏘ ᎤᎾᎵᎮᎵᏤᏗ ᎤᏁᎳᏅᎯ ᏂᎬᏁᎭ;
13. ᎠᏂᎪᏩᏗᏍᎬᏰᏃ ᎢᏳᏍᏗ ᎾᏍᎩ ᎯᎠ ᎤᎾᎵᏍᏕᎸᏙᏗ ᎨᏒ ᎤᏁᎳᏅᎯ ᏛᏂᎸᏉᏔᏂ ᏂᎦᎵᏍᏙᏗᏍᎨᏍᏗ ᎬᏂᎨᏒ ᏂᏨᏁᎲ ᎢᏦᎯᏳᏒ ᎣᏍᏛ ᎧᏃᎮᏛ ᎦᎶᏁᏛ ᎤᏤᎵᎦ, ᎠᎴ ᏂᎦᎵᏍᏙᏗᏍᎨᏍᏗ ᏂᏥᎨᏳᎿᎭᎥᎾ ᎨᏒ ᏕᏥᏁᎲ ᎾᏍᎩ, ᎠᎴ ᎾᏂᎥᏉ;
14. ᎠᎴ ᎾᏍᎩ ᎢᏳᏍᏗ ᎠᎾᏓᏙᎵᏍᏗᏍᎬ ᎨᏥᏁᎢᏍᏗᏍᎨᏍᏗ, ᎤᏣᏘ ᎨᏥᎨᏳᏒ ᏅᏗᎦᎵᏍᏙᏗᏍᎬ ᎤᏣᏘ ᎬᏩᎦᏘᏯ ᎤᏓᏙᎵᏍᏗ ᎨᏒ ᎤᏁᎳᏅᎯ ᎢᏥᏁᎸᎢ.
15. ᎤᏁᎳᏅᎯ ᎠᎵᎮᎵᏤᏗ ᎨᏎᏍᏗ ᏂᎦᎵᏍᏙᏗᎭ ᎾᏍᎩ ᎤᏓᏁᏗ ᎨᏒ ᎦᏃᎮᎰᎲᏍᏗ ᏂᎨᏒᎾ ᏥᎩ.

== II Corinthians 10 ==
1. ᎾᏍᎩᏃ ᎠᏴ ᏉᎳ ᎠᏋᏒ ᎢᏨᏍᏗᏰᏗᎭ ᏥᏁᎢᏍᏗᎭ ᎤᏙᎵᏍᏙᏏᏳ ᎨᏒ ᎠᎴ ᎤᏓᏅᏘᏳ ᎨᏒ ᎦᎶᏁᏛ, ᎠᏴ ᎾᏍᎩ ᏥᏨᏰᎳᏗᏙᎰ ᎠᏆᏓᎾᏰᏍᏗ ᏥᎨᎰᎢ, ᎠᏎᏃ ᎠᎩᎪᏁᎸ ᏂᏨᎾᏰᏍᎬᎾ ᏥᎩ ᏂᎯ—
2. ᎠᏎᏃ ᎢᏨᏔᏲᏎᎭ ᎢᏨᏰᎳᏗᏙᎲ ᎾᏆᏓᎾᏰᏍᏛᎾ ᎢᏯᏆᎵᏍᏙᏗᏱ ᏂᎨᏒᎾ, ᎾᏍᎩᏯ ᎾᏆᏓᎾᏰᏍᏛᎾ ᎦᏥᏴᏓᏁᏗ ᏣᎩᏰᎸᎭ ᎢᎦᏛ, ᎾᏍᎩ ᎤᏇᏓᎵ ᎠᏓᏅᏖᏍᎬ ᏓᏂᎧᎿᎭᏩᏗ ᏥᎪᎨᎵᏎᎭ.
3. ᎤᏙᎯᏳᎯᏍᎩᏂᏃᏅ ᎤᏇᏓᎸ ᎤᏤᏙᎭ, ᎠᏎᏃ ᎥᏝ ᎤᏇᏓᎵ ᏧᏟᏴᏙᏗ ᎨᏒ ᏱᏙᏣᏟᏴᏗᎭ;
4. (ᎣᎦᎵᏍᏕᎸᏙᏗᏰᏃ ᎨᏒ ᏓᏅᏩ ᎣᏣᎢᏒ ᎥᏝ ᎤᏇᏓᎵ ᏧᏩᏙᏗ ᏱᎩ, ᏧᎵᏂᎩᏗᏳᏍᎩᏂ ᎤᏁᎳᏅᎯ ᎢᏳᏩᏂᏌᏛ, ᏓᏐᏲᎥᏗᏍᎬ ᎤᎵᏂᎩᏛ ᏓᏐᏴᎢ.)
5. ᎡᎳᏗ ᏂᏙᏨᏁᎰ ᎠᏓᏅᏖᏗ ᎨᏒ, ᎠᎴ ᏄᏓᎴᏒ ᎢᏅ ᎢᎦᏘ ᎾᏍᎩ ᎠᏓᎵᏌᎳᏗᏍᎩ ᎤᏁᎳᏅᎯ ᎤᏤᎵ ᎠᎦᏙᎥᎯᏍᏗ ᎨᏒ ᏗᎦᏘᎴᎩ, ᎠᎴ ᏙᏥᏎᎪᎩᏍᎪ ᏙᏣᏘᏁᎪ ᏄᏓᎴᏒ ᎠᏓᏅᏖᏗ ᎨᏒ ᎦᎶᏁᏛ ᎬᏬᎯᏳᏗᏱ ᏃᏨᏁᎰᎢ;
6. ᎠᎴ ᎣᎦᏛᏅᎢᏍᏗ ᏦᏥᏍᏛᏗᏍᏙᏗᏱ ᎾᏂᎥ ᏄᏃᎯᏳᏒᎾ ᎨᏒᎢ, ᎾᎯᏳ ᎢᏦᎯᏳᏒ ᎤᎧᎵᏨᎯ ᎨᏎᏍᏗ.
7. ᏥᎪ ᎦᏚ-ᎢᏗᏢ ᏄᏍᏛ ᏗᎧᏃᏗᏱ ᎪᎱᏍᏗ ᏕᏣᎧᏂᏍᎪᎢ? ᎢᏳᏃ ᎩᎶ ᎤᏩᏒᏉ ᎠᏓᎵᏍᎦᏍᏙᏗᏍᎨᏍᏗ ᎦᎶᏁᏛ ᏥᏯᏤᎵ ᎠᏴ ᎢᎡᎵᏍᎨᏍᏗ, ᎤᏩᏒ ᎨᏒ ᏔᎵᏁ ᎯᎠ ᎾᏍᎩ ᏥᎠᏓᏅᏛᎵ, ᎾᏍᎩ ᎾᏍᎩᏯ ᎦᎶᏁᏛ ᎤᏤᎵ ᎨᏒ ᎾᏍᎩ, ᎾᏍᎩᏯ ᎾᏍᏉ ᎠᏴ ᎦᎶᏁᏛ ᎣᏣᏤᎵᎦ.
8. ᎢᏳᏰᏃ ᎾᏍᏉ ᎤᏟ ᎢᎦᎢ ᏯᏆᏢᏈᏍᏔᏅ ᏄᏍᏛ ᎣᎦᏒᎦᎸᎢ, ᎾᏍᎩ ᎤᎬᏫᏳᎯ ᏦᎩᏁᎸ ᎢᏣᎵᏍᏕᎸᏙᏗ ᎨᏒᎢ, ᎥᏝᏃ ᎡᎳᏗ ᎢᏰᏨᏁᏙᏗ ᎨᏒᎢ, ᎥᏝ ᏱᎦᎦᏕᎣᏍᎦ.
9. ᏞᏍᏗ ᎠᏗᎾ ᎢᏨᏲᏪᎳᏁᎲ ᎢᏨᏍᎦᏍᏓᏁᏗᏱᏉ ᏣᎩᏰᎸᏐ ᏱᏅᏩᏍᏕᏍᏗ.
10. ᏕᎪᏪᎵᏍᎬᏰᏃ ᏗᎦᎨᏗᏳ ᎠᎴ ᏧᎵᏂᎩᏗᏳ, ᎤᏙᎯᏳ, ᎠᎾᏗᎭ; ᎠᏰᎸᏍᎩᏂ ᏲᏪᎳᏗᏙᎭ ᎠᏩᎾᎦᎳᎯᏳ, ᎦᏬᏂᏍᎬᏃ ᎬᏕᎰᏙᏗᏉ.
11. ᎾᏍᎩ ᎢᏰᎵᏍᎩ ᎯᎠ ᎾᏍᎩ ᏄᏍᏕᏍᏗ ᎠᏓᏅᏖᏍᎨᏍᏗ, ᎾᏍᎩ ᎠᏴ ᎾᏍᎩᏯ ᏃᎦᏍᏛ ᎣᏥᏬᏂᏍᎬ ᏙᏦᏪᎵᏍᎬᎢ, ᎾᎿᎭᏫᏃᏤᏙᎲᎾ ᎨᏒᎢ, ᎾᏍᎩᏯ ᎾᏍᏉ ᏃᎦᏍᏕᏍᏗ ᏙᎩᎸᏫᏍᏓᏁᎲ ᎿᎭᏉ ᎾᎿᎭᏬᏤᏙᎮᏍᏗ.
12. ᎥᏝᏰᏃ ᏰᎵ ᎦᏲᎦᎵᏠᏯᏍᏙᏗ ᏱᎩ, ᎠᎴ ᏗᎦᏲᎦᏓᏟᎶᏍᏙᏗ ᏱᎩ ᏄᎾᏍᏛ ᎾᏍᎩ ᎤᏅᏒ ᎠᎾᏓᎸᏉᏗᏍᎩ; ᎾᏍᎩᏰᏃ ᎤᏅᏒ ᎨᏒ ᎤᏅᏒᏉ ᏄᎾᏍᏛ ᏓᎾᏓᏟᎶᏍᏗᏍᎬ, ᎠᎴ ᎤᏅᏒᏉ ᏓᎾᏓᏤᎳᏍᏗᏍᎬ ᎥᏝ ᏳᎾᏓᏅᏔ.
13. ᎠᏴᏍᎩᏂ ᎥᏝ ᏴᎦᏲᏣᏢᏈ ᎠᎦᏲᏥᎶᏒᏍᏓ ᎠᏟᎶᎥᎢ; ᎾᏍᎩᏯᏉᏍᎩᏂ ᏩᏍᏛ ᎢᏴᏛ ᎠᏟᎶᎥ ᎤᏁᎳᏅᎯ ᏙᎩᏲᎯᏎᎸᎢ, ᎾᏍᎩ ᎠᏟᎶᏍᏗ ᏂᎯ ᏗᏤᎲ ᏫᎦᎷᎩ.
14. ᎥᏝᏰᏃ ᏲᏥᎶᏒᏍᏗᎭ ᎣᎦᏟᎶᏒᎸᎢ, ᎾᏍᎩᏯ ᏂᎯ ᏗᏤᎲ ᏫᎦᏲᎩᎷᎯᏍᏗ ᏂᎨᏒᎾ ᏥᎨᏐ ᎢᏳᏍᏗ; ᏂᎯᏰᏃ ᎾᏍᏉ ᏗᏤᎲ ᎢᏴᏛ ᏬᎩᎷᏨ ᎣᏣᎵᏥᏙᎲᏍᎬ ᎣᏍᏛ ᎧᏃᎮᏛ ᎦᎶᏁᏛ ᎤᏤᎵᎦ;
15. ᏃᏣᏢᏈᏍᏗᏍᎬᎾ ᎠᏟᎶᎥ ᏙᏱᏗᏢ ᎨᏒᎢ, ᎾᏍᎩ ᎠᏂᏐᎢ ᏴᏫ ᏚᏂᎸᏫᏍᏓᏁᎸᎢ; ᎤᏚᎩᏍᎩᏂ ᎣᎬᏒᎢ, ᎾᏍᎩ ᎢᏦᎯᏳᏒ ᎿᎭᏉ ᎤᏁᏉᏨᎯ ᎨᏎᏍᏗ, ᏂᎯ ᏍᎩᏁᏉᎡᏗᏱ ᏍᎩᏍᏕᎸᏗᏱ ᏩᏍᏛ ᎢᏴᏛ ᎣᎦᏟᎶᎡᎸ ᏬᎩᎶᏒᏍᏙᏗᏱ,
16. ᎣᎦᎵᏥᏙᏗᏱ ᎣᏍᏛ ᎧᏃᎮᏛ ᏗᏤᎲ ᎤᏗᏗᏢ, ᎥᏝᏃ ᎣᎦᏢᏈᏍᏗᏱ ᏅᏗᎦᎵᏍᏙᏗᏍᎬ ᏅᏩᏓᏕ ᎩᎶ ᏩᏍᏛ ᎢᏴᏛ ᎠᎦᏟᎶᎡᎸᎢ, ᎦᏳᎳ ᎣᎦᏛᏅᎢᏍᏓᏁᎸᎯ ᎨᏒᎢ.
17. ᎩᎶᏍᎩᏂ ᎠᏢᏈᏍᎨᏍᏗ ᎤᎬᏫᏳᎯ ᎠᏢᏈᏍᏗᏍᎨᏍᏗ.
18. ᎥᏝᏰᏃ ᎾᏍᎩ Ꮎ ᎤᏩᏒ ᎠᏓᎸᏉᏗᏍᎩ ᏣᎦᏓᏂᎸᎢᏍᏗ ᏱᎩ, ᎾᏍᎩᏍᎩᏂ Ꮎ ᎤᎬᏫᏳᎯ ᎤᎸᏉᏔᏅᎯ.

== II Corinthians 11 ==
1. ᏲᎯᏉ ᎤᏍᏗᎩᏛ ᎤᏁᎳᎩ ᎨᏍᎩᏰᎵᏎᏗ ᏱᎩ ᎠᎩᏁᎫ ᎨᏒᎢ; ᎠᎴ ᎤᏙᎯᏳᎯ ᎤᏁᎳᎩ ᏍᎩᏰᎵᏏ.
2. ᏕᏨᏰᎷᎦᏰᏃ ᎤᏁᎳᏅᎯ ᏗᎬᏩᏓ ᏂᎸᎢᏍᏗ ᎠᏛᏳᎨᏗ ᎨᏒ ᎬᏗᎭ; ᏌᏉᏰᏃ ᎠᏍᎦᏯ ᏗᏣᏨᏍᏗᏱ ᏂᏨᏴᏁᎸ, ᎾᏍᎩ ᎤᎵᏏᎾᎯᏍᏗ ᎠᏛ ᎢᎦᎦᏛ ᎦᎶᏁᏛ ᏫᏗᏨᏲᎯᏎᏗᏱ.
3. ᎠᏎᏃ ᏥᎾᏰᏍᎦ, ᎾᏍᎩᏯ Ꮎ ᎢᎾᏛ ᏧᎶᏄᎮᎴ ᎢᏫ ᎠᏏᎾᏌᏅ ᏥᎬᏗᏍᎨᎢ, ᎾᏍᎩᏯ ᏕᏣᏓᏅᏛ ᏱᏓᎪᎸᎾ ᏗᏥᏲᎯᏍᏗᏱ ᏱᏂᎬᎦ ᏄᏠᎾᏍᏛᎾ ᎨᏒ ᎦᎶᏁᏛ ᎤᏤᎵᎦ.
4. ᎩᎶᏰᏃ ᎢᏥᎷᏤᎯ ᏅᏩᏓᎴ ᏥᏌ ᎠᎵᏥᏙᎲᏍᎨᏍᏗ, ᎾᏍᎩ Ꮎ ᎠᏴ ᎣᏣᎵᏥᏙᏅᎯ ᏂᎨᏒᎾ, ᎢᏳ ᎠᎴ ᏅᏩᏓᎴ ᎠᏓᏅᏙ ᏙᏣᏓᏂᎸᏨᎭ, ᎾᏍᎩ Ꮎ ᏗᏣᏓᏂᎸᏨᎯ ᏂᎨᏒᎾ, ᎠᎴ ᏅᏩᏓᎴ ᎣᏍᏛ ᎧᏃᎮᏛ, ᎾᏍᎩ Ꮎ ᏗᏣᏓᏂᎸᏨᎯ ᏂᎨᏒᎾ, ᎣᏏᏳᏉ ᎤᏁᎳᎩ ᏱᏤᎵᏒ.
5. ᎦᏓᏅᏖᏍᎬᏰᏃ ᎥᏝ ᎤᏍᏗ ᎤᏅ ᎡᏍᎦ ᏱᎦᏥᏲᎠᏍᎦ ᏄᏂᎬᏫᏳᏒ ᎨᏥᏅᏏᏛ ᎨᏒᎢ.
6. ᎤᏁᎳᎩ ᏅᏇᏲᏅᎾ ᏱᎩ ᎠᎩᏬᏂᎯᏍᏗᏱ, ᎠᏎᏃ ᎥᏝ ᎾᏍᎩ ᏱᏄᏍᏗ ᏥᎦᏔᎾᎥᎢ; ᏂᎦᎥᏉᏍᎩᏂ ᏃᎦᏍᏛ ᎬᏂᎨᏒ ᏃᎦᎵᏍᏔᏅ ᎾᏂᎥ ᎠᏂᎦᏔᎲ ᏂᎯ ᎢᏤᎲᎢ.
7. ᏥᎪ ᏥᏍᎦᏅᎩ ᎡᎳᏗ ᏥᎾᏆᏓᏛᏁᎸ, ᏂᎯ ᎡᏥᏌᎳᏙᏗᏱ, ᎾᏍᎩ ᏂᏗᏨᎬᏩᎶᏓᏁᎸᎾ ᏥᎩ ᎣᏍᏛ ᎧᏃᎮᏛ ᎤᏁᎳᏅᎯ ᎤᏤᎵᎦ ᎢᏨᏯᎵᏥᏙᏁᎸᎢ?
8. ᏕᎦᏥᎾᏌᏅ ᏅᏩᎾᏓᎴ ᏧᎾᏁᎶᏗ ᏚᎾᏓᏡᏩᏗᏒᎢ, ᏥᎩᏍᎬᎩ ᎬᏆᎫᏴᎡᎲᎢ, ᏂᎯ ᎪᎱᏍᏗ ᎢᏨᏯᏛᏁᏗᏱ.
9. ᎠᎴ ᎾᎯᏳ ᏥᏨᏰᎳᏗᏙᎲᎩ ᎠᎴ ᎠᏆᏚᎸᎲᎥᎦ, ᎥᏝ ᎩᎶ ᏯᏆᎫᏱᏍᎨᎢ; ᎾᏍᎩᏰᏃ ᎠᎩᏂᎬᏎᎲᎢ, ᎣᏣᎵᏅᏟ ᎹᏏᏙᏂ ᏅᏓᏳᏂᎶᏒᎯ ᎬᎩᏁᎲᎩ; ᎠᎴ ᏂᎦᎥᏉ ᎠᏆᏟᏂᎬᏁᎸ ᎢᏨᏐᏈᎸᏗᏱ ᏂᎨᏒᎾ, ᎠᎴ ᎠᏏᏉ ᎾᏍᎩ ᏂᎦᏛᏁᎮᏍᏗ.
10. ᎾᏍᎩᏯ ᎦᎶᏁᏛ ᎤᏤᎵ ᎦᏰᎪᎩ ᏂᎨᏒᎾ ᎨᏒ ᏣᎩᏯᎠ, ᎥᏝ ᎥᎩᏲᎯᏍᏓᏁᏗ ᏱᎨᏎᏍᏗ ᎯᎠ ᎾᏍᎩ ᎦᏢᏈᏍᎬ ᎡᎧᏯ ᏂᎬᎾᏛᎢ.
11. ᎦᏙᏃ? ᏥᎪ ᏂᏨᎨᏳᏒᎾ ᎨᏒ ᎢᏳᏍᏗ? ᎤᏁᎳᏅᎯ ᎠᎦᏔᎭ.
12. ᎠᏎᏃ ᏂᎦᏛᏁᎲ ᎾᏍᎩ ᏂᎦᎦᏛᏁᎮᏍᏗ, ᎾᏍᎩ ᎦᏥᏲᏍᏙᏓᏁᏗᏱ ᎤᎾᏜᏓᏅᏓᏕᏗᏱ ᎾᏍᎩ Ꮎ ᏧᎾᏚᎵᎭ ᎤᎾᏜᏓᏅᏓᏕᏗᏱ; ᎾᏍᎩ ᎾᎿᎭᎠᎾᏢᏈᏍᎬ ᎾᏍᎩ ᎠᏴ ᏃᎦᏍᏛ ᎾᏍᎩᏯ ᏄᎾᏍᏛ ᎬᏂᎨᏒ ᏱᏂᎦᎵᏍᏓ.
13. ᎯᎠᏰᏃ ᎾᏍᎩ Ꮎ ᎤᎾᏠᎾᏍᎩ ᎨᏥᏅᏏᏛ, ᎤᎾᏓᎵᏓᏍᏗ ᏧᏂᎸᏫᏍᏓᏁᎯ, ᎦᎶᏁᏛ ᏧᏤᎵ ᎨᏥᏅᏏᏛ ᎠᎾᏤᎸᏍᎩ.
14. ᎥᏝ ᎠᎴ ᏳᏍᏆᏂᎪᏗ; ᏎᏓᏂᏰᏃ ᎤᏩᏒ ᏗᎧᎿᎭᏩᏗᏙᎯ ᎢᎦ-ᎦᏛ ᎡᎯ ᎠᏤᎸᏍᎪᎢ.
15. ᎾᏍᎩ ᎢᏳᏍᏗ ᎥᏝ ᎤᏣᏘ ᎤᏍᏆᏂᎪᏗᏳ ᏱᎩ ᎾᏍᏉ ᎾᏍᎩ ᏧᏅᏏᏓᏍᏗ ᏚᏳᎪᏛ ᎨᏒ ᎨᏥᏅᏏᏓᏍᏗ ᏯᎾᏤᎸᏍᎦ; ᎾᏍᎩ ᎤᎵᏍᏆᎸᏗ ᎢᏳᎾᎵᏍᏓᏁᏗ ᎨᏒ ᎾᏍᎩᏯ ᏚᏂᎸᏫᏍᏓᏁᎸ ᎨᏎᏍᏗ.
16. ᏔᎵᏁ ᎯᎠ ᏂᏥᏪᎭ, ᏞᏍᏗ ᎩᎶ ᎤᏁᎫ ᏯᏇᎵᏎᎮᏍᏗ; ᎢᏳ ᎠᏗᎾ ᎾᏍᎩ ᏄᏍᏕᏍᏗ, ᎠᏎ ᎠᎩᏁᎫ ᎾᏍᎩᏯ ᏗᏍᎩᏯᏓᏂᎸᎩ, ᎾᏍᎩ ᎠᏴ ᎤᏍᏗ ᎠᏆᏢᏈᏍᏗᏱ.
17. ᎾᏍᎩ ᎯᎠ ᏂᏥᏪᏍᎬ ᏥᏁᎬ ᎥᏝ ᎤᎬᏫᏳᎯ ᎢᏳᏪᏍᏗ ᏱᏥᏁᎦ, ᎠᎩᏁᎫᏍᎩᏂ ᎾᏍᎩᏯ ᏥᏁᎦ, ᎯᎠ ᎾᏍᎩ ᏂᏥᎾᏰᏍᎬᎾ ᎨᏒ ᏥᎬᏗᎭ ᏥᎦᏢᏆᏍᎦ.
18. ᎾᏍᎩᏃ ᏧᏂᏣᏔ ᏣᎾᏢᏈᏍᎦ ᎤᏇᏓᎵ ᎬᏙᏗ ᎨᏒᎢ, ᎠᏴ ᎾᏍᏉ ᏓᎦᏢᏆᏏ.
19. ᎤᏂᏁᎫᏰᏃ ᎤᎾᏁᎳᎩ ᏙᏤᎵᏎᎭ ᎣᏏᏳ ᎢᏥᏰᎸᎭ, ᏂᎯ ᎢᏥᎦᏔᎾᎢ ᎨᏒ ᎢᏳᏍᏗ.
20. ᎤᏁᎳᎩᏰᏃ ᎢᏤᎵᏍᎪ ᎢᏳᏃ ᎩᎶ ᏱᏗᏥᎾᏢᏅ, ᎢᏳᏃ ᎩᎶ ᎠᏒᎭ ᏱᏂᏨᏁᎸ, ᎢᏳᏃ ᎩᎶ [ᎪᎱᏍᏗ ᎢᏥᎲ] ᏱᏥᎩᎡᎸ, ᎢᏳᏃ ᎩᎶ ᎤᏩᏒ ᏳᏓᎵᏌᎳᏓᏅ, ᎢᏳᏃ ᎩᎶ ᏕᏣᎧᏛ ᏱᏨᏂᎸ.
21. ᎤᏕᎰᎯᏍᏗ ᎨᏒ ᎤᎬᏩᎵ ᏥᏁᎦ, ᎾᏍᎩ ᏦᏥᏩᎾᎦᎳ ᎪᎪᏎᎲᎢ. ᎾᎿᎭᏍᎩᏂᏃᏅ ᎩᎶ ᎬᏩᎾᏰᎯᏍᏗ ᏂᎨᏒᎾ ᎨᏒ (ᎤᏁᎫ ᎤᏁᎢᏍᏗ ᏥᏁᎦ,) ᎠᏴ ᎾᏍᏉ ᏂᏥᎾᏰᏍᎬᎾ.
22. ᏥᎪ ᎢᎾᏈᎷ ᎾᏍᎩ? ᎠᏴ ᎾᏍᏉ. ᏥᎪ ᎠᏂᎢᏏᎵ? ᎠᏴ ᎾᏍᏉ. ᎡᏆᎭᎻᏍᎪ ᏧᏁᏢᏔᏅᏛ ᎾᏍᎩ? ᎠᏴ ᎾᏍᏉ.
23. ᏥᎪ ᎦᎶᏁᏛ ᏧᏅᏏᏓᏍᏗ ᎾᏍᎩ? (ᎤᏁᎫ ᎤᏁᎢᏍᏗ ᏥᏁᎦ,) ᎠᏴ ᎤᏟᎢ; ᏓᎩᎸᏫᏍᏓᏁᎲ ᎤᏟ ᎢᎦᎢ; ᎥᎩᎵᎥᏂᎸ ᎤᏟᎯᏳ ᎢᎦᎢ; ᏗᎦᏍᏚᏗᏱ ᎥᎩᏴᏔᏅᎢ ᎤᏟ ᎢᎦᎢ; ᎠᎩᏲᎱᏏᏕᎾ ᎨᏒ ᏯᏃᏉ;
24. ᎠᏂᏧᏏ ᎯᏍᎩ ᏂᎬᎩᎵᎥᏂᎸᎩ ᎢᏳᏍᏗᎭ ᏌᏉ ᎦᎷᎶᎩ ᏅᎦᏍᎪᎯ ᎢᎬᏋᏂᏍᏗᏱ;
25. ᏦᎢ ᎢᏳᏩᎫᏗ ᎦᎾᏍᏓ ᏕᎬᎩᎵᎥᏂᏍᏔᏅᎩ; ᏌᏉ ᏅᏯ ᏂᏕᎬᏋᏂᏍᏔᏅᎩ; ᏦᎢ ᎢᏳᏩᎫᏗ ᏥᏳ ᎠᏆᏦᏛ ᎤᏲᏨᎩ; ᎤᎵᏨᏓᏆᏛ ᎠᎴ ᎤᏙᏓᏆᏛ ᎠᏍᏛᎬ ᎾᏆᏛᏅᎩ;
26. ᎨᏙᎲ ᏯᏃᏉ; ᎡᏉᏂ ᏕᎨᏴ ᎤᎾᏰᎯᏍᏗᏳ ᎨᏒᎢ; ᏗᎾᏓᎾᏌᎲᏍᎩ ᎤᏂᎾᏰᎯᏍᏗᏳ ᎨᏒᎢ; ᏗᏆᏤᎵ ᏴᏫ ᎤᏂᎾᏰᎯᏍᏗᏳ ᎨᏒᎢ; ᏧᎾᏓᎴᏅᏛ ᏴᏫ ᎤᏂᎾᏰᎯᏍᏗᏳ ᎨᏒᎢ; ᎦᏚᎲ ᎤᎾᏰᎯᏍᏗᏳ ᎨᏒᎢ; ᎢᎾᎨ ᎨᏒ ᎤᎾᏰᎯᏍᏗᏳ ᎨᏒᎢ; ᎠᎺᏉᎯ ᎤᎾᏰᎯᏍᏗᏳ ᎨᏒᎢ; ᎤᎾᏠᎾᏍᏗ ᎣᏣᎵᏅᏟ ᎤᏂᎾᏰᎯᏍᏗᏳ ᎨᏒᎢ;
27. ᏓᎩᏯᏪᏥᏙᎸ ᎠᎴ ᎡᎯᏍᏗ ᎾᏆᎵᏍᏓᏁᎸᎢ; ᏯᏃᎩᏳ ᏂᏥᎸᏍᎬᎾ ᎨᏒᎢ; ᎠᎪᏄ ᎠᎩᏲᏏᏍᎬᎢ ᎠᎴ ᎠᎩᏔᏕᎩᏍᎬᎢ; ᏯᏃᎩᏳ ᎠᎹᏟ ᎬᏍᎬᎢ; ᎤᏴᏢ ᎠᎴ ᎠᎩᏰᎸᎭ ᎨᏒᎢ.
28. ᏂᏓᏠᏯᏍᏛᎾ ᏧᏓᎴᏅᏛ, ᎾᏍᎩ ᏂᏚᎩᏨᏂᏒ ᏣᎩᎷᏤᎭ, ᎾᏍᎩ Ꮎ ᏗᏆᎦᏌᏯᏍᏙᏗᏱ ᏂᎦᏛ ᏧᎾᏁᎶᏗ ᏚᎾᏓᏡᏩᏗᏒᎢ.
29. ᎦᎪ ᎠᏩᎾᎦᎶᎢ, ᎠᏴᏃ ᏂᏥᏩᏂᎦᎸᎾ ᎨᏐᎢ? ᎦᎪ ᏚᏬᏕᎯᎰᎢ, ᎠᏴᏃ ᏂᏥᎴᏴᏍᎬᎾ ᎨᏐᎢ?
30. ᎢᏳᏃ ᎠᏎ ᎠᏆᏢᏈᏍᏗ ᎨᏎᏍᏗ, ᏥᏩᎾᎦᎵᏳ ᎨᏒ ᎤᎬᏩᎵ ᏓᎦᏢᏆᏏ.
31. ᎤᎬᏫᏳᎯ ᎢᎦᏤᎵ ᏥᏌ ᎦᎶᏁᏛ ᎤᏤᎵ ᎤᏁᎳᏅᎯ ᎠᎴ ᎤᏙᏓ, ᎾᏍᎩ ᏂᎪᎯᎸ ᎦᎸᏉᏙᏗ ᏥᎩ, ᎠᎦᏔᎭ ᏂᎦᏥᎪᎥᏍᎬᎾ ᎨᏒᎢ.
32. ᏕᎹᏍᎦ ᏫᎨᏙᎲ ᏄᎬᏫᏳᏎᏕᎩ ᎡᎵᏓ ᎤᎬᏫᏳᎯ ᎤᏪᎧᏅᎯ, ᎠᏯᏫᏍᎬᎩ ᎠᏂᏕᎹᏍᎦ ᎤᏂᏚᎲᎢ ᎾᏍᎩ ᎤᏚᎵᏍᎬ ᎠᎩᏂᏴᏗᏱ;
33. ᎠᏦᎳᏅᏃ ᏓᎬᎩᏄᎪᏫᏒᎩ ᏔᎷᏣᎩᎯ ᎬᏆᏦᏗ ᎬᏆᏠᎥᏔᏅᎩ ᎠᏐᏳᎶᏗ, ᎠᎴ ᏥᏯᏗᏫᏎᎸᎩ.

== II Corinthians 12 ==
1. ᎥᏝ ᎬᏩᏓᏍᏕᎸᏗ ᏱᎩ ᎤᏙᎯᏳᎯ ᎠᏆᏢᏈᏍᏗᏱ; ᎾᏍᎩ ᎢᏳᏍᏗ ᏓᏥᏁᎢᏍᏔᏂ [ᎩᎶ] ᎤᏁᎳᏫᏎᎸ ᎠᎴ ᎤᎬᏫᏳᎯ ᎬᏂᎨᏒ ᏄᏩᏁᎸᎢ.
2. ᏥᎦᏔᎲᎩ ᎠᏍᎦᏯ ᎦᎶᏁᏛ ᎪᎯᏳᎲᏍᎩ, ᎿᎭᏉ ᏂᎦᏚ ᎾᏕᏘᏴ, (ᎠᏯᎥ ᎠᏰᎸ ᎥᏝ ᏱᏥᎦᏔᎭ, ᎠᎴ ᎠᏰᎸ ᎾᏯᎥᎾ ᎨᏒ ᎥᏝ ᏱᏥᎦᏔᎭ; ᎤᏁᎳᏅᎯ ᎠᎦᏔᎭ;) ᎾᏍᎩ ᎯᎠ ᎠᎦᏘᎾᏫᏛᎲᎩ ᏦᎢᏁ ᎦᎸᎶ ᏗᎨᏒ ᏩᎦᏘᏃᎸᎩ.
3. ᎠᎴ ᏥᎦᏔᎯ ᎨᏒᎩ ᎾᏍᎩ, (ᎠᏰᎸ ᎠᏯᎥ, ᎠᎴ ᎠᏰᎸ ᎾᏯᎥᎾ ᎨᏒ ᎥᏝ ᏱᏥᎦᏔᎭ; ᎤᏁᎳᏅᎯ ᎠᎦᏔᎭ;)
4. ᎾᏍᎩ Ꮎ ᎠᎦᏘᎾᏫᏛᎲᎩ ᏅᏩᏙᎯᏯᏛ ᏗᎨᏒ ᏩᎦᏘᏃᎸᎩ, ᎠᎴ ᎤᏛᎦᏅᎩ ᎠᏂᏬᏂᏍᎬ ᎢᎦᏪᏍᏗ ᏂᎨᏒᎾ, ᏂᏚᏳᎪᏛᎾ ᎨᏒ ᏴᏫ ᎾᏍᎩ ᎢᏳᏪᏍᏗᏱ.
5. ᎾᏍᎩ Ꮎ ᏥᏁᎢᏍᏗᏍᎬ ᏱᎦᏢᏈ; ᎠᏋᏒᏍᎩᏂ ᎦᏓᏁᎢᏍᏗᏍᎬ ᎥᏝ ᏴᎦᎦᏢᏈ, ᏥᏩᎾᎦᎵᏳ ᎨᏒ ᎤᏩᏒ.
6. ᎢᏳᏰᏃ ᏯᏆᏚᎵ ᎠᏆᏢᏈᏍᏗᏱ, ᎥᏝ ᎠᎩᏁᎫ ᏱᎦᎨᏎᏍᏗ; ᎤᏙᎯᏳᎯᏰᏃ ᎨᏒ ᏱᏥᏃᎲᎵ; ᎠᏎᏃ ᎤᏁᎳᎩ ᎥᎨᎳ, ᏅᏗᎦᎵᏍᏙᏗᎭ ᎩᎶ ᎠᏆᏓᏅᏖᏍᎬ ᎤᏟ ᏱᏂᎠᎩᎸᏉᏗ ᎠᏃ ᎾᏆᏍᏛ ᎠᎩᎪᏩᏘᏍᎬᎢ, ᎠᎴ ᏄᏍᏛ ᎠᏆᏛᎩᏍᎬᎢ.
7. ᎾᏍᎩᏃ ᎤᎶᏒᏍᏔᏅᎯ ᎠᏆᎵᏌᎳᏙᏗᏱ ᏂᎨᏒᎾ ᎢᏳᎵᏍᏙᏗᏱ ᏅᏗᎦᎵᏍᏙᏗᏍᎬ ᎤᏣᏘ ᎥᎩᎾᏄᎪᏫᏎᎸᎩ, ᎠᎩᏣᏲᎯᎯ ᎥᎩᏁᎸᎩ ᎠᎩᏇᏓᎸᎢ, ᏎᏓᏂ ᎤᏅᏏᏛ ᎠᏋᏂᎯ, ᎾᏍᎩ ᎤᎶᏒᏍᏔᏅᎯ ᎠᏆᎵᏌᎳᏙᏗᏱ ᏂᎨᏒᎾ ᎢᏳᎵᏍᏙᏗᏱ.
8. ᎾᏍᎩ ᎯᎠ ᎤᎬᏩᎵ ᏦᎢ ᏂᏥᏔᏲᏎᎸᎩ ᎤᎬᏫᏳᎯ ᎾᏍᎩ ᎠᏆᏓᏅᎡᏗᏱ.
9. ᎯᎠᏃ ᎾᎩᏪᏎᎸᎩ, ᎬᏩᎦᏘᏯ ᎠᏆᏓᏙᎵᏍᏗ ᎨᏒ ᏰᎵᏉ ᎨᏣᎵᏍᏕᎸᏙᏗ; ᎠᏆᎵᏂᎬᎬᏰᏃ ᎤᎧᎵᏨᎯ ᎢᎬᏁᎸᎯ ᎾᎿᎭᏩᎾᎦᎳ ᎨᏒᎢ. ᎾᏍᎩ ᎢᏳᏍᏗ ᎤᏣᏘ ᎠᏆᎵᎮᎵᏨᎯ ᎤᏟ ᎠᎩᏰᎸᎭ ᎠᏆᏢᏈᏍᏗᏱ ᏥᏩᎾᎦᎵᏳ ᎨᏒᎢ, ᎾᏍᎩ ᎤᎵᏂᎩᏗᏳ ᎨᏒ ᎦᎶᏁᏛ ᎠᏊᏢᏙᏗᏱ.
10. ᎾᏍᎩ ᎢᏳᏍᏗ ᎦᎵᎡᎵᎦ ᏥᏩᎾᎦᎵᏳ ᎨᏒᎢ, ᎦᏴᎩᏐᏢᏛᎢ, ᎠᎩᏂᎩᏛ ᎨᏒᎢ, ᎤᏲ ᏅᏋᎿᎭᏕᎬᎢ, ᎡᎯᏍᏗ ᎠᏆᏓᏅᏔᏩᏕᎬ ᎦᎶᏁᏛ ᏅᏗᎦᎵᏍᏙᏗᏍᎬᎢ; ᏥᏩᏂᎦᎵᏳᏰᏃ ᏥᎨᏐ, ᎾᎯᏳ ᎠᏆᎵᏂᎩᏗᏳ ᎨᏐᎢ.
11. ᎠᎩᏁᎫ ᎾᏆᎵᏍᏔᏅ ᎦᏢᏆᏍᎬᎢ; ᏂᎯ ᏂᏍᎩᏴᏂᏌᏏ; ᏂᎯᏰᏃ ᏍᎩᎸᏉᏙᏗ ᎨᏒᎩ; ᎥᏝᏰᏃ ᏑᏓᎴᎩ ᎤᏅ ᎡᏍᎦ ᏱᎦᏥᏲᎠᏍᎦ ᏄᏂᎬᏫᏳᏒ ᎨᏥᏅᏏᏛ, ᎾᏍᏉ ᎠᏴ ᎪᎱᏍᏗ ᏂᎨᏒᎾ ᏱᎩ.
12. ᎤᏙᎯᏳᎯᏯ ᎠᏙᎴᎰᎯᏍᏙᏗ ᎥᎩᏅᏏᏛ ᎨᏒ ᏗᎦᎸᏫᏍᏓᏁᎸᎯ ᏂᎦᎵᏍᏗᎭ ᎢᏤᎲᎢ, ᎬᏔᏅᎯ ᎤᏣᏘ ᎬᏂᏗᏳ ᎨᏒᎢ, ᎤᏰᎸᏛᎢ, ᎤᏍᏆᏂᎪᏗ ᏕᎦᎸᏫᏍᏓᏁᎸᎢ, ᎠᎴ ᎤᎵᏂᎩᏛ ᏕᎦᎸᏫᏍᏓᏁᎸᎢ.
13. ᎦᏙᏃ ᎤᏍᏗ ᎾᏍᎩ ᎾᎿᎭᎡᏍᎦ ᏕᏦᎭᏍᎦ ᏗᏐᎢ ᏧᎾᏁᎶᏗ ᏚᎾᏓᏡᏩᏗᏒᎢ, ᎯᎠ ᎤᏩᏒ, ᎾᏍᎩ ᎠᏴ ᎠᏋᏒ ᎦᎨᏛ ᏂᏨᏴᏁᎸᎾ ᎨᏒᎢ? ᎨᏍᎩᎥᏏᏉ ᎠᏗᎾ ᎯᎠ ᎾᏍᎩ ᎤᏣᏘᏂ ᏂᏨᏯᏛᏁᎸᎢ.
14. ᎬᏂᏳᏉ, ᏦᎢᏁ ᎠᏆᏛᏅᎢᏍᏗ ᏫᏨᎷᏤᏗᏱ; ᎥᏝ ᎠᎴ ᎦᎨᏛ ᏱᏅᎨᏨᏴᎦ; ᎥᏝᏰᏃ ᎪᎱᏍᏗ ᎢᏥᎲ ᏱᎩᏲᎭ, ᏂᎯᏍᎩᏂ ᎢᏨᏲᎭ; ᏗᏂᏲᎵᏰᏃ ᎥᏝ ᏧᏂᎦᏴᎵᎨ ᏧᎾᏓᏁᎳᏁᏗ ᏱᎩ, ᎠᏂᎦᏴᎵᎨᏍᎩᏂ ᏧᏁᏥ ᏧᎾᏓᏁᎳᏁᏗ ᎨᏐᎢ.
15. ᎠᎴ ᎤᏣᏘ ᎣᏏᏳ ᎠᎩᏰᎸᏎᏍᏗ ᎠᏆᎫᏴᎯᏓᏍᏗᏱ ᎠᎴ ᎠᏋᏒ ᎠᏆᏗᏒᎲᏍᏗᏱ ᏗᏣᏓᏅᏙ ᏕᏥᏍᏕᎵᏍᎬᎢ, ᎾᏍᏉ ᎧᏁᏉᎬ ᎢᏨᎨᏳᏒᎢ ᎤᎦᏲᎶᎯᏍᏗᏱ ᏱᏂᎬᏁᎭ ᏍᎩᎨᏳᏒᎢ.
16. ᎠᏗᎾ ᎤᏁᎳᎩ ᎾᏍᎩ ᏄᏍᏕᏍᏗ, ᎾᏍᎩ ᎦᎨᏛ ᏂᏨᏴᏁᎸᎾ ᎨᏒᎢ; ᎠᏎᏃ ᏥᏏᎾᏌᏂᏳ ᎨᏒ, ᎦᎶᏄᎮᏛ ᎠᏋᏔᏅᎩ ᏕᏨᏂᏴᎲᎩ.
17. ᏥᎪ ᎢᏨᎶᏄᎡᏍᎨ ᎦᏥᏴᏗᏍᎨ ᎩᎶ ᎦᏥᏅᏏᏛ ᏫᎨᏥᎷᏤᎸᎯ?
18. ᏓᏓᏏ ᏥᏔᏲᏎᎸᎩ, ᎠᎴ ᎠᏁᎩ ᎥᏥᏅᏒᎩ ᎢᏓᎵᏅᏟ. ᏥᎪ ᏓᏓᏏ ᎢᏥᎶᏄᎮᎴᎢ? ᏝᏍᎪ ᎤᏠᏱᏉ ᎠᏓᏅᏙ ᏲᏍᏛᏗᏍᎨ ᎣᏍᏕᏙᎲᎢ? ᏝᏍᎪ ᏌᏉ ᏱᎨᏎ ᏙᏍᏓᎳᏏᏂᏙᎲᎢ?
19. ᎠᎴᏬ, ᏥᎪ ᎣᏣᎵᏍᏕᎵ ᎢᏤᎵᎭ ᎢᏥᎦᏔᎲᎢ? ᎤᏁᎳᏅᎯ ᎠᎦᏔᎲ ᎣᏥᏁᎦ ᎦᎶᏁᏛ ᏧᏪᏲᏅᎯ ᎾᏍᎩᏯᎢ; ᎠᏎᏃ ᎢᏨᎨᏳᎢ, ᏂᎦᎥ ᏂᎯ ᎢᏣᎵᏂᎪᎯᏍᏙᏗ ᎤᎬᏩᎵ [ᎣᏥᏁᎦ.]
20. ᏥᎾᏰᏍᎦᏰᏃ ᎾᏍᎩ ᏫᏥᎷᏨᎭ ᎾᏍᎩ ᏂᏣᏍᏛᎾᏉ ᎨᏒ ᏄᏍᏛ ᎠᏆᏚᎵᏍᎬ ᎢᏨᏩᏛᏗᏱ, ᎠᎴ ᎠᏋᏒ ᎨᏒ ᏍᎩᎪᏩᏛᏗᏱ ᎾᏍᎩᏯ ᏂᏣᏚᎵᏍᎬᎾ ᎨᏒᎢ; ᎠᎴ ᎠᎩᏩᏛᏗᏱ ᏗᏘᏲᏍᏗ ᎨᏒᎢ, ᎠᏛᏳᎨᏗ ᎨᏒᎢ, ᎠᏔᎳᏬᎯᏍᏗ ᎨᏒᎢ, ᎠᏗᏒᏍᏗ ᎨᏒᎢ, ᎤᏲ ᏗᏓᏃᎮᎵᏓᏍᏗ ᎨᏒᎢ, ᎠᏙᏅᏗ ᎨᏒᎢ, ᎤᏟ ᎠᏤᎸᏗ ᎨᏒᎢ, ᏧᏓᎴᏅᏛ ᎢᎬᏁᏗ ᎨᏒᎢ;
21. ᎠᎴ [ᏥᎾᏰᏍᎦ,] ᏔᎵᏁ ᏫᏥᎷᏨᎭ, ᎠᏆᏁᎳᏅᎯ ᎠᏆᏕᎰᎯᏍᏙᏗᏱ ᎢᏥᎦᏔᎲᎢ, ᎠᎴ ᎦᏥᏍᎪᏂᏍᏗᏱ ᎤᏂᏣᏘ ᎦᏳᎳ ᎤᏂᏍᎦᏅᏨᎯ ᏥᎩ, ᎠᎴ ᎤᏲ ᏄᏂᏰᎸᏅᎾ ᏥᎩ ᎦᏓᎭ ᏄᎾᏛᏁᎸᎢ, ᎠᎴ ᎤᏕᎵᏛ ᏚᎾᏂᏏᏅᎢ, ᎠᎴ ᎤᎾᎵᏐᏢᎢᏍᏔᏅᎢ.

== II Corinthians 13 ==
1. ᎪᎯ ᎾᏍᎩ ᏦᎢᏁ ᎿᎭᏉ ᏥᏮᏓᏨᎷᏤᎵ. ᎠᏂᏔᎵ ᎠᎴ ᏦᎢ ᎠᏂᎦᏔᎯ ᏗᎬᏙᏗ ᎨᏎᏍᏗ ᎠᏍᏓᏱᏗᏍᏗ ᏂᎦᎥ ᎧᏃᎮᏗ ᎨᏒᎢ.
2. ᎦᏳᎳ ᎯᎠ ᎾᎩᏪᏒ, ᎠᎴ ᎢᎬᏱ ᎦᏰᎯ ᎯᎠ ᏂᏥᏪᎭ, ᏔᎵᏁ ᏥᏫᏥᎦᏔᎰ ᎾᏍᎩᏯᎢ, ᎠᎴ ᎠᎩᎪᏁᎸ ᎪᎯ ᎨᏒ ᎦᏥᏲᏪᎳᏁᎭ ᎾᏍᎩ Ꮎ ᎦᏳᎳ ᎤᏂᏍᎦᏅᏨᎯ ᏥᎩ, ᎠᎴ ᏂᎦᏛᏉ ᎠᏂᏐᎢ, ᎾᏍᎩ ᎢᏳ ᏔᎵᏁ ᏱᏫᎠᎩᎷᏨ, ᎥᏝ ᏴᎦᎦᎵᏏᏅᏓ;
3. ᏂᎦᎵᏍᏙᏗᎭ ᏥᏥᏲᎭ ᎪᎯᏳᏗᏍᎩ ᎦᎶᏁᏛ ᎠᏴ ᎠᏋᏗᏍᎬ ᎧᏁᎬᎢ, ᎾᏍᎩ ᎢᏥᎦᏔᎲ ᎥᏝ ᎠᏩᎾᎦᎳ ᏱᎩ, ᎤᎵᏂᎩᏗᏳᏍᎩᏂ ᎢᎬᏁᎸᎯ ᎢᏤᎲᎢ,
4. ᎤᏙᎯᏳᎯᏍᎩᏂᏃᏅ ᎠᏩᎾᎦᎳᎯᏳ ᎨᏒ ᏓᏓᎾᏩᏍᏛ ᎠᎦᏛᏅᎩ, ᎠᏎᏃ ᎬᏃᏛ ᎢᏯᎬᏁᎸᎯ ᎬᏔᏅᎯ ᎤᎵᏂᎩᏗᏳ ᎨᏒ ᎤᏁᎳᏅᎯ. ᎠᏴ ᎾᏍᏉ ᎾᏍᎩ ᎣᏥᏯᎥ ᏦᏥᏩᎾᎦᎳᎯᏳ, ᎠᏎᏃ ᎢᏧᎳᎭ ᏙᏨᏁᏍᏗ ᎾᏍᎩ, ᎤᏁᎳᏅᎯ ᎤᎵᏂᎩᏗᏳ ᎨᏒ ᎢᏨᏴᏓᏁᎲ ᏂᎯ.
5. ᎢᏣᏓᎪᎵᏯ ᎢᏨᏒ, ᎾᏍᎩ ᎢᏦᎯᏳᎯ ᏱᎩ, ᎠᎴ ᎢᏦᎯᏳᎯ ᏂᎨᏒᎾ ᏱᎩ; ᎢᏣᏙᎴᎰᎯ ᏂᏣᏍᏛᎢ. ᏝᏍᎪ ᎢᏨᏒ ᏱᏣᏓᎦᏔᎭ ᎾᏍᎩ ᏥᏌ ᎦᎶᏁᏛ ᎢᏥᏯᎥᎢ, ᎢᏳᏍᎩᏂᏃᏅ ᎡᏥᏐᏅᎢᏍᏔᏅᎯ ᏱᎩ.
6. ᎠᏎᏃ ᎤᏚᎩ ᎬᏍᎦ ᎾᏍᎩ ᎢᏥᎦᏙᎥᎯᏍᏗᏱ ᎾᏍᎩ ᎠᏴ ᎣᎩᏐᏅᎢᏍᏔᏅᎯ ᏂᎨᏒᎾ ᎨᏒᎢ.
7. ᎤᏁᎳᏅᎯᏍᎩᏂ ᏥᏔᏲᏎᎭ ᎾᏍᎩ ᏂᎯ ᎪᎱᏍᏗ ᎤᏐᏅ ᏗᏥᎸᏫᏍᏓᏁᏗᏱ ᏂᎨᏒᎾ; ᎥᏝ ᎠᏴ ᎣᏏᏳ ᎣᎩᏰᎸᏒ ᎬᏂᎨᏒ ᎢᏳᎵᏍᏙᏗᏱ ᎠᏆᏚᎵᏍᎬ ᏱᏅᏗᎦᎵᏍᏙᏗᎭ, ᏂᎯᏍᎩᏂ ᎾᏍᎩ Ꮎ ᏚᏳᎪᏛ ᎨᏒ ᎢᏣᏛᏁᏗᏱ, ᎤᏁᎳᎩ ᎣᎩᏐᏅᎢᏍᏔᏅᎯ ᏱᏅᏩᏍᏗ.
8. ᎥᏝᏰᏃ ᏰᎵ ᏴᎦᏲᏣᏡᏓ ᎤᏙᎯᏳᎯ ᎨᏒᎢ, ᏲᏥᏍᏕᎸᏍᎩᏂ ᎤᏙᎯᏳᎯ ᎨᏒᎢ.
9. ᎣᏏᏳᏰᏃ ᎣᎩᏰᎸᎭ ᏦᏥᏩᎾᎦᎳ ᏥᎨᏐᎢ, ᏂᎯᏃ ᏥᏕᏣᎵᏂᎬᎪᎢ; ᎯᎠᏃ ᎾᏍᏉ ᎣᎦᏚᎵᎭ, ᎾᏍᎩ ᏂᏥᎪᎸᎾ ᎢᏣᎵᏍᏙᏗᏱ.
10. ᎾᏍᎩ ᏅᏗᎦᎵᏍᏙᏗᎭ ᎯᎠ ᎾᏍᎩ ᏥᏄᏍᏗ ᏥᏨᏲᏪᎳᏁᎭ ᎠᎩᎪᏁᎸᎢ, ᎾᏍᎩ ᎾᎯᏳ ᏥᎦᏔᎮᏍᏗ ᎬᏍᎦᎢᏍᏓᎩ ᎠᏋᏔᏂᏓᏍᏗᏱ ᏂᎨᏒᎾ, ᎾᏍᎩᏯ ᎢᎬᏆᏛᏁᏗ ᎠᏆᎵᏍᎪᎸᏓᏁᎸ ᎤᎬᏫᏳᎯ, ᎾᏍᎩ ᏧᎾᎵᏂᎪᎯᏍᏗ ᎨᏒᎢ, ᎥᏝᏃ ᎤᏂᏛᏙᏗ ᎨᏒᎢ.
11. ᎤᎵᏍᏆᎸᏗᏃ, ᎢᏓᎵᏅᏟ, ᏅᏩᏙᎯᏯᏛᏉ ᏂᏣᏛᎿᎭᏕᎨᏍᏗ. ᎪᎱᏍᏗ ᏂᏥᎪᎸᎾ ᎨᏎᏍᏗ, ᎤᎦᎵᏍᏗᏉ ᏕᏣᏓᏅᏖᏍᏗ, ᎤᏠᏱᏉ ᎨᏎᏍᏗ ᏕᏣᏓᏅᏛᎢ, ᏅᏩᏙᎯᏯᏛᏉ ᎢᏤᎮᏍᏗ; ᎤᏁᎳᏅᎯᏃ ᎠᏓᎨᏳᏗ ᎨᏒ ᎠᎴ ᏅᏩᏙᎯᏯᏛ ᎠᏓᏁᎯ ᏥᎩ, ᎢᏤᎳᏗᏙᎮᏍᏗ.
12. ᏕᏣᏓᏲᎵᎮᏍᏗ ᎢᏨᏗᏍᎨᏍᏗ ᎦᎸᏉᏗᏳ ᏗᏓᏔᏪᏙᎥᏍᏗ ᎨᏒᎢ.
13. ᏂᎦᏛ ᎤᎾᏓᏅᏘ ᏫᎨᏥᏲᎵᎭ.
14. ᎬᏩᎦᏘᏯ ᎤᏓᏙᎵᏍᏗ ᎨᏒ ᎤᎬᏫᏳᎯ ᏥᏌ ᎦᎶᏁᏛ, ᎠᎴ ᎤᏓᎨᏳᏗ ᎨᏒ ᎤᏁᎳᏅᎯ, ᎠᎴ ᎤᏓᏚᏓᏙᏗ ᎨᏒ ᎦᎸᏉᏗᏳ ᎠᏓᏅᏙ ᏕᏥᎧᎿᎭᏩᏗᏙᎮᏍᏗ ᏂᏥᎥᎢ. ᎡᎺᏅ.

== Galatians 1 ==
1. ᏉᎳ, ᎥᎩᏅᏏᏛ, ᏴᏫ ᎬᎩᏅᏏᏛ ᏂᎨᏒᎾ, ᎠᎴ ᏴᏫ ᎬᎩᏁᏤᎸᎯ ᏂᎨᏒᎾ, ᏥᏌᏍᎩᏂ ᎦᎶᏁᏛ, ᎠᎴ ᎤᏁᎳᏅᎯ ᎠᎦᏴᎵᎨ ᎾᏍᎩ ᏧᎴᏔᏅᎯ ᏥᎩ ᎤᏲᎱᏒᎢ ᎾᏍᎩ ᎬᎩᏁᏤᎸᎯ;
2. ᎠᎴ ᏂᎦᏛ ᎢᏓᎵᏅᏟ ᏦᏤᏙᎭ, ᏫᏨᏲᏪᎳᏏ ᏗᏣᏁᎶᏗ ᏕᏣᏓᏡᏩᏗᏒ ᎨᎴᏏᏱ;
3. ᎬᏩᎦᏘᏯ ᎤᏓᏙᎵᏍᏗ ᎨᏒ ᎠᎴ ᏅᏩᏙᎯᏯᏛ ᎨᏤᎳᏗᏙᎮᏍᏗ, ᎨᏣᎵᏍᎪᎸᏓᏁᎸᎯ ᎤᏁᎳᏅᎯ ᎠᎦᏴᎵᎨᎢ, ᎠᎴ ᎢᎦᏤᎵ ᎤᎬᏫᏳᎯ ᏥᏌ ᎦᎶᏁᏛ,
4. ᎾᏍᎩ ᏥᏚᏓᏲᏎ ᎠᏴ ᎢᎩᏍᎦᏅᏨ ᏥᏍᏗ ᎦᎵᏍᏙᏗᏍᎨᎢ, ᎾᏍᎩ ᎢᎫᏓᎴᏍᏗᏱ ᎪᎯ ᎨᏒ ᎡᎲ ᎤᏲᎢ, ᎾᏍᎩᏯ ᏄᏍᏛ ᎠᏓᏅᏖᏍᎬ ᎤᏁᎳᏅᎯ ᎠᎴ ᎢᎩᏙᏓ;
5. ᎾᏍᎩ ᎦᎸᏉᏙᏗ ᎨᏎᏍᏗ ᏂᎪᎯᎸ ᎠᎴ ᏂᎪᎯᎸᎢ. ᎡᎺᏅ.
6. ᎠᎩᏍᏆᏂᎪᏍᎦ ᏥᎾᏞᎬ ᎡᏣᏓᏅᎡᎸ ᎾᏍᎩ Ꮎ ᎢᏥᏯᏅᏛ ᏫᏥᎧᏅᎯ ᎬᏩᎦᏘᏯ ᎤᏓᏙᎵᏍᏗ ᎨᏒ ᎦᎶᏁᏛ, ᏅᏩᏓᎴ ᎣᏍᏛ ᎧᏃᎮᏛ ᏥᏥᎬᏫᏳᏔᏅ.
7. ᎾᏍᎩ ᏅᏩᏓᎴ ᏂᎨᏒᎾ ᏥᎩ; ᎠᏁᎭᏍᎩᏂᏃᏅ ᎨᏣᏕᏯᏙᏗᏍᎩ, ᎠᎴ ᎤᏂᏁᏟᏴᏍᏗᏱ ᎤᎾᏚᎵᏍᎩ ᎣᏍᏛ ᎧᏃᎮᏛ ᎦᎶᏁᏛ ᎤᏤᎵᎦ.
8. ᎢᏳᏍᎩᏂ ᎾᏍᏉ ᎠᏴ, ᎠᎴ ᏗᎧᎿᎭᏩᏗᏙᎯ ᎦᎸᎳᏗ ᏅᏓᏳᎶᏒᎯ, ᏅᏩᏓᎴ ᎣᏍᏛ ᎧᏃᎮᏛ ᏱᏨᏯᎵᏥᏙᏁᎸ, ᎾᏍᎩ ᎦᏳᎳ ᎢᏨᏯᎵᏥᏙᏁᎸᎯ ᏂᎨᏒᎾ, ᎾᏍᎩ ᎠᏥᏍᎦᏨᎯ ᎨᏎᏍᏗ.
9. ᎾᏍᎩ ᎦᏳᎳ ᎢᏲᎩᏪᏛ ᏥᎩ, ᎤᏠᏱᏉ ᎯᎠ ᎪᎯ ᎨᏒ ᏂᏥᏪᎭ, ᎢᏳᏃ ᎩᎶ ᎢᏣᎵᏥᏙᏁᎮᏍᏗ ᏅᏩᏓᎴ ᎣᏍᏛ ᎧᏃᎮᏛ, ᎾᏃ ᎾᏍᎩ ᎦᏳᎳ ᏗᏣᏓᏂᎸᏨᎯ ᏥᎩ, ᎾᏍᎩ ᎠᏥᏍᎦᏨᎯ ᎨᏎᏍᏗ.
10. ᎪᎯᏰᏃ ᎨᏒ ᏥᎪ ᏴᏫ ᏗᏆᎵᎢ ᏂᏕᎬᏁᎭ? ᎤᏁᎳᏅᎯᎨ? ᏥᎪᎨ ᎣᏍᏛ ᎤᏂᏰᎸᏗ ᏴᏫ ᎠᎩᏲᎭ? ᎢᏳᏰᏃ ᎣᏍᏛ ᎤᏂᏰᎸᏗ ᏴᏫ ᎠᏏ ᏯᎩᏲᎭ, ᎥᏝ ᎦᎶᏁᏛ ᎠᎩᏅᏏᏙᎯ ᏱᎦᎩ.
11. ᎠᏎᏃ ᎢᏨᏃᏁᎭ ᎢᏓᎵᏅᏟ, ᎾᏍᎩ ᎯᎠ ᎣᏍᏛ ᎧᏃᎮᏛ ᏣᏆᎵᏥᏙᏅᎩ, ᎥᏝ ᏴᏫ ᏧᏕᏲᏅᎯ ᏱᎩ.
12. ᎥᏝᏰᏃ ᏴᏫ ᏗᎬᎩᏲᎯᏎᎸᎯ ᏱᎩ, ᎥᏝ ᎠᎴ ᎩᎶ ᎠᏇᏲᏅᎯ ᏱᎩ, ᏥᏌ ᎦᎶᏁᏛᏍᎩᏂ ᎬᏂᎨᏒ ᎢᏯᏋᏁᎸᎯ.
13. ᎢᏣᏛᎦᏅᏰᏃ ᏄᏍᏛ ᏧᏩᎫᏔᏅᏒ ᎠᏆᎴᏂᏙᎸ ᎠᏂᏧᏏ ᏧᎾᏤᎵ ᏗᎧᎿᎭᏩᏛᏍᏗ ᏕᏥᎦᎿᎭᏩᏗᏒᎢ, ᎾᏍᎩ ᎤᎶᏒᏍᏔᏅᎯ ᎦᏥᏯᏕᏯᏙᏔᏅ ᏧᎾᏁᎶᏗ ᎤᎾᏓᏡᎬᎢ ᎤᏁᎳᏅᎯ ᏧᏤᎵᎦ, ᎠᎴ ᏕᏥᏛᏔᏅᎢ.
14. ᎠᎴ ᎠᎩᏁᏉᏤᎲ ᎠᏂᏧᏏ ᏧᎾᏤᎵ ᏗᎧᎿᎭᏩᏛᏍᏗ ᏥᎦᏙᎥᏍᎬᎢ ᏕᏥᎪᎾᏛᏛᎩ ᎤᏂᏣᏘ ᎢᏗᎦᏲᎦᏛᏅ ᏗᏆᏤᎵ ᏴᏫ, ᎤᏟ ᎢᎦᎢ ᎤᎵᏂᎩᏛ ᎠᏆᏓᏅᏛᎩ ᏓᏇᎷᎬᎩ ᏗᎩᎦᏴᎵᎨ ᎤᏂᏃᎮᎸᎯ.
15. ᎠᏎᏃ ᎿᎭᏉ ᎣᏏᏳ ᎤᏰᎸᏅ ᎤᏁᎳᏅᎯ, ᎾᏍᎩ ᎾᎯᏳ ᎡᏥ ᎠᎩᎾᏄᎪᏫᏒ ᏅᏓᎬᏩᏓᎴᏅᏛ ᎠᏆᏓᏓᎴᏔᏅᎯ ᏥᎩ, ᎠᎴ ᎬᏩᎦᏘᏯ ᎤᏓᏙᎵᏍᏗ ᎨᏒ ᎠᎩᏯᏅᏔᏅᎯ ᏥᎩ,
16. ᎾᏍᎩ ᎤᏪᏥ ᎠᎩᎾᏄᎪᏫᏎᏗᏱ, ᎾᏍᎩ ᎠᏴ ᎦᎵᏥᏙᎲᏍᎬ ᎬᏂᎨᏒ ᎢᏥᏴᏁᏗᏱ ᏧᎾᏓᎴᏅᏛ ᏴᏫ ᎠᏁᎲᎢ; ᎩᎳᏉ ᎢᏴᏛ, ᎥᏝ ᎤᏂᏇᏓᎵ ᎠᎴ ᎩᎬ ᎤᏂᏁᎯ ᏱᏗᎦᏥᏯᏁᎶᏔᏁᎢ;
17. ᎥᏝ ᎠᎴ ᏥᎷᏏᎵᎻ ᏱᏩᎩᎶᏎᎢ, ᏱᎦᏥᏩᏛᎲᏎ ᎢᎬᏱ ᎨᏥᏅᏏᏛ ᎢᏳᎾᎵᏍᏔᏅᎯ ᎠᏴ ᎣᏂ; ᎠᎴᏈᏱᏍᎩᏂ ᏩᎩᎶᏒᎩ, ᎠᎴ ᏔᎵᏁ ᏕᎹᏍᎦ ᏛᎠᎩᎷᏨᎩ.
18. ᎿᎭᏉᏃ ᏦᎢ ᏫᏄᏕᏘᏴᎲ ᏥᎷᏏᎵᎻ ᎠᏇᏅᏒᎩ ᏈᏓ ᎥᏥᏩᏛᎲᏒᎩ, ᎯᏍᎩᎦᏚᏃ ᏧᏒᎯᏛ ᎦᏁᎸ ᎠᎩᏅᎩ.
19. ᎠᏂᏐᎢᏍᎩᏂ ᎨᏥᏅᏏᏛ ᎥᏝ ᎩᎶ ᏱᏥᎪᎡ ᏥᎻ ᎤᏩᏒ ᎤᎬᏫᏳᎯ ᎠᎾᎵᏅᏟ.
20. ᎾᏍᎩᏃ ᎯᎠ ᏥᏨᏲᏪᎳᏁᎭ, ᎬᏂᏳᏉ, ᎤᏁᎳᏅᎯ ᎠᎦᏔᎲᎢ, ᎥᏝ ᏱᎦᏥᎪᎥᏍᎦ.
21. ᎣᏂᏃ ᏏᎵᏱ ᎠᎴ ᏏᎵᏏᏱ ᏩᎩᎶᏒᎩ.
22. ᎠᎴ ᎥᏝ ᎠᏂᎦᏔᎯ ᏱᎨᏎ ᎠᏆᎧᏛ ᎾᏍᎩᏧᎾᏁᎶᏗ ᏚᎾᏓᏡᏩᏗᏒ ᏧᏗᏱ, ᎾᏍᎩ ᎦᎶᏁᏛ ᏗᎬᏩᏁᎶᏗ;
23. ᎤᎾᏛᎦᏅᎯᏉᏍᎩᏂᏃᏅ ᎨᏎᎢ ᎯᎠ ᎾᏂᏪᏍᎬᎢ, ᎾᏍᎩ Ꮎ ᎤᏲ ᏥᏂᎬᎿᎭᏕᎬ ᏧᏩᎫᏔᏅᏒ, ᎿᎭᏉ ᎠᎵᏥᏙᎲᏍᎦ ᎢᎧᏃᎮᎭ ᎪᎯᏳᏗ ᎨᏒ ᎾᏍᎩ ᎢᎸᎯᏳ ᏣᏛᏗᏍᎬᎩ.
24. ᎤᏂᎸᏉᏔᏁᏃ ᎤᏁᎳᏅᎯ ᎠᏴ ᏅᏗᎦᎵᏍᏙᏗᏍᎨᎢ.

== Galatians 2 ==
1. ᎿᎭᏉᏃ ᏂᎦᏚ ᏫᏄᏕᏘᏴᎲ ᎣᏂ, ᏔᎵᏁ ᏥᎷᏏᎵᎻ ᎠᏇᏅᏒᎩ ᎣᏍᏕᎲᎩ ᏆᏂᏆ, ᎠᎴ ᏓᏓᏏ ᎾᏍᏉ ᎥᏥᏯᏘᏅᏒᎩ.
2. ᎠᎴ ᎬᏂᎨᏒ ᏅᏋᏁᎸᎢ ᏅᏓᏳᎵᏍᏙᏔᏅᎩ ᎠᏇᏅᏒᎩ, ᎠᎴ ᎬᏂᎨᏒ ᏂᎦᏥᏴᏁᎸ ᎣᏍᏛ ᎧᏃᎮᏛ ᎾᏍᎩ ᏧᎾᏓᎴᏅᏛ ᏴᏫ ᎦᏥᏯᎵᏥᏙᏁᎲᎢ; ᎠᏂᏏᏴᏫᎭᏍᎩᏂ ᎤᏕᎵᏛ ᎬᏂᎨᏒ ᏂᎦᏥᏴᏁᎸᎩ ᏗᏂᏃᏣᎵ ᎨᏒᎢ, ᏯᏎᎦᎩ ᎠᏎᏉ ᏱᏙᏥᏍᏆᎸᏓ ᎠᎴ ᎠᏎᏉ ᏱᏓᎩᏍᏆᎸᏔᏅ ᎠᏇᎵᏒᎩ.
3. ᎠᏎᏃ ᎥᏝ ᎾᏍᏉ ᏓᏓᏏ, ᎾᏍᎩ ᎣᏍᏕᎯ, ᎠᎪᎢ ᏂᎨᏒ, ᎠᏎ ᎠᏥᎤᏍᏕᏎᏗ ᏱᎨᏎᎢ;
4. ᎠᎴ ᏅᏓᎦᎵᏍᏙᏗᏍᎬᎩ ᎤᎾᏠᎾᏍᏗ ᎠᎾᎵᏅᏟ ᏄᏪᎵᏍᏛᎾ ᎨᏥᏴᏔᏂᎸᎯ, ᎾᏍᎩ ᏅᏕᎵᏛ ᎤᏂᏴᎵᎸ ᎤᏂᎨᏛᏗᏱ ᎣᎦᏓᏤᎵᎦᏯ ᎨᏒ ᏥᏌ ᎦᎶᏁᏛ ᎢᏳᏩᏂᏌᏛ ᎣᎩᎲᎢ, ᏦᎩᎾᏝᎢ ᎢᎪᎬᏁᏗᏱ;
5. ᎾᏍᎩ ᎥᏝ ᏑᏟᎶᏛ ᎤᏅ ᎢᎪᎯᏛ ᎤᎾᏁᎳᎩ ᏱᏙᏤᎵᏎᎴᎢ ᎡᎳᏗ ᏂᏙᏣᏛᏁᎲᎢ; ᎾᏍᎩ ᎣᏍᏛ ᎧᏁᎮᏛ ᎤᏙᎯᏳᎯ ᎨᏒ ᎢᎬᏩᏍᏗᎭ ᎢᎬᏩᏍᏗᎭ ᎢᏤᎳᏗᏓᏍᏗᏱ.
6. Ꮎ-ᏍᎩᏂᏃ ᏰᎵ ᏗᏂᏃᏨᎵ ᎨᏒᎢ, ᎾᏍᎩ ᏄᎾᏍᏛᎢ ᎥᏝ ᎪᎱᏍᏗ ᎠᏋᏁᎯ ᏱᎩ, ᎤᏁᎳᏅᎯᏰᏃ ᎥᏝ ᏱᎦᎸᏉᏗᎭ ᎩᎶ ᏄᏍᏛᎢ; ᎾᏍᎩᏰᏃ ᏗᏂᏃᏣᎵ ᎨᏒ ᎥᏝ ᎪᎱᏍᏗ ᏱᎬᎩᏁᏉᎡᎴᎢ;
7. Ꭰ-ᏍᎩᏂ ᎢᏗᏢ, ᎤᏂᎪᎲ ᎾᏍᎩ ᎣᏍᏛ ᎧᏃᎮᏛ ᏂᏗᎨᏥᎤᏍᏕᏎᎸᎾ [ᎤᎾᏛᎪᏗᏱ] ᎠᏴ ᎥᏆᎨᏅᏛᎢ, ᎾᏍᎩᏯ ᏗᎨᏥᏅᏍᏕᏎᎸᎯ [ᎤᎾᏛᎪᏗᏱ] ᎣᏍᏛ ᎧᏃᎮᏛ ᏈᏓ ᏣᎦᎨᏅᏕᎢ;
8. (ᎾᏍᎩᏂ ᏈᏓ ᎤᎵᏂᎩᏛ ᎢᏳᏩᏁᎯ ᎠᏥᏅᏏᏛ ᎨᏒ ᏗᎨᏥᎤᏍᏕᏎᎸᎯ ᎤᏁᏤᎵᎦ, ᎾᏍᎩ ᎾᏍᏉ ᎠᏴ ᎠᏆᎵᏂᎩᏛ ᎾᏋᏁᎲᎩ ᏧᎾᏓᎴᏅᏛ ᏴᏫ ᏕᏥᏯᎵᏥᏙᏁᎲᎢ;)
9. ᎠᎴ ᏥᎻ, ᎠᎴ ᏏᏆᏏ, ᎠᎴ ᏣᏂ, ᎾᏍᎩ ᏗᎵᎫᏍᏙ ᎨᏥᏰᎸᎢ, ᎤᏂᎪᎲ ᎬᏩᎦᏘᏯ ᎤᏓᏙᎵᏍᏗ ᎨᏒ ᎾᏍᎩ ᎥᎩᏁᎸᎢ, ᎠᏂᎦᏘᏏᏗᏢ ᏕᎪᎩᎾᏌᏕᏔᏅᎩ ᎠᏴ ᎠᎴ ᏆᏂᏆ ᎬᏂᎨᏒ ᎢᎬᏁᎯ ᏙᎦᏚᏓᏛᎢ; ᎠᏴ ᏧᎾᏓᎴᏅᏛ ᏴᏫ ᏗᏁᎲ ᏬᎩᏂᎶᎯᏍᏗᏱ ᎤᎬᏩᎵ, ᎤᏅᏒᏃ ᏗᎨᏥᎤᏍᏕᏎᎸᎯ ᏗᏁᎲᎢ;
10. ᏑᏓᎴᎩᏍᎩᏂᏃᏅ [ᎤᎾᏚᎵᏍᎬᎩ,] ᎾᏍᎩ ᏦᏍᏓᏅᏓᏗᏍᏗᏱ ᎤᏲ ᎢᏳᎾᏛᎿᎭᏕᎩ; ᎾᏍᎩᏯ ᎾᏍᏉ ᎠᏆᎵᎦᎵᏴᏒᎩ ᎾᏍᎩ ᎢᏯᏆᏛᏁᏗᏱ.
11. ᎠᏎᏃ ᏈᏓ ᎥᏗᎣᎩ ᏭᎷᏨ ᎬᏂᎨᏒ ᏕᏥᎦᏘᎸᏒᎩ, ᎦᏰᎫᎢᏍᏙᏗᏰᏃ ᎨᏒᎩ.
12. ᎠᏏᏉᏰᏃ ᎩᎶ ᎢᏳᎾᏍᏗ ᏥᎻᏱ ᏅᏗᏂᎶᏍᎬᎾ ᎨᏒᎢ, ᏧᎾᏓᎴᏅᏛ ᏴᏫ ᎢᏧᎳᎭ ᎠᎾᎵᏍᏓᏴᎲᏍᎬᎩ; ᎠᏎᏃ ᎾᏍᎩ ᎤᏂᎷᏨ, ᎤᏓᏅᏒᎩ ᏚᏓᏓᎴᏓᏁᎸᎩ, ᏕᎦᎾᏰᏍᎬᎩ ᎾᏍᎩ ᏗᎨᏥᏅᏍᏕᏎᎸᎯ.
13. ᎠᎴ ᎠᏂᏐᎢ ᎠᏂᏧᏏ ᎤᎾᏠᎾᏍᏔᏅᎩ ᎾᏍᏉ ᎥᎬᏩᎵᎪᏁᎸᎩ; ᎾᏍᎩ ᎢᏳᏍᏗ ᏆᏂᏆ ᎾᏍᏉ ᎥᎬᏩᏘᎾᏫᏛᏔᏅᎩ ᎠᎾᏠᎾᏍᏗᏍᎬᎢ.
14. ᎠᏎᏃ ᎠᎩᎪᎲ ᏂᏚᏳᎪᏛᎾ ᎾᎾᏛᏁᎲᎢ, ᎾᏍᎩᏯ ᏚᏳᎪᏛ ᏓᏕᏲᎲᏍᎬ ᎣᏍᏛ ᎧᏃᎮᏛ, ᏂᎦᏛ ᎠᏂᎦᏔᎲ ᎯᎠ ᏅᏥᏪᏎᎸᎩ ᏈᏓ, ᎢᏳᏃ ᏂᎯ, ᎯᏧᏏ ᏥᎩ, ᏧᎾᏓᎴᏅᏛ ᏴᏫ ᏄᎾᏍᏛ ᎾᏍᎩᏯ ᏱᏄᏍᏗ ᏰᎭ, ᎠᏂᏧᏏᏃ ᏄᏍᏛ ᎠᏁᎲ ᎾᏍᎩᏯ ᏄᏍᏛᎾ ᏱᎩ ᎮᎲᎢ, ᎦᏙᏃ ᎠᏂᏧᏏ ᏄᏍᏛ ᎠᏁᎲ ᎾᏍᎩᏯ ᎤᎾᏕᏗᏱ ᏥᏂᏕᎲᏁᎭ ᏧᎾᏓᎴᏅᏛ ᏴᏫ?
15. ᎠᏴ ᎢᏗᏧᏏ ᎢᎦᏕᏅᎯ ᏥᎩ, ᎠᏂᏍᎦᎾᏃ ᏧᎾᏓᎴᏅᏛ ᏴᏫ ᏄᎾᏍᏛ ᎢᎦᏕᏅᎯ ᏂᎨᏒᎾ ᏥᎩ,
16. ᏥᏗᎦᏔᎭᏍᎩᏂ ᎾᏍᎩ ᏴᏫ ᏗᎧᎿᎭᏩᏛᏍᏗ ᏂᎦᏪᏍᎬ ᎾᏛᏁᎲ ᎾᏚᏓᎴᏍᏗᏍᎬᎾ ᎨᏒᎢ, ᎪᎯᏳᏗᏍᎩᏂ ᎨᏒ ᏥᏌ ᎦᎶᏁᏛ, ᎾᏍᎩ ᎠᏴ ᎡᏙᎢᏳᏅ ᏥᏌ ᎦᎶᏁᏛ, ᎾᏍᎩ ᎢᎦᏚᏓᎴᏍᏙᏗᏱ ᎪᎯᏳᏗ ᎨᏒ ᎦᎶᏁᏛ, ᎥᏝᏃ ᏗᎧᎿᎭᏩᏛᏍᏗ ᏂᎦᏪᏍᎬ ᏂᏓᏛᏁᎲᎢ; ᏗᎧᎿᎭᏩᏛᏍᏗᏰᏃ ᏂᎦᏪᏍᎬ ᎾᏛᏁᎲ ᎥᏝ ᎩᎶ ᎤᏇᏓᎵ ᏴᎬᏚᏓᎴᏍᏓ.
17. ᎢᏳᏍᎩᏂ, ᎢᎩᏲᎲ ᎦᎶᏁᏛ ᎢᎫᏓᎴᏍᏗᏱ, ᎬᏂᎨᏒ ᏱᏄᎵᏍᏔᏅ ᎢᎬᏒ ᎾᏍᏉ ᎢᏗᏍᎦᎾᎯᏳ ᎨᏒᎢ, ᎦᎶᏁᏛᏍᎪ ᎠᏍᎦᎾ ᎠᏍᏕᎵᏍᎩ ᏂᎦᎵᏍᏗᎭ? ᎬᏩᏟᏍᏗ.
18. ᎢᏳᏰᏃ ᎾᏍᎩ ᏗᎩᏲᏍᏔᏅᎯ ᎨᏒ ᏔᎵᏁ ᏱᏙᎦᏁᏍᎨᎭ, ᎠᎩᏍᎦᏅᏨᎯ ᎨᏒ ᎬᏂᎨᏒ ᏱᏂᎬᏁᎭ.
19. ᎠᏴᏰᏃ ᏗᎧᎿᎭᏩᏛᏍᏗ ᎢᏳᏩᏂᏌᏛ ᎠᎩᏲᎱᏒᎯᏉ ᏗᎧᎿᎭᏩᏛᏍᏗ ᎠᎲᎢ, ᎾᏍᎩ ᎤᏁᎳᏅᎯ ᎤᏤᎵ ᎤᎬᏩᎵ ᎠᏆᎴᏂᏓᏍᏗᏱ.
20. ᏓᏓᎿᎭᏩᏍᏛ ᎢᏧᎳᎭ ᎦᎶᏁᏛ ᏙᎩᎾᏛᏅ; ᎠᏎᏃ ᎠᏴ ᎬᏃᏛ ᎢᎩ, ᎥᏝᏍᎩᏂᏃᏅ ᎿᎭᏉ ᎠᏴ ᏱᎩ, ᎦᎶᏁᏛᏍᎩᏂ ᎬᏃᏛ ᎠᎩᏯᎠ; ᏄᏍᏛᏃ ᎿᎭᏉ ᎦᎴᏂᏙᎲ ᎠᏂ ᎤᏇᏓᎵ ᎨᎥᎢ, ᎦᎴᏂᏙᎭ ᏥᏯᎵᏍᎦᏍᏙᏛ ᎤᏁᎳᏅᎯ ᎤᏪᏥ; ᎾᏍᎩ ᎠᎩᎨᏳᎯᏳ ᏥᎨᏒᎩ, ᎠᎴ ᎤᏩᏒ ᏥᏚᏓᏲᏎ ᎠᏴ ᎠᎩᏍᏕᎵᏍᎬᎢ.
21. ᎥᏝ ᏱᏥᏲᏍᏗᏎ ᎬᏩᎦᏘᏯ ᎤᏓᏙᎵᏍᏗ ᎨᏒ ᎤᏁᎳᏅᎯ; ᎢᏳᏰᏃ ᎠᏚᏓᎴᏍᏗ ᎨᏒ ᏗᎧᎿᎭᏩᏛᏍᏗ ᏴᏗᏓᎴᎲᏍᎦ, ᎿᎭᏉ ᎦᎶᏁᏛ ᎠᏎᏉᏉ ᏳᏲᏞᏒ.

== Galatians 3 ==
1. ᎢᏥᏁᎫ ᎨᎴᏏᏱ ᎢᏤᎯ, ᎦᎪ ᎢᏥᎶᎾᏍᏔᏅ, ᎾᏍᎩ ᎢᏦᎯᏳᏗᏱ ᏂᎨᏒᎾ ᏂᏨᏁᎸ ᎤᏙᎯᏳᎯ ᎨᏒᎢ, ᏂᎯ ᏕᏥᎧᏅ ᏥᏌ ᎦᎶᏁᏛ ᎬᏂᎨᏒ ᎾᎬᏁᎸ ᏓᏓᎿᎭᏩᏍᏛ ᎦᏛ ᎢᏤᎲᎢ.
2. ᎯᎠ ᎾᏍᎩ ᎤᏩᏒ ᏍᎩᏃᏁᏗᏱ ᎠᏆᏚᎵᎭ; ᎠᏓᏅᏙᏍᎪ ᏕᏥᏲᎯᏎᎴ ᏅᏗᎦᎵᏍᏙᏗᏍᎨ ᏗᎧᎿᎭᏩᏛᏍᏗ ᏂᎦᏪᏍᎬ ᏂᏣᏛᏁᎲᎢ, ᏥᎪᎨ ᏅᏗᎦᎵᏍᏙᏗᏍᎨ ᎢᏦᎯᏳᎯ ᎢᏣᏛᎩᏍᎬᎢ?
3. ᏂᎦᎥᏉᏍᎪ ᎢᏥᏁᎫ? ᎠᏓᏅᏙ ᎬᏗ ᏥᏣᎴᏅᎲ, ᎤᏇᏓᎵᏍᎪ ᎬᏗ ᎢᏥᏍᏆᏗᎭ?
4. ᏥᎪ ᎾᏍᎩ ᏂᎦᎥ ᏧᏓᎴᏅᏛ ᎠᏎᏉᏉ ᎢᏥᎩᎵᏲᏨ? ᎢᏳᏃ ᎰᏩ ᎠᏎᏉᏉ ᏱᎩ.
5. ᎾᏍᎩᏃ Ꮎ ᎠᏓᏅᏙ ᎢᏥᏁᎯ ᏥᎩ, ᎠᎴ ᎤᏍᏆᏂᎪᏗ ᏧᎸᏫᏍᏓᏁᎯ ᏥᎩ ᎢᏤᎲᎢ, ᏥᎪ ᏗᎧᎿᎭᏩᏛᏍᏗ ᏂᎦᏪᏍᎬ ᎾᏛᏁᎲ ᏅᏗᎦᎵᏍᏙᏗᎭ? ᏥᎪᎨ ᎤᏬᎯᏳᎯ ᎠᏛᎩᏍᎬ ᏅᏗᎦᎵᏍᏙᏗᎭ?
6. ᎾᏍᎩᏯ ᎡᏆᎭᎻ ᏧᏬᎯᏳᏁ ᎤᏁᎳᏅᎯ, ᎠᎴ ᏚᏳᎪᏛ ᏥᏄᏛᏁᎶ ᏣᏥᏰᎸᎾᏁᎴᎢ.
7. ᎾᏍᎩ ᎢᏳᏍᏗ ᎢᏥᎦᏔᎮᏍᏗ ᎾᏍᎩ Ꮎ ᎠᏃᎯᏳᎲᏍᎩ ᎨᏒ, ᎾᏍᎩ ᎡᏆᎭᎻ ᏧᏪᏥ ᎨᏒᎢ.
8. ᎪᏪᎵᏃ ᎦᎸᏉᏗ ᎢᎬᏱ ᎦᏰᎯ ᏣᎪᏩᏘᏍᎨ ᎾᏍᎩ ᎤᏁᎳᏅᎯ ᎪᎯᏳᏗ ᎬᏗ ᏙᏗᎫᏓᎴᏏᏒ ᏧᎾᏓᎴᏅᏛ ᏴᏫ, ᎢᎬᏱ ᎦᏰᎯ ᎣᏍᏛ ᎧᏃᎮᏛ ᎬᏂᎨᏒ ᎾᎬᏁᎴ ᎡᏆᎭᎻ, ᎯᎠ ᎾᏥᏪᏎᎴᎢ, ᏂᎯ ᏅᏛᏂᏌᏂ ᏂᎦᏛ ᏴᏫ ᏓᏁᏩᏗᏒ ᎡᎳᏂᎬ ᎣᏍᏛ ᎢᏳᎾᎵᏍᏓᏁᏗ ᎨᏎᏍᏗ.
9. ᎰᏩᏃ ᎾᏍᎩ ᎠᏃᎯᏳᎲᏍᎩ ᎨᏒ ᎣᏍᏛ ᏄᎾᎵᏍᏓᏁᎰ ᎨᎦᏠᏯᏍᏗᏍᎪ ᎣᏍᏛ ᏄᎵᏍᏓᏁᎸ ᎤᏬᎯᏳᎯᏍᏗ ᎡᏆᎭᎻ.
10. ᎾᏂᎥᏰᏃ ᏗᎧᎿᎭᏩᏛᏍᏗ ᏂᎦᏪᏍᎬ ᎢᏯᏛᏁᏗᏱ ᎠᎾᎵᏍᎦᏍᏙᏗᏍᎩ, ᎾᏍᎩ ᎨᏥᏍᎦᏨᎯ; ᎯᎠᏰᏃ ᏂᎬᏅ ᎢᎬᏪᎳ, ᎨᏥᏍᎦᏨᎯ ᎨᏎᏍᏗ ᎾᏂᎥ ᎩᎶ ᏂᏓᏂᎧᎿᎭᏩᏕᎬᎾ ᎢᎨᏎᏍᏗ ᎾᎾᏛᏁᎲ ᏂᎦᏛ ᏧᏓᎴᏅᏛ ᏗᎧᎿᎭᏩᏛᏍᏗᏱ ᎪᏪᎸᎢ.
11. ᎠᏎᏃ ᎩᎶ ᏗᎧᎿᎭᏩᏛᏍᏗ ᎾᏚᏓᎴᏍᏗᏍᎬᎾ ᎨᏒ ᎤᏁᎳᏅᎯ ᎠᎦᏔᎲ ᎬᏂᎨᏒᎢᏳ; ᎾᏍᎩᏰᏃ ᏚᏳᎪᏛ ᎢᏯᏛᏁᎯ ᎪᎯᏳᏗ ᎨᏒ ᎤᏛᏂᏗᏍᏕᏍᏗ.
12. ᏗᎧᎿᎭᏩᏛᏍᏗᏰᏃ ᎥᏝ ᎪᎯᏳᏗ ᎨᏒ ᎠᎵᏍᏕᎸᏙᏗ ᏱᏂᎬᏁᎭ; ᎯᎠᏍᎩᏂ, ᎩᎶ ᏴᏫ ᎾᏍᎩ ᎾᏛᏁᎮᏍᏗ ᎾᏍᎩ ᎤᏛᏂᏗᏍᏕᏍᏗ.
13. ᎦᎶᏁᏛ ᎢᎦᎫᏴᎲ ᎢᎫᏓᎴᏒ ᏗᎧᎿᎭᏩᏛᏍᏗ ᎤᏓᏍᎦᎢᏍᏙᏗ ᎨᏒᎢ, ᎠᏥᏍᎦᏨᎯ ᏄᎵᏍᏔᏅ ᎠᏴ ᎢᎩᏍᏕᎵᏍᎬᎢ; ᎯᎠᏰᏃ ᏂᎬᏅ ᎢᎪᏪᎳ, ᎠᏥᏍᎦᏨᎯ ᎩᎶ ᏡᎬ ᎠᎦᏛᏅᎯ.
14. ᎾᏍᎩ ᎣᏍᏛ ᎾᎦᏛᏁᎸ ᎡᏆᎭᎻ ᎾᏍᎩ ᎤᏂᎷᏤᏗᏱ ᏧᎾᏓᎴᏅᏛ ᏴᏫ ᏥᏌ ᎦᎶᏁᏛ ᏅᏓᏳᏓᎴᏅᎯ; ᎾᏍᎩ ᎡᏥᏁᏗᏱ ᎠᏓᏅᏙ ᎠᏚᎢᏍᏛ ᎪᎯᏳᏗ ᎬᏙᏗ ᎨᏒᎢ.
15. ᎢᏓᎵᏅᏟ, ᏴᏫ ᎤᏂᏁᎢᏍᏗ ᏥᏁᎦ; ᎾᏍᏉ ᏴᏫᏉ ᎧᏃᎮᏛ ᏚᎾᏠᎯᏍᏛ ᎠᏍᏓᏱᏛᎯ ᏱᎩ, ᎥᏝ ᎩᎶ ᏴᎬᏲᏍᏓ, ᎠᎴ ᎥᏝ ᎠᎦᏁᏉᏣ.
16. ᎠᎴ ᎡᏆᎭᎻ ᎠᎴ ᎾᏍᎩ ᎤᏁᏢᏔᏅᏛ ᎨᏒ ᏧᏓᎴᏅᏛ ᎨᏥᏚᎢᏍᏓᏁᎴᎢ. ᎥᏝ ᎯᎠ ᏱᏂᎦᏪᎭ, ᎠᎴ ᏂᎯ ᏗᏣᏁᏢᏔᏅᎯ, ᎢᎸᏍᎩ ᏥᎨᏐ ᎾᏍᎩᏯᎢ; ᏌᏉᏉᏍᎩᏂ ᏥᎨᏐ ᎾᏍᎩᏯ, [ᎯᎠ ᏂᎦᏪᎭ,] ᎠᎴ ᏂᎯ ᏣᏁᏢᏔᏅᎯ; ᎾᏍᎩ ᎦᎶᏁᏛ ᏥᎩ.
17. ᎠᎴ ᎯᎠ ᎾᏍᎩ ᏂᏥᏪᎭ, ᎾᏍᎩ ᎧᏃᎮᏛ ᏓᏠᎯᏍᏛ ᎦᎶᏁᏛ ᎤᎬᏩᎵ ᎾᏍᎩ ᎤᏁᎳᏅᎯ ᎦᏳᎳ ᎬᏩᏍᏓᏱᏛᎯ ᏥᎨᏎᎢ, ᏗᎧᎿᎭᏩᏛᏍᏗ ᏅᎩᏧᏈ ᏦᎠᏍᎪᎯ ᏫᏄᏕᏘᏴᎲ ᎣᏂ ᎦᎾᏄᎪᏫᏒᎯ ᏥᎩ, ᎥᏝ ᎬᏩᏲᏍᏙᏗ ᏱᎩ, ᎾᏍᎩ ᏰᎵ ᎠᏎᏉ ᎢᏳᏩᏁᏗᏱ ᎠᏚᎢᏍᏛᎢ.
18. ᎢᏳᏰᏃ ᎣᏤᎵ ᎢᏳᎵᏍᏙᏗ ᎨᏒ ᏗᎧᎿᎭᏩᏛᏍᏗ ᎠᎲ ᏴᏗᏓᎴᎲᏍᎦ, ᎥᏝ ᎠᏚᎢᏍᏛ ᏴᏗᎬᏓᎴᎲᏍᎦ; ᎤᏁᎳᏅᎯᏍᎩᏂ ᎡᏆᎭᎻ ᎤᎵᏍᎪᎸᏓᏁᎴ ᎠᏚᎢᏍᏗᏍᎬ ᎤᏮᏔᏁᎢ.
19. ᎦᏙᏃ ᎬᏙᏗ ᏗᎧᎿᎭᏩᏛᏍᏗ? ᎠᏍᎦᏅᎢᏍᏗ ᎨᏒ ᏅᏗᎦᎵᏍᏙᏗᏍᎨ ᏫᎫᏓᏔᏅᎯ ᎨᏎᎢ, ᎾᏍᎩ ᎤᏁᏢᏔᏅᎯ ᎠᏥᏚᎢᏍᏓᏁᎸᎯ ᎨᏒ ᎤᎾᏄᎪᎢᏍᏗ ᎨᏒ ᎬᏗᏍᎩ; [ᎠᎴ ᎾᏍᎩ ᏗᎧᎿᎭᏩᏛᏍᏗ] ᏗᏂᎧᎿᎭᏩᏗᏙᎯ ᎣᏍᏛ ᏄᏅᎿᎭᏕᎨ ᎾᏍᎩ ᏧᏒᎦᎴ ᎠᏰᎵ ᏁᎴᏁᎯ.
20. ᎾᏍᎩᏃ ᎠᏰᎵ ᏗᎴᏁᎯ ᏥᎨᏐ ᎥᏝ ᎠᏏᏴᏫᏉ ᎠᏰᎵ ᎠᎴᏁᎯ ᏱᎨᏐᎢ, ᎤᏁᎳᏅᎯᏍᎩᏂ ᎠᏏᏴᏫᏉ.
21. ᏗᎧᎿᎭᏩᏛᏍᏗᏍᎪᏃ ᏓᏡᏗᎭ ᎤᏁᎳᏅᎯ ᏚᏚᎢᏍᏔᏅᎢ? ᎬᏩᏟᏍᏗ, ᎢᏳᏰᏃ ᏗᎧᎿᎭᏩᏛᏍᏗ ᏴᏫ ᎨᏥᏁᎸᎯ ᏱᎨᏎ, ᎾᏍᎩ ᏰᎵ ᎬᏂᏛ ᎬᏩᏓᏁᏗ ᎨᏒᎢ, ᎤᏙᎯᏳᎯᏯ ᏗᎧᎿᎭᏩᏛᏍᏗ ᎠᎲ ᎠᏚᏓᎴᏍᏗ ᎨᏒ ᏴᏗᏓᎴᎲᏍᎨᎢ.
22. ᎠᏎᏃ ᎪᏪᎵ ᎦᎸᏉᏗ ᎬᏂᎨᏒ ᏂᎬᏁᎭ ᏂᎦᏗᏳ ᎤᏂᏍᎦᏅᏨᎯ ᎨᏒᎢ, ᎾᏍᎩ ᎠᏚᎢᏍᏛ ᏥᏌ ᎦᎶᏁᏛ ᎪᎯᏳᏗ ᎨᏒ ᏅᏛᏓᎴᎲᏍᎩ, ᎾᏍᎩ ᎨᏥᏁᏗᏱ ᎠᏃᎯᏳᎲᏍᎩ.
23. ᎪᎯᏳᏗᏍᎩᏂ ᎨᏒ ᎠᏏ ᏂᎦᎾᏄᎪᎬᎾ ᏥᎨᏎᎢ, ᏗᎧᎿᎭᏩᏛᏍᏗ ᎠᎲ ᎭᏫᏂᏗᏢ ᏂᎦᏛᏅᎩ, ᎡᎩᏍᏚᎲᎩ ᎪᎯᏳᏗ ᎨᏒ ᎣᏂ ᎬᏂᎨᏒ ᎢᎬᏁᏗ ᎨᏒ ᎢᏯᏍᏗ.
24. ᎾᏍᎩ ᎢᏳᏍᏗ ᏗᎧᎿᎭᏩᏛᏍᏗ ᏗᎨᏲᎲᏍᎩ ᎨᏒᎩ, ᎦᎶᏁᏛᏱ ᏗᎦᏘᏁᎩ, ᎾᏍᎩ ᎪᎯᏳᏗ ᎨᏒ ᎢᎦᏚᏓᎴᏍᏙᏗᏱ.
25. ᎪᎯᏳᏗᏍᎩᏂ ᎨᏒ ᏧᎾᏄᎪᏨ, ᎥᏝ ᎿᎭᏉ ᏗᏕᏲᎲᏍᎩ ᏗᎦᏘᏂᏙᎯ ᏱᎩ.
26. ᏂᏥᎥᏰᏃ ᎤᏁᎳᏅᎯ ᏧᏪᏥ ᏂᏣᎵᏍᏔᏅ ᎦᎶᏁᏛ ᏥᏌ ᎡᏦᎢᏳᏒ ᏅᏗᎦᎵᏍᏙᏗᎭ.
27. ᏂᏥᎥᏰᏃ ᏤᏣᏬᎥᎯ ᏥᎩ ᎦᎶᏁᏛ ᎡᏣᎵᎪᏁᎲᎢ, ᎾᏍᎩ ᎦᎶᏁᏛ ᎡᏣᏄᏬᎥ.
28. ᎥᏝᏰᎭ ᎠᏧᏏ, ᎠᎴ ᎠᎪᎢ, ᎥᏝ ᎠᏥᎾᏝᎢ, ᎠᎴ ᎾᏥᎾᏝᎥᎾ, ᎥᏝ ᎠᏍᎦᏯ, ᎠᎴ ᎠᎨᏴ, ᏂᏥᎥᏰᏃ ᎢᎨᏣᏍᏗᎭ ᎦᎶᏁᏛ ᏥᏌ ᎡᏥᏯᎥᎢ.
29. ᎢᏳ ᎠᎴ ᎦᎶᏁᏛ ᏧᏤᎵ ᏱᎩ ᏂᎯ, ᎿᎭᏉ ᎡᏆᎭᎻ ᎤᏁᏢᏔᏅᏛ ᏂᏣᎵᏍᏗᎭ, ᎠᎴ ᎢᏣᏤᎵᎦ ᎤᏘᏴᎯ ᎾᏍᎩᏯ ᏂᎬᏅ ᎠᏚᎢᏍᏛᎢ.

== Galatians 4 ==
1. ᎾᏍᎩᏃ ᎯᎠ ᏂᏥᏪᎭ, ᎾᏍᎩ ᎤᏘᏰᏗ ᎨᏒᎢ, ᎠᏲᎵ ᎨᏒ ᎢᎪᎯᏛ, ᎥᏝ ᏱᏚᎾᏓᎴᎿᎭᎣ ᎠᏥᎾᏝᎢ, ᏄᎬᏫᏳᏌᏕᎩ ᎡᎦᏃ ᏄᏓᎴᏒ ᎪᎱᏍᏗ.
2. ᏕᎤᏁᎶᏙᏍᎩᏂ ᏗᎬᏪᏲᎲᏍᎩ ᎠᎴ ᎤᎾᏕᏌᏯᏍᏗᏕᎩ ᎠᎦᏴᎵᎨᎢ ᏚᏒᏍᏛ ᎬᏗᏍᎩ.
3. ᎾᏍᎩᏯ ᎾᏍᏉ ᎠᏴ, ᎠᏏ ᏗᏗᏲᎵ ᏥᎨᏒᎩ, ᏤᎩᎾᏝᎢ ᎨᏒᎩ, ᎢᎦᏓᏄᏴᏛᎩ ᏗᎴᏅᏙᏗ ᏗᏕᎶᏆᏍᏗ ᎡᎶᎯ ᎡᎯ ᎨᏒᎢ.
4. ᎠᏎᏃ ᎾᎯᏳ ᎠᏎᎸᎯ ᎨᏒ ᎠᎧᎵᎢ ᎤᏍᏆᎸᎲᎢ, ᎤᏁᎳᏅᎯ ᏧᏅᏎ ᎤᏪᏥ ᎠᎨᏴ ᎤᎾᏄᎪᏫᏎᎢ, ᏗᎧᎿᎭᏩᏛᏍᏗ ᎠᎲ ᎤᏓᏄᏴᏕᎢ,
5. ᏧᏚᏴᏗᏱ ᏧᏭᏓᎴᏍᏗᏱ ᎤᏰᎸᏎ ᎾᏍᎩ ᎤᎾᏓᏄᏴᏗ ᏗᎧᎿᎭᏩᏛᏍᏗ ᎠᎲᎢ, ᎾᏍᎩ ᎠᏴ ᏧᏪᏥ ᎢᏰᎬᏁᏗᏱ.
6. ᎾᏍᎩᏃ ᏧᏪᏥ ᏥᏂᏣᎵᏍᏔᏅ, ᎾᏍᎩ ᏅᏗᎦᎵᏍᏙᏗᎭ, ᎤᏁᎳᏅᎯ ᏧᏅᏒ ᎤᏪᏥ ᎤᏓᏅᏙ ᏗᏣᏓᏅᏙᎩᎯ, ᎤᏪᎷᎦ ᎯᎠ ᏂᎦᏪᎭ, ᎠᏆ, ᎡᏙᏓ.
7. ᎾᏍᎩ ᏅᏗᎦᎵᏍᏙᏗᎭ ᎥᏝ ᎿᎭᏉ ᎡᏣᎾᏝᎢ ᏱᎩ, ᎤᏪᏥᏉᏍᎩᏂ; ᎠᎴ ᎢᏳ ᎤᏪᏥ ᏱᎩ, ᎿᎭᏉ ᏧᎬᏩᎶᏗ ᎤᏁᎳᏅᎯ ᎤᏓᏁᏗ ᎨᏒ ᏣᏘᏰᎯ, ᎦᎶᏁᏛ ᎢᏳᏩᏂᏌᏅᎯ.
8. ᎠᏎᏃ ᎾᎯᏳᎢ, ᎤᏁᎳᏅᎯ ᏁᏥᎦᏔᎲᎾ ᏥᎨᏒᎩ, ᎪᎱᏍᏗ ᏕᏥᎧᎿᎭᏩᏗᏙᎲᎩ ᎾᏍᎩ ᎤᏙᎯᏳᎯ ᎤᎾᏁᎳᏅᎯ ᏂᎨᏒᎾ ᎨᏒᎢ.
9. ᎠᏎᏃ ᎪᎯ ᏥᎩ, ᎿᎭᏉ ᎡᏥᎦᏙᎥᏒᎯ ᏥᎩ ᎤᏁᎳᏅᎯ, ᎠᎴ ᏯᏛᏅ ᎤᏁᎳᏅᎯ ᎢᏥᎦᏙᎥᏒᎯ ᏥᎩ, ᎦᏙ ᏗᎦᎵᏍᏙᏗᎭ ᎢᏣᏨᎭ ᏙᏣᎵᏍᎦᏍᏙᏗᎭ ᎠᏩᎾᎦᎳ ᎠᎴ ᎤᏲ ᎢᏳᏛᎿᎭᏕᎩ ᏗᎴᏅᏙᏗ ᏗᏕᎶᏆᏍᏗ, ᎾᏍᎩ ᎠᏏ ᎾᎿᎭᏥᏣᏚᎵ ᏤᏥᎾᏝ ᏔᎵᏁ ᎢᏣᎵᏍᏙᏗᏱ?
10. ᏕᏥᏍᏆᏂᎪᏙ ᏓᏙᏓᏇᎬᎢ, ᎠᎴ ᏓᏦᎳᏁᎬᎢ, ᎠᎴ ᏓᏍᏆᎸᎮᎬᎢ, ᎠᎴ ᏓᏕᏘᏴᎮᎬᎢ.
11. ᎢᏨᎾᏰᎢᏎᎭᏉ, ᎠᏎᏉᏉ ᎪᎱᏍᏗ ᏱᎦᏥᏯᏛᏁᎸ ᎨᎵᏍᎬ ᎢᏳᏍᏗ.
12. ᎢᏓᎵᏅᏟ, ᎢᏨᏔᏲᏎᎭ ᎠᏴ ᎾᏆᏍᏛ ᎾᏍᎩᏯ ᎢᏣᎵᏍᏙᏗᏱ; ᏂᏣᏍᏛᏰᏃ ᎾᏍᎩᏯ ᎾᏆᏍᏗ ᎠᏴ, ᎥᏝ ᎪᎱᏍᏗ ᎤᏐᏅ ᎢᏍᎩᏴᏁᎸᎯ ᏱᎩ;
13. ᎠᏎᏃ ᎢᏥᎦᏔᎭ ᎠᏩᎾᎦᎳᎯᏳ ᎨᏒ ᎠᎩᏇᏓᎸᎢ ᎢᏨᏯᎵᏥᏙᏁᎸ ᎣᏍᏛ ᎧᏃᎮᏛ ᎢᎬᏱᏱ;
14. ᎠᎴ ᏥᎬᎵᏲᎬ ᎾᏍᎩ ᎠᎩᏇᏓᎸ ᏣᏇᎲᎩ, ᎥᏝ ᏅᎵᏌᎵ ᏱᏥᏰᎸᏁᎢ, ᎠᎴ ᎥᏝ ᏱᏥᏲᎢᏎᎴᎢ; ᏕᏍᎩᏯᏓᏂᎸᏨᎩᏍᎩᏂ ᏗᎧᎿᎭᏩᏗᏙᎯ ᎤᏁᎳᏅᎯ ᎤᏤᎵ ᎾᏍᎩᏯᎢ, ᎠᎴ ᎦᎶᏁᏛ ᏥᏌ ᎾᏍᎩᏯᎢ.
15. ᎾᏍᎩᏃ ᏂᎦᎥᎩ ᏅᏩᏙᎯᏯᏛ ᎢᏣᏓᏅᏛᎩ! ᎢᏨᏲᎢᏳᏓᏁᎭᏰᏃ, ᎾᏍᎩ ᎢᏳᏃ ᏰᎵ ᎾᏍᎩ ᎢᎬᏩᎵᏍᏙᏗ ᏱᎨᏎᎢ, ᎢᏨᏒ ᏱᏗᏣᏓᎦᏖᏙᎢᏎᎢ, ᎠᎴ ᎠᏴ ᏱᏗᏍᎩᏁᎴᎢ.
16. ᏥᎪᏃ ᏍᎩᏍᎦᎩ ᏄᎵᏍᏔᏅ ᏂᎦᎵᏍᏙᏗᎭ ᎤᏙᎯᏳᎯ ᎨᏒ ᎢᏨᏃᏁᎸᎢ?
17. ᎤᏣᏘ ᎨᏥᎨᏳᎭ, ᎠᏎᏃ ᎥᏝ ᎣᏍᏛ ᎤᎬᏩᎵ ᏱᎩ; ᎠᎴ ᏂᎯ ᏱᎨᏣᎵᏍᏚᏓ, ᎾᏍᎩ ᎤᏣᏘ ᏗᏥᎨᏳᎯᏳ ᎢᏳᎵᏍᏙᏗᏱ.
18. ᎣᏏᏳᏍᎩᏂ ᏂᎪᎯᎸ ᎤᏣᏘ ᎢᏥᎨᏳᏗᏱ ᎣᏍᏛ ᎨᏒᎢ, ᎥᏝᏃ ᎾᎯᏳᏉ ᎢᏨᏰᎳᏗᏙᎲ ᎤᏩᏒ.
19. ᏗᏇᏥ ᏗᏣᏍᏗᎢ, ᎾᏍᎩ ᏔᎵᏁ ᎢᏨᏁᎵᏨᎯ ᏥᎩ [ᎢᏗᎬᏤᎵᏛ] ᎢᏣᏕᏗᏱ, ᎬᏂ ᎦᎶᏁᏛ ᎠᏙᏢᏅᎭ ᏕᏣᏓᏅᏛᎢ,
20. ᎬᏆᏚᎸᏗ ᏂᎦᎵᏍᏗ ᎪᎯ ᎨᏒ ᎢᏨᏰᎳᏗᏓᏍᏗᏱ, ᎠᎴ ᎠᎩᏁᏟᏴᏍᏗᏱ ᏥᏁᎬᎢ; ᎤᏯᏰᏃ ᎢᏨᏴᏍᎦ.
21. ᏍᎩᏃᎲᏏ, ᏂᎯ ᎢᏣᏚᎵᏍᎩ ᏗᎧᎿᎭᏩᏛᏍᏗ ᎠᎲ ᎢᏣᏓᏄᏴᏙᏗᏱ, ᏝᏍᎪ ᏱᏣᏛᎩᎭ ᏗᎧᎿᎭᏩᏛᏍᏗ?
22. ᎯᎠᏰᏃ ᏂᎬᏅ ᎢᎪᏪᎳ, ᎾᏍᎩ ᎡᏆᎭᎻ ᎠᏂᏔᎵ ᏧᏪᏥ ᎠᏁᎮᎢ, ᎠᏏᏴᏫ ᎠᏥᎾᏝᎢ ᎠᎨᏴ ᎤᎾᏄᎪᏫᏒᎯ, ᏐᎢᏃ ᎾᏥᎾᏝᎥᎾ ᎠᎨᏴ ᎤᎾᏄᎪᏫᏒᎯ.
23. ᎾᏃ ᎠᏥᎾᏝᎢ ᎠᎨᏴ ᎤᎾᏄᎪᏫᏒᎯ, ᎤᏇᏓᎵ ᎤᏕᏔᏁᎢ; ᎾᏍᎩᏯ ᎾᏥᎾᏝᎥᎾ ᎠᎨᏴ ᎤᎾᏄᎪᏫᏒᎯ ᎠᏚᎢᏍᏛ ᎾᏍᎩᏯ ᎤᏕᏁᎢ.
24. ᎯᎠ ᎾᏍᎩ ᏓᏟᎶᏍᏗ; ᎯᎠᏰᏃ ᎾᏍᎩ ᏔᎵ ᎧᏃᎮᏛ ᏓᏠᎯᏍᏛ ᏓᏟᎶᏍᏗ; ᏌᏉ ᎨᏒ ᏌᎾᏱ ᎣᏓᎸ ᏨᏗᏓᎴᎲᏍᎦ, ᎾᏍᎩ ᏥᏕᎦᎾᏄᎪᏫᏍᎦ ᏗᎨᏥᎾᏢᏗ ᎨᏒᎢ, ᎾᏍᎩ ᎮᎦ ᏥᏓᏟᎶᏍᏗ.
25. ᎯᎠᏰᏃ ᎾᏍᎩ ᎮᎦ ᏌᎾᏱ ᎣᏓᎸ ᏓᏟᎶᏍᏗ, ᎡᎴᏈᎠ ᏦᏓᎸ, ᎾᏍᎩ ᏥᎷᏏᎵᎻ ᎾᏍᎩᏯ ᏥᎩ, ᎾᏍᎩ ᎪᎯ ᏄᏍᏛᎢ, ᎾᏍᎩᏰᏃ ᏕᎨᏥᎾᏝᎠ ᎤᏩᏒ ᎠᎴ ᎾᏍᎩ ᏧᏪᏥ.
26. ᏥᎷᏏᎵᎻᏍᎩᏂ ᎦᎸᎳᏗ ᏨᏗᎦᏚᎭ ᎾᏍᎩ ᎾᏥᎾᏝᎥᎾ, ᎾᏍᎩ ᎠᏴ ᏂᏗᎥ ᎢᎩᏥ.
27. ᎯᎠᏰᏃ ᏂᎬᏅ ᎢᎪᏪᎳ, ᎭᎵᎮᎵᎩ ᏔᎷᎸᎥᏍᎩ ᏂᎨᏒᎾ, ᎾᏍᎩ ᏂᏔᏓᎾᏄᎪᏫᏍᎬᎾ; ᎭᎴᏅ ᎮᎷᎲᎦ, ᏂᎯ ᏂᏘᎾᏄᎪᏫᏍᎬᎾ; ᎾᏰᏃ, ᎾᏥᏰᎲᎾ ᎤᏟ ᎾᏂᎥ ᏚᏪᎧᎭ ᏧᏪᏥ ᎡᏍᎦᏉ Ꮎ ᎠᏥᏰᎯ.
28. ᎾᏍᎩᏃ ᎠᏴ, ᎢᏓᎵᏅᏟ, ᎠᏚᎢᏍᏛ ᎢᎦᏕᏔᏅᎯ ᎾᏍᎩᏯ ᎡᏏᎩ ᏥᏄᏍᏕᎢ.
29. ᎾᏍᎩᏃ ᎾᎯᏳ ᏥᎨᏎᎢ, ᎾᏍᎩ ᎤᏇᏓᎵ ᎤᏕᏔᏅᎯ ᏣᏕᏯᏙᏗᏍᎨ ᎾᏍᎩ Ꮎ ᎠᏓᏅᏙ ᎤᏕᏔᏅᎯ, ᎾᏍᎩᏯ ᏄᏍᏗ ᎪᎯ ᎨᏒᎢ.
30. ᎠᏎᏃ ᎦᏙ ᎠᏗᎭ ᎪᏪᎵ? ᎯᏄᎪᏩ ᎠᏥᎾᏝᎢ ᎠᎨᏴ ᎠᎴ ᎾᏍᎩ ᎤᏪᏥ; ᎠᏥᎾᏝᎢᏰᏃ ᎠᎨᏴ ᎤᏪᏥ, ᎥᏝ ᎤᏪᎳᏗᏍᏙᏗ ᏱᎨᏎᏍᏗ ᎤᏤᎵ ᎢᏳᎵᏍᏙᏗ ᎨᏒ ᎾᏥᎾᏝᎥᎾ ᎠᎨᏴ ᎤᏪᏥ.
31. ᎾᏍᎩᏃ ᎢᏓᎵᏅᏟ, ᎥᏝ ᎠᏥᎾᏝᎢ ᎠᎨᏴ ᏧᏪᏥ ᏱᎩ ᎠᏴ, ᎾᏥᎾᏝᎥᎾᏍᎩᏂ.

== Galatians 5 ==
1. ᎾᏍᎩ ᎢᏳᏍᏗ ᎤᎵᏂᎩᏛ ᏕᏥᏙᎨᏍᏗ ᎾᏍᎩ ᎾᎿᎭᏂᏕᎩᎾᏝᎥᎾ ᎨᏒ ᎦᎶᏁᏛ ᏂᎦᎩᎾᏝᎥᎾ ᏂᎬᏁᎸᎢ, ᎠᎴ ᏞᏍᏗ ᏔᎵᏁ ᏥᎡᏥᎩᎳᎾᎳᏗᏍᏔᏂ ᎠᏓᎾᏢᎥᏍᎩ ᎠᎩᎳᎾᎶ.
2. ᎬᏂᏳᏉ, ᎠᏴ ᏉᎳ ᎯᎠ ᏂᏨᏪᏎᎭ, ᎾᏍᎩ ᎢᏳᏃ ᏱᏕᏥᎤᏍᏕᏎᎸ, ᎦᎶᏁᏛ ᎥᏝ ᎪᎱᏍᏗ ᏴᎦᏰᏣᎵᏍᏕᎸᏙᏓ.
3. ᎠᎴ ᏔᎵᏁ ᎢᎦᏥᏲᎢᏳᏓᏁᎭ ᎾᏂᎥ ᎾᏍᎩ ᏗᎨᏥᎤᏍᏕᏎᎸᎯ, ᎾᏍᎩ ᎠᎾᏚᏓᎸᎥᏍᎦ ᏂᎦᏛ ᏗᎧᎿᎭᏩᏛᏍᏗ ᏂᎦᏪᏍᎬ ᎢᏳᎾᏛᏁᎰᎲᏍᏗᏱ.
4. ᎦᎶᏁᏛ ᎪᎱᏍᏗ ᎦᏰᏣᎵᏍᏕᎸᏙᏗ ᏂᎨᏒᎾ ᏂᎦᎵᏍᏓ, ᏂᎯ ᏗᎧᎿᎭᏩᏛᏍᏗ ᎢᏣᏚᏓᎴᏍᏗᏍᎩ; ᏕᏥᏲᎯ ᎬᏩᎦᏘᏯ ᎤᏓᏙᎵᏍᏗ ᎨᏒᎢ.
5. ᎠᏴᏰᏃ ᎠᏓᏅᏛ ᎢᏳᏩᏂᏌᏛ ᎢᏗᎦᏘᏴ ᎤᏚᎩ ᎢᎬᏒ ᎢᎦᏚᏓᎴᏍᏙᏗᏱ ᎪᎯᏳᏗ ᎨᏒᎢ.
6. ᎦᎶᏁᏛᏰᏃ ᏥᏌ ᎤᏤᎵ ᏗᎧᎿᎭᏩᏛᏍᏗ ᎨᏒ ᎠᎱᏍᏕᏍᏗ ᎨᏒ ᎥᏝ ᎪᎱᏍᏗ ᎬᏙᏗ ᏱᎩ, ᎠᎴ ᎠᎱᏍᏕᏍᏗ ᏂᎨᏒᎾ ᎨᏒᎢ; ᎪᎯᏳᏗᏍᎩᏂ ᎨᏒ ᎾᏍᎩ ᎠᏓᎨᏳᏗ ᎨᏒ ᏧᏮᏗᏗᏐ ᏚᎸᏫᏍᏓᏁᎲᎢ.
7. ᎣᏏᏳ ᎢᏣᏙᎩᏯᏍᎬᎩ; ᎦᎪ ᎢᏥᏲᏍᏙᏓᏁᎴ, ᎾᏍᎩ ᏗᎨᏥᎧᎿᎭᏩᏛᏍᏗ ᏂᎨᏒᎾ ᏄᎵᏍᏔᏅ ᎤᏙᎯᏳᎯ ᎨᏒᎢ?
8. ᎯᎠ ᎾᏍᎩ ᎡᏥᏍᏗᏰᏔᏅᎯ ᏥᎩ ᎥᏝ ᎢᏥᏯᏅᏛ ᎤᏓᏅᏖᎸᎯ ᏱᎩ.
9. ᎤᏍᏗ ᎠᎪᏙᏗ ᏂᎦᏛ ᎦᎸ ᎠᎪᏗᏍᎪᎢ.
10. ᎤᎬᏫᏳᎯ ᏥᏯᎵᏍᎦᏍᏙᏗ, ᏂᎯ ᎢᏤᎲ ᎤᎬᏩᎵ ᎾᏍᎩ ᎤᏠᏱᏉ ᎢᏳᎵᏍᏙᏗᏱ ᏕᏣᏓᏅᏛᎢ; ᎾᏍᎩᏍᎩᏂ Ꮎ ᎢᏣᏕᏯᏙᏗᏍᎩ ᎤᏍᏛᏗᏍᏗ ᎨᏎᏍᏗ, ᎤᏁᎳᎩ ᎩᎶ ᎦᎨᏎᏍᏗ.
11. ᎠᎴ ᎠᏴ ᎢᏓᎵᏅᏟ, ᎢᏳᏃ ᎠᎱᏍᏕᏍᏗ ᎨᏒ ᎠᏏ ᏱᎦᎵᏥᏙᎲᏍᎦ, ᎦᏙᏃ ᎠᏏᏉ ᎤᏲ ᏂᎥᏋᎿᎭᏕᎦ? ᎿᎭᏉ ᎠᎲᏛ ᏂᎦᎵᏍᏗᎭ ᏗᏓᏙᏕᏍᏗᏍᎩ ᎨᏒ ᏓᏓᎿᎭᏩᏍᏛᎢ.
12. ᎣᏏᏳ ᏱᏥᏰᎸᎾ ᎾᏍᏉ ᏱᏗᎨᏥᎧᎲᏒ ᎨᏣᏕᏯᏙᏗᏍᎩ ᏥᎩ.
13. ᏂᎯᏰᏃ, ᎢᏓᎵᏅᏟ, ᎡᏥᏯᏅᏛ ᎢᏣᏓᏤᎵ ᎢᏣᎵᏍᏙᏗᏱ; ᎠᏗᎾ ᏞᏍᏗ ᎾᏍᎩ ᎢᏣᏓᏤᎵ ᎨᏒ ᏱᏨᏗᏍᎨᏍᏗ ᎾᏍᎩ ᎤᏇᏓᎵ ᎤᏚᎸᎲᎥᏍᎬ ᎢᏣᏛᏁᏗᏱ ᏥᏥᎳᏅᏓᏕᎶ ᎾᏍᎩᏯᎢ; ᎠᏓᎨᏳᏗᏍᎩᏂ ᎢᏨᏗᏍᎬ ᎣᏍᏛ ᏂᏕᏣᏓᏛᏁᎮᏍᏗ.
14. ᏂᎦᎥᏰᏃ ᏗᎧᎿᎭᏩᏛᏍᏗ ᏚᎵᏁᏨ ᏌᏉᏉ ᎢᎧᏁᏨᎯ ᎠᎧᎵᎢᎭ, ᎯᎠᏉ ᎾᏍᎩ, ᎾᎥ ᎢᏗᏍᏓᏓᎳ ᎯᎨᏳᏎᏍᏗ ᎾᏍᎩᏯ ᏨᏒ ᏂᏣᏓᎨᏳᏒᎢ.
15. ᎢᏳᏍᎩᏂ ᏙᏣᏓᏍᎦᎶᎨᏍᏗ ᎠᎴ ᏙᏣᏓᏯᎣᎲᏍᎨᏍᏗ, ᎢᏤᏯᏔᎮᏍᏗ ᏞᏍᏗ ᏥᏙᏣᏓᏛᏔᏂ.
16. ᎾᏍᎩᏃ ᎯᎠ ᏂᏥᏪᎭ, ᎠᏓᏅᏙᎩᎯ ᎢᏣᎢᏎᏍᏗ, ᎤᏇᏓᎵᏃ ᎤᎬᎥᏍᎬ ᎥᏝ ᏱᏂᎨᏣᏛᏁᎮᏍᏗ.
17. ᎤᏇᏓᎵᏰᏃ ᎤᏚᎵᏍᎬ ᏓᎦᏘᎴᎪ ᎠᏓᏅᏙ, ᎠᎴ ᎠᏓᏅᏙ ᎤᏚᎵᏍᎬ ᏓᎦᏘᎴᎪ ᎤᏇᏓᎵ; ᎾᏍᎩᏃ ᎯᎠ ᏗᎾᏓᏡᏗᏍᎩ ᏂᎦᎵᏍᏗᎭ; ᎾᏍᎩᏃ ᏂᎦᎵᏍᏙᏗᎭ ᏄᏍᏛ ᎢᏣᏚᎵᏍᎬ ᎥᏝ ᏱᏅᎨᏣᏛᎦ.
18. ᎠᏓᏅᏙᏍᎩᏂ ᏱᏗᏣᏘᏂᏙᎭ, ᎥᏝ ᏗᎧᎿᎭᏩᏛᏍᏗ ᎠᎲ ᏱᎨᏣᏚᏓᎸ.
19. ᎾᏍᎩᏃ ᎤᏇᏓᎵ ᏄᏍᏛ ᏕᎤᎸᏫᏍᏓᏁᎲ ᎬᏂᎨᏒᎢᏳ; ᎯᎠ ᎾᏍᎩ ᏄᏍᏗ—ᎠᏓᏲᏁᏗ ᎨᏒᎢ, ᎤᏕᎵᏛ ᏗᏂᏏᏗ ᎨᏒᎢ, ᎦᏓᎭ ᏗᎦᎸᏫᏍᏓᏁᏗ ᎨᏒᎢ, ᎤᏁᎫᏥᏛ ᎨᏒᎢ,
20. ᎤᏁᎳᏅᎯ ᏗᏰᎸᎯ ᏗᏓᏙᎵᏍᏓᏁᏗ ᎨᏒᎢ, ᎠᏙᏅᏗ ᎨᏒᎢ, ᎠᏓᏓᏈᏍᏗ ᎨᏒᎢ, ᏗᏗᏲᏍᏗ ᎨᏒᎢ, ᏗᏓᏛᏳᏤᏗ ᎨᏒᎢ, ᎠᏔᎳᏬᎯᏍᏗ ᎨᏒᎢ, ᏗᏓᏐᎮᏗ ᎨᏒᎢ, ᏔᎵ ᎢᏯᏓᏗᏍᏗ ᎨᏒᎢ, ᎤᎾᏓᏤᎵᏛ ᎨᏒᎢ,
21. ᎠᏛᏳᎨᏗ ᎨᏒᎢ, ᏗᏓᎯᏍᏗ ᎨᏒᎢ, ᎤᏓᏴᏍᏕᏍᏗ ᎨᏒᎢ, ᏧᏂᏴᏍᏕᏍᎩ ᏧᏂᎳᏫᎢᏍᏗ ᎨᏒᎢ, ᎠᎴ ᎾᏍᎩ ᎢᏳᏍᏗᏓᏂ; ᎯᎠ ᎾᏍᎩ ᎦᏳᎳ ᏂᏨᏃᏁᎭ, ᎾᏍᎩᏯ ᎾᏍᏉ ᎢᏨᏃᏁᎸᎯ ᏥᎩ ᏧᏩᎫᏔᏅᏒᎢ, Ꮎ ᎾᏍᎩ ᎢᏯᎾᏛᏁᎯ ᎥᏝ ᎤᎾᏤᎵ ᏱᏅᎦᎵᏍᏓ ᎤᏁᎳᏅᎯ ᎤᏤᎵᎪᎯ.
22. ᎠᏓᏅᏙᏍᎩᏂ ᎦᎾᏄᎪᏫᏍᎦ, ᎠᏓᎨᏳᏗ ᎨᏒᎢ, ᎤᎵᎮᎵᏍᏗ, ᏅᏩᏙᎯᏯᏛ, ᎬᏂᏗᏳ ᎨᏒᎢ, ᎤᏓᏅᏘ ᎨᏒᎢ, ᎣᏍᏛ ᎨᏒᎢ, ᎪᎯᏳᏗ ᎨᏒᎢ,
23. ᎤᏓᏅᏘ ᎨᏒᎢ, ᎠᎵᏏᎾᎯᏍᏙᏗ ᎨᏒᎢ; ᎾᏍᎩ ᎢᏳᏍᏗᏓᏂ ᏗᎦᏘᎴᎩ ᏗᎧᎿᎭᏩᏛᏍᏗ ᎥᏝ ᏯᎭ.
24. ᎾᏍᎩᏃ Ꮎ ᎦᎶᏁᏛ ᏧᏤᎵᎦ ᏥᎩ ᏓᏓᎿᎭᏩᏍᏛ ᎤᎾᏛᏅ ᎤᏇᏓᎵ ᎨᏒ ᎬᏩᏠᏯᏍᏗ ᎤᏚᎸᎲᏗ ᎨᏒ ᎠᎴ ᎤᎬᎥᎯᏍᏗ ᎨᏒᎢ.
25. ᎢᏳᏃ ᎠᏓᏅᏙᎩᎯ ᎢᏕᎮᏍᏗ, ᎾᏍᏉ ᎠᏓᏅᏙ ᏕᎦᏘᏂᏒ ᎢᏓᎢᏎᏍᏗ.
26. ᏞᏍᏗ ᏱᎦᏚᎵᏍᎨᏍᏗ Ꮎ ᎦᎸᏉᏗᏳ ᎨᏒ ᎪᎱᏍᏗ ᎬᏙᏗ ᏂᎨᏒᎾ ᏥᎩ; [ᏞᏍᏗ] ᏱᏗᏓᏓᎿᎭᎸᏍᏗᏍᎨᏍᏗ, ᎠᎴ ᏱᏗᏓᏓᏛᏳᏤᎮᏍᏗ.

== Galatians 6 ==
1. ᎢᏓᎵᏅᏟ, ᎢᏳᏃ ᎩᎶ ᏳᏎᎦᏤᎸ ᏳᏍᎦᏅᏨ, ᏂᎯ ᎠᏓᏅᏙ ᏗᏣᏘᏂᏙᎯ ᎡᏥᏯᏂᏐᏗ ᎨᏎᏍᏗ ᎾᏍᎩ ᎢᏳᏛᏁᎸᎯ ᎤᏓᏙᎵᏍᏗ ᎢᏣᏓᏅᏛᎢ, ᎮᏯᏔᎮᏍᏗ ᏨᏒ ᎨᏒ ᏱᏅᏎᎦᎩ ᏂᎯ ᎾᏍᏉ ᏰᏣᎪᎵᏯ.
2. ᏕᏣᎵᏅᏫᏍᏗᏕᎬ ᏕᏣᏓᏴᎡᎮᏍᏗ, ᎾᏍᎩᏃ ᏂᏣᏛᏁᎲ ᎢᏥᎧᎵᎢᎮᏍᏗ ᎦᎶᏁᏛ ᎤᏤᎵ ᏗᎧᎿᎭᏩᏛᏍᏗ.
3. ᎢᏳᏰᏃ ᎩᎶ ᏰᎵ ᎩᎶ ᎤᏤᎸᏎᏍᏗ, ᎩᎶᏉᏃ ᏂᎨᏒᎾ ᎢᎨᏎᏍᏗ, ᎤᏩᏒᏉ ᏯᏓᎵᏓᏍᏗᎭ.
4. ᎠᏎᏃ ᎾᏂᎥ ᎩᎶ ᎠᏂᎪᎵᏰᏍᎨᏍᏗ ᎤᏅᏒ ᏚᏂᎸᏫᏍᏓᏁᎲᎢ, ᎿᎭᏉᏃ ᎤᏅᏒ ᎨᏒ ᎤᏂᎮᏍᏗ ᎤᎾᎵᎮᎵᏍᏙᏗ, ᎥᏝᏃ ᏅᏩᎾᏓᎴ ᎨᏒᎢ.
5. ᎾᏂᎥᏰᏃ ᎤᏅᏒ ᏚᎾᎵᏅᏫᏍᏗᏕᎬ ᎠᏂᏰᎮᏍᏗ.
6. ᎾᏍᎩ Ꮎ ᎧᏃᎮᏛ ᎠᎨᏲᏅᎯ Ꭰ’ᏁᎮᏍᏗ ᎾᏍᎩ Ꮎ ᎤᏪᏲᎲᏍᎩ ᏄᏓᎴᏒ ᎣᏍᏛ ᎨᏒᎢ.
7. ᏞᏍᏗ ᏱᏥᎵᏓᏍᏔᏁᏍᏗ; ᎥᏝ ᎦᏰᏥᎶᏄᎡᏗ ᏱᎩ ᎤᏁᎳᏅᎯ; ᏄᏍᏛᏰᏃ ᎩᎶ ᎠᏫᏍᎬᎢ, ᎾᏍᎩ ᎾᏍᏉ ᏄᏍᏕᏍᏗ ᎦᏟᏏᏍᎨᏍᏗ.
8. ᎾᏍᎩᏰᏃ Ꮎ ᎤᏩᏒ ᎤᏇᏓᎵ ᎠᏫᏍᎨᏍᏗ, ᎾᏍᎩ ᎤᏇᏓᎵ ᎤᎾᏄᎪᏫᏒᎯ ᎠᏲᎩ ᎦᏟᏏᏍᎨᏍᏗ; ᎾᏍᎩᏍᎩᏂ Ꮎ ᎠᏓᏅᏙᎩᎯ ᎠᏫᏍᎨᏍᏗ, ᎾᏍᎩ ᎠᏓᏅᏙ ᎤᎾᏄᎪᏫᏒᎯ ᎬᏂᏛ ᎤᎵᏍᏆᏗᏍᏗ ᏂᎨᏒᎾ ᎦᏟᏏᏍᎨᏍᏗ.
9. ᎠᎴ ᏞᏍᏗ ᏱᏗᎩᏯᏪᎨᏍᏗ ᎣᏍᏛ ᏕᎩᎸᏫᏍᏓᏁᎲᎢ; ᎾᎯᏳᏰᏃ ᎠᏍᏆᎸᎲᎭ ᎢᎩᏟᏐᏗ ᎨᏎᏍᏗ, ᎢᏳᏃ ᏂᏗᏗᏩᎾᎦᎶᎬᎾ ᎢᎨᏎᏍᏗ.
10. ᎾᏍᎩ ᎢᏳᏍᏗ ᏰᎵ ᎢᎨᎦᏛᏁᏗ ᏗᏜᏓᏅᏓᏗᏍᎨᏍᏗ, ᎾᏂᎥ ᎣᏍᏛ ᏂᏕᏓᏛᏁᎮᏍᏗ, Ꮀ ᎤᎬᏫᏳᏎᏍᏗ ᎾᏍᎩ Ꮎ ᎠᏃᎯᏳᎲᏍᎩ ᏏᏓᏁᎸᎯ ᎤᎾᏓᏡᎬᎢ.
11. ᎢᏥᎪᏩᏘᎭ ᏂᎦᏅᎯᏒ ᎪᏪᎵ ᎢᏨᏲᏪᎳᏁᎸᎢ, ᎠᏋᏒ ᎠᏉᏰᏂ ᎠᏋᏔᏅᎯ.
12. ᎾᏂᎥ ᎤᎾᏚᎵᏍᎩ ᎣᏍᏛ ᎢᏳᎵᏍᏙᏗᏱ ᏗᎨᎦᎦᏅᏗᏱ ᎤᏇᏓᎵ ᎨᏒᎢ, ᎾᏍᎩ ᎠᏎ ᏤᏥᎤᏍᏕᏎᏗᏱ ᏂᎨᏨᏁᎰᎢ; ᏄᎾᏚᎵᏍᎬᎾ ᎨᏒ ᎢᏳᏍᏗ ᎨᏥᎩᎵᏲᎢᏍᏙᏗᏱ ᎤᏂᏍᏛᏗᏍᏗᏱ ᎦᎶᏁᏛ ᎤᏤᎵ ᏓᏓᎿᎭᏩᏍᏛᎢ.
13. ᎥᏝᏰᏃ ᎾᏍᏉ ᎤᏅᏒ ᎾᏍᎩ ᏗᎨᏥᎤᏍᏕᏎᎸᎯ ᏳᏂᏍᏆᏂᎪᏗ ᏗᎧᎿᎭᏩᏛᏍᏗ; ᏂᎯᏍᎩᏂ ᏤᏥᎤᏍᏕᏎᏗᏱ ᎤᎾᏚᎵᎭ, ᎾᏍᎩ ᎢᏥᏇᏓᎸ ᎤᎾᏢᏈᏍᏗᏱ.
14. ᎠᏎᏃ ᎬᏩᏟᏍᏗ ᎪᎱᏍᏗ ᎠᏆᏢᏈᏍᏙᏗᏱ ᎤᏩᏒᏍᎩᏂᏃᏅ ᏓᏓᎿᎭᏩᏍᏛ ᎢᎦᏤᎵ ᎤᎬᏫᏳᎯ ᏥᏌ ᎦᎶᏁᏛ ᎤᏤᎵᎦ, ᎾᏍᎩ ᏥᏅᏗᎦᎵᏍᏙᏗᎭ, ᎾᏍᎩ ᎡᎶᎯ ᏓᏓᎿᎭᏩᏍᏛ ᎠᎦᏛᏅᎯ ᏥᎩ ᎠᏴ ᎨᏒ ᎢᏗᏢ, ᎠᎴ ᎠᏴ ᎥᏆᏛᏅᎯ ᏥᎩ ᎡᎶᎯ ᎨᏒ ᎢᏗᏢ.
15. ᎦᎶᏁᏛᏰᏃ-ᏥᏌ ᏗᏁᎶᏙᏗ ᎨᏒ ᎠᎱᏍᏕᏍᏗ ᎨᏒ ᎥᏝ ᎪᎱᏍᏗ ᎬᏙᏗ ᏱᎩ, ᎠᎴ ᎠᎱᏍᏕᏍᏗ ᏂᎨᏒᎾ ᎨᏒᎢ; ᎢᏤᏍᎩᏂ ᎢᏯᎬᏁᎸᎯ ᎨᏒᎢ.
16. ᎾᏂᎥᏃ ᎾᏍᎩ ᎯᎠ ᏗᎧᎿᎭᏩᏛᏍᏗ ᏗᏂᎧᎿᎭᏩᏕᎩ, ᏅᏩᏙᎯᏯᏛ ᎠᎴ ᎤᏓᏙᎵᏍᏗ ᎨᏒ ᏭᏁᎳᏗᏓ, ᎠᎴ ᎾᏍᏉ ᎢᏏᎵ ᎤᏁᎳᏅᎯ ᏧᏤᎵᎦ ᏭᏁᎳᏗᏓ.
17. ᎪᎯ ᎢᏳᏓᎴᏅᏛ ᏞᏍᏗ ᎩᎶ ᏯᏆᏕᏯᏙᏔᏁᏍᏗ; ᏥᏰᎸᏰᏃ ᏓᎩᏁᎸᎭ ᎠᏐᎴᎰᎯᏍᏙᏗ ᎤᎬᏫᏳᎯ ᏥᏌ ᏥᏯᏤᎵ ᎨᏒᎢ.
18. ᎢᏓᎵᏅᏟ, ᎬᏩᎦᏘᏯ ᎤᏓᏙᎵᏍᏗ ᎨᏒ ᎢᎦᏤᎵ ᎤᎬᏫᏳᎯ ᏥᏌ ᎦᎶᏁᏛ ᏓᎧᎿᎭᏩᏗᏙᎮᏍᏗ ᏗᏣᏓᏅᏙ. ᎡᎺᏅ.

== Ephesians 1 ==
1. ᏉᎳ, ᏥᏌ ᎦᎶᏁᏛ ᎠᎩᏅᏏᏛ ᎾᏍᎩᏯ ᎤᏁᎳᏅᎯ ᎠᏓᏅᏖᏍᎬᎢ, ᏫᏨᏲᏪᎳᏏ ᎢᏣᏓᏅᏘ ᎡᏈᏌ ᎢᏤᎯ, ᎠᎴ ᎡᏦᎯᏳᎲᏍᎩ ᎦᎶᏁᏛ ᏥᏌ,
2. ᎬᏩᎦᏘᏯ ᎤᏓᏙᎵᏍᏗ ᎨᏒ ᎠᎴ ᏅᏩᏙᎯᏯᏛ ᎢᏣᏤᎵ ᎨᏎᏍᏗ ᏅᏓᏳᎾᎵᏍᎪᎸᏔᏅᎯ ᎤᏁᎳᏅᎯ ᎢᎩᏙᏓ, ᎠᎴ ᎤᎬᏫᏳᎯ ᏥᏌ ᎦᎶᏁᏛ.
3. ᎦᎸᏉᏙᏗ ᎨᏎᏍᏗ ᎤᏁᎳᏅᎯ ᎠᎴ ᎤᏙᏓ ᎤᎬᏫᏳᎯ ᎢᎦᏤᎵ ᏥᏌ ᎦᎶᏁᏛ, ᎾᏍᎩ ᎦᎶᏁᏛ ᎢᏳᏩᏂᏌᏅᎯ ᎣᏍᏛ ᎢᎦᏛᏁᎸᎯ ᏥᎩ, ᎢᎩᏁᎸᎯ ᏂᎦᎥ ᎣᏍᏛ ᎨᏒ ᎠᏓᏅᏙ ᎤᎬᏩᎵ, ᎾᏍᎩ ᏧᏓᎴᏅᏛ ᏦᏒ ᎡᎯ ᎤᎬᏩᎵ.
4. ᎾᏍᎩᏯ ᎢᎦᏑᏰᏒ ᎾᏍᎩ Ꮎ ᎠᎬᏗᏍᎬᎢ ᎠᏏ ᎡᎶᎯ ᎾᏙᏢᏍᎬᎾ ᎨᏒᎢ, ᎾᏍᎩ ᏂᏗᏍᎦᏅᎾ ᎢᎦᎵᏍᏙᏗᏱ, ᎠᎴ ᎪᎱᏍᏗ ᏁᎫᎢᏍᏛᎾ ᎢᏳᎵᏍᏙᏗᏱ ᎾᏍᎩ ᎠᎦᏔᎲ ᎠᏓᎨᏳᏗ ᎨᏒ ᎢᏛᏗᏍᎬᎢ;
5. ᎾᏍᎩ ᏂᎦᏑᏰᏐᎢ ᏧᏪᏥ ᎢᎬᏁᏗᏱ ᎠᎬᏗᏍᎬ ᏥᏌ ᎦᎶᏁᏛ, ᎾᏍᎩᏯ ᎣᏏᏳ ᎤᏰᎸᏗ ᎨᏒᎢ.
6. ᎾᏍᎩ ᎢᏳᏩᏂᏐᏗᏱ ᎦᎸᏉᏗᏳ ᎢᏳᎵᏍᏙᏗᏱ ᎬᏩᎦᏘᏯ ᎤᏓᏙᎵᏍᏗ ᎨᏒᎢ, ᎾᎿᎭᎢᎩᏙᎵᏨᎯ ᏥᎩ ᎾᏍᎩ ᎠᏥᎨᏳᎢ ᎢᏳᏩᏂᏌᏛ;
7. ᎾᏍᎩ ᎢᏳᏩᏂᏌᏛ ᎡᎦᎫᏴᏛ ᏥᎩ ᎤᎩᎬ ᎬᏔᏅᎯ, ᎡᎩᏙᎵᏨᎯ ᎢᎩᏍᎦᏅᏨᎢ, ᎾᏍᎩᏯ ᏄᏧᏈᏍᏛ ᎬᏩᎦᏘᏯ ᎤᏓᏙᎵᏍᏗ ᎨᏒᎢ;
8. ᎾᏍᎩ ᎤᏣᏘ ᎢᎩᏁᎸᎯ ᏥᎩ ᎬᏗᏍᎬ ᏂᎦᎥ ᎠᎦᏙᎮᎯᏍᏗ ᎨᏒ ᎠᎴ ᎠᎵᏏᎾᎯᏍᏙᏗ ᎨᏒᎢ;
9. ᎾᏍᎩ ᎢᎩᎾᏄᎪᏫᏎᎸᎯ ᏥᎩ ᎤᏕᎵᏛ ᎤᏓᏅᏖᎸᎯ, ᎾᏍᎩᏯ ᎣᏏᏳ ᎤᏰᎸᏅᎢ, ᎾᏍᎩ ᎤᏩᏒ ᎨᏒ ᎤᏓᏅᏖᎸᎯ ᎨᏒᎢ;
10. ᎾᏍᎩ ᎾᎯᏳ ᎠᏎᎸᎯ ᎨᏒ ᎠᎵᏰᎢᎶᎸᎭ ᏧᏪᏟᏐᏗᏱ ᏌᏉ ᎢᏧᏩᏁᏗᏱ ᎦᎶᏁᏛ ᏧᏲᎯᏎᏗ ᎦᎸᎶᎯ ᎠᎴ ᎾᏍᏉ ᎡᎶᎯ ᏤᎭ; ᎾᏍᎩ ᏧᏲᎯᏎᏗ,
11. ᎾᏍᎩ ᎾᏍᏉ ᏥᏅᏗᎦᎵᏍᏙᏗ ᎡᎦᎵᏍᎪᎸᏓᏁᎸᎯ ᏥᎩ ᎢᎦᏤᎵ ᎢᏳᎵᏍᏙᏗ ᎨᏒᎢ, ᎡᎦᏑᏰᏛ ᏥᎩ ᎾᏍᎩᏯ ᏄᏍᏛ ᎤᏓᏅᏖᎸᎢ, ᎾᏍᎩ Ꮎ ᏥᏚᎸᏫᏍᏓᏁᎭ ᏂᎦᎥ ᏧᏓᎴᏅᏛ ᎾᏍᎩᏯ ᎤᏩᏒ ᎤᏓᏅᏛ ᏚᏭᎪᏔᏂᎸᎢ;
12. ᎾᏍᎩ ᎠᏴ ᎢᎬᏱᏱ ᎣᏣᎵᏍᎦᏍᏙᏔᏅᎯ ᎦᎶᏁᏛ ᎢᏲᎬᏂᏐᏗᏱ ᎦᎸᏉᏗᏳ ᎢᏳᎵᏍᏙᏗᏱ ᎠᏥᎸᏉᏗᏳ ᎨᏒᎢ;
13. ᎾᏍᎩ ᏂᎯ ᎾᏍᏉ [ᏤᏣᎵᏍᎦᏍᏙᏔᏅᎩ] ᎿᎭᏉ ᎢᏣᏛᎦᏅ ᎦᏰᎪᎩ ᏂᎨᏒᎾ ᎧᏃᎮᏛ, ᎾᏍᎩ ᎣᏍᏛ ᎧᏃᎮᏛ ᎢᏣᎵᏍᏕᎸᏙᏗ ᏥᎩ; ᎾᏍᎩ ᎾᏍᏉ ᎡᏦᎢᏳᏅ, ᎿᎭᏉ ᎢᏥᏰᎸᏔᏅᎩ ᎦᎸᏉᏗᏳ ᎠᏓᏅᏙ ᎾᏍᎩ ᎠᏚᎢᏍᏔᏅᎯ ᎨᏒᎢ,
14. ᎾᏍᎩ ᎠᎦᏘᏗᏍᏙᏗ ᏥᎩ ᎢᎦᏤᎵ ᎢᏳᎵᏍᏙᏗ ᎨᏒᎢ, ᎬᏂ ᎢᎦᏤᎵᎦ ᏂᏛᏁᎸᎭ ᎠᎫᏴᏛ ᎠᏩᏒᎯ ᎢᎦᏤᎵᎦ, ᎾᏍᎩ ᎦᎸᏉᏗᏳ ᎢᏳᎵᏍᏙᏗᏱ ᎠᏥᎸᏉᏗᏳ ᎨᏒᎢ.
15. ᎾᏍᎩ ᎢᏳᏍᏗ ᎾᏍᏉ ᎠᏴ ᎠᏆᏛᎦᏅ ᎡᏦᎢᏳᏒ ᎤᎬᏫᏳᎯ ᏥᏌ, ᎠᎴ ᏕᏥᎨᏳᏒ ᎾᏂᎥ ᎤᎾᏓᏅᏘ,
16. ᎥᏝ ᏱᏥᏑᎵᎪᎪ [ᎤᏁᎳᏅᎯ] ᏥᏯᎵᎡᎵᏤᎲ ᏂᎯ ᏅᏗᎦᎵᏍᏙᏗᏍᎬᎢ, ᏂᎯ ᎢᏨᏁᎢᏍᏗᏍᎬ ᎦᏓᏙᎵᏍᏗᏍᎬᎢ;
17. ᎾᏍᎩ ᎤᏁᎳᏅᎯ, ᎢᎦᏤᎵ ᎤᎬᏫᏳᎯ ᏥᏌ ᎦᎶᏁᏛ ᎤᏤᎵᎦ, ᎠᎦᏴᎵᎨ ᎦᎸᏉᏗᏳ ᏥᎩ, ᎾᏍᎩ ᎢᏥᏁᏗᏱ ᎠᏓᏅᏙ ᎠᎦᏙᎥᎯᏍᏙᏗ ᎠᎴ ᎠᏓᎾᏄᎪᏫᏎᎯ, ᎾᏍᎩ ᎤᏩᏒ ᎡᏥᎦᏙᎥᎯᏍᏗᏱ;
18. ᎾᏍᎩ Ꮎ ᎢᏦᎵᏍᏙᏗ ᎨᏒ ᏓᎧᏅᎢᎦ ᏤᏣᏗᏍᏓᏁᏗᏱ; ᎾᏍᎩ ᎢᏥᎦᏙᎥᎯᏍᏗᏱ ᏄᏍᏛ ᎤᏚᎩ ᎬᏗ ᎨᏒ, ᎾᏍᎩ ᎤᏓᏯᏅᏗ ᎨᏒᎢ, ᎠᎴ ᏂᎦᎥ ᎦᎸᏉᏗᏳ ᎨᏒ ᎤᎾᏓᏅᏘ ᎤᎾᏤᎵ ᎢᏳᎵᏍᏙᏗ ᎨᏒ ᎾᏍᎩ ᏧᏁᏗ ᏥᎩ,
19. ᎠᎴ ᏄᏍᏛ ᏭᏓᎪᎾᏛᏛ ᎡᏉᎯᏳ ᎨᏒ ᎤᎷᏂᎬᎬ ᎬᏂᎨᏒ ᏂᎬᏁᎸ ᎢᎪᎯᏳᏅᎯ ᏥᎩ, ᎾᏍᎩᏯ ᏚᎸᏫᏍᏓᏁᎲ ᎤᏣᏔᏅᎯ ᎤᎵᏂᎩᏛ ᎨᏒᎢ,
20. ᎾᏍᎩ ᎦᎶᏁᏛ ᏥᏄᏛ’ᏁᎴᎢ ᎤᏲᎱᏒ ᏥᏚᎴᏔᏁᎢ, ᎠᎴ ᎤᏩᏒ ᎠᎦᏘᏏᏗᏢ ᏧᏪᎧᏁᎢ ᎦᎸᎳᏗ ᏗᎨᏒᎢ,
21. ᎤᏟ ᎦᎸᎳᏗᏳ ᎡᏍᎦᏉ ᎾᏂᎥ ᏗᎨᎦᏁᎶᏗ ᎨᏒᎢ, ᎠᎴ ᎤᎵᏂᎩᏗᏳ ᎨᏒᎢ, ᎠᎴ ᎨᎦᎨᏅᏴ ᎨᏒᎢ, ᎠᎴ ᎤᏂᎬᏫᏳᏎᏕᎩ ᎨᏒᎢ, ᎠᎴ ᎾᏂᎥ ᏚᎾᏙᎠᏗᏒ ᏗᎪᎥᎯ ᏥᎩ, ᎥᏝ ᎠᏂᏉ ᎤᏩᏒ ᎪᎯ ᏥᎩ, ᎾᏍᏉᏍᎩᏂ ᎾᎿᎭᏂ ᎠᏏ ᎤᎵᏰᎢᎶᎯᏍᏗ ᏥᎩ,
22. ᎠᎴ ᏄᏓᎴᏒ ᎪᎱᏍᏗ ᏚᎳᏍᎬ ᎭᏫᏂᏗᏢ ᏥᏂᏚᏩᏁᎸ, ᎠᎴ ᎾᏍᎩ ᎤᎬᏫᏳᏌᏕᎩ ᏥᎾᎬᏁᎸ ᏄᏓᎴᏒ ᎪᎱᏍᏗ ᏧᎾᏁᎶᏗ ᎤᎾᏓᏡᎬ ᎠᏁᎲᎢ,
23. ᎾᏍᎩ ᎠᏰᎵ ᏥᎩ, ᎾᏍᎩ ᎤᎧᎵᎢᎯ, ᎾᏍᎩ ᎤᏩᏒ ᏂᎦᏗᏳ ᏂᎬᎾᏛ ᎠᎧᎵᎢᎯ ᏥᎩ.

== Ephesians 2 ==
1. ᏂᎯᏃ ᏗᏥᏲᎱᏒᎯ ᏥᎨᏒ ᎤᏣᏘᏂ ᏂᏣᏛᏁᎸ ᎠᎴ ᎢᏥᏍᎦᏅᏨᎢ;—
2. ᎾᎿᎭᏂ ᏧᏩᎫᏔᏅᏒ ᎢᏤᏙᎸᎢ ᎾᏍᎩᏯ ᎢᏳᎾᏛᏁᏗ ᎨᏒ ᎡᎶᎲ ᎠᏁᎯ, ᎾᏍᎩᏯ [ᎤᏚᎵᏍᎬ] ᎦᏃᎴᏍᎬ ᎡᎯ ᎡᎬᏫᏳᏌᏕᎩ, ᎾᏍᎩ ᎠᏓᏅᏙ ᎪᎯ ᎨᏒ ᏥᏚᎸᏫᏍᏓᏁ ᏚᎾᏓᏅᏛ ᎪᎯᏳᏗ ᏂᎨᏒᎾ ᎨᏒ ᏧᏪᏥ;
3. ᎾᏍᎩ ᎾᏍᏉ ᏧᏩᎫᏔᏅᏒ ᏂᏗᎥ ᎨᏓᎵᎪᏁᎲᎩ ᎾᎿᎭᎢᎩᏇᏓᎸ ᎤᎬᎥᏍᎬᎢ, ᎠᎴ ᎤᏇᏓᎸ ᎠᎴ ᎠᏓᏅᏖᏗ ᎨᏒ ᎤᎾᏚᎵᏍᎬ ᏂᏓᏛᏁᎲᎩ; ᎠᎴ ᏗᎦᏕᏅ ᏂᎦᏍᏛ ᎤᏔᎳᏬᎯᏍᏗ ᎨᏒ ᏧᏪᏥ ᎨᏒᎩ, ᎾᏍᎩᏯᏉ ᎠᏂᏐᎢ ᏄᎾᏍᏛᎢ.
4. ᎠᏎᏃ ᎤᏁᎳᏅᎯ ᎤᏪᎿᎭᎢᏳ ᏥᎩ ᎤᏓᏙᎵᏍᏗ ᎨᏒᎢ, ᏥᏅᏗᎦᎵᏍᏙᏗᏍᎨ ᎤᏣᏘ ᎤᏓᎨᏳᏗ ᎨᏒ ᏧᏩᏔᏁ ᎠᏴ ᎢᎩᎨᏳᎯᏳ ᏥᏄᎵᏍᏔᏁᎢ,
5. ᎾᏍᎩ ᎠᏍᎦᏅᎢᏍᏗ ᎨᏒ ᏗᎩᏲᎱᏒᎯ ᏥᎨᏒᎩ, ᎢᎬᏂᏛ ᎢᎦᏠᏯᏍᏔᏅ ᎦᎶᏁᏛ ᎠᎬᏂᏛᎢ, (ᎬᏩᎦᏘᏯ ᏅᏓᏙᎵᏍᏗ ᎨᏒ ᎡᏥᏍᏕᎸᏔᏅ;)
6. ᎠᎴ ᎢᏧᎳᎭ ᏕᎦᎴᎯᏐᏔᏅ, ᎠᎴ ᎢᏧᎳᎭ ᎢᎦᏅᏗᏱ ᏂᎬᏁᎸ ᎦᎸᎳᏗ ᏗᎨᏒ ᎦᎶᏁᏛ ᏥᏌ ᎢᏳᏩᏂᏌᏛ;
7. ᎾᏍᎩ Ꮎ ᏭᏩᎫᏗᏗᏒ ᎬᏂᎨᏒ ᎢᏳᏩᏁᏗᏱ ᏂᎦᎥ ᎤᏪᎿᎭᎢᏳ ᎨᏒ ᎬᏩᎦᏘᏯ ᎤᏓᏙᎵᏍᏗ ᎨᏒᎢ, ᏂᎦᎥ ᎣᏍᏛ ᏂᎦᏛᏁᎲ ᎦᎶᏁᏛ ᏥᏌ ᏅᏓᏳᏓᎴᏅᎯ.
8. ᎬᏩᎦᏘᏯᏰᏃ ᎤᏓᏙᎵᏍᏗ ᎨᏒ ᎡᏥᏍᏕᎸᏙᏔᏅᎯ ᎪᎯᏳᏗ ᎨᏒ ᎬᏔᏅᎯ; ᎠᎴ ᎾᏍᎩ ᎥᏝ ᎢᏨᏒ ᎨᏒ ᏅᏓᏳᏓᎴᏅᎯ; ᎤᏁᎳᏅᎯ ᎤᎵᏍᎪᎸᏔᏅᎯ;
9. ᎥᏝ ᏗᎦᎸᏫᏍᏓᏁᏗ ᎨᏒ ᎢᏳᏩᏂᏌᏛ ᏱᎩ, ᎾᏍᎩ ᎩᎶ ᎤᏢᏈᏍᏗᏱ ᏂᎨᏒᎾ ᎢᏳᎵᏍᏙᏗᏱ.
10. ᎾᏍᎩᏰᏃ ᎠᏴ ᎢᎪᏢᏅᎯ, ᎦᎶᏁᏛ ᏥᏌ ᎢᏳᏩᏂᏌᏛ ᎡᎪᏢᏅᎯ ᎣᏍᏛ ᏗᎩᎸᏫᏍᏓᏁᏗᏱ, ᎤᏁᎳᏅᎯ ᎾᏍᎩ ᏥᏂᎦᏛᏅᎢᏍᏓᏁᏟ ᎾᎿᎭᎢᎨᏓᏍᏗᏱ.
11. ᎾᏍᎩ ᎢᏳᏍᏗ ᎢᏣᏅᏖᏍᏗ ᎾᏍᎩ ᏂᎯ ᏧᏩᎫᏔᏅᏒ ᏗᏣᏓᎴᏅᏛ ᏴᏫ ᎤᏇᏓᎵ ᎨᏒᎢ, ᏂᏗᎨᏥᎤᏍᏕᏎᎸᎾ ᎨᏦᏎᎸᎯ ᎾᏍᎩ Ꮎ ᏗᎨᏥᎤᏍᏕᏎᎸᎯ ᎨᎪᏎᎯ ᏥᎩ, ᎾᏍᎩ ᎤᏇᏓᎸ ᏗᎨᏥᎤᏍᏕᏎᎸᎯ ᏗᎪᏱ ᏗᎬᏔᏅᎯ;
12. ᎾᏍᎩ ᎾᎯᏳ ᏥᎨᏎ ᎦᎶᏁᏛ ᏂᏤᎲᎾ ᎨᏎᎢ, ᏂᏤᎸᎾᏉ ᎨᏎ ᎢᏏᎵ ᎠᏰᎵ ᎤᏃᏢᏒᎢ, ᎠᎴ ᎢᏥᎪᏁᎳ ᎨᏎ ᎧᏃᎮᏛ ᏓᏠᎯᏍᏛ ᎠᏚᎢᏍᏛᎢ, ᎤᏚᎩ ᏂᏨᏒᎾ, ᎠᎴ ᎤᏁᎳᏅᎯ ᏂᏤᎲᎾ ᎨᏎ ᎠᏂ ᎡᎶᎯ.
13. ᎪᎯᏍᎩᏂ ᏥᎩ, ᎦᎶᏁᏛ ᏥᏌ ᎢᏳᏩᏂᏌᏛ, ᏂᎯ, ᎢᏅᎯᏳ ᏥᏂᏣᏛᎿᎭᏕᎬᎩ, ᎾᎥ ᏕᏣᏘᏃᎸ ᎬᏔᏅᎯ ᎤᎩᎬ ᎦᎶᏁᏛ.
14. ᎢᎪᎯᏍᏓᏁᎯᏰᏃ ᎾᏍᎩ, ᎢᏧᎳ ᏌᏉᏉ ᎢᎬᏁᎸᎯ, ᎠᎴ ᎤᏲᏍᏔᏅᎯ ᎢᎦᏓᏓᎴᏗᏍᎩ ᎠᏐᏴᎢ;
15. ᎤᏇᏓᎸ ᎬᏗᏍᎬ ᎤᏛᏔᏅ ᏗᏓᏓᏍᎦᎩ ᎢᎬᏁᎯ, ᎾᏍᎩ ᏯᏛᏅ ᏗᎧᎿᎭᏩᏛᏍᏗ ᎤᎵᏁᏨᎢ ᏧᏓᎴᏅᏛ ᎢᏯᏛᏁᎵᏓᏍᏗ ᎨᏒᎢ; ᎾᏍᎩ ᎠᏂᏔᎵ ᎨᏒ ᏌᏉ ᎢᏤ ᏴᏫ ᎤᏬᏢᏗᏱ ᎤᏩᏒ ᎢᏳᏩᏂᏐᏗᏱ, ᎾᏍᎩᏃ ᏙᎯ ᎢᏳᏩᏁᏗᏱ;
16. ᎠᎴ ᎾᏍᎩ ᎢᏳᏩᏂᏐᏗᏱ ᎢᏧᎳ ᏌᏉ ᎠᏰᎸ ᏄᎾᏛᏅ ᏙᎯᏱ ᎢᏳᏅᏁᏗᏱ ᎤᏁᎳᏅᎯ, ᏓᏓᎿᎭᏩᏍᏛ ᎤᏮᏙᏗᏱ, ᎾᏍᎩ ᎤᏮᏔᏅ ᎤᎸ ᏓᎾᏓᏍᎦᎬᎢ.
17. ᎠᎴ ᎤᎷᏤᎢ ᎠᎴ ᎤᎵᏥᏙᏁ ᎢᏥᏃᎯᎮᎴ ᎾᏍᎩ ᏙᎯ ᎢᏥᏩᏛᎡᎯ ᎨᏒᎢ, ᏂᎯ ᎢᏅ ᎢᏣᏛᎿᎭᏕᎩ, ᎠᎴ ᎾᏍᎩ Ꮎ ᎾᎥ ᎢᏳᎾᏛᎿᎭᏕᎩ.
18. ᎾᏍᎩᏰᏃ ᎢᏳᏩᏂᏌᏛ ᎠᏴ ᎢᏧᎳ, ᏌᏉ ᎠᏓᏅᏙ ᎬᏗ, ᎠᎦᏴᎵᎨ ᏫᎦᏰᏗᎷᏤᏗ ᏄᎵᏍᏔᏅ.
19. ᎾᏍᎩᏃ ᏥᏄᏍᏗ ᎥᏝ ᎿᎭᏉ ᏁᏣᏓᎴ, ᎠᎴ ᎢᏤᏙᎯᏉ ᏱᎩ, ᎤᎾᏓᏅᏘᏍᎩᏂ ᎢᏧᎳᎭ ᎢᏤᎯ, ᎤᏁᎳᏅᎯ ᎦᏓᏘᎾᎥ ᎢᏖᎳ;
20. ᎡᏣᏁᏍᎨᎲᎯ ᎨᏒ ᎡᏥᏝᏅᎯ ᎨᏥᏅᏏᏛ ᎠᎴ ᎠᎾᏙᎴᎰᏍᎩ ᎡᏥᎫᏍᏛᏔᏅᎯ, ᏥᏌ ᎦᎶᏁᏛ ᎤᏩᏒ ᏄᎬᏫᏳᏒ ᎤᏅᏏᏴ Ꭰ’ᏅᎯ ᏅᏯ ᎢᏳᎵᏍᏔᏅᎯ;
21. ᎾᎿᎭᏂ ᏂᎬ ᎠᏓᏁᎸ ᎣᏍᏛ ᏗᏓᏙᎵᎩ ᎢᎬᏁᎸᎯ, ᎠᏛᏍᎪᎢ ᎦᎸᏉᏗ ᎠᏓᏁᎸ ᏂᎦᎵᏍᏗᏍᎪ ᎤᎬᏫᏳᎯᏱ ᎠᏝᏅᎯ;
22. ᎾᎿᎭᏂ ᎾᏍᏉ ᏂᎯ ᏤᏣᏜᏓᏍᏔᏅᎯ ᎡᏣᏁᏍᎨᎲᎯ ᎡᏥᏝᏅᎯ, ᎤᏁᎳᏅᎯ ᎤᏁᎳᏗᏍᏗᏱ ᎠᏓᏅᏙ ᎬᏗᏍᎬᎢ.

== Ephesians 3 ==
1. ᎾᏍᎩ ᎢᏳᏍᏗ ᎠᏴ ᏉᎳ ᏥᏴᎩ ᏥᏌ ᎦᎶᏁᏛ ᎠᎩᏍᏛᏗᏍᎬ ᎥᎩᏴᎩᏅᎯ ᏂᎯ ᎨᏒ ᏗᏣᏓᎴᏅᏛ ᏅᏗᎦᎵᏍᏙᏗᏍᎬᎢ—
2. ᎢᏳᏃ ᎰᏩ ᎢᏣᏛᎦᏅᎯ ᏱᎩ ᎤᏁᎳᏅᎯ ᎬᏩᎦᏗᏯ ᎤᏓᏙᎵᏍᏗ ᎨᏒ ᎠᏴ ᎥᎩᏁᎸᎢ ᎾᎿᎭᏗᎩᎸᏫᏍᏓᏁᏗᏱ ᏂᎯ ᎣᏍᏛ ᎢᏨᏯᏛᏁᏗᏱ;
3. ᎾᏍᎩ ᎬᏂᎨᏒ ᏄᏩᏁᎸ ᎠᎩᎾᏄᎪᏫᏎᎸᎩ ᎤᏕᎵᏛ ᎨᏒᎢ, ᎦᏳᎳ ᎢᎸᏍᎩ ᎢᎧᏁᏨᎯ ᎬᏗ ᏥᏨᏲᏪᎳᏁᎸ,
4. ᎾᏍᎩ ᎢᏥᎪᎵᏰᎥᎭ ᏓᏦᎵᏍᏙᏔᏂ ᎪᎵᎬ ᎤᏕᎵᏛ ᎦᎶᏁᏛ ᎤᏤᎵᎦ;
5. ᎾᏍᎩ ᏧᏪᎫᏔᏅᏒ ᎥᏝ ᎬᏂᎨᏒ ᎢᎨᎬᏁᎸᎯ ᏱᎨᏎ ᏴᏫ ᏧᏁᏥ, ᎾᏍᎩᏯ ᎪᎯ ᎬᏂᎨᏒ ᏥᏂᎨᎬᏁᎭ ᏧᏤᎵ ᎨᏥᎸᏉᏗ ᎨᏥᏅᏏᏛ ᎠᎴ ᎠᎾᏙᎴᎰᏍᎩ ᎠᏓᏅᏙ ᎬᏗ;
6. ᎾᏍᎩ (ᎧᏃᎮᏍᎩ) ᏧᎾᏓᎴᏅᏛ ᏴᏫ ᎤᏠᏱᏉ ᎤᎾᏤᎵ ᏂᎨᎬᏁᎲᎢ, ᎠᎴ ᎾᏍᎩᏉ ᎠᏰᎵ ᎠᏁᎯ ᎨᏒᎢ, ᎠᎴ ᎦᎶᏁᏛ ᎠᎬᏗᏍᎬ ᎤᏚᎢᏍᏔᏅ ᎤᏁᎳᏗᏍᏗᏍᎬᎢ, ᎣᏍᏛ ᎧᏃᎮᏛ ᎬᏔᏅᎯ ᎬᏂᎨᏒ ᎢᎬᏁᎸᎯ;
7. ᎾᏍᎩ ᎾᎿᎭᎠᏴ ᏗᎩᎸᏫᏍᏓᏁᎯ ᎠᏴᏋᏁᎸᎯ ᏥᎩ, ᎾᏍᎩᏯ ᎤᏁᎳᏅᎯ ᎬᏩᎦᏘᏯ ᎤᏓᏙᎴᏍᏗ ᎨᏒ ᎥᏆᎵᏍᎪᎸᏓᏁᎸᎯ ᏥᎩ ᎬᏩᏄᎸᏗ ᏂᎨᏒᎾ ᎨᏒ ᎤᎵᏂᎩᏗᏳ ᎨᏒ ᎢᏳᏩᏂᏌᏛ.
8. ᎠᏴ ᏭᏓᎪᎾᏛᏛ ᎠᏆᏍᏗᎧᏂ ᏥᎩ ᎾᏂᎥ ᎤᎾᏓᏅᏘ ᎨᏒ, ᎯᎠ ᎾᏍᎩ ᎬᏩᎦᏘᏯ ᎤᏓᏙᎵᏍᏗ ᎨᏒ ᎥᎩᏁᎸ, ᎾᏍᎩ ᎤᎬᏩᎸᎩ ᎠᏆᎵᏥᏙᏗᏱ ᏧᎾᏓᎴᏅᏛ ᏴᏫ ᎠᏁᎲ ᎬᎪᎵᏰᏗ ᏂᎨᏒᎾ ᎤᏪᎿᎭᎢᏳ ᎨᏒ ᎦᎶᏁᏛ;
9. ᎠᎴ ᎾᏂᎥ ᏴᏫ ᎬᏂᎨᏒ ᎢᎦᏥᏴᏁᏗᏱ ᏄᏍᏛ ᎾᏍᎩ ᎤᏕᎵᏛ ᎨᏒᎢ, ᎾᏍᎩ ᏗᏓᎴᏂᏍᎬ ᎡᎶᎯ ᏅᏓᎬᏩᏓᎴᏅᏛ ᎬᏍᎦᎳᏅᎯ ᏥᎩ ᎤᏁᎳᏅᎯ ᎡᎲᎢ, ᎾᏍᎩ ᏂᎦᏗᏳ ᏧᏓᎴᏅᏛ ᎤᏬᏢᏅᏅᎯ ᏥᎩ ᏥᏌ ᎦᎶᏁᏛ ᎠᎬᏗᏍᎬᎢ;
10. ᎤᎬᏩᎸᎩ ᎾᏍᎩ ᎪᎯ ᎨᏥᎸᏉᏗ ᎨᏒ ᎠᎴ ᏧᎾᎵᏂᎩᏛ ᎨᏒ ᎦᎸᎳᏗᏳ ᏕᎨᏌᏗᏒᎢ, ᎤᏂᎦᏙᎥᎯᏍᏗᏱ ᎤᏣᏘ ᎢᏳᏓᎴᎩ ᎠᎦᏙᎥᎯᏍᏙᏗ ᎨᏒ ᎤᏁᎳᏅᎯ, ᎨᎬᏗᏍᎬ ᏧᎾᏁᏟᏗ ᎤᎾᏓᏡᎬᎢ;
11. ᎾᏍᎩᏯ ᏅᏧᏓᎴᏅᎲᎾ ᎤᏓᏅᏖᎸᎢ, ᎦᎶᏁᏛ ᏥᏌ ᎤᎬᏫᏳᎯ ᎢᎦᏤᎵ ᏣᎬᏗᏍᎨ ᏧᏓᏅᏖᎴᎢ;
12. ᎾᏍᎩ ᎢᏳᏩᏂᏌᏛ ᏂᏗᎾᏰᏍᎬᎾ ᎠᎴ ᎦᏰᏗᎷᏤᏗ ᏄᎵᏍᏔᏅ ᏔᎵ ᎤᏛᏗ ᎡᏓᎵᏍᎦᏍᏙᏛ ᏅᏗᎦᎵᏍᏙᏗᎭ ᎾᏍᎩ ᎡᏙᎢᏳᏒᎢ.
13. ᎾᏍᎩ ᎢᏳᏍᏗ ᎢᏨᏔᏲᏎᎭ ᏗᏥᏩᎾᎦᎶᎢᏍᏗᏱᏉ ᏂᎨᏒᎾ ᎠᏴ ᎢᏨᎩᎵᏲᏤᎲ ᎢᏳᏍᏗ, ᎾᏍᎩ ᎦᎸᏉᏗᏳ ᎢᏨᏁᎯ ᏥᎩ.
14. ᎾᏍᎩ ᏅᏗᎦᎵᏍᏙᏗᎭ ᏕᏥᏯᎵᏂᏆᏅᏁᎭ ᎤᎬᏫᏳᎯ ᎢᎦᏤᎵᎦ ᏥᏌ ᎦᎶᏁᏛ ᎤᏙᏓ,
15. ᎾᏍᎩ ᏗᎨᎪᏍᏔᏅᎯ ᏥᎩ ᎾᏂᎥ ᏏᏓᏁᎸᎯ ᎨᏒᎢ, ᎦᎸᎶ ᎠᎴ ᎡᎶᎯ ᎠᏁᎯ,
16. ᎾᏍᎩ ᎢᏣᎵᏍᎪᎸᏓᏁᏗᏱ, ᎾᏍᎩᏯ ᎤᏪᎿᎭᎢᏳ ᎨᏒ ᎦᎸᏉᏗᏳ ᎨᏒ ᎤᎲᎢ, ᎾᏍᎩ ᎤᏣᏘ ᏗᏣᎵᏂᎪᎯᏍᏙᏗᏱ ᏕᏣᏓᏅᏛᎢ ᎤᏓᏅᏙ ᎤᏮᏙᏗᏱ;
17. ᎾᏍᎩ ᎦᎶᏁᏛ ᎤᏁᎳᏗᏍᏗᏱ ᏗᏥᎾᏫᏱ ᎪᎯᏳᏗ ᎬᏙᏗ ᎨᏒᎢ; ᎾᏍᎩ ᏂᎯ ᎠᏓᎨᏳᏗ ᎨᏒ ᏗᏣᎵᎾᏍᏕᏝᏗᏍᏔᏅᎯ ᎠᎴ ᏗᏣᎵᏍᏓᏱᏗᏍᏔᏅᎯ ᎨᏒᎢ,
18. ᎾᏍᎩ ᏂᎯ ᎠᎴ ᎾᏂᎥ ᎤᎾᏓᏅᏘ ᏰᎵᏉ ᎨᏦᎵᏍᏗ ᎢᏳᎵᏍᏙᏗᏱ, ᎾᏍᎩ ᎾᏯᏛᎥᎢ ᎠᎴ ᏂᎦᏅᎯᏒᎢ, ᎠᎴ ᎾᎭᏫᏂᏴᎢ, ᎠᎴ ᏂᎦᏛᎢ;
19. ᎠᎴ ᎢᏥᎦᏙᎥᎯᏍᏗᏱ ᎦᎶᏁᏛ ᎤᏓᎨᏳᏗ ᎨᏒᎢ, ᎾᏍᎩ ᎠᎦᏙᎥᎯᏍᏗ ᎨᏒ ᏥᎦᎶᏒᏍᏗᎭ, ᎾᏍᎩ ᎡᏥᎧᎵᎢᏍᏙᏗᏱ ᎾᏍᎩ ᏂᎦᏛ ᎠᎧᎵᎢ ᎤᏁᎳᏅᎯ ᎤᏤᎵᎦ.
20. ᎾᏍᎩᏃ Ꮎ ᏰᎵᏉ ᎢᎬᏩᏛᏁᏗ ᏥᎩ, ᎤᏣᏘ ᎤᎶᏒᏍᏗ ᎢᎦᎢ ᎢᏗᏔᏲᎯᎲᎢ, ᎠᎴ ᎢᏓᏓᏅᏖᏍᎬᎢ, ᎾᏍᎩᏯ ᎤᏠᏱ ᎤᎵᏂᎩᏛ ᎨᏒ ᏥᏚᎸᏫᏍᏓᏁᎭ ᎠᏴ ᏕᎦᏓᏅᏛᎢ,
21. ᎾᏍᎩ ᎬᏩᎸᏉᏙᏗ ᎨᏎᏍᏗ ᏧᎾᏁᎶᏗ ᎤᎾᏓᏡᎬᎢ, ᎦᎶᏁᏛ ᏥᏌ ᎢᏳᏩᏂᏌᏛ, ᏂᎪᎯᎸ ᏕᎨᏌᏗᏒᎢ, ᎠᎵᏍᏆᏗᏍᎩ ᏂᎨᏒᎾ ᎨᏒᎢ. ᎡᎺᏅ.

== Ephesians 4 ==
1. ᎾᏍᎩ ᏅᏗᎦᎵᏍᏙᏗᎭ ᎠᏴ ᏥᏴᎩ ᎤᎬᏫᏳᎯ ᎠᎩᏍᏛᏗᏍᎬ ᎥᎩᏴᎩᏅᎯ, ᎢᏨᏔᏲᏎᎭ ᎢᏣᎴᏂᏓᏍᏗᏱ ᎾᏍᎩᏯ ᏄᏍᏛ ᎠᏓᏯᏅᏙᏗ ᎨᏒ ᎾᏍᎩ ᏂᎯ ᎡᏥᏯᏅᏔᏅᎯ ᏥᎩ;
2. ᎢᏨᏗᏍᎨᏍᏗ ᎤᏣᏘ ᎤᏓᏙᎵᏍᏗ ᎨᏒᎢ ᎠᎴ ᎤᏓᏅᏘ ᎨᏒᎢ, ᎤᎵᏠᏯᏍᏕᏍᏗ ᎬᏂᏗᏳ ᎨᏒᎢ, ᎠᎴ ᎤᏁᎳᎩ ᏗᏓᏕᎵᏎᏗ ᎨᏒ ᎠᏓᎨᏳᏗ ᎨᏒ ᎬᏗ;
3. ᎢᏣᏟᏂᎬᏁᎮᏍᏗ ᎢᏥᏍᏆᏂᎪᏙᏗᏱ ᏌᏉ ᏂᏕᏨᏅ ᏕᏣᏓᏅᏛᎢ, ᏅᏩᏙᎯᏯᏛ ᏕᏣᏓᏂᏴᏛᎢ.
4. ᏌᏉ [ᎡᎭ] ᎠᏰᎸᎢ, ᎠᎴ ᏌᏉ ᎠᏓᏅᏙ, ᎾᏍᎩᏯ ᏌᏉ ᎤᏚᎩ ᎢᏨᏗᏱ ᎡᏥᏯᏅᏛ ᏥᎩ, ᎾᏍᎩ ᎡᏥᏯᏅᎲ ᏨᏗᏓᎴᎲᏍᎦ;
5. ᏌᏉ ᎤᎬᏫᏳᎯ, ᏌᏉ ᎪᎯᏳᏗ ᎨᏒᎢ, ᏌᏉ ᏗᏓᏬᏍᏗ ᎨᏒᎢ;
6. ᏌᏉ ᎾᏂᎥ ᎤᎾᏁᎳᏅᎯ ᎠᎴ ᎤᏂᏙᏓ, ᎾᏍᎩ ᎾᏂᎥ ᎤᎾᏤᎵ ᎤᎬᏫᏳᎯ, ᎠᎴ ᏂᎦᎥ ᏕᎨᏌᏗᏒ ᏥᏚᏰᎵᏏᏕᎦ, ᎠᎴ ᏂᎯ ᏂᏥᎥ ᏥᏥᏯᎠ.
7. ᎠᏎᏃ ᏂᏗᎥ ᎢᏗᏏᏴᏫᎭ ᎡᎩᏁᎸ ᎬᏩᎦᏘᏯ ᎤᏓᏙᎵᏍᏗ ᎨᏒ ᎾᏍᎩᏯ ᎠᏟᎶᎥ ᎦᎶᏁᏛ ᎤᏓᏁᏗ ᎨᏒᎢ.
8. ᎾᏍᎩ ᎢᏳᏍᏗ ᎯᎠ ᏂᎦᏪᎭ, ᎾᎯᏳ ᏚᎴᏅᎦᎸᎳᏗ ᏭᎶᏒ, ᏚᏴᎩᏁ ᏗᎨᏥᏴᎩᏅᎯ, ᎠᎴ ᏚᏁᎴ ᏴᏫ ᎤᏓᏁᏗ ᎨᏒᎢ.
9. ᎾᏍᎩᏃ ᏧᎴᏅᎯ ᏣᏗᎭ, ᎦᏙ ᎦᏛᎦ, ᎢᏳᏃ ᎢᎬᏱᏱ ᎾᏍᏉ ᏧᏠᎠᏒ ᎡᎳᏗᏢ ᏕᎨᏌᏗᏒ ᎡᎶᎯ ᎤᎷᏨ ᏂᎦᏛᎬᎾ ᏱᎩ?
10. ᎾᏍᎩ Ꮎ ᏨᏧᏠᎠᏎᎢ ᎾᏍᎩᏉ ᎾᏍᏉ ᏥᏚᎴᏁᎢ ᎦᎸᎳᏗᏢ ᏂᎦᎥ ᎦᎸᎶᎢ ᏕᎨᏌᏗᏒ ᏥᏭᎷᏤᎢ, ᎾᏍᎩ ᏧᎧᎵᎢᏍᏗᏱ ᏂᎦᎥ ᏄᏓᎴᏒ ᎪᎱᏍᏗ.
11. ᎢᎦᏛᏃ ᎨᏥᏅᏏᏛ ᏚᏪᎧᏁᎢ; ᎢᎦᏛᏃ, ᎠᎾᏙᎴᎰᏍᎩ; ᎢᎦᏛᏃ, ᎠᎾᎵᏥᏙᏂᏙᎯ; ᎢᎦᏛᏃ, ᏗᏂᎦᏘᏯ ᎠᎴ ᏗᎾᏕᏲᎲᏍᎩ;
12. ᏄᏂᎪᎸᎾ ᎢᎨᎬᏁᏗᏱ ᎤᎾᏓᏅᏘ, ᎠᎵᏥᏙᏗ ᎨᏒ ᏧᏂᎸᏫᏍᏓᏁᏗᏱ, ᎦᎶᏁᏛ ᎠᏰᎸ ᎤᎾᎵᏂᎪᎯᏍᏙᏗᏱ;
13. ᎬᏂ ᏂᏗᎥ ᏫᏗᏱᎶᎸᎭ ᏌᏉ ᎢᏳᎵᏍᏙᏗᏱ ᎤᏁᎳᏅᎯ ᎤᏪᏥ ᎡᏙᎯᏳᏒᎢ ᎠᎴ ᎡᏗᎦᏔᎲᎢ—ᏗᎦᏛᎾᏯ ᎢᏗᏍᎦᏯ ᎢᎦᎵᏍᏙᏗᏱ—ᎠᎧᎵᎢ ᎠᏟᎶᎥ ᎦᎶᏁᏛ ᏂᎦᏛ ᎢᎦᎵᏍᏙᏗᏱ;
14. ᎾᏍᎩ ᎪᎯ ᎢᏳᏓᎴᏅᏛ ᎿᎭᏉ ᏗᏗᏲᎵ ᏂᎨᏒᎾ ᎢᏳᎵᏍᏙᏗᏱ, ᎢᎩᏃᎸᏔᏂᏓᏍᏗᏱ ᏂᎨᏒᎾ ᏂᎦᎥᏉ ᏗᏕᏲᏗ ᎨᏒ ᎦᏃᎸᏔᏂᏙᎲᎢ, ᎤᎾᏓᎵᏓᏍᏗᏳ ᎨᏒ ᏴᏫ, ᎠᏂᏏᎾᏌᏅ ᎠᏂᎦᏘᏴ ᎤᎾᏓᎶᏄᎮᏗᏱ;
15. ᏚᏳᎪᏛᏍᎩᏂ ᎧᏁᎢᏍᏗ ᎨᏒ ᎢᏛᏗᏍᎬ ᎠᏓᎨᏳᏗ ᎨᏒ ᏔᎵ ᎢᏛᏗᏍᎬᎢ, ᏗᎦᏛᎯᏍᏗᏱ ᎾᏍᎩ ᏂᎦᎥ ᏄᏓᎴᏒ ᎾᏍᎩ ᏗᎦᏚᏓᏕᏫᏍᏗᏱ ᎾᏍᎩ ᎠᏍᎪᎵ ᏥᎩ, ᎾᏍᎩ ᎦᎶᏁᏛ;
16. ᎾᏍᎩ ᎨᏒ ᏨᏗᏓᎴᎲᏍᎦ ᏂᎬ ᎠᏰᎸ ᎣᏍᏛ ᏗᏙᎵᎩ ᏥᎩ, ᎠᎴ ᏥᏚᏚᏓᏕᏫᏍᏗ ᏂᎦᎥ ᏚᎯᏢᎾᎥ ᏥᏚᎵᏍᏕᎸᏙᏗ, ᎾᏍᎩᏯ ᎠᏟᎶᎥ ᏧᎸᏫᏍᏓᏁᏗᏱ ᏧᏓᏤᎵᏛ ᏕᎨᏌᏗᏒᎢ, ᎧᏁᏉᏍᎪ ᎠᏰᎸᎢ, ᎠᏓᎵᏂᎪᎯᏍᏗᏍᎪ ᎤᏩᏒ ᎠᏓᎨᏳᏗ ᎨᏒᎢ.
17. ᎾᏍᎩᏃ ᎯᎠ ᏂᏥᏪᎭ, ᎠᎴ ᎢᏨᏁᏤᎭ ᎤᎬᏫᏳᎯ ᏚᏙᎥ ᎬᏗᎭ, ᎾᏍᎩ ᏂᎯ ᎪᎯ ᎢᏳᏓᎴᏅᏛ ᎢᏤᎲ ᏞᏍᏗ ᎠᏂᏐᎢ ᏧᎾᏓᎴᏅᏛ ᎠᏁᎲ ᎾᏍᎩᏯ ᏱᏄᏍᏕᏍᏗ, ᎾᏍᎩ ᎤᏁᎫᎯᏳ ᎨᏒ ᏚᎾᏓᏅᏛ ᎠᏂᏍᏓᏩᏗᏒᎢ,
18. ᎤᏃᎵᏍᏗᏱ ᏧᎾᎵᏏᎲᏎᎸᎯ, ᎤᎾᏞᏛ ᎾᎿᎭᎤᏁᎳᏅᎯ ᎣᏏᏳ ᎤᏰᎸᏗ ᎨᏒ ᎠᎴᏂᏓᏍᏗᏱ, ᎾᏍᎩ ᎾᏂᎦᏔᎾᎥᎾ ᎨᏒ ᎢᏳᏩᏂᏌᏛ, ᏅᏗᎦᎵᏍᏙᏗᏍᎬ ᏧᏂᎾᏫ ᏗᏍᏓᏱᏳ ᎨᏒᎢ.
19. ᎾᏍᎩ ᎬᏩᎾᏙᎴᎰᎯᏍᏗ ᏂᎨᏒᎾ ᎢᏳᎾᎵᏍᏔᏅᎯ ᎨᏒᎢ ᏚᎾᏓᏲᏒ ᎤᎾᎵᏐᏢᎢᏍᏙᏗᏱ, ᏄᏓᎴᏒ ᎦᏓᎭ ᎨᏒ ᏧᏂᎸᏫᏍᏓᏁᏗᏱ ᏧᎬᏩᎶᏗ ᎤᏂᎬᎥᏍᎬ ᏅᏧᎵᏍᏙᏔᏅ.
20. ᏂᎯᏍᎩᏂ ᎥᏝ ᎾᏍᎩ ᏱᏄᏍᏗ ᏰᏣᏕᎶᏆᎡᎸ ᎦᎶᏁᏛ,
21. ᎢᏳᏃ ᎰᏩ ᎡᏣᏛᎦᏁᎸᎯ ᎨᏎᏍᏗ, ᎠᎴ ᎾᏍᎩ ᎢᏤᏲᏅᎯ ᎨᏎᏍᏗ, ᎾᏍᎩᏯ ᏄᏍᏛ ᏚᏳᎪᏛ ᎤᏪᎲ ᏥᏌ;
22. ᎾᏍᎩ ᏄᏍᏛ ᎢᎬᏱᏱ ᎢᏣᎴᏂᏙᎸ ᎤᎬᏩᎵ ᎢᏴᏛ ᎢᏨᏁᏗᏱ ᎤᏪᏘ ᏴᏫ ᎾᏍᎩ ᏥᎩ, ᎾᏍᎩᏯ ᏄᏍᏛ ᎤᏓᎵᏓᏍᏗ ᎠᏚᎸᏅᏗ ᎨᏒᎢ;
23. ᎠᎴ ᎢᏤ ᎢᏤᏨᏁᏗᏱ ᏄᏍᏛ ᏕᏣᏓᏅᏛᎢ;
24. ᎠᎴ ᎾᏍᎩ ᎢᏤ ᏴᏫ ᎢᏣᏄᏬᏍᏗᏱ, ᎾᏍᎩ ᎤᏁᎳᏅᎯ ᏗᏟᎶᏍᏔᏅᎯ ᎪᏢᏅᎯ ᏥᎩ ᏚᏳᎪᏛ ᎢᏯᏛᏁᏗ ᎨᏒᎢ, ᎠᎴ ᎤᏙᎯᏳᏒ ᎠᏍᎦᏅᎢᏍᏗ ᏂᎨᏒᎾ ᎨᏒᎢ.
25. ᎾᏍᎩ ᎢᏳᏍᏗ ᎢᏴᏛ ᏂᏨᏁᎲ ᎠᏥᎪᏗ ᎨᏒᎢ, ᏂᏥᎥ ᎢᏥᏏᏴᏫᎭ ᎨᏒ ᎦᏰᎪᎩ ᏂᎨᏒᎾ ᎢᏨᏗᏍᎨᏍᏗ ᏕᏣᏓᏁᏤᎲ ᎾᎥ ᎢᏣᏓᎳ; ᏕᎦᏚᏓᏕᏫᏒᏰᏃ.
26. ᎢᏥᏔᎳᏬᏍᎨᏍᏗ, ᎠᎴ ᏞᏍᏗ ᏱᏥᏍᎦᏅᎨᏍᏗ; ᏞᏍᏗ ᏅᏙ ᏭᏕᎵᏨᎩ ᎨᏥᏔᎳᏬᏍᎩ;
27. ᎠᎴ ᏞᏍᏗ ᎡᏥᎳᏅᏓᏕᎸᎩ ᎠᏍᎩᎾ.
28. ᎤᏃᏍᎩᏛᏃ ᎨᏒ ᏞᏍᏗ ᎿᎭᏉ ᏳᏃᏍᎩᏎᏍᏗ; ᏚᎸᏫᏍᏓᏁᎮᏍᏗᏉᏍᎩᏂ ᏕᎬᏗᏍᎨᏍᏗ ᏧᏬᏰᏂ ᎣᏍᏛ ᎨᏒ ᎾᏛᏁᎮᏍᏗ, ᎾᏍᎩ ᎦᎬᏩᏁᏗ ᎢᏳᎵᏍᏙᏗᏱ ᎾᏍᎩ ᎤᏂᎬᏎᎯ ᎨᏒᎢ.
29. ᏞᏍᏗ ᎪᎱᏍᏗ ᎤᏲ ᎦᏬᏂᎯᏍᏗ ᎨᏒ ᏅᏓᏳᏄᎪᏨᎩ ᏗᏥᎰᎵ, ᎣᏍᏛᏍᎩᏂ ᎨᏒ ᎤᏩᏒ ᎾᏍᎩ ᎬᏩᏓᎵᏂᎪᎯᏍᏙᏗ ᏥᎩ, ᎾᏍᎩ ᎤᏚᎸᏗ ᎨᏒᎢ, ᎾᏍᎩ ᎢᏳᏩᏂᏐᏗᏱ ᎬᏩᎦᏘᎠ ᎤᏓᏙᎵᏍᏗ ᎨᏒ ᎤᏂᎷᏤᏗᏱ ᎠᎾᏛᎩᏍᎩ.
30. ᎠᎴ ᏞᏍᏗ ᎤᏲ ᏰᏣᏓᏅᏓᏗᏍᏗᏍᎨᏍᏗ ᎦᎸᏉᏗᏳ ᎠᏓᏅᏙ ᎤᏁᎳᏅᎯ ᎤᏤᎵᎦ, ᎾᏍᎩ ᎢᏥᏰᎸᏔᏅᎯ ᏥᎩ ᎬᏂ ᎾᎯᏳ ᎢᎦ ᎡᏧᏓᎴᏍᏗ ᎨᏒ ᎠᏍᏆᎸᎲᎭ.
31. ᏂᎦᎥ ᎠᏓᏂᏆᏗᏍᏗ ᎨᏒᎢ, ᎠᎴ ᎠᏔᎳᏬᎯᏍᏗ ᎨᏒᎢ, ᎠᎴ ᎧᎾᎸᎢᏍᏗ ᎨᏒᎢ, ᎠᎴ ᎠᏍᏓᏯ ᎦᏬᏂᎯᏍᏗ ᎨᏒᎢ, ᎠᎴ ᎤᎿᎭᎸᎯ ᎦᏬᏂᎯᏍᏗ ᎨᏒᎢ, ᎢᏴᏛ ᎢᎬᏁᏗ ᎨᏎᏍᏗ ᎢᏤᎲᎢ, ᎤᎵᏠᏯᏍᏕᏍᏗ ᏂᎦᎥ ᎤᏐᏅ ᎨᏒᎢ;
32. ᎠᎴ ᏗᏣᏓᎨᏳᎯᏳ ᎨᏎᏍᏗ, ᎢᏣᏓᏙᎵᏍᏗ ᏗᏥᎾᏫᏱ, ᏕᏣᏓᏁᎮᏍᏗ ᏕᏣᏓᏍᎦᏅᏤᎲᎢ, ᎾᏍᎩᏯ ᎤᏁᎳᏅᎯ ᏥᎨᏥᏁᎸ ᎢᏥᏍᎦᏅᏨ ᎦᎶᏁᏛ ᏥᏅᏗᎦᎵᏍᏙᏗᎭ.

== Ephesians 5 ==
1. ᎾᏍᎩ ᎢᏳᏍᏗ ᎤᏁᎳᏅᎯ ᎡᏥᏍᏓᏩᏕᎩ ᎨᏎᏍᏗ ᎾᏍᎩᏯ ᎢᏳᎾᏛᏁᏗ ᎨᏒ ᏧᎨᏳᎯ ᏧᏪᏥ;
2. ᎠᎴ ᎠᏓᎨᏳᏗ ᎨᏒ ᎬᏂᎨᏒ ᏂᏨᏁᎮᏍᏗ ᎢᏤᎲᎢ, ᎾᏍᎩᏯ ᎾᏍᏉ ᎦᎶᏁᏛ ᎢᎩᎨᏳᎯᏳ ᏥᎨᏒᎩ, ᎠᎴ ᏥᏕᎦᏓᏲᎯᏎᎸᎩ, ᎠᎵᏍᎪᎸᏓᏁᏗ ᎠᎴ ᎠᏥᎸ ᎨᎴᏗ ᏥᏄᎵᏍᏔᏅ ᎤᏁᎳᏅᎯ ᎤᎦᎾᏍᏛ ᎤᏪᏩᏒᎢᏍᏗ.
3. ᎡᏕᎵᏛᏍᎩᏂ ᏗᏂᏏᏗ ᎨᏒᎢ, ᎠᎴ ᏄᏓᎴᏒᏉ ᎦᏓᎭ ᎨᏒᎢ, ᎠᎴ ᏧᎬᏩᎶᏗ ᎠᎬᎥᎯᏍᏗ ᎨᏒᎢ, ᏞᏍᏗ ᎧᏁᎢᏍᏙᏗ ᎤᏅ ᏱᎨᏎᏍᏗ ᎢᏤᎲᎢ, ᎾᏍᎩ ᏧᏂᎵᎶᎲᏍᎦ ᎤᎾᏓᏅᏘ;
4. ᏞᏍᏗ ᎠᎴ ᎪᎱᏍᏗ ᎤᏁᎢᎸᏗ ᎨᏒᎢ, ᎠᎴ ᎠᎵᏍᎦᏁᏛ ᎦᏬᏂᎯᏍᏗ ᎨᏒᎢ, ᎠᎴ ᎦᏪᏢᏗ ᎨᏒᎢ, ᎾᏍᎩ ᏃᏒᎾ ᏥᎩ; ᎠᎵᎮᎵᏤᏗᏱᏉᏍᎩᏂ [ᎤᏁᎳᏅᎯ] ᎤᎬᏫᏳᏎᏍᏗ.
5. ᎯᎠᏰᏃ ᎾᏍᎩ ᎢᏥᎦᏔᎭ, ᎾᏍᎩ ᎩᎶ ᎤᏕᎵᏛ ᏗᏂᏏᎲᏍᎩ, ᎠᎴ ᎠᎦᏓᎭᎢ, ᎠᎴ ᏧᎬᏩᎶᏗ ᎤᎬᎥᏍᎩ, ᎾᏍᎩ ᎤᏁᎳᏅᎯ ᎠᏰᎸᎯ ᎠᏓᏙᎵᏍᏓᏁᎯ ᎨᏒᎢ, ᎤᏤᎵ ᎢᏳᎵᏍᏙᏗ ᏂᎨᏒᎾ ᎨᏒ ᎦᎶᏁᏛ ᎤᏤᎵᎪᎯ ᎠᎴ ᎤᏁᎳᏅᎯ ᎤᏤᎵᎪᎯ.
6. ᏞᏍᏗ ᎩᎶ ᎢᏥᎶᏄᎮᏔᏅᎩ ᎪᎱᏍᏗ ᎬᏙᏗ ᏂᎨᏒᎾ ᎦᏬᏂᎯᏍᏗ ᎨᏒᎢ; ᎾᏍᎩᏰᏃ ᎯᎠ ᏅᏗᎦᎵᏍᏙᏗᎭ ᎤᏁᎳᏅᎯ ᎤᏔᎳᏬᎯᏍᏗ ᎨᏒ ᎤᏂᎷᏤᎭ ᎪᎯᏳᏗ ᏂᎨᏒᎾ ᎨᏒ ᏧᏪᏥ.
7. ᎾᏍᎩ ᎢᏳᏍᏗ ᏞᏍᏗ ᏂᎯ ᏱᏣᏠᏯᏍᏗᏍᎨᏍᏗ ᎤᎾᎵᏩᏛᎡᎲᎢ.
8. ᎢᎸᎯᏳᏰᏃ ᏥᎨᏒ ᎤᎵᏏᎬ ᎢᏤᎲᎩ, ᎪᎯᏍᎩᏂ ᎨᏒ ᎢᎦ-ᎦᏛ ᎢᏤᎭ ᎤᎬᏫᏳᎯ ᎢᏳᏩᏂᏌᏛ; ᎢᎦ-ᎦᏛ ᏧᏪᏥ ᎤᏁᏓᏍᏗ ᎨᏒ ᎢᏤᏙᎮᏍᏗ;
9. (ᎠᏓᏅᏙᏰᏃ ᎦᎾᏄᎪᏫᏍᎪ ᏂᎦᎥ ᎣᏍᏛ ᎨᏒ ᎠᎴ ᏚᏳᎪᏛ ᎨᏒ ᎠᎴ ᎦᏰᎪᎩ ᏂᎨᏒᎾ ᎨᏒᎢ,)
10. ᎢᏥᎪᎵᏰᏍᎨᏍᏗ ᎾᏍᎩ ᎣᏏᏳ ᎤᏰᎸᏗ ᎨᏒ ᎤᎬᏫᏳᎯ.
11. ᎠᎴ ᏞᏍᏗ ᏱᏗᏣᎵᎪᏁᎮᏍᏗ ᎾᏍᎩ ᎪᎱᏍᏗ ᎬᏙᏗ ᏂᎨᏒᎾ ᎤᎵᏏᎩ ᏗᎦᎸᏫᏍᏓᏁᏗ ᎨᏒᎢ, ᏕᏥᎬᏍᎪᎸᎥᏍᎨᏍᏗᏉᏍᎩᏂ.
12. ᎤᏕᎰᎯᏍᏗᏳᏰᏃ ᎧᏁᎢᏍᏙᏗᏱᏉ ᎾᏍᏉ ᎾᏍᎩ Ꮎ ᎾᎾᏛᏁᎲ ᎤᏕᎵᏒᎢ.
13. ᏂᎦᎥᏍᎩᏂ ᏧᏓᎴᏅᏛ ᏗᎬᏍᎪᎸᏅᎯ ᏥᎨᏐ ᎢᎦ-ᎦᏘ ᎬᏗ ᎬᏂᎨᎡ ᎢᏗᎬᏁᎸᎯ ᎨᏐᎢ; ᎾᏍᎩᏰᏃ ᎬᏂᎨᏒ ᎢᏗᎬᏁᎯ ᎨᏒ ᎾᏍᎩ ᎢᎦ-ᎦᏘ.
14. ᎾᏍᎩ ᎢᏳᏍᏗ ᎯᎠ ᏂᎦᏪᎭ, ᎯᏰᎩ ᏂᎯ ᎯᎵᎯ, ᎠᎴ ᏔᎴᎲᎦ ᎩᏯᏓᏅᏏ ᏧᏂᏲᎱᏒᎯ ᎩᏯᏓᏑᏴᎢ, ᎦᎶᏁᏛᏃ ᏓᏣᏁᎵ ᎢᎦ-ᎦᏘ.
15. ᎾᏍᎩ ᎢᏳᏍᏗ ᎢᏣᎦᏌᏯᏍᏕᏍᏗ ᏂᎦᎥ ᏚᏳᎪᏛ ᎢᏣᎴᏂᏓᏍᏗᏱ, ᏞᏍᏗ ᎤᏂᏁᎫ ᎢᏳᎾᏛᏁᏗ, ᎠᏂᎦᏔᎾᎢᏍᎩᏂ ᎢᏳᎾᏛᏁᏗ,
16. ᎢᏧᏓᎴᏍᎨᏍᏗ ᎪᎯ ᎨᏒ ᎠᎵᏱᎵᏒᎢ, ᏅᏗᎦᎵᏍᏙᏗᏍᎨᏍᏗ ᎤᏲᎢᏳ ᎨᏒ ᎪᎯ ᎨᏒᎢ.
17. ᎾᏍᎩ ᎢᏳᏍᏗ ᏞᏍᏗ ᏂᏦᎵᎬᎾ ᏱᎨᏎᏍᏗ, ᎢᏦᎵᎩᏍᎩᏂ ᎨᏎᏍᏗ ᏄᏍᏛ ᎤᏚᎵᏍᎬ ᏅᎬᏫᏳᎯ.
18. ᎾᏍᎩ ᏞᏍᏗ ᎩᎦᎨ ᎠᏗᏔᏍᏗ ᏱᏗᏥᏴᏍᏕᏍᏗᏍᎨᏍᏗ ᎾᏍᎩ ᎤᏣᏘ ᎤᏲᎢᏳ ᏥᎩ; ᎠᏓᏅᏙᏍᎩᏂ ᎢᏥᎧᎵᏬᎯ ᎨᏎᏍᏗ.
19. ᏕᏣᎵᏃᎮᏍᎨᏍᏗ ᏕᏨᏗᏍᎨᏍᏗ ᎤᏁᎳᏅᎯ ᏗᎧᏃᎩᏍᏙᏗ, ᎠᎴ ᎦᎸᏉᏙᏗ ᏗᎧᏃᎩᏍᏗ, ᎠᎴ ᎠᏓᏅᏙ ᎤᎬᏩᎵ ᏗᎧᏃᎩᏍᏗ, ᏕᏥᏃᎩᏍᎨᏍᏗ ᏙᏗᏣᏓᏅᏛ ᏗᏓᎴᎲᏍᎨᏍᏗ ᎤᎬᏫᏳᎯ ᏕᏥᏃᎩᏍᏗᏍᎨᏍᏗ.
20. ᎡᏣᎵᎡᎵᏤᎮᏍᏗ ᏂᎪᎯᎸ ᎤᏁᎳᏅᎯ ᎠᎴ ᎠᎦᏴᎵᎨᎢ ᏅᏗᎦᎵᏍᏙᏗᏍᎨᏍᏗ ᏂᎦᎥ ᎪᎱᏍᏗ ᎤᎬᏩᎵ, ᎢᏨᏗᏍᎨᏍᏗ ᏚᏙᎥ ᎤᎬᏫᏳᎯ ᎢᎦᏤᎵ ᏥᏌ ᎦᎶᏁᏛ;
21. ᏕᏣᏓᏙᎯᏳᎲᏍᎨᏍᏗ ᎢᏥᏏᏴᏫᎭ ᎨᏒ ᎤᏁᎳᏅᎯ ᎡᏥᎾᏰᏍᎬᎢ.
22. ᎢᏥᎨᏴ, ᎢᏨᏒ ᏗᎨᏥᏰᎯ ᏕᏦᎯᏳᏎᏍᏗ, ᎤᎬᏫᏳᎯ ᎪᎯᏳᏗ ᏥᎩ ᎾᏍᎩᏯᎢ.
23. ᎠᏍᎦᏯᏰᏃ ᏄᎬᏫᏳᏌᏕᎩ ᎤᏓᎵᎢ ᎡᎲᎢ, ᎾᏍᎩᏯ ᎦᎶᏁᏛ ᏄᎬᏫᏳᏌᏕᎩ ᏥᎩ ᏧᎾᏁᎶᏗ ᎤᎾᏓᏡᎬ ᎠᏁᎲᎢ; ᎠᎴ ᎾᏍᎩ ᎠᏍᏕᎵᏍᎩ ᎠᏰᎸᎢ.
24. ᎾᏍᎩ ᎢᏳᏍᏗ ᏧᎾᏁᎶᏗ ᎤᎾᏓᏡᎬ ᎦᎶᏁᏛ ᎬᏬᎯᏳᏗ ᏥᎩ, ᎾᏍᎩᏯ ᎠᏂᎨᏴ ᏗᎬᏩᏂᏰᎯ ᏧᏃᎯᏳᏗ ᏂᎦᎥ [ᏂᎬᏩᏂᏪᏎᎲᎢ.]
25. ᎢᏥᏍᎦᏯ, ᏕᏥᎨᏳᏎᏍᏗ ᏗᏣᏓᎵᎢ, ᎾᏍᎩᏯ ᎦᎶᏁᏛ ᎾᏍᏉ ᏧᎨᏳᏎ ᏧᎾᏁᎶᏗ ᎤᎾᏓᏡᎬᎢ, ᎠᎴ ᎾᏍᎩ ᏓᏍᏕᎵᏍᎬ ᎤᏩᏒ ᏥᏚᏓᏲᏎᎢ,
26. ᎾᏍᎩ ᎾᏍᎦᏅᎾ ᎢᏳᏩᏁᏗᏱ ᎦᏅᎦᎵᏍᎬᎢ ᎧᏃᎮᏛ ᎬᏗᏍᎬᎢ ᎠᎹ ᏥᎪᏑᎴᏗᏍᎪ ᎾᏍᎩᏯᎢ.
27. ᎾᏍᎩ ᎤᏩᏒ ᎠᎦᏔᎲ ᎤᏪᎪᏗᏱ ᏗᎬᏩᎸᏌᏛ ᏧᎾᏁᎶᏗ ᎤᎾᏓᏡᎬᎢ, ᏄᏚᏯᏍᏛᎾ, ᎠᎴ ᏄᏓᏁᎪᏳᏒᎾ, ᎠᎴ ᏂᎦᎥ ᎪᎱᏍᏗ ᎾᏍᎩ ᎢᏳᏍᏗ ᏄᏓᏓᎸᎾ; ᎾᏍᎦᏅᎾᏍᎩᏂ ᎢᏳᎵᏍᏙᏗᏱ ᎠᎴ ᎪᎱᏍᏗ ᎾᎫᎢᏍᏛᎾ.
28. ᎾᏍᎩᏯ ᎠᏂᏍᎦᏯ ᎤᏅᏒ ᏗᏂᏰᎸ ᏂᏚᏂᎨᏳᏒ ᎾᏍᎩᏯ ᏱᏂᏚᏂᎨᏳᎭ ᏧᎾᏓᎵᎢ. ᎩᎶ ᎤᏓᎵᎢ ᏧᎨᏳᏐ ᎤᏩᏒ ᎤᏓᎨᏳᏐᎢ.
29. ᎥᏝᏰᏃ ᎩᎶ ᎠᏏ ᎢᎸᎯᏳ ᏳᏂᏆᏘᎶ ᎤᏩᏒ ᎤᏇᏓᎸᎢ; ᎨᎶᎰᏍᎩᏂ ᎠᎴ ᎠᏍᏆᏂᎪᏗᏍᎪᎢ, ᎾᏍᎩᏯ ᎤᎬᏫᏳᎯ ᏂᏓᏛᏁᎲ ᏧᎾᏁᎶᏗ ᎤᎾᏓᏡᎬᎢ;
30. ᎠᏴᏰᏃ ᎾᏍᎩ ᎠᏰᎸ ᏕᎦᏚᏓᏔ, ᎾᏍᎩ ᎤᏇᏓᎸ ᎠᎴ ᎾᏍᎩ ᏧᎪᎳ.
31. ᎾᏍᎩ ᎢᏳᏍᏗ ᎠᏍᎦᏯ ᏕᎬᏕᎨᏍᏗ ᎤᏙᏓ ᎠᎴ ᎤᏥ, ᎠᏜᏓᏩᏍᏗᏍᎨᏍᏗᏃ ᎤᏓᎵᎢ, ᎾᏍᎩᏃ ᎠᏂᏔᎵ ᏌᏉᏉ ᎨᏎᏍᏗ ᎤᏂᏇᏓᎸᎢ.
32. ᎯᎠ ᎾᏍᎩ ᎤᏣᏘ ᎤᏕᎵᏗᏳ; ᎠᏎᏃ ᎦᎶᏁᏛ ᎠᎴ ᏧᎾᏁᎶᏗ ᎤᎾᏓᏡᎬ ᎦᏥᏁᎢᏍᏗᎭ.
33. ᎠᏗᎾ ᏂᏥᎥ ᎢᏥᏏᏴᏫᎭ ᎨᏒ ᎰᏩ ᏕᏥᎨᏳᏎᏍᏗ ᏗᏣᏓᎵᎢ ᎾᏍᎩᏯ ᎢᏨᏒ ᏂᏣᏓᎨᏳᏒᎢ; ᎠᎨᏴᏃ ᎤᎸᏉᏗᏳ ᎨᏎᏍᏗ ᎤᏰᎯ.

== Ephesians 6 ==
1. ᏗᏥᏲᎵ, ᏕᏦᎯᏳᏎᏍᏗ ᏗᏥᎦᏴᎵᎨᎢ ᎤᎬᏫᏳᎯ ᎨᏒ ᏅᏗᎦᎵᏍᏙᏗᏍᎨᏍᏗ; ᏚᏳᎪᏗᏰᏃ ᎾᏍᎩ ᎯᎠ.
2. ᎯᎸᏉᏕᏍᏗ ᏣᏙᏓ ᎠᎴ ᏣᏥ, ᎾᏍᎩ ᎢᎬᏱᏱ ᎤᎵᏁᏨ ᏥᎩ ᏧᎵᏠᏯᏍᏗ ᎠᏚᎢᏍᏛᎢ,
3. ᎾᏍᎩ ᎣᏏᏳ ᎢᎨᏣᎵᏍᏓᏁᏗ ᏱᎩ, ᎠᎴ ᎪᎯᏗᏳ ᎨᏣᎴᏂᏓᏍᏗ ᏱᎩ ᎡᎶᎯ.
4. ᎠᎴ ᏂᎯ ᎢᏥᎦᏴᎵᎨᎢ, ᏞᏍᏗ ᏱᏗᏥᎿᎭᎸᏍᏗᏍᎨᏍᏗ ᏗᏤᏥ; ᏕᏣᏛᎯᏍᏗᏍᎨᏍᏗᏍᎩᏂ ᎤᎬᏫᏳᎯ ᎤᏤᎵ ᏗᏕᏲᏗ ᎨᏒ ᎠᎴ ᎨᏯᏙᎥᎯᏍᏗ ᎨᏒᎢ.
5. ᎡᏥᏅᏏᏓᏍᏗ, ᏕᏦᎯᏳᏎᏍᏗ ᎾᏍᎩ ᎨᏥᏅᏏᏙᎯ ᎠᏂ ᎤᏇᏓᎵ, ᎨᏒᎢ, ᎢᏥᎾᏰᏍᎨᏍᏗ ᎠᎴ ᏕᏥᎾᏫᏍᎨᏍᏗ, ᎣᏏᏳ ᎢᏥᏰᎸᎯ ᎨᏎᏍᏗ ᏗᏥᎾᏫᏱ, ᎦᎶᏁᏛ ᏥᏁᏣᏛᏁᎰ ᎾᏍᎩᏯᎢ.
6. ᎥᏝ ᏥᏛᏓᏗᎧᏃ ᎢᏳᏍᏗ, ᏴᏫᏉ ᎣᏏᏳ ᎤᏂᏰᎸᏗ; ᎦᎶᏁᏛᏍᎩᏂ ᏧᏅᏏᏓᏍᏗ ᎢᏳᎾᏛᏁᏗ, ᎤᏁᎳᏅᎯ ᎣᏏᏳ ᎤᏰᎸᏗ ᏂᏣᏛᏁᎲᎢ, ᏗᏥᎾᏫᏱ ᏨᏗᏓᎴᎲᏍᎪᎢ;
7. ᎣᏏᏳ ᎢᏥᏰᎸᎯ ᎪᎱᏍᏗ ᎢᏣᏛᏁᎲ, ᎤᎬᏫᏳᎯ ᏥᏁᏣᏛᏁᎰ ᎾᏍᎩᏯᎢ, ᎥᏝᏃ ᏴᏫᏉ ᏥᏂᏕᏣᏛᏁᎰ ᎾᏍᎩᏯᎢ;
8. ᎢᏥᎦᏔᎲ ᎾᏍᎩ ᏂᎦᎥ ᎪᎱᏍᏗ ᎣᏍᏛ ᏚᎸᏫᏍᏓᏁᎲ ᎩᎶᎢ, ᎾᏍᎩᏯ ᎢᏳᏍᏗ ᎤᏁᏗ ᎨᏒ ᎤᎬᏫᏳᎯ, ᎾᏍᏉ ᎠᏥᎾᏝᎢ ᏱᎩ, ᎠᎴ ᎾᏥᎾᏝᎥᎾ ᏱᎩ.
9. ᎠᎴ ᏂᎯ ᏗᏣᏓᏅᏏᏙᎯ, ᎾᏍᎩᏯ ᎤᏠᏱ ᎾᏍᎩ ᏂᏕᏣᏛᏁᎮᏍᏗ, ᎤᏁᎳᎩ ᎢᏤᎵᏎᏍᏗ ᏕᏥᎾᏰᏓᏁᎲᎢ, ᏥᏥᎦᏔᎭ ᎾᏍᎩ ᏂᎯ ᎾᏍᏉ ᎢᏥᏅᏏᏙᎯ ᎦᎸᎶᎢ ᎡᎲᎢ; ᎥᏝ ᎠᎴ ᏱᏚᏑᏰᏍᏗ ᏴᏫ ᏗᎬᏩᎸᏉᏙᏗ ᎨᏒᎢ.
10. ᎤᎵᏍᏆᎸᏗᏃ ᎨᏒᎢ, ᎢᏓᎵᏅᏟ, ᏗᏣᎵᏂᎩᏗᏳ ᎨᏎᏍᏗ ᎤᎬᏫᏳᎯ ᎡᏣᎵᏍᎦᏍᏙᏛᎢ, ᎠᎴ ᎢᏣᎵᏍᎦᏍᏙᏛ ᎤᏣᏔᏅᎯ ᎤᎵᏂᎩᏗᏳ ᎨᏒᎢ.
11. ᏂᎦᏛ ᎤᏁᎳᏅᎯ ᎤᏤᎵᎦ ᎠᎵᏍᎦᏍᏙᏙ ᎢᏣᏣᏅᏓ, ᎾᏍᎩ ᏰᎵ ᎨᏣᎴᏗ ᎢᏳᎵᏍᏙᏗᏱ ᎠᏍᎩᎾ ᎠᏏᎾᏌᏅ ᏕᏥᎦᏘᎸᏍᏗᏍᎬᎢ.
12. ᎥᏝᏰᏃ ᏱᏗᎦᏟᏴᎭ ᎤᏇᏓᎵ ᎨᏒ ᎠᎴ ᎩᎬ, ᎤᏂᎬᏫᏳᎯᏍᎩᏂ, ᎠᎴ ᏧᎾᎵᏂᎩᏛ, ᎠᎴ ᏄᏂᎬᏫᏳᏌᏕᎩ ᎠᏂ ᎡᎶᎯ ᎤᎵᏏᎩ ᎨᏒᎢ, ᏗᏓᏅᏙ ᎤᏂᏁᎫᏥᏛ ᎦᎸᎶ ᏄᎾᏛᎿᎭᏕᎬᎢ.
13. ᎾᏍᎩ ᎢᏳᏍᏗ ᎢᏣᎩ ᏂᎦᏛ ᎠᎵ ᏍᎦᏍᏙᏙ ᎤᏁᎳᏅᎯ ᎤᏤᎵᎦ, ᎾᏍᎩ ᏰᎵ ᏗᎨᏣᏟᏴᏗ ᎢᏳᎵᏍᏙᏗᏱ ᎾᎯᏳ ᎤᏲᎢᏳ ᎢᎦ ᎨᏎᏍᏗ, ᎾᏍᎩᏃ ᏂᎦᏛ ᎢᏣᏛᏁᎸᎯ ᎨᏎᏍᏗ, ᎨᏣᎴᏗ ᎢᏳᎵᏍᏙᏗᏱ.
14. ᎾᏍᎩ ᎢᏳᏍᏗ ᏕᏥᏙᎨᏍᏗ, ᏕᏣᏓᏠᏍᏕᏍᏗ ᎦᏰᎪᎩ ᏂᎨᏒᎾ ᎨᏒᎢ, ᎠᎴ ᏚᏳᎪᏛ ᎨᏒ ᏕᏣᏓᏁᏣᏍᏚᎶᏕᏍᏗ;
15. ᏗᏣᎳᏏᏕᏂᏃ ᏕᏣᎳᏑᎶᏕᏍᏗ ᎠᏛᏅᎢᏍᏔᏅᎯ ᎨᏒ ᎣᏍᏛ ᎧᏃᎮᏛ ᏅᏩᏙᎯᏯᏛ ᎠᏓᏁᎯ;
16. ᎠᏎᏃ ᎾᏍᏉ ᎪᎯᏳᏗ ᎨᏒ ᎢᏣᎵᎬᏑᎶᏓ, ᎾᏍᎩ ᎢᏨᏗᏍᎬ ᏰᎵᏉ ᏗᎨᏨᏜᏓᏕᏗ ᎢᏳᎵᏍᏙᏗᏱ ᏧᏥᏍᏟ ᎦᏂ ᎠᏍᎩᎾ ᏧᏤᎵᎦ.
17. ᎠᎵᏍᏕᎸᏙᏗᏃ ᎠᎵᏍᏚᎶ ᎢᏥᎾᎩ, ᎠᎴ ᎠᏰᎳᏍᏗ-ᎦᏅᎯᏛ ᎠᏓᏅᏙ ᎤᏤᎵᎦ, ᎾᏍᎩ ᎧᏃᎮᏛ ᎤᏁᎳᏅᎯ ᎤᏤᎵ ᏥᎩ;
18. ᏂᎪᎯᎸ ᎢᏣᏓᏙᎵᏍᏗᏍᎨᏍᏗ ᏄᏓᎴᏒ ᎠᏓᏙᎵᏍᏗ ᎨᏒ, ᎠᎴ ᎠᏔᏲᏍᏗ ᎨᏒ ᎠᏓᏅᏙ ᎬᏗ, ᎠᎴ ᎢᏥᏯᏫᏍᎨᏍᏗ ᎾᎿᎭᏂ ᎢᏨᏗᏍᎨᏍᏗ ᏗᏯᏪᎢᏍᏗ ᏂᎨᏒᎾ, ᎠᎴ ᎠᏔᏲᏍᏗ ᎨᏒ ᎨᏥᏍᏕᎸᏗᏱ ᎤᎾᏓᏅᏘ ᎾᏂᎥᎢ.
19. ᎠᎴ ᎠᏴ ᎥᎩᏍᏕᎸᏗᏱ, ᎾᏍᎩ ᎥᏆᎵᏍᎪᎸᏓᏁᏗᏱ ᎠᎩᏬᏂᎯᏍᏗᏱ, ᎠᎩᏍᏚᎢᏍᏗᏱ ᏥᎣᎵ ᏂᏥᏍᎦᎢᎲᎾ, ᎬᏂᎨᏒ ᎢᏯᏋᏁᏗᏱ ᎤᏕᎵᏛ ᎨᏒ ᎣᏍᏛ ᎧᏁᎮᏛ;
20. ᎾᏍᎩ [ᎣᏍᏛ ᎧᏃᎮᏛ] ᏥᏅᏗᎦᎵᏍᏙᏗᎭ ᎠᏴ ᎥᎩᏅᏏᏛ ᎥᏆᎸᎢᏛ ᏥᎩ; ᎾᏍᎩ ᎢᏳᏩᏂᏐᏗᏱ ᎾᎿᎭᏂ ᏂᏥᏍᎦᎢᎲᎾ ᎠᎩᏁᎢᏍᏗᏱ, ᎾᏍᎩᏯ ᎢᏯᎩᏪᏍᏗᏱ ᏥᏚᏳᎪᏗ.
21. ᎾᏍᎩᏃ ᎢᏥᎦᏙᎥᎯᏍᏗᏱ ᎾᏍᏉ ᎠᏴ ᎾᏆᎵᏍᏓᏁᎵᏕᎬ ᎠᎴ ᎾᏆᏛᎿᎭᏕᎬᎢ, ᏗᎩᎦ, ᎣᏥᎨᏳᎢ ᎣᏣᎵᏅᏟ ᎠᎴ ᎣᏍᏛ ᎢᏯᏛᏁᎯ ᏧᎸᏫᏍᏓᏁᎯ ᎤᎬᏫᏳᎯ ᎤᏤᎵ ᎤᎬᏩᎵ, ᎬᏂᎨᏒ ᏅᏓᏨᏁᎵ ᏄᏓᎴᏒ ᎪᎱᏍᏗ;
22. ᎾᏍᎩ ᏥᏅᎵ ᏗᏤᎲᎢ ᎾᏍᎩᏉ ᎤᎬᏩᎵ, ᎾᏍᎩ ᎢᏥᎦᏙᎥᎯᏍᏗᏱ ᏃᎦᎵᏍᏓᏁᎵᏕᎬᎢ, ᎠᎴ ᎾᏍᎩ ᏧᎦᎵᏍᏓᏗᏍᏗᏱ ᏗᏥᎾᏫ.
23. ᎤᏩᏙᎯᏯᏛ ᏚᏂᎧᎿᎭᏩᏗᏙᎮᏍᏗ ᎠᎾᎵᏅᏟ, ᎠᎴ ᎠᏓᎨᏳᏗ ᎨᏒ ᎤᎵᏠᏯᏍᏕᏍᏗ ᎪᎯᏳᏗ ᎨᏒᎢ, ᏅᏓᏳᎾᎵᏍᎪᎸᏔᏅᎯ ᎤᏁᎳᏅᎯ ᎠᎦᏴᎵᎨᎢ, ᎠᎴ ᎤᎬᏫᏳᎯ ᏥᏌ ᎦᎶᏁᏛ.
24. ᎬᏩᎦᏘᏯ ᎤᏓᏙᎵᏍᏗ ᎨᏒ ᏚᏂᎧᎿᎭᏩᏗᏙᎮᏍᏗ ᎾᏂᎥ ᏄᎾᏠᎾᏍᏛᎾ ᎤᏂᎨᏳᎯ ᎢᎦᏤᎵ ᎤᎬᏫᏳᎯ ᏥᏌ ᎦᎶᏁᏛ. ᎡᎺᏅ.

== Philippians 1 ==
1. ᏉᎳ ᎠᎴ ᏗᎹᏗ, ᏥᏌ ᎦᎶᏁᏛ ᎬᏩᏂᏅᏏᏙᎯ, ᏫᏙᏍᏙᏪᎳᏏ ᎾᏂᎥ ᎤᎾᏓᏅᏘ ᎦᎶᏁᏛ ᏥᏌ ᎬᏬᎯᏳᎯ ᎾᏍᎩ ᏈᎵᎩᏱ ᎠᏁᎯ, ᏙᏍᎦᏠᏯᏍᏗᎭ ᏗᏂᎦᏘᏯ ᎠᎴ ᎠᏂᏯᏙᎯᎯ;
2. ᎬᏩᎦᏘᏯ ᎤᏓᏙᎵᏍᏗ ᎨᏒ, ᎠᎴ ᏅᏩᏙᎯᏯᏛ ᎢᏤᎳᏗᏙᎮᏍᏗ ᏅᏓᏳᎾᎵᏍᎪᎸᏔᏁ ᎤᏁᎳᏅᎯ ᎢᎩᏙᏓ, ᎠᎴ ᎤᎬᏫᏳᎯ ᏥᏌ ᎦᎶᏁᏛ.
3. ᎠᏆᏁᎳᏅᎯ ᏥᏯᎵᎡᎵᏤᎰ ᎢᏳᏍᏗᎭ ᎢᏨᏯᏅᏓᏗᎬᎢ,
4. ᏂᎪᎯᎸ ᏂᎦᏓᏙᎵᏍᏗᏍᎬ ᏂᏥᏔᏲᎯᎲ ᏂᎯ ᏂᏥᎥ ᎡᏥᏙᎵᏍᏗᏱ, ᎤᎵᎮᎵᏍᏗ ᎠᏆᏓᏅᏛ ᎦᏓᏙᎵᏍᏗᏍᎬᎢ,
5. ᏅᏗᎦᎵᏍᏙᏗᏍᎬ ᎢᏣᏖᏆᎶᏒ ᎣᏍᏛ ᎧᏃᎮᏛ ᏕᏥᎧᎿᎭᏩᏗᏒᎢ, ᎢᎬᏱᏱ ᎢᎦ ᏅᏓᎬᏩᏓᎴᏅᏛ ᎪᎯ ᎢᏯᏍᏘ;
6. ᎯᎠ ᎾᏍᎩ ᏑᏓᎴᎩ ᎨᏒ ᎾᏆᏜᏓᏏᏛᎡᎲᎾ, ᎾᏍᎩ Ꮎ ᎣᏍᏛ ᏗᎦᎸᏫᏍᏓᏁᏗ ᎤᎴᏅᏛ ᏙᏗᏣᏓᏅᏛᎢ ᎾᏍᎩ ᎤᏰᎢᎸᏍᏗᏱ ᎬᎵᏍᏆᏗᏍᎩ ᏥᏌ ᎦᎶᏁᏛ ᎤᏤᎵ ᎢᎦ ᎠᎵᏰᎵᎢᎶᎸ ᎬᏗᏍᎩ;
7. ᎾᏍᎩ ᏥᏚᏳᎪᏗ ᎾᏍᎩ ᎢᏨᏰᎵᏎᏗᏱ ᏂᏥᎥᎢ, ᏅᏗᎦᎵᏍᏙᏗᏍᎬ ᎠᎩᎾᏫᏱ ᎢᏨᏍᏆᏂᎪᏛᎢ; ᎾᏍᏉᏰᏃ ᎥᏆᎸᎢᏛ ᎨᏒᎢ, ᎠᎴ ᏥᏍᏕᎵᏍᎬ ᎠᎴ ᏥᏍᏓᏱᏗᏍᎬ ᎣᏍᏛ ᎧᏃᎮᏛ ᏂᎯ ᏂᏥᎥ ᎢᏤᎳᏗᏍᏗᎭ ᎬᏩᎦᏘᏯ ᎥᎩᏙᎵᎬᎢ.
8. ᎤᏁᎳᏅᎯᏰᏃ ᎠᏆᏤᎵ ᎠᎦᏔᎯ ᏂᎦᎥ ᎢᏨᎨᏳᏒᎵ ᏥᏌ ᎦᎶᏁᏛ ᎤᏓᎨᏳᏗ ᎬᏗᏍᎬᎢ.
9. ᎠᎴ ᏥᏔᏲᎯᎭ ᎦᏓᏙᎵᏍᏗᏍᎬᎢ, ᎾᏍᎩ ᎠᏓᎨᏳᏗ ᎨᏒ ᎢᏤᎲ ᎠᏏ ᎤᏟ ᎢᎦᎢ ᎤᏁᏉᏨᏍᏗᏱ ᎤᎵᏠᏯᏍᏙᏗᏱ ᎠᎦᏙᎥᎯᏍᏗ ᎨᏒ, ᎠᎴ ᏂᎦᎥ ᏚᏳᎪᏛ ᎪᎵᏍᏗ ᎨᏒᎢ;
10. ᎾᏍᎩ ᎢᏥᎪᏩᏛᏗᏱ ᏧᏓᎴᏅᏛ ᏚᏓᎴᎿᎭᎥᎢ; ᎾᏍᎩ ᏂᏣᏠᎾᏍᏛᎾ ᎢᏣᎵᏍᏙᏗᏱ, ᎠᎴ ᏂᏣᏓᎿᎭᏍᏆᎶᏍᏗᏍᎬᎾ ᎦᎶᏁᏛ ᎤᏤᎵ ᎢᎦ ᎠᎵᏱᎶᎸ ᎬᏗᏍᎩ;
11. ᎾᏍᎩ ᎢᏥᎧᎵᏨᎯ ᎢᏳᎵᏍᏙᏗᏱ ᏚᏳᎪᏛ ᎨᏒ ᎤᏓᎴᏅᎯ, ᎾᏍᎩ ᏥᏌ ᎦᎶᏁᏛ ᎢᏳᏩᏂᏐᏗᏱ, ᎾᏍᎩ ᎤᎸᏉᏙᏗᏱ ᎤᏁᎳᏅᎯ ᎠᎴ ᎬᏂᎨᏒ ᎢᏳᏩᏁᏗᏱ ᎾᏍᎩ ᎦᎸᏉᏗᏳ ᎨᏒᎢ.
12. ᎠᏎᏃ ᎢᏓᎵᏅᏟ ᎠᏆᏚᎵᎭ ᎢᏥᎦᏙᎥᎯᏍᏗᏱ ᎾᏍᎩ ᎫᏓᎴᏅᏛ ᎾᏆᎵᏍᏓᏁᎸᎢ ᎤᏁᏉᎢᏍᏗᏱᏉ ᏄᏩᏁᎸ ᎣᏍᏛ ᎧᏃᎮᏛ;
13. ᎾᏍᎩ ᏅᏗᎦᎵᏍᏙᏗᎭ ᎦᎶᏁᏛ ᎠᎩᏍᏛᏗᏍᎬ ᎥᏆᎸᎥᎢ ᎤᎬᏫᏳᎯ ᎦᏁᎸ ᏂᎬ ᎬᏂᎨᏒ ᏄᎵᏍᏔᏅ, ᎠᎴ ᏂᎬᎾᏛᏉ;
14. ᎠᎴ ᎠᏂᎪᏗᏳ ᎠᎾᎵᏅᏟ ᎤᎬᏫᏳᎯ ᏧᎾᏁᎶᏗ ᎥᏆᎸᎥ ᎢᏳᏩᏂᏌᏛ ᏚᎾᎵᎪᏒ ᏚᎾᏓᏅᏛᎢ, ᎤᏟ ᎢᎦᎢ ᎾᏂᎾᏰᏍᎬᎾ ᏄᎾᎵᏍᏔᏅ ᎧᏃᎮᏛ ᎾᏂᏍᎦᎢᎲᎾ ᎤᏂᏃᎮᏗᏱ.
15. ᎢᎦᏛ ᎤᏙᎯᏳᎯ ᎠᏛᏳᎨᏗ ᎨᏒ ᎠᎴ ᎠᏗᏒᏍᏗ ᎨᏒ ᎤᎾᏚᎵᏍᎬ ᏅᏗᎦᎵᏍᏙᏗᎭ ᎠᎾᎵᏥᏙᎲᏍᎦ ᎦᎶᏁᏛ ᎠᏂᏃᎮᎭ, ᎢᎦᏛᏃ ᎾᏍᏉ ᎣᏏᏳ ᎤᏂᏰᎸᏒᎢ.
16. ᎯᎠ ᎾᏍᎩ ᏑᎾᏓᎴᎩ ᎨᏒ ᎠᎾᎵᏥᏙᎲᏍᎦ ᎦᎶᏁᏛ ᎠᏂᏃᎮᎭ ᎠᏗᏒᏍᏗᏉ ᎨᏒ ᎤᎾᏚᎵᏍᎬ ᏅᏗᎦᎵᏍᏙᏗᎭ, ᎥᏝᏃ ᏄᎾᏠᎾᏍᏛᎾ ᎨᏒ ᏯᏅᏗᎭ, ᎤᏂᏁᏉᏍᏗᏱ ᎤᏂᏰᎸᎭ ᏥᎩᎵᏲᎬ ᎥᏆᎸᎢᏛ ᎨᏒᎢ.
17. ᎠᏂᏐᎢᏍᎩᏂ ᎬᎩᎨᏳᎯᏳ ᎨᏒ ᏅᏗᎦᎵᏍᏙᏗᎭ, ᎠᏂᎦᏔᎭᏰᏃ ᎥᎩᏁᏤᎸᎯ ᎨᏒ ᎠᎩᏍᏕᎸᏗᏱ ᎣᏍᏛ ᎧᏃᎮᏛ.
18. ᎦᏙᎨᏃ? ᎤᏁᎳᎩ, ᏂᎦᎥᏉ ᎾᎾᏛᏁᎲᎢ, ᎾᏍᏉ ᎠᏎᏉᏉ ᏱᎾᎾᏛᏁᎭ, ᎠᎴ ᎤᏙᎯᏳᎯ ᏳᏂᏰᎸᎭ, ᎦᎶᏁᏛ ᎠᏥᏃᎮᎭ; ᎠᎴ ᎾᎿᎭᏂ ᎦᎵᎡᎵᎦ, ᎥᎥ, ᎠᎴ ᎠᏎ ᎦᎵᎡᎵᎨᏍᏗ.
19. ᏥᎦᏔᎭᏰᏃ ᎯᎠ ᎾᏍᎩ ᎥᎩᏍᏕᎸᏗᏱ ᏭᎵᏰᎢᎶᎯᏍᏗ ᎨᏒᎢ ᏂᎯ ᎢᏣᏓᏙᎵᏍᏗᏍᎬ ᏅᏓᎦᎵᏍᏙᏔᏂ, ᎠᎴ ᏥᏌ ᎦᎶᏁᏛ ᎤᏓᏅᏙ ᎥᎩᏁᎲᎢ;
20. ᎾᏍᎩᏯ ᎤᏣᏘ ᎠᏆᏚᎵᏍᎬ ᎠᎴ ᎤᏚᎩ ᎠᏋᏒᎢ, ᎾᏍᎩ ᏂᎦᎥ ᎪᎱᏍᏗ ᎠᏆᏕᎰᎯᏍᏗᏱ ᏂᎨᏒᎾ, ᏂᎦᎥᏉᏍᎩᏂ ᏂᏥᏍᎦᎢᎲᎾ ᎨᏒᎢ, ᏥᏄᏍᏙᏉ, ᎾᏍᎩᏯ ᎾᏍᏉ ᎪᎯ, ᎦᎶᏁᏛ ᏥᎸᏉᏙᏗ ᎨᏎᏍᏗ ᏥᏰᎸ ᎬᏗ, ᎾᏍᏉ ᎬᏃᏛ ᎨᏒ ᎠᎴ ᎠᎩᏲᎱᎯᏍᏗ ᎨᏒᎢ.
21. ᎠᏏᏰᏃ ᏯᏆᎴᏂᏙᎸ ᎦᎶᏅᏛ ᏥᎸᏉᏙᏗ, ᏯᎩᏲᎱᏒᏃ ᎠᏴ ᎠᎩᏁᏉᏤᏗ.
22. ᎢᏳᏍᎩᏂᏃᏅ ᎤᏇᏓᎸ ᏯᏆᎴᏂᏙᎸ, ᎯᎠ ᎾᏍᎩ ᎠᎩᎾᏄᎪᏫᏍᏗ ᏓᎩᎸᏫᏍᏓᎪᎲᎢ; ᎠᎴ ᎥᏝ ᏱᏥᎦᏔᎭ ᎾᏍᎩ ᎢᏳᏍᏗ ᎠᏆᏑᏰᏍᏗᏱ.
23. ᏔᎵᏰᏃ ᎢᏳᏓᎴᎩ ᎨᏒ ᎠᏍᏓᏱᏳ ᎾᏆᎵᏍᏓᏁᎭ, ᏅᏗᎦᎵᏍᏙᏗ ᎠᏆᏚᎵᏍᎬ ᎠᏆᏂᎩᏍᏗᏱ, ᎠᎴ ᎦᎶᏁᏛ ᏤᎲ ᏩᏆᏕᏗᏱ; ᎾᏍᎩ ᏭᏓᎪᎾᏛᏛ ᎤᏟ ᎣᏏᏳ ᏥᎩ;
24. ᎤᏍᏓᎸᏍᎩᏂᏃᏅ ᎠᏆᎴᏂᏓᏍᏗᏱ ᎤᏟ ᎣᏏᏳ ᎢᏣᎵᏍᏓᏁᏗ ᏂᎯ.
25. ᎾᏍᎩᏃ ᎯᎠ ᏥᏄᏍᏗ ᏣᏉᎯᏳᎭ, ᏥᎦᏔᎭ ᎠᏆᎴᏂᏓᏍᏗᏱ ᎠᎴ ᏂᏥᎥ ᎢᏨᏰᎳᏗᏓᏍᏗᏱ, ᎾᏍᎩ ᎢᏥᏁᏉᏤᏗᏱ ᎠᎴ ᎢᏣᎵᎮᎵᏍᏗᏱ ᎢᏦᎯᏳᏒᎢ.
26. ᎾᏍᎩ ᎤᏣᏘ ᎤᏁᏉᏨᏍᏗᏱ ᎢᏣᎵᎮᎵᎬ ᏥᏌ ᎦᎶᏁᏛ ᎢᏳᏩᏂᏌᏛ, ᎠᏴ ᏅᏗᎦᎵᏍᏙᏗᏍᎬ, ᎾᏍᎩ ᏔᎵᏁ ᏫᏨᎷᏤᏗ ᎨᏒ ᎢᏳᏍᏗ.
27. ᎾᏍᎩᏯ ᎠᏗᎾ ᎦᎶᏁᏛ ᎤᏤᎵ ᎣᏍᏛ ᎧᏃᎮᏛ ᏧᎵᎶᎲᏍᎦ ᏂᏣᏛᏁᎵᏙᎮᏍᏗ; ᎾᏍᎩ ᎢᏳᏃ ᏱᏫᏨᎷᏤᎸ ᎠᎴ ᏱᏫᏨᎪᎥ, ᎠᎴ ᏯᎩᎪᏁᎸᏉ, ᏱᎦᏛᎬᎦ ᏂᏣᏛᎿᎭᏕᎬᎢ, ᎤᎵᏂᎩᏛ ᏕᏥᏙᎬ ᏌᏉ ᎠᏓᏅᏙᎩᎯ, ᏌᏉ ᎠᏓᏅᏖᏗ ᎬᏗ, ᎠᏖᏆᎶᎯ ᎢᏣᏟᏂᎬᏁᏗᏱ ᎢᏥᏍᏕᎸᏗᏱ ᎪᎯᏳᏗ ᎨᏒ ᎣᏍᏛ ᎧᏃᎮᏛ.
28. ᎠᎴ ᏞᏍᏗ ᎪᎱᏍᏗ ᎠᎾᏛᏁᎲ ᎨᏣᏡᏗᏍᎩ ᏱᏥᏍᎦᏍᏓᏁᎮᏍᏗ; ᎾᏍᎩ ᎬᏂᎨᏒ ᎢᏳᏅᏁᎯ ᎨᏥᏛᏙᏗ ᎨᏒᎢ, ᏂᎯᏍᎩᏂ ᎬᏂᎨᏒ ᎢᏨᏁᎯ ᎡᏥᏍᏕᎸᏗ ᎨᏒᎢ, ᎠᎴ ᎾᏍᎩ ᎤᏁᎳᏅᎯ ᎢᏥᏍᏕᎸᏗ ᎨᏒᎢ.
29. ᏂᎯᏰᏃ ᎡᏥᏁᎸᎯ ᎦᎶᏁᏛ ᎨᏒ ᎢᏳᏍᏗ, ᎥᏝ ᎡᏦᎢᏳᏗᏱᏉ ᎤᏩᏒ, ᎾᏍᏉᏍᎩᏂ ᎡᏥᎩᎵᏤᏗᏱ;
30. ᎾᏍᎩᏯ ᎠᏗᏒᏍᏗ ᎨᏒ ᎢᏤᎲ ᎾᏍᎩ ᎠᏴ ᏥᏍᎩᎪᎡᎸᎩ, ᎠᎴ ᎪᎯ ᏥᏣᏛᎩᎭ ᎠᏇᎲᎢ.

== Philippians 2 ==
1. ᎾᏍᎩ ᎢᏳᏍᏗ ᎢᏳᏃ ᎦᎶᏁᏛᏱ ᎤᎦᎵᏍᏗ ᏅᏓᎬᏩᏓᎴᏗ ᎨᏎᏍᏗ, ᎢᏳᏃ ᎠᏓᎨᏳᏗ ᎨᏒ ᎠᏓᏄᏬᎯᏍᏗᏍᎩ ᎬᏩᏓᏁᏗ ᎨᏎᏍᏗ, ᎢᏳᏃ ᎬᏖᏆᎶᏗ ᎨᏎᏍᏗ ᎠᏓᏅᏙ ᎥᏓᏘᏁᏗ ᎨᏒᎢ, ᎢᏳᏃ ᎠᏓᏙᎵᏍᏗ ᎨᏒ ᎠᎴ ᎤᏓᏅᏘ ᎨᏒ ᎡᎮᏍᏗ,
2. ᎢᏥᎧᎵᏣ ᎦᎵᎡᎵᎬᎢ, ᎤᏠᏱ ᎢᏳᎵᏍᏙᏗᏱ ᎢᏣᏓᏅᏖᏍᎬᎢ, ᎤᏠᏱᏉ ᎢᏳᎵᏍᏙᏗᏱ ᏕᏣᏓᎨᏳᏒᎢ, ᎤᏠᏱᏉ ᎢᏳᎵᏍᏙᏗᏱ ᏕᏣᏓᏅᏛᎢ, ᎤᏠᏱᏉ ᎢᏳᎵᏍᏙᏗᏱ ᏗᏣᏓᏅᏙ.
3. ᏞᏍᏗ ᎪᎱᏍᏗ ᏱᏣᏛᏁᎮᏍᏗ ᎠᏗᏒᏍᏗ ᎨᏒ ᎠᎴ ᎠᏎᏉ ᎠᏢᏈᏍᏗ ᎨᏒ ᎬᏗ; ᎡᎳᏗᏉᏍᎩᏂ ᏂᏕᏨᏅ ᏕᏣᏓᏅᏛ ᎢᏥᏏᏴᏫᎭ ᎤᏟ ᏂᏕᏥᎸᏉᏕᏍᏗ ᎠᏂᏐᎢ ᎡᏍᎦᏉ ᎢᏨᏒ.
4. ᏞᏍᏗ ᎩᎶ ᎤᏩᏒᏉ ᎤᏤᎵ ᏳᎦᏌᏯᏍᏕᏍᏗ, ᎾᏂᎥᏍᎩᏂ ᎠᏂᏐᎢ ᎾᏍᏉ ᎤᎾᏤᎵᎦ.
5. ᎾᏍᎩ ᎯᎠ ᏄᏍᏕᏍᏗ ᏕᏣᏓᏅᏖᏍᏗ, ᎾᏍᎩᏯ ᎾᏍᏉ ᏧᏓᏅᏖ ᎦᎶᏁᏛ ᏥᏌ;
6. ᎾᏍᎩ ᎤᏁᎳᏅᎯ ᏣᎦᏟᎶᏍᏔᏅᎯ ᎨᏒᎢ, ᎥᏝ ᎦᏓᎾᏌᎲᏍᎦ ᏰᎵᏍᎨ ᎤᏁᎳᏅᎯ ᎾᏍᎩᏯ ᏄᏍᏛ ᏄᏛᏅᎢ.
7. ᎠᏎᏃ ᎾᏥᎸᏉᏛᎾ ᏄᏓᏛᏁᎴ ᎤᏩᏒ, ᎠᎴ ᎠᏥᏅᏏᏓᏍᏗ ᏄᏍᏛ ᎾᏍᎩᏯ ᏄᏓᏛᏁᎴᎢ, ᎠᎴ ᏴᏫ ᏄᎾᏍᏛ ᎾᏍᎩᏯ ᏄᎵᏍᏔᏁᎢ;
8. ᎠᎴ ᏴᏫ ᎾᏍᎩᏯ ᏄᏍᏛ ᎨᏎᎢ, ᎤᏩᏒ ᎾᏥᎸᏉᏛᎾ ᏄᏓᏛᏁᎴᎢ, ᎠᎴ ᎤᏬᎯᏳᎯᏍᏛ ᏄᎵᏍᏔᏁ ᎠᏲᎱᎯᏍᏗ ᎨᏒ ᎬᏗᏍᎩ, ᎾᏍᎩ ᏓᏓᎿᎭᏩᏍᏛ ᎠᏲᎱᎯᏍᏙᏗ ᎨᏒᎢ.
9. ᎾᏍᎩ ᎢᏳᏍᏗ ᎾᏍᏉ ᎤᏁᎳᏅᎯ ᎤᏣᏘ ᎦᎸᎳᏗᏳ ᎤᏌᎳᏓᏅ, ᎠᎴ ᎤᏁᎸ ᏧᏙᏍᏙᏗ ᎨᏒᎢ, ᎾᏍᎩ ᎤᏟ ᎦᎸᏉᏗᏳ ᎡᏍᎦᏉ ᏂᎦᎥ ᏧᎾᏙᏍᏙᏗ ᎨᏒᎢ,
10. ᎾᏍᎩ ᏥᏌ ᏚᏙᎥ ᏂᎦᏗᏳ ᏧᎾᎵᏂᏆᏁᏗᏱ ᎾᏍᏉ ᎦᎸᎶᎢ ᎠᏁᎯ, ᎠᎴ ᎡᎶᎯ ᎠᏁᎯ, ᎠᎴ ᎡᎶᎯ ᎭᏫᏂᏗᏢ ᎠᏁᎯ;
11. ᎠᎴ ᏂᎦᏗᏳ ᏗᎦᏃᎦ ᎬᏂᎨᏒ ᎢᏳᏅᏁᏗ ᎨᏎᏍᏗ ᎾᏍᎩ ᏥᏌ ᎦᎶᏁᏛ ᎤᎬᏫᏳᎯ ᎨᏒᎢ, ᎦᎸᏉᏗᏳ ᎢᏳᏩᏁᎯ ᎨᏎᏍᏗ ᎤᏁᎳᏅᎯ ᎠᎦᏴᎵᎨᎢ.
12. ᎾᏍᎩ ᎢᏳᏍᏗ ᎢᏨᎨᏳᎢ, ᏂᎪᎯᎸᏉ ᏥᏦᎯᏳᎲᏍᎪᎢ, ᎥᏝ ᎠᏴ ᏥᎦᏔᎲᏉ ᎢᏳᏍᏗ, ᎪᎯᏍᎩᏂ ᎨᏒ ᎠᎩᎪᏁᎸᎢ ᎤᏟ ᎢᎦᎢ ᏗᏥᎸᏫᏍᏓᏏ ᎡᏥᏍᏕᎸᏗᏱ ᎨᏒᎢ, ᎢᏥᎾᏰᏍᎬ ᎠᎴ ᏕᏥᎾᏫᏍᎬᎢ;
13. ᎤᏁᎳᏅᎯᏰᏃ ᎣᏏᏳ ᎤᏰᎸᏗ ᎨᏒ ᏕᎤᎸᏫᏍᏓᏁᎭ ᏕᏣᏓᏅᏛᎢ ᎾᏍᎩ ᎢᏣᏚᎸᏗᏱ ᎠᎴ ᎾᏍᏉ ᏗᏥᎸᏫᏍᏓᏁᏗᏱ.
14. ᏂᎦᏗᏳ ᏧᏓᎴᏅᏛ ᏕᏥᎸᏫᏍᏓᏁᎲ ᎪᎱᏍᏗ ᏂᏗᏣᏓᏕᎵᏎᎲᎾ ᎠᎴ ᏥᏣᏗᏒᎯᎲᎾ ᎨᏎᏍᏗ;
15. ᎾᏍᎩ ᏁᏥᎳᏫᏎᎲᎾ ᎠᎴ ᏂᏣᏠᎾᏍᏛᎾ ᎨᏎᏍᏗ, ᎤᏁᎳᏅᎯ ᏧᏪᏥ, ᎦᏰᏧᎢᏍᏙᏗ ᏂᎨᏒᎾ, ᎢᏣᏓᏑᏴ ᎤᎾᏓᏥᏃᏍᏆᏗᏰᏛ ᎠᎴ ᎤᎾᎪᎸᏛ ᏴᏫ ᎠᏁᎲᎢ, ᎾᏍᎩ ᎾᎿᎭᎠᏁᎲ ᏕᏥᎸᏌᏓᏗᎭ ᎡᎶᎯ ᎢᎦ ᏗᏣᏘᏍᏓᏁᎯ ᎾᏍᎩᏯᎢ;
16. ᎢᏥᎾᏄᎪᏫᏍᎨᏍᏗ ᎧᏃᎮᏛ ᎬᏂᏛ ᎠᏓᏁᎯ; ᎾᏍᎩ ᎢᏳᏩᏂᏐᏗᏱ ᎠᏆᎵᎮᎵᏍᏗᏱ ᎦᎶᏁᏛ ᎤᏤᎵ ᎢᎦ ᎨᏎᏍᏗ, ᎾᏍᎩ ᎠᏎᏉ ᏗᎩᏍᏆᎸᏔᏅᎯ ᏂᎨᏒᎾ ᎨᏒᎢ, ᎠᎴ ᎠᏎᏉ ᏗᎩᎸᏫᏍᏓᏁᎸᎯ ᏂᎨᏒᎾ ᎨᏒᎢ.
17. ᎥᎥ, ᎠᎴ ᎢᏳ ᏯᏆᏓᎵᏍᎪᎸᏔᏅ ᎾᎿᎭᎠᏥᎸ ᎢᏤᎶᎲᎢ ᎠᎴ ᏕᏥᎸᏫᏍᏓᏁᎲ ᎪᎯᏳᏗ ᎢᏨᏗᏍᎬᎢ, ᎦᎵᎡᎵᎦ, ᎠᎴ ᎢᏨᏯᎵᎪᏁᎭ ᎢᏣᎵᎮᎵᎬᎢ.
18. ᎾᏍᎩ ᎾᏍᏉ ᏫᏂᎦᎵᏍᏙᏓ ᏂᎯ ᎢᏣᎵᎮᎵᎩ, ᎠᎴ ᏍᎩᏯᎵᎪᎲᏏ ᎠᏴ ᎦᎵᎡᎵᎬᎢ.
19. ᎠᏎᏃ ᎤᏚᎩ ᎠᏋᎭ ᎤᎬᏫᏳᎯ ᏥᏌ ᎢᏳᏩᏂᏐᏗᏱ ᏗᎹᏗ ᏥᏅᏍᏗᏱ ᏗᏤᎲ ᏂᎪᎯᎸᎾ, ᎾᏍᎩ ᎠᏴ ᎾᏍᏉ ᎣᏍᏛ ᎠᎩᎦᎵᏍᏓᏗᏍᏗᏱ ᎦᏙᎴᎰᏒᎭ ᏂᏣᏛᎿᎭᏕᎬᎢ.
20. ᎥᏝᏰᏃ ᎩᎶ ᏲᎩᎾᎵᎪᎭ ᎤᏠᏱ ᎤᏓᏅᏔᏩᏕᎩ, ᎾᏍᎩ ᎠᏎ ᎬᏩᎦᏌᏯᏍᏙᏗ ᎨᏒ ᏂᏣᏛᎿᎭᏕᎬᎢ.
21. ᎾᏂᎥᏰᏃ ᎤᏅᏒᏉ ᎤᎾᏤᎵ ᎨᏒ ᎤᏂᏲᎰᎢ, ᎥᏝᏃ ᏥᏌ ᎦᎶᏁᏛ ᎤᏤᎵ ᎨᏒᎢ.
22. ᎠᏎᏃ ᎡᏥᎦᏔᎭ ᏄᏍᏛ ᎾᏍᎩ ᎠᏥᎪᎵᏰᎥᎢ, ᎾᏍᎩ ᎩᎶ ᎤᏪᏥ ᎤᏙᏓ ᏣᏍᏕᎵᏍᎪ ᎾᏍᎩᏯ ᎠᎩᏍᏕᎸᎯᏙᎸ ᎣᏍᏛ ᎧᏃᎮᏛ ᎤᎵᏱᎸᏍᏗᏱ ᏓᎩᎸᏫᏍᏓᏁᎲᎢ.
23. ᎾᏍᎩ ᎢᏳᏍᏗ ᎤᏚᎩ ᎠᏋᎭ ᎾᏍᎩ ᏥᏅᏍᏗᏱ ᎢᎬᏪᏅᏛ ᎦᏙᎴᎣᏒᏉ ᎢᏯᏉᎵᏍᏓᏁᏗ ᎨᏒᎢ.
24. ᎠᏎᏃ ᏥᏯᎵᏍᎦᏍᏙᏗᎭ ᎤᎬᏫᏳᎯ ᎤᎵᏍᎪᎸᏙᏗᏱ ᎠᏴ ᎾᏍᏉ ᎠᏋᏒ ᏂᎪᎯᎸᎾ ᏫᏨᎷᏤᏗᏱ.
25. ᎠᏗᎾ ᎠᏎ ᏱᏥᏅᏒ ᎠᏇᎵᏒ ᎢᏆ’ᎶᏓᏔ ᏫᏥᎷᏤᏗᏱ, ᎾᏍᎩ ᎠᎩᏅᏟ ᎠᎴ ᎣᎩᎾᏖᏆᎶᎯ ᏙᎩᏂᎸᏫᏍᏓᏁᎲᎢ, ᎠᎴ ᎣᎩᎾᎵᎪᎯ ᎣᏍᏗᏯᏫᏍᎩ, ᏂᎯᏍᎩᏂ ᎡᏥᏅᏏᏛ, ᎠᎴ ᎾᏍᎩ ᎠᎩᏍᏕᎸᏛ ᎠᎩᏩᏛᏗᏱ ᎠᎩᏂᎪᎯᏎᎲᎢ.
26. ᎤᏣᏘᏰᏃ ᎤᏚᎵᏍᎬᎩ ᎢᏥᎪᏩᏛᏗᏱ ᏂᏥᎥᎢ, ᎠᎴ ᎤᏣᏘ ᎦᎨᏛ ᎤᏓᏅᏔᏩᏕᎬᎩ, ᏅᏓᎦᎵᏍᏙᏗᏍᎬᎩ ᎢᏣᏛᎦᏅ ᎤᏢᏨᎢ.
27. ᎤᏙᎯᏳᎯᏰᏃ ᎤᏢᎬᎩ ᎠᎴ ᎠᎴᏉ ᏄᏲᎱᏒᎩ; ᎠᏎᏃ ᎤᏁᎳᏅᎯ ᎤᏪᏙᎵᏨᎩ; ᎥᏝ ᎠᎴ ᎾᏍᎩᏉ ᎤᏩᏒ, ᎠᏴᏍᎩᏂ ᎾᏍᏉ, ᎾᏍᎩ ᎤᎶᏏᎶᏛ ᎤᏲ ᎠᏆᏓᏅᏓᏗᏍᏗᏱ ᏂᎨᏒᎾ.
28. ᎾᏍᎩ ᎢᏳᏍᏗ ᎤᏟ ᏞᎩᏳ ᏥᏅᎵ, ᎾᏍᎩ ᎿᎭᏉ ᏔᎵᏁ ᎢᎡᏥᎪᎥᎭ, ᎨᏣᎵᎮᎵᏍᏗ ᏱᎩ, ᎠᎴ ᎠᏴ ᎡᏍᎦ ᎢᏴᏛ ᎤᏲ ᏯᏆᏓᏅᏔᏩᏕᎦ.
29. ᎾᏍᎩ ᎢᏳᏍᏗ ᏤᏣᏓᏂᎸᎩ ᎤᎬᏫᏳᎯ ᏗᎧᎿᎭᏩᏕᎩ ᎨᏒ ᎢᏳᏍᏗ ᎤᏣᏘ ᎣᏏᏳ ᎠᏰᎸᏗ ᎢᏨᏓ; ᎠᎴ ᎾᏍᎩ ᎢᏳᎾᏍᏗ ᏕᏥᎸᏉᏕᏍᏗ;
30. ᎦᎶᏁᏛᏰᏃ ᎤᏤᎵ ᏗᎦᎸᏫᏍᏓᏁᏗ ᎨᏒ ᏅᏓᎦᎵᏍᏙᏗᏍᎬᎩ ᎠᎴᏉ ᏄᏲᎱᏒᎩ, ᎾᏍᏆᏂᎪᏗᏍᎬᎾ ᎬᏅᎢ, ᎾᏍᎩ ᎤᏍᏆᏗᏍᏗᏱ ᎦᎷᎶᎬ ᎠᏆᎵᏍᏕᎸᏙᏗ ᎢᏥᏅᎢ.

== Philippians 3 ==
1. ᎤᎵᏍᏆᎸᏗᏃ ᎨᏒ ᎢᏓᎵᏅᏟ, ᎢᏣᎵᎮᎵᎩ ᎤᎬᏫᏳᎯ ᎨᏒ ᎢᏳᏍᏗ. ᎯᎠ ᎾᏍᎩ ᏫᏨᏲᏪᎳᏁᏗᏱ, ᎤᏙᎯᏳᎯ ᎥᏝ ᏧᏯᏪᎢᏍᏗ ᏯᎩᏰᎸᎭ ᎠᏴ, ᏂᎯᏍᎩᏂ ᎤᎾᏰᎯᏍᏗ ᎨᏒ ᎢᏧᏓᎴᏍᎩ.
2. ᏕᏤᏯᏙᏤᎮᏍᏗ ᎩᎵ, ᏕᏤᏯᏙᏤᎮᏍᏗ ᎤᏲ ᏧᏂᎸᏫᏍᏓᏁᎯ; ᏕᏤᏯᏙᏤᎮᏍᏗ ᏗᏂᎱᏍᏕᏍᎩ.
3. ᎠᏴᏰᏃ ᏤᎩᎤᏍᏕᏎᎸᎯ, ᎤᏁᎳᏅᎯ ᎠᏓᏅᏙ ᎬᏗ ᎡᏓᏓᏙᎵᏍᏓᏁᎯ ᏥᎩ, ᎠᎴ ᎢᏓᎵᎮᎵᎩ ᎦᎶᏁᏛ ᏥᏌ ᎡᏓᎵᏍᎦᏍᏙᏛ ᎢᏳᏍᏗ, ᎠᎴ ᎤᏇᏓᎵ ᎨᏒ ᏂᎦᎵᏍᎦᏍᏙᏛᎾ ᏥᎩ.
4. ᎾᏍᏉᏍᎩᏂᏃᏅ ᎠᏴ ᎠᎩᎭ ᎤᏇᏓᎵ ᎨᏒ ᎬᏆᎵᏍᎦᏍᏙᏙᏗ ᎨᏒᎢ. ᎢᏳᏃ ᎩᎶ ᏰᎵ ᏳᎭ ᏳᏰᎸ ᎤᏇᏓᎵ ᎨᏒ ᎬᏩᎵᏍᎦᏍᏙᏙᏗ ᎨᏒᎢ, ᎠᏴ ᎤᏟ ᎢᎦᎢ [ᎠᎩᎭ;]
5. ᏧᏁᎵᏁ ᎢᎦ ᎥᎩᎱᏍᏕᏎᎸᎩ, ᎢᏏᎵ ᎤᎾᏓᏤᎵᏛ ᎨᏒ ᏅᏛᏆᏓᎴᏅᎯ, ᏇᏂ ᎠᏂᎳᏍᏓᎸ ᎨᎳ, ᏥᏈᎷ ᎠᏂᏈᎷ ᏅᏛᏆᏓᎴᏅᎯ; ᏗᎧᎿᎭᏩᏛᏍᏗᏃ ᏕᏥᎧᎿᎭᏩᏗᏒ ᏥᏆᎵᏏ;
6. ᎤᎵᏂᎩᏛᏃ ᎠᏓᏅᏓᏗᏍᏗ ᎨᏒ ᎤᎬᏩᎵ, ᏕᏥᎩᎵᏲᎢᏍᏗᏍᎬᎩ ᏧᎾᏁᎶᏗ ᏚᎾᏓᏡᎬᎢ; ᏚᏳᎪᏛ ᎢᏯᏛᏁᏗ ᎨᏒ ᎤᎬᏩᎵ ᏗᎧᎿᎭᏩᏛᏍᏗ ᏕᏥᎧᎿᎭᏩᏗᏒᎢ, ᎦᏴᎩᎳᏫᏎᏗ ᏂᎨᏒᎾ ᎨᏒᎩ.
7. ᎠᏎᏃ ᏂᎦᎥ ᎾᏍᎩ ᎬᏆᎵᏍᏕᎸᏙᏗ ᎠᎩᏰᎸᏅᎢ, ᎾᏍᎩ ᎡᏍᎦᏉ ᎢᏯᏋᏁᎯ ᎠᎩᏰᎸᎭ ᎦᎶᏁᏛ ᏅᏓᎦᎵᏍᏙᏓ.
8. ᎥᎥ, ᎤᏙᎯᏳᎯ, ᎠᎴ ᏂᎦᎥᏉ ᎪᎱᏍᏗ ᎡᏍᎦ ᎢᏯᏋᏁᎯ ᎠᎩᏰᎸᎭ ᏅᏗᎦᎵᏍᏙᏗᎭ ᎤᏓᎪᎾᏛᏔᏅᎯ ᎨᏒ ᏥᎦᏙᎥᎯᏍᏗ ᎨᏒ ᎦᎶᏁᏛ ᏥᏌ ᎠᏆᏤᎵ ᎤᎬᏫᏳᎯ; ᎾᏍᎩ ᏥᏅᏗᎦᎵᏍᏙᏗᎭ ᏂᎦᏗᏳ ᏧᏓᎴᏅᏛ ᎠᎩᏲᎱᏎᎸᎯ ᏥᎩ, ᎠᎴ ᎤᏁᎢᎸᏗᏉ ᎠᎩᏰᎸᎭ ᎾᏍᎩ, ᎦᎶᏁᏛ ᎾᏍᎩ ᎠᏆᏤᎵ ᎢᏣᏴᏁᏗᏱ,
9. ᎠᎴ ᎾᏍᎩ ᏕᏥᏯᏁᎶᏛ ᎥᎩᏩᏛᏗᏱ, ᎠᏆᏚᏓᎴᏍᏙᏗ ᎠᏋᏒ ᎠᏆᏤᎵ ᎾᎩᎲᎾ ᎨᏒᎢ, ᎾᏍᎩ ᏗᎧᎿᎭᏩᏛᏍᏗ ᎬᏩᏓᏁᏗ ᏥᎩ, Ꮎ-ᏍᎩᏂ ᎦᎶᏁᏛ ᎪᎯᏳᏗ ᎨᏒ ᏨᏗᏓᎴᎲᏍᎦ, ᎾᏍᎩ ᎠᏚᏓᎴᏍᏙᏗ ᎨᏒ ᎤᏁᎳᏅᎯ ᏅᏓᏳᏓᎴᏅᎯ ᏥᎩ, ᎾᏍᎩ ᎪᎯᏳᏗ ᎨᏒ ᎬᏙᏗ ᏥᎩ.
10. ᎾᏍᎩ ᏥᎦᏙᎥᎯᏍᏗᏱ, ᎠᎴ ᎤᎵᏂᎩᏗᏳ ᎨᏒ ᎾᏍᎩ ᎤᏲᎱᏒ ᏚᎴᎯᏌᏅᎢ, ᎠᎴ ᎠᏇᎳᏗᏍᏗᏍᎬ ᎾᏍᎩ ᎤᎩᎵᏲᏥᏙᎸᎢ, ᎠᎴ ᎤᏲᎱᏒ ᎾᏍᎩᏯ ᎠᎩᏲᎱᎯᏍᏗᏱ;
11. ᎾᏍᎩ ᎪᎱᏍᏗ ᏅᏓᏳᎵᏱᎸᏍᏙᏗᏱ ᎠᏲᎱᏒ ᏗᎴᎯᏐᏗ ᎨᏒ ᏩᏆᎵᏰᎢᎶᎯᏍᏗᏱ.
12. ᎥᏝᏍᎩᏂᏃᏅ ᎦᏳᎳ ᏥᏓᎩᏂᏴᏐ ᎾᏍᎩᏯ ᏯᎩᏰᎸᎭ, ᎥᏝ ᎠᎴ ᎠᎩᏍᏆᏛᎯ ᎦᏳᎳ ᏯᎩᏰᎸᎭ; ᏥᏍᏓᏩᏕᎦᏍᎩᏂ, ᎢᏳ ᏰᎵ ᏱᎩ, ᎾᏍᎩ ᏗᎩᏂᏴᏗᏱ ᎾᏍᎩ ᎾᏍᏉ ᎤᎬᏩᎵ ᎦᎶᏁᏛ ᏥᏌ ᏥᏓᎩᏂᏴᎲᎩ.
13. ᎢᏓᎵᏅᏟ, ᎥᏝ ᎦᏳᎳ ᎠᎩᏂᏴᏛ ᏍᎩᏰᎸᎭ; ᏑᏓᎴᎩᏍᎩᏂ [ᏂᎦᏛᏁᎰᎢ;] ᎠᏋᎨᏫᏍᎪᎢ ᏧᏓᎴᏅᏛ ᎣᏂᏗᏢ ᏄᏍᏗᏕᎬᎢ, ᎢᎬᏱᏗᏢᏃ ᏧᏓᎴᏅᏛ ᏄᏍᏗᏕᎬ ᏫᏗᏥᏂᏱᏍᎪᎢ,
14. ᏗᎨᏛ ᎢᏗᏢ ᏕᎦᎵᏍᏆᎵᎭ ᎠᏌᏍᏛ ᏗᎩᏂᏴᏗᏱ ᎾᏍᎩ ᎤᏁᎳᏅᎯ ᎦᎸᎳᏗ ᏅᏓᏳᏓᎴᏅᎯ ᎠᏓᏯᏅᏙᏗ ᎨᏒ ᎦᎶᏁᏛ ᏥᏌ ᎠᎬᏗᏍᎬᎢ.
15. ᎾᏍᎩ ᎢᏳᏍᏗ, ᎠᏴ ᏂᏗᎥ ᎢᎩᏍᏆᏛᎯ ᎨᏒᎢ, ᎾᏍᎩ ᏄᏍᏕᏍᏗ ᎢᎦᏓᏅᏖᏍᏗ; ᎠᎴ ᎢᏳ ᎪᎱᏍᏗ ᎨᏒ ᏅᏩᏓᎴ ᏄᏍᏕᏍᏗ ᏙᏣᏓᏅᏖᏍᏗ, ᎤᏁᎳᏅᎯ ᎾᏍᎩ ᎯᎠ ᎾᏍᏉ ᎬᏂᎨᏒ ᏅᏓᏨᏁᎵ.
16. ᎠᏗᎾ ᎾᎿᎭᎦᏳᎳ ᏫᎦᎵᏱᎶᎸᎢ, ᎤᏠᏱᏉ ᏗᎧᎿᎭᏩᏛᏍᏗ ᏕᎦᏁᎶᏗᏗᏎᏍᏗ, ᎤᏠᏱᏉ ᎢᏓᏓᏅᏖᏍᎨᏍᏗ.
17. ᎢᏓᎵᏅᏟ, ᎢᏣᏖᏆᎶᎯ ᏍᎩᏍᏓᏩᏕᎩ ᎨᏎᏍᏗ, ᎠᎴ ᏕᏣᎦᏌᏯᏍᏕᏍᏗ ᎾᏍᎩ ᎢᏯᎾᏛᏁᎯ ᎠᏁᏙᎲᎢ, ᎾᏍᎩ ᎠᏴ ᏍᎩᏯᏕᎶᏆᎡᎯ ᏥᏕᏍᎩᏯᎧᎭ.
18. ᎤᏂᏣᏔᏰᏃ ᎠᏁᏙᎭ, ᎾᏍᎩ ᎤᏩᎫᏘᎶᏛ ᎦᏥᏁᎢᏍᏔᏅᎯ ᎢᏨᏃᏁᎸᎯ, ᎠᎴ ᎪᎯ ᎨᏒ ᎾᏍᏉ ᏗᎦᎦᏠᏱᎯ ᎢᏨᏃᏁᎭ, ᎾᏍᎩ ᎠᏂᏍᎦᎩ ᎨᏒ ᏧᏓᎿᎭᏩᏛ ᎦᎶᏁᏛ ᎤᏤᎵᎦ;
19. ᎾᏍᎩ ᎤᏂᏍᏆᏗᏍᏙᏗ ᎨᏒ ᎠᏓᏛᏗᏍᎩ ᏥᎩ, ᎤᎾᏁᎳᏅᎯ ᎤᏂᏍᏉᎵᏱᏉ ᏥᎩ, ᎠᎴ ᎤᎾᏕᎰᎯᏍᏗᏍᎩᏉ ᎠᎾᏢᏈᏍᏗᏍᎩ ᏥᎩ, ᎾᏍᎩ ᎡᎶᎯᏉ ᎡᎯ ᎤᎾᎦᏌᏯᏍᏗ ᏥᎩ.
20. ᎠᏴᏰᏃ ᎦᎸᎳᏗ ᎢᏕᎯ; ᎾᎿᎭᎾᏍᏉ ᏅᏓᏳᎶᎯᏍᏗᏱ ᏥᏗᎦᏖᏃᎭ ᎢᎩᏍᏕᎵᏍᎩ, ᎾᏍᎩ ᎤᎬᏫᏳᎯ ᏥᏌ ᎦᎶᏁᏛ;
21. ᎾᏍᎩ ᏗᎩᏁᏟᏴᎡᏗ ᏥᎩ ᏂᏗᎦᎸᏉᏛᎾ ᏗᏗᏰᎸᎢ, ᎾᏍᎩᏯ ᎢᏧᏩᏁᏗᏱ ᎤᏩᏒ ᎦᎸᏉᏗᏳ ᎠᏰᎸ ᏄᏍᏛᎢ, ᎾᏍᎩᏯ ᎤᎵᏂᎬᎬ ᎬᏗᏍᎬ ᏂᎦᏗᏳ ᏧᏓᎴᏅᏛ ᎤᏩᏒ ᏗᎬᏩᏁᎶᏙᏗᏱ ᎢᏳᏩᏁᏗᏱ.

== Philippians 4 ==
1. ᎾᏍᎩ ᎢᏳᏍᏗ ᎢᏓᎵᏅᏟ ᎢᏨᎨᏳᎢ ᎠᎴ ᎤᏣᏘ ᎢᏨᏯᏅᏘ, ᏍᎩᏯᎵᎡᎵᏍᏗᏍᎩ ᎠᎴ ᎠᏆᎵᏍᏚᎶᏙᏗ, ᏅᏩᏍᏕᏍᏗ ᎤᎵᏂᎩᏛ ᏕᏥᏙᎨᏍᏗ ᎤᎬᏫᏳᎯ ᎡᏣᎵᏍᎦᏍᏙᏛᎢ, ᎢᏨᎨᏳᎢ.
2. ᏥᏍᏗᏰᏗᎭ ᏳᎣᏗᏯ, ᎠᎴ ᏥᏍᏗᏰᏗᎭ ᏏᏂᏗᎩ ᎾᏍᎩ ᎤᏠᏱᏉ ᎢᏧᏅᏁᏗᏱ ᏚᎾᏓᏅᏛ ᎤᎬᏫᏳᎯ ᏓᏂᎧᎿᎭᏩᏗᏒᎢ.
3. ᎠᎴ ᎬᏍᏗᏰᏗᎭ ᎾᏍᏉ ᏂᎯ ᏂᏣᏠᎾᏍᏛᎾ ᎬᎩᎾᏖᏆᎶᎯ, ᎬᎩᏍᏕᎸᏗᏱ Ꮎ ᎠᏂᎨᏴ ᎬᎩᏍᏕᎸᎯᏙᎸᎯ ᏓᎩᎸᏫᏍᏓᏁᎸ ᎦᎵᏥᏙᏂᏙᎲ ᎣᏍᏛ ᎧᏃᎮᏛ, ᎯᏯᏠᏯᏍᏔᏅᎭ ᎾᏍᏉ ᏞᎻᎾ ᎠᎴ ᎠᏂᏐᎢ ᎤᏠᏱ ᏦᎩᎸᏫᏍᏓᏁᎯ, ᎾᏍᎩ ᏚᎾᏙᎥ ᏥᏕᎪᏪᎳ ᎬᏂᏛ ᎠᏓᏁᎯ ᎪᏪᎵᎯ.
4. ᎢᏣᎵᎮᎵᎨᏍᏗ ᏂᎪᎯᎸ ᎤᎬᏫᏳᎯ ᏅᏗᎦᎵᏍᏙᏗᏍᎨᏍᏗ; ᎢᏣᎵᎮᎵᎨᏍᏗ, ᎦᏗᎭ ᏔᎵᏁ.
5. ᎢᏣᏓᏅᏘᏳ ᎨᏒ ᎾᏅᎢ ᏴᏫ ᎠᏂᎦᏔᎮᏍᏗ; ᎤᎬᏫᏳᎯ ᎾᎥᏂᏳ ᏓᏯᎢ.
6. ᏞᏍᏗ ᎪᎱᏍᏗ ᏱᏤᎵᎯᏍᎨᏍᏗ; ᏄᏓᎴᏒᏍᎩᏂ ᎪᎱᏍᏗ ᎠᏓᏙᎵᏍᏙᏗ ᎠᎴ ᎠᏔᏲᏍᏗ ᎨᏒ ᎬᏗ ᎠᎵᎮᎵᏍᏗ ᎬᏩᎵᏠᏯᏍᏗ, ᎬᏂᎨᏒ ᏁᏨᏁᎮᏍᏗ ᎤᏁᎳᏅᎯ ᏄᏍᏛ ᎢᏣᏚᎵᏍᎬᎢ;
7. ᏅᏩᏙᎯᏯᏛᏃ ᎤᏁᎳᏅᎯ ᎤᏓᏁᏗ ᎨᏒ, ᎾᏍᎩ ᏥᎦᎶᏒᏍᏗᎭ ᏂᎦᎥ ᎬᏓᏅᏖᏗ ᎨᏒᎢ, ᏧᏍᏆᏂᎪᏙᏗ ᎨᏎᏍᏗ ᏗᏥᎾᏫ ᎠᎴ ᏗᏣᏓᏅᏙ, ᎦᎶᏁᏛ ᏥᏌ ᏂᎬᏂᏏᏍᎨᏍᏗ.
8. ᎤᎵᏍᏆᎸᏗᏃ ᎨᏒᎢ ᎢᏓᎵᏅᏟ, ᏂᎦᎥ ᎦᏰᎪᎩ ᏂᎨᏒᎾ ᎨᏒᎢ, ᏂᎦᎥ ᎦᎸᏉᏙᏗ ᎨᏒᎢ, ᏂᎦᎥ ᏚᏳᎪᏛ ᎨᏒᎢ, ᏂᎦᎥ ᎦᏓᎭ ᏂᎨᏒᎾ ᎨᏒᎢ, ᏂᎦᎥ ᎣᏏᏳ ᎬᏰᎸᏗ ᎨᏒᎢ, ᏂᎦᎥ ᎣᏏᏳ ᎠᏂᏃᎮᏍᎨᏍᏗ; ᎢᏳᏃ ᎣᏏᏳ ᎢᏯᏛᏁᏗ ᏰᎭ, ᎢᏳᏃ ᎪᎱᏍᏗ ᎦᎸᏉᏙᏗ ᎨᏎᏍᏗ, ᎾᏍᎩ ᏕᏣᏓᏅᏖᏍᎨᏍᏗ.
9. ᎾᏍᎩ ᎫᏓᎴᏅᏛ ᏍᎩᏯᏕᎶᏆᎡᎸᎯ ᎨᏒᎢ, ᎠᎴ ᏗᏍᎩᏯᏓᏂᎸᏤᎸᎯ ᎨᏒᎢ, ᎠᎴ ᏍᎩᏯᏛᎦᏁᎸᎯ ᎨᏒᎢ, ᎠᎴ ᏍᎩᎪᎡᎸᎯ ᎨᏒᎢ, ᏂᏣᏛᏁᎮᏍᏗ; ᎤᏁᎳᏅᎯᏃ ᏅᏩᏙᎯᏯᏛ ᎠᏓᏁᎯ ᏗᏥᎧᎿᎭᏩᏗᏓᏍᏗ ᎨᏎᏍᏗ.
10. ᎠᏎᏃ ᎤᎬᏫᏳᎯ ᎤᏣᏘ ᏥᏯᎵᎡᎵᏨᎩ, ᎾᏍᎩ ᎿᎭᏉ ᎤᏬᎯᏨᎯ ᏍᎩᏯᏅᏛ ᏔᎵᏁ ᎠᏤᎯᏲᎩ, ᎾᏍᎩ ᎾᎿᎭᎤᎬᏩᎵ ᎾᏍᏉ ᏍᎩᏯᏅᏛᎩ, ᎠᏎᏃ ᎥᏝ ᏱᏣᏜᏓᏅᏓᏕᎮᎢ.
11. ᎥᏝ ᎠᏗᎾ ᎠᎩᏂᎬᏎᎲ ᏥᏁᎢᏍᏗᏍᎬ ᏱᎩ, ᎠᏆᏕᎶᏆᎥᏰᏃ ᏂᎦᎥ ᎾᏆᎵᏍᏓᏁᎵᏕᎬ ᎣᏏᏳᏉ ᎠᎩᏰᎸᏗᏱ.
12. ᏥᎦᏔᎭ ᎢᏯᏆᏛᏁᏗᏱ ᎡᎳᏗ ᏱᎾᏆᏛᎿᎭᏕᎦ, ᎠᎴ ᏥᎦᏔᎭ ᎢᏯᏆᏛᏁᏗᏱ ᎤᏣᏘ ᏯᎩᎭ; ᏂᎦᎥ ᏕᎨᏌᏗᏒᎢ, ᎠᎴ ᏂᎦᎥ ᎾᏆᎵᏍᏓᏁᎵᏕᎬᎢ, ᎥᏇᏲᏅ ᎢᏯᏆᏛᏁᏗᏱ ᎾᏍᏉ ᏯᏉᎳᏅ ᎠᎴ ᎾᏍᏉ ᏯᎩᏲᏏᎭ, ᎾᏍᏉ ᎤᏣᏘ ᏯᎩᎭ ᎠᎴ ᎾᏍᏉ ᏯᎩᏂᎬᏎᎭ
13. ᏂᎦᎥᏉ ᎢᎬᏆᏛᏁᏗ ᎦᎶᏁᏛ ᎢᏳᏩᏂᏌᏛ ᎾᏍᎩ ᏣᏆᎵᏂᎪᎯᏍᏗᎭ.
14. ᎠᏎᏍᎩᏂᏃᏅ ᎣᏏᏳ ᏂᏣᏛᏁᎸ ᏥᏍᎩᏁᎸ ᎠᏆᎵᏍᏕᎸᏙᏗ ᏥᎩᎵᏲᎬ ᎢᏳᎢ.
15. ᎾᏍᎩᏃ ᏂᎯ ᏈᎵᎩᏱ ᎢᏤᎯ, ᎢᏥᎦᏔᎮᏍᏗ ᎾᏍᏉ, ᎾᏍᎩ ᎣᏍᏛ ᎧᏃᎮᏛ ᎢᎬᏱᏱ ᎢᏨᏯᎵᏥᏙᏁᎸ ᎾᎯᏳ ᎹᏏᏙᏂ ᎠᏆᏂᎩᏒ, ᎥᏝ ᎢᎸᎯᏢ ᎤᎾᏓᏡᎬ ᏧᎾᏁᎶᏗ ᎪᎱᏍᏗ ᏱᎬᏆᏛᏁᎴ ᎾᏍᎩ ᎠᏓᏁᏗ ᎠᎴ ᎥᏓᏘᏁᏗ ᎨᏒ ᎤᎬᏩᎵ, ᏂᎯ ᎢᏨᏒ.
16. ᏕᏏᎶᏂᎦᏰᏃ ᏫᎨᏙᎲ ᏌᏉ ᏂᏣᏓᏅᏒᎩ ᎠᎩᏂᎬᏎᎲ ᎠᏆᎵᏍᏕᎸᏙᏗ, ᎠᎴ ᎾᏍᏉ ᏔᎵᏁᎢ.
17. ᎥᏝ ᎠᏗᎾ ᎠᏆᏚᎵᏍᎬ ᎠᏓᏁᏗ ᎨᏒ ᏱᏅᏗᎦᎵᏍᏙᏗᎭ; ᎤᏓᏔᏅᎯᏍᎩᏂ ᎠᏆᏚᎵᎭ ᎤᏣᏘ ᎢᏣᎵᏍᏕᎸᏙᏗ ᎢᏳᎵᏍᏙᏗᏱ.
18. ᎠᏎᏃ ᏂᎦᎥᏉ ᎠᎩᎭ ᎠᎴ ᎤᏣᏔᏅᎯ; ᎠᎩᎧᎵᏬᎯ, ᏗᏆᏓᏂᎸᏨᎯ ᎨᏒ ᎢᏆ’ᎶᏓᏓ ᎤᏲᎸᎯ ᎾᏍᎩ ᏅᏓᏣᏓᏅᏒᎯ, ᎤᏣᏘ ᎤᎦᎾᏍᏛ ᎦᏩᏒᎩ, ᎠᏥᎸ ᎨᎳᏍᏗ ᏗᎬᏓᏂᎸᎢᏍᏗ, ᎣᏏᏳ ᎤᏰᎸᏗ ᎤᏁᎳᏅᎯ.
19. ᎠᏎᏃ ᎠᏆᏁᎳᏅᎯ ᎢᏥᏁᏗ ᎨᏎᏍᏗ ᏂᎦᎥ ᎢᏥᏂᎬᏎᎲᎢ, ᎾᏍᎩᏯ ᎤᏪᎿᎭᎢᏳ ᎠᎴ ᎦᎸᏉᏗᏳ ᎨᏒᎢ, ᎦᎶᏁᏛ ᏥᏌ ᎢᏳᏩᏂᏌᏛ.
20. ᎿᎭᏉᏃ ᎤᏁᎳᏅᎯ ᎠᎴ ᎢᎩᏙᏓ ᎦᎸᏉᏙᏗ ᎨᏎᏍᏗ ᏂᎪᎯᎸ ᎠᎴ ᏂᎪᎯᎸᎢ. ᎡᎺᏅ.
21. ᏕᏥᏲᎵᎭ ᎾᏂᎥ ᎤᎾᏓᏅᏘ ᎦᎶᏁᏛ ᏥᏌ ᎠᏃᎯᏳᎲᏍᎩ. ᎣᏣᎵᏅᏟ ᎠᏂ ᏦᏤᏙᎭ ᏫᎨᏥᏲᎵᎭ.
22. ᎾᏂᎥ ᎤᎾᏓᏅᏘ ᏫᎨᏥᏲᎵᎭ, Ꮀ ᎤᎬᏫᏳᎭ ᎾᏍᎩ Ꮎ ᏏᏌ ᏚᏓᏘᎾᎥᎢ.
23. ᎬᏩᎦᏘᏯ ᎤᏓᏙᎵᏍᏗ ᎨᏒ ᎤᎬᏫᏳᎯ ᎢᎦᏤᎵ ᏥᏌ ᎦᎶᏁᏛ ᎤᏤᎵᎦ ᎢᏤᎳᏗᏙᎮᏍᏗ ᏂᏥᎥᎢ. ᎡᎺᏅ.

== Colossians 1 ==
1. ᏉᎳ, ᏥᏌ ᎦᎶᏁᏛ ᎠᎩᏅᏏᏛ ᎾᏍᎩᏯ ᎣᏏᏳ ᎤᏰᎸᏅ ᎤᏁᎳᏅᎯ, ᎠᎴ ᏗᎹᏗ ᎢᎩᏅᏟ,
2. ᏫᏨᏲᏪᎳᏏ ᎢᏣᏓᏅᏘ ᎪᎶᏏ ᎢᏤᎯ ᎠᎴ ᎢᏣᎵᏅᏟ ᎦᎶᏁᏛ ᎡᏦᎯᏳᎲᏍᎩ; ᎬᏩᎦᏘᏯ ᎤᏓᏙᎵᏍᏗ ᎨᏒ, ᎠᎴ ᏅᏩᏙᎯᏯᏛ ᎢᏤᎳᏗᏙᎮᏍᏗ ᏅᏓᏳᎾᎵᏍᎪᎸᏔᏅᎯ ᎤᏁᎳᏅᎯ ᎢᎩᏙᏓ, ᎠᎴ ᎤᎬᏫᏳᎯ ᏥᏌ ᎦᎶᏁᏛ.
3. ᎣᏣᎵᎡᎵᏤᎭ ᎤᏁᎳᏅᎯ ᎠᎴ ᎤᎬᏫᏳᎯ ᎢᎦᏤᎵ ᏥᏌ ᎦᎶᏁᏛ ᎤᏙᏓ, ᎣᏣᏓᏙᎵᏍᏗᏍᎪ ᏂᎪᎯᎸ ᎢᏨᏯᏅᏓᏗᏍᎪᎢ,
4. ᎣᎦᏛᎦᏅᎯ ᎨᏒ ᎦᎶᏁᏛ ᏥᏌ ᎡᏦᎢᏳᏒᎢ, ᎠᎴ ᏕᏥᎨᏳᏒ ᎾᏂᎥ ᎤᎾᏓᏅᏘ;
5. ᏅᏗᎦᎵᏍᏙᏗᎭ ᎤᏚᎩ ᎢᏨᏒ ᎾᏍᎩ ᎦᎸᎳᏗ ᏤᏣᏛᏅᎢᏍᏓᏁᎸᎢ, ᎾᏍᎩ ᎦᏳᎳ ᎢᏣᏛᎦᏅᎯ ᏥᎩ ᎾᎿᎭᎦᏰᎪᎩ ᏂᎨᏒᎾ ᎣᏍᏛ ᎧᏃᎮᏛᏱ,
6. ᎾᏍᎩ ᎢᏥᎷᏤᎸᎯ ᏥᎩ, ᎾᏍᎩᏯ ᏂᎬᎾᏛ ᎡᎶᎯ ᏧᏂᎷᏤᎸ; ᎠᎴ ᏥᎦᎾᏄᎪᏫᏍᎦ ᎤᏓᏔᏅᎯ ᎾᏍᎩᏯ ᏥᏂᎦᎵᏍᏗ ᏂᎯ ᎢᏤᎲᎢ, ᏅᏓᎬᏩᏓᎴᏅᏛ ᎢᏣᏛᎦᏅ ᎾᏍᎩ, ᎠᎴ ᎤᏙᎯᏳᎯ ᎢᏥᎦᏙᎥᏒ ᎬᏩᎦᏘᏯ ᎤᏓᏙᎵᏍᏗ ᎨᏒ ᎤᏁᎳᏅᎯ;
7. ᎾᏍᎩᏯ ᎾᏍᏉ ᏤᏣᏛᎦᏁᎸ ᎡᎦᏆ ᎣᏥᎨᏳᎢ ᎢᏧᎳᎭ ᎣᎩᏅᏏᏓᏍᏗ, ᏂᎯᏃ ᏥᏅᏗᎦᎵᏍᏙᏗ ᎣᏍᏛ ᎢᏯᏛᏁᎯ ᎦᎶᏁᏛ ᎤᏅᏏᏓᏍᏗ.
8. ᎾᏍᎩ ᎾᏍᏉ ᎬᏂᎨᏒ ᎢᏲᎲᏁᎸᎯ ᏕᏣᏓᎨᏒ ᎠᏓᏅᏙ ᎢᏳᏩᏂᏌᏛ.
9. ᎾᏍᎩ ᎢᏳᏍᏗ ᎠᏴ ᎾᏍᏉ, ᎣᎦᏛᎦᏅ ᏅᏓᎬᏩᏓᎴᏅᏛ, ᎥᏝ ᏲᏥᏲᎯᏍᏗᏍᎪ ᎣᏣᏓᏙᎵᏍᏗᏍᎬ ᎠᎴ ᎣᏥᏔᏲᎯᎲ ᎾᏍᎩ ᎠᏓᏅᏖᏍᎬ ᎠᎦᏙᎥᎯᏍᏗ ᎨᏒ ᎢᏥᎧᎵᎢᏍᏗᏱ, ᎾᏍᎩ ᏂᎦᎥ ᎠᎦᏙᎥᎯᏍᏗ ᎨᏒ ᎠᎴ ᎠᏓᏅᏙ ᎤᎬᏩᎵ ᎪᎵᏥᏓᏍᏗ ᎨᏒᎢ;
10. ᎾᏍᎩ ᎢᏣᎴᏂᏓᏍᏗᏱ ᎾᏍᎩᏯ ᎤᎬᏫᏳᎯ ᏗᏂᎧᎿᎭᏩᏕᎩ ᎢᏳᎾᏛᏁᏗ ᎨᏒᎢ, ᏂᎦᎥ ᎣᏏᏳ ᎤᏰᎸᏗ ᎨᏒᎢ, ᎾᏍᎩ ᎣᏍᏛ ᏗᎦᎸᏫᏍᏓᏁᏗ ᎨᏒᎢ, ᎤᏣᏘ ᎢᏥᎾᏄᎪᏫᏍᎬᎢ, ᎠᎴ ᎧᏁᏉᎬ ᎡᏥᎦᏙᎥᏍᎬ ᎤᏁᎳᏅᎯ;
11. ᏕᏣᎵᏂᎪᏍᎬᎢ ᎬᏔᏅᎯ ᎤᏣᏘ ᎤᎵᏂᎩᏛ ᎨᏒᎢ, ᎾᏍᎩᏯ ᏄᎵᏂᎬᎬ ᎦᎸᏉᏗᏳ ᎤᏤᎵᎦ, ᎾᏍᎩ ᏂᎦᎥᏉ ᎤᎬᏩᎵ ᏗᏨᏂᏗᏳ ᎢᏣᎵᏍᏙᏗᏱ, ᎠᎴ ᎪᎯᏗᏳ ᎤᏁᎳᎩ ᎢᏤᎵᏍᎬ ᎢᏥᎩᎵᏲᎬᎢ, ᎤᎵᏠᏯᏍᏙᏗᏱ ᎠᎵᎮᎵᏍᏗ ᎨᏒᎢ;
12. ᎡᏣᎵᎡᎵᏤᎲ ᎠᎦᏴᎵᎨᎢ ᎾᏍᎩ ᏰᎵᏉ ᎢᎦᏠᏯᏍᏙᏗ ᎢᎬᏩᎵᏍᏙᏗ ᎢᎬᏁᎸᎯ ᏥᎩ ᎤᎾᏤᎵ ᎢᏳᎵᏍᏙᏗ ᎨᏒ ᎤᎾᏓᏅᏘ ᎢᎦ-ᎦᏛ ᎠᏁᎯ;
13. ᎾᏍᎩ ᎢᎫᏓᎴᏛ ᏥᎩ ᎤᎵᏂᎩᏗᏳ ᎨᏒ ᎤᎵᏏᎩ, ᎠᎴ ᎾᏍᎩ ᏫᏗᎩᎧᏅᎯ ᏥᎩ ᎾᎿᎭᎤᎬᏫᏳᎯ ᎨᏒ ᎤᎨᏳᎯ ᎤᏪᏥ;
14. ᎾᏍᎩ ᎢᏳᏩᏂᏌᏛ ᎡᎦᎫᏴᏛ ᏥᎩ ᎤᎩᎬ ᎬᏔᏅᎯ, ᎾᏍᎩ ᎢᎩᏍᎦᏅᏨ ᎡᎩᏙᎵᏨᎢ;
15. ᎾᏍᎩ ᏣᎦᏟᎶᏍᏔᏅᎯ ᏥᎩ ᏄᏍᏛ ᎬᎪᏩᏛᏗ ᏂᎨᏒᎾ ᎤᏁᎳᏅᎯ, ᎾᏍᎩ ᎢᎬᏱ ᎤᏕᏅᎯ ᏥᎩ ᏂᎦᏗᏳ ᎨᎦᏁᎳᏅᎯ ᎠᏁᎲᎢ.
16. ᎾᏍᎩᏰᏃ ᏂᎦᎥ ᎪᎱᏍᏗ ᏧᏬᏢᏅᎯ, ᎾᏍᎩ ᎦᎸᎳᏗ ᏤᎭ, ᎠᎴ ᎡᎶᎯ ᏤᎭ, ᎬᎪᏩᏛᏗ ᎠᎴ ᎬᎪᏩᏛᏗ ᏂᎨᏒᎾ ᏥᎩ, ᎢᏳ ᎤᏂᎬᏫᏳᎯ ᏧᏂᏗᏱ ᏱᎩ, ᎠᎴ ᎤᏂᎬᏫᏳᏌᏕᎩ ᏱᎩ, ᎠᎴ ᎨᏥᎸᏉᏗ ᏱᎩ, ᎠᎴ ᏧᎾᎵᏂᎩᏛ ᏱᎩ; ᏂᎦᏗᏳ ᏄᏓᎴᏒ ᎾᏍᎩ ᏚᏬᏢᏁᎢ, ᎠᎴ ᎤᏩᏒ ᏚᏓᏙᏢᎾᏁᎴᎢ;
17. ᎠᎴ ᎾᏍᎩ ᎢᎬᏱ ᏁᎰᎢ ᎣᏂ ᏂᎦᎥ ᏧᏓᎴᏅᏛ, ᎠᎴ ᎾᏍᎩ ᏂᎬᏂᏏᎭ ᏂᎦᎥ ᎪᎱᏍᏗ ᏤᎭ;
18. ᎠᎴ ᎾᏍᎩ ᎤᏍᎪᎵ Ꭰ ᎠᏰᎸ ᎨᏒᎢ, ᎾᏍᎩ ᏧᎾᏁᎶᏗ ᎤᎾᏓᏡᎬᎢ; ᎾᏍᎩ ᏗᏓᎴᏅᏗᏍᎩ, ᏧᏓᎴᏅᏔᏅᎯ ᎤᏲᎱᏒ ᏧᎴᎯᏌᏅᎯ, ᎾᏍᎩ ᏂᎦᏗᏳ ᏄᎾᏓᎴᏒ ᎢᎬᏱ ᎢᏳᎵᏍᏙᏗᏱ.
19. ᎣᏏᏳᏰᏃ ᎠᏰᎸᏅᎯ ᎨᏎ ᎾᏍᎩ ᎤᏪᎯ ᎢᏳᎵᏍᏙᏗᏱ ᏂᎦᎥ ᎠᎧᎵᎢᎯ ᎨᏒᎢ;
20. ᎠᎴ ᎾᏍᎩ ᎠᎬᏗᏍᎬ ᎤᏩᏒ ᏙᎯᏱ ᎢᏳᏅᏁᏗᏱ ᏂᎦᏗᏳ ᏧᏓᎴᏅᏛ, ᎤᎩᎬ ᏓᏓᎿᎭᏩᏍᏛ ᎤᏨᏅᎯ ᎤᏬᎯᏳᏍᏔᏅ; ᎾᏍᎩ ᎠᎬᏗᏍᎬᎢ, ᎢᏳᏃ ᎡᎶᎯ ᎠᏁᎯ ᏱᎩ, ᎠᎴ ᎦᎸᎳᏗ ᎠᏁᎯ ᏱᎩ.
21. ᏂᎯᏃ ᎢᎸᎯᏳ ᏁᏣᏓᎴᏉ ᏥᎨᏎᎢ, ᎠᎴ ᎡᏥᏍᎦᎩ ᏥᎨᏎ ᏙᏗᏣᏓᏅᏛᎢ ᎾᏍᎩ ᎤᏲ ᏕᏥᎸᏫᏍᏓᏁᎲᎢ ᎠᏎᏃ ᎪᎯ ᎿᎭᏉ ᎢᏦᎯᏍᏓᏁᎸ,
22. ᎤᏮᏔᏅ ᎠᏰᎸ ᎤᏇᏓᎵ ᎨᏒ ᎠᏲᎱᏍᎬᎢ, ᏧᎬᏩᎴ ᎬᏂᎨᏒ ᎢᏨᏁᏗᏱ ᏂᏥᏍᎦᏅᎾ ᎠᎴ ᎪᎱᏍᏗ ᏁᏧᎢᏍᏛᎾ ᎠᎴ ᎦᏰᏥᎳᏫᏎᏗ ᏂᎨᏒᎾ ᎾᏍᎩ ᎠᎦᏔᎲᎢ;
23. ᎢᏳᏃ ᏱᏅᏩᏍᏗᏗᏉ ᎢᏦᎯᏳᏒᎢ, ᎦᎫᏍᏛᏅᎯ ᎠᎴ ᎠᏍᏓᏱᏛᎯ ᎨᏒᎢ, ᎠᎴ ᎢᏴᏛ ᎢᎦᏰᏨᏁᏗ ᏂᎨᏒᎾ ᏱᎩ ᎤᏚᎩ ᎢᏨᏒ ᎣᏍᏛ ᎧᏃᎮᏛᏱ, ᎾᏍᎩ ᎢᏣᏛᎦᏅᎯ ᏥᎩ, ᎾᏂᎥ ᎨᎦᏁᎳᏅᎯ ᎨᏒ ᎨᎦᎵᏥᏙᏁᎸᎯ ᏥᎩ ᎦᎸᎶ ᎭᏫᏂᏗᏢ ᏄᎾᏛᏅᎢ; ᎾᏍᎩ ᎾᎿᎭᎠᏴ ᏉᎳ ᎪᎱᏍᏗ ᎦᏛᏁᎯ ᏥᏅᏋᏁᎸ;
24. ᎠᏴ ᎾᏍᎩ ᎪᎯ ᎨᏒ ᏥᎦᎵᎡᎵᎦ ᎢᏨᎩᎵᏲᏤᎲᎢ, ᎠᎴ ᏥᏥᎧᎵᏏᏏ ᎠᏏ ᎤᏃᏒᎢ ᎦᎶᏁᏛ ᎤᎩᎵᏲᏨ ᎾᏍᎩᏯ ᎠᎩᏇᏓᎸ ᏥᎩᎵᏲᎬᎢ, ᎾᏍᎩ ᎠᏰᎸ ᏥᏅᏗᎦᎵᏍᏙᏗᎭ, ᎾᏍᎩ ᏧᎾᏁᎶᏗ ᎤᎾᏓᏡᎬ ᏥᎩ;
25. ᎾᎿᎭᎠᏴ ᏗᎩᎸᏫᏍᏓᏁᎯ ᏅᏋᏁᎸ ᎾᏍᎩᏯ ᎤᏁᎳᏅᎯ ᎤᏓᏁᏤᏗ ᎨᏒᎢ, ᎾᏍᎩ ᎠᏴ ᏨᎩᏁᎸ ᏂᎯ ᎢᏣᎵᏍᏕᎸᏙᏗ, ᎾᏍᎩ ᎠᎧᎵᎢ ᎠᏆᎵᏥᏙᏗᏱ ᎧᏃᎮᏛ ᎤᏁᎳᏅᎯ ᎤᏤᎵᎦ;
26. ᎾᏍᎩ ᎤᏕᎵᏛ ᎬᏍᎦᎳᏅᎯ ᏥᎨᏒᎩ ᎡᏘ ᏥᎨᏒ ᎠᎴ ᎤᎾᏓᏁᏟᏴᏒᏒ ᏅᏓᎬᏩᏓᎴᏅᏛ, ᎠᏎᏃ ᎪᎯ ᏥᎩ ᎬᏂᎨᏒ ᏥᏂᎨᎬᏁᎸ ᎤᎾᏓᏅᏘ ᏧᏤᎵᎦ;
27. ᎾᏍᎩ [ᎤᏓᏅᏘ] ᎤᏁᎳᏅᎯ ᎤᏚᎵᏍᎨ ᎬᏂᎨᏒ ᎢᏧᏩᏁᏗᏱ ᏂᎦᎥ ᎦᎸᏉᏗᏳ ᎨᏒ ᎯᎠ ᎾᏍᎩ ᎤᏕᎵᏛ ᎨᏒ ᏧᎾᏓᎴᏅᏛ ᏴᏫ ᎠᏁᎲ [ᎬᏂᎨᏒ ᏥᏄᏩᏁᎸ;] ᎾᏍᎩ ᎦᎶᏁᏛ ᏥᎩ ᏂᎯ ᎢᏥᏯᎢ, ᎾᏍᎩ ᎤᏚᎩ ᎨᏨᏗ ᏥᏂᎬᏁ ᎦᎸᏉᏗᏳ ᏗᎨᏒ ᏫᏥᎾᏄᎪᎢᏍᏗᏱ.
28. ᎾᏍᎩ Ꮎ ᎬᏂᎨᏒ ᏥᏃᏨᏁᎭ, ᎾᏂᎥ ᏥᏙᏤᏯᏔᎲᏍᎦ, ᎠᎴ ᎾᏂᎥ ᏥᏙᏤᏲᎲᏍᎦ ᏦᏨᏗᎭ ᏂᎦᎥ ᎠᎵᏏᎾᎯᏍᏙᏗ ᎨᏒᎢ, ᎾᏍᎩ ᎾᏂᎥ ᎬᏂᎨᏒ ᎢᏦᏨᏁᏗᏱ ᏄᏂᎪᎸᎾ ᎦᎶᏁᏛ ᏥᏌ ᏚᎾᏁᎶᏛᎢ;
29. ᎾᏍᎩ ᎾᏍᏉ ᎤᎬᏩᎵ ᏥᏓᎩᎸᏫᏍᏓᏁᎭ, ᏥᎦᏟᏂᎬᏁᎭ ᎾᏍᎩᏯ ᏧᎸᏫᏍᏓᏁᏗ ᎨᏒᎢ, ᎾᏍᎩ ᎤᎵᏂᎩᏗᏳ ᏥᏚᎸᏫᏍᏓᏁᎭ ᏗᏆᏓᏅᏛᎢ.

== Colossians 2 ==
1. ᎠᏆᏚᎵᏰᏃ ᎢᏥᎦᏙᎥᎯᏍᏗᏱ ᏂᎦᎥ ᏥᎩᎵᏲᎬ ᎦᏟᏂᎬᏁᎲ ᏂᎯ ᎨᏒ ᎢᏳᏍᏗ, ᎠᎴ ᎾᏍᎩ Ꮎ ᎴᎣᏗᏏᏯ ᎠᏁᎯ, ᎠᎴ ᎾᏂᎥᏉ ᎤᏂᎪᎲᎯ ᏂᎨᏒᎾ ᎠᏆᎧᏛ ᎠᏂ ᎤᏇᏓᎵ ᎨᏒᎢ;
2. ᎾᏍᎩ ᏧᏂᎾᏫ ᎤᎦᎵᏍᏗ ᏗᎬᏩᏓᏅᏓᏗᏍᏗ ᎢᏳᎵᏍᏙᏗᏱ ᏚᎾᏚᏓᏕᏫᏍᏛ ᎠᏓᎨᏳᏗ ᎨᏒᎢ, ᎠᎴ ᏭᏂᏱᎶᎯᏍᏗᏱ ᏂᎦᎥ ᎦᎸᏉᏗᏳ ᎨᏒ ᏄᏜᏓᏏᏛᏒᎾ ᎪᎯᏳᏗ ᎨᏒ ᎾᏍᎩ ᎪᎵᏍᏗ ᎨᏒ ᏨᏗᏓᎴᎲᏍᎦ, ᎤᏂᎦᏙᎥᎯᏍᏗᏱ ᎤᏕᎵᏛ ᎨᏒ ᎤᏁᎳᏅᎯ ᎤᏤᎵᎦ, ᎾᏍᎩ ᎠᎦᏴᎵᎨ ᎤᏤᎵᎦ, ᎠᎴ ᎦᎶᏁᏛ ᎤᏤᎵᎦ;
3. ᎾᏍᎩ ᏥᏚᏍᏆᏂᎪᏗ ᏥᏚᏩᏍᎦᎳ ᏂᎦᎥ ᎤᏣᏘ ᏧᎬᏩᎶᏗ ᎠᎵᏏᎾᎯᏍᏙᏗ ᎨᏒ ᎠᎴ ᎠᎦᏙᎥᎯᏍᏗ ᎨᏒᎢ.
4. ᎠᎴ ᎯᎠ ᎾᏍᎩ ᏂᏥᏪᎭ ᎾᏍᎩ ᎩᎶ ᎢᏥᎶᏄᎮᏗᏱ ᏂᎨᏒᎾ ᎾᏍᎩ ᎤᏬᏚᎯ ᎦᏬᏂᎯᏍᏗ ᎨᏒ ᎬᏗ.
5. ᎠᎩᎪᏁᎸᏍᎩᏂᏃᏅ ᎠᎩᏇᏓᎸ ᎨᏒᎢ, ᎠᏎᏃ ᎠᏆᏓᏅᏙ ᎨᏒ ᎢᏨᏰᎳᏗᏙᎭ, ᎦᎵᎡᎵᎦ ᎠᎴ ᏕᎦᎦᏂᎭ ᎣᏏᏳ ᏂᏣᏛᏁᎲ, ᎠᎴ ᎤᎵᏂᎩᏗᏳ ᎨᏒ ᎡᏦᎢᏳᏒ ᎦᎶᏁᏛ.
6. ᎾᏍᎩ ᎢᏳᏍᏗ ᎾᏍᎩᏯ ᏤᏣᏓᏂᎸᏨᎯ ᎨᏒ ᎦᎶᏁᏛ ᏥᏌ ᎤᎬᏫᏳᎯ, ᎾᏍᎩᏯ ᏄᏍᏕᏍᏗ ᎡᏥᏍᏓᏩᏗᏒᎢ;
7. ᎾᎿᎭᏗᏥᎿᎭᏍᏕᏜᏓᏛᎯ ᎠᎴ ᎾᎿᎭᎡᏣᏁᏍᎨᎲᎯ, ᎠᎴ ᎤᎵᏂᎩᏛ ᎢᏰᏨᏁᎸᎯ ᎢᏦᎯᏳᏒᎢ, ᎾᏍᎩᏯ ᎡᏤᏲᏅᎢ, ᎾᏍᎩ ᎤᏣᏘ ᎨᏎᏍᏗ [ᎢᏦᎯᏳᏒᎢ] ᎤᎵᏠᏯᏍᏕᏍᏗ ᎠᎵᎮᎵᏤᏗ ᎨᏒ ᎤᏁᎳᏅᎯ.
8. ᎢᏤᏯᏔᎮᏍᏗ ᏞᏍᏗ ᎩᎶ ᏥᏥᎾᏌᏂ, ᎠᏏᎾᏍᏛ ᎦᏬᏂᎯᏍᏗ ᎨᏒ ᎬᏗ ᎠᎴ ᎠᏠᏄᎮᏗ ᎬᏗ, ᎾᏍᎩᏯ ᏴᏫ ᏓᎾᏕᏲᎲᏍᎬᎢ, ᎾᏍᎩᏯ ᎡᎶᎯ ᏗᎴᏅᏙᏗ ᏓᏕᏲᎲᏍᎬᎢ, ᎥᏝᏃ ᎾᏍᎩᏯ ᎦᎶᏁᏛ ᏓᏕᏲᎲᏍᎬᎢ;
9. ᎾᏍᎩᏰᏃ [ᎦᎶᏁᏛ] ᎠᏰᎸᎢ ᎠᏯᎠ ᏂᎦᏛ ᎠᎧᎵᎢ ᎤᏁᎳᏅᎯ.
10. ᎠᎴ ᎡᏥᎧᎵᎸᎯ ᎾᏍᎩ ᎢᏳᏩᏂᏌᏅᎯ ᎾᏍᎩ ᏄᎬᏫᏳᏌᏕᎩ ᏥᎩ ᎾᏂᎥ ᏄᏂᎬᏫᏳᏌᏕᎩ, ᎠᎴ ᏗᎨᎦᏁᎶᏗ ᎨᏒᎢ;
11. ᎾᏍᎩ ᎾᏍᏉ ᎢᏳᏩᏂᏌᏅᎯ ᏤᏥᎤᏍᏕᏎᎸᎯ ᏥᎩ, ᎠᎱᏍᏕᏍᏗ ᎬᏔᏅᎯ ᎾᏍᎩ ᎩᎶ ᏧᏬᏰᏂ ᏧᏩᏔᏅᎯ ᏂᎨᏒᎾ, ᎾᏍᎩ ᎢᏴᏛ ᏂᏨᏁᎲ ᎠᏰᎵ ᎾᏍᎩ ᎤᏇᏓᎵ ᎨᏒ ᎤᏍᎦᏅᎢᏍᏔᏅᎢ ᎢᏨᏗᏍᎬ ᎦᎶᏁᏛ ᎤᏤᎵ ᎠᎱᏍᏕᏍᏗ ᎨᏒᎢ;
12. ᎡᏥᏂᏌᏅ ᎾᏍᎩ ᎠᏥᏂᏌᏅ ᏗᏓᏬᏍᏗ ᎨᏒ ᎬᏔᏅᎯ, ᎾᏍᎩ ᎾᏍᏉ ᎬᏔᏅᎯ ᏕᏣᎴᏔᏅ ᎾᏍᎩ ᏓᎦᎴᏔᏅᎢ ᏅᏧᎵᏍᏙᏔᏅ ᎢᏦᎯᏳᏒ ᎤᏁᎳᏅᎯ ᏚᎸᏫᏍᏓᏁᎸᎢ, ᎾᏍᎩ ᏧᎴᏔᏅᎯ ᏥᎩ ᎤᏲᎱᏒᎢ.
13. ᏂᎯᏃ ᏗᏥᏲᎱᏒᎯ ᏂᎨᏒ ᎤᏣᏘᏂ ᏂᏣᏛᏁᎸ ᎢᏣᏚᏓᎸᎢ ᎠᎴ ᏂᏕᏥᎤᏍᏕᏎᎸᎾ ᎨᏒ ᎢᏥᏇᏓᎸᎢ, ᏗᏨᏃᏛ ᏂᏨᏁᎸ ᎾᏍᎩ ᎬᏃᏛ ᎾᎬᏁᎸᎢ, ᎦᏰᏥᏁᎸ ᏂᎦᏗᏳ ᎤᏣᏘᏂ ᏂᏣᏛᏁᎸᎢ,
14. ᎠᏲᏍᏗᏍᎬ ᎪᏪᎸ ᏗᎧᎿᎭᏩᏛᏍᏗ ᎢᎦᏡᏗᏍᎩ, ᎾᏍᎩ ᎢᎩᏲᏍᏙᏓᏁᎯ ᏥᎨᏒᎩ, ᎠᎴ ᎤᎲᏒᎩ, ᎤᏤᎵ ᏓᏓᎿᎭᏩᏍᏛ ᎤᏪᏯᎸᏅᎩ ᏴᏫ ᏚᏪᎭᏔᏅᎩ;
15. ᏚᎾᏌᏅᏃ ᏄᏂᎬᏫᏳᏌᏕᎩ ᎠᎴ ᏗᎨᎦᏁᎶᏗ ᎨᏒᎢ, ᎬᏂᎨᏒ ᏚᎾᏄᎪᏫᏎᎢ, ᏓᏓᎵᏁᎯᏕᎨᎢ ᎾᏍᎩ [ᏓᏓᎿᎭᏩᏍᏛ] ᎬᏗᏍᎬᎢ.
16. ᎾᏍᎩ ᎢᏳᏍᏗ ᏞᏍᏗ ᎩᎶ ᏱᏗᏧᎪᏓᏁᎮᏍᏗ ᎠᎵᏍᏓᏴᏗ ᎤᎬᏩᎵ, ᎠᎴ ᎠᏗᏔᏍᏗ, ᎠᎴ ᎦᎸᏉᏗ ᎢᎦ, ᎠᎴ ᎢᏤ ᏅᏙ ᎠᏢᏁᎬᎢ, ᎠᎴ ᏚᎾᏙᏓᏆᏍᎬ ᎢᎦ;
17. ᎾᏍᎩ ᎤᏓᏩᏗᏍᏙᏛᏉ ᎨᏒᎩ ᎾᏍᎩ Ꮎ ᏧᏓᎴᏅᏛ ᎤᎵᏱᎶᎯᏍᏗ ᎨᏒᎢ; ᎠᏓᏩᏗᏍᏙᏗᏍᎩᏍᎩᏂ ᎦᎶᏁᏛ ᎨᏒᎩ.
18. ᏞᏍᏗ ᎩᎶ ᏥᏥᎷᏄᎮᎵ ᏥᏥᏲᏍᏙᏓᏁᎵ ᎠᏌᏍᏛ ᎡᏥᏁᏗᏱ ᎤᏚᎵᏍᎬ ᎤᏓᏙᎵᏍᏗ ᎢᏳᎵᏍᏙᏗᏱ, ᎠᎴ ᏗᏂᎧᎿᎭᏩᏗᏙᎯ ᏧᎾᏓᏙᎵᏍᏓᏁᏗᏱ, ᎾᏍᎩ ᎤᎵᏌᎳᏁᎲ ᎤᎪᎲᎯ ᏂᎨᏒᎾ ᎨᏒᎢ, ᎠᏎᏉᏉ ᎠᏕᏋᎯᏍᏗᏍᎬ ᎬᏗᏍᎬ ᎤᏇᏓᎵ ᎤᏓᏅᏖᏗ ᎨᏒᎢ;
19. ᎠᎴ ᏂᏚᏂᏴᏒᎾ ᎨᏒ ᎠᏍᎪᎵ, ᎾᎿᎭᏨᏗᏓᎴᎲᏍᎦ ᏂᎬ ᎠᏰᎸᎢ ᏚᎯᏞᏫᏒᎢ ᎠᎴ ᏧᏩᏚᎾ ᏚᏪᏙᎸᎢ ᎤᎵᏍᏕᎸᏙᏙᎢ, ᎠᎴ ᏚᏚᏓᏕᏫᏐᎢ ᎠᏛᏍᎪᎢ ᎾᏍᎩᏯ ᎤᏁᎳᏅᎯ ᎤᏁᏉᏍᎬᎢ.
20. ᎾᏍᎩ ᎢᏳᏍᏗ, ᎢᏳᏃ ᎦᎶᏁᏛ ᎤᏲᎱᏒ ᏗᏥᏲᎱᏒᎯ ᎨᏎᏍᏗ ᎡᎶᎯ ᎡᎯ ᎠᎴᏅᏙᏗ ᏗᏕᎶᏆᏍᏗ ᎤᎬᏩᎵ, ᎦᏙᏃ ᎡᎶᎯ ᏥᏤᎰ ᎾᏍᎩᏯ ᏙᏣᏁᎶᏗ ᏗᎧᎿᎭᏩᏛᏍᏗ,
21. ᏴᏫ ᎤᏂᏁᏨᎯ ᎠᎴ ᏧᎾᏕᏲᏅᎯ? ᎾᏍᎩ ᏞᏍᏗ ᏣᏒᏂᎸᎩ; ᏞᏍᏗ ᎤᏍᏗᎤᏅ ᏣᎬᎩ; ᏞᏍᏗ ᏣᏱᏙᎸᎩ;
22. (ᏂᎦᏛᏰᏃ ᎾᏍᎩ ᎤᎾᎵᏛᏙᏗ ᎪᎱᏍᏗ ᏕᎲᏗᏍᎬ ᎢᏳᎢ;)
23. ᎾᏍᎩ ᏧᏓᎴᏅᏛ ᎤᏙᎯᏳᎯ ᎠᎵᏏᎾᎯᏍᏙᏗ ᎨᏒ ᏓᏤᎸ, ᎾᏍᎩ ᎾᎿᎭᎣᏩᏒ ᎣᏓᏅᏖᏛ ᎤᏁᎳᏅᎯ ᎠᏓᏙᎵᏍᏓᏁᏗ ᎨᏒᎢ, ᎠᎴ ᎣᏓᏙᎵᏍᏗ ᎨᏒᎢ, ᎠᎴ ᏃᎦᏌᏯᏍᏛᎾ ᎨᏒ ᎥᏰᎸᎢ, ᎥᏝᏃ ᎾᏍᎩ ᎠᎦᎸᏉᏗᏍᎬᎢ, ᎤᏇᏓᎵ ᎤᏂᎬᏎᎲ ᎥᏩᏛᎡᎲᎢ.

== Colossians 3 ==
1. ᎢᏳᏃ ᎰᏩ ᎦᎶᏁᏛ ᏚᎴᏅ ᏗᏣᎴᏅᎯ ᎨᏎᏍᏗ, ᎢᏥᏲᎮᏍᏗ ᎾᏍᎩ ᎦᎸᎳᏗ ᎡᎯ ᎨᏒᎢ, ᎾᎿᎭᎦᎶᏁᏛ ᎤᏬᎸ ᎤᏁᎳᏅᎯ ᎠᎦᏘᏏᏗᏢ.
2. ᎢᏣᎦᏌᏯᏍᏕᏍᏗ ᎾᏍᎩ Ꮎ ᎦᎸᎳᏗ ᎡᎯ ᎨᏒᎢ, ᎥᏞᏍᏗᏃ ᎡᎶᎯ ᎡᎯ ᎨᏒᎢ.
3. ᏗᏥᏲᎱᏒᎯᏰᏃ, ᏕᏨᏅᏃ ᎦᎶᏁᏛ ᏪᎲ ᏚᏩᏍᎦᎸ ᎤᏁᎳᏅᎯ.
4. ᎦᎶᏁᏛ ᎦᎷᏨ ᎢᏳᎢ, ᎾᏍᎩ ᎬᏂᏛ ᎢᎩᏁᎯ ᏥᎩ, ᎿᎭᏉ ᎾᏍᏉ ᏂᎯ ᎢᏥᎾᏄᎪᎢᏍᏗ ᎨᏎᏍᏗ ᎾᏍᎩ ᎢᏤᎮᏍᏗ ᎦᎸᏉᏗᏳ ᎨᏒ ᎢᏣᏄᏬᏍᏕᏍᏗ.
5. ᎾᏍᎩ ᎢᏳᏍᏗ ᏕᏥᎯᎮᏍᏗ ᏗᏥᏰᎸ ᏕᏣᏚᏓᏕᏫᏒ ᎠᏂ ᎡᎶᎯ; ᎾᏍᎩ ᎤᏕᎵᏛ ᏗᏂᏏᏗ ᎨᏒᎢ, ᎦᏓᎭ ᎨᏒᎢ, ᎠᎬᎥᎯᏍᏗ ᎨᏒᎢ, ᎤᏲ ᎠᏚᎸᏅᏗ ᎨᏒᎢ, ᎠᎴ ᏧᎬᏩᎶᏗ ᎠᎬᎥᎯᏍᏗ ᎨᏒᎢ, ᎾᏍᎩ ᎤᏁᎳᏅᎯ ᎠᏰᎸᎯ ᎠᏓᏙᎵᏍᏓᏁᏗ ᏥᎩ;
6. ᎾᏍᎩ ᏅᏗᎦᎵᏍᏙᏗᎭ ᎤᏁᎳᏅᎯ ᎤᏔᎳᏬᎯᏍᏗ ᎨᏒ ᎤᏂᎷᏤᎭ ᎤᏃᎯᏳᎯᏍᏛ ᏂᎨᏒᎾ ᏴᏫ.
7. ᎾᎿᎭᎾᏍᏉ ᏂᎯ ᎢᎸᎯᏳ ᏥᏤᏙᎲᎩ, ᎾᎯᏳ ᎾᏍᎩ ᏂᏣᏛᏁᎲ ᏥᏤᎲᎩ.
8. ᎠᏎᏃ ᎪᎯ ᎨᏒ ᏂᎯ ᎾᏍᏉ ᎯᎠ ᏂᎦᏛ ᎢᏴᏛ ᏂᏕᏨᏁᎭ; ᎠᏔᎳᏬᎯᏍᏗ ᎨᏒᎢ, ᎧᎾᎸᎢᏍᏗ ᎨᏒᎢ, ᎠᏓᏂᏆᏗᏍᏗ ᎨᏒᎢ, ᎠᏐᏢᎢᏍᏙᏗ ᎨᏒᎢ, ᎤᏁᎢᎸᏗ ᎦᏬᏂᎯᏍᏗ ᎨᏒ ᏗᏥᎰᎵ ᏅᏓᏳᏄᎪᏨᎯ.
9. ᏞᏍᏗ ᏱᏗᏣᏓᏥᎪᏁᎮᏍᏗ, ᎢᏴᏛᏰᏃ ᎢᏰᏨᏁᎸᎯ ᎤᏪᏘ ᏴᏫ ᏚᎸᏫᏍᏓᏁᎲ ᎬᏩᎵᏠᏯᏍᏗ;
10. ᎠᎴ ᎢᏤ ᏴᏫ ᎢᏣᏄᏬᏍᏔᏅᎯ, ᎾᏍᎩ ᎢᏤ ᎢᎬᏁᎸᎯ ᏥᎩ ᎾᏍᎩ ᎠᎦᏙᎥᎯᏍᏗ ᎨᏒ ᎤᎬᏩᎵ, ᎾᏍᎩᏯ ᏄᏍᏛ ᎾᏍᎩ ᎤᏬᏢᏅᎯ ᎨᏒᎢ;
11. ᎾᎿᎭᏂ ᎥᏝ ᎩᎶ ᎠᎪᎢ ᏱᎩ, ᎠᎴ ᎠᏧᏏ, ᎠᏥᎤᏍᏕᏎᎸᎯ ᎠᎴ ᎠᏥᎤᏍᏕᏎᎸᎯ ᏂᎨᏒᎾ, ᏅᏩᏓᎴ ᏴᏫ, ᏏᏗᏱ ᎡᎯ, ᎠᏥᎾᏝᎢ ᎠᎴ ᎾᏥᎾᏝᎥᎾ; ᎦᎶᏁᏛᏍᎩᏂ ᏂᎦᎥ ᎪᎱᏍᏗ ᏂᎦᎵᏍᏓ, ᎠᎴ ᏂᎦᏗᏳ ᏗᏯᎢ.
12. ᎾᏍᎩ ᎢᏳᏍᏗ, ᎾᏍᎩᏯ ᎢᏳᎾᏛᏁᏗ ᎤᏁᎳᏅᎯ ᏧᏑᏰᏛ ᎨᏒᎢ, ᎤᎾᏓᏅᏘ ᎠᎴ ᎨᏥᎨᏳᎢ, ᎢᏣᏄᏬᏍᏓ ᎤᏪᏙᎵᏍᏗ ᎠᏓᏅᏓᏗᏍᏗ ᎨᏒᎢ, ᎠᎴ ᎠᏓᏙᎵᏍᏗ ᎨᏒᎢ, ᎠᎴ ᎤᏓᏙᎵᏍᏗ ᎨᏒᎢ, ᎤᏓᏅᏘ ᎨᏒᎢ, ᎪᎯᏗᏳ ᎤᏁᎳᎩ ᏗᏓᏕᎵᏎᏗ ᎨᏒᎢ;
13. ᎤᏁᎳᎩ ᏕᏣᏓᏕᎵᏎᎮᏍᏗ, ᎠᎴ ᏗᎨᏣᏓᏁᎮᏍᏗ ᏕᏣᏓᏍᎦᏅᏤᎲᎢ, ᎢᏳᏃ ᎩᎶ ᎪᎱᏍᏗ ᏱᏓᎾᏓᏕᎵᏎᎭ; ᎾᏍᎩᏯ ᎦᎶᏁᏛ ᎦᎨᏥᏁᎸ ᎢᏥᏍᎦᏅᏨᎢ, ᎾᏍᎩᏯ ᎾᏍᏉ ᏂᎯ ᎾᏍᎩ ᏂᏣᏛᏁᎮᏍᏗ.
14. ᎠᎴ Ꮀ ᎤᎬᏫᏳᏎᏍᏗ ᎢᏣᏄᏬᏍᏕᏍᏗ ᎠᏓᎨᏳᏗ ᎨᏒᎢ, ᎾᏍᎩ ᏗᎫᏓᏛᏍᎩ ᏥᎩ ᏂᎦᎷᎶᎬᎾ.
15. ᎠᎴ ᏅᏩᏙᎯᏯᏛ ᎤᏁᎳᏅᎯ ᎤᏤᎵ ᎤᎬᏫᏳᏌᏕᎨᏍᏗ ᏗᏥᎾᏫᏱ, ᎾᎿᎭᎢᏗᏢ ᎾᏍᏉ ᎡᏥᏯᏅᏛ ᏥᎩ ᎾᏍᎩ ᏌᏉ ᎠᏰᎸ ᎢᏣᎵᏍᏙᏗᏱ; ᎠᎴ ᎤᎵᎮᎵᏍᏗᏳ ᎢᏣᏓᏅᏖᏍᏗ.
16. ᎧᏃᎮᏛ ᎦᎶᏁᏛ ᎤᏤᎵ ᎤᏣᏘ ᎢᏥᏯᎡᏍᏗ ᎦᎾᏄᎪᏫᏍᎨᏍᏗ ᏂᎦᎥ ᎠᎵᏏᎾᎯᏍᏙᏗ ᎨᏒᎢ; ᏕᏣᏓᏕᏲᎲᏍᎨᏍᏗ ᎠᎴ ᏕᏣᏓᏬᏁᏗᏍᎨᏍᏗ ᏕᏨᏗᏍᎨᏍᏗ ᎤᏁᎳᏅᎯ ᏗᎧᏃᎩᏍᏙᏗ, ᎠᎴ ᎦᎸᏉᏙᏗ ᏗᎧᏃᎩᏍᏗ, ᎠᎴ ᎠᏓᏅᏙ ᎤᎬᏩᎵ ᏗᎧᏃᎩᏍᏗ, ᏕᏥᏃᎩᏍᎨᏍᏗ, ᏗᏥᎾᏫᏱ ᏗᏓᎴᎲᏍᎨᏍᏗ ᎤᎬᏫᏳᎯ ᏕᏥᏃᎩᏍᎨᏍᏗ ᎡᏣᎵᎡᎵᏤᎮᏍᏗ.
17. ᎠᎴ ᏂᎦᎥ ᏂᏣᏛᏁᎵᏙᎲᎢ, ᎢᏥᏬᏂᏍᎬ ᎠᎴ ᏕᏥᎸᏫᏍᏓᏁᎲ ᏱᎩ, ᏂᎦᎥ ᎤᎬᏫᏳᎯ ᏥᏌ ᎦᏙᎥ ᎢᏨᏗᏍᎨᏍᏗ, ᎡᏣᎵᎡᎵᏤᎮᏍᏗ ᎤᏁᎳᏅᎯ ᎾᏍᎩ ᎠᎦᏴᎵᎨᎢ, ᎾᏍᎩ ᏅᏗᎦᎵᏍᏙᏗᏍᎨᏍᏗ.
18. ᎢᏥᎨᏴ, ᏕᏦᎯᏳᏎᏍᏗ ᎢᏨᏒ ᏗᎨᏥᏰᎯ ᎾᏍᎩ ᎢᏨᏛᏁᏗᏱ ᏥᏚᏳᎪᏗ ᎤᎬᏫᏳᎯ ᏕᏥᎦᎿᎭᏩᏗᏒᎢ.
19. ᎢᏥᏍᎦᏯ, ᏕᏥᎨᏳᏎᏍᏗ ᏗᏣᏓᎵᎢ, ᎠᎴ ᏞᏍᏗ ᏱᏗᏥᏂᏆᏘᎮᏍᏗ.
20. ᏗᏥᏲᎵ, ᏕᏦᎯᏳᏎᏍᏗ ᏗᏥᎦᏴᎵᎢ ᏂᎦᎥ ᏂᎨᏥᏪᏎᎲᎢ; ᎣᏏᏳᏰᏃ ᎤᏰᎸᏗ ᎤᎬᏫᏳᎯ ᎾᏍᎩ ᎯᎠ.
21. ᎢᏥᎦᏴᎵᎨᎢ, ᏞᏍᏗ ᏱᏗᏥᎿᎭᎸᏍᏗᏍᎨᏍᏗ ᏗᏤᏥ, ᏱᏩᎾᎵᎲᏲᎵᎵᎦᏉᏰᏃ.
22. ᎡᏥᏅᏏᏓᏍᏗ, ᏕᏦᎯᏳᏎᏍᏗ ᏂᎦᎥ ᏂᎨᏥᏪᏎᎲ ᎨᏥᏅᏏᏙᎯ ᎠᏂ ᎤᏇᏓᎵ ᎨᏒᎢ; ᎥᏝ ᏥᏛᏓᏗᎧᏃ ᎾᏍᎩᏯᎢ, ᏴᏫᏉ ᎣᏏᏳ ᎤᏂᏰᎸᏗ, ᎣᏏᏳᏍᎩᏂ ᎢᏥᏰᎸᎯ ᎨᏎᏍᏗ ᏗᏥᎾᏫᏱ, ᎡᏥᎾᏰᏍᎨᏍᏗ ᎤᏁᎳᏅᎯ:
23. ᎠᎴ ᏂᎦᎥ ᎪᎱᏍᏗ ᎢᏣᏛᏁᎲᎢ, ᏗᏥᎾᏫᏱ ᎣᏏᏳ ᎢᏥᏰᎸᎯ ᏕᏥᎸᏫᏍᏓᏁᎮᏍᏗ ᎤᎬᏫᏳᎯ ᏥᏁᏣᏛᏁᎰ ᎾᏍᎩᏯᎢ, ᎥᏝᏃ ᏴᏫ ᏥᏂᏕᏣᏛᏁᎰᎢ;
24. ᎢᏣᏅᏖᏍᏗ, ᎾᏍᎩ ᎤᎬᏫᏳᎯ ᎢᏥᏁᏗ ᎨᏒ ᎡᏣᎫᏴᏓᏁᏗ ᎢᏣᏤᎵ ᎢᏳᎵᏍᏙᏗ ᎨᏒᎢ; ᎤᎬᏫᏳᎯᏰᏃ ᎦᎶᏁᏛ ᎪᎱᏍᏗ ᎡᏣᏛᏁᎭ.
25. ᎩᎶᏍᎩᏂ ᎤᏣᏘᏂ ᎢᏯᏛᏁᎯ ᎠᏥᏍᏛᏗᏍᏙᏗ ᎨᏎᏍᏗ ᎾᏍᎩ ᎤᏣᏘᏂ ᏄᏛᏁᎸᎢ; ᎥᏝᏃ ᎩᎶ ᎠᏥᎸᏉᏙᏗ ᏱᎨᏎᏍᏗ.

== Colossians 4 ==
1. ᏗᏣᏓᏅᏏᏙᎯ, ᏕᏥᏁᎮᏍᏗ ᏗᏥᏅᏏᏓᏍᏗ ᏚᏳᎪᏛ ᎠᎴ ᏰᎵᏉ ᎨᏒᎢ; ᎢᏣᏅᏖᏍᏗ ᏂᎯ ᎾᏍᏉ ᎢᏥᏅᏏᏙᎯ ᎦᎸᎳᏗ ᏤᎲᎢ.
2. ᎢᏣᏓᏙᎵᏍᏗᏍᎬ ᎬᏩᎫᏗᏗᏎᏍᏗ, ᎠᎴ ᎾᎿᎭᎢᏥᏯᏫᏍᎨᏍᏗ ᎤᎵᏠᏯᏍᏕᏍᏗ ᎠᎵᎮᎵᏍᏗ ᎨᏒᎢ;
3. ᎠᎴᏬ ᎢᏣᏓᏙᎵᏍᏗᏍᎨᏍᏗ ᎠᏴ ᏍᎩᏯᏅᏓᏗᏍᎨᏍᏗ, ᎾᏍᎩ ᎤᏁᎳᏅᎯ ᎣᎩᏍᏚᎩᎡᏗᏱ ᎦᎶᎯᏍᏗᏱ ᎾᎿᎭᎣᎦᎵᏥᏙᏗᏱ, ᎣᎩᏃᎮᏗᏱ ᎤᏕᎵᏛ ᎦᎶᏁᏛ ᎤᏤᎵᎦ, ᎾᏍᎩ ᎾᏍᏉ ᏥᏅᏗᎦᎵᏍᏙᏗᎭ ᎥᏆᎸᎢᏛ ᏥᎩ;
4. ᎾᏍᎩ ᎬᏂᎨᏒ ᎢᏯᏋᏁᏗᏱ, ᎾᏍᎩᏯ ᏥᏚᏳᎪᏗ ᎢᏯᎩᏪᏍᏗᏱ.
5. ᎢᏣᎵᏏᎾᎯᏍᏗ ᎢᏤᏙᎮᏍᏗ ᎠᏂᎦᏔᎲ ᎾᏍᎩ Ꮎ ᎠᏁᎸ ᏂᎨᏒᎾ, ᎢᏧᏓᎴᏍᎨᏍᏗ ᎪᎯ ᎨᏒ ᎠᎵᏱᎵᏒᎢ.
6. ᎢᏣᎵᏃᎮᏍᎬ ᏂᎪᎯᎸ ᎤᏓᏅᏘ ᎨᏒ ᎤᎵᏠᏯᏍᏕᏍᏗ, ᎠᎹ ᎤᎶᏥᏛ ᎨᏎᏍᏗ, ᎾᏍᎩ ᎢᏥᎦᏙᎥᎯᏍᏗᏱ ᎢᏥᏪᏍᏗᏱ ᏕᏥᏁᏤᎲ ᎾᏂᎥ ᏴᏫ.
7. ᏂᎦᏛ ᎾᏆᏛᎿᎭᏕᎬ ᏗᎩᎦ ᎬᏂᎨᏒ ᏅᏓᏨᏁᎵ, ᎾᏍᎩ ᎣᏥᎨᏳᎢ ᎣᏣᎵᏅᏟ, ᎠᎴ ᎣᏍᏛ ᎢᏯᏛᏁᎯ ᏧᎸᏫᏍᏓᏁᎯ, ᎠᎴ ᎤᏠᏱ ᎠᏥᏅᏏᏓᏍᏗ ᎤᎬᏫᏳᎯ ᎤᏤᎵᎦ;
8. ᎾᏍᎩ ᏥᏅᎵ ᏫᏥᎷᏤᏗᏱ, ᎾᏍᎩ ᏂᏣᏛᎿᎭᏕᎬ ᎤᏙᎴᎰᎯᏍᏗᏱ ᎤᎬᏩᎵ, ᎠᎴ ᏗᏥᎦᎵᏍᏓᏕᏗᏱ ᏗᏥᎾᏫ ᎤᎬᏩᎵ;
9. ᎠᏁᏅᏍᏓ ᎣᏂᏏᎹ, ᎣᏍᏛ ᎢᏯᏛᏁᎯ ᎠᎴ ᎣᏥᎨᏳᎢ ᎣᏣᎵᏅᏟ ᎾᏍᎩ ᎢᏤᎲ ᎡᎯ ᏥᎩ, ᎾᏍᎩ ᎬᏂᎨᏒ ᏅᏓᎨᏨᏁᎵ ᏂᎦᏛ ᏂᎦᎵᏍᏔᏂᏙᎲ ᎠᏂ.
10. ᎡᎵᏍᏓᎦ ᎢᏧᎳᎭ ᎣᏍᏗᏴᎩ, ᏫᏥᏲᎵᎭ, ᎠᎴ ᎹᎦ ᏆᏂᏆ ᎤᏙ ᎤᏪᏥ, (ᎾᏍᎩ ᎤᎬᏩᎵ ᎢᏣᏛᎦᏅᎯ ᏥᎩ; ᎢᏳᏃ ᏫᏥᎷᏤᎸᎭ ᏕᏣᏓᏂᎸᏨᎭ;)
11. ᎠᎴ ᏥᏌ, ᎾᏍᎩ ᏣᏍᏓ ᏣᎪᏎᎰᎢ; ᎾᏍᎩ ᏗᎨᏥᎤᏍᏕᏎᎸᎯ ᏥᎩ. ᎾᏍᎩ ᎤᏅᏒ ᎢᏧᎳᎭ ᏦᎩᎸᏫᏍᏓᏁᎯ ᎤᏁᎳᏅᎯ ᎤᏤᎵᎪᎯ ᎤᎬᏩᎵ, ᎾᏍᎩ ᎬᎩᎦᎵᏍᏓᏗᏍᎬᎩ.
12. ᎡᎦᏆ ᎾᏍᎩ ᎢᏤᎲ ᎡᎯ ᏥᎩ, ᎦᎶᏁᏛ ᎤᏅᏏᏙᎯ, ᏫᏥᏲᎵᎦ, ᏂᎪᎯᎸ ᎠᎵᏂᎬᏁᎭ ᎠᏓᏙᎵᏍᏗᏍᎬ ᎾᏍᎩ ᏂᎯ ᎢᏣᎴᏗᏱ ᏂᏥᎪᎸᎾ ᎠᎴ ᎠᎧᎵᎢ ᏂᎦᎥ ᎤᏁᎳᏅᎯ ᎣᏏᏳ ᎤᏰᎸᏗ ᎨᏒᎢ.
13. ᎠᏴᏰᏃ ᏥᏲᎢᏳᏓᏁᎭ ᎾᏍᎩ ᎤᏣᏘ ᎢᏣᏕᎵᎯᏍᏓᏁᎲ ᏂᎯ ᎠᎴ ᎴᎣᏗᏏᏯ ᎠᏁᎯ, ᎠᎴ ᎭᏱᎳᏆᎵ ᎠᏁᎯ.
14. ᎷᎦ ᎠᏥᎨᏳᎯ ᎠᎦᎾᎦᏘ ᏫᏥᏲᎵᎦ, ᎠᎴ ᏗᎹ.
15. ᏕᏥᏲᎵᎸᎭ ᎢᏓᎵᏅᏟ ᎴᎣᏗᏏᏯ ᎠᏁᎯ, ᎠᎴ ᏂᎻᏆ, ᎠᎴ ᏧᎾᏁᎶᏗ ᎾᏍᎩ ᎦᏁᎸ ᏧᎾᏓᏡᎦ.
16. ᎢᏳᏃ ᎾᏍᎩ ᎯᎠ ᎪᏪᎵ ᎢᏥᎪᎵᏰᎥᎭ, ᎴᎣᏗᏏᏯ ᏧᎾᏁᎶᏗ ᎤᎾᏓᏡᎬ ᎾᏍᏉ ᎤᏂᎪᎵᏰᏗᏱ ᏂᏨᏁᎸᎭ; ᎠᎴ ᎾᏍᏉ ᏂᎯ ᎢᏥᎪᎵᏰᎥᎭ ᎴᎣᏗᏏᏯ ᏅᏓᏳᎶᎯᏍᏗ ᏥᎩ.
17. ᎠᎴ ᎠᎩᏆ ᎯᎠ ᏁᏥᏪᏎᎸᎭ, ᏣᎦᏌᏯᏍᏕᏍᏗ ᏗᎦᎸᏫᏍᏓᏁᏗ ᎨᏒ ᎤᎬᏫᏳᎯ ᎤᎬᏩᎵ ᏤᏣᏲᎯᏎᎸᎯ, ᎾᏍᎩ ᏣᎧᎵᎢᏍᏗᏱ.
18. ᎠᏴ ᏉᎳ ᎠᏋᏒ ᎠᏉᏰᏂ ᎬᏗᎭ ᏫᏨᏲᎵᎭ. ᎢᏣᏅᏖᏍᏗ ᎥᏆᎸᎥᎢ. ᎬᏩᎦᏘᏯ ᎠᏓᏙᎵᏍᏗ ᎨᏒ ᎢᏤᎳᏗᏙᎮᏍᏗ. ᎡᎺᏅ.

== I Thessalonians 1 ==
1. ᏉᎳ ᎠᎴ ᏌᏱᎳ ᎠᎴ ᏗᎹᏗ ᏫᏨᏲᏪᎳᏏ ᏗᏣᏁᎶᏗ ᎢᏣᏓᏡᎬ ᏕᏏᎶᏂᎦ ᎾᏍᎩ ᎡᏦᎯᏳᎲᏍᎩ ᎤᏁᎳᏅᎯ ᎠᎦᏴᎵᎨᎢ, ᎠᎴ ᎤᎬᏫᏳᎯ ᏥᏌ ᎦᎶᏁᏛ; ᎬᏩᎦᏘᏯ ᎤᏓᏙᎵᏍᏗ ᎨᏒ ᎠᎴ ᏅᏩᏙᎯᏯᏛ ᎨᏤᎳᏗᏙᎮᏍᏗ ᏅᏓᏳᎾᎵᏍᎪᎸᏔᏅᎯ ᎤᏁᎳᏅᎯ ᎢᎩᏙᏓ ᎠᎴ ᎤᎬᏫᏳᎯ ᏥᏌ ᎦᎶᏁᏛ.
2. ᎣᏣᎵᎡᎵᏤᎰ ᎤᏁᎳᏅᎯ ᏂᎪᎯᎸ ᏂᎯ ᏂᏥᎥ ᏅᏗᎦᎵᏍᏙᏗᏍᎪᎢ, ᎢᏨᏁᎢᏍᏗᏍᎪ ᎣᏣᏓᏙᎵᏍᏗᏍᎬᎢ;
3. ᏃᎬᎨᏫᏍᎬᎾ ᎣᏣᏅᏓᏗᏍᎪ ᏕᏥᎸᏫᏍᏓᏁᎲ ᎢᏦᎯᏳᏒ ᏅᏓᏳᏓᎴᏅᎯ, ᎠᎴ ᎢᏣᎵᏂᎬᏁᎲ ᎠᏓᎨᏳᏗ ᎨᏒ ᏅᏓᏳᏓᎴᏅᎯ, ᎠᎴ ᏗᏨᏂᏗᏳ ᎨᏒ ᎤᏚᎩ ᎡᏨᏒ ᎤᎬᏫᏳᎯ ᎢᎦᏤᎵ ᏥᏌ ᎦᎶᏁᏛ, ᎤᏁᎳᏅᎯ ᎠᎦᏔᎲ ᎾᏍᎩ ᎢᎩᏙᏓ;
4. ᎾᏍᎩ ᏦᏥᎦᏔᎭ, ᎢᏓᎵᏅᏟ ᎤᏁᎳᏅᎯ ᎢᏥᎨᏳᎯ, ᎡᏣᏑᏰᏛ ᎨᏒᎢ.
5. ᎣᏍᏛᏰᏃ ᎧᏃᎮᏛ ᎣᎦᏤᎵᎦ ᎥᏝ ᎧᏁᏨᎯᏉ ᎨᏒ ᏱᏥᎷᎯᏍᏓᏁᎴᎢ, ᎤᎵᏂᎩᏗᏳᏍᎩᏂ ᎨᏒ ᎾᏍᏉ ᏔᎵ ᎤᏛᏛᎢ, ᎠᎴ ᎦᎸᏉᏗᏳ ᎠᏓᏅᏙ, ᎠᎴ ᎤᏣᏘ ᏄᏜᏓᏏᏛᏒᎾ ᎨᏒᎢ; ᎾᏍᎩᏯ ᏥᏥᎦᏔᎭ ᏃᎦᏍᏛ ᎢᏨᏰᎳᏗᏙᎸ ᏂᎯ ᏥᏅᏓᎦᎵᏍᏙᏗᏍᎬᎩ.
6. ᎠᎴ ᎠᏴ ᏍᎩᏍᏓᏩᏕᎩ ᏂᏣᎵᏍᏔᏅᎩ, ᎠᎴ ᎤᎬᏫᏳᎯ [ᎡᏥᏍᏓᏩᏕᎩ,] ᏕᏣᏓᏂᎸᏨ ᎧᏃᎮᏛ ᎤᏣᏘ ᎢᏥᎩᎵᏲᎬᎢ, ᎤᎵᏠᏯᏍᏛ ᎤᎵᎮᎵᏍᏗ ᎨᏒ ᎦᎸᏉᏗᏳ ᎠᏓᏅᏙ ᏅᏓᏩᏓᎴᏅᎯ;
7. ᎾᏍᎩᏃ ᏧᎾᏟᎶᏍᏙᏗ ᏂᏣᎵᏍᏔᏅᎩ ᎾᏂᎥ ᎠᏃᎯᏳᎲᏍᎩ ᎹᏏᏙᏂ ᎠᏁᎯ ᎠᎴ ᎡᎦᏯ ᎠᏁᎯ.
8. ᏂᎯᏰᏃ ᎢᏤᎲ ᎤᏓᎴᏅᎩ ᎤᏃᏴᎵᏒᎩ ᎧᏃᎮᏛ ᎤᎬᏫᏳᎯ ᎤᏤᎵᎦ, ᎥᏝ ᎹᏏᏙᏂᏉ ᎠᎴ ᎡᎦᏯ ᎤᏩᏒ ᏱᏭᎷᏤᎢ, ᎾᏍᏉᏍᎩᏂ ᏂᎦᎥ ᏕᎨᏌᏗᏒ ᎤᏁᎳᏅᎯ ᎡᏦᎢᏳᏒ ᏚᏰᎵᏒ; ᎾᏍᎩ ᎢᏳᏍᏗ ᎥᏝ ᎠᏎ ᎪᎱᏍᏗ ᎣᎦᏛᏗ ᏱᎩ.
9. ᎤᏅᏒᏰᏃ ᎬᏂᎨᏒ ᏂᎪᎬᏁᎭ ᏄᏍᏛ ᏫᏨᎷᏤᎸᎢ, ᎠᎴ ᏂᏣᏛᏁᎸ ᎤᏁᎳᏅᎯ ᎢᏗᏢ ᎢᏣᎦᏔᎲᏍᏔᏅ ᏕᏥᏲᏒ ᎤᏁᎳᏅᎯ ᏗᏰᎸᎯ, ᏗᏥᎧᎿᎭᏩᏛᏍᏗᏱ ᎬᏃᏛ ᎠᎴ ᎤᏙᎯᏳᎯᏯ ᎤᏁᎳᏅᎯ ᏥᎩ;
10. ᎠᎴ ᎡᏥᎦᏘᏗᏍᏗᏱ ᎾᏍᎩ ᎤᏪᏥ ᎦᎸᎳᏗ ᏅᏓᏳᎶᎯᏍᏗᏱ, ᎾᏍᎩ ᎤᏲᎱᏒ ᏥᏕᎤᎴᏔᏁᎢ, ᎾᏍᎩ ᏥᏌ, ᎾᏍᎩ ᏥᎫᏓᎴᏒ ᎤᏔᎳᏬᎯᏍᏗ ᎤᎷᎯᏍᏗ ᏥᎩ.

== I Thessalonians 2 ==
1. ᎢᏨᏒᏰᏃ ᎢᏥᎦᏔᎭ, ᎢᏓᎵᏅᏟ, ᏄᏍᏛ ᏫᏨᎷᏤᎸᎢ, ᎾᏍᎩ ᎠᏎᏉᏉ ᏂᎨᏒᎾ ᎨᏒᎢ.
2. ᎾᏍᏉᏍᎩᏂ ᎢᎬᏱ ᏃᎩᎩᎵᏲᏦᎢ ᎠᎴ ᏂᎪᎩᏐᏢᏃᎢ ᏈᎵᎩᏱ, ᎾᏍᎩ ᏥᏥᎦᏔᎭ, ᏃᏥᏍᎦᎢᎲᎾ ᎣᎦᏁᎳᏅᎯ ᎣᏣᎵᏍᎦᏍᏙᏛ ᎢᏨᏃᎮᎮᎸᎩ ᎣᏍᏛ ᎧᏃᎮᏛ ᎤᏁᎳᏅᎯ ᎤᏤᎵᎦ, ᏔᎵ ᎤᏛᏛᎩ ᎤᏣᏘ ᎠᏟᏂᎬᏁᏗ ᎨᏒᎢ.
3. ᎢᏨᏬᏁᏔᏅᏰᏃ ᎥᏝ ᎠᏓᎴᎾᏍᏗᏍᎩ ᏱᎨᏎᎢ, ᎥᏝ ᎠᎴ ᎦᏓᎭᎢ, ᎥᏝ ᎠᎴ ᎠᏠᏄᎮᏛ;
4. ᎤᏁᎳᏅᎯᏍᎩᏂ ᏰᎵᏉ ᏧᏰᎸᏅ ᎣᎦᎨᏅᏗᏍᏗᏱ ᎣᏍᏛ ᎧᏃᎮᏛ, ᎾᏍᎩᏯ ᎣᏥᏁᎦ; ᎥᏝ ᏴᏫᏉ ᎣᏏᏳ ᎤᏂᏰᎸᏗ, ᎤᏁᎳᏅᎯᏍᎩᏂ ᎾᏍᎩ ᏗᎪᎵᏰᏍᎩ ᏥᎩ ᏗᎩᎾᏫ.
5. ᎥᏝ ᎠᎴ ᎣᏥᏬᏂᏍᎬ ᎢᎸᎯᏳ ᎠᏎᏉ ᎠᏓᎸᏉᏙᏗ ᎨᏒ ᏲᏨᏗᏍᎨᎢ, ᎾᏍᎩ ᏥᏥᎦᏔᎭ, ᎥᏝ ᎠᎴ ᎪᎱᏍᏗ ᏲᏨᏗᏍᎨ ᏲᏧᏢᏗᏍᎨ ᏧᎬᏩᎶᏗ ᎠᎬᎥᎯᏍᏗ ᎨᏒᎢ; ᎤᏁᎳᏅᎯ ᎠᎦᏔᎯ;
6. ᎥᏝ ᎠᎴ ᏴᏫ ᎪᎩᎸᏉᏙᏗᏱ ᏲᎩᏲᎮᎢ, ᎥᏝ ᏂᎯ ᏱᏨᏲᏎᎮᎢ, ᎥᏝ ᎠᎴ ᏅᏩᎾᏓᎴᎢ; ᏰᎵᏉ ᎡᎦᏃ ᎦᎨᏛ ᎢᏗᎦᏲᏨᏁᏗ ᎨᏒᎩ, ᎦᎶᏁᏛ ᎣᎩᏅᏏᏛ ᎨᏒ ᎢᏳᏍᏗ.
7. ᎣᎦᏓᏅᏘᏳᏍᎩᏂ ᎨᏒᎩ ᎢᏨᏰᎳᏗᏙᎲᎢ, ᎾᏍᎩᏯ ᏧᏓᏍᏓᎢ ᏥᏓᏍᏆᏂᎪᏗᏍᎪ ᏧᏪᏥ;
8. ᎤᏣᏘᏃ ᎢᏨᎨᏳᏒ ᎢᏳᏍᏗ, ᎣᎦᏝᏴᏉ ᏗᏨᏲᎯᏎᏗᏱ ᎥᏝ ᎣᏍᏛ ᎧᏃᎮᏛ ᎤᏩᏒ ᎤᏁᎳᏅᎯ ᎤᏤᎵᎦ, ᎾᏍᏉᏍᎩᏂ ᎣᎬᏒ ᏙᏨᏅᎢ, ᏅᏓᎦᎵᏍᏙᏗᏍᎬᎩ ᎢᏨᎨᏳᎢᏳ ᎨᏒᎢ.
9. ᎢᏣᏅᏔᏉᏰᏃ, ᎢᏓᎵᏅᏟ, ᏙᎩᎸᏫᏍᏓᏁᎸ ᎠᎴ ᏙᎩᏯᏪᏥᏙᎸᎢ; ᏗᎬᏩᎩᏨᏗᏰᏃ ᏙᎩᎸᏫᏍᏓᏁᎲ ᏃᎦᏚᎵᏍᎬᎾ ᎨᏒ ᎢᏳᏍᏗ ᎠᏏᏴᏫ ᏂᏣᏛᏅ ᎦᎨᏛ ᎢᏲᏨᏴᏁᏗᏱ, ᎢᏨᏯᎵᏥᏙᏁᎸᎩ ᎣᏍᏛ ᎧᏃᎮᏛ ᎤᏁᎳᏅᎯ ᎤᏤᎵᎦ.
10. ᏂᎯ ᎢᏥᎦᏔᎯ ᏂᏣᎵᏍᏗᎭ, ᎠᎴ ᎾᏍᏉ ᎤᏁᎳᏅᎯ, ᏂᎦᎥ ᎾᏍᎦᏅᎾ ᎨᏒ ᎠᎴ ᏚᏳᎪᏛ ᎨᏒ, ᎠᎴ ᎦᎫᎯᏍᏙᏗ ᏂᎨᏒᎾ ᎨᏒ ᎣᎨᏙᎸ ᎢᏨᏰᎳᏗᏙᎸ ᏂᎯ ᎢᏦᎯᏳᎯ;
11. ᎾᏍᎩ ᏥᏥᎦᏔᎭ ᎢᏥᏏᏴᏫᎭ ᏂᏨᏪᏎᎸ ᎢᏨᏬᏁᏔᏅ, ᎠᎴ ᎢᏨᎦᎵᏍᏓᏛ, ᎠᎴ ᎢᏨᏰᏯᏔᏅᎢ, ᎾᏍᎩᏯ ᎠᎦᏴᎵᎨ ᏥᏂᏕᎦᏪᏎᎰ ᏧᏪᏥ,
12. ᎾᏍᎩ ᏂᎯ ᎢᏤᏙᎲ ᎤᏁᎳᏅᎯ ᎣᏏᏳ ᎤᏰᎸᏗ ᎢᏤᎵᏍᏗᏱ, ᎾᏍᎩ ᎢᏥᏯᏅᏛ ᏥᎩ ᏫᏥᎷᎯᏍᏗᏱ ᎤᏤᎵᎪᎯ ᎠᎴ ᎤᏤᎵ ᎦᎸᏉᏗᏳ ᏗᎨᏒᎢ.
13. ᎾᏍᎩ ᎾᏍᏉ ᏅᏗᎦᎵᏍᏙᏗᎭ ᏃᏥᏲᎯᏍᏗᏍᎬᎾ ᎣᏣᎵᎡᎵᏤᎭ ᎤᏁᎳᏅᎯ, ᎾᏍᎩ ᎢᏳᏃ ᏕᏣᏓᏂᎸᏨ ᎧᏃᎮᏛ ᎤᏁᎳᏅᎯ ᎤᏤᎵᎦ, ᎾᏍᎩ ᎠᏴ ᏍᎩᏯᏛᎦᏁᎸᎯ, ᎥᏝ ᏴᏫᏉ ᎤᎾᏤᎵ ᎧᏃᎮᏛ ᎢᏳᏍᏗ ᏱᏗᏣᏓᏂᎸᏤᎢ, ᎤᏁᎳᏅᎯᏍᎩᏂ ᎤᏤᎵ ᎧᏃᎮᏛ, ᎤᏙᎯᏳᎯᏯ ᏥᎩ, ᎾᏍᎩᏯ ᏕᏣᏓᏂᎸᏨᎩ, ᎾᏍᎩ ᎾᏍᏉ ᎤᏣᏘ ᏥᏚᎸᏫᏍᏓᏁᎭ ᏕᏣᏓᏅᏛ ᏂᎯ ᎾᏍᎩ ᎢᏦᎯᏳᏅᎯ.
14. ᏂᎯᏰᏃ, ᎢᏓᎵᏅᏟ, ᏗᏥᏍᏓᏩᏕᎩ ᏂᏣᎵᏍᏔᏅᎩ ᏧᎾᏁᎶᏗ ᏚᎾᏓᏡᎬ ᎤᏁᎳᏅᎯ ᏧᏤᎵᎦ ᏧᏗᏱ ᎠᏁᎯ, ᎾᏍᎩ ᎦᎶᏁᏛ ᏥᏌ ᎬᏬᎯᏳᎲᏍᎩ ᏥᎩ; ᏂᎯᏰᏃ ᎾᏍᏉ ᎤᏠᏱ ᏕᏥᎩᎵᏲᏤᎸᎩ ᏗᏣᏤᎵᎦ ᏴᏫ, ᎾᏍᎩᏯ ᎾᏍᎩ ᏥᏚᏂᎩᎵᏲᏤᎴ ᎠᏂᏧᏏ;
15. ᎾᏍᎩ ᎾᏍᏉ ᏧᏂᎸᎩ ᎤᎬᏫᏳᎯ ᏥᏌ, ᎠᎴ ᎠᎾᏙᎴᎰᏍᎩ ᎤᏅᏒ ᏧᎾᏤᎵᎦ, ᎠᎴ ᎠᏴ ᎪᎦᏕᏯᏙᏔᏅᎩ; ᎠᎴ ᎥᏝ ᎣᏏᏳ ᎤᏰᎸᏗ ᎤᏁᎳᏅᎯ ᏱᎾᎾᏛᏁᎭ, ᎠᎴ ᎾᏂᎥ ᏴᏫ ᏓᏂᎦᏘᎴᎦ;
16. ᎪᎩᏅᏍᏓᏕᎰᎢ ᏦᏥᏬᏁᏙᏗᏱ ᏧᎾᏓᎴᏅᏛ ᏴᏫ, ᎾᏍᎩ ᎦᎨᏥᏍᏕᎸᏗ ᎢᏳᎵᏍᏙᏗᏱ, ᎤᏂᎧᎵᎢᏍᏗᏱ ᏂᎪᎯᎸ ᎤᏂᏍᎦᏅᏨᎢ; ᎤᏔᎳᏬᎯᏍᏗᏍᎩᏂ ᎨᏒ ᏩᏍᏛ ᎢᏴᏛ ᎤᏂᎷᏤᎸ.
17. ᎠᏴᏍᎩᏂ ᎢᏓᎵᏅᏟ, ᏞᎦ ᎣᎦᏓᏓᎴᏔᏅ ᏦᏥᏰᎸᎢ, ᎥᏝᏃ ᏦᎩᎾᏫᏱ, ᎤᏟ ᎢᎦᎢ ᎣᎦᏟᏂᎬᏁᎸᎩ ᏕᏣᎧᏛ ᏦᎩᎪᏩᏛᏗᏱ, ᎤᏣᏘ ᎠᏚᎸᏗ ᎣᎬᏔᏅᎩ.
18. ᎾᏍᎩ ᎢᏳᏍᏗ ᎣᎦᏚᎵᏍᎬᎩ ᏫᏨᎷᏤᏗᏱ, ᎠᎴ ᎠᏴ, ᏉᎳ, Ꮀ ᎤᎬᏫᏳᏒᎩ, ᏌᏉ ᎠᎴ ᏔᎵᏁ ᎠᏆᏚᎸᎲᎩ; ᎠᏎᏃ ᏎᏓᏂ ᎣᎩᏲᏍᏙᏓᏁᎲᎩ.
19. ᎦᏙᏰᏃ ᎤᏚᎩ ᎣᎬᎭ, ᎠᎴ ᎦᏙ ᎣᏍᏛ ᏱᎦᏓᏅᏓᏗᎭ, ᎠᎴ ᎦᏙ ᎤᏍᏗ ᎠᎵᏍᏚᎶ ᎣᎦᎵᎮᎵᏍᏙᏗ? ᏝᏍᎪ ᏂᎯ ᏱᎨᏎᏍᏗ ᎠᎦᏔᎲ ᎢᎦᏤᎵ ᎤᎬᏫᏳᎯ ᏥᏌ ᎦᎶᏁᏛ ᎾᎯᏳ ᎦᎷᏨᎭ?
20. ᏂᎯᏰᏃ ᎦᎸᏉᏗᏳ ᎢᏍᎩᏴᏁᎯ ᎠᎴ ᏍᎩᏯᎵᎮᎵᏍᏗᏍᎩ.

== I Thessalonians 3 ==
1. ᎾᏍᎩ ᎢᏳᏍᏗ ᎿᎭᏉ ᎤᏟ ᎢᎪᎯᏛ ᎦᏲᎦᏛᏂᏗᏍᏗ ᏂᎨᏒᎾ ᏄᎵᏍᏔᏅ, ᎣᏏᏳ ᎣᎩᏰᎸᏅᎩ ᎣᎬᏒ ᎣᎩᎧᎯᏯᏍᏗᏱ ᎡᏗᏂᏱ;
2. ᎠᎴ ᎣᏥᏅᏒᎩ ᏗᎹᏗ, ᎣᏣᎵᏅᏟ, ᎠᎴ ᎤᏁᎳᏅᎯ ᎪᎱᏍᏗ ᎠᏛᏁᎯ, ᎠᎴ ᎠᏴ ᎢᏧᎳᎭ ᏦᎩᎸᏫᏍᏓᏁᎯ ᎣᏍᏛ ᎧᏃᎮᏛ ᎦᎶᏁᏛ ᎤᏤᎵ ᎤᎬᏩᎵ, ᎾᏍᎩ ᏗᏣᎵᏂᎪᎯᏍᏙᏗᏱ, ᎠᎴ ᏗᏥᎧᎵᏍᏓᏗᏍᏗᏱ ᎢᏦᎯᏳᏒ ᎤᎬᏩᎵ;
3. ᎾᏍᎩ ᎩᎶ ᎠᏥᏖᎸᏗᏱ ᏂᎨᏒᎾ ᎯᎠ ᎾᏍᎩ ᎠᎩᎵᏲᎢᏍᏗ ᎨᏒ ᎢᏳᏩᏂᏌᏛ; ᎢᏨᏒᏰᏃ ᎢᏥᎦᏔᎭ ᎾᏍᎩ ᎢᎦᎵᏍᏓᏁᏗᏱ ᎡᎩᏁᏤᎸᎯ ᎨᏒᎢ.
4. ᎤᏙᎯᏳᎯᏰᏃ ᏥᏨᏰᎳᏗᏙᎲᎩ, ᏂᏨᏃᏁᎶ ᎢᎩᎩᎵᏲᎢᏍᏗ ᎨᏒᎢ; ᎾᏍᎩᏯ ᏥᏄᎵᏍᏔᏅ, ᎠᎴ ᎾᏍᎩ ᏥᏥᎦᏔᎭ.
5. ᎾᏍᎩ ᏅᏓᏳᎵᏍᏙᏔᏅᎩ, ᎿᎭᏉ ᎤᏟ ᎢᎪᎯᏛ ᎬᏆᏛᏂᏗᏍᏗ ᏂᎨᏒᎾ ᏄᎵᏍᏔᏅ, ᎠᏆᏓᏅᏒᎩ ᎠᏆᏙᎴᎰᎯᏍᏗᏱ ᏄᏍᏛ ᎢᏦᎯᏳᏒᎢ, ᎪᎱᏍᏗ ᏴᏗᎤᎵᏍᏙᏔᏅ ᎠᏓᎪᎵᏰᏍᎩ ᏳᏂᎪᎵᏰᎥ, ᏙᎩᎸᏫᏍᏓᏁᎸᏃ ᎠᏎᏉ ᏱᏄᎵᏍᏔᏂᏙᎸ, ᎠᏇᎵᏒᎩ.
6. ᎠᏎᏃ ᎿᎭᏉ ᏗᎹᏗ ᎣᎩᎷᏤᎸᎯ ᏥᎩ, ᏗᏤᎲ ᏅᏓᏳᎶᏒᎯ, ᎠᎴ ᎣᏍᏛ ᎠᏰᎸᏗ ᎣᎩᏃᎮᎮᎸᎯ ᏥᎩ, ᎢᏦᎯᏳᏒ ᎠᎴ ᎠᏓᎨᏳᏗ ᎨᏒ ᎢᏤᎲ ᎤᎬᏩᎵ, ᎠᎴ ᏂᎪᎯᎸ ᎣᏏᏳ ᏍᎩᏯᏅᏛᎢ, ᎤᏣᏘ ᎢᏣᏚᎵᏍᎬ ᏍᎩᎪᏩᏛᏗᏱ, ᎾᏍᎩᏯ ᎾᏍᏉ ᎠᏴ ᎣᎦᏚᎵᏍᎬ ᎢᏨᎪᏩᏛᏗᏱ;
7. ᎾᏍᎩ ᎢᏳᏍᏗ, ᎢᏓᎵᏅᏟ, ᎢᏨᏯᏓᏅᏖᎸ ᎤᎧᎵᏍᏗ ᎣᎦᏓᏅᏓᏛᎩ ᏂᎦᎥ ᎣᏥᎩᎵᏲᎬ ᎠᎴ ᎤᏪᎵᎯᏍᏗ ᎣᎦᏓᏅᏔᏩᏕᎬᎢ, ᏂᎯ ᎢᏦᎯᏳᏒ ᏅᏓᏳᎵᏍᏙᏔᏅᎩ.
8. ᎪᎯᏰᏃ ᏥᎩ ᏦᏨᏃᏛ, ᎢᏳᏃ ᎤᎵᏂᎩᏛ ᏕᏥᏙᎨᏍᏗ ᎤᎬᏫᏳᎯ ᏕᏣᏁᎶᏛᎢ.
9. ᎢᎳᎪᏰᏃ ᎢᎦᎢ ᎠᎵᎮᎵᏍᏗ ᏲᏣᎫᏴᏓᏏ ᎤᏁᎳᏅᎯ ᏂᎯ ᎨᏒ ᎢᏳᏍᏗ, ᏅᏗᎦᎵᏍᏙᏗᏍᎬ ᏂᎦᎥ ᎣᏍᏛ ᎠᏓᏅᏓᏗᏍᏗ ᎨᏒ ᎾᏍᎩ ᎣᏣᏓᏅᏓᏗᏍᎬ ᏂᎯ ᎨᏒ ᎤᎬᏩᎵ ᎣᎦᏤᎵ ᎤᏁᎳᏅᎯ ᎠᎦᏔᎲᎢ;
10. ᏗᎬᏩᎩᏨᏗ ᎤᏣᏘ ᎣᏣᏓᏙᎵᏍᏗᏍᎬ ᎣᏥᏔᏲᎯᎲ, ᎾᏍᎩ ᏗᎦᏲᎩᎪᏩᏛᏗ ᎢᏳᎵᏍᏙᏗᏱ ᏕᏣᎧᏛᎢ, ᎠᎴ ᎣᎩᎧᎵᏏᏐᏗᏱ ᎾᏍᎩ ᎦᎷᎶᏥᏙᎲ ᎢᏦᎯᏳᏒᎢ.
11. ᎤᎾᎳᏅᎯᏃ ᎤᏩᏒ ᎾᏍᎩ ᎢᎩᏙᏓ, ᎠᎴ ᎢᎦᏤᎵ ᎤᎬᏫᏳᎯ ᏥᏌ ᎦᎶᏁᏛ, ᎣᎦᏘᏅᏍᏗ ᎨᏎᏍᏗ ᏗᏤᎲᎢ.
12. ᎠᎴ ᎤᎬᏫᏳᎯ ᎢᏳᏩᏂᏐᏗ ᎨᏎᏍᏗ ᎢᏥᏁᏉᏤᏗᏱ ᎠᎴ ᎤᏣᏘ ᎢᏳᎵᏍᏙᏗᏱ ᏕᏣᏓᎨᏳᏒᎢ, ᎠᎴ ᎾᏂᎥ ᏕᏥᎨᏳᏒᎢ, ᎾᏍᎩᏯ ᎠᏴ ᏂᎯ ᎢᏨᎨᏳᏒᎢ;
13. ᎾᏍᎩ ᏧᎵᏂᎪᎯᏍᏙᏗᏱ ᏗᏥᎾᏫ, ᎾᏍᎩ ᎦᏰᏧᎢᏍᏙᏗ ᏂᎨᏒᎾ ᎢᏳᎵᏍᏙᏗᏱ ᏚᏳᎪᏛ ᏂᏣᏛᏁᎸ ᎤᏁᎳᏅᎯ ᎠᎦᏔᎲᎢ, ᎾᏍᎩ ᎢᎩᏙᏓ, ᎾᎯᏳ ᎦᎷᏨᎭ ᎢᎦᏤᎵ ᎤᎬᏫᏳᎯ ᏥᏌ ᎦᎶᏁᏛ ᎠᏁᎮᏍᏗ ᏂᎦᏗᏳ ᎤᎾᏓᏅᏘ ᏧᏤᎵᎦ.

== I Thessalonians 4 ==
1. ᎠᎴ ᎾᏍᏉ, ᎢᏓᎵᏅᏟ, ᎢᏨᏔᏲᏎᎭ, ᎠᎴ ᎢᏨᏍᏗᏰᏗᎭ, ᎤᎬᏫᏳᎯ ᏥᏌ ᏅᏗᎦᎵᏍᏙᏗᎭ, ᎾᏍᎩ Ꮎ ᏍᎩᏯᏛᎦᏁᎸᎯ ᏥᎩ ᎢᏣᏛᏁᏗᏱ ᎢᏤᏓᏍᏗᏱ ᎾᏍᎩ ᎣᏏᏳ ᎬᏩᏰᎸᏗ ᎨᏒ ᎤᏁᎳᏅᎯ, ᎾᏍᎩ ᏂᏣᏛᏁᎲ ᎧᏁᏉᏥᏎᏍᏗᏉ.
2. ᎢᏥᎦᏔᎭᏰᏃ ᏄᏍᏛ ᏕᏨᏲᎯᏎᎸ ᏗᎧᎿᎭᏩᏛᏍᏗ ᎤᎬᏫᏳᎯ ᏥᏌ ᎣᏏᏳ ᎤᏰᎸᏅᎯ ᎨᏒᎢ.
3. ᎯᎠᏰᏃ ᎾᏍᎩ ᏄᏍᏗ ᎤᏁᎳᏅᎯ ᎠᏓᏅᏖᏍᎬᎢ, ᏗᏣᏓᏅᎦᎸᏛ ᎢᏣᎵᏍᏙᏗᏱ, ᎾᏍᎩ ᏗᏥᏲᎯᏍᏗᏱ ᎤᏕᎵᏛ ᏗᏂᏏᏗ ᎨᏒᎢ;
4. ᎾᏍᎩ ᏂᏥᎥ ᎢᏥᏏᏴᏫᎭ ᏱᏥᎦᏔᎭ ᎢᏣᏛᏁᏗᏱ ᎢᏥᏍᏆᏂᎪᏙᏗᏱ ᎢᏥᏰᎸᎢ ᎤᏓᏅᎦᎸᏛ ᎨᏒ ᎠᎴ ᎦᎸᏉᏗᏳ ᎨᏒᎢ;
5. ᎥᏝᏃ ᎢᏤᎳᏲᎯᏍᏗ ᎨᏒᎢ, ᎾᏍᎩᏯ ᎾᎾᏛᏁᎲ ᏧᎾᏓᎴᏅᏛ ᏴᏫ ᎤᏁᎳᏅᎯ ᎾᏂᎦᏔᎲᎾ ᏥᎩ;
6. ᎾᏍᎩ ᎩᎶ ᎤᎶᏒᏍᏓᏁᏗᏱ ᎠᎴ ᎤᎶᏄᎮᏗᏱ ᏂᎨᏒᎾ ᎠᎾᎵᏅᏟ ᏥᏂᎦᎥᏉ ᎪᎱᏍᏗ ᎤᎬᏩᎵ; ᎤᎬᏫᏳᎯᏰᏃ ᏗᏞᏤᎯ ᎯᎠ ᎾᏍᎩ ᎾᎦᎥ ᏧᏓᎴᏅᏛ, ᎾᏍᎩ ᎦᏳᎳ ᎢᏨᏃᏁᎸᎯ ᎠᎴ ᎢᏨᏲᎢᏳᏓᏁᎸᎯ ᏥᎩ.
7. ᎤᏁᎳᏅᎯᏰᏃ ᎥᏝ ᏱᎩᏯᏅᎲ ᎦᏓᎭ ᎢᎦᎵᏍᏙᏗᏱ ᎢᎦᏓᏅᎦᎸᏛᏍᎩᏂ ᎢᎦᎵᏍᏙᏗᏱ.
8. ᎾᏍᎩ ᎢᏳᏍᏗ ᎩᎶ ᎠᏓᏂᏉᏘᎯ, ᎥᏝ ᏴᏫ ᏱᎦᏂᏆᏘᎭ, ᎤᏁᎳᏅᎯᏍᎩᏂ, ᎾᏍᎩ ᎾᏍᏉ ᎤᏤᎵ ᎦᎸᏉᏗᏳ ᎠᏓᏅᏙ ᎢᎩᏁᎸᎯ ᏥᎩ.
9. Ꭰ-ᏍᎩᏂ ᎠᎾᎵᏅᏟ ᏧᎾᏓᎨᏳᏗ ᎨᏒ ᎤᎬᏩᎵ ᎥᏝ ᎤᏚᎸᏗ ᏱᏂᏣᎵᏍᏓᏁᎭ ᏫᏨᏲᏪᎳᏁᏗᏱ; ᎢᏨᏒᏰᏃ ᎤᏁᎳᏅᎯ ᎢᏤᏲᏅᎯ ᎢᎩ ᏗᏣᏓᎨᏳᏗᏱ.
10. ᎤᏙᎯᏳᎯᏰᏃ ᎾᏍᎩ ᏂᏣᏛᏁᎭ ᎾᏂᎥ ᏕᏥᎨᏳᎭ ᎠᎾᎵᏅᏟ ᎹᏏᏙᏂ ᎠᏁᎯ; ᎠᏎᏃ ᎢᏨᏍᏗᏰᏗᎭ, ᎢᏓᎵᏅᏟ, ᎢᏥᏁᏉᎢᏍᏗᏱ ᎤᏟᎯᏳ ᎢᎦᎢ;
11. ᎠᎴ ᎢᏣᏟᏂᎬᏁᏗᏱ ᏅᏩᏙᎯᏯᏛ ᎢᏣᏕᏗᏱ, ᎠᎴ ᎢᏨᏒ ᎢᏣᏤᎵ ᏗᎦᎸᏫᏍᏓᏁᏗ ᏗᏥᎸᏫᏍᏓᏁᏗᏱ, ᎠᎴ ᎢᏨᏒ ᏗᏦᏰᏂ ᏗᏨᏙᏗᏱ ᎪᎱᏍᏗ ᎢᏣᏛᏁᏗᏱ, ᎾᏍᎩᏯ ᏂᏨᏪᏎᎸᎢ;
12. ᎾᏍᎩ ᎣᏏ ᎬᏰᎸᏗ ᎨᏥᏓᏍᏗ ᏱᎩ ᎠᏂᎦᏔᎲ ᎾᏍᎩ ᎠᏁᎳ ᏂᎨᏒᎾ, ᎠᎴ ᎪᎱᏍᏗ ᏂᏥᏂᎬᏎᎲᎾ ᏱᎩ.
13. ᎠᏎᏃ, ᎢᏓᎵᏅᏟ, ᎥᏝ ᎾᏂᎦᏔᎥᎾᏉ ᎨᏎᏍᏗ ᏱᏨᏰᎵᏎᎭ ᎾᏍᎩ Ꮎ ᎤᏂᎵᏅᏨᎯ ᎤᎬᏩᎵ, ᎾᏍᎩ ᎤᏲ ᎢᏣᏓᏅᏓᏗᏍᏗᏱ ᏂᎨᏒᎾ ᎾᏍᎩ ᏅᏩᎾᏓᎴ ᎤᏚᎩ ᏄᏅᏒᎾ ᎾᏍᎩᏯ ᏄᎾᏍᏛᎢ.
14. ᎢᏳᏰᏃ ᏱᏙᎯᏳᎲᏍᎦ ᏥᏌ ᎤᏲᎱᏒᎢ, ᎠᎴ ᏚᎴᎯᏌᏅᎢ, ᎾᏍᎩᏯ ᎾᏍᏉ ᎾᏍᎩ Ꮎ ᏥᏌ ᎤᎾᎵᏍᎦᏍᏙᏔᏅᎯ ᎤᏂᎵᏅᏨᎯ ᎤᏁᎳᏅᎯ ᏧᏘᏃᎯᏍᏗ ᎨᏎᏍᏗ ᏥᏌ ᎦᎷᏨᎭ.
15. ᎯᎠᏰᏃ ᏂᏨᏪᏎᎭ ᎣᏨᏗᎭ ᎤᎬᏫᏳᎯ ᎤᏁᏨᎢ, ᎾᏍᎩ ᎠᏴ ᏗᏛᏃᏛ ᎠᎴ ᎢᏓᎴᏂᏙᎯ ᎤᎬᏫᏳᎯ ᎦᎷᏨ ᎢᏳᎢ ᎥᏝ ᏱᏙᎨᏗᎪᏅ ᎾᏍᎩ Ꮎ ᎤᏂᎵᏅᏨᎯ.
16. ᎤᎬᏫᏳᎯᏰᏃ ᎤᏩᏒ ᏛᏠᎠᏏᎵ ᎦᎸᎳᏗ ᏅᏓᏳᎶᏒᎯ ᎤᎵᏠᏯᏍᏕᏍᏗ ᎤᏁᎷᎬᎢ, ᎠᎴ ᏄᎬᏫᏳᏒ ᏗᎧᎿᎭᏩᏗᏙᎯ ᎧᏁᎬᎢ, ᎠᎴ ᎠᏤᎷᎩ ᎤᏁᎳᏅᎯ ᎤᏤᎵᎦ ᎤᏃᏴᎬᎢ; ᏧᏂᏲᎱᏒᎯᏃ ᎦᎶᏁᏛ ᎤᎾᎵᏍᎦᏙᏔᏅᎯ ᎢᎬᏱ ᏙᏛᎾᎴᏂ;
17. ᎿᎭᏉᏃ ᎠᏴ ᏗᏛᏃᏛ ᎠᎴ ᎢᏓᎴᏂᏙᎯ ᎾᏍᎩ ᎢᏧᎳᎭ ᎡᎦᏘᎾᏫᏛᏗ ᎨᏎᏍᏗ ᎤᎶᎩᎸᎢ, ᏫᏕᏓᏠᎢᏍᏗᏱ ᎤᎬᏫᏳᎯ ᎦᎸᎶᎢ; ᎾᏍᎩᏃ ᏂᎪᎯᎸ ᎤᎬᏫᏳᎯ ᎢᏧᎳᎭ ᏫᏕᎮᏍᏗ.
18. ᎾᏍᎩ ᎢᏳᏍᏗ ᏕᏣᏓᎦᎵᏍᏓᏗᏍᏗᏍᎨᏍᏗ ᎯᎠ ᎾᏍᎩ ᏥᏕᏣᏓᏪᏎᎲᎢ.

== I Thessalonians 5 ==
1. ᎾᎯᏳᏍᎩᏂ ᎨᏒᎢ ᎠᎴ ᎾᎯᏳ ᏕᎨᏌᏗᏒᎢ, ᎢᏓᎵᏅᏟ, ᎥᏝ ᎤᏚᎸᏗ ᏱᏂᏣᎵᏍᏓᏁᎭ ᎢᏨᏲᏪᎳᏁᏗᏱ.
2. ᎢᏨᏒᏰᏃ ᎣᏏᏳ ᎢᏥᎦᏔ ᎾᏍᎩ ᎤᎬᏫᏳᎯ ᎤᏤᎵ ᎢᎦ ᎤᎵᏰᎢᎶᎯᏍᏗ ᎨᏒ ᎾᏍᎩᏯ ᎦᏃᏍᎩᏍᎩ ᏒᏃᏱ ᏥᎦᎷᎪᎢ.
3. ᎾᎯᏳᏰᏃ ᏅᏩᏙᎯᏯᏛ ᎠᎴ ᏄᎾᏰᎯᏍᏛᎾ ᎠᎾᏗᏍᎨᏍᏗ, ᎿᎭᏉ ᏄᏰᎶᎢᏍᏔᏅᏛ ᎠᏓᏛᏗᏍᎩ ᎤᏂᎷᏤᏗ ᎨᏎᏍᏗ, ᎾᏍᎩᏯ ᎠᎩᎵᏯ ᏧᎷᏤᎰ ᎠᎨᏴ ᎦᏁᎵᏛ; ᎠᎴ ᎥᏝ ᎤᎾᏗᏫᏎᏗ ᏱᎨᏎᏍᏗ.
4. ᏂᎯᏍᎩᏂ, ᎢᏓᎵᏅᏟ, ᎥᏝ ᎤᎵᏏᎬ ᏱᏤᎭ, ᎾᏍᎩ Ꮎ ᎾᎯᏳ ᎢᎦ ᎨᏣᏢᏔᏍᏗ ᎢᏳᎵᏍᏙᏗᏱ ᎾᏍᎩᏯ ᎦᏃᏍᎩᏍᎩ ᏧᏢᏔᏍᎪᎢ.
5. ᏂᏥᎥᎢ ᎢᎦ-ᎦᏘ ᏧᏪᏥ, ᎠᎴ ᎢᎦ ᏧᏪᏥ; ᎥᏝ ᏒᏃᏱ ᎠᎴ ᎤᎵᏏᎬ ᎢᏕᎯ ᏱᎩ.
6. ᎾᏍᎩ ᎢᏳᏍᏗ ᏞᏍᏗ ᏱᏗᎵᎮᏍᏗ, ᎾᏍᎩᏯ ᎠᏂᏐᎢ ᎾᎾᏛᏁᎲᎢ; ᎢᏗᏯᏫᏍᎨᏍᏗᏍᎩᏂ ᎠᎴ ᏂᏗᎩᏴᏍᏕᏍᎬᎾ ᎨᏎᏍᏗ.
7. ᎠᏂᎵᎯᏰᏃ, ᏒᏃᏱ ᏓᏂᎵᎰᎢ; ᎠᎴ ᎾᏍᎩ Ꮎ ᏧᏂᏴᏍᏕᏍᎩ, ᏒᏃᏱ ᏚᏂᏴᏍᏕᏍᎪᎢ.
8. ᎠᏴᏍᎩᏂ ᎢᎦ ᎢᏕᎯ ᏥᎩ ᏂᏗᎩᏴᏍᏕᏍᎬᎾ ᎨᏎᏍᏗ, ᎠᏓᏁᏣᏍᏚᎶ ᎪᎯᏳᏗ ᎨᏒ ᎠᎴ ᎠᏓᎨᏳᏗ ᎨᏒ ᎢᏓᏓᏁᏥᏍᏚᎶᏗᏍᎨᏍᏗ, ᎡᎩᏍᏕᎸᏗᏱᏃ ᎨᏒ ᎤᏚᎩ ᎢᎬᏒ ᎢᎦᎵᏍᏚᎶᏕᏍᏗ.
9. ᎤᏁᎳᏅᎯᏰᏃ ᎥᏝ ᏱᎦᏑᏰᏒ ᎤᏔᎳᏬᎯᏍᏗ ᎨᏒ ᎢᎩᎷᏤᏗᏱ; ᎠᎵᏍᏕᎸᏙᏗᏍᎩᏂ ᎢᎩᏩᏛᏗᏱ ᎢᎦᏤᎵ ᎤᎬᏫᏳᎯ ᏥᏌ ᎦᎶᏁᏛ ᎢᏳᏩᏂᏌᏛ;
10. ᎾᏍᎩ ᏥᎩᏲᎱᎯᏎᎴᎢ, ᎾᏍᎩ ᎾᏍᏉ ᏱᏗᎵᎭ ᎠᎴ ᏂᏗᎵᎲᎾ ᏱᎩ, ᎾᏍᎩ ᎢᏧᎳᎭ ᏫᎦᏕᏗᏱ ᎢᏳᎵᏍᏙᏗᏱ.
11. ᎾᏍᎩ ᎢᏳᏍᏗ, ᏕᏣᏓᎦᎵᏍᏓᏗᏍᎨᏍᏗ, ᎠᎴ ᏕᏣᏓᎵᏂᎪᎯᏍᏗᏍᎨᏍᏗ, ᎾᏍᎩᏯ ᏥᏂᏣᏛᏁᎭ.
12. ᎠᎴ ᎢᏨᏔᏲᏎᎭ, ᎢᏓᎵᏅᏟ, ᎾᏍᎩ ᏗᏥᎦᏔᎯ ᎢᏳᎵᏍᏙᏗᏱ ᎾᏍᎩ Ꮎ ᏧᏂᎸᏫᏍᏓᏁᎯ ᎢᏤᎲᎢ, ᎠᎴ ᏗᎨᏣᏁᎶᏗ ᏥᎩ ᎤᎬᏫᏳᎯ ᏕᏣᏁᎶᏛᎢ, ᎠᎴ ᏥᎨᏣᏅᏓᏗᏍᏗᎭ;
13. ᎠᎴ ᎤᏣᏘ ᏗᏥᎸᏉᏗᏳ ᎢᏳᎵᏍᏙᏗᏱ ᎠᏓᎨᏳᏗ ᎬᏗ ᏅᏗᎦᎵᏍᏙᏗᏍᎨᏍᏗ ᏚᏂᎸᏫᏍᏓᏁᎲᎢ. ᎠᎴ ᏙᎯᏱ ᏂᏨᏁᏍᏗ ᎢᏨᏒ ᎢᏤᎲᎢ.
14. ᎠᎴ ᎢᏨᏔᏲᏎᎭ, ᎢᏓᎵᏅᏟ, ᏕᏤᏯᏔᎲᏍᎨᏍᏗ ᎾᏍᎩ Ꮎ ᏄᎾᏁᎸᎾ, ᏕᏥᎦᎵᏍᏓᏗᏍᎨᏍᏗ ᏗᏩᎾᎦᎳ ᏧᎾᏓᏅᏘ, ᏕᏥᏂᏴᏎᏍᏗ ᏗᏂᏩᎾᎦᎳᎢ, ᏗᏨᏂᏗᏳ ᎨᏎᏍᏗ ᎾᏂᎥ [ᎤᏣᏘᏂ ᏂᎨᏣᏛᏁᎲᎢ.]
15. ᏞᏍᏗ ᎩᎶ ᎤᏲ ᎾᎬᏁᎸ ᏳᏞᎨᏍᏗ ᎤᏲ ᏱᎾᏓᏛᏁᎮᏍᏗ; ᎢᏥᏍᏓᏩᏕᎨᏍᏗᏍᎩᏂ ᏂᎪᎯᎸ ᎾᏍᎩ ᎣᏍᏛ ᎨᏒᎢ, ᎾᏍᏉ ᎢᏨᏒ ᎪᎱᏍᏗ ᏕᏣᏓᏛᏗᏍᎬ, ᎠᎴ ᎾᏂᎥᏉ.
16. ᎢᏣᎵᎮᎵᎨᏍᏗ ᏂᎪᎯᎸᎢ;
17. ᏂᏥᏲᎯᏍᏗᏍᎬᎾ ᎢᏣᏓᏙᎵᏍᏗᏍᎨᏍᏗ;
18. ᏂᎦᎥᏉ ᏂᏣᎵᏍᏓᏁᎵᏕᎬ ᎡᏣᎵᎡᎵᏤᎮᏍᏗ [ᎤᏁᎳᏅᎯ;] ᎯᎠᏰᏃ ᎾᏍᎩ ᎤᏁᎳᏅᎯ ᎢᏣᏓᏅᏖᎮᎲ ᏥᏌ ᎦᎶᏁᏛ ᏕᏣᏁᎶᏛ ᎢᏳᏍᏗ.
19. ᎠᏓᏅᏙ ᎠᏓᏪᎵᎩᏍᎬ ᏞᏍᏗ ᏴᏝᏗᏍᎨᏍᏗ.
20. ᏞᏍᏗ ᎠᏎᏉ ᏱᏥᏰᎸᏍᎨᏍᏗ ᎠᏙᎴᎰᎯᏍᏗ ᎨᏒᎢ.
21. ᏄᏓᎴᏒ ᎪᎱᏍᏗ ᎢᏥᎪᎵᏰᏍᎨᏍᏗ; ᎠᏍᏓᏯ ᏕᏥᏂᏴᏎᏍᏗ ᎾᏍᎩ Ꮎ ᎣᏍᏛ ᎨᏒᎢ.
22. ᎢᏣᏓᏅᎡᎮᏍᏗ ᏂᎦᎥ ᏄᏓᎴᏒ ᎤᏲᎢ.
23. ᎤᏁᎳᏅᎯᏃ ᎤᏩᏒ ᏅᏩᏙᎯᏯᏛ ᎠᏓᏁᎯ ᏂᎦᎷᎶᎬᎾ ᎢᏥᏅᎦᎸᏗ ᎨᏎᏍᏗ; ᎠᎴ ᏂᎬ ᎢᏣᏓᏅᏖᏗᏱ ᎠᎴ ᏗᏣᏓᏅᏙ ᎠᎴ ᏗᏥᏰᎸᎢ ᏤᏥᏍᏆᏂᎪᏓᏁᏗ ᎨᏎᏍᏗ, ᏂᏚᏚᎯᏍᏛᎾ ᎢᏣᎵᏍᏙᏗᏱ ᎢᎦᏤᎵ ᎤᎬᏫᏳᎯ ᏥᏌ ᎦᎶᏁᏛ ᎦᎷᏨ ᎢᏳᎢ.
24. ᏄᏓᎵᏓᏍᏛᎾ ᎾᏍᎩ Ꮎ ᎢᏣᏯᏅᏛ, ᎾᏍᏉ ᎾᏍᎩ ᎠᏎ ᏥᏅᏛᏛᏁᎵ.
25. ᎢᏓᎵᏅᏟ ᏍᎩᏯᏅᏓᏗᏍᎨᏍᏗ ᎢᏣᏓᏙᎵᏍᏗᏍᎬᎢ.
26. ᏂᎦᏛ ᎠᎾᎵᏅᏟ ᎦᎸᏉᏗᏳ ᏗᏓᏙᏪᏙᎥᏍᏗ ᏕᏥᏲᎵᏍᏗᏍᎨᏍᏗ.
27. ᎢᏨᏁᏤᎭ ᎤᎬᏫᏳᎯ ᎢᏨᏁᎢᏍᏓᏁᎭ, ᎯᎠ ᎾᏍᎩ ᎪᏪᎵ ᎨᏥᎪᎵᏰᏗᏱ ᎾᏂᎥ ᎤᎾᏓᏅᏘ ᎠᎾᎵᏅᏟ.
28. ᎢᎦᏤᎵ ᎤᎬᏫᏳᎯ ᏥᏌ ᎦᎶᏁᏛ ᎬᏩᎦᏘᏯ ᎤᏓᏙᎵᏍᏗ ᎨᏒ ᏕᏥᎧᎿᎭᏩᏗᏙᎮᏍᏗ. ᎡᎺᏅ.

== II Thessalonians 1 ==
1. ᏉᎳ, ᎠᎴ ᏌᏱᎳ, ᎠᎴ ᏗᎹᏗ, ᏫᏨᏲᏪᎳᏏ ᏗᏣᏁᎶᏗ ᎢᏣᏓᏡᎬ ᏕᏏᎶᏂᎦ ᎢᏤᎯ ᎤᏁᎳᏅᎯ ᎢᎩᏙᏓ ᎠᎴ ᎤᎬᏫᏳᎯ ᏥᏌ ᎦᎶᏁᏛ ᏕᏣᏁᎶᏛᎢ.
2. ᎬᏩᎦᏘᏯ ᎤᏓᏙᎵᏍᏗ ᎨᏒ ᎠᎴ ᏅᏩᏙᎯᏯᏛ ᏕᏥᎧᎿᎭᏩᏗᏙᎮᏍᏗ ᏅᏓᏳᎾᎵᏍᎪᎸᏔᏅᎯ ᎤᏁᎳᏅᎯ ᎢᎩᏙᏓ ᎠᎴ ᎤᎬᏫᏳᎯ ᏥᏌ ᎦᎶᏁᏛ.
3. ᎣᎦᏚᏓᎳ ᏂᎪᎯᎸ ᎣᏣᎵᎡᎵᏤᏗᏱ ᎤᏁᎳᏅᎯ ᏂᎯ ᎢᏓᎵᏅᏟ ᎤᎬᏩᎵ, ᏥᏚᏳᎪᏗ ᎾᏍᎩ ᎢᏲᎦᏛᏁᏗᏱ, ᏅᏗᎦᎵᏍᏙᏗᎭ ᎢᏦᎯᏳᏒ ᎤᏣᏘ ᏣᏛᏍᎦ, ᎠᎴ ᏕᏣᏓᎨᏳᏒ ᏂᏥᎥ ᎢᏥᏏᏴᏫᎭ ᎨᏒ ᎤᏣᏘ ᏥᎧᏁᏉᎦ;
4. ᎾᏍᎩ ᎢᏳᏍᏗ ᎠᏴ ᎣᎬᏒ ᎣᏣᏢᏈᏍᎦ ᎢᏨᏁᎢᏍᏗᏍᎬ ᏧᎾᏁᎶᏗ ᏚᎾᏓᏡᏩᏗᏒ ᎤᏁᎳᏅᎯ ᏧᏤᎵᎦ, ᎾᏍᎩ ᏗᏨᏂᏗᏳ ᎨᏒ ᎠᎴ ᎢᏦᎯᏳ ᎨᏒ ᏂᎦᎥ ᎤᏕᏯᏙᏗ ᎠᎴ ᎠᎩᎵᏯ ᎢᏥᎷᏤᎲᎢ;
5. ᎾᏍᎩ ᎬᏂᎨᏒ ᎢᎬᏁᎯ ᏥᎩ ᎤᏁᎳᏅᎯ ᏚᏳᎪᏛ ᏧᏭᎪᏛᏗ ᏧᏭᎪᏙᏗ ᎨᏒᎢ, ᎾᏍᎩ ᏰᎵ ᎤᏁᎳᏅᎯ ᎤᏤᎵᎪᎯ ᎢᏤᎯ ᎡᏤᎵᏎᏗᏱ, ᎾᏍᎩ ᎾᏍᏉ ᎤᎬᏩᎵ ᏥᏥᎩᎵᏲᎦ.
6. ᏅᏗᎦᎵᏍᏙᏗᎭ ᏚᏳᎪᏛᎢ ᎤᏁᎳᏅᎯ ᏧᎫᏴᏓᏁᏗᏱ ᎠᎩᎵᏲᎢᏍᏗ ᎨᏒ ᎾᏍᎩ Ꮎ ᎨᏥᎩᎵᏲᎢᏍᏗᏍᎩ;
7. ᏂᎯᏃ ᎡᏥᎩᎵᏲᎢᏍᏗᏍᎩ, ᎠᏣᏪᏐᎸᏍᏙᏗ ᎨᏒ ᎡᎦᎫᏴᏓᏁᏗᏱ, ᎾᎯᏳ ᎤᎬᏫᏳᎯ ᏥᏌ ᎦᎸᎶ ᏅᏓᏳᏓᎴᏅᎯ ᎬᏂᎨᏒ ᎾᎬᏁᎸᎭ ᎠᏁᎮᏍᏗ ᏧᎾᎵᏂᎩᏛ ᏧᏤᎵ ᏗᏂᎧᎿᎭᏩᏗᏙᎯ,
8. ᎠᏥᎸ ᎠᏓᏪᎵᎩᏍᎩ ᎤᏄᏬᏍᏕᏍᏗ ᏓᎩᎵᏲᎢᏍᏗᏍᎨᏍᏗ ᎾᏍᎩ Ꮎ ᏂᎬᏩᎦᏔᎲᎾ ᎤᏁᎳᏅᎯ, ᎠᎴ ᏄᏃᎯᏳᏒᎾ ᎣᏍᏛ ᎧᏃᎮᏛ ᎢᎦᏤᎵ ᎤᎬᏫᏳᎯ ᏥᏌ ᎦᎶᏁᏛ ᎤᏤᎵᎦ.
9. ᎾᏍᎩ ᎨᏥᏍᏛᏗᏍᏙᏗ ᎨᏎᏍᏗ ᎨᎬᏓᏁᏗ ᏫᎾᏍᏛᎾ ᎠᏓᏛᏗᏍᎩ ᎤᎬᏫᏳᎯ ᎠᎦᏔᎲ ᏅᏓᏳᏓᎴᏅᎯ, ᎠᎴ ᎦᎸᏉᏗᏳ ᎤᎵᏂᎩᏗᏳ ᎨᏒᎢ,
10. ᎾᎯᏳ ᏧᏤᎵ ᎤᎾᏓᏅᏘ ᎬᏩᎸᏉᏙᏗᏱ ᎤᎬᏩᎵ ᎦᎷᏨᎭ, ᎠᎴ ᎤᏍᏆᏂᎪᏗ ᏧᏓᏅᏓᏗᏍᏙᏗᏱ ᎾᏂᎥ ᎾᏍᎩ Ꮎ ᎬᏬᎯᏳᎲᏍᎩ ᎾᎯᏳ ᎢᎦ ᎨᏎᏍᏗ, ᏅᏗᎦᎵᏍᏙᏗᏍᎨᏍᏗ ᎪᎯᏳᏅᎯ ᎨᏒ ᎣᎩᏃᎮᎸ ᎢᏤᎲᎢ.
11. ᎾᏍᎩ ᎢᏳᏍᏗ ᎾᏍᏉ ᏂᎪᎯᎸ ᎣᏣᏓᏙᎵᏍᏗᏍᎪ ᎢᏨᏯᏅᏓᏗᏍᎪ, ᎾᏍᎩ ᎣᎦᏁᎳᏅᎯ ᎤᏓᏯᏅᏗ ᎨᏒ ᎢᏥᏯᏅᏔᏅᎯ ᎢᏳᎵᏍᏙᏗᏱ, ᎠᎴ ᎤᏍᏆᏗᏍᏗᏱ ᏂᎦᏛ ᎣᏍᏛ ᎤᏰᎸᏗ ᎨᏒ ᏅᏓᏳᏓᎴᏅᎯ ᎤᏓᏅᏘᏳ ᎨᏒᎢ, ᎠᎴ ᎪᎯᏳᏗ ᎨᏒ ᏧᎸᏫᏍᏓᏁᏗ ᎬᏔᏅᎯ ᎤᎵᏂᎩᏛ ᎨᏒᎢ;
12. ᎾᏍᎩ ᎢᏳᏩᏂᏐᏗᏱ ᏚᏙᎥ ᎢᎦᏤᎵ ᎤᎬᏫᏳᎯ ᏥᏌ ᏓᎶᏁᏛ ᎦᎸᏉᏗᏳ ᎢᏳᎵᏍᏙᏗᏱ ᏂᎯ ᎢᏨᏂᏌᏛ, ᎠᎴ ᏂᎯ ᎦᎸᏉᏗᏳ ᎢᏰᏨᏁᏗᏱ ᎾᏍᎩ ᎢᏳᏩᏂᏌᏛ, ᎾᏍᎩᏯ ᏄᏍᏛ ᎬᏩᎦᏘᏯ ᎤᏓᏙᎵᏍᏗ ᎨᏒ ᎢᎦᏁᎳᏅᎯ, ᎠᎴ ᎤᎬᏫᏳᎯ ᏥᏌ ᎦᎶᏁᏛ.

== II Thessalonians 2 ==
1. ᎾᏍᎩᏃ, ᎢᏓᎵᏅᏟ, ᎢᏨᏔᏲᏎᎭ ᎤᎷᎯᏍᏗ ᎨᏒ ᎢᎦᏤᎵ ᎤᎬᏫᏳᎯ ᏥᏌ ᎦᎶᏁᏛ, ᎠᎴ ᎾᏍᎩ ᏪᏓᏓᏟᏌᏁᏗ ᎨᏒ ᎤᎬᏩᎵ,
2. ᎾᏍᎩ ᏞᎩᏉ ᏤᏥᏖᎸᎾᏗᏱ ᏂᎨᏒᎾ ᏕᏣᏓᏅᏛᎢ, ᎠᎴ ᎢᏣᏕᏯᏔᏁᏗᏱ ᏂᎨᏒᎾ, ᎾᏍᏉ ᎠᏓᏅᏙ ᎬᏗ, ᎠᎴ ᎦᏬᏂᏒᎯ, ᎠᎴ ᎪᏪᎵ ᎪᏪᎳᏅᎯ ᎬᏗ ᎠᏴ ᎣᎦᏓᏅᏏᏛ ᏥᎨᏐ ᎢᏳᏍᏗ; ᎾᏍᎩ ᎦᎶᏁᏛ ᎤᏤᎵ ᎢᎦ ᎤᏍᏆᎸᎯᏕᏅ ᏥᎨᏐ ᎾᏍᎩᏯᎢ.
3. ᎠᏎ ᏞᏍᏗ ᎩᎶ ᏱᏥᎵᏓᏍᏔᏁᏍᏗ; ᎥᏝᏰᏃ [ᎾᎯᏳ ᎢᎦ ᎤᎵᏰᎢᎶᎯᏍᏗ ᏱᎩ] ᎬᏂ ᎢᎬᏱ ᎠᏂᏑᎵᎪᎨᏍᏗ, ᎠᎴ ᎾᏍᎩ Ꮎ ᎠᏍᎦᏯ ᎠᏍᎦᎾ ᏧᎸᏫᏍᏓᏁᎯ ᎬᏂᎨᏒ ᎾᎬᏁᎸᎭ, ᎾᏍᎩ ᎠᏛᏗᏍᎩ ᎤᏪᏥ;
4. ᎾᏍᎩ ᏥᏓᎦᏘᎴᎦ ᎠᎴ ᎦᎸᎳᏗᏢ ᏥᎾᏓᏛᏁᎭ ᏂᎦᎥ ᎤᏁᎳᏅᎯ ᎨᎪᏎᏗ ᏥᎩ, ᎠᎴ ᎨᎦᏓᏙᎵᏍᏓᏁᎯ ᏥᎩ; ᎾᏍᎩ ᎢᏳᏍᏗ ᎤᏁᎳᏅᎯ ᎾᏍᎩᏯ ᎤᏬᎳ ᎤᏁᎳᏅᎯ ᎤᏤᎵ ᎠᏓᏁᎸᎢ, ᎤᏩᏒ ᎬᏂᎨᏒ ᎾᏓᏛᏁᎭ ᎤᏁᎳᏅᎯ ᎨᏒᎢ.
5. ᏝᏍᎪ ᏱᏣᏅᏔ, ᎾᏍᎩ ᎠᏏ ᏥᏨᏰᎳᏗᏙᎲᎩ ᎾᏍᎩ ᎯᎠ ᎢᏨᏃᎮᎮᎸᎢ?
6. ᎪᎯᏃ ᏥᎩ ᎢᏗᎦᏔᎭ ᎢᏳᏍᏗ ᎠᏲᏍᏙᏗᏍᎬ ᎬᏂᎨᏒ ᎢᏯᎬᏁᏗᏱ ᎾᎯᏳ ᎬᏂᎨᏒ ᎢᏯᎬᏁᏗ ᎨᏒᎢ.
7. ᎤᏕᎵᏛᏰᏃ ᎠᏍᎦᎾ ᎦᏳᎳ ᏚᎸᏫᏍᏓᏁᎭ; ᎪᎯᏍᎩᏂ ᎨᏒ ᎠᏲᏍᏙᏗᏍᎩ ᏥᎩ ᎤᏲᏍᏙᏓᏁᎮᏍᏗ ᎬᏂ ᎠᏥᎧᎲᏒᎭ.
8. ᎾᎯᏳᏃ ᎾᏍᎩ Ꮎ ᎠᏍᎦᎾ ᎬᏂᎨᏒ ᏅᏓᏰᎬᏁᎵ, ᎾᏍᎩ ᎤᎬᏫᏳᎯ ᏨᏛᏛᏔᏂ ᎠᏓᏅᏙ ᎠᎰᎵ ᏅᏓᏳᏓᎴᏅᎯ ᎬᏗ, ᎠᎴ ᏨᏛᏛᏔᏂ ᏓᎬᏔᏂ ᎬᏂᎨᏒ ᎾᎬᏁᎲ ᎾᎯᏳ ᎦᎷᏨᎭ;
9. ᎾᏍᎩ Ꮎ ᎤᎷᎯᏍᏗ ᎨᏒ ᎾᏍᎩᏯ ᏎᏓᏂ ᏧᎸᏫᏍᏓᏁᏗ ᏚᎸᏫᏍᏓᏁᎮᏍᏗ ᎬᏗᏍᎨᏍᏗ ᎤᏣᏘ ᎤᎵᏂᎩᏛ ᎨᏒᎢ, ᎠᎴ ᎤᏍᏆᏂᎪᏗ ᎠᎴ ᎦᏰᎪᎩ ᎤᏰᎸᏛᎢ,
10. ᎠᎴ ᎬᏗᏍᎨᏍᏗ ᎤᏣᏘ ᎤᏓᎵᏓᏍᏗ ᏂᏚᏳᎪᏛᎾ ᎨᏒ ᎠᏁᎲ ᎾᏍᎩ ᎨᏥᏛᏙᏗ ᎨᏒᎢ; ᏅᏗᎦᎵᏍᏙᏗᏍᎬ ᏂᏚᎾᏓᏂᎸᏨᎾ ᎨᏒ ᏚᏳᎪᏛ ᎠᎨᏳᏗ ᎨᏒᎢ, ᎾᏍᎩ ᎦᎨᏥᏍᏕᎸᏗ ᎢᏳᎵᏍᏙᏗᏱ.
11. ᎠᎴ ᎾᏍᎩ ᎢᏳᏍᏗ ᎤᏁᎳᏅᎯ ᎤᏓᏅᏍᏗ ᎨᏎᏍᏗ ᎤᏂᎷᏤᏗᏱ ᎤᎵᏂᎩᏛ ᎤᏂᎶᏄᎮᏍᎩ ᎾᏍᎩ ᎢᏳᏩᏂᏐᏗ ᎤᏃᎯᏳᏗᏱ ᎦᏰᎪᎩ ᎨᏒᎢ;
12. ᎾᏍᎩ ᏗᎬᏩᎾᏚᎪᏓᏁᏗ ᎢᏳᎵᏍᏙᏗᏱ ᎾᏂᎥ ᎾᏍᎩ Ꮎ ᎾᏃᎯᏳᎲᏍᎬᎾ ᏚᏳᎪᏛ ᎨᏒᎢ, ᏂᏚᏳᎪᏛᎾᏍᎩᏂ ᎨᏒ ᎠᏃᎯᏳᎲᏍᎩ.
13. ᎠᏎᏃ ᎣᎦᏚᏓᎳ ᏂᎪᎯᎸ ᎣᏣᎵᎡᎵᏤᏗᏱ ᎤᏁᎳᏅᎯ ᏂᎯ ᎨᏒ ᎤᎬᏩᎵ, ᎢᏓᎵᏅᏟ ᎤᎬᏫᏳᎯ ᎢᏥᎨᏳᎯ, ᏅᏗᎦᎵᏍᏙᏗᎭ ᎤᏁᎳᏅᎯ ᏧᏓᎴᏅᎲ ᏅᏓᎬᏩᏓᎴᏅᏛ ᎢᏣᏑᏰᏒ ᎡᏥᏍᏕᎸᏗᏱ ᎬᏙᏗᏱ ᎠᏓᏅᏙ ᎢᏥᏅᎦᎵᏍᎬᎢ, ᎠᎴ ᎢᏦᎯᏳᏒ ᎤᏙᎯᏳᎯ ᎨᏒᎢ;
14. ᎾᎿᎭᏥᏕᏲᎧᏅ ᎣᏍᏛ ᎧᏃᎮᏛ ᎣᎦᏤᎵ ᏥᏥᏯᏅᏔᏅ, ᎢᏥᏩᏛᏗᏱ ᎦᎸᏉᏗᏳ ᎨᏒ ᎢᎦᏤᎵ ᎤᎬᏫᏳᎯ ᏥᏌ ᎦᎶᏁᏛ ᎤᏤᎵᎦ.
15. ᎾᏍᎩ ᎢᏳᏍᏗ, ᎢᏓᎵᏅᏟ, ᎤᎵᏂᎩᏛ ᏕᏥᏙᎨᏍᏗ, ᎠᎴ ᏕᏥᏂᏴᏎᏍᏗ ᏗᏕᏲᏗ ᎨᏒ ᎾᏍᎩ ᏄᏍᏛ ᎡᏤᏲᏅᎢ, ᎾᏍᏉ ᎦᏬᏂᏒᎯᏉ ᏱᎩ, ᎠᎴ ᏫᏨᏲᏪᎳᏁᎸᎯ ᏱᎩ.
16. ᎾᏍᎩᏃ ᎢᎦᏤᎵ ᎤᎬᏫᏳᎯ ᏥᏌ ᎦᎶᏁᏛ ᎤᏩᏒ, ᎠᎴ ᎤᏁᎳᏅᎯ, ᎾᏍᎩ ᎢᎩᏙᏓ, ᎾᏍᎩ ᎢᎩᎨᏳᎯᏳ ᏥᎨᏒᎩ, ᎠᎴ ᏥᎩᏁᎸ ᎤᎵᏍᏆᏗᏍᏗ ᏂᎨᏒᎾ ᎠᏓᎦᎵᏍᏓᏗᏍᎩ, ᎠᎴ ᎣᏍᏛ ᎤᏚᎩ ᎬᏗ ᎨᏒ ᏅᏓᏳᏓᎴᏅᎯ ᎬᏩᎦᏘᏯ ᎤᏓᏙᎵᏍᏗ ᎨᏒᎢ,
17. ᎾᏍᎩ ᏗᏥᎦᎵᏍᏓᏕᏗ ᎨᏎᏍᏗ ᏗᏥᎾᏫ, ᎠᎴ ᏗᏣᎵᏂᎪᎯᏍᏙᏗ ᎨᏎᏍᏗ ᏂᎦᎥ ᎣᏍᏛ ᎨᏒ ᎢᏥᏬᏂᎯᏍᏗᏱ ᎠᎴ ᏗᏥᎸᏫᏍᏓᏁᏗᏱ.

== II Thessalonians 3 ==
1. ᎤᎵᏍᏆᎸᏗᏃ ᎨᏒᎢ, ᎢᏓᎵᏅᏟ, ᎢᏣᏓᏙᎵᏍᏗᏍᎨᏍᏗ ᎠᏴ ᏍᎩᏯᏅᏓᏗᏍᎨᏍᏗ, ᎾᏍᎩ ᎧᏃᎮᏛ ᎤᎬᏫᏳᎯ ᎤᏤᎵᎦ ᎤᏰᎵᎯᏍᏗᏱ, ᎠᎴ ᎦᎸᏉᏗᏳ ᎢᏳᎵᏍᏙᏗᏱ, ᎾᏍᎩᏯ ᏥᏄᏍᏗ ᏂᎯ ᎢᏤᎲᎢ;
2. ᎠᎴ ᎾᏍᎩ ᏦᏣᏚᏓᎳᎡᏗᏱ ᎤᏂᏲ ᎠᎴ ᎠᏂᏍᎦᎾ ᎠᏂᏍᎦᏯ; ᎥᏝᏰᏃ ᎾᏂᎥ ᎪᎯᏳᏗ ᎨᏒ ᏳᏁᎭ.
3. ᎤᎬᏫᏳᎯᏍᎩᏂ ᏄᏓᎵᏓᏍᏛᎾ, ᎾᏍᎩ ᏨᏓᏣᎵᏂᎪᎯᏍᏔᏂ, ᎠᎴ ᏨᎵᏥᏲᏍᏙᏓᏁᎵ ᎤᏲ ᎢᏣᏛᏁᏗᏱ.
4. ᎠᎴ ᎣᏣᎵᏍᎦᏍᏙᏗ ᎤᎬᏫᏳᎯ ᏂᎯ ᎨᏒ ᎤᎬᏩᎵ, ᎾᏍᎩ ᏂᏣᏛᏁᎲᎢ, ᎠᎴ ᎠᏎ ᎾᏍᎩ ᎢᏣᏛᏁᏗ ᎨᏒ ᏄᏍᏛ ᎢᏨᏁᏤᎲᎢ.
5. ᎠᎴ ᎤᎬᏫᏳᎯ ᏧᏎᎮᏗ ᎨᏎᏍᏗ ᏗᏥᎾᏫ ᎡᏥᎨᏳᎢ ᎢᏳᎵᏍᏙᏗᏱ ᎤᏁᎳᏅᎯ, ᎠᎴ ᏗᏨᏂᏗᏳ ᎢᏳᎵᏍᏙᏗᏱ ᎦᎶᏁᏛ ᎾᏍᎩᏯᎢ.
6. ᎿᎭᏉᏃ ᎢᏨᏁᏤᎭ, ᎢᏓᎵᏅᏟ, ᎣᏨᏗᎭ ᏚᏙᎥ ᎢᎦᏤᎵ ᎤᎬᏫᏳᎯ ᏥᏌ ᎦᎶᏁᏛ, ᎾᏍᎩ ᏗᏣᏓᏓᎴᏓᏁᏗᏱ ᎾᏂᎥ ᎠᎾᎵᏅᏟ ᎤᏣᏘᏂ ᎢᏯᎾᏛᏁᎵᏙᎯ, ᎠᎴ ᏂᏓᏂᎧᎿᎭᏩᏕᎬᎾ ᏗᏕᏲᏗ ᎨᏒ ᎠᏴ ᏗᎪᎦᏓᏂᎸᏤᎸᎯ,
7. ᎢᏳᏒᏰᏃ ᎢᏥᎦᏔᎭ ᎢᏣᏛᏁᏗᏱ ᏍᎩᏍᏓᏩᏛᏍᏗᏱ; ᎥᏝᏰᏃ ᎤᏣᏘᏂ ᏱᏃᏣᏛᏁᎵᏙᎮ ᎢᏨᏰᎳᏗᏙᎲᎢ;
8. ᎥᏝ ᎠᎴ ᎩᎶ ᎠᏎᏉ ᏲᏣᎵᏍᏓᏴᎾᏁᎮᎢ; ᏙᎩᎸᏫᏍᏓᏁᎲᎩᏍᎩᏂ ᎠᎴ ᏙᎩᏯᏪᏥᏙᎲᎩ ᎬᏩᎩᏨᏗ, ᏃᎦᏚᎵᏍᎬᎾ ᎨᏒ ᎢᏳᏍᏗ ᎠᏴ ᎠᏏᏴᏫ ᏂᏣᏛᏅ ᎦᎨᏛ ᎢᏲᏨᏴᏁᏗᏱ;
9. ᎥᏝ ᏃᎩᎲᎾ ᎨᏒ [ᏅᏩᏓᎴ ᎢᏲᎦᏛᏁᏗᏱ] ᏱᏅᏗᎦᎵᏍᏙᏗᏍᎨᎢ, ᏗᏣᏟᎶᏍᏙᏗᏍᎩᏂ ᏃᏣᏓᏛᏁᎲ ᎠᏴ ᏍᎩᏍᏓᏩᏛᏍᏗᏱ ᏅᏓᎦᎵᏍᏙᏗᏍᎬᎩ.
10. ᎾᎯᏳᏰᏃ ᏥᏨᏰᎳᏗᏙᎲᎩ, ᎯᎠ ᎾᏍᎩ ᏄᏍᏛᎩ ᎢᏨᏁᏤᎸᎩ, ᎾᏍᎩ ᎢᏳᏃ ᎩᎶ ᏄᏚᎵᏍᎬᎾ ᏱᎩ, ᏧᎸᏫᏍᏓᏁᏗᏱ ᎾᏍᏉ ᎤᎵᏍᏓᏴᏗᏱ ᏂᎨᏒᎾ ᎨᏒᎢ.
11. ᎣᏣᏛᎩᎭᏰᏃ ᎾᏍᎩ ᎩᎶ ᎨᏣᏓᏑᏴ ᎤᏣᏘᏂ ᎾᎾᏛᏁᎵᏙᎲᎢ, ᎪᎱᏍᏗ ᎾᎾᏛᏁᎲᎾ, ᎠᏎᏃ ᎠᎾᏛᏁᎵᏙᎯ ᎢᎩ.
12. ᎾᏍᎩᏃ ᎢᏳᎾᏍᏗ ᎨᏒᎢ, ᏙᏥᏁᏤᎭ ᎠᎴ ᏙᏥᏍᏗᏰᏗᎭ ᏙᏥᏁᎢᏍᏓᏁᎭ ᎢᎦᏤᎵ ᎤᎬᏫᏳᎯ ᏥᏌ ᎦᎶᏁᏛ, ᎾᏍᎩ ᏙᎯᏉ ᏧᏂᎸᏫᏍᏓᏁᏗᏱ, ᎠᎴ ᎤᏅᏒ ᎤᎾᏤᎵ ᎠᎵᏍᏓᏴᏗ ᎤᎾᎵᏍᏓᏴᏙᏗᏱ.
13. ᏂᎯᏍᎩᏂ, ᎢᏓᎵᏅᏟ, ᏞᏍᏗ ᏱᏗᏥᏯᏪᎨᏍᏗ ᎣᏍᏛ ᏕᏥᎸᏫᏍᏓᏁᎲᎢ.
14. ᎢᏳᏃ ᎩᎶ ᏂᎪᎯᏳᎲᏍᎬᎾ ᎢᎨᏎᏍᏗ ᎣᏥᏬᏂᏍᎬ ᎠᏂ ᎣᏦᏪᎵᏍᎬᎢ, ᎬᏂᎨᏒ ᏁᏨᏁᎸᎭ ᎾᏍᎩ, ᎠᎴ ᏞᏍᏗ ᎢᏧᎳᎭ ᎢᏤᏙᎸᎩ, ᎾᏍᎩ ᎬᏩᏕᎰᎯᏍᏗ ᎢᏳᎵᏍᏙᏗᏱ.
15. ᎠᏗᎾ ᏞᏍᏗ ᎡᏥᏍᎦᎩ ᎢᏳᏍᏗ ᏰᏣᏓᏅᏖᏍᎨᏍᏗ, ᎡᏥᎬᏍᎪᎸᎥᏍᎨᏍᏗᏍᎩᏂ ᎢᏣᏓᏅᏟ ᎾᏍᎩᏯᎢ.
16. ᎤᎬᏫᏳᎯᏃ ᏅᏩᏙᎯᏯᏛ ᎤᏪᎯ ᎤᏩᏒ ᎠᏎ ᎢᏥᏁᏗ ᎨᏎᏍᏗ ᏅᏩᏙᎯᏯᏛ ᏂᎪᎯᎸᎢ. ᎤᎬᏫᏳᎯ ᏂᏥᎥ ᏕᏥᎧᎿᎭᏗᏙᎮᏍᏗ.
17. ᎠᏴ ᏉᎳ ᎠᏆᏓᏲᎵᏍᏗ ᎨᏒ ᎠᏋᏒ ᎠᏉᏰᏂ ᎠᏋᏔᏅᎯ ᎠᏉᏪᎳᏅᎯ, ᎾᏍᎩ ᏗᎪᎵᏍᏙᏗ ᏥᎩ ᏂᎦᏛ ᎪᏪᎵ; ᎾᏍᎩᏯ ᏂᎬᏁᎰ ᎪᏪᎵᏍᎪᎢ.
18. ᎬᏩᎦᏘᏯ ᎤᏓᏙᎵᏍᏗ ᎨᏒ ᎢᎦᏤᎵ ᎤᎬᏫᏳᎯ ᏥᏌ ᎦᎶᏁᏛ ᏕᏥᎧᎿᎭᏩᏗᏙᎮᏍᏗ ᏂᏥᎥᎢ. ᎡᎺᏅ.

== I Timothy 1 ==
1. ᎠᏴ ᏉᎳ ᏥᏌ ᎦᎶᏁᏛ ᎠᎩᏅᏏᏛ ᎬᎩᏁᏤᎸᎯ ᎤᏁᎳᏅᎯ ᎢᎩᏍᏕᎵᏍᎩ ᎠᎴ ᎤᎬᏫᏳᎯ ᏥᏌ ᎦᎶᏁᏛ ᎾᏍᎩ ᎤᏚᎩ ᎬᏗ ᎨᏒ ᎢᎦᏤᎵᎦ,
2. ᏫᎬᏲᏪᎳᏏ ᏘᎹᏗ ᎠᏋᏒ ᎠᏆᏤᎵ ᎠᏊᏥ ᎪᎯᏳᏗ ᎨᏒ ᎢᏳᏩᏂᏌᏛ; ᎬᏩᎦᏘᏯ ᎤᏓᏙᎵᏍᏗ ᎨᏒ ᎠᎴ ᎤᏓᏙᎵᏣᏛ ᎨᏒ ᎠᎴ ᏅᏩᏙᎯᏯᏛ ᏕᏣᎧᎿᎭᏩᏗᏙᎮᏍᏗ ᏅᏓᏳᎾᎵᏍᎪᎸᏔᏅᎯ ᎤᏁᎳᏅᎯ ᎢᎩᏙᏓ ᎠᎴ ᏥᏌ ᎦᎶᏁᏛ ᎤᎬᏫᏳᎯ ᎢᎦᏤᎵᎦ.
3. ᎾᏃ ᏥᎬᏔᏲᏎᎸᎩ ᏣᏗᎩᏯᏍᏗᏱ ᎡᏈᏌ, ᎹᏏᏙᏁ ᏥᏩᎩᎶᏒᎩ, ᎾᏍᎩ ᏘᏅᏍᏓᏕᏗᏱ ᎩᎶ ᏓᎾᏕᏲᎲᏍᎬ ᎤᏣᏘᏂ ᎢᏳᏂᏪᏍᏗᏱ ᏂᎨᏒᎾ,
4. ᎠᎴ ᎤᎾᏛᏓᏍᏙᏗᏱ ᏂᎨᏒᎾ ᎠᏎᏉ ᎦᏬᏂᎯᏍᏗ ᎨᏒ ᎠᎴ ᏫᎾᏍᏛᎾ ᎧᏃᎮᏗ ᎨᏒ ᎤᎾᏓᏁᏟᏴᏒᏒᎢ, ᎾᏍᎩ ᎦᏬᏂᎯᏍᏗᏉ ᏥᏩᎵᏱᎶᎯᎭ ᎥᏲᏃ ᎤᏁᎳᏅᎯ ᏗᏁᎳᏙᏗ ᎨᏒ ᎤᏛᎯᏍᏗᏱ, ᎾᏍᎩ ᎪᎯᏳᏗ ᎨᏒ ᏨᏗᏓᎴᎲᏍᎦ, [ᎾᏍᎩ ᎿᎭᏛᏁᎸᎭ.]
5. ᏗᎧᎿᎭᏩᏛᏍᏗ ᎠᏓᎨᏳᏗ ᎨᏒ ᎤᎬᏩᎳ ᎾᏍᎩ ᎦᏓᎭ ᏂᎨᏒᎾ ᎣᎾᏫ ᏅᏓᏳᏓᎴᏅᎯ, ᎠᎴ ᎣᏍᏛ ᏗᎫᎪᏙᏗ ᎨᏒ ᎠᎴ ᏄᏠᎾᏍᏛᎾ ᎪᎯᏳᏗ ᎨᏒᎢ;
6. ᎾᏍᎩ ᎾᎿᎭᎩᎶ ᎤᎾᎪᎸᏛ ᏥᎩ, ᏄᎵᏌᎶᏛᎾ ᎦᏬᏂᎯᏍᏗ ᎨᏒ ᏭᎾᎦᏔᎲᏍᏔᏅ;
7. ᎤᎾᏚᎵᏍᎬᎩ ᏗᎧᎿᎭᏩᏛᏍᏗ ᏗᏃᏏᏏᏍᎩ ᎢᏳᎾᎵᏍᏙᏗᏱ, ᎠᏎᏃ ᎾᏃᎵᎬᎾ ᏄᏍᏛ ᎠᏂᏬᏂᏍᎬ, ᎠᎴ ᏄᏍᏛ ᎠᏂᏍᏓᏱᏗᏍᎬᎢ.
8. ᎠᏎᏃ ᎢᏗᎦᏔᎭ ᏗᎧᎿᎭᏩᏛᏍᏗ ᎣᏏᏳ ᎨᏒ, ᎢᏳᏃ ᎩᎶ ᎤᏙᎯᏳᎯᏯ ᏱᏓᎧᎿᎭᏩᏕᎦ,
9. ᎯᎠ ᎾᏍᏉ ᏯᎦᏔᎭ, ᎾᏍᎩ ᏗᎧᎿᎭᏩᏛᏍᏗ ᎤᏓᏅᏘ ᏴᏫ ᎠᎪᏢᎾᏁᎸᎯ ᏂᎨᏒᎾ ᎨᏒᎢ, ᏗᎧᎿᎭᏩᏛᏍᏗᏍᎩᏂ ᏂᏚᎾᏁᎶᏛᎾ, ᎠᎴ ᏄᏃᎯᏳᏒᎾ, ᎤᏁᎳᏅᎯ ᏂᏚᎾᏁᎶᏛᎾ, ᎠᎴ ᎠᏂᏍᎦᎾᎢ, ᎠᏂᎦᏓᎭᎢ, ᎠᎴ ᎣᏍᏛ ᎨᏒ ᎠᏂᏂᏆᏘᎯ, ᏧᏂᏙᏓ ᏗᏂᎯᎯ ᎠᎴ ᏧᏂᏥ ᏗᏂᎯᎯ, ᏴᏫ ᏗᏂᎯᎯ,
10. ᎤᏂᏁᎫᏥᏛ, ᎠᏂᏍᎦᏯ ᏗᎾᏂᏏᎲᏍᎩ, ᏴᏫ ᏗᏂᏃᏍᎩᏍᎩ, ᎠᏂᏰᎪᎩ, ᎦᏰᎪᎩ ᎠᎾᏎᎵᏛᏍᎩ, ᎠᎴ ᎾᏍᏉ ᏂᎦᎥ ᎪᎱᏍᏗ ᎾᏍᎩ ᏗᎦᏘᎴᎩ ᎣᏍᏛ ᏗᏕᏲᏗ ᎨᏒᎢ;
11. ᎾᏍᎩᏯ ᏄᏍᏛ ᎦᎸᏉᏗᏳ ᎣᏍᏛ ᎧᏃᎮᏛ ᎤᏁᎳᏅᎯ ᏅᏩᏙᎯᏯᏛ ᎡᎯ ᎤᏤᎵᎦ; ᎾᏍᎩ ᎠᏴ ᎥᏆᏒᎦᎶᏔᏅᎯ ᏥᎩ.
12. ᎠᎴ ᏥᏯᎵᎡᎵᏤᎭ ᎦᎶᏁᏛ ᏥᏌ ᎤᎬᏫᏳᎯ ᎢᎦᏤᎵ ᏣᏆᎵᏂᎪᎯᏍᏔᏅ, ᏰᎵᏉ ᎢᎬᏩᏛᏁᏗ ᏣᏇᎵᏎᎸ, ᏣᎩᏁᏤᎸ ᏗᎩᎸᏫᏍᏓᏁᏗᏱ ᎠᎵᏥᏙᏗ ᎨᏒᎢ,
13. ᎠᏴ ᎾᏍᎩ ᎢᎸᎯᏳ ᏥᏐᏢᏗᏍᎩ ᏥᎨᏒᎩ, ᎠᎴ ᎤᏲ ᎢᏗᎬᏁᎯ, ᎠᎴ ᏗᎦᏂᏐᏢᏗ; ᎠᏎᏃ ᎥᎩᏙᎵᏨᎩ, ᏅᏓᎦᎵᏍᏙᏗᏍᎬᎩ ᏂᏥᎦᏔᎿᎭᎥᎾ ᎨᏒᎢ, ᎠᎴ ᎾᏉᎯᏳᏒᎾ ᎨᏒ ᎾᏍᎩ ᎾᏆᏛᏁᎸᎢ.
14. ᎠᎴ ᎬᏩᎦᏘᏯ ᎤᏓᏙᎵᏍᏗ ᎨᏒ ᎤᎬᏫᏳᎯ ᎢᎦᏤᎵᎦ ᎤᏣᏔᏅᎯ ᎡᏉᎯᏳ ᎨᏒᎩ, ᎤᎵᏠᏯᏍᏛᎩ ᎦᎶᏁᏛ ᏥᏌ ᏥᏲᎢᏳᏗ ᎨᏒ ᎠᎴ ᏥᎨᏳᎢ, ᎢᏳᎵᏍᏙᏗ ᎨᏒᎢ.
15. ᎤᏙᎯᏳᎯᏯ ᎯᎠ ᎾᏍᎩ ᎢᎦᏪᏛ, ᎠᎴ ᏩᏍᏛ ᏧᏓᏂᎸᎢᏍᏗᏳ, ᎾᏍᎩ ᎦᎶᏁᏛ ᏥᏌ ᎡᎶᎯ ᎤᎷᏨᎢ, ᏚᏍᏕᎸᎯᎸ ᎠᏂᏍᎦᎾᎢ, ᎠᏴ ᎾᏍᎩ ᎾᎩᎬᏫᏳᏒ ᏥᏍᎦᎾᎢ.
16. ᎠᏎᏃ ᎾᏍᎩ ᎯᎠ ᏅᏓᏳᎵᏍᏙᏔᏅᎩ ᎥᎩᏙᎵᏨᎩ; ᎾᏍᎩ ᎠᏴ ᎨᏒ ᎾᎩᎬᏫᏳᏒ ᏥᏌ ᎦᎶᏁᏛ ᎬᏂᎨᏒ ᎢᏳᏩᏁᏗᏱ ᏩᏍᏛ ᎬᏂᏗᏳ ᎨᏒᎢ, ᎾᏍᎩ ᏧᎾᏟᎶᏍᏙᏗ ᎢᏳᎵᏍᏙᏗᏱ ᎣᏂ ᎬᏬᎯᏳᏅᎯ ᎬᏂᏛ ᎠᎵᏍᏆᏗᏍᎩ ᏂᎨᏒᎾ ᏫᏚᎷᎩ.
17. Ꭷ, ᎤᎬᏫᏳᎯ ᎠᎵᏍᏆᏗᏍᎩ ᏂᎨᏒᎾ ᎨᏒ ᎡᎯ, ᎠᏲᎱᏍᎩ ᏂᎨᏒᎾ, ᎠᎪᏩᏛᏗ ᏂᎨᏒᎾ, ᎤᏩᏒᎯ ᎠᎦᏔᎿᎭᎢ ᎤᏁᎳᏅᎯ, ᎦᎸᏉᏗᏳ ᎨᏎᏍᏗ ᎠᎴ ᎦᎸᏉᏙᏗ ᎨᏎᏍᏗ ᏂᎪᎯᎸ ᎠᎴ ᏂᎪᎯᎸᎢ; ᎡᎺᏅ.
18. ᎯᎠ ᎾᏍᎩ ᏗᎦᎸᏫᏍᏓᏁᏗ ᎨᏒ ᏂᎯ ᏕᎬᏲᎯᏏ, ᎠᏇᏥ ᏗᎹᏗ, ᎾᏍᎩᏯ ᏄᏂᏪᏒ ᎤᎾᏙᎴᎰᏒ ᏂᎯ ᎨᏣᏃᎮᏍᎬᎢ, ᎾᏍᎩᏃ ᏂᎯ ᎾᏍᎩᎾ ᏕᎲᏗᏍᎬ ᏯᎵᎦ ᎣᏍᏛ ᎠᎵᏍᏗ ᎨᏒᎢ;
19. ᏕᏣᏂᏴᏒ ᎪᎯᏳᏗ ᎨᏒᎢ, ᎠᎴ ᎣᏍᏛ ᏗᎫᎪᏙᏗ ᎨᏒᎢ, ᎾᏍᎩ ᎩᎶ ᎢᏴᏛ ᎢᏳᏅᏁᏔᏅᎯ ᏥᎩ, ᎾᏍᎩ ᎪᎯᏳᏗ ᎨᏒ ᎬᏩᏂᏲᏥᏙᎸ;
20. ᎾᏍᎩ ᎯᎠ ᏄᎾᏛᏁᎸ ᎭᎻᏂᏯ ᎠᎴ ᎡᎵᎩ, ᎾᏍᎩ ᏕᎦᏥᏲᏒ ᏎᏓᏂ ᏕᏥᏲᎯᏎᎸ ᎤᎾᏕᎶᏆᏍᏗᏱ ᎤᏂᏐᏢᏙᏗᏱ ᏂᎨᏒᎾ ᎨᏒᎢ.

== I Timothy 2 ==
1. ᎾᏍᎩᏃ ᏥᏁᎦ ᎢᎬᏱᏱᏉ ᎨᏒᎢ, ᎠᏔᏲᏍᏗ ᎨᏒᎢ, ᎠᏓᏙᎵᏍᏙᏗ ᎨᏒᎢ, ᏗᏅᏓᏗᏍᏗ ᎨᏒᎢ, ᎠᎴ ᎠᎵᎮᎵᏍᏗ ᎨᏒ ᏗᎦᎸᏫᏍᏓᏁᏗᏱ, ᎾᏍᎩ ᎾᏂᎥ ᏴᏫ ᎤᎬᏩᎵ,
2. ᎤᏂᎬᏫᏳᎯ ᎠᎴ ᎾᏂᎥ ᎠᏰᎵ ᏧᏂᎸᏫᏍᏓᏁᎯ ᎤᎬᏩᎵ, ᎾᏍᎩ ᏅᏩᏙᎯᏯᏛ ᎠᎴ ᏄᎾᏰᎯᏍᏛᎾ ᎢᎦᎴᏂᏓᏍᏗᏱ, ᏕᏗᎧᎿᎭᏩᏗᏒ ᏚᏳᎪᏛ ᎨᏒ ᎠᎴ ᎦᎸᏉᏗᏳ ᎨᏒᎢ.
3. ᎾᏍᎩᏰᏃ ᎯᎠ ᎣᏏᏳ ᎠᎴ ᏧᏓᏂᎸᎢᏍᏗᏳ ᏓᎧᏅ ᎤᏁᎳᏅᎯ ᎢᎩᏍᏕᎵᏍᎩ,
4. ᎾᏍᎩ ᎣᏏᏳ ᎤᏰᎸᏗ ᏥᎩ ᎾᏂᎥ ᏴᏫ ᎨᏥᏍᏕᎸᏗᏱ, ᎠᎴ ᎤᏂᎷᎯᏍᏗᏱ ᎠᎦᏙᎥᎯᏍᏗ ᎨᏒ ᏚᏳᎪᏛ ᎨᏒᎢ.
5. ᏌᏉᏉᏰᏃ ᎡᎭ ᎤᏁᎳᏅᎯ, ᎠᎴ ᏌᏉ ᏗᎪᎯᏍᏗᏍᎩ ᎠᏰᎵ ᏗᎴᏁᎯ ᎤᏁᎳᏅᎯ ᎠᎴ ᏴᏫ, ᎾᏍᎩ Ꮎ ᏴᏫ ᏥᏌ ᎦᎶᏁᏛ;
6. ᎾᏍᎩ ᏥᏚᏓᏲᏎ ᎤᏩᏒ ᏥᏚᎫᏴᎮ ᎾᏂᎥᎢ, ᎬᏂᎨᏒ ᎢᎬᏁᏗ ᎠᏎᎸᎯ ᎨᏒ ᎾᎯᏳᎢ,
7. ᎾᏍᎩᏃ ᎯᎠ ᎠᏴ ᎥᎩᏁᏤᎸᎯ ᎦᎵᏥᏙᎲᏍᎩ ᎠᎴ ᎥᎩᏅᏏᏛ, ᏧᎾᏓᎴᏅᏛ ᏴᏫ ᏗᎦᏥᏰᏲᎲᏍᎩ ᎦᎶᏄᎮᏛ ᎠᎴ ᎦᏰᎪᎩ ᏂᎬᏗᏍᎬᎾ; ᎤᏙᎯᏳᎯᏯ ᏥᏁᎦ ᎦᎶᏁᏛ ᎠᎦᏔᎲᎢ, ᎥᏝ ᏱᎦᏥᎪᎥᏍᎦ.
8. ᎾᏍᎩᏃ ᎠᏆᏚᎵᎭ ᎠᏂᏍᎦᏯ ᏂᎦᎥ ᏕᎨᏌᏗᏒ ᎤᎾᏓᏙᎵᏍᏙᏱ, ᏧᏂᏌᎳᏙᏗᏱ ᏗᎦᏓᎭ ᏂᎨᏒᎾ ᏧᏃᏰᏂ ᏄᏂᏔᎳᏬᏍᎬᎾ ᎠᎴ ᏄᎾᏜᏓᏏᏛᎡᎲᎾ.
9. ᎠᎴ ᎾᏍᎩᏯ ᎾᏍᏉ ᎠᏂᎨᏴ ᏓᎾᏣᎤᏍᎬ ᎤᏢᏉᏗ ᏂᎨᏒᎾ ᏓᎾᏄᏬᏍᎨᏍᏗ, ᎤᎾᏓᎾᏰᎯᏍᏗ ᎠᎴ ᎤᎾᎵᏏᎾᎯᏍᏗ ᎨᏎᏍᏗ; ᎥᏝᏍᏗᏃ ᏓᏂᏍᏕᏲᎲ ᏚᏂᏍᏘᏰᎬᎢ, ᎠᎴ ᎠᏕᎸ ᏓᎶᏂᎨ, ᎠᎴ ᏓᎬᎾ-ᎢᏳᎾᏍᏗ, ᎠᎴ ᎤᏣᏘ ᏧᎬᏩᎶᏗ ᏗᏄᏬ ᏱᏓᎾᏣᏅᏗᏍᎨᏍᏗ;
10. ᎣᏍᏛᏍᎩᏂ ᏗᎦᎸᏫᏍᏓᏁᏗ ᎨᏒ ᏓᎾᏣᏅᏗᏍᎨᏍᏗ, ᎾᏍᎩ ᏧᎾᏁᎶᏗ ᎠᏂᎨᏴ ᏧᏂᎵᎶᎲᏍᎦ.
11. ᎠᎴ ᎠᎨᏴ ᎡᎳᏪᏱ ᎠᏕᎶᏆᏍᎨᏍᏗ ᎤᏣᏘ ᎤᏬᎯᏳᎯᏳ ᎨᏎᏍᏗ.
12. ᎥᏝᏍᎩᏂ ᎤᏁᎳᎩ ᏱᏥᏰᎵᏎ ᎠᎨᏴ ᏧᏕᏲᏗᏱ ᎠᎴ ᎤᏓᎵᏁᎯᏕᏗᏱ ᎠᏍᎦᏯ, ᎡᎳᏪᏱᏉᏍᎩᏂ ᎤᏩᏗᏱ.
13. ᎠᏓᏫᏰᏃ ᎢᎬᏱ ᎠᎪᏢᏁᎢ, ᎩᎳᏃ ᎢᏫ.
14. ᎥᏝᏰᏃ ᎠᏓᏫ ᏯᏥᎶᏄᎡᎴᎢ, ᎠᎨᏴᏍᎩᏂ ᎠᏥᎶᏄᎡᎸ ᎤᏍᎦᏅᏤᎢ.
15. ᎠᏎᏍᎩᏂᏃᏅ ᎠᏥᏍᏕᎸᏗ ᎢᎨᏎᏍᏗ ᏗᏂᏲᎵ ᏕᎦᎾᏄᎪᏫᏍᎬᎢ, ᎢᏳᏃ ᏓᏂᎧᎿᎭᏩᏗᏎᏍᏗ ᎪᎯᏳᏗ ᎨᏒ, ᎠᎴ ᎠᏓᎨᏳᏗ ᎨᏒᎢ, ᎠᎴ ᏚᏳᎪᏛ ᎨᏒᎢ, ᎠᎴ ᎠᎵᏏᎾᎯᏍᏙᏗ ᎨᏒᎢ.

== I Timothy 3 ==
1. ᎤᏙᎯᏳᎯᏯ ᎢᎦᏪᏛ; ᎢᏳᏃ ᎩᎶ ᎤᏚᏝᏍᎨᏍᏗ ᎠᏥᎦᏘᏗᏍᏗ ᎢᏳᎵᏍᏙᏗᏱ, ᎣᏍᏛ ᏗᎦᎸᏫᏍᏓᏁᏗ ᎨᏒ ᎤᏚᎵᏍᎨᏍᏗ.
2. ᎠᏥᎦᏘᏗᏍᏗ ᎠᏗᎾ ᎠᏎ ᎪᎱᏍᏗ ᎾᏍᎦᏅᎾ ᎨᏎᏍᏗ, ᏌᏉᏉ ᎠᏓᏰᎮᏍᏗ, ᎨᏯᏔᎯ, ᎤᎵᏏᎾᎯᏍᏗ, ᎣᏍᏛ ᏧᎸᏫᏍᏓᏁᎯ, ᏧᏓᏓᏂᎸᏣᏘ, ᏗᎬᏩᏕᏲᏗ;
3. ᎩᎦᎨ-ᎠᏗᏔᏍᏗ ᎤᎦᎾᏏᏍᎩ ᏂᎨᏒᎾ, ᏗᏓᏛᏂᎯ ᏂᎨᏒᎾ, ᏧᎬᏩᎶᏗ ᎤᎬᎥᏍᎩ ᏂᎨᏒᎾ, ᎤᏓᏅᏘᏍᎩᏂ, ᏧᏘᏲᏌᏘ ᏂᎨᏒᎾ, ᎠᏕᎸ ᏧᎨᏳᎯ ᏂᎨᏒᎾ.
4. ᎤᏩᏒ ᏚᏓᏘᎿᎭᎥ ᎣᏍᏛ ᏗᎧᎿᎭᏩᏗᏙᎯ, ᏧᏪᏥ ᎬᏬᎯᏳᎯᏳ ᎠᎴ ᎬᏩᎸᏉᏗᏳ ᎢᎬᏁᎯ.
5. ᎢᏳᏰᏃ ᎩᎶ ᎾᎦᏔᎲᎾ ᏱᎩ ᎤᏩᏒ ᏚᏓᏘᎿᎭᎥ ᎣᏍᏛ ᏧᎧᎿᎭᏩᏗᏓᏍᏗᏱ, ᎦᏙ ᏱᎦᎵᏍᏙᏓ ᏱᏓᎦᏌᏯᏍᏓ ᏧᎾᏁᎶᎯ ᎤᎾᏓᏡᎬ ᎤᏁᎳᏅᎯ ᎤᏤᎵᎦ?
6. ᎠᎴ ᎥᏞᏍᏗ ᎩᎳᎢ ᎤᎵᎪᏃᏅᎯ ᏱᎨᏎᏍᏗ, ᎠᏢᏉᏙᏗᏰᏃ ᎨᏒ ᏯᎵᏌᎳᏙᏓ ᎾᏍᎩᏃ ᎤᏍᎦᏅᏨᎯ ᎨᏒ ᏱᏚᏚᎪᏓᏏ ᎾᏍᎩᏯ ᎠᏍᎩᎾ ᏚᏚᎪᏓᏁᎸᎢ.
7. ᎠᎴᏬ ᎣᏏᏳ ᎬᏩᏃᎮᏍᎩ ᏱᎩ ᎢᏴᏛ ᎤᏅᎫᏛᎢ, ᎤᏐᏅᏰᏃ ᎠᏥᏃᎮᏍᎩ ᏱᏅᎦᎵᏍᏓ, ᎠᎴ ᎠᏍᎩᎾ ᎤᏌᏛ ᏳᏪᎯ.
8. ᎾᏍᎩᏯ ᎾᏍᏉ ᎠᏂᏯᏙᎯᎯ ᎨᏥᎸᏉᏗ ᎨᏎᏍᏗ, ᎥᏞᏍᏗ ᏧᏓᎴᏅᏛ ᎢᏯᏂᏪᏍᎩ ᏱᎨᏎᏍᏗ, ᎠᎴ ᎥᏞᏍᏗ ᏱᎦᎨᎠᏗᏔᏍᏗ ᎤᏂᎦᎾᏏᏍᎩ ᏱᎨᏎᏍᏗ, ᏞᏍᏗ ᏧᎬᏩᎶᏗ ᎤᏂᎬᎥᏍᎩ ᏱᎨᏎᏍᏗ;
9. ᏚᏂᏂᏴᏎᏍᏗᏍᎩᏂ ᎤᏕᎵᏛ ᎪᎯᏳᏗ ᎨᏒᎢ ᎠᏅᏗᏍᎨᏍᏗ ᎦᏓᎭ ᏂᎨᏒᎾ ᏗᎫᎪᏙᏗ ᎨᏒᎢ.
10. ᎠᎴ ᎾᏍᎩ ᎯᎠ ᎢᎬᏱ ᏗᎪᎵᏰᎥᎯ ᎨᏎᏍᏗ, ᎩᎳ ᏚᏂᎸᏫᏍᏓᏁᎮᏍᏗ ᎠᏂᏯᏙᎯᎲ ᎪᎱᏍᏗ ᎦᎨᎫᎢᏍᏙᏗ ᏂᎨᏒᎾ ᎨᏎᏍᏗ.
11. ᎾᏍᏉᏃ ᏧᎾᏓᎵᎢ ᎨᏥᎸᏉᏗ ᎨᏎᏍᏗ, ᎤᏐᏅ ᎠᎾᏓᏃᎮᎵᏙᎯ ᏂᎨᏒᎾ, ᎠᏁᏯᏔᎯᏍᎩᏂ ᎨᏎᏍᏗ, ᏰᎵᎦᏯ ᎢᏯᎾᏛᏁᎯ ᏂᎦᎥ ᎪᎱᏍᏗ.
12. ᎠᏯᏙᎯᎯ ᏌᏉᎭ ᎠᏓᏰᎮᏍᏗ, ᎣᏍᏛ ᏗᎧᎿᎭᏩᏗᏙᎯ ᏧᏪᏥ ᎠᎴ ᎤᏩᏒ ᏚᏓᏘᎿᎭᎥᎢ.
13. ᎾᏍᎩᏰᏃ ᎣᏍᏛ ᏧᏂᎸᏫᏍᏓᏁᎯ ᎨᏒ ᎠᏂᏯᏙᎯᎲᎢ, ᎠᏂᏩᏛᏗᎭ ᎣᏍᏛ ᎨᎦᏓᏅᏖᏗᏱ, ᎠᎴ ᎤᏣᏘ ᏄᎾᏰᎯᏍᏛᎾ ᎠᏓᏅᏓᏗᏍᏗᏱ ᎪᎯᏳᏗ ᎨᏒ ᎦᎶᏁᏛ ᏥᏌ.
14. ᎾᏍᎩ ᎯᎠ ᏧᏓᎴᏅᏛ ᏫᎬᏲᏪᎳᏏ, ᎠᎴ ᎤᏚᎩ ᎠᏋᎭ ᏂᎪᎯᎸᎾᏉ ᏫᎬᎷᏤᏗᏱ;
15. ᎢᏳᏍᎩᏂᏃᏅ ᎠᏉᎯᏤᎵᏙᎸᎭ ᎾᏍᎩ ᏣᏙᎴᎰᎯᏍᏗᏱ ᎢᏣᏛᏁᏗᏱ ᏗᏣᎸᏫᏍᏓᏁᏗᏱ ᎤᏁᎳᏅᎯ ᎤᏤᎵ ᎠᏓᏁᎸᎢ, ᎾᏍᎩ ᏧᎾᏁᎶᏗ ᎤᎾᏓᏡᎬ ᎬᏂᏛ ᎤᏁᎳᏅᎯ ᎤᏤᎵ ᏥᎩ, ᎦᎫᏍᏛᏗ ᎠᎴ ᎤᎵᏍᏓᏱᏙ ᏥᎩ ᏚᏳᎯᏛ ᎨᏒᎢ.
16. ᎠᎴ ᏄᏜᏓᏏᏛᏒᎾ ᎤᏍᏆᏂᎪᏗᏳ ᎤᏕᎵᏛ ᎤᏁᎳᏅᎯ ᏗᏁᎶᏗ ᎨᏒᎢ; ᎤᏁᎳᏅᎯ ᎬᏂᎨᏒ ᎾᎬᏁᎴ ᎤᏬᏓᎵ ᎨᏒᎢ, ᏄᏠᎾᏍᏛᎾ ᎬᏂᎨᏒ ᏄᏩᏁᎴ ᎠᏓᏅᏙ, ᏗᏂᎧᎿᎭᏩᏗᏙᎯ ᎬᏩᎪᎮᎢ, ᏧᎾᏓᎴᏅᏛ ᏴᏫ ᎨᎦᎵᏥᏙᏁᎴ ᎾᏍᎩ ᎠᏥᏃᎮᏍᎨᎢ, ᎠᏂ ᎡᎶᎯ ᎠᎪᎢᏳᏁᎢ, ᎦᎸᏉᏗᏳ ᏗᎨᏒ ᏫᏓᎦᏓᏂᎸᏤᎢ.

== I Timothy 4 ==
1. ᎠᏎᏃ ᎠᏓᏅᏙ ᎧᏁᎬ ᎬᏂᎨᏒᎢᏳ ᏂᎬᏁᎭ ᎤᎵᏍᏆᎸᏗ ᎨᏎᏍᏗ ᎩᎶ ᏧᏂᏲᎯᏍᏗᏱ ᎪᎯᏳᏗ ᎨᏒᎢ, ᏓᎾᏛᏓᏍᏓᏁᎮᏍᏗ ᎤᎾᏠᎾᏍᏗ ᏗᏓᏅᏙ, ᎠᎴ ᏓᎾᏕᏲᎲᏍᎩ ᎠᏂᏍᎩᎾ,
2. ᎤᎾᏠᎾᏍᏛ ᎦᏰᎪᎩ ᎠᏂᏬᏂᏍᎨᏍᏗ, ᏚᎾᏓᏅᏛ ᏗᎦᎴᏴᏔᏅᎯ ᏔᎷᎩᏍᎩ ᎤᏗᎴᎩ ᎬᏔᏅᎯ;
3. ᎤᏂᏅᏍᏙᏍᎨᏍᏗ ᏗᏨᏍᏗᏱ, ᎠᏂᏁᎨᏍᏗ ᎪᎱᏍᏗ ᎢᏳᏍᏗ ᎠᎵᏍᏓᏴᏗ ᏗᏲᎯᏍᏗᏱ ᎾᏍᎩ ᎤᏁᎳᏅᎯ ᎤᏬᏢᏅᎯ ᏥᎩ ᎤᎵᎮᎵᏨᎯᏉ ᏧᎾᏓᏂᎸᎢᏍᏗᏱ ᎠᏃᎯᏳᎲᏍᎩ ᎠᎴ ᎤᏂᎦᏙᎥᏒᎯ ᏥᎩ ᏚᏳᎪᏛᎢ.
4. ᏂᎦᎥᏰᏃ ᎪᎱᏍᏗ ᎤᏁᎳᏅᎯ ᎤᏪᏢᏅᎯ ᎨᏒ ᎣᏏᏳ, ᎠᎴ ᎥᏝ ᎪᎱᏍᏗ ᎠᏲᎢᏎᏗ ᏱᎩ, ᎢᏳᏃ ᎤᎵᎮᎵᏍᏗ ᎣᏓᏅᏛ ᏱᏛᏓᏂᎸᎦ;
5. ᎦᏓᎭᏰᏃ ᏂᎨᏒᎾ ᎢᎬᏁᎸᎯ ᎬᏔᏅᎯ ᎧᏃᎮᏛ ᎤᏁᎳᏅᎯ ᎤᏤᎵᎦ, ᎠᎴ ᎠᏓᏙᎵᏍᏙᏗ ᎨᏒᎢ.
6. ᎢᏳᏃ ᎠᎾᎵᏅᏟ ᎯᎠ ᎾᏍᎩ ᏱᎩᏯᏅᏓᏗᏍᏔᏅ, ᎰᏍᏛ ᎨᏎᏍᏗ ᎡᏣᏅᏏᏓᏍᏗ ᏥᏌ ᎦᎶᏁᏛ ᎤᏤᎵᎦ, ᎡᏤᎳᏍᏔᏅᎯ ᎨᏎᏍᏗ ᎧᏃᎮᏛ ᎪᎯᏳᏗ ᎨᏒ ᏥᎧᏃᎮᎭ, ᎠᎴ ᎣᏍᏛ ᏗᏕᏲᏗ ᎨᏒᎢ, ᎾᏍᎩ ᎦᏳᎳ ᏗᏣᏂᏴᏛ ᏥᎩ.
7. ᏕᏣᏲᎢᏎᎮᏍᏗᏍᎩᏂ ᎦᏪᏢᏗ ᎨᏒ ᎪᎱᏍᏗ ᎬᏙᏗ ᏂᎨᏒᎾ ᎠᎴ ᎠᏂᎦᏴᎵᎨ ᎤᏂᏃᎮᎸᏗ ᏥᎩ; ᎠᎴ ᏣᎸᏫᏍᏓᏁᎮᏍᏗ ᎤᏁᎳᏅᎯ ᏗᏁᎶᏙᏗ ᎨᏒᎢ.
8. ᎠᏰᎸᎢᏰᏃ ᎤᎬᏩᎵ ᏗᎦᎸᏫᏍᏓᏁᏗ ᎨᏒ ᎤᏍᏗᎩᏳ ᎠᏓᏍᏕᎵᎭ; ᎤᏁᎳᏅᎯᏍᎩᏂ ᏗᏁᎶᏙᏗ ᎨᏒ ᏂᎦᎥ ᎪᎱᏍᏗ ᎤᎬᏩᎵ ᎬᏩᏓᏍᏕᎸᏗ, ᎾᏍᎩᏰᏃ ᎠᏚᎢᏍᏗ ᎠᏥᏁᏗᏱ ᎬᏅ ᎪᎯ ᏥᎩ, ᎠᎴ ᎾᏍᎩ ᎤᎵᏱᎶᎯᏍᏗ ᎨᏒᎢ.
9. ᎤᏙᎯᏳᎯᏯ ᎢᎦᏪᏛ, ᎠᎴ ᏩᏍᏛ ᏧᏓᏂᎸᎢᏍᏗᏳ;
10. ᎾᏍᎩᏰᏃ ᎢᏳᏍᏗ ᏕᎩᎸᏫᏍᏓᏁᎭ ᎠᎴ ᎦᏰᎩᏐᏢᏗᎭ ᏅᏗᎦᎵᏍᏙᏗ ᎡᏓᎵᏍᎦᏍᏙᏛ ᎬᏂᏛ ᎤᏁᎳᏅᎯ, ᎾᏍᎩ ᏗᏍᏕᎵᏍᎩ ᏥᎩ ᎾᏂᎥ ᏴᏫ, ᎾᏍᎩ Ꮀ ᎤᎬᏫᏳᎭ ᎾᏍᎩ Ꮎ ᎠᏃᎯᏳᎲᏍᎩ.
11. ᎾᏍᎩ ᎯᎠ ᏄᏍᏕᏍᏗ ᎯᏁᎨᏍᏗ ᎠᎴ ᏕᎭᏕᏲᎲᏍᎨᏍᏗ.
12. ᏞᏍᏗ ᎩᎶ ᏳᏐᏅᏤᎴᏏᏗ ᎯᏫᏂᏳ ᎨᏒᎢ; ᎦᎨᏣᏕᎶᏆᎡᏗᏍᎩᏂ ᎨᏎᏍᏗ ᎠᏃᎯᏳᎲᏍᎩ, ᎯᏬᏂᏍᎬᎢ ᎠᎴ ᏂᏣᏛᎿᎭᏕᎬᎢ, ᎠᎴ ᏣᏓᎨᏳᎡᎢ, ᎠᎴ ᏣᏓᏅᏖᏗᏱ, ᎠᎴ ᏦᎯᏳᏒᎢ, ᎠᎴ ᎦᏓᎭ ᏂᎨᏒᎾ ᎨᏒᎢ.
13. ᏫᏥᎷᏨᎭ ᎢᏯᏍᏘ ᏕᏣᎸᏫᏍᏓᏁᎮᏍᏗ ᎪᏪᎵ ᏕᎯᎪᎵᏰᏍᎬᎢ, ᎠᎴ ᏕᎯᏬᏁᏗᏍᎬᎢ, ᎠᎴ ᏕᎭᏕᏲᎲᏍᎬᎢ.
14. ᏞᏍᏗ ᎤᏁᎳᎩ ᏤᎵᏒᎩ ᎡᏣᏁᎸᎯ ᎾᏍᎩ ᏥᏣᎭ, ᎾᏍᎩ ᎡᏣᏁᎸᎯ ᏥᎩ ᎠᏅᏗᏍᎬ ᎤᎾᏙᎴᎰᏒ ᎠᎴ ᏕᎨᏣᏏᏔᏛ ᏗᎨᎦᏁᎶᏗ.
15. ᎾᏍᎩ ᏕᎭᏓᏅᏖᏍᎨᏍᏗ, ᎾᏍᎩᏉ ᏕᏣᎸᏫᏍᏓᏁᎮᏍᏗ, ᎾᏍᎩᏃ ᏣᏁᏉᏤᎲ ᎬᏂᎨᏒ ᏄᎾᎵᏍᏓᏁᎮᏍᏗ ᏂᎦᏛ.
16. ᏣᏓᎦᏌᏯᏍᏕᏍᏗ ᏨᏒ ᎠᎴ ᏄᏍᏛ ᏕᎭᏕᏲᎲᏍᎩᎢ, ᎾᏍᎩ ᏕᎯᏍᏓᏩᏗᏎᏍᏗ; ᎾᏍᎩᏰᏃ ᎿᎭᏛᏁᎲ ᏨᏒ ᏔᏓᏍᏕᎸᎯ ᎠᎴ ᎾᏍᏉ ᎾᏍᎩ Ꮎ ᎨᏣᏛᏓᏍᏓᏁᎯ ᏙᏘᏍᏕᎸᎯ.

== I Timothy 5 ==
1. ᎤᏛᏐᏅᎯ ᏞᏍᏗ ᏱᎬᏍᎪᎸᏁᏍᏗ, ᎯᏍᏗᏰᏗᏍᎨᏍᏗᏍᎩᏂ ᎠᎦᏴᎵᎨ ᎾᏍᎩᏯᎢ, ᎠᏂᏫᏅᏃ ᎢᏣᏓᏅᏟ ᎾᏍᎩᏯᎢ,
2. ᎠᎾᎦᏴᎵᎨᏃ ᎠᏂᎨᏴ ᏗᏣᏥ ᎾᏍᎩᏯᎢ, ᎠᏂᏫᏅᎨᏃ ᎠᏂᎨᏴ ᏤᏣᏙ ᎾᏍᎩᏯᎢ, ᎤᏐᏅ ᏄᏓᏑᏴᎾ.
3. ᏕᎯᎸᏉᏕᏍᏗ ᏧᏃᏑᎶᏨᎯ, ᎢᏳᏃ ᎤᏙᎯᏳᏒ ᏧᏃᏑᎶᏨᎯ ᏱᎩ.
4. ᎢᏳᏍᎩᏂ ᎩᎶ ᎤᏬᏑᎶᏨᎯ ᏧᏪᏥ ᎠᎴ ᏧᎵᏏ ᏯᏁᎭ, ᎾᏍᎩ ᎠᎾᏕᎶᏆᏍᎨᏍᏗ ᏧᏂᎸᏉᏙᏗᏱ ᏙᏧᏁᏅᏒ ᎠᏁᎯ, ᎠᎴ ᏧᎾᎫᏴᎡᏗᏱ ᏧᏂᎦᏴᎵᎨᎢ; ᎾᏍᎩᏰᏃ ᎣᏏᏳ, ᎠᎴ ᏧᏓᏂᎸᎢᏍᏗᏳ ᎤᏁᎳᏅᎯ ᎠᎦᏔᎲᎢ.
5. ᎾᏍᎩᏰᏃ Ꮎ ᎤᏙᎯᏳᎯ ᎤᏬᏑᎶᏨᎯ ᏥᎨᏐᎢ, ᎠᎴ ᎤᏩᏒᎯᏳ ᏥᎨᏐᎢ, ᎤᏁᎳᏅᎯ ᎠᎵᏍᎦᏍᏙᏗᏍᎪᎢ, ᎠᎴ ᏓᎧᎿᎭᏩᏗᏐ ᎠᏔᏲᏍᏗ ᎨᏒ ᎠᎴ ᎠᏓᏙᎵᏍᏙᏗ ᎨᏒ ᏂᏚᎵᏏᏂᏒ ᎠᎴ ᏂᏚᎩᏨᏂᏒᎢ.
6. ᎾᏍᎩ Ꮎ ᏄᏁᎸᎾ ᎡᎯ ᎤᏲᎱᏒᎯ ᎨᏐ ᎠᏏᏉ ᎠᎴᏂᏙᎲᎢ.
7. ᎠᎴ ᎾᏍᎩ ᎯᎠ ᏄᏍᏕᏍᏗ ᎯᏁᎨᏍᏗ, ᎾᏍᎩ ᎦᎨᎫᎢᏍᏙᏗ ᏂᎨᏒᎾ ᎢᏳᎵᏍᏙᏗᏱ.
8. ᎢᏳᏍᎩᏂᏃ ᎩᎶ ᏂᏓᏛᏅᎢᏍᏓᏁᎲᎾ ᎢᎨᏎᏍᏗ ᎤᏩᏒ ᏧᏤᎵᎦ, ᎠᎴ ᎾᏍᎩ Ꮀ ᎤᎬᏫᏳᎭ ᎤᏩᏒ ᏚᏓᏘᎿᎭᎥᎢ, ᎾᏍᎩ ᎤᏓᏱᎸ ᎪᎯᏳᏗ ᎨᏒᎢ, ᎠᎴ ᎤᏟ ᎤᏲᎢᏳ ᎡᏍᎦᏉ Ꮎ ᏄᏬᎯᏳᏒᎾ.
9. ᎤᏬᏑᎶᏨᎯ ᎠᎦᏎᏍᏗ ᎨᏎᏍᏗ ᎢᏳᏃ ᏑᏓᎳᏍᎪᎯ ᎢᏳᏕᏘᏴᏛ ᎨᏎᏍᏗ, ᎠᎴ ᎤᎶᏒᏍᏕᏍᏗ, ᏌᏉᏉ ᎠᏍᎦᏯ ᎤᎾᏁᎳᏛᎯ ᎨᏎᏍᏗ.
10. ᎢᏳᏃ ᎣᏍᏛ ᎠᏥᏃᎮᏍᎩ ᎨᏎᏍᏗ ᎣᏏ ᏕᎤᎸᏫᏍᏓᏁᎲᎢ, ᎢᏳᏃ ᏗᏂᏲᎵ ᏧᏛᎯᏍᏔᏅᎯ ᎨᏎᏍᏗ, ᎢᏳᏃ ᎠᏁᏙᎯ ᏧᏍᏆᏂᎪᏔᏅᎯ ᎨᏎᏍᏗ, ᎢᏳᏃ ᎤᎾᏓᏅᏘ ᏧᎾᎳᏏᏕᏂ ᏧᏬᏑᎴᎸᎯ ᎨᏎᏍᏗ, ᎢᏳᏃ ᏧᏍᏕᎸᏛ ᎨᏎᏍᏗ ᎠᏂᎩᎵᏲᎩ, ᎢᏳᏃ ᎤᏍᏓᏩᏛᏛ ᎨᏎᏍᏗ ᏂᎦᎥ ᎣᏍᏛ ᏗᎦᎸᏫᏍᏓᏁᏗ ᎨᏒᎢ.
11. ᎠᏂᏫᏅᎨᏌᏂᏍᎩᏂ ᏧᏃᏑᎶᏨᎯ ᎩᏲᎢᏎᎮᏍᏗ; ᎢᏳᏰᏃ ᏄᎾᏁᎸᎾ ᏂᎦᎵᏍᏓ ᎠᏁᎲ, ᎦᎶᏁᏛᏃ ᎤᏁᎳᎩ ᎠᏁᎳ, ᎿᎭᏉ ᎤᎾᏚᎵᏍᎪ ᏧᎾᏨᏍᏗᏱ,
12. ᏧᎾᏚᎪᏓᏁᎸᎯ ᎨᏐᎢ ᏅᏗᎦᎵᏍᏙᏗᏍᎪ ᏕᎤᏂᏲᏒ ᎢᎬᏱᏱ ᎤᏃᎯᏳᏅᎢ.
13. ᎠᎴ ᎾᏍᏉ ᎠᎾᏕᎶᏆᏍᎪ ᎤᎾᏓᏄᎸᏗ ᎢᏳᎾᎵᏍᏙᏗᏱ, ᎠᏁᏙᎵᏙᎰ ᏓᏓᏁᎳᏗᏒᎢ; ᎥᏝ ᎠᎴ ᎤᎾᏓᏄᎸᏗᏉ ᎤᏩᏒ ᏱᎨᏐᎢ, ᎾᏍᏉᏍᎩᏂ ᎧᏃᎮᏛ ᎠᏂᏱᏙᎯ ᎨᏐᎢ ᎠᎴ ᎤᏂᏂᎳᏗᏌᏘ, ᎠᏂᏃᎮᏍᎩ ᎾᏍᎩ ᏂᏚᏳᎪᏛᎾ ᎨᏒ ᎤᏂᏃᎮᏗᏱ.
14. ᎾᏍᎩᏃ ᎢᏳᏍᏗ ᎠᏆᏚᎵᎭ ᎠᏂᏫᏅᎨᏌᏂ ᏧᎾᏨᏍᏗᏱ, ᏗᏂᏲᎵ ᏧᏂᎾᏄᎪᏫᏍᏗᏱ, ᏧᏂᏍᏆᏂᎪᏙᏗᏱ ᏓᏂᏁᎸᎢ, ᎠᎴ ᎬᏩᎾᏡᏗᏍᎩ ᏧᏂᎳᏅᏓᏕᏗᏱ ᏂᎨᏒᎾ ᎨᏒ ᎤᏐᏅ ᎬᏩᏂᏃᎮᏗᏱ.
15. ᎦᏳᎳᏰᏃ ᎢᎦᏛ ᎤᎾᎪᎸᏒ ᏎᏓᏂ ᎤᎾᏍᏓᏩᏕᏅ.
16. ᎢᏳᏃ ᎩᎶ ᎪᎯᏳᎲᏍᎩ ᎠᏍᎦᏯ ᎠᎴ ᎠᎨᏴ ᏚᏪᎧᎮᏍᏗ ᏧᏃᏑᎶᏨᎯ, ᎤᏅᏒᏉ ᏗᏂᏍᏕᎵᏍᎨᏍᏗ, ᏞᏍᏗᏃ ᏧᎾᏁᎶᏗ ᎤᎾᏓᏡᎬ ᏱᏚᏂᏓᏁᎴᏍᏗ, ᎾᏍᎩ ᏗᎬᏩᏂᏍᏕᎸᏗ ᏱᎩ ᎤᏙᎯᏳᏒ ᏧᏃᏑᎶᏨᎯ ᎨᏒᎢ.
17. ᎠᎴ ᏗᎨᎦᏁᎶᏗ ᏥᎩ ᎣᏍᏛ ᏧᏂᎸᏫᏍᏓᏁᎯ ᏔᎵ ᎢᏳᏩᎫᏗ ᏕᏥᎸᏉᏕᏍᏗ, ᎠᎴ ᎾᏍᎩ Ꮀ ᎤᎬᏫᏳᏎᏍᏗ ᎧᏃᎮᏛ ᎠᎴ ᏗᏕᏲᏗ ᎨᏒ ᏧᏂᎸᏫᏍᏓᏁᎯ.
18. ᎯᎠᏰᏃ ᏂᎦᏛᎭ ᎦᎸᏉᏗ ᎪᏪᎵ; ᏞᏍᏗ ᏱᏲᏴᏑᎳᏁᏍᏗ ᏩᎦ ᎠᎦᏔᏙᎥᏗᏍᎩ; ᎠᎴ, ᎪᎱᏍᏗ ᎠᏛᏁᎯ ᎠᎦᎫᏴᎡᏗ ᎨᏐ ᏚᎸᏫᏍᏓᏁᎸᎢ.
19. ᏣᎦᏁᎶᏗ ᎪᎱᏍᏗ ᎠᏥᎳᏫᏎᎲᎢ ᏞᏍᏗ ᏱᏣᏛᏓᏍᏗᏍᎨᏍᏗ ᎬᏂ ᎠᏂᏔᎵ ᎠᎴ ᎠᏂᏦᎢ ᎤᏂᏃᎮᏛ ᎨᏎᏍᏗ.
20. ᎾᏃ ᎠᏂᏍᎦᏅᎩ ᏕᎯᎬᏍᎪᎸᎥᏍᎨᏍᏗ ᏂᎦᏛ ᎠᏂᎦᏔᎲᎢ, ᎾᏍᎩ ᎠᏂᏐᎢ ᎾᏍᏉ ᎤᏂᎾᏰᏍᏗᏱ.
21. ᎬᏁᏤᎭ ᎤᏁᎳᏅᎯ ᎠᎦᏔᎲᎢ, ᎠᎴ ᎤᎬᏫᏳᎯ ᏥᏌ ᎦᎶᏁᏛ ᎠᎴ ᎨᎦᏑᏰᏛ ᏗᏂᎧᎿᎭᏩᏗᏙᎯ ᎠᏂᎦᏔᎲᎢ, ᎯᎠ ᎾᏍᎩ ᏣᎦᏌᏯᏍᏙᏗᏱ ᎢᎬᏱ ᎦᏰᎯ ᏂᏚᎪᏗᏍᎬᎾ, ᎠᎴ ᏕᏣᎸᏫᏍᏓᏁᎲ ᎩᎶ ᏂᏯᎵᎪᏁᎲᎾ.
22. ᏞᏍᏗ ᎤᎵᏍᏗ ᏱᏘᏯᏏᏔᏕᏍᏗ ᎩᎶᎢ, ᎠᎴ ᏞᏍᏗ ᏯᏖᎳᏗᏍᎨᏍᏗ ᎩᎶ ᎠᏂᏍᎦᏅᎬᎢ. ᏣᏓᎦᏌᏯᏍᏕᏍᏗ ᎯᎦᏓᎭ ᏂᎨᏒᎾ ᎨᏎᏍᏗ.
23. ᎿᎭᏉ ᏞᏍᏗ ᎠᎹᏉ ᏯᏗᏔᏍᎨᏍᏗ, ᎤᏍᏗᏍᎩᏂ ᎩᎦᎨ-ᎠᏗᏔᏍᏗ ᎭᏗᏔᏍᎨᏍᏗ, ᎪᎱᏍᏗ ᎭᎵᏍᏗᏍᎬ ᎢᏳᏍᏗ ᏦᎸᎯᏍᏗᏱ ᎠᎴ ᏯᏃᏉ ᏣᏢᏥᏰᏍᎬᎢ.
24. ᎩᎶ ᎠᏂᏍᎦᏅᎬ ᎬᏂᎨᏒ ᎨᏐ ᎢᎬᏪᏅᏛ, ᎢᎬᏱ ᏫᎦᎷᎪ ᏗᎫᎪᏙᏗᏱ ᎨᏒᎢ, ᎩᎶᏃ ᎤᎨᏍᏓᏩᏕᎪᎢ.
25. ᎾᏍᎩᏯ ᎾᏍᏉ ᎩᎶ ᎣᏍᏛ ᏚᏂᎸᏫᏍᏓᏁᎲ ᎬᏂᎨᏒ ᎨᏐ ᎢᎬᏪᏅᏛ; ᎩᎶᏃ ᎾᏍᎩ Ꮎ ᎯᎠ ᏄᏍᏛᎾ ᏱᎩ, ᎠᏎ Ꮭ ᎦᎬᏍᎦᎶᏗ ᏱᎨᏐᎢ.

== I Timothy 6 ==
1. ᎾᏂᎥ ᏗᎨᏥᎾᏝᎢ ᎾᏍᎩ ᏗᎨᏥᎩᎳᎾᎳ ᏥᎩ ᎤᏣᏘ ᏧᏂᎸᏉᏗᏳ ᎨᏎᏍᏗ ᏗᎬᏩᏂᎾᏝᎢ, ᎾᏍᎩ ᏚᏙᎥ ᎤᏁᎳᏅᎯ ᎠᎴ ᎤᏤᎵ ᏗᏕᏲᏗ ᎨᏒ ᎠᏐᏢᎯ ᎢᏳᎵᏍᏙᏗᏱ ᏂᎨᏒᎾ.
2. ᎾᏃ ᎠᏃᎯᏳᎲᏍᎩ ᏗᎬᏩᏂᎾᏝᎢ ᎨᏒ ᏞᏍᏗ ᏱᏚᏂᏂᏆᏘᎴᏍᏗ ᏱᏅᏗᎦᎵᏍᏙᏗᏍᎨᏍᏗ ᎠᎾᎵᏅᏟ ᎨᏒᎢ, ᎪᎱᏍᏗᏍᎩᏂ ᏓᎾᏛᏁᎮᏍᏗ ᏅᏗᎦᎵᏍᏙᏗᏍᎨᏍᏗ ᎠᏃᎯᏳᎲᏍᎩ ᎠᎴ ᎨᏥᎨᏳᎢ ᎨᏒᎢ, ᎤᎾᏠᏯᏍᏗᏍᎩ ᎣᏍᏛ ᎾᎦᏛᏁᎸᎢ. ᎾᏍᎩ ᎯᎠ ᏄᏍᏕᏍᏗ ᏕᎭᏕᏲᎲᏍᎨᏍᏗ, ᎠᎴ ᏕᎯᏁᏤᎮᏍᏗ.
3. ᎢᏳᏃ ᎩᎶ ᎤᏣᏘᏂ ᏂᎦᏪᏍᎨᏍᏗ ᏓᏕᏲᎲᏍᎨᏍᏗ, ᎠᎴ ᎣᏏ ᎾᏰᎸᏍᎬᎾ ᎢᎨᏎᏍᏗ ᎣᏍᏛ ᎤᏬᏂᏒ ᎢᎦᏤᎵ ᎤᎬᏫᏳᎯ ᏥᏌ ᎦᎶᏁᏛ, ᎠᎴ ᏗᏕᏲᏗ ᎨᏒ ᎾᏍᎩ ᎤᏁᎳᏅᎯ ᏗᏂᎶᏙᏗ ᎨᏒ ᏥᏓᏕᏲᎲᏍᎦ;
4. ᎾᏍᎩ Ꮎ ᎤᏢᏉᏗ, ᎪᎱᏍᏗ ᎾᎦᏔᎲᎾ, ᎤᎵᏰᏔᏁᎯ ᎦᏬᏂᎯᏍᏗ ᎨᏒ, ᎠᎴ ᏧᏘᏲᏌᏘ ᎠᎵᏃᎮᏍᎬᎢ, ᎾᎿᎭᏨᏗᏓᎴᎲᏍᎦ ᎠᏛᏳᎨᏗ ᎨᏒᎢ, ᎠᎴ ᎠᏗᏒᏍᏗ ᎨᏒᎢ, ᎠᎴ ᎠᏐᏢᎢᏍᏙᏗ ᎨᏒᎢ, ᎠᎴ ᎪᎱᏍᏗ ᏗᏓᏕᎵᏎᏗ ᎨᏒᎢ,
5. ᎠᎴ ᎬᏍᎦᎢᏍᏓᎩ ᎤᏂᏬᏂᎯᏍᏗ ᎨᏒ ᏴᏫ ᎤᎪᏏᏛ ᏧᎾᏓᏅᏘ, ᎤᏂᏂᎩᏛ ᏚᏳᎪᏛᎢ, ᎨᏅᎢᏍᏗ ᎨᏒ ᎤᏁᎳᏅᎯ ᏗᏁᎶᏙᏗ ᎢᏧᎳᎭ ᎠᏁᎵᏍᎩ. ᎾᏍᎩ ᎢᏳᎾᏍᏗ ᏕᎭᏓᏅᎡᎮᏍᏗ.
6. ᎤᏁᎳᏅᎯᏍᎩᏂ ᏗᏁᎶᏙᏗ ᎨᏒ ᎠᎴ ᏅᏩᏙᎯᏯᏛ ᎠᏓᏅᏓᏗᏍᏗ ᎨᏒ, ᎾᏍᎩ ᎤᏣᏘ ᎨᏅᎢᏍᏗ.
7. ᏝᏰᏃ ᎪᎱᏍᏗ ᏱᎩᏲᎴ ᎠᏂ ᎡᎶᎯ, ᎠᎴ ᎬᏂᎨᏳᎢᏳ Ꮭ ᎪᎱᏍᏗ ᏴᎨᏗᏄᎪᏩ.
8. ᎢᏳᏃ ᏱᎩᎭ ᎠᎵᏍᏓᏴᏗ ᎠᎴ ᏗᎦᏄᏬ ᏱᏗᎩᎾᎠ, ᎾᏍᎩ ᏰᎵᏉ ᎢᎩᏰᎸᏎᏍᏗ.
9. ᎤᎾᏚᎵᏍᎩᏍᎩᏂ ᏥᎩ ᎤᏁᏅᎢᏍᏗᏱ, ᎤᏓᎴᎾᏍᏗᏱ ᎠᎴ ᎠᏌᏛ ᏫᏓᏂᏅᎪᎢ, ᎠᎴ ᎤᏣᏘ ᎢᏳᏓᎴᎩ ᎤᎵᏍᎦᏂᏍᏛ ᎠᎴ ᎤᏲ ᎢᏯᏓᏛᏁᎯ ᎠᎬᎥᎯᏍᏗ ᎨᏒᎢ; ᎾᏍᎩ ᏥᏚᏂᏃᏴᏘᏍᏗᎭ ᏴᏫ ᎾᎿᎭᎠᎩᎵᏲᎢᏍᏗ ᎨᏒ ᎠᎴ ᎠᏲᎱᎯᏍᏗ ᎨᏒᎢ.
10. ᎠᏕᎸᏰᏃ ᏗᎨᏳᏗ ᎨᏒ ᎾᎿᎭᏗᏓᎴᎲᏍᎦ ᏄᏓᎴᏒ ᎤᏲᎢ, ᎾᏍᎩ ᎩᎶ ᎤᏂᎬᎥᏍᎬᎢ ᎤᎾᏞᏒ ᎪᎯᏳᏗ ᎨᏒᎢ, ᎠᎴ ᎤᏅᏒ ᏚᎾᏓᏘᏍᏔᏅ ᎤᏣᏘ ᎤᏲ ᎠᏓᏅᏓᏗᏍᏗ ᎨᏒᎢ.
11. ᏂᎯᏍᎩᏂ ᎯᏍᎦᏯ ᎤᏁᎳᏅᎯ ᎤᏤᎵᎦ ᎾᏍᎩ ᎯᎠ ᏕᎭᏓᏅᎡᎮᏍᏗ, ᎠᎴ ᏕᎯᏍᏓᏩᏗᏎᏍᏗ ᏚᏳᎪᏛ ᎨᏒᎢ, ᎠᎴ ᎤᏁᎳᏅᎯ ᎦᎾᏰᎯᏍᏗ ᎨᏒᎢ, ᎠᎴ ᎪᎯᏳᏗ ᎨᏒᎢ, ᎠᎴ ᎠᏓᎨᏳᏗ ᎨᏒᎢ, ᎠᎴ ᎬᏂᏗᏳ ᎨᏒᎢ, ᎠᎴ ᎤᏓᏅᏘᏳ ᎨᏒᎢ.
12. ᎪᎯᏳᏗ ᎨᏒ ᎲᏗᏍᎨᏍᏗ ᎣᏍᏛ ᎠᎵᏍᏗ ᎨᏒ ᎭᎵᎮᏍᏗ. ᎾᎵᏍᏆᏗᏍᎬᎾ ᎬᏂᏛ ᎨᏒ ᏘᏂᏴ, ᎾᎿᎭᎾᏍᏉ ᎡᏣᏯᏅᏛ ᏥᎩ, ᎠᎴ ᏣᏃᏅᎯ ᏥᎩ ᎣᏍᏛ ᎧᏃᎮᏗ ᎨᏒ ᎤᏂᏣᏘ ᎠᏂᎦᏔᎯ ᎠᏂᏚᏔᎲᎢ.
13. ᎬᏁᏤᎭ ᎤᏁᎳᏅᎯ ᎠᎦᏔᎲᎢ, ᎾᏍᎩ ᏗᎬᏂᏗᏍᎩ ᏥᎩ ᏂᎦᎥ ᏄᎾᏓᎴᏒᎢ, ᎠᎴ ᎠᎦᏔᎲ ᏥᏌ ᎦᎶᏁᏛ ᎾᏍᎩ ᏆᏂᏗ ᏆᎴᏗ ᎠᎦᏔᎲ ᎤᏃᏅᎯ ᏥᎩ ᎣᏍᏛ ᎧᏃᎮᏛ ᎨᏒᎢ,
14. ᎾᏍᎩ ᏣᏍᏆᏂᎪᏙᏗᏱ ᏗᎧᎿᎭᏩᏛᏍᏗ, ᏄᏓᏓᎸᎾ ᎠᎴ ᎪᎱᏍᏗ ᎦᏰᏤᎵᏎᏗ ᏂᎨᏒᎾ ᎢᏳᎵᏍᏙᏗᏱ ᎢᎦᏤᎵ ᎤᎬᏫᏳᎯ ᏥᏌ ᎦᎶᏁᏛ ᎦᎾᏄᎪᏥᎸ ᎬᏗᏍᎩ,
15. ᎾᏍᎩ ᏨᎦᎾᏄᎪᏫᏏ ᎾᎯᏳ ᏧᎾᏄᎪᏫᏎᏗ ᎨᏒᎢ, ᎾᏍᎩ ᏅᏩᏙᎯᏯᏛ ᎤᏓᏅᏘ ᎠᎴ ᎤᏩᏒᎯ ᎤᎵᏂᎩᏛ ᎨᏒᎢ, ᎤᎬᏫᏳᎯ ᎤᏂᎬᏫᏳᎯ ᎠᏁᎲᎢ, ᎠᎴ ᎤᎬᏫᏳᏌᏕᎩ ᏄᏂᎬᏫᏳᏌᏕᎩ ᎠᏁᎲᎢ;
16. ᎾᏍᎩ ᎤᏩᏒᎯ ᎠᏲᎱᎯᏍᏗ ᏂᎨᏒᎾ ᎨᏒ ᎤᎯ, ᎢᎦᎦᏛ ᎡᎯ ᎨᏒᎢ, ᎾᏍᎩ ᎢᎦᎦᏛ ᎾᎿᎭᎩᎶ ᎬᏩᎷᎯᏍᏗ ᏂᎨᏒᎾ ᎨᏒᎢ, ᎾᏍᎩ ᎩᎶ ᎤᎪᎲᎩ ᏂᎨᏒᎾ, ᎠᎴ ᎬᏩᎪᏩᏛᏗ ᏂᎨᏒᎾ ᎨᏒᎢ; ᎾᏍᎩ ᎠᏥᎸᏉᏗᏳ ᎨᏎᏍᏗ ᎠᎴ ᎤᎵᏂᎩᏗ ᎨᏒ ᏫᎾᏍᏛᎾ ᎨᏎᏍᏗ. ᎡᎺᏅ.
17. ᎩᏁᏤᎮᏍᏗ ᏧᏁᎿᎭᎢ ᏥᎩ ᎠᏂ ᎡᎶᎯ ᎾᏍᎩ ᎤᎾᏢᏉᏗ ᏱᏉ ᏂᎨᏒᎾ, ᎠᎴ ᎤᎾᎵᏍᎦᏍᏙᏙᏗᏱ ᏂᎨᏒᎾ ᎤᏓᎵᏓᏍᏗ ᎨᏅᎢᏍᏗ ᎨᏒᎢ, ᎤᏁᎳᏅᎯᏍᎩᏂ ᎬᏂᏛ ᎠᎾᎵᏍᎦᏍᏙᏗᏍᎨᏍᏗ ᎾᏍᎩ ᎤᏣᏘ ᎢᎩᏁᎯ ᏥᎩ ᎾᎦᎥ ᏄᏓᎴᏒ ᎣᏍᏛ ᎢᎦᎵᏍᏓᏁᏗ.
18. ᎠᎴ ᎣᏍᏛ ᎾᎾᏛᏁᎮᏍᏗ, ᎠᎴ ᎤᏁᎿᎭᎢᏳ ᎨᏎᏍᏗ ᎣᏍᏛ ᎾᎾᏛᏁᎲᎢ, ᎠᎴ ᎠᏂᎦᎵᏰᏍᏗ ᎤᎾᏓᏁᏗᏱ, ᎠᏂᏯᏙᎯᎯ ᎨᏎᏍᏗ ᎤᏂᎲᎢ,
19. ᎠᎾᏓᏁᎸᏍᎨᏍᏗ ᎤᏅᏒ ᎤᎾᏤᎵᎦ ᎣᏍᏛ ᎦᎫᏍᏛᏗ ᎠᏏ ᎾᏍᏆᎵᏍᎬᎾ ᎾᎯᏳ ᎤᏍᏆᎸᏗ ᏥᎩ, ᎾᏍᎩ ᎾᎵᏍᏆᏗᏍᎬᎾ ᎬᏂᏛ ᏗᎬᏩᏂᏂᏴᏗ ᎢᏳᎵᏍᏙᏗᏱ.
20. ᏗᎹᏗ, ᏣᏍᏆᏂᎪᏕᏍᏗ ᎾᏍᎩ ᏤᏣᎨᏅᏴ, ᎢᏴᏛ ᏅᏁᎮᏍᏗ ᎦᏪᏢᏗ ᎨᏒ ᎠᎴ ᎠᏎᏉᏉ ᎦᏬᏂᎯᏍᏗ ᎨᏒᎢ, ᎠᎴ ᎠᏗᏒᏍᏗ ᎨᏒ ᎠᎦᏙᎥᎯᏍᏗ ᏂᏚᏳᎪᏛᎾ ᏥᏚᏙᎥ;
21. ᎾᏍᎩ ᎩᎶ ᎠᏂᏍᏓᏩᏗᏒ ᎤᎾᏞᏒ ᎪᎯᏳᏗ ᎨᏒᎢ. [ᎤᏁᎳᏅᎯ] ᎤᏓᏙᎵᏍᏗ ᎨᏒ ᏕᏣᎧᏩᏗᏙᎮᏍᏗ. ᎡᎺᏅ.

== II Timothy 1 ==
1. ᎠᏴ ᏉᎳ ᎠᎩᏅᏏᏛ ᏥᏌ ᎦᎶᏁᏛ ᏅᏧᎵᏍᏙᏔᏅ ᎤᏁᎳᏅᎯ ᎣᏏ ᎤᏰᎸᏅᎢ, ᎾᏍᎩᏯ ᎠᏚᎢᏍᏛ ᎬᏂᏛ ᎡᎩᏁᏗᏱ, ᎾᏍᎩ ᎦᎶᏁᏛ ᏥᏌ ᏨᏗᏓᎴᎲᏍᎦ;
2. ᏫᎬᏲᏪᎳᏏ ᏗᎹᏗ ᎬᎨᏳᎢ ᎠᏇᏥ; ᎬᏩᎦᏘᏯ ᎤᏓᏙᎵᏍᏗ ᎨᏒ ᎠᎴ ᎤᏓᏙᎵᏣᏛ ᎨᏒ ᎠᎴ ᏅᏩᏙᎯᏯᏛ ᏕᏣᎧᎿᎭᏩᏗᏙᎮᏍᏗ ᏅᏓᏳᎾᎵᏍᎪᎸᏔᏅᎯ ᎤᏁᎳᏅᎯ ᎢᎩᏙᏓ ᎠᎴ ᎦᎶᏁᏛ ᏥᏌ ᎢᎦᏤᎵ ᎤᎬᏫᏳᎯ.
3. ᏥᏯᎵᎡᎵᏤ ᎤᏁᎳᏅᎯ, ᎾᏍᎩ ᏥᏕᏥᏯᏁᎶᏗ, ᎾᏍᎩᏯ ᏗᎩᎦᏴᎵᎨ ᏄᎾᏛᏁᎸᎢ, ᏥᎬᏗᎭ ᎦᏓᎭ ᏂᎨᏒᎾ ᎠᏆᏓᏅᏙ, ᏂᏥᏲᎯᏍᏗᏍᎬᎾ, ᎢᎦ ᎠᎴ ᏒᏃᏱ ᎬᏯᏅᏓᏗᏍᎬ ᎦᏓᏙᎵᏍᏗᏍᎬᎢ,
4. ᎾᏍᎩ ᎤᏣᏘ ᎠᏆᏚᎵᏍᎬ ᎬᎪᏩᏛᏗᏱ, ᎠᎴ ᎦᏅᏓᏗᏍᎬ ᏕᏣᏠᏱᎸᎢ ᎾᏍᎩᏃ ᎠᎩᎧᎵᎢᏍᏗᏱ ᎤᎵᎮᎵᏍᏗ ᎨᏒᎢ,
5. ᎢᏳᏃ ᎦᏅᏓᏓ ᎤᏠᎾᏍᏗ ᏂᎨᏒᎾ ᎪᎯᏳᏗ ᎨᏒ ᏥᏣᏯᎠ, ᎾᏍᎩ ᎢᎬᏱ ᏧᏯᎥ ᏣᎵᏏ ᎶᏏ ᎠᎴ ᏣᏥ ᏳᏂᏏ, ᎠᎴ ᏄᏜᏓᏏᏛᏒᎾ ᎠᎩᏰᎸᎭ ᏂᎯ ᎾᏍᏉ ᏣᏯᎥᎢ.
6. ᎾᏍᎩ ᎢᏳᏍᏗ ᎬᏯᏅᏓᏗᏍᏗᎭ ᏣᏖᎸᏗᏱ ᎤᏁᎳᏅᎩ ᏣᏁᎸᎯ ᎨᏒᎢ, ᎾᏍᎩ ᏥᏣᏯᎠ, ᎾᏍᎩ ᏕᎬᏯᏏᏔᏛ ᏥᏅᏗᎦᎵᏍᏙᏗᎭ.
7. ᎤᏁᎳᏅᎯᏰᏃ ᎥᏝ ᏱᎩᏁᎸ ᎠᏓᏅᏙ ᎤᏓᏍᎦᏍᏗ, ᎤᎵᏂᎩᏛᏍᎩᏂ ᎠᎴ ᎠᏓᎨᏳᏗ ᎨᏒ ᎠᎴ ᎣᏍᏛ ᎠᏓᏅᏖᏗ ᎨᏒᎢ.
8. ᎾᏍᎩ ᎢᏳᏍᏗ ᏞᏍᏗ ᏯᏕᎰᏍᎨᏍᏗ ᎯᏃᎮᏍᎬ ᎤᎬᏫᏳᎯ ᎢᎦᏤᎵᎦ, ᎠᎴ ᏞᏍᏗ ᏱᏍᏆᏕᎰᏍᎨᏍᏗ ᎠᏴ ᏥᏴᎩ ᎾᏍᎩ ᎤᏤᎵᎦ, ᏤᎳᏗᏍᏗᏍᎨᏍᏗᏍᎩᏂ ᎠᎩᎵᏲᎬ ᎣᏍᏛ ᎧᏃᎮᏛ, ᏣᏍᏕᎵᏍᎨᏍᏗ ᎤᎵᏂᎩᏗ ᎨᏒ ᎤᏁᎳᏅᎯ,
9. ᎾᏍᎩ ᎢᎩᏍᏕᎸᏛ ᏥᎩ, ᎠᎴ ᎢᎩᏯᏅᏛ ᏥᎩ ᎤᏩᏔᏅᎯ ᎦᎸᏉᏗ ᎠᏓᏯᏅᏗ ᎨᏒᎢ, ᎥᏝ ᎠᏴ ᏕᎩᎸᏫᏍᏓᏁᎲ ᏱᏅᏧᎵᏍᏙᏔᏅ, ᎤᏩᏒᏍᎩᏂ ᎤᏓᏅᏖᎸᎢ ᎠᎴ ᎬᏩᎦᏘᏯ ᎤᏓᏙᎵᏍᏗ ᎨᏒ ᏅᏧᎵᏍᏙᏔᏅ, ᎾᏍᎩ ᎢᎩᏁᎸᎯ ᏥᎩ ᏅᏧᏓᎴᏅᎲᎾ, ᏥᏌ ᎦᎶᏁᏛ ᎨᏒ ᎢᏳᏍᏗ,
10. ᎪᎯᏃ ᎨᏒ ᎬᏂᎨᏒ ᎢᎬᏁᎸᎯ ᎾᏍᎩ ᎤᎾᏄᎪᏥᎸ ᎢᎩᏍᏕᎵᏍᎩ ᏥᏌ ᎦᎶᏁᏛ, ᎾᏍᎩ ᎤᏲᏍᏔᏅᎯ ᏥᎩ ᎠᏲᎱᎯᏍᏗ ᎨᏒ, ᎠᎴ ᎤᎾᏄᎪᏫᏒᎯ ᏥᎩ ᎬᏂᏛ ᎠᎴ ᎠᏲᎱᎯᏍᏗ ᏂᎨᏒᎾ ᎨᏒ, ᎣᏍᏛ ᎧᏃᎮᏛ ᎬᏔᏅᎯ,
11. ᎾᏍᎩ ᎠᏴ ᎥᎩᏁᏤᎸᎯ ᎦᎵᏥᏙᎲᏍᎩ ᎠᎴ ᎥᎩᏅᏏᏛ ᎠᎴ ᏗᎦᏥᏰᏲᎲᏍᎩ ᏧᎾᏓᎴᏅᏛ ᏴᏫ.
12. ᎾᏍᎩ ᎾᏍᏉ ᏅᏗᎦᎵᏍᏙᏗᎭ ᎯᎠ ᎾᏍᎩ ᏧᏓᎴᏅᏛ ᏥᎩᎵᏲᎦ; ᎠᏎᏃ ᎥᏝ ᏱᎦᏕᎣᏍᎦ; ᏥᎦᏔᎭᏰᏃ ᎾᏍᎩ ᏥᏥᏯᎵᏍᎦᏍᏙᏔᏅ, ᎠᎴ ᎤᎵᏂᎩᏗᏳ ᎠᏉᎯᏳᎭ ᏰᎵᏉ ᎬᏩᏍᏆᏂᎪᏙᏗ ᎨᏒ ᎾᏍᎩ ᏥᏥᏯᎨᏅᏴ ᎬᏂ ᎾᎯᏳ ᎢᎦ ᎠᏍᏆᎸᎲᎭ.
13. ᏕᏣᏂᏴᏎᏍᏗ ᎾᏍᎩ ᏗᏣᏟᎶᏍᏔᏅᎯ ᎣᏍᏛ ᎧᏃᎮᏛ ᎾᏍᎩ ᏍᏆᏛᎦᏁᎸᎯ ᏥᎩ, ᎲᏗᏍᎨᏍᏗ ᎪᎯᏳᏗ ᎨᏒ ᎠᎴ ᎠᏓᎨᏳᏗ ᎨᏒ ᎾᏍᎩ ᎦᎶᏁᏛ ᏥᏌ ᏅᏓᏳᏓᎴᏅᎯ.
14. ᎾᏍᎩ Ꮎ ᎣᏍᏛ ᏤᏣᎨᏅᏴ ᏣᏍᏆᏂᎪᏕᏍᏗ, ᏣᏍᏕᎵᏍᎨᏍᏗ ᎦᎸᏉᏗᏳ ᎠᏓᏅᏙ ᎾᏍᎩ ᏥᎩᏯᎠ.
15. ᎯᎠ ᎾᏍᎩ ᎯᎦᏔᎭ, ᏂᎦᏛ ᎡᏏᏱ ᎠᏁᎯ ᎬᏋᏕᏨᎢ, ᎾᏍᎩ ᎤᎾᏓᏑᏯ ᏆᏤᎳ ᎠᎴ ᎭᎹᏥᏂ.
16. ᎤᎬᏫᏳᎯ ᏧᏁᏗ ᎨᏎᏍᏗ ᎤᏓᏙᎵᏍᏗ ᎨᏒ ᏚᏓᏘᎿᎭᎥ ᎣᏁᏏᏉᎳ, ᏯᏃᏰᏃ ᎠᎩᎦᎵᏍᏓᏗᏍᎬᎩ, ᎠᎴ ᎥᏝ ᏯᏉᏕᎰᎯᏎᎮ ᎠᏆᏤᎵ ᏧᏓᏕᏒᏛ;
17. ᎶᎻᏍᎩᏂ ᎤᏪᏙᎸ ᎤᎵᏂᎩᏛ ᎠᎩᏲᎸᎩ, ᎠᎴ ᎠᎩᏩᏛᎲᎩ.
18. ᎤᎬᏫᏳᎯ ᎤᏁᏗ ᎨᏎᏍᏗ ᎤᏩᏛᏗᏱ ᎤᏓᏙᎵᏍᏗ ᎨᏒ ᎤᎬᏫᏳᎯ ᎾᎯᏳ ᎢᎦ. ᎠᎴ ᏂᎦᎥ ᎠᎩᏍᏕᎸᎯᏙᎸ ᎡᏈᏌ ᎣᏏᏳ ᎯᎦᏔᎭ.

== II Timothy 2 ==
1. ᎾᏍᎩ ᎢᏳᏍᏗ ᏂᎯ ᎠᏇᏥ ᏣᎵᏂᎪᎯᏍᏗᏍᎨᏍᏗ ᎬᏩᎦᏘᏯ ᎤᏓᏙᎵᏍᏗ ᎨᏒ ᎾᏍᎩ ᏥᏌ ᎦᎶᏁᏛ ᏅᏓᏳᎵᏍᎪᎸᏔᏅᎯ.
2. ᎠᎴ ᎾᏍᎩ ᏍᏆᏛᎦᏁᎸᎯ ᏥᎩ ᎤᏂᏣᏘ ᎠᏂᎦᏔᎲᎢ, ᎾᏍᎩ ᏕᎭᎨᏅᏗᏍᎨᏍᏗ ᎠᏃᏍᏛ ᎠᏂᏍᎦᏯ ᎾᏍᎩ ᏰᎵ ᏗᎬᏩᏁᏲᏗ ᎨᏒ ᎾᏍᏉ Ꮎ ᏭᏅᎫᏛᎢ.
3. ᎾᏍᎩ ᎢᏳᏍᏗ ᏂᎯ ᎲᏂᏗᏳ ᎨᏎᏍᏗ ᎯᎩᎵᏲᎬᎢ, ᎾᏍᎩᏯ ᎣᏍᏛ ᎠᏯᏫᏍᎩ ᏥᏌ ᎦᎶᏁᏛ ᎤᏤᎵᎦ.
4. ᎩᎶ ᏓᎿᎭᏩ ᏤᎪᎢ ᎥᏝ ᎬᏅ ᎤᎵᏍᏕᎸᏙᏗ ᏕᎤᎸᏫᏍᏓᏁᎲ ᏯᏚᏓᎸᏗᏍᎪᎢ, ᎤᏚᎵᏍᎪ ᎠᏍᎦᏰᎬᏍᏓ ᎣᏍᏛ ᎤᏰᎸᏗ ᏧᎸᏫᏍᏓᏁᏗᏱ.
5. ᎢᏳ ᎠᎴ ᎩᎶ ᎤᏓᏎᎪᎩᏍᏗᏱ ᏣᏟᏂᎬᏁᎰᎢ, ᎥᏝ ᏯᏥᏍᏚᎸᏍᎪᎢ ᎬᏂ ᏗᎧᎿᎭᏩᏛᏍᏗ ᏂᎬᏅ ᎢᏳᏛᏁᎸᎯ ᏥᎨᏐᎢ.
6. ᏗᎦᎶᎩᏍᎩ ᏥᏚᎸᏫᏍᏓᏁᎰᎢ ᎢᎬᏱ ᎤᏪᎳᏗᏍᏙᏗ ᎨᏐ ᎤᎾᏄᎪᏫᏒᎯ.
7. ᎭᏓᏅᏓᏛᎵ ᎯᎠ ᏥᏂᏥᏪᎭ; ᎤᎬᏫᏳᎯᏃ ᏫᏣᎲᏏ ᏣᎦᏙᎥᎯᏍᏗᏱ ᏂᎦᎥ ᏧᏓᎴᏅᏛ.
8. ᏣᏅᏖᏍᏗ ᏥᏌ ᎦᎶᏁᏛ, ᏕᏫ ᎤᏪᏥ, ᎤᏲᎱᏒ ᏚᎴᎯᏌᏅᎢ, ᎾᏍᎩᏯ ᏂᎦᏪᏍᎬ ᎣᏍᏛ ᎧᏃᎮᏛ ᎠᏆᏤᎵᎦ,
9. ᎾᏍᎩ ᎾᎿᎭᏥᏥᎩᎵᏲᎦ ᎥᏆᎸᏍᏗᏱ ᎢᏴᏛ, ᎤᏲ ᏧᎸᏫᏍᏓᏁᎯ ᎾᏍᎩᏯᎢ; ᎤᏁᎳᏅᎯᏍᎩᏂ ᎤᏤᎵᎦ ᎧᏃᎮᏛ ᎥᏝ ᎦᎸᎸᎯ ᏱᎩ.
10. ᎾᏍᎩ ᎢᏳᏍᏗ ᎤᏁᎳᎩ ᎨᎵᎭ ᏂᎦᏛ ᏧᏓᎴᏅᏛ ᎾᏆᎵᏍᏓᏁᎵᏙᎲᎢ ᎨᎦᏑᏰᏛ ᏅᏗᎦᎵᏍᏙᏗᎭ, ᎠᎴ ᎤᏂᏩᏛᏗᏱ ᎠᎵᏍᏕᎸᏙᏗ ᎾᏍᎩ ᏥᏌ ᎦᎶᏁᏛ ᏅᏓᏳᎵᏍᎪᎸᏔᏅᎯ, ᎠᎴ ᎠᎵᏍᏆᏗᏍᎩ ᏂᎨᏒᎾ ᎦᎸᏉᏗᏳ ᎨᏒᎢ.
11. ᎤᏙᎯᏳᎯᏯ ᎢᎦᏪᏛ, ᎢᏳᏰᏃ ᎢᏧᎳᎭ ᏗᎩᏲᎱᏒᎯ ᎨᏎᏍᏗ, ᎠᏎ ᎾᏍᏉ ᎢᏧᎳᎭ ᏕᏛᏁᏍᏗ;
12. ᎢᏳᏃ ᏕᏛᏂᎡᏍᏗ ᎠᏎ ᎾᏍᎩ ᎢᏧᎳᎭ ᎢᎩᎬᏫᏳᏌᏕᎨᏍᏗ; ᎢᏳᏃ ᎢᏒᏓᏓᏱᎸᎭ ᎾᏍᏉ ᎠᏎ ᏓᎦᏓᏱᎵ.
13. ᎢᏳᏃ ᏁᏙᎢᏳᏅᎾ ᎢᎨᏎᏍᏗ ᎠᏎ ᏅᏩᏍᏗᏉ ᎦᎪᎯᏳᏗ ᎨᏒᎢ; ᎥᏝ ᎤᏩᏒ ᏴᎬᏓᏓᏱᎦ.
14. ᎯᎠ ᎾᏍᎩ ᏕᎭᏅᏓᏗᏍᏗᏍᎨᏍᏗ, ᎤᎵᏂᎩᏛᏯ ᏕᎯᏁᏤᎮᏍᏗ ᎤᎬᏫᏳᎯ ᎠᎦᏔᎲᎢ, ᎤᎾᏗᏒᏍᏗᏱ ᏂᎨᏒᎾ ᎨᏒ ᏓᏂᏬᏂᏍᎬᎢ, ᎪᎱᏍᏗ ᎬᏙᏗ ᏂᎨᏒᎾ ᏥᎩ, ᏓᏂᎦᏔᎲᏍᎬᏉᏍᎩᏂ ᎬᏩᎾᏛᏓᏍᏓᏁᎯ.
15. ᎭᏟᏂᎬᏁᎮᏍᏗ ᎬᏂᎨᏒ ᎢᏨᏁᏗᏱ ᎣᏏᏳ ᏣᏰᎸᏒ ᎤᏁᎳᏅᎯ, ᏗᏣᎸᏫᏍᏓᏁᎯ ᎨᏎᏍᏗ ᎨᏣᏕᎰᎯᏍᏗ ᏂᎨᏒᎾ ᎨᏒᎢ, ᎣᏍᏛ ᏘᏯᏙᎮᎯ ᎦᏰᎪᎩ ᏂᎨᏒᎾ ᎧᏃᎮᏛ.
16. ᎢᏴᏛᏍᎩᏂ ᏅᏁᎮᏍᏗ ᎦᏪᏢᏗ ᎨᏒ ᎠᎴ ᏄᎵᏌᎶᏛᎾ ᎦᏬᏂᎯᏍᏗ ᎨᏒᎢ, ᎾᏍᎩᏰᏃ ᎠᏂᏁᏉᏍᎨᏍᏗ ᎤᏁᎳᏅᎯ ᏗᏁᎶᏙᏗ ᏂᎨᏒᎾ ᎨᏒᎢ,
17. ᎠᎴ ᎠᏂᏬᏂᏍᎬ ᎠᏓᏰᏍᎨᏍᏗ ᎾᏍᎩᏯ ᎤᎪᏏᏛ ᏣᏓᏰᏍᎪᎢ; ᎾᏍᎩ ᏄᎾᏍᏗ ᎭᎻᏂᏯ ᎠᎴ ᏆᎵᏓ,
18. ᎾᏍᎩ ᏚᏳᎪᏛ ᎨᏒ ᎤᎾᏞᏒ, ᎯᎠ ᏥᎾᏂᏪᎠ, ᎠᏲᎱᏒ ᏗᎴᎯᏐᏗ ᎨᏒ ᎦᏳᎳ ᎤᎶ ᏐᏅ; ᎠᎴ ᏓᏂᎷᏆᏗᏁᎭ ᎢᎦᏛ ᎤᏃᎯᏳᏒᎢ.
19. ᎠᏎᏍᎩᏂᏃᏅ ᎦᎫᏍᏛᏗ ᎤᏁᎳᏅᎯ ᎤᏤᎵᎦ ᎤᎵᏂᎩᏗᏳ ᏂᎬᏅ; ᎯᎠᏰᏃ ᏂᎬᏅ ᎪᏪᎸᎢ, ᎤᎬᏫᏳᎯ ᏓᎦᏔᎭ ᎾᏍᎩ ᏧᏤᎵᎦ; ᎠᎴ ᎯᎠ, ᎩᎶ ᎧᏁᎢᏍᏗᏍᎨᏍᏗ ᎦᎶᏁᏛ ᏚᏙᎥ ᎾᏍᎩ ᎠᏓᏅᎡᎮᏍᏗ ᎠᏍᎦᏂ.
20. ᎠᏎᏃ ᎡᏆ ᏣᏓᏁᎶ ᎾᎿᎭᏓᎰ ᏗᏖᎵᏙ ᎥᏝ ᎠᏕᎸᏉ ᏓᎶᏂᎨ ᎠᎴ ᎠᏕᎸᎤᏁᎬ ᎤᏩᏒ ᏗᎪᏢᏔᏅᎯ ᏱᎨᏐᎢ, ᎾᏍᏉᏍᎩᏂ ᎠᏓ ᎠᎴ ᎦᏓ ᏗᎪᏢᏔᏅᎯ; ᎠᎴ ᎢᎦᏛ ᏗᎦᎸᏉᏗ ᎢᎦᏛᏃ ᏗᎦᎸᏉᏗ ᏂᎨᏒᎾ.
21. ᎢᏳᏃ ᎩᎶ ᎤᏓᏅᎦᎸᏛ ᏱᎩ ᎯᎠ ᎾᏍᎩ ᎨᏒᎢ, ᎾᏍᎩ Ꮎ ᎠᏖᎵᏙ ᎦᎸᏉᏗ ᎨᏎᏍᏗ, ᎦᎸᏉᏔᏅᎯ, ᎠᎴ ᏱᏍᏛ ᎢᎬᏁᎸᎯ ᎪᎱᏍᏗ ᎤᏩᏙᏗᏱ ᎦᏁᎳ; ᎠᎴ ᎠᏛᏅᎢᏍᏔᏅᎯ ᎾᎦᎥ ᎣᏍᏛ ᏗᎦᎸᏫᏍᏓᏁᏗ ᎨᏒ ᎤᎬᏩᎵ.
22. ᎠᎴ ᏕᎭᏓᏅᎡᎮᏍᏗ ᎩᎳ ᏗᎾᏛᏍᎩ ᎤᎾᏚᎸᏅᏗ ᎨᏒᎢ; ᎯᏍᏓᏩᏕᎨᏍᏗᏃ ᏚᏳᎪᏛ ᎨᏒ, ᎠᎴ ᎪᎯᏳᏗ ᎨᏒ, ᎠᎴ ᎠᏓᎨᏳᏗ ᎨᏒ, ᎠᎴ ᏅᏩᏙᎯᏯᏛ ᎨᏒᎢ, ᎢᏣᎵᎪᏎᏍᏗ ᎾᏍᎩ Ꮎ ᎤᎬᏫᏳᎯ ᎠᎾᏓᏙᎵᏍᏓᏁᎯ ᎤᎾᏫ ᎦᏓᎭ ᏂᎨᏒᎾ ᎠᏅᏗᏍᎩ.
23. ᏕᎭᏓᏅᎡᎮᏍᏗᏍᎩᏂ ᏄᎵᏌᎶᏛᎾ ᎠᎴ ᏅᎦᏔᎲᎾ ᏚᏬᏂᎯᏍᏗ ᎨᏒᎢ, ᎯᎦᏔᎭᏰᏃ ᏗᏘᏲᏍᏗ ᎨᏒ ᏩᎵᏰᎢᎶᎯᎲᎢ.
24. ᎤᎬᏫᏳᎯᏰᏃ ᎤᏅᏏᏓᏍᏗ ᎥᏝ ᏧᏘᏲᏍᏗ ᏱᎩ, ᏧᎨᏳᎯᏍᎩᏂ ᏱᎩ ᎾᏂᎥᎢ, ᏗᎬᏩᏕᏲᏗ ᏱᎩ, ᎬᏂᏗᏳ ᏱᎩ,
25. ᎤᏓᏅᏘ ᎬᏗᏍᎬ ᏱᎩ ᏕᎨᏲᎲᏍᎬ ᎬᏩᏡᏗᏍᎩ; ᎤᏚᎩ ᏳᏩᎭ ᎤᏁᎳᏅᎯ ᏧᏁᏗᏱ ᏧᏂᏁᏟᏴᏍᏗᏱ ᏚᎾᏓᏅᏛᎢ, ᎠᎴ ᏧᎾᏓᏂᎸᎢᏍᏗᏱ ᎤᏙᎯᏳᎯ ᎨᏒᎢ;
26. ᎠᎴ ᎤᎾᏓᏅᏘᏐᏗᏱ ᎤᏅᏒ ᎤᎾᏚᏓᎴᏍᏗᏱ ᎠᏍᎩᎾ ᎤᏌᏛᎢ, ᎾᏍᎩ ᎫᏴᎩᏅᎯ ᏥᎩ ᎤᏩᏒᏉ ᎠᏓᏅᏖᏍᎬ ᎢᏧᏩᏁᎸᎯ.

== II Timothy 3 ==
1. ᎯᎠᏃ ᎾᏍᏉ ᎯᎦᏔᎮᏍᏗ, ᎤᎵᏍᏆ ᎸᏗ ᎨᏎᏍᏗ ᎠᏎ ᎤᏕᏯᏙᏗ ᎤᎵᏰᎢᎶᎯᏍᏗ ᎨᏎᏍᏗ.
2. ᏴᏫᏰᏃ ᎤᏅᏒ ᎤᎾᏓᎸᏉᏗᏳ ᎨᏎᏍᏗ, ᎠᏕᎸ ᎤᏂᎬᎥᏍᎩ, ᎠᎾᏢᏆᏍᎩ, ᎤᎾᏢᏉᏗ, ᎤᏁᎳᏅᎯ ᎬᏩᏂᏐᏢᏗ, ᏧᏂᎦᏴᎵᎨ ᏗᏂᎳᏏᏘᏍᎩ, ᏄᎾᎵᎮᎵᏣᏛᎾ, ᎠᏂᎦᏓᎭᎢ,
3. ᎪᎱᏍᏗ ᏧᏅᎾ ᏂᏚᏂᎨᏳᏒᎾ, ᏄᏃᎯᏍᏘᏒᎾ, ᎤᏐᏅ ᎠᎾᏓᏃᎮᎵᏙᎯ, ᏄᎾᎵᏏᎾᎯᏍᏛᎾ, ᎤᏂᎿᎭᎸᎯ, ᎠᏂᏍᎦᎩ ᎣᏍᏛ,
4. ᎠᎾᏓᎶᏄᎮᏍᎩ, ᎤᏂᎫᏏᏯ, ᎤᎾᏓᎵᏌᎳᏗ, ᎤᏂᎨᏳᎯ ᏱᏍᏛ ᎤᎾᏓᏅᏓᏗᏍᏗᏍᎩ ᎤᏁᎳᏅᎯᏃ ᏄᏂᎨᏳᏒᎾ,
5. ᎤᏁᎳᏅᎯ ᏗᏁᎶᏙᏗ ᏗᏤᎵᏛ ᎤᏂᎯ, ᎠᏎᏃ ᎠᎾᏓᏱᎯ ᎤᏁᎳᏅᎯ ᏗᏁᎶᏙᏗ ᎨᏒᎢ. ᎾᏍᎩ ᎢᏳᎾᏍᏗ ᏕᎭᏓᏅᎡᎮᏍᏗ.
6. ᎾᏍᎩᏰᏃ ᎯᎠ ᎢᏳᎾᏍᏗ ᏥᏓᏂᏴᎵᏙᎰ ᏓᏓᏁᎸᎢ ᎠᎴ ᏥᏓᎾᏘᎾᏫᏗᏍᎪ ᏄᎾᏓᏅᏛᎾ ᎠᏂᎨᏴ ᎤᏂᎧᎵᏨᎯ ᎠᏍᎦᎾᎢ, ᏚᎾᏘᏂᏒ ᏧᏓᎴᏅᏛ ᎠᏚᎸᏗ ᎨᏒᎢ,
7. ᎾᏍᎩ ᏂᎪᎯᎸ ᎠᎾᏕᎶᏆᏍᎪᎢ, ᎠᏎᏃ ᎥᏝ ᎢᎸᎯᏳ ᏱᏩᏂᏰᎢᎶᎯᎰ ᏚᏳᎪᏛ ᎠᎦᏙᎥᎯᏍᏗ ᎨᏒᎢ.
8. ᎠᎴ ᎾᏍᎩᏯ ᏤᏂ ᎠᎴ ᏨᏈ ᏣᎾᏡᏗᏍᎨ ᎼᏏ ᎾᏍᎩᏯ ᎾᏍᏉ ᎯᎠ ᎠᎾᏡᏗ ᏚᏳᎪᏛ ᎨᏒᎢ; ᎠᏂᏍᎦᏯ ᎤᏲᏨᎯ ᏚᎾᏓᏅᏛᎢ, ᎠᎴ ᎨᏥᏲᎢᏎᏛ ᎾᏍᎩ ᎪᎯᏳᏗ ᎨᏒ ᎤᎬᏩᎵ.
9. ᎠᏎᏃ ᎥᏝ ᎤᏟ ᎢᏴᏛ ᎬᏩᏁᏅᏍᏗ ᏱᎩ, ᎾᏂᎦᏔᎿᎭᎥᎾᏰᏃ ᎨᏒ ᎬᏂᎨᏒ ᏅᏓᏳᎾᎵᏍᏓᏁᎵ ᎾᏂᎥᎢ, ᎾᏍᎩᏯ ᎾᏍᏉ ᏥᏄᏍᏕ ᎾᏍᎩ.
10. ᏂᎯᏍᎩᏂ ᎣᏏᏳ ᏣᎦᏙᎥᏒ ᏄᏍᏛ ᏓᏆᏕᏲᏅᎢ, ᏄᏍᏛ ᎠᏆᎴᏂᏙᎸᎢ, ᏄᏍᏛ ᏓᏇᎪᏔᏅ ᏗᏆᏓᏅᏛᎢ, ᎠᏉᎯᏳᏒᎢ, ᎬᏂᏗᏳ ᎨᏒᎢ, ᎠᏆᏓᎨᏳᎯᏳ ᎨᏒᎢ, ᎤᏁᎳᎩ ᎨᎵᏍᎬ ᏥᎩᎵᏲᎬᎢ,
11. ᎤᏲ ᏅᏋᏁᎵᏙᎸᎢ, ᎠᎩᎩᎵᏲᏥᏙᎸᎢ ᎥᏘᎣᎩ, ᎢᎪᏂᏯ, ᎵᏍᏗ-ᏂᎦᎥ ᎤᏲ ᏅᏋᏁᎵᏙᎸᎢ; ᎠᏎᏃ ᎾᏍᎩ ᏂᎦᏛ ᎾᎿᎭᎤᎬᏫᏳᎯ ᎠᏯᏓᎴᏒᎩ.
12. ᎠᎴ ᎾᏍᏉ ᎾᏂᎥ ᎤᎾᏚᎵᏍᎩ ᎤᏁᎳᏅᎯ ᏗᏁᎶᏙᏗ ᎨᏒ ᎤᏂᏍᏓᏩᏛᏍᏗᏱ ᎦᎶᏁᏛ ᏥᏌ ᎠᏃᎯᏳᎲᏍᎩ ᎢᏳᎾᏛᏁᏗ ᎾᏍᎩ ᎠᏎ ᎤᏲ ᎢᎨᎬᏁᏗ.
13. ᎤᏂᏲᏍᎩᏂ ᏴᏫ ᎠᎴ ᎤᎾᏠᎾᏍᏗ ᎠᏂᏁᏉᎨᏍᏗ ᎤᏂᏲ ᎨᏒᎢ, ᏓᏂᎶᎾᏍᏗᏍᎨᏍᏗ ᎠᎴ ᎨᏥᎶᎾᏍᏗᏍᎨᏍᏗ.
14. ᏂᎯᏍᎩᏂ ᏕᏣᏂᏴᏎᏍᏗ ᏄᏍᏛ ᏣᏕᎶᏆᎥᎢ ᎠᎴ ᏦᎯᏳᏅᎢ; ᎯᎦᏔᎭᏰᏃ ᎾᏍᎩ ᎯᏯᏕᎶᏆᎡᎸᎯ ᎨᏒᎢ,
15. ᎠᎴ ᎯᎦᏔᎭ ᏣᏍᏗ ᎨᏒ ᏅᏓᎬᏩᏓᎴᏅᏛ ᏕᎯᎦᏔᎲ ᏗᎦᎸᏉᏗ ᎪᏪᎵ, ᎾᏍᎩ ᏰᎵ ᎯᎦᏔᎿᎭᎢᏳ ᎢᎬᏩᏁᏗ, ᏣᎵᏍᏕᎸᏙᏗ ᎨᏒ ᏫᎬᏩᎵᏱᎶᎯᏍᏗ, ᎦᎶᏁᏛ ᏥᏌ ᎯᏲᎢᏳᏒ ᎢᏳᏩᏂᏐᏗ.
16. ᏂᎦᎥ ᎪᏪᎵ ᎤᏁᎳᏅᎯ ᎤᏓᏅᏖᎸᎯ ᏗᎪᏪᎳᏅᎯ, ᎠᎴ ᎣᏏᏳ ᎤᏓᏕᏲᏗᏱ, ᎤᏓᎬᏍᎪᎸᏗᏱ, ᎤᏓᎪᏗᏱ ᏚᏳᎪᏛᎢ, ᎤᏓᏕᏲᏗᏱ ᎣᏍᏛ ᎨᏒᎢ,
17. ᎾᏍᎩ ᎠᏍᎦᏯ ᎤᏁᎳᏅᎯ ᎤᏤᎵᎦ ᎤᏍᏆᏗᏍᏗᏱ, ᎤᏓᏁᎵᏌᏛ ᎢᏳᎵᏍᏙᏗᏱ ᏂᎦᎥ ᎣᏍᏛ ᏗᎦᎸᏫᏍᏓᏁᏗ ᎨᏒᎢ.

== II Timothy 4 ==
1. ᎾᏍᎩ ᎢᏳᏍᏗ ᎬᏁᏤᎭ ᎤᏁᎳᏅᎯ ᎠᎦᏔᎲᎢ ᎠᎴ ᎠᎦᏔᎲ ᎤᎬᏫᏳᎯ ᏥᏌ ᎦᎶᏁᏛ, ᎾᏍᎩ ᏧᏭᎪᏓᏁᏗ ᏥᎩ ᏗᏅᏃᏛ ᎠᎴ ᏧᏂᏲᎱᏒᎯ ᎾᎯᏳ ᎦᎾᏄᎪᏥᎸᎭ ᎠᎴ ᎤᎬᏫᏳᎯ ᎿᎭᏉ ᏂᎦᎵᏍᏔᏅᎭ,
2. ᎭᎵᏥᏙᎲᏍᎨᏍᏗ ᎧᏃᎮᏛ, ᏣᎵᏁᏅᏕᏍᏗᏉ ᏰᎵ ᎨᏎᏍᏗ ᎠᎴ ᏰᎵ ᏂᎨᏒᎾ ᎨᏎᏍᏗ, ᏕᎯᎬᏍᎪᎸᎥᏍᎨᏍᏗ, ᏕᎯᏍᎦᎨᏍᏗ, ᏕᎯᏍᏗᏰᏗᏍᎨᏍᏗ ᎲᏗᏍᎨᏍᏗ ᎤᏣᏘ ᎬᏂᏛ ᎨᏒ ᎠᎴ ᏗᏕᏲᏗ ᎨᏒᎢ.
3. ᏛᏍᏆᎸᎯᏰᏃ ᎿᎭᏉ ᎾᎯᏳ ᎥᏝ ᏳᎾᏚᎵᏍᎨᏍᏗ ᎤᎾᏛᏓᏍᏙᏗᏱ ᎣᏍᏛ ᏗᏕᏲᏗ ᎨᏒᎢ; ᏚᏂᏲᏕᏍᎬᏍᎩᏂ ᏗᏂᎴᏂ ᎠᏅᏗᏍᎨᏍᏗ ᎤᏅᏒᏉ ᎤᎾᏚᎸᏅᏗ ᎨᏒ ᏓᏂᏍᏓᏩᏗᏒ ᏓᏂᏟᏏᏍᎨᏍᏗ ᏗᎾᏕᏲᎲᏍᎩ;
4. ᏗᏂᎴᏂᏃ ᏓᏂᎦᏔᎲᏍᎨᏍᏗ ᎠᎾᏛᎩᏍᎬ ᏚᏳᎪᏛᎢ, ᎠᏎᏉᏃ ᎦᏬᏂᎯᏍᏗ ᎨᏒ ᎢᏗᏢ ᏩᎾᎦᏔᎲᏍᏗᏍᎨᏍᏗ.
5. ᏂᎯᏍᎩᏂ ᎮᏯᏔᎯᏳ ᎨᏎᏍᏗ ᏂᎦᎥ ᏂᏣᏛᎿᎭᏕᎬᎢ, ᎲᏂᏗᏳ ᎨᏎᏍᏗ ᎯᎩᎵᏲᎬᎢ, ᏕᏣᎸᏫᏍᏓᏁᎮᏍᏗ ᎠᎵᏥᏙᏂᏙᎯ ᏧᎸᏫᏍᏓᏁᏗ ᎨᏒᎢ; ᏰᎵᎦᏯ ᎯᏍᏆᏗᏍᎨᏍᏗ ᏗᏣᎸᏫᏍᏓᏁᏗ ᎨᏒᎢ.
6. ᎿᎭᏉᏰᏃ ᎦᏓᎵᏍᎪᎸᏗᎭ, ᎠᎴ ᎾᎯᏳ ᎠᏇᏅᏍᏗ ᎨᏒ ᎤᏍᏆᎸᎯᏗ.
7. ᎠᏆᎵᎸ ᎣᏍᏛ ᎠᎵᏍᏗ ᎨᏒᎢ, ᎠᎩᏍᏆᏛ ᎦᏙᎩᏯᏍᎬᎢ, ᎠᎩᏍᏆᏂᎪᏔᏅ ᎪᎯᏳᏗ ᎨᏒᎢ,
8. ᎿᎭᏉᏃ ᏨᏆᏓᏁᎳᏁᎸ ᎠᎵᏍᏚᎶ ᏚᏳᎪᏛ ᎢᏳᎾᏛᏁᎸᎯ ᎨᎦᎫᏴᏓᏁᏗ, ᎾᏍᎩ ᎤᎬᏫᏳᎯ ᎾᏍᎦᏅᎾ ᏗᎫᎪᏗᏍᎩ ᎠᏗᏅᏁᏗ ᎾᎯᏳ ᎢᎦ, ᎥᏝ ᎠᎴ ᎠᏴᏉ ᎠᏋᏒ, ᎾᏍᏉᏍᎩᏂ ᎾᏂᎥ ᎤᎾᏄᎪᎢᏍᏗ ᎨᏒ ᎣᏏᏳ ᎣᏂᏰᎸᎯ.
9. ᎭᏟᏂᎬᏁᎸᎭ ᏂᎪᎯᎸᎾᏉ ᏣᎷᎯᏍᏗᏱ ᎠᏂ ᎨᏙᎲᎢ.
10. ᏗᎹᏰᏃ ᎠᏋᏕᏨ, ᏅᏗᎦᎵᏍᏙᏗᎭ ᎤᏟ ᎤᏰᎸᏅ ᎪᎯ ᎨᏒᎢ, ᎠᎴ ᏕᏏᎶᏂᎦ ᏭᎶᏒ; ᏞᏏᏂ ᎨᎴᏏᏱ ᏭᎶᏒ, ᏓᏓᏏ ᏕᎵᎺᏏᏱ ᏭᎶᏒ;
11. ᎷᎦ ᎤᏩᏒ ᎣᏍᏕᏙᎭ; ᎹᎦ ᏘᏯᏗᏁᏒᎭ, ᎬᎩᏍᏕᎸᎯᏓᏍᏗᏰᏃ ᏓᎩᎸᏫᏍᏓᏁᎲᎢ.
12. ᏗᏥᎦᏍᎩᏂ ᎡᏈᏌ ᏥᏅᏒ
13. ᎦᏌᎴᎾ ᏠᏯ ᏨᏛᎩᏂᏴᎩ ᎦᏆ ᎦᏁᎸᎢ ᏖᏒ ᏘᏁᏒᎭ, ᎠᎴ ᎪᏪᎵ ᏙᏘᏁᏒᎭ ᎾᏍᎩ Ꮀ ᎤᎬᏫᏳᏎᏍᏗ ᎦᏁᎦ ᏗᎪᏪᎶᏗ.
14. ᎡᎵᎩ ᎥᏣᏱ ᎪᏢᏅᎥᏍᎩ ᎤᎶᏘ ᏃᏒᎾ ᎾᏋᏁᎸᎩ. ᎤᎬᏫᏳᎯ ᎤᎫᏴᎡᏗ ᎨᏎᏍᏗ ᎾᏍᎩᏯ ᏕᎤᎸᏫᏍᏓᏁᎸᎢ.
15. ᎾᏍᏉ ᏂᎯ ᎾᏍᎩ ᎯᏰᏯᏙᏤᎮᏍᏗ, ᎤᎵᏂᎩᏗᏳᏰᏃ ᎤᏡᏔᏅ ᎣᏥᏬᏂᏍᎬᎢ.
16. ᎢᎬᏱᏱ ᎠᎩᏬᏂᏒ ᎦᎵᏍᏕᎵᏍᎬ ᎥᏝ ᎩᎶ ᎾᎥ ᏱᎦᏙᎨᎢ, ᎾᏂᎥᏉᏍᎩᏂ ᎬᏆᏕᏨᎩ; ᏞᏍᏗ ᎤᏂᏍᎦᏅᏨ ᏱᏚᏚᎪᏔᏁᏍᏗ;
17. ᎤᎬᏫᏳᎯᏍᎩᏂᏃᏅ ᎾᎥ ᎦᏙᎬᎩ ᎠᎴ ᎠᏆᎵᏂᎪᎯᏍᏔᏅᎩ; ᎾᏍᎩ ᎠᏴ ᎨᏒ ᎠᎩᏍᏆᏗᏍᏗᏱ ᎠᏰᎸᏒᎩ ᎠᎵᏥᏙᏗ ᎨᏒᎢ, ᎠᎴ ᎾᏂᎥ ᏧᎾᏓᎴᏅᏛ ᏴᏫ ᎤᎾᏛᎯᏗᏱ; ᎠᎴ ᎥᎩᎴᏒᎩ ᏢᏓᏥ ᎠᎰᎵ ᏥᎳᎥᎢ.
18. ᎠᎴ ᎤᎬᏫᏳᎯ ᎠᏎ ᏛᏇᏓᎴᏏ ᏂᎦᎥ ᎤᏲ ᏗᎦᎸᏫᏍᏓᏁᏗ ᎨᏒᎢ; ᎠᎴ ᏛᎩᏍᏆᏂᎪᏔᏂ ᎦᎸᎳᏗ ᎡᎯ ᎤᎬᏫᏳᎯ ᏗᎨᏒ ᏫᎦᎷᎩ. ᎾᏍᎩ ᎦᎸᏉᏙᏗ ᎨᏎᏍᏗ ᏂᎪᎯᎸ ᎠᎴ ᏂᎪᎯᎸᎢ, ᎡᎺᏅ.
19. ᎩᏲᎵᎸᎭ ᏈᏍᎦ ᎠᎴ ᎡᏈᎳ, ᎠᎴ ᎣᏁᏏᏉᎳ ᏚᏓᏘᎾᎥᎢ.
20. ᎢᎳᏍᏓ ᎪᎴᏂᏗ ᏓᏳᏗᎩᏴᎩ, ᏠᏆᎹᏍᎩᏂ ᎹᎵᏓ ᏓᏥᏯᎧᎯᏴᎩ ᎤᏢᎩ.
21. ᎭᏟᏂᎬᏁᎸᎭ ᎠᏂ ᏣᎷᎯᏍᏗᏱ ᎠᏏᏉ ᎪᎳ ᏂᎨᏒᎾ. ᏳᏇᎳ ᏫᏣᏲᎵᎦ, ᎠᎴ ᎾᏍᏉ ᏇᏗᏂ, ᎠᎴ ᎳᎾᏏ, ᎠᎴ ᏠᏗᏯ, ᎠᎴ ᎾᏂᎥ ᎠᎾᎵᏅᏟ.
22. ᎤᎬᏫᏳᎯ ᏥᏌ ᎦᎶᏁᏛ ᏓᎧᎿᎭᏩᏗᏙᎮᏍᏗ ᏩᏓᏅᏙ. ᎤᏓᏙᎵᏍᏗ ᎨᏒ ᏕᏣᎧᎿᎭᏩᏗᏙᎮᏍᏗ. ᎡᎺᏅ.

== Titus 1 ==
1. ᎠᏴ, ᏉᎳ, ᎤᏁᎳᏅᎯ ᎠᎩᏅᏏᏙᎯ, ᎠᎴ ᏥᏌ ᎦᎶᏁᏛ ᎠᎩᏅᏏᏛ, ᎾᏍᎩᏯ ᎤᏃᎯᏳᏒ ᎤᏁᎳᏅᎯ ᏧᏑᏰᏛ, ᎠᎴ [ᎾᏍᎩᏯ] ᏗᏓᏂᎸᎢᏍᏗ ᎨᏒ ᏚᏳᎪᏛ ᎨᏒᎢ, ᎾᏍᎩ ᎤᏁᎳᏅᎯ ᎦᎾᏰᎯᏍᏗ ᎨᏒ ᎾᏍᎩᏯ ᏥᎩ,
2. ᏧᎵᏠᏯᏍᏗ ᎤᏚᎩ ᎬᏗ ᎨᏒ ᎬᏂᏛ ᎠᎵᏍᏆᏗᏍᎩ ᏂᎨᏒᎾ ᎠᏩᏛᏗᏱ, ᎾᏍᎩ ᎤᏁᎳᏅᎯ ᏞᏩᏥᎪᏗ ᏂᎨᏒᎾ ᏧᏚᎢᏍᏔᏁ ᎠᏏ ᎾᏓᎴᏂᏍᎬᎾ ᏥᎨᏎ ᎡᎶᎯ;
3. ᎠᏎᏃ ᎾᎯᏳ ᎠᏎᎸᎯ ᎨᏒ ᎬᏂᎨᏒ ᏄᏩᏁᎴ ᎤᏤᎵ ᎧᏃᎮᏛ ᎤᏮᏔᏁ ᎠᎵᏥᏙᏗ ᎨᏒᎢ, ᎾᏍᎩ ᎠᏴ ᎥᏆᎨᏅᏛᎯ ᏥᎩ, ᎾᏍᎩᏯ ᎤᏁᏨ ᎤᏁᎳᏅᎯ ᎢᎩᏍᏕᎵᏍᎩ;
4. ᏫᎬᏲᏪᎳᏏ, ᏓᏓᏏ, ᎠᏇᏥᏯᎢ, ᎾᏍᎩᏯ ᎾᏂᎥ ᎠᏃᎯᏳᎲᏍᎩ ᎤᏃᎯᏳᏒᎢ; ᎬᏩᎦᏘᏯ ᎤᏓᏙᎵᏍᏗ ᎨᏒ, ᎠᎴ ᎤᏓᏙᎵᏣᏛᎢ, ᎠᎴ ᏅᏩᏙᎯᏯᏛ, ᏅᏓᏳᎾᎵᏍᎪᎸᏔᏅᎯ ᎤᏁᎳᏅᎯ ᎠᎦᏴᎵᎨᎢ, ᎠᎴ ᎤᎬᏫᏳᎯ ᏥᏌ ᎦᎶᏁᏛ ᎢᎩᏍᏕᎵᏍᎩ, ᏕᏣᎧᎿᎭᏩᏗᏙᎮᏍᏗ.
5. ᎯᎠ ᏅᏓᎦᎵᏍᏙᏗᏍᎬᎩ ᏟᏗᏱ ᏨᏓᎬᏯᎧᎯᏴᎩ, ᎾᏍᎩ ᎣᏍᏛ ᎢᏨᏁᎵᏓᏍᏗᏱ ᎾᏍᎩ ᏧᏓᎴᏅᏛ ᎤᏃᏒᏅᎢ, ᎠᎴ ᏘᎪᏗᏱ ᏗᎨᎦᏁᎶᏗ ᏕᎦᏚᏩᏗᏒᎢ, ᎾᏍᎩᏯ ᎢᏣᏛᏁᏗᏱ ᎬᏁᏤᎸᎢ;
6. ᎢᏳᏃ ᎩᎶ ᎪᎱᏍᏗ ᎾᎫᎢᏍᏛᎾ ᎨᏎᏍᏗ, ᏌᏉ ᎠᏓᏰᎮᏍᏗ, ᎠᏃᎯᏳᎲᏍᎩ ᏚᏪᎧᎮᏍᏗ ᏧᏪᏥ, ᏂᎨᏥᎳᏫᏎᎲᎾ ᏄᎾᏁᎸᎾ ᎤᎾᎴᏂᏙᎸᎢ, ᎠᎴ ᏂᏚᎾᏓᏁᎶᏛᎾ.
7. ᎠᏥᎦᏘᏗᏍᏗᏰᏃ ᎪᎱᏍᏗ ᎾᎫᎢᏍᏛᎾ ᏱᎩ, ᎾᏍᎩᏯ ᎣᏍᏛ ᎢᏳᏩᎿᎭᏕᎩ ᎤᏁᎳᏅᎯ ᎤᏤᎵᎦ; ᎥᏝ ᎤᏩᏒ ᎠᏓᏅᏖᏍᎬ ᎤᏟ ᎤᏰᎸᎯ, ᎥᏝ ᎤᎿᎭᎸᏣᏘ, ᎥᏝ ᎩᎦᎨ-ᎠᏗᏔᏍᏗ ᎤᎦᎾᏏᏍᎩ, ᎥᏝ ᎠᏓᏛᏂᎯ, ᎥᏝ ᏧᎬᏩᎶᏗ ᎤᎬᎥᏍᎩ.
8. ᎤᏓᏍᏆᏂᎪᏙᏗᏱᏍᎩᏂ ᎣᏏᏳ ᎤᏰᎸᎯ, ᎣᏍᏛ ᎨᏒ ᎤᎨᏳᎯ, ᎤᏴᏍᏕᏍᎩ ᏂᎨᏒᎾ, ᏚᏳᎪᏛ ᎢᏯᏛᏁᎯ, ᎾᏍᎦᏅᎾ, ᎤᎵᏏᎾᏍᏗ;
9. ᎠᏍᏓᏯ ᏧᏂᏴᎯ ᏄᏓᎵᏓᏍᏛᎾ ᎧᏃᎮᏛ ᎾᏍᎩᏯ ᎠᎨᏲᏅᎢ, ᎾᏍᎩ ᏅᏓᏳᎵᏍᏙᏗᏱ ᏰᎵᏉ ᏗᎬᏩᏬᏁᏙᏗ ᎣᏍᏛ ᏗᏕᏲᏗ ᎨᏒ ᎬᏗᏍᎬᎢ; ᎠᎴ ᎬᏩᎾᏙᎯᏳᎾᏁᏗ ᎢᎬᏩᏁᏗ ᏗᏂᎦᏘᎴᎩ ᎨᏒᎢ.
10. ᎤᏂᏣᏔᏰᏃ ᏂᏚᎾᏓᏁᎶᏛᎾ, ᎠᏎᏉᏉ ᎠᏂᏬᏂᏍᎩ, ᎠᎴ ᎤᎾᏠᎾᏍᏗ, ᎨᎤᎬᏫᏳᎭ ᎾᏍᎩ Ꮎ ᏗᎨᏥᎤᏍᏕᏎᎸᎯ;
11. ᎾᏍᎩ ᏗᏂᎰᎵ ᎠᏎ ᏗᎨᏥᏍᏚᏁᏗ, ᎾᏍᎩ ᎾᏂᎥ ᏏᏓᏁᎸᎯ ᎠᏁᎯ ᏗᏂᎦᏔᎲᏍᎩ, ᎾᏍᎩ ᏥᏓᎾᏕᏲᎲᏍᎦ ᏂᏚᏳᎪᏛᎾ ᏥᎩ ᏧᎾᏕᏲᏗᏱ, ᏧᎬᏩᎶᏗ ᎦᏓᎭ ᎤᏂᎬᎥᏍᎬ ᎢᏳᏍᏗ.
12. ᎩᎶ ᎢᏳᏍᏗ ᎤᏅᏒᏉ ᎠᏁᎲ ᎡᎯ, ᎠᏙᎴᎰᏍᎩ ᎤᏅᏒᏉ ᎤᎾᏤᎵᎦ, ᎯᎠ ᏄᏪᏎᎢ, ᏟᏗᏱ ᎠᏁᎯ ᎠᏂᏰᎪᎩ ᎨᏐ ᏂᎪᎯᎸᎢ, ᎤᏂᏲ ᎢᎾᎨ ᎠᏁᎯ, ᏧᏍᎦᏃᎸ ᏧᏂᏍᏉᎵᏱ.
13. ᎯᎠ ᎾᏍᎩ ᎢᎦᏪᏛ ᏥᎩ ᎤᎪᎯᏳᎭ. ᎾᏍᎩ ᎢᏳᏍᏗ ᎠᏍᏓᏯ ᏕᎯᎬᏍᎪᎸᏅᎭ, ᎾᏍᎩ ᎤᎪᎸ ᏂᎨᏒᎾ ᎢᏳᎵᏍᏙᏗᏱ ᎤᏃᎯᏳᏒᎢ;
14. ᏄᎾᎦᏌᏯᏍᏛᎾᏉ ᎢᏳᎵᏍᏙᏗᏱ ᎠᏂᏧᏏ ᎤᏂᏃᎮᎸᏗ ᎨᏒᎢ, ᎠᎴ ᏴᏫᏉ ᎾᏍᎩ ᏚᏳᎪᏛ ᎨᏒ ᏗᏂᎪᎸᏍᎩ ᎤᏂᏁᏨᎯ.
15. ᎾᏍᎩ Ꮎ ᎤᎾᏓᏅᎦᎸᏛ ᎨᏒᎢ, ᏂᎦᏗᏳ ᏧᏓᎴᏅᏛ ᎤᎾᏓᏅᎦᎸᎡᎸᎯ ᎨᏐᎢ; ᎾᏍᎩᏍᎩᏂ Ꮎ ᎦᏓᎭ ᎢᏳᎾᎵᏍᏔᏅᎯ ᎠᎴ ᏄᏃᎯᏳᏒᎾ, ᎥᏝ ᎪᎱᏍᏗ ᎤᎾᏓᏅᎦᎸᎡᎸᎯ ᏱᎨᏐᎢ; ᎾᏍᏉᏍᎩᏂ ᏚᎾᏓᏅᏛ ᎠᎴ ᏧᏄᎪᏙᏗᏱ ᎦᏓᎭ ᎢᏗᎬᏁᎸᎯ.
16. ᎬᏂᎨᏒ ᎾᏅᏁᎭ ᎠᏂᎦᏔᎯᏳ ᎨᏒ ᎤᏁᎳᏅᎯ; ᎠᏎᏃ ᏚᏂᎸᏫᏍᏓᏁᎲ ᎢᎬᏩᏓᏱᎭ, ᏅᏗᎦᎵᏍᏙᏗᎭ ᎤᏂᏂᏆᏘᏍᏗᏳ ᎨᏒᎢ, ᎠᎴ ᎤᏃᎯᏳᎯᏍᏛ ᏂᎨᏒᎾ ᎨᏒᎢ; ᎠᎴ ᏂᎦᎥ ᎣᏍᏛ ᏗᎦᎸᏫᏍᏓᏁᏗ ᎨᏒ ᎨᏥᏐᏅᎢᏍᏔᏅᎯ.

== Titus 2 ==
1. ᏂᎯᏍᎩᏂ ᎯᏃᎮᏍᎨᏍᏗ ᎾᏍᎩ ᎣᏍᏛ ᏗᏕᏲᏗ ᎨᏒ ᎤᎵᎶᎲᏍᎩ;
2. ᎾᏍᎩ ᏧᎾᏛᏐᏅᎯ ᏧᏂᏴᏍᏕᏍᎩ ᏂᎨᏒᎾ ᎢᏳᎾᎵᏍᏙᏗᏱ, ᎨᏥᎸᏉᏗ, ᎤᎾᎵᏏᎾᎯᏍᏗ, ᏄᎪᎸᎾ ᎨᏒ ᎤᏃᎯᏳᏒᎢ, ᎠᎴ ᎤᎾᏓᎨᏳᏒᎢ, ᎠᎴ ᏗᏅᏂᏗᏳ ᎨᏒᎢ.
3. ᎠᏂᎨᏴ ᎾᏍᏉ ᎠᏂᎦᏴᎵᎨᎢ, ᎾᏍᎩ ᏚᏂᎸᏫᏍᏓᏁᎲ ᏚᏳᎪᏛ ᎢᏯᏛᏁᏗ ᎨᏒ ᎤᎵᎶᎲᏍᎩ ᏱᎩ, ᎤᏐᏅ ᎠᎾᏓᏃᎮᏍᎩ ᏂᎨᏒᎾ, ᎩᎦᎨ-ᎠᏗᏔᏍᏗ ᎤᏂᎦᎾᏏᏍᎩ ᏂᎨᏒᎾ, ᎣᏍᏛ ᎨᏒ ᏗᎾᏕᏲᎲᏍᎩ;
4. ᎾᏍᎩ ᏗᎬᏩᏁᏲᏗ ᏱᎩ ᎠᏂᏫᎾᎨᏌᏂ ᎠᏂᎨᏴ ᎤᎾᎵᏏᎾᎯᏍᏗ ᎢᏳᎵᏍᏙᏗᏱ, ᏧᏂᎨᏳᎯ ᎢᏳᎵᏍᏙᏗᏱ ᏗᎬᏩᏂᏰᎯ, ᏧᏂᎨᏳᎯ ᎢᏳᎵᏍᏙᏗᏱ ᏧᏁᏥ,
5. ᎤᎾᎵᏏᎾᎯᏍᏗ ᎢᏳᎾᎵᏍᏙᏗᏱ, ᎠᏁᏯᏔᎯ, ᏚᏁᏅᏒᏉ ᎠᏁᏙᎯ, ᎠᏃᏍᏛ, ᏧᏃᎯᏳᎯ ᎤᏅᏒ ᏗᎬᏩᏂᏰᎯ, ᎾᏍᎩ ᏅᏓᏳᎵᏍᏙᏗᏱ ᎧᏃᎮᏛ ᎤᏁᎳᏅᎯ ᎤᏤᎵ ᎦᎬᏩᏂᏐᏢᏙᏗᏱ ᏂᎨᏒᎾ.
6. ᎠᏂᏫᏅ ᎾᏍᏉ ᏕᎯᏁᏤᎮᏍᏗ ᎤᎾᎵᏏᎾᎯᏍᏗ ᎢᏳᎾᎵᏍᏙᏗᏱ.
7. ᏂᎦᎥ ᏧᏓᎴᏅᏛ ᎨᏒ ᎬᏂᎨᏒ ᏅᏁᎮᏍᏗ ᏗᎦᏰᏣᏟᎶᏍᏙᏗ ᎨᏒ ᎣᏍᏛ ᏗᎦᎸᏫᏍᏓᏁᏗ ᎨᏒᎢ; ᏗᏕᏂᏗ ᎨᏒ ᎤᎬᏩᎵ ᎤᏲ ᏄᏓᏑᏴᎾ, ᎬᎸᏉᏗᏳ, ᏄᏠᎾᏍᏛᎾ,
8. ᎯᏬᏂᏍᎬ ᎣᏍᏛ ᏱᎩ ᎾᏍᎩ ᎬᎪᏁᎶᎯᏍᏗ ᏂᎨᏒᎾ; ᎾᏍᎩ Ꮎ ᏣᏡᏗᏍᎩ ᎬᏩᏕᎰᎯᏍᏗ ᏱᎩ ᏄᎲᏅ ᎨᏒ ᎢᏳᏍᏗ ᎪᎱᏍᏗ ᎤᏐᏅ ᎶᏃᎮᏗᏱ.
9. ᎨᏥᏅᏏᏓᏍᏗ ᏕᎯᏁᏤᎮᏍᏗ ᏧᏃᎯᏳᏗᏱ ᎤᏅᏒ ᏗᎬᏩᏂᏅᏏᏙᎯ, ᏂᎦᎥᏉ ᎾᎾᏛᏁᎲ ᎣᏍᏛ ᎤᏂᏰᎸᏗ ᏧᏂᎸᏫᏍᏓᏁᏗᏱ; ᏔᎵᏁᏉ ᏅᏗᏂᏁᎬᎾ.
10. ᎾᏂᏃᏍᎩᏍᎬᎾ, ᎬᏂᎨᏒᏍᎩᏂ ᎾᏅᏁᎮᏍᏗ ᏂᎦᎥ ᎣᏍᏛ ᏄᏓᎵᏓᏍᏛᎾ ᎨᏒᎢ; ᎾᏍᎩ ᎤᏃᏚᎢᏍᏙᏗᏱ ᏂᎦᎥᏉ ᎾᎾᏛᏁᎲ ᎾᏍᎩ ᏗᏕᏲᏅᎯ ᎨᏒ ᎤᏁᎳᏅᎯ ᎢᎩᏍᏕᎵᏍᎩ ᎤᏤᎵᎦ.
11. ᎬᏩᎦᏘᏯᏰᏃ ᎤᏓᏙᎵᏍᏗ ᎨᏒ ᎤᏁᎳᏅᎯ ᎾᏍᎩ ᎠᏓᏍᏕᎵᏍᎩ ᎾᏂᎥ ᏴᏫ ᎤᏂᎾᏄᎪᏤᎸ,
12. ᎢᎨᏲᎲᏍᎦ, ᎾᏍᎩ ᎢᏓᏓᏱᎲ ᎤᏁᎳᏅᎯ ᏗᏁᎶᏙᏗ ᏂᎨᏒᎾ ᎨᏒᎢ ᎠᎴ ᎡᎶᎯ ᎡᎯ ᎠᏚᎸᏅᏗ ᎨᏒᎢ, ᎢᎦᎵᏏᎾᎯᏍᏗ ᎠᎴ ᏚᏳᎪᏛᎢ, ᎠᎴ ᎤᏁᎳᏅᎯ ᎦᎸᏉᏙᏗ ᎨᏒ ᏱᏓᎴᏂᏙᎭ ᎠᏂ ᎡᎶᎯ ᎨᏒᎢ;
13. ᏱᏗᎦᏘᏯ ᎣᏍᏛ ᎤᏚᎩ ᎬᏗ ᎨᏒᎢ, ᎾᏍᎩ ᎦᎸᏉᏗᏳ ᏄᏛᏁᏍᏗ ᎦᎾᏄᎪᏥᎸ ᎦᎸᏉᏗ ᎤᏁᎳᏅᎯ ᎠᎴ ᎢᎩᏍᏕᎵᏍᎩ ᏥᏌ ᎦᎶᏁᏛ;
14. ᎾᏍᎩ ᎠᏴ ᏥᏕᎦᏓᎵᏲᎯᏎᎴᎢ, ᎾᏍᎩ ᏅᏓᏳᎵᏍᏙᏗᏱ ᎢᎦᎫᏴᏗᏱ ᎢᎫᏓᎴᏍᏗᏱ ᏂᎦᎥ ᎠᏍᎦᏅᎢᏍᏗ ᎨᏒᎢ, ᎠᎴ ᏧᏅᎦᎸᏗᏱ ᎤᏩᏒ ᏧᏤᎵ ᎢᏧᏩᏁᏗᏱ ᎤᎾᏓᏤᎵᏛ ᏴᏫ, ᎤᎵᏂᎩᏛ ᎤᎾᏓᏅᏘ ᎣᏍᏛ ᏧᏂᎸᏫᏍᏓᏁᏗᏱ.
15. ᎾᏍᎩ ᎯᎠ ᏄᏍᏕᏍᏗ ᎯᏃᎮᏍᎨᏍᏗ, ᎠᎴ ᏕᎯᏬᏁᏗᏍᎨᏍᏗ, ᎠᎴ ᏕᎯᎬᏍᎪᎸᎥᏍᎨᏍᏗ ᎲᏗᏍᎨᏍᏗ ᏂᎦᎥ ᏣᏒᎦᎸᎢ. ᎲᏗᏍᎨᏍᏗ ᏞᏍᏗ ᎩᎶ ᎡᏍᎦ ᏱᏣᏰᎸᏎᏍᏗ.

== Titus 3 ==
1. ᏕᎭᏅᏓᏗᏍᏗᏍᎨᏍᏗ ᏧᏃᎯᏳᏗ ᎨᏒ ᏄᏂᎬᏫᏳᏌᏕᎩ ᎠᎴ ᏗᎨᎦᏁᎶᏗ ᎨᏒᎢ, ᎤᏃᎯᏳᎯᏍᏛ ᎢᏳᎵᏍᏙᏗ ᎨᏒᎢ, ᏂᎪᎯᎸᏉ ᎤᎾᏛᏅᎢᏍᏗ ᎢᏳᎵᏍᏙᏗ ᎨᏒ ᏂᎦᎥᏉ ᎣᏍᏛ ᏧᏂᎸᏫᏍᏓᏁᏗᏱ.
2. ᎩᎶ ᎤᏐᏅ ᎤᏂᏃᎮᏗᏱ ᏂᎨᏒᎾ, ᏧᎾᏘᏲᏌᏘ ᏂᎨᏒᎾ ᎢᏳᎾᎵᏍᏙᏗᏱ, ᎤᎾᏓᏅᏘᏍᎩᏂ ᎢᏳᎾᎵᏍᏙᏗᏱ, ᎬᏂᎨᏒ ᎢᏳᏅᏁᏗᏱ ᎾᏂᎥᏉ ᎠᏂᎦᏔᎲ ᎤᏣᏘ ᎤᎾᏓᏅᏘᏳ ᎨᏒᎢ.
3. ᎢᎬᏒᏰᏃ ᎾᏍᏉ ᎢᎸᎯᏳ ᏥᎨᏒ ᎢᎩᏁᎫ ᎨᏒᎩ, ᏂᎪᎯᏳᏒᎾ, ᎢᎩᎵᏓᏍᏔᏅᎯ, ᎪᎱᏍᏗ ᏕᏓᏛᏁᎲᎩ ᏧᏓᎴᏅᏛ ᎠᏚᎸᏅᏗ ᎨᏒ ᎠᎴ ᎣᏍᏛ ᎠᏓᏓᏅᏓᏗᏍᏗᏍᎩ ᎨᏒᎢ, ᎤᏲ ᎨᏒ ᎠᎴ ᎠᏛᏳᎨᏗ ᎢᏕᎲᎩ, ᎢᎩᏂᏆᏘᏍᏗ, ᎠᎴ ᏗᏓᏓᏂᏆᏘᎯ ᎨᏒᎩ.
4. ᎠᏎᏃ ᎿᎭᏉ ᎤᏁᎳᏅᎯ ᎢᎩᏍᏕᎵᏍᎩ ᎤᏓᏅᏘᏳ ᎨᏒ ᎠᎴ ᏴᏫ ᏚᎨᏳᏒ ᎤᎦᏄᎪᏨ,
5. ᎥᏝ ᏚᏳᎪᏛ ᏗᎦᎸᏫᏍᏓᏁᏗ ᎨᏒ ᎬᏗ ᎠᏴ ᎾᏍᎩ ᏕᎩᎸᏫᏍᏓᏁᎸᎢ, ᎾᏍᎩᏯᏍᎩᏂ ᎤᏓᏙᎵᏣᏘᏳ ᎨᏒ ᎢᎩᏍᏕᎸᎲᎩ ᎤᏮᏔᏅᎩ ᏔᎵᏁ ᎠᏕᏗ ᎨᏒ ᎤᎬᏩᎵ ᎠᏙᏑᎴᏗᏱ, ᎠᎴ ᎦᎸᏉᏗᏳ ᎠᏓᏅᏙ ᎤᏓᏁᏟᏴᏍᏗ ᎨᏒᎢ;
6. ᎾᏍᎩ ᎤᏧᏈᏍᏗ ᏥᎩᏐᏅᏰᎵ, ᏥᏌ ᎦᎶᏁᏛ ᎢᎩᏍᏕᎵᏍᎩ ᎢᏳᏩᏂᏌᏛ;
7. ᎾᏍᎩ ᎬᏩᎦᏘᏯ ᎤᏓᏙᎵᏍᏗ ᎨᏒ ᏗᎦᏚᏓᎴᏍᏔᏅᎯ ᎨᏒᎢ, ᎾᏍᎩ ᎾᏍᎩᏯ ᎤᎵᏍᏆᏗᏍᏗ ᏂᎨᏒᎾ ᎬᏂᏛ ᎢᎦᏤᎵ ᎢᏳᎵᏍᏙᏗᏱ ᎾᏍᎩᏯ ᎤᏚᎩ ᎢᎬᏒᎢ.
8. ᎤᏙᎯᏳᎯᏯ ᎢᎦᏪᏛ; ᎠᎴ ᎾᏍᎩ ᎯᎠ ᏧᏓᎴᏅᏛ ᎠᏆᏚᎵᎭ ᏣᏍᏓᏱᏗᏍᏗᏱ, ᎾᏍᎩ Ꮎ ᎤᏁᎳᏅᎯ ᎤᏃᎯᏳᏅᎯ ᎤᎾᎦᏌᏯᏍᏙᏗᏱ ᏂᎪᎯᎸᏉ ᎣᏍᏛ ᏧᏂᎸᏫᏍᏓᏁᏗᏱ. ᎯᎠ ᎾᏍᎩ ᎣᏏᏳ ᎠᎴ ᎬᏩᎾᎵᏍᏕᎸᏙᏗ ᏴᏫ.
9. ᎤᎵᏍᎦᏂᏍᏛᏍᎩᏂ ᎧᏃᎮᎸᏗ ᎨᏒ ᎠᎴ ᎤᎾᏓᏁᏟᏴᏒᏒᎢ, ᎠᎴ ᏗᏘᏲᏍᏗ ᎨᏒᎢ, ᎠᎴ ᎠᏗᏒᏍᏗ ᎨᏒ ᏗᎧᎿᎭᏩᏛᏍᏗ ᎤᎬᏩᎵ ᏕᎭᏓᏅᏒᎮᏍᏗ, ᎬᏩᎾᏓᏍᏕᎸᏗᏰᏃ ᏂᎨᏒᎾ ᎠᎴ ᎠᏎᏉᏉ ᎾᏍᎩ.
10. ᎩᎶ ᏗᎦᎴᏅᏗᏍᎩ ᏌᏉ ᎠᎴ ᏔᎵ ᎢᏯᎨᏯᏔᏅᎯ ᎨᏎᏍᏗ ᎡᏥᏲᎢᏎᎸᎭ;
11. ᎢᏥᎦᏔᎮᏍᏗ ᎾᏍᎩ Ꮎ ᏱᏄᏍᏗ ᎩᎶ ᎤᎪᎸᏛ ᎨᏒᎢ, ᎠᎴ ᎤᏍᎦᏅᏨᎢ, ᎤᏩᏒᏉ ᏓᏓᏚᎪᏓᏁᎲᎢ.
12. ᎢᏳᏃ ᎠᏘᎹ ᏥᏅᏒᎭ ᏫᏣᎷᏤᏗᏱ, ᎠᎴ ᏗᎩᎦ, ᎭᏟᏂᎬᏁᎸᎭ ᎾᎪᏆᎵ ᏍᎩᎷᏤᏗᏱ; ᎾᎿᎭᏰᏃ ᏓᏇᎪᏔᏅ ᎠᏆᎪᎳᏗᏴᏗᏱ.
13. ᏥᎾ ᏗᎧᎿᎭᏩᏛᏍᏗ ᏗᎪᏏᏏᏍᎩ ᎠᎴ ᎠᏉᎳ ᎭᏟᏂᎬᏁᎸᎭ ᎩᏍᏕᎸᏗᏱ ᎠᎾᎢᏒᎢ, ᎾᏍᎩ ᎪᎱᏍᏗ ᏄᏂᏂᎬᏎᎲᎾ ᎢᏳᎵᏍᏙᏗᏱ.
14. ᎠᎴ ᎾᏍᏉ ᏗᎦᏤᎵᎦ ᏩᎾᏕᎶᏆ ᏂᎪᎯᎸ ᎣᏍᏛ ᏧᏂᎸᏫᏍᏓᏁᏗᏱ ᎾᏍᎩ ᎤᏚᎸᏗ ᏂᎦᎵᏍᏗᏍᎬ ᎪᎱᏍᏗ ᎬᏔᏂᏓᏍᏗ, ᎾᏍᎩ ᎠᏂᏁᏉᏍᎩ ᎢᏳᎾᎵᏍᏙᏗᏱ.
15. ᏂᎦᏛ ᎠᏂ ᏃᎦᏛᏅᎢ ᏫᎨᏣᏲᎵᎦ. ᏕᎯᏲᎵᎸᎭ ᎾᏍᎩ Ꮎ ᎨᎩᎨᏳᎯ ᎪᎯᏳᏗ ᎨᏒ ᏅᏗᎦᎵᏍᏙᏗᏍᎬᎢ. ᎬᏩᎦᏘᏯ ᎤᏓᏙᎵᏍᏗ ᎨᏒ ᎢᏤᎳᏗᏙᎮᏍᏗ ᏂᏥᎥᎢ. ᎡᎺᏅ.

== Philemon 1 ==
1. ᎠᏴ, ᏉᎳ, ᏥᏴᎩ ᏥᏌ ᎦᎶᏁᏛ ᎠᎩᏍᏛᏗᏍᎬᎢ, ᎠᎴ ᏗᎹᏗ ᎢᎩᏅᏟ, ᏫᏍᏛᏲᏪᎳᏏ ᏆᎵᎹᏂ ᎤᏣᏘ ᎢᏍᏛᎨᏳᎢ, ᎠᎴ ᎤᏠᏱ ᏗᎩᎸᏫᏍᏓᏁᎯ,
2. ᎠᎴ ᎢᏍᏛᎨᏳᎢ ᎠᏈᏯ, ᎠᎴ ᎠᎩᏆ, ᎢᏧᎳᎭ ᎢᏗᏩᏫᏍᎩ, ᎠᎴ ᏧᎾᏁᎶᏗᎤᎾᏓᏈᎬ ᎯᏁᎸᎢ;
3. ᎬᏩᎦᏘᏯ ᎤᏓᏙᎵᏍᏗ ᎨᏒ ᎠᎴ ᏅᏩᏙᎯᏯᏛ ᏕᏥᎧᎿᎭᏩᏗᏙᎮᏍᏗ ᏅᏓᏳᎾᎵᏍᎪᎸᏔᏅᎯ ᎤᏁᎳᏅᎯ ᎢᎩᏙᏓ ᎠᎴ ᎤᎬᏫᏳᎯ ᏥᏌ ᎦᎶᏁᏛ.
4. ᏥᏯᎵᎡᎵᏤᎰ ᎠᏆᏁᎳᏅᎯ ᎬᏁᎢᏍᏗᏍᎪ ᏂᎪᎯᎸ ᎦᏓᏙᎵᏍᏗᏍᎬᎢ,
5. ᎦᏛᎩᏍᎬ ᏣᏓᎨᏳᏒ ᎠᎴ ᏦᎯᏳᏒᎢ, ᎾᏍᎩ ᏥᎨᏳᎭ ᎤᎬᏫᏳᎯ ᏥᏌ, ᎠᎴ ᎾᏂᎥ ᎤᎾᏓᏅᏘ ᏥᏕᎯᎨᏳᎭ;
6. ᎾᏍᎩ Ꮎ ᏦᎯᏳᏒ ᏤᎳᏗᏍᏗᏍᎬᎢ ᎾᏍᎩ ᏱᏂᎬᏂᏒ ᎬᏂᎨᏒ ᏱᏂᎦᎵᏍᏓ ᏂᎦᎥ ᎣᏍᏛ ᎨᏒ ᎢᏥᏯᎥᎢ ᏥᏌ ᎦᎶᏁᏛ ᏅᏗᎦᎵᏍᏙᏗᏍᎬᎢ.
7. ᎤᏣᏘᏰᏃ ᎤᎵᎮᎵᏍᏗ ᎣᎨᎭ ᎠᎴ ᎤᎦᎵᏍᏗ ᎠᏓᏅᏓᏗᏍᏗ ᎨᏒ ᏣᏓᎨᏳᏒ ᎢᏳᏍᏗ, ᏛᏗᎦᎵᏍᏙᏗᎭ ᎤᎾᏓᏅᏘ ᏧᏂᎾᏫ ᏕᎯᎦᎵᏍᏓᏕᎲᎢ, ᎥᎩᏅᏟ.
8. ᎤᏙᎯᏳᎯᏍᎩᏂᏃᏅ ᎤᏣᏘ ᎠᎩᎭ ᎦᎶᏁᏛ ᎠᎩᏁᎸᎢ, ᎾᏍᎩ ᎬᏁᏤᎲ ᏥᏚᏳᎪᏗ ᎢᏣᏛᏁᏗᏱ;
9. ᎠᏎᏃ ᏍᎩᎨᏳᎯᏳ ᎨᏒ ᏅᏗᎦᎵᏍᏙᏗᎭ ᎤᏟ ᏥᏰᎸᏍᎦ ᎬᏍᏗᏰᏙᏗᏱ, ᏉᎳ ᎤᏛᏐᏅᎯ ᎢᏯᏆᏍᏗ ᏥᎩ, ᎠᎴ ᎪᎯ ᎨᏒ ᎠᏴᎩ, ᏥᏌ ᎦᎶᏁᏛ ᎠᎩᏍᏛᏗᏍᎬᎢ.
10. ᎬᏍᏗᏰᏗᎭ ᎠᏇᏥ ᎣᏂᏏᎹ ᎤᎬᏩᎵ ᎾᏍᎩ ᎥᏆᎸᎢᏛ ᎨᏒ ᎠᏆᏕᏁᎸᎯ ᏥᎩ.
11. ᎾᏍᎩ ᏧᏩᎫᏔᏅᏒ ᏂᏣᏍᏕᎵᏍᎬᎾ ᏥᎨᏒᎩ, ᎪᎯᏍᎩᏂ ᏥᎩ ᏣᏍᏕᎵᏍᎩ, ᎠᎴ ᎠᏴ ᎠᎩᏍᏕᎵᏍᎩ;
12. ᎾᏍᎩ ᏔᎵᏁ ᎥᏥᏅᎵ; ᎾᏍᎩ ᎢᏳᏍᏗ ᏂᎯ ᏕᎯᏯᏓᏂᎸᏨᎭ, ᎾᏍᎩ ᎠᏋᏒ ᎠᎩᎾᏫ ᏥᎩ.
13. ᎾᏍᎩ ᎠᏆᏚᎵᏍᎬᎩ ᏥᏯᎧᎯᏯᏍᏗᏱ ᎠᏂ ᎨᏙᎲᎢ, ᎾᏍᎩ ᏂᎯ ᏍᎩᏍᏕᎸᎯᏓᏍᏗ ᎨᏒ ᎠᎩᏍᏕᎸᎯᏓᏍᏗᏱ ᎥᏆᎸᎢᏛ ᎨᏒ ᎣᏍᏛ ᎧᏃᎮᏛ ᎠᎩᏍᏛᏗᏍᎬᎢ;
14. ᎠᏎᏃ ᏂᎯ ᎣᏏᏳ ᏂᏣᏰᎸᏅᎾ ᎥᏝ ᏯᏆᏚᎸᎮ ᎪᎱᏍᏗ ᎠᏆᏛᏁᏗᏱ; ᎾᏍᎩ ᎣᏍᏛ ᏂᏍᏆᏛᏁᎲ ᎣᏏᏳ ᏣᏰᎸᏅ ᎬᏂᎨᏒ ᎢᏳᎵᏍᏙᏗᏱ, ᎥᏝᏃ ᎾᏍᎩ ᎠᏎ ᎢᏣᏛᏁᏗᏱ ᏂᏣᎵᏍᏓᏁᎲᎢ.
15. ᎾᏍᎩᏰᏃ ᎢᏳᏍᏗ ᏱᎩ ᏞᎦ ᏳᏓᏅᏒ ᎾᏍᎩ ᏘᏯᏓᏂᎸᎢᏍᏗ ᏂᎪᎯᎸ ᎤᏕᏗᏱ.
16. ᎥᏝ ᎿᎭᏉ ᎠᏥᏅᏏᏓᏍᏗ ᎾᏍᎩᏯᎢ, ᎤᏟᏍᎩᏂ ᎦᎸᏉᏗᏳ ᎡᏍᎦᏉ ᎠᏥᏅᏏᏓᏍᏗ, ᎣᏅᏟ ᎠᎨᏳᎯ ᎾᏍᎩᏯᎢ, ᎠᏴ Ꮀ ᎤᎬᏫᏳᎭ ᏥᎨᏳᎢ, ᏂᎯᏍᎩᏂ ᏂᎦᎥ ᎤᏟᎯᏳ ᎯᎨᏳᎢ, ᎾᏍᎩ Ꮎ ᎤᏇᏓᎵ ᎨᏒ ᎠᎴ ᎤᎬᏫᏳᎯ ᏕᏍᏓᏁᎶᏛᎢ?
17. ᎾᏍᎩ ᎢᏳᏍᏗ ᎢᏳᏃ ᎣᎩᎾᏖᏉᎶᎯ ᏍᏇᎵᏎᎮᏍᏗ, ᏕᎯᏯᏓᏂᎸᏨᎭ ᎠᏴ ᏥᏕᏍᏆᏓᏂᎸᎪ ᎾᏍᎩᏯᎢ.
18. ᎢᏳᏃ ᎤᏣᏘᏂ ᏂᏣᏛᏁᎴᏍᏗ, ᎠᎴ ᎯᏚᎨᏍᏕ, ᎠᏴᏉ ᎠᏆᎫᏴᏗ ᏅᏁᎸᎭ;
19. ᎠᏴ ᏉᎳ ᎠᏋᏒ ᎠᏉᏰᏃ ᎬᏓ ᎪᏪᎸᎦ, ᎠᏴ ᏓᎦᎫᏴᎯ; ᎥᏝᏍᎩᏂᏃᏅ ᏨᏒ ᎨᏒ ᎾᏍᏉ ᎬᏚᎦ ᏗᏍᏆᏓᏲᎯᏎᏗᏱ ᏱᎬᏲᏎᎭ.
20. ᎥᎥ, ᏗᎾᏓᏅᏟ, ᎤᎵᎮᏍᏗ ᏍᏆᏓᏅᏓᏗᏍᏓ ᎤᎬᏫᏳᎯ ᎢᏳᏩᏂᏌᏛ; ᎯᎦᎵᏍᏓᏓᏉ ᎠᎩᎾᏫ ᎤᎬᏫᏳᎯ ᏕᎾᏁᎶᏛᎢ.
21. ᏦᎯᏳᏒ ᎠᏆᎵᏍᎦᏍᏙᏛ ᏫᎬᏲᏪᎳᏁᎸᎩ, ᏥᎦᏔᎲᎩ ᎾᏍᏉ ᏣᎶᏒᏍᏙᏗᏱ ᎨᏒ ᎿᎭᏛᏁᎲ ᏄᏍᏛ ᎬᏁᏤᎲᎢ.
22. ᎠᎴ ᎾᏍᏉ ᏍᏆᏛᏅᎢᏍᏓᏁᎸᎭ ᏍᎩᏍᏆᏂᎪᏙᏗᏱ; ᎤᏚᎩᏰᏃ ᎠᏋᎭ ᎢᏣᏓᏙᎵᏍᏗᏍᎬ ᎢᏳᏩᏂᏐᏗᏱ ᏔᎵᏁ ᏫᏨᎷᏤᏗᏱ.
23. ᏫᎨᏣᏲᎵᎦ ᎡᎦᏉ, ᏗᏧᎳᎭ ᎣᏍᏗᏴᎩ ᎦᎶᏁᏛ ᏥᏌ ᎣᎩᏂᏍᏛᏗᏍᎬᎢ;
24. ᎹᎦ, ᎡᎵᏍᏓᎦ, ᏗᎹ, ᎷᎦ, ᎢᏧᎳᎭ ᏦᎩᎸᏫᏍᏓᏁᎯ
25. ᎬᏩᎦᏘᏯ ᎤᏓᏙᎵᏍᏗ ᎨᏒ ᎢᎦᏤᎵ ᎤᎬᏫᏳᎯ ᏥᏌ ᎦᎶᏁᏏ ᏔᎵ ᎤᏛᏕᎨᏍᏗ ᏕᏣᏓᏅᏛᎢ. ᎡᎺᏅ

== Hebrews 1 ==
1. ᎤᏁᎳᏅᎯ, ᎾᏍᎩ ᎢᎸᎯᏳ ᏥᎨᏒ, ᎢᏴᏛᎭᏉ ᎠᎴ ᏧᏓᎴᏅᏛ ᎬᏔᏅᎯ ᏥᏕᎧᏁᏤᎮ ᏗᎩᎦᏴᎵᎨ ᎠᎾᏙᎴᎰᏍᎩ ᏕᎬᏗᏍᎬᎢ,
2. ᎪᎯ ᎤᎵᏍᏆᎸᏗ ᏕᎨᏌᏗᏒ ᎢᎩᏁᏤᎸ ᎤᏪᏥ ᎤᏮᏔᏅ, ᎾᏍᎩ ᎤᏪᎧᏅ ᎤᏤᎵ ᎢᏳᎵᏍᏙᏗᏱ ᏂᎦᏗᏳ ᏧᏓᎴᏅᏛ, ᎾᏍᎩ ᎾᏍᏉ ᎬᏗᏍᎬ ᎡᎶᎯ ᏚᏬᏢᏁᎢ;
3. ᎾᏍᎩ ᏗᎦᎸᏌᏓᏗᏍᎩ ᏥᎨᏒᎩ ᎤᏤᎵ ᎦᎸᏉᏗᏳ ᎨᏒᎢ, ᎠᎴ ᎾᏍᎩᏯ ᏗᏟᎶᏍᏔᏅᎯ ᏥᎨᏒᎩ ᎾᏍᎩ ᏄᏍᏛᎢ, ᎠᎴ ᏂᎦᏗᏳ ᏧᏓᎴᏅᏛ ᏥᏚᏍᏆᏂᎪᏗᏕᎬᎩ ᏥᎬᏗᏍᎬᎩ ᎤᎵᏂᎩᏗᏳ ᎧᏁᎬᎢ, ᎾᎯᏳ ᎤᏩᏒ ᎤᏓᏛᏔᏅ ᎤᏅᎦᎸᎭ ᎢᎩᏍᎦᏅᏨᎢ, ᎤᏪᏁᎢ ᎠᎦᏘᏏᏗᏢ ᎦᎸᏉᏗᏳ ᎨᏒ ᎦᎸᎳᏗ.
4. ᎾᏍᎩ ᎢᎦᎢ ᎤᏟ ᎢᏳᏓᎵᏁᎯᏯᏛ ᎾᎬᏁᎴ ᎡᏍᎦ ᏗᏂᎧᎿᎭᏩᏗᏙᎯ, ᎾᏍᎩ ᎤᏘᏯᏍᏓᏁᏗ ᎨᏒ ᎤᏟ ᎢᎦᎸᏉᏗ ᏧᏙᏍᏙᏗ ᏧᏩᏛᏔᏅ.
5. ᏗᏂᎧᎿᎭᏩᏙᎯᏰᏃ ᎨᏒ ᎦᎪ ᎢᎸᎯᏳ ᎯᎠ ᏄᏪᏎᎶᎢ, ᎠᏇᏥ ᏂᎯ ᎪᎯ ᎢᎦ ᏍᏆᏕᎲᏏ? ᎠᎴ ᎾᏍᏉ ᎯᎠ; ᎠᏴ ᏥᎦᏴᎵᎨ ᎨᏎᏍᏗ, ᎾᏍᎩᏃ Ꮎ ᎠᏯᏥ ᎨᏎᏍᏗ?
6. ᎠᎴ ᎾᏍᏉ, ᎾᎯᏳ ᎢᎬᏱ ᎤᏕᏁᎸᎯ ᎡᎶᎯ ᎤᎾᏄᎪᏫᏒ ᎯᎠ ᏄᏪᏎᎢ; ᎠᎴ ᎾᏂᎥ ᏗᏂᎧᎿᎭᏩᏗᏙᎯ ᎤᏁᎳᏅᎯ ᏧᏤᎵ ᏫᎬᏩᏓᏙᎵᏍᏓᏏ.
7. ᏗᏂᎧᎿᎭᏩᏗᏙᎯᏃ ᎯᎠ ᏂᏕᎦᏪᏎᎭ, ᎾᏍᎩ ᏗᏂᎧᎿᎭᏩᏗᏙᎯ ᏧᏤᎵ ᎤᏃᎴ ᏥᏂᏕᎬᏁᎭ, ᎠᎴ ᎠᏥᎸ ᎠᏓᏪᎳᎩᏍᎩ ᏧᏅᏏᏓᏍᏗ ᏥᏂᎬᏁᎭ.
8. ᎤᏪᏥᏍᎩᏂ ᎯᎠ ᏂᎦᏪᏎᎭ, ᏣᏤᎵ ᎦᏍᎩᎸ, ᏣᏁᎳᏅᎯ, ᏂᎪᎯᎸ ᎠᎴ ᏂᎪᎯᎸ ᏂᎬᏩᏍᏗᏉ; ᎠᏙᎳᏅᏍᏗ ᏚᏳᎪᏛ ᎠᏛᏁᏙᏗ ᎾᏍᎩ ᎠᏙᎳᏅᏍᏗ ᎪᎱᏍᏗ ᏨᏗᎭ ᎾᎿᎭᏣᎬᏫᏳᎯ ᎨᏒᎢ.
9. ᎣᏏᏳ ᏣᏰᎸᏅ ᏚᏳᎪᏛ ᎨᏒᎢ; ᎠᎴ ᏣᏂᏆᏘᎸ ᎤᏲ ᎨᏒᎢ, ᎾᏍᎩ ᎢᏳᏍᏗ ᎤᏁᎳᏅᎯ, ᎾᏍᎩ ᏂᎯ ᏣᏁᎳᏅᎯ ᎤᏟ ᎢᎦᎢ ᏣᎶᏁᏔᏅ ᎠᏠᏁᏗ ᎣᏍᏛ ᎠᏓᏓᏅᏓᏗᏍᏗᏍᎩ, ᎡᏍᎦᏉ ᎾᏍᎩ Ꮎ ᎢᏣᎵᎪᎯ.
10. ᎠᎴ, ᎾᏍᏉ [ᎯᎠ ᏂᎦᏪᎭ] ᏂᎯ, ᏣᎬᏫᏳᎯ, ᏗᏓᎴᏂᏍᎬ ᎡᎶᎯ ᎦᎫᏍᏓᎥ ᏣᏁᎢ; ᎠᎴ ᎦᎸᎶᎢ ᏗᏦᏰᏂ ᏦᏢᏔᏁᎢ;
11. ᏛᎾᎵᏛᏔᏂ ᎾᏍᎩ; ᏂᎯᏍᎩᏂ ᏁᏣᏛᏁᏍᏗᏉ; ᎠᎴ ᎾᏍᎩ ᏂᎦᏛ ᏓᏳᏁᏔᏥ ᎠᏄᏬ ᎾᏍᎩᏯᎢ;
12. ᎠᎴ ᎤᏔᏃᎯ ᎠᏄᏬ ᎾᏍᎩᏯ ᏙᏘᏇᏅᎯ, ᎠᎴ ᏗᎦᏁᏟᏴᏛ ᎨᏎᏍᏗ; ᏂᎯᏍᎩᏂ ᏁᏣᏍᏗᏉ, ᎠᎴ ᏕᏣᏕᏘᏱᎶᏍᎬ ᎥᏝ ᏭᏍᏘᏥᎯᏍᏗ ᏱᎩ.
13. ᎦᏙᎨ ᎤᏍᏗ ᏗᏂᎧᎿᎭᏩᏗᏙᎯ ᎨᏒ ᎯᎠ ᏄᏪᏎᎶᎢ, ᏥᎦᏘᏏᏗᏢ ᏦᎴᏍᏗ ᎬᏂ ᎨᏤᏍᎦᎩ ᎦᏍᎩᎶ ᏗᏣᎳᏏᏗᏱ ᏂᎦᏥᏴᏁᎸᎭ?
14. ᏝᏍᎪ ᎾᏍᎩ Ꮎ ᏂᎦᏛ ᏗᏓᏅᏙ ᎨᏥᏅᏏᏓᏍᏗ ᏱᎩ, ᎨᏥᏅᏏᏛ ᏧᏂᏍᏕᎸᎯᏓᏍᏗᏱ ᎾᏍᎩ Ꮎ ᎠᎵᏍᏕᎸᏙᏗ ᎨᏒ ᎤᎾᏤᎵ ᎢᏳᎵᏍᏙᏗ ᏥᎩ?

== Hebrews 2 ==
1. ᎾᏍᎩ ᎢᏳᏍᏗ ᎤᏟ ᎢᎦᎢ ᎢᎦᎦᏌᏯᏍᏙᏗ ᏱᏂᎦᎵᏍᏓ ᏄᏍᏛ ᎢᎦᏛᎦᏅᎢ, ᎾᏍᎩ ᎢᎸᎯᏳ ᏗᎬᏍᎦᎶᎢᏍᏗᏱ ᏂᎨᏒᎾ ᎢᏳᎵᏍᏙᏗᏱ.
2. ᎢᏳᏰᏃ ᎧᏃᎮᏛ ᏗᏂᎧᎿᎭᏩᏗᏙᎯ ᎬᏂᎨᏒ ᎢᏳᏅᏁᎸᎯ ᎨᏒ ᎤᎵᏂᎩᏗᏳ ᏱᎩ, ᎠᎴ ᏄᏓᎴᏒ ᎠᏍᎦᏅᏨᎯ ᎨᏒ ᎠᎴ ᏄᏃᎯᏳᏒᎾ ᎨᏒ ᏚᏳᎪᏛ ᎨᏥᏍᏛᏗᏔᏅᎯ ᏱᎩ;
3. ᎦᏙ ᏱᎦᎵᏍᏙᏓ ᏱᏓᏚᏓᎳᎩ, ᎢᏳᏃ ᏂᎦᎦᏌᏯᏍᏔᏅᎾ ᏱᎩ ᎾᏍᎩ ᎢᎦᎸᏉᏗ ᎠᎵᏍᏕᎸᏙᏗ; ᎾᏍᎩ ᎢᎬᏱ ᏧᎴᏅᎲ ᏧᏃᎮᎴ ᎤᎬᏫᏳᎯ, ᎠᎴ ᎾᏍᎩ ᎠᏴ ᏥᎨᎩᏍᏓᏱᏕᎸᎩ ᎾᏍᎩ Ꮎ ᎬᏩᏛᎦᏁᎸᎯ;
4. ᎤᏁᎳᏅᎯ ᎾᏍᏉ ᏕᎪᎯᏳᏓᏁᎲᎩ, ᏕᎬᏗᏍᎬᎩ ᎤᏰᎸᏛ ᎠᎴ ᎤᏍᏆᏂᎪᏗ, ᎠᎴ ᎤᏍᏆᏂᎪᏗ ᏗᎦᎸᏫᏍᏓᏁᏗ ᎨᏒᎢ, ᎠᎴ ᎦᎸᏉᏗᏳ ᎠᏓᏅᏙ ᎤᏓᏁᏗ ᎨᏒ ᎾᏍᎩᏯ ᎤᏩᏒ ᎣᏏᏳ ᎤᏰᎸᏗ ᎨᏒᎢ.
5. ᏗᏂᎧᎿᎭᏩᏗᏙᎯᏰᏃ ᎥᏝ ᏄᏂᎬᏫᏳᏌᏕᎩ ᏱᏂᏚᏩᏁᎸ ᎾᏍᎩ ᎾᎿᎭᎡᎶᎯ ᎤᎵᏰᎢᎶᎯᏍᏗ ᏥᎨᏒᎩ, ᎾᏍᎩ ᏥᏗᏁᎢᏍᏗᎭ.
6. ᎠᏏᏴᏫᏍᎩᏂ ᎢᎸᎯᏢ ᎤᏁᏤ, ᎯᎠ ᏄᏪᏎᎢ, ᎦᏙ ᏴᏫ ᎾᏍᎩ ᏥᏯᏓᏅᏖᏍᎪᎢ? ᎠᎴ ᏴᏫ ᎤᏪᏥ, ᎾᏍᎩ ᏥᏯᎦᏔᏂᎯᎰᎢ?
7. ᎤᏍᏗᎩᏛᏉᏰᏃ ᎡᏍᎦ ᏂᏴᏁᎸ ᏂᎩᏴᏁᎸ ᏗᏂᎧᎿᎭᏩᏗᏙᎯ; ᏗᎬᏩᎸᏌᏓ ᎠᎴ ᎦᎸᏉᏗᏳ ᎨᏒ ᎯᏍᏚᎶᏔᏅ, ᎠᎴ ᎤᎬᏫᏳᏌᏕᎩ ᏂᏴᏁᎸ ᎪᎱᏍᏗ ᏦᏢᏅᏅᎯ ᎨᏒᎢ.
8. ᏄᏓᎴᏒ ᎪᎱᏍᏗ ᏧᎳᏏᏕᏂ ᎭᏫᏂᏗᏢ ᏂᏕᏨᏁᎸ. ᎾᏍᎩᏰᏃ ᏂᎦᏛ ᎭᏫᏂᏗᏢ ᏥᏄᏩᏁᎴᎢ, ᎥᏝ ᎪᎱᏍᏗ ᏳᏃᎯᏰ ᎾᏍᎩ ᎭᏫᏂᏗᏢ ᏄᏩᏁᎸᎾ ᎨᏒᎢ. ᎠᏎᏃ ᎪᎯ ᎨᏒ ᎥᏝ ᏱᏗᎪᏩᏘᎭ ᏂᎦᏛ ᎭᏫᏂᏗᏢ ᏱᎾᎬᏁᎸ.
9. ᏥᏌᏍᎩᏂ ᎡᏗᎪᏩᏘᎭ ᎾᏍᎩ ᎤᏍᏗᎩᏛ ᎡᏍᎦ ᎢᏯᎬᏁᎸᎯ ᏗᏂᎧᎿᎭᏩᏗᏙᎯ ᎨᏒ ᏂᎨᎬᏁᎸᎢ, ᎾᏍᎩ ᎤᏲᎱᎯᏍᏗᏱ, ᏗᎬᏩᎸᏌᏛ ᎠᎴ ᎦᎸᏉᏗᏳ ᎨᏒ ᎠᏥᏍᏕᎶᏔᏅ; ᎾᏍᎩ ᏅᏓᏳᎵᏍᏙᏗᏱ ᎬᏩᎦᏘᏯ ᎤᏁᎳᏅᎯ ᎤᏓᏙᎵᏍᏗ ᎨᏒ ᎬᏗᏍᎬ ᎾᏂᎥ ᏴᏫ ᏧᏲᎱᏎᏗᏱ.
10. ᎠᏎᏰᏃ ᎾᏍᎩ ᎢᏳᏛᏁᏗ ᎨᏎᎢ, ᎾᏍᎩ Ꮎ ᏄᏓᎴᏒ ᎪᎱᏍᏗ ᎠᎪᏢᎾᏁᎸᎯ, ᎠᎴ ᎾᏍᎩ ᎢᏳᏩᏂᏌᏛ ᏄᏓᎴᏒ ᎪᎱᏍᏗ ᎪᏢᏅᎯ ᏥᎩ, ᎾᏍᎩ ᏗᎬᏩᎸᏌᏛ ᏗᎨᏒ ᏫᏓᏘᏃᎯᎲ ᎤᏂᏣᏘ ᏧᏪᏥ, ᎾᏍᎩ ᎤᎾᎵᏍᏕᎸᏙᏗ ᏗᏩᏛᎡᎯ, ᏂᎦᎷᎶᎬᎾ ᎢᏯᎬᏁᏗᏱ ᎠᎩᎵᏲᎬᎢ.
11. ᎢᏧᎳᏰᏃ ᎾᏍᎩ Ꮎ ᏗᎦᏅᎦᎵᏍᎩ ᎨᏒ ᎠᎴ ᎾᏍᎩ ᎨᏥᏅᎦᎵᏍᎩ ᎨᏒ ᎤᏂᏠᏱᏉ; ᎾᏍᎩ ᎢᏳᏍᏗ ᎥᏝ ᎤᏕᎰᎯᏍᏗ ᏳᏰᎸᎭ ᎣᏣᎵᏅᏟ ᏧᏬᏎᏗᏱ;
12. ᎯᎠ ᏥᏄᏪᏎᎢ, ᏕᏣᏙᎥ ᎬᏂᎨᏒ ᏅᏓᎦᏥᏴᏁᎵ ᎣᏣᎵᏅᏟ; ᏧᎾᏁᎶᏗ ᎤᎾᏓᏡᎬ ᎠᏰᎵ ᏙᏓᎬᏃᎩᏍᏔᏂ.
13. ᎠᎴ ᏔᎵᏁᎢ, ᎾᏍᎩ ᏓᏥᏯᎵᏍᎦᏍᏙᏔᏂ. ᎠᎴᏬ, ᎬᏂᏳᏉ ᎠᏴ ᎠᎴ ᎾᏍᎩ Ꮎ ᏗᏂᏲᎵ ᎤᏁᎳᏅᎯ ᏗᎩᎧᏁᎸᎯ ᎨᏒᎢ.
14. ᎠᎴ ᎾᏍᎩ ᏗᏂᏲᎵ ᎤᏂᏇᏓᎵ ᎠᎴ ᎩᎬ ᎤᏂᏁᎯ ᏥᎩ, ᎤᏩᏒ ᎾᏍᏉ ᎾᏍᎩ ᎤᏠᏯᏍᏔᏁ ᎤᎩᏎᎢ; ᎾᏍᎩ ᎠᏲᎱᎯᏍᏗ ᎨᏒ ᎢᏳᏩᏂᏐᏗᏱ ᎠᏎᏉᏉ ᎢᏳᏩᏁᏗᏱ ᎾᏍᎩ Ꮎ ᎠᏲᎱᎯᏍᏗ ᎨᏒ ᎤᎵᏂᎬᎬ ᎤᎯ, ᎾᏍᎩ ᎠᏍᎩᎾ ᏥᎩ.
15. ᎠᎴ ᏧᏭᏓᎴᏍᏗᏱ ᎾᏍᎩ Ꮎ ᎠᏲᎱᎯᏍᏗ ᎨᏒ ᎠᏂᎾᏰᏍᎬ ᏥᏅᏗᎦᎵᏍᏗᏍᎨ ᏓᏅᏅ ᎢᎪᎯᏛ ᏧᎾᏓᏲᏒᎯ ᏥᎨᏒ ᏕᎨᏥᎾᏝᎥᎢ.
16. ᎤᏙᎯᏳᎯᏰᏃ ᎥᏝ ᏗᏂᎧᎿᎭᏩᏗᏙᎯ ᏱᏚᏬᏯᏁᏎᎢ, ᎡᏆᎭᎻᏍᎩᏂ ᎤᏁᏢᏔᏅᏛ ᎨᏒ ᏚᏬᏯᏁᏎᎢ.
17. ᎾᏍᎩ ᎢᏳᏍᏗ ᏚᏳᎪᏛᎩ ᏂᎦᎥ ᏄᏛᏅᏅ ᎠᎾᎵᏅᏟ ᎾᏍᎩᏯ ᏄᎾᏍᏛ ᎢᏳᎵᏍᏙᏗᏱ, ᎾᏍᎩ ᎤᏓᏙᎵᏍᏗ ᎠᎴ ᏄᏓᎵᏍᏛᎾ ᏄᎬᏫᏳᏒ ᎠᏥᎸ-ᎨᎶᎯ ᎢᏳᎵᏍᏙᏗᏱ ᎤᏁᎳᏅᎯ ᎤᏤᎵ ᎤᎬᏩᎵ, ᎾᏍᎩ ᎠᎵᏍᎪᎸᏔᏅᎯ ᎠᎫᏴᏙᏗ ᎢᏳᎵᏍᏙᏗᏱ ᎤᏂᏍᎦᏅᏨ ᏴᏫ;
18. ᎾᏍᎩᏰᏃ ᎤᏩᏒ ᎤᎩᎵᏲᏨᎯ ᏥᎩ, ᎾᏍᎩ ᎠᏥᎪᎵᏰᏍᎬᎢ ᏰᎵᏉ ᏗᎬᏩᏍᏕᎸᏗ ᏄᎵᏍᏔᏅ ᎾᏍᎩ Ꮎ ᎨᏥᎪᎵᏰᏍᎩ.

== Hebrews 3 ==
1. ᎾᏍᎩ ᎢᏳᏍᏗ ᎡᏥᎸᏉᏗ ᎢᏓᎵᏅᏟ, ᎢᏣᏠᏯᏍᏗᏍᎩ ᎦᎸᎳᏗ ᎤᎬᏩᎵ ᎥᏓᏘᏯᏅᏗ ᎨᏒᎢ, ᎡᏣᏓᏅᏛᎵ ᎦᎶᏁᏛ ᏥᏌ ᎠᏥᏅᏏᏛ ᎠᎴ ᏄᎬᏫᏳᏒ ᎠᏥᎸᎨᎶᎯ ᎾᏍᎩ ᏤᏓᏁᎶᏗ ᏥᎩ.
2. ᎾᏍᎩ ᏄᎵᏓᏍᏔᏅᎾ ᎨᏒ ᎾᏍᎩ Ꮎ ᎤᏁᏤᎸᎯ, ᎾᏍᎩᏯ ᎾᏍᏉ ᎼᏏ ᏄᏓᎵᏓᏍᏛᎾ ᏥᎨᏎ ᏂᎦᎥ ᏚᏓᏘᎾᎥᎢ.
3. ᎯᎠᏰᏃ ᎾᏍᎩ ᎠᏍᎦᏯ ᎤᏟ ᎠᏥᎸᏉᏗᏳ ᎠᏥᏰᎸᏎ ᎡᏍᎦᏉ ᎼᏏ, ᎩᎶᏰᏃ ᎠᏓᏁᎸ ᎤᏁᏍᎨᎲᎯ ᎤᏟ ᎠᏥᎸᏉᏗᏳ ᎨᏐ ᎡᏍᎦᏉ ᎠᏓᏁᎸᎢ.
4. ᏂᎦᎥᏰᏃ ᏓᏓᏁᎸ ᎩᎶ ᏧᏬᏢᏅᎯ ᎨᏐᎢ; ᎾᏍᎩ Ꮎ ᏂᎦᎥ ᏧᏓᎴᏅᏛ ᎤᏬᏢᏅᎯ ᎨᏒ ᎤᏁᎳᏅᎯ.
5. ᎠᎴ ᎼᏏ ᎤᏙᎯᏳᎯ ᏄᏓᎵᏓᏍᏛᎾ ᎨᏒᎩ ᏂᎦᎥ ᏚᏓᏘᎾᎥᎢ ᎠᏥᏅᏏᏓᏍᏗ ᎾᏍᎩᏯᎢ, ᎾᏍᎩ ᎪᎯᏳᏗᏍᎩ ᎢᏳᎵᏍᏙᏗᏱ ᎾᏍᎩ Ꮎ ᏧᏓᎴᏅᏛ ᎬᏂᎨᏒ ᎢᎬᏁᏗ ᏥᎨᏎᎢ.
6. ᎦᎶᏁᏛᏍᎩᏂ ᎠᎦᏅᎩ ᎾᏍᎩᏯ ᏄᏓᎵᏓᏍᏛᎾ ᎨᏒᎩ ᎤᏩᏒ ᏚᏓᏘᎾᎥᎢ; ᎾᏍᎩ Ꮎ ᏚᏓᏘᎾᎥ ᎢᏖᎳ ᏥᎩ, ᎢᏳᏃ ᎤᎵᏂᎩᏛ ᏱᏗᎩᏂᏴᎭ ᎬᎵᏍᏆᏗᏍᎩ ᎾᏍᎩ Ꮎ ᎢᎦᎵᏍᎦᏍᏙᏛ ᎠᎴ ᎢᏓᏢᏈᏍᏙᏗᏍᎬ ᎤᏚᎩ ᎬᏗ ᎨᏒᎢ.
7. ᎾᏍᎩ ᎢᏳᏍᏗ, ᎦᎸᏉᏗᏳ ᎠᏓᏅᏙ ᎯᎠ ᏥᏂᎦᏪᎭ, ᎪᎯ ᎢᎦ ᎢᏳᏃ ᎧᏁᎬ ᎢᏣᏛᎪᏗᏱ ᎢᏣᏚᎵᏍᎨᏍᏗ,
8. ᏞᏍᏗ ᏱᏗᏥᏍᏓᏲᏗᏍᎨᏍᏗ ᏗᏥᎾᏫ, ᎾᏍᎩᏯ ᏄᎾᏛᏁᎸ ᏥᎬᎩᎾᎸᏍᏔᏅᎩ, ᎾᎯᏳ ᎢᎦ ᏥᎬᎩᎪᎵᏰᎥᎩ ᎢᎾᎨᎢ;
9. ᎾᎯᏳ ᏗᏥᎦᏴᎵᎨ ᏥᎬᎩᎪᎵᏰᏍᎬᎩ, ᎠᎴ ᏥᎬᏆᎦᏘᏍᎬᎩ, ᎠᏂᎪᏩᏘᏍᎬᎩᏍᎩᏂᏃᏅ ᏓᎩᎸᏫᏍᏓᏁᎲ ᏅᎦᏍᎪᎯ ᏧᏕᏘᏴᏛ.
10. ᎾᏍᎩ ᎢᏳᏍᏗ ᎦᏥᏂᏉᏘᎸᎩ ᎾᏍᎩ Ꮎ ᏴᏫ, ᎠᎴ ᎯᎠ ᎾᎩᏪᏒᎩ, ᏂᎪᎯᎸ ᏚᎴᎾᎯᎭ ᏧᏂᎾᏫ; ᎠᎴ ᎥᏝ ᎤᏂᎦᏙᎥᏒᎯ ᏱᎩ ᏓᎩᏅᏅᎢ.
11. ᎾᏍᎩ ᏅᏓᏳᎵᏍᏙᏔᏅᎩ ᎠᏆᏎᎵᏔᏅᎩ ᎠᎩᏔᎳᏬᏍᎬ, ᎾᏍᎩ ᎤᏂᏴᏍᏗᏳ ᏂᎨᏒᎾ ᎨᏒ ᎠᏆᏤᎵ ᎠᏣᏪᏐᎸᏍᏙᏗᏱ ᎨᏒᎢ.
12. ᎢᏤᏯᏔᎮᏍᏗ, ᎢᏓᎵᏅᏟ, ᏞᏍᏗᏉ ᏂᎯ ᎩᎶ ᎤᏬᎯᏳᎯᏍᏛ ᏂᎨᏒᎾ ᎤᎾᏫ ᏳᏯᎡᏍᏗ, ᎾᏍᎩ ᎠᏓᏅᎡᎯ ᎬᏂᏛ ᎤᏁᎳᏅᎯ.
13. ᏕᏣᏓᏬᏂᏗᏍᎨᏍᏗᏍᎩᏂ ᏂᏚᎩᏨᏂᏒᎢ, ᎠᏏᏉ ᎪᎯ ᎢᎦ ᎦᎪᏎᏗ ᏥᎩ; ᎾᏍᎩ ᏂᎯ ᎩᎶ ᎨᏥᏍᏓᏲᎯᏍᏗ ᏂᎨᏒᎾ ᎢᏳᎵᏍᏙᏗᏱ ᎤᏓᎵᏓᏍᏗ ᎠᏍᎦᏂ ᎢᏳᏩᏂᏌᏛ.
14. ᏕᎦᏚᏓᏕᏫᏒᏰᏃ ᎦᎶᏁᏛ, ᎢᏳᏃ ᏱᏅᏩᏍᏗᏉ ᏕᎩᏂᏴᏒ ᎤᎵᏂᎩᏛ ᎬᎵᏍᏆᏗᏍᎩ ᎢᎬᏱᏱ ᎢᎦᎵᏍᎦᏍᏙᏔᏅᎢ;
15. ᎯᎠᏰᏃ ᎢᎦᏪᏛ ᎢᎩ, ᎪᎯ ᎢᎦ ᎢᏳᏃ ᎢᏣᏚᎵᏍᎨᏍᏗ ᎧᏁᎬ ᎢᏣᏛᎪᏗᏱ, ᏞᏍᏗ ᏱᏗᏥᏍᏓᏲᏗᏍᎨᏍᏗ ᏗᏥᎾᏫ, ᎾᏍᎩᏯ ᏄᎾᏛᏁᎸ ᎾᎯᏳ ᏥᎬᎩᎾᎸᏍᏔᏅᎩ.
16. ᎦᎪᏰᏃ ᎿᎭᏉ ᎤᎾᏛᎦᏅ, ᎤᏂᎿᎭᎸᏍᏔᏁᎢ; ᏝᏍᎪ ᏂᎦᏛ ᎢᏥᏈᏱ ᏂᏙᏓᏳᏗᏅᏍᏔᏅᎯ ᏱᏏ, ᎾᏍᎩ ᏱᏄᎾᏛᏁᎴᎢ?
17. ᎠᎴ ᎦᎪ ᏅᎦᏍᎪᎯ ᏧᏕᏘᏴᏛ ᏚᏂᏆᏘᎴᎢ? ᏝᏍᎪ ᎾᏍᎩ Ꮎ ᎤᏂᏍᎦᏅᏨᎯ ᏥᎨᏎᎢ, ᎾᏍᎩ Ꮎ ᏗᏂᏰᎸ ᎢᎾᎨ ᏥᏚᏅᏤᎢ?
18. ᎠᎴ ᎦᎪ ᏚᏁᏤᎴ ᎠᏎᎵᏛᏍᎬ ᎾᏍᎩ ᎤᏂᏴᏍᏗᏱ ᏂᎨᏒᎾ ᎨᏒ ᎤᏤᎵ ᎠᏣᏪᏴᎸᏍᏙᏗᏱ? ᏝᏍᎪ ᎾᏍᎩ ᏱᎨᏎ Ꮎ ᏄᏃᎯᏳᏒᎾ ᏥᎨᏎᎢ?
19. ᎾᏍᎩ ᏥᏄᏍᏗ ᎢᏗᎪᏩᏘᎭ ᎾᏍᎩ ᏫᎬᏩᏂᏴᏍᏗ ᏂᎨᏒᎾ ᎨᏒ ᏅᏗᎦᎵᏍᏙᏗᏍᎬ ᏄᏃᎯᏳᏅᎾ ᎨᏒᎢ.

== Hebrews 4 ==
1. ᎾᏍᎩ ᎢᏳᏍᏗ ᎠᏴ ᎢᏗᎾᏰᏍᎨᏍᏗ ᎾᏍᎩ ᏒᎩᏚᎢᏍᏓᏁᎸ ᏫᎩᏴᏍᏗᏱ ᏥᎩ ᎤᏤᎵ ᎠᏣᏪᏐᎸᏍᏙᏗᏱ, ᎾᏍᎩ ᎬᏂᎨᏒ ᏱᏅᎦᎵᏍᏓ ᏂᎯ ᎩᎶ ᎡᏍᎦ ᎢᏦᎭᏒᎢ.
2. ᎠᏴᏰᏃ ᎣᏍᏛ ᎧᏃᎮᏛ ᎡᎦᎵᏥᏙᏁᎸᎩ, ᎾᏍᎩᏯᏉ ᏥᎨᎦᎵᏥᏙᏁᎸᎩ ᎾᏍᎩ; ᎠᏎᏃ ᎾᏍᎩ Ꮎ ᎧᏃᎮᏛ ᎤᎾᏛᎦᏅ ᎥᏝ ᏅᏂᏍᏕᎸᎮᎢ ᏅᏗᎦᎵᏍᏙᏗᏍᎨ ᎪᎯᏳᏗ ᎨᏒ ᏄᏓᏑᏴᎾ ᎨᏒ ᎠᎾᏛᎩᏍᎬᎢ.
3. ᎠᏴᏰᏃ ᎢᎪᎯᏳᏅᎯ ᎨᏒ ᎢᏗᏴᎯᎭ ᎠᏣᏪᏐᎸᏍᏙᏗᏱ ᎨᏒᎢ; ᎾᏍᎩᏯ ᏄᏪᏒᎢ, ᎾᏍᎩᏯ ᎠᏆᏎᎵᏔᏅ ᎠᎩᏔᎳᏬᏍᎬᎢ, ᎾᏍᎩ ᎤᏂᏴᏍᏗᏱ ᏂᎨᏒᎾ ᎨᏒ ᎠᏆᏤᎵ ᎠᏣᏪᏐᎸᏍᏙᏗᏱ ᎨᏒᎢ; ᎠᏍᏆᏛᎯᏍᎩᏂᏃᏅ ᎨᏒᎩ ᏕᎦᎸᏫᏍᏓᏁᎸ ᎡᎶᎯ ᏧᏙᏢᎤ ᎤᏓᎬᏩᏓᎴᎤᏛ.
4. ᎢᎸᎯᏢᏰᏃ ᎦᎵᏉᎩᏁ ᎢᎦ ᎤᏁᎢᏍᏔᏅ ᎯᎠ ᏄᏪᏒ, ᎠᎴ ᎤᏁᎳᏅᎯ ᎦᎵᏉᎩᏁ ᎢᎦ ᎤᏯᏪᏐᎴ ᎤᏲᎯᏍᏔᏁ ᏂᎦᏛ ᏚᎸᏫᏍᏓᏁᎲᎢ.
5. ᎠᎴ ᎠᏂ ᏔᎵᏁ ᎯᎠ ᏂᎦᏪᎭ, ᎥᏝ ᏴᎬᏂᏴᎭ ᎠᏆᏤᎵ ᎠᏣᏪᏐᎸᏍᏙᏗᏱ.
6. ᎾᏍᎩᏃ ᎩᎶ ᎠᏎ ᎾᎿᎭᏭᏂᏴᏍᏗ ᏥᎩ, ᎠᎴ ᎾᏍᎩ Ꮎ ᎢᎬᏱ ᎨᎦᎵᏥᏙᏁᎸᎯ ᎨᏒ ᎾᏄᏂᏴᎸᎾ ᏥᎨᏎᎢ, ᏅᏗᎦᎵᏍᏙᏗᏍᎬ ᏄᏃᎯᏳᏒᎾ ᎨᏒᎢ.
7. ᎠᎴ ᎾᏍᏉ ᎢᎦ ᎠᏑᏰᎭ, ᎯᎠ ᏂᎦᏪᎭ ᎤᏬᎯᏨᎯ ᎣᏂ ᏕᏫ ᎠᎬᏗᏍᎬᎢ, ᎪᎯ ᎢᎦ, ᎾᏍᎩᏯ ᎯᎠ ᎢᎦᏪᏛ ᏥᎩ, ᎪᎯ ᎢᎦ, ᎢᏳᏃ ᎧᏁᎬ ᎢᏣᏛᎪᏗᏱ ᎢᏣᏚᎵᏍᎨᏍᏗ, ᏞᏍᏗ ᏱᏗᏥᏍᏓᏲᏔᏁᏍᏗ ᏗᏥᎾᏫ.
8. ᎢᏳᏰᏃ ᏦᏑᏩ ᏱᏚᏁᎴ ᎤᎾᏣᏪᏐᎸᏍᏙᏗᏱ, ᎥᏝ [ᎤᏁᎳᏅᎯ] ᎣᏂ ᏱᎬᏩᏁᎢᏍᏔᏁ ᏅᏩᏓᎴ ᎢᎦ.
9. ᎾᏍᎩ ᎢᏳᏍᏗ ᎠᏏᏉ ᎤᎾᏘᏰᎭ ᎤᎾᏣᏪᏐᎸᏍᏙᏗᏱ ᎨᏒ ᎤᏁᎳᏅᎯ ᏧᏤᎵᎦ ᏴᏫ.
10. ᎾᏍᎩᏰᏃ Ꮎ ᎤᏴᎸᎯ ᏥᎨᏐ ᎤᏣᏪᏐᎸᏍᏙᏗᏱ, ᎾᏍᏉ ᎤᏲᎯᏍᏔᏅᎯ ᎨᏐ ᏚᎸᏫᏍᏓᏁᎲ, ᎾᏍᎩᏯ ᎤᏁᎳᏅᎯ ᏄᏛᏁᎸ ᎤᏲᎯᏍᏔᏅᎢ.
11. ᎾᏍᎩ ᎢᏳᏍᏗ ᎢᏓᏟᏂᎬᏁᎮᏍᏗ ᏫᎩᏴᏍᏗᏱ, ᏱᏅᏎᎦᎩᏰᏃ ᎩᎶ ᎾᏍᎩ ᏧᏕᎶᏆᎡᎸᎯ ᎨᏒ ᎾᏍᎩᏯ ᏄᏬᎯᏳᏒᎾ ᎨᏒ ᏴᎦᏅᎢᏍᏓ.
12. ᎧᏃᎮᏛᏰᏃ ᎤᏁᎳᏅᎯ ᎤᏤᎵᎦ ᎬᏃᏛ, ᎠᎴ ᎤᎵᏂᎩᏗᏳ ᎠᎴ ᎤᏟᎯᏳ ᏂᎪᏍᏓᏴ ᎡᏍᎦᏉ ᎠᏰᎳᏍᏗ-ᎦᏅᎯᏛ ᎢᏧᎳᏗᏢ ᏗᎬᎦᏘ ᏗᎪᏍᏓᏴ, ᏕᎦᏘᎭ ᏔᎵ ᏂᎦᏗᎭ ᎠᏓᏅᏖᏗᏱ ᎠᎴ ᎠᏓᏅᏙ, ᎠᎴ ᏚᏫᏢᎢ ᎠᎴ ᏚᏍᏛᏪᏙᎬᎢ, ᎠᎴ ᏗᎬᏭᎪᏙᏗ ᎢᎩ ᏄᏍᏛ ᎠᏓᏅᏖᏍᎬ ᎠᎴ ᏄᏍᏛ ᎤᏚᎵᏍᎬ ᎤᎾᏫ.
13. ᎥᏝ ᎠᎴ ᎪᎱᏍᏗ ᎠᏁᎳᏅᎯ ᎨᏒ ᎠᎬᏍᎦᎳᏁᎸᎯ ᏱᎩ; ᏂᎦᏗᏳᏉᏍᎩᏂ ᎤᏰᎸᎭᎢ, ᎠᎴ ᏧᏞᏛ ᎾᏍᎩ ᏙᏗᎧᏅ ᎾᏍᎩ Ꮎ ᎬᏂᎨᏒ ᎢᏰᏛᏁᏗ ᏥᎩ ᏂᎦᏛᏁᎸᎢ.
14. ᎾᏍᎩᏃ ᏥᏗᎪᏩᏗᎭ ᎢᎩᎧᎲ ᎠᏥᎸᏉᏗ ᏄᎬᏫᏳᏒ ᎠᏥᎸ-ᎨᎶᎯ, ᎾᏍᎩ ᎦᎸᎶ ᏭᎶᏒᎯ ᏥᎩ, ᎾᏍᎩ ᏥᏌ ᎤᏁᎳᏅᎯ ᎤᏪᏥ, ᎠᏍᏓᏯ ᏕᎩᏂᏴᏎᏍᏗ ᏕᏓᏁᎶᏛᎢ.
15. ᎥᏝᏰᏃ ᏄᎬᏫᏳᏒ ᎠᏥᎸ-ᎨᎶᎯ ᏱᎩᎧᎭ ᎾᏍᎩ ᎨᎩᏙᎵᏍᏗ ᏂᎨᏒᎾ ᎨᏒ ᏕᎩᏩᏂᎦᎸᎢ, ᏂᎦᎥᏉᏍᎩᏂ ᎠᏥᎪᎵᏰᎲᎩ ᎠᏴ ᎾᏍᎩᏯᎢ, ᎠᏎᏃ ᎾᏍᎦᏅᎾ ᎨᏒᎩ.
16. ᎾᏍᎩ ᎢᏳᏍᏗ ᏂᏗᏍᎦᎢᎲᎾ ᎢᏗᎷᎩ ᎾᎿᎭᎬᏩᎦᏘᏯ ᎤᏓᏙᎵᏍᏗ ᎨᏒ ᎦᏍᎩᎸᎢ, ᎾᏍᎩ ᎡᎩᏙᎵᏍᏗᏱ, ᎠᎴ ᎢᎩᏩᏛᏗᏱ ᎬᏩᎦᏘᏯ ᎤᏓᏙᎵᏍᏗ ᎨᏒ ᎾᏍᎩ ᎾᎯᏳ ᎢᎩᏂᎬᏎᎲ ᎢᎦᎵᏍᏕᎸᏙᏗ.

== Hebrews 5 ==
1. ᎾᏂᎥᏰᏃ ᏄᎬᏫᏳᏒ ᎠᏥᎸ-ᎠᏁᎶᎯ ᎨᏒ ᏴᏫ ᎠᏁᎲ ᎨᎪᏣᎴᏛ, ᏴᏫ ᎣᏍᏛ ᎢᏳᎾᎵᏍᏓᏁᏗ ᎨᏥᏁᏤᎰᎢ, ᎾᏍᎩ [ᏧᏂᎸᏫᏍᏓᏁᏗᏱ] ᎤᏁᎳᏅᎯ ᎤᏤᎵᎪᎯ ᎤᎬᏩᎵ, ᎾᏍᎩ ᏗᎬᏩᎾᎵᏍᎪᎸᏙᏗ ᎢᏳᎵᏍᏙᏗᏱ ᎠᏓᏁᏗ ᎨᏒ ᎠᎴ ᎠᏥᎸᎨᎳᏍᏙᏗ ᎾᏍᎩ ᎠᏍᎦᏂ ᎤᎬᏩᎵ;
2. ᎾᏍᎩ ᏰᎵ ᏗᎬᏪᏙᎵᏍᏗ ᎾᏂᎦᏔᎾᎥᎾ, ᎠᎴ ᎾᏍᎩ Ꮎ ᎤᎾᎴᎾᎸᎯ; ᎤᏩᏒᏰᏃ ᎾᏍᏉ ᏚᎵᏚᏫᏍᏛᎩ ᎠᏩᏂᎦᎳ ᎨᏒᎢ.
3. ᎠᎴ ᎾᏍᎩ ᎢᏳᏍᏗ, ᎾᏍᎩ ᏴᏫ ᎤᎾᎵᏍᏕᎸᏙᏗ ᎠᎵᏍᎪᎸᏗᏍᎬ ᎾᏍᏉ ᎤᏩᏒ ᎤᎵᏍᏕᎸᏙᏗ ᎠᏎ ᎤᎵᏍᎪᎸᏙᏗ ᎨᏐᎢ, ᎠᏍᎦᏂ ᎤᎬᏩᎵ ᎨᏒᎢ.
4. ᎥᏝ ᎠᎴ ᎩᎶ ᎯᎠ ᎾᏍᎩ ᎦᎸᏉᏗ [ᏗᎦᎸᏫᏍᏓᏁᏗ] ᎤᏩᏒᏉ ᎤᏓᏅᏖᏛ ᏯᎩᏍᎪᎢ, ᎬᏂ ᎤᏁᎳᏅᎯ ᎤᏯᏅᏛ ᏱᎩ ᎾᏍᎩᏯ ᎡᎵᏂ ᎠᏥᏯᏅᎲᎢ.
5. ᎾᏍᎩᏯ ᎾᏍᏉ ᎦᎶᏁᏛ ᎥᏝ ᎤᏩᏒ ᎯᎠ ᎦᎸᏉᏗ ᏗᎦᎸᏫᏍᏓᏁᏗ ᏳᎩᏎ ᏄᎬᏫᏳᏒ ᎠᏥᎸᎨᎶᎯ ᎾᎬᏁᎸᎢ; ᎯᎠᏍᎩᏂ ᎢᏳᏪᏎᎸᎯ, ᎠᏇᏥ ᏂᎯ, ᎪᎯ ᎢᎦ ᏍᏆᏕᎲᏏ, [ᎾᏍᎩ ᎤᏯᏅᎮᎢ.]
6. ᎾᏍᏉ ᎢᎸᎯᏢ ᎯᎠ ᏂᎦᏪᎭ, ᎠᏥᎸ-ᎮᎶᎯ ᏂᎯ ᏂᎪᎯᎸᎢ ᎺᎵᎩᏏᏕᎩ ᏄᏍᏛ ᎾᏍᎩᏯᎢ.
7. ᎾᏍᎩ Ꮎ ᎾᎯᏳ ᎤᏇᏓᎵ ᎨᏒ ᎤᎴᏂᏙᎸ, ᎤᏓᏙᎵᏍᏓᏁᎸ ᎠᎴ ᎤᏔᏲᏎᎸ, ᎠᏍᏓᏴ ᏓᏠᏱᎲ, ᎠᎴ ᏓᎦᏌᏬᎢᎲ ᎬᏩᏠᏯᏍᏗ ᎾᏍᎩ Ꮎ ᎤᏔᏲᏎᎸ ᎾᏍᎩ ᏰᎵᏉ ᎬᏩᏍᏕᎸᏗ ᎬᏭᏓᎴᏍᏗ ᎨᏒ ᎠᏲᎱᎯᏍᏗ ᎨᏒᎢ, ᎠᎴ ᎠᎦᏛᎦᏁᎴ ᎦᎾᏰᏍᎬ ᎤᎬᏩᎵ;
8. ᎤᏪᏥᏍᎩᏂᏃᏅ ᎨᏎᎢ ᎠᏎᏃ ᎤᏬᎯᏳᎯᏍᏓ ᎢᏳᎵᏍᏙᏗᏱ ᎤᏕᎶᏆᎡ ᎤᎩᎵᏲᏨ ᎤᎦᏙᎥᎯᏍᏔᏁᎢ;
9. ᎠᎴ ᏄᎪᎸᎾ ᎾᎬᏁᎸ, ᎾᏍᎩ ᎠᏩᏘᏍᎩ ᏄᎵᏍᏔᏁ ᏫᎾᏍᏛᎾ ᎤᎾᎵᏍᏕᎸᏙᏗ ᎨᏒ ᎾᏂᎥ ᎬᏬᎯᏳᎲᏍᎩ;
10. ᎠᎴ ᏄᎬᏫᏳᏒ ᎠᏥᎸ-ᎨᎶᎯ ᎺᎵᎩᏏᏕᎩ ᎾᏍᎩᏯ ᎤᏬᏎᎭ ᎤᏁᎳᏅᎯ.
11. ᎾᏍᎩ Ꮎ ᎣᏥᏃᎮᏍᎬ ᎤᏣᏘ ᎪᎱᏍᏗ ᎦᏲᎦᏛᏗ, ᎠᎴ ᎤᏦᏍᏗᏳ ᏗᎪᏏᏐᏗᏱ, ᏅᏗᎦᎵᏍᏙᏗᏍᎬ ᏗᏥᏍᎦᏃᎵᏳ ᎨᏒ ᎢᏣᏛᎪᏗᏱ.
12. ᎾᎯᏳᏰᏃ ᏰᎵᏉ ᏗᎨᏣᏕᏲᏗ ᎡᏤᎵᏎᎸᎢ, ᎤᏚᎸᏗᏉ ᏂᏣᎵᏍᏓᏁᎭ ᎩᎶ ᏔᎵᏁ ᎢᏤᏲᏗᏱ ᏄᏍᏛ ᎢᎬᏱᏱ ᏗᏕᎶᏆᏍᏗ ᎨᏒ ᎤᏁᎳᏅᎯ ᎤᏤᎵ ᎧᏃᎮᏛ; ᎠᎴ ᎤᏅᏗ ᎤᎾᏚᎵᏍᎩ ᎾᏍᎩᏯ ᏂᏣᎵᏍᏔᏅ, ᎥᏝᏃ ᎤᏴᏍᏗ ᎠᎵᏍᏓᏴᏗ.
13. ᎾᏂᎥᏰᏃ ᎩᎶ ᎤᏅᏗ ᎠᎾᎵᏍᏓᏴᏗᏍᎩ ᎥᏝ ᎤᏂᎦᏙᎥᏒᎯ ᏱᎨᏐ ᎧᏃᎮᏛ ᎠᏚᏓᎴᏍᏙᏗ ᎨᏒᎢ; ᏗᏂᏲᎵᏉᏰᏃ.
14. ᎤᏴᏍᏗᏍᎩᏂ ᎠᎵᏍᏓᏴᏗ ᏧᎾᏛᎾᏯ ᎤᏁᎵᏍᏓᏴᏙᏗ ᎨᏐᎢ, ᎾᏍᎩ Ꮎ ᎤᏂᎩᏌᎲ ᎢᏳᏍᏗ ᎬᏩᎾᏙᎴᎰᎯᏍᏗ ᎨᏐ ᎣᏍᏛ ᎨᏒ ᏄᏍᏛᎢ, ᎠᎴ ᏄᏍᏛ ᎤᏲ ᎨᏒᎢ.

== Hebrews 6 ==
1. ᎾᏍᎩ ᎢᏳᏍᏗ ᎢᏗᎯᏯᏍᎬ ᎠᎴᏅᏙᏗ ᎦᎶᏁᏛ ᎤᏤᎵ ᏗᏕᏲᏗ ᎨᏒᎢ, ᏂᎦᎷᎶᎬᎾ ᎨᏒ ᎢᏴᏛ ᏫᏗᏰᎢᎶᎦ; ᏔᎵᏁ ᎦᎫᏍᏛᏗ ᏂᏗᎲᏍᎬᎾ ᎦᏁᏟᏴᏍᏗ ᎨᏒ ᎣᏓᏅᏛ ᎤᎬᏩᎵ, ᎠᏓᎯᎯᏉ ᏗᎦᎸᏫᏍᏓᏁᏗ ᏥᎩ, ᎠᎴ ᎤᏁᎳᏅᎯ ᎪᎯᏳᏗ ᎨᏒᎢ,
2. ᏗᏓᏬᏍᏗ ᎨᏒ ᏗᏕᏲᏅᎯ ᎤᎬᏩᎵ, ᎠᎴ ᏗᏓᏏᏔᏗᏍᏗ ᎨᏒ ᎤᎬᏩᎵ, ᎠᎴ ᏧᏂᏲᎱᏒᎯ ᏧᎾᎴᎯᏐᏗ ᎨᏒ ᎤᎬᏩᎵ, ᎠᎴ ᎤᎵᏍᏆᏗᏍᏗ ᏂᎨᏒᎾ ᏗᎫᎪᏙᏗ ᎨᏒ ᎤᎬᏩᎵ.
3. ᎠᎴ ᎾᏍᎩ ᎯᎠ ᏅᏓᏓᏛᏁᎵ ᎢᏳᏃ ᎤᏁᎳᏅᎯ ᏱᎦᎵᏍᎪᎸᏓᏁᎸ.
4. ᎬᏩᏟᏍᏗᏰᏃ ᎾᏍᎩ Ꮎ ᎢᎸᎯᏳ ᎢᎦ ᎨᎦᏗᏍᏓᏁᎸᎯ ᎨᏒᎢ, ᎠᎴ ᎤᎾᏁᎶᏔᏅᎯ ᎨᏒ ᎦᎸᎶᎢ ᏅᏓᏳᏓᎴᏅᎯ ᎠᏓᏁᏗ ᎨᏒᎢ, ᎠᎴ ᎦᎸᏉᏗᏳ ᎠᏓᏅᏙ ᎨᎦᏠᏯᏍᏔᏅ ᎨᏥᏁᎸᎯ.
5. ᎠᎴ ᎤᎾᏁᎶᏔᏅᎯ ᏥᎩ ᎣᏍᏛ ᎧᏃᎮᏛ ᎤᏁᎳᏅᎯ ᎤᏤᎵᎦ, ᎠᎴ ᎤᎵᏂᎩᏛ ᎨᏒ ᎤᎵᏍᏆᎸᏗ ᎨᏒᎢ,
6. ᎾᏍᎩ ᏧᏂᏲᏒᎯ ᎨᏒᎢ, ᎬᏩᏟᏍᏗ ᏔᎵᏁ ᎢᏤ ᎢᎨᎬᏁᏗᏱ ᎦᏁᏟᏴᏍᏗ ᎨᏒ ᏚᎾᏓᏅᏛ ᏭᏂᎷᎯᏍᏗᏱ; ᎤᏅᏒᏰᏃ ᏔᎵᏁ ᎤᎾᏓᏛᏁᎸᎯ ᎢᎩ ᎤᏁᎳᏅᎯ ᎤᏪᏥ, ᎠᎴ ᎬᏂᎨᏒ ᎬᏩᏕᎰᎯᏍᏔᏅᎯ ᎢᎩ.
7. ᎦᏙᎯᏰᏃ ᏣᏗᏔᏍᎪ ᎠᎹ ᏯᏃ ᎤᎦᎿᎭᏂᎯᎲᎢ, ᎠᎴ ᏥᎦᎾᏄᎪᏫᏍᎪ ᎠᏛᏒᎥᏍᎩ ᎪᎱᏍᏗ ᎤᏅᏙᏗ ᎾᏍᎩ Ꮎ ᎦᏙᎯ ᎨᏥᎶᎦᏁᎸᎯ, ᎾᏍᎩ ᎤᏁᎳᏅᎯ ᎣᏍᏛ ᎾᏛᏁᎰᎢ.
8. ᎾᏍᎩᏍᎩᏂ Ꮎ ᏥᏍᏚᏂᎩᏍᏗ ᎠᎴ ᎧᏄᎦᎸ ᎠᏛᏍᎬᎢ ᎠᏗᏅᏗᏉ, ᎠᎴ ᎠᏍᎦᎢᏍᏗᏱ ᎨᏒ ᎾᎥᏂᏳ ᏄᏍᏗᏕᎪᎢ, ᎾᏍᎩ ᎤᎵᏍᏆᎸᏗ ᎨᏒ ᎠᎪᎲᏍᏙᏗ ᏥᎩ.
9. ᎠᏎᏃ, ᏂᎯ ᎨᏒ ᎢᏨᎨᏳᎢ, ᏅᏟᎯᏳ ᎣᏍᏛ ᎤᏚᎩ ᎢᏨᏴᎾᏁᎭ, ᎠᎴ ᎠᎵᏍᏕᎸᏙᏗ ᎨᏒ ᎤᎬᏩᎵ ᏔᎵ ᎤᏛᏗᏕᎬᎢ, ᎯᎠᏍᎩᏂᏃᏅ ᏃᏥᏪᎭ.
10. ᎤᏁᎳᏅᎯᏰᏃ ᎥᏝ ᏂᏚᏳᎪᏛᎾ ᎢᎬᏩᏛᏁᏗ ᏱᎩ ᎾᏍᎩ ᎤᏩᎨᏫᏍᏗᏱ ᏕᏥᎸᏫᏍᏓᏁᎸ ᎠᎴ ᎬᏂᎨᏒ ᏂᏨᏁᎸ ᎢᏥᎨᏳᏒ ᏕᎤᏙᎥᎢ. ᎾᏍᎩ ᏕᏥᏍᏕᎸᎯᏙᎸ ᎤᎾᏓᏅᏘ, ᎠᎴ ᎠᏏᏉ ᏕᏥᏍᏕᎵᏍᎬᎢ.
11. ᎠᎴ ᎣᎦᏚᎵᎭ ᏂᏥᎥ ᎢᏥᏏᏴᏫᎭ ᎨᏒ ᎬᎵᏍᏆᏗᏍᎩ ᎾᏍᎩᏯ ᎢᎦᎢ ᎢᏣᏟᏂᎬᏁᏗᏱ ᎬᏂ ᎤᏣᏘ ᏄᏜᏓᏏᏛᏒᎾ ᎤᏚᎩ ᎬᏗ ᎨᏒ ᏫᏥᏱᎶᎸᎭ;
12. ᎾᏍᎩ ᎢᏳᏍᏗ ᏞᏍᏗ ᎢᏣᏓᏄᎸᏗᏉ ᏱᎨᏎᏍᏗ, ᏗᏥᏍᏓᏩᏕᎩᏍᎩᏂ ᎨᏎᏍᏗ ᎾᏍᎩ Ꮎ ᎤᏃᎯᏳᏒ ᎠᎴ ᏗᏅᏂᏗᏳ ᎨᏒ ᎠᏅᏗᏍᎬ ᎤᎾᏤᎵ ᏄᏅᏁᎸ ᎠᏚᎢᏍᏔᏅᎢ.
13. ᎤᏁᎳᏅᎯᏰᏃ ᎡᏆᎭᎻ ᎤᏚᎢᏍᏓᏁᎸ, ᎾᏍᎩ ᎩᎶ ᏅᏩᏓᎴ ᎤᏟ ᎢᏯᏥᎸᏉᏗ ᏒᎲ ᎬᏩᏎᎵᏙᏗ ᏂᎨᏒᎾ ᎨᏎᎢ, ᎤᏩᏒ ᎡᎲ ᎤᏎᎵᏙᏔᏁᎢ,
14. ᎯᎠ ᏄᏪᏎᎢ, ᎤᏙᎯᏳᎯᏯ ᎤᏣᏘ ᎣᏍᏛ ᏅᏓᎬᏯᏛᏁᎵ, ᎠᎴ ᎤᏣᏘ ᏓᎬᏁᏉᎢ.
15. ᎰᏩᏃ ᎪᎯᏗᏳ ᎤᎦᏘᏛ ᎠᏥᏁᎴ ᎠᏚᎢᏍᏔᏅᎯ ᎨᏒᎢ.
16. ᏴᏫᏰᏃ ᎤᏙᎯᏳᎯ ᎤᏟ ᎢᏯᏥᎸᏉᏗ ᎡᎲ ᎨᎦᏎᎵᏙᏗᏍᎪᎢ; ᎠᎴ ᎠᏎᎵᏔᏅᎯ ᎨᏒ (ᎪᎱᏍᏗ) ᎠᏍᏓᏱᏗᏍᏙᏗ ᎠᏲᎯᏍᏗᏍᎩ ᎨᏐ ᎠᎾᏗᏒᎯᎲᎢ.
17. ᎾᏍᎩ ᎢᏳᏍᏗ ᎤᏁᎳᏅᎯ ᎤᏚᎵᏍᎬ ᎤᏟ ᎢᎦᎢ ᎬᏂᎨᏒ ᎢᏧᏩᏁᏗᏱ ᎨᏥᏚᎢᏍᏓᏁᎸᎯ ᎾᏍᎩ ᎬᏩᏓᏁᏟᏴᏍᏗ ᏂᎨᏒᎾ ᎨᏒ ᏄᏍᏛ ᎠᏓᏅᏖᏍᎬᎢ, ᎠᏎᎵᏛᏍᎬ ᎤᏍᏓᏱᏍᏔᏁᎢ.
18. ᎠᎴ ᎾᏍᎩ ᏔᎵ ᏄᎵᏁᏨ ᏕᏛᏗᏍᎬ ᎾᏍᎩ ᎬᏩᏓᏁᏟᏴᏍᏗ ᏂᎨᏒᎾ ᎨᏒᎢ, ᎾᎿᎭᎬᏩᏥᎪᏗ ᏂᎨᏒᎾ ᏥᎨᎭ ᎤᏁᎳᏅᎯ, ᎠᏴ ᎢᎩᏲᎸᎯ ᏥᎩ ᎢᎦᏗᏍᎦᎶᏗᏱ, ᎤᎵᏂᎩᏛ ᎢᎩᎦᎵᏍᏓᏗᏍᎩ ᎨᎩᏩᏛᏗ ᎢᏳᎵᏍᏙᏗᏱ, ᎾᏍᎩ ᏗᎩᏂᏴᏗᏱ ᎤᏚᎩ ᎬᏗ ᎡᎩᏩᏌᏓᏁᎲᎢ;
19. ᎾᏍᎩ ᎤᏚᎩ ᎬᏗ ᎨᏒ ᎾᏍᎩᏯ ᎠᏓᏅᏙ ᎦᎾᎯᏍᏙᏗ ᏥᎩ, ᎡᏍᎦ ᏂᎦᎵᏍᏗᏍᎬᎾ ᎠᎴ ᎬᏗᏏᏴᏍᏗ ᏂᎨᏒᎾ, ᎠᎴ ᎾᏍᎩ ᏥᏩᏴᎯᎭ ᎾᏍᎩ ᎠᏰᏙᎳᏛ ᎤᏗᏗᏢ;
20. ᎾᎿᎭᏥᏌ ᎢᎬᏱ ᎡᎩ ᏫᎩᏴᏎᎸᎯ ᏥᎩ, ᎾᏍᎩ ᏄᎬᏫᏳᏒ ᎠᏥᎸ-ᎨᎶᎯ ᏂᎪᎯᎸ ᎠᏥᎧᏅᎯ ᏥᎩ, ᎺᎵᎩᏏᏕᎩ ᏄᏍᏛ ᎾᏍᎩᏯᎢ.

== Hebrews 7 ==
1. ᎯᎠᏰᏃ ᎾᏍᎩ ᎹᏓᎩᏏᏕᎩ, ᎤᎬᏫᏳᎯ ᏎᏓᎽ, ᎠᏥᎸ-ᎨᎶᎯ ᎨᏎᎢ ᎤᏁᎳᏅᎯ ᏩᏍᏛ ᎦᎸᎳᏗ ᎡᎯ ᎤᏤᎵᎦ, ᎾᏍᎩ ᎡᏆᎭᎻ ᏥᏚᏠᏎ ᏧᏨᏏᏗᏒ ᏫᏚᎰᏅᎯ ᎤᏂᎬᏫᏳᎯ, ᎠᎴ ᎣᏍᏛ ᏧᏁᏤᎴᎢ;
2. ᎠᎴ ᎾᏍᎩ ᎾᏍᏉ ᎡᏆᎭᎻ ᏂᎦᏛ ᏧᎬᏩᎶᏗ ᎠᏰᎲ ᎠᏍᎪᎯᏁ ᎪᏣᎴᏛ ᏧᏁᎸᏁᎢ; ᎢᎬᏱᏱ ᎨᏒ [ᏚᏙᎥ] ᎠᏁᏢᏔᏅᎯ ᎨᏒ ᎤᎬᏫᏳᎯ ᏚᏳᎪᏛ ᎢᏯᏛᏁᎯ ᎦᏛᎦ, ᎣᏂᏃ ᎾᏍᏉ ᏎᎳᏂ ᎤᎬᏫᏳᎯ ᎠᎪᏎᎭ, ᎾᏍᎩ ᎤᎬᏫᏳᎯ ᏅᏩᏙᎯᏯᏛ ᎤᏚᎵᏍᎩ ᏥᎦᏛᎦ.
3. ᎾᏍᎩ ᎤᏤᏓ ᎠᎴ ᎤᏥ ᎾᏁᎲᎾ ᏥᎨᏎ, ᎤᎾᏁᏢᏔᏅᎯ ᎠᏂᏂᎩᏛ ᏥᎨᏎ, ᏚᎩᏨᏁᎬ ᏅᎫᏓᎴᏅᎲᎾ ᏥᎨᏎ, ᎠᎴ ᎡᎲ ᏭᏍᏗᏥᎯᏍᏗ ᏂᎨᏒᎾ ᏥᎨᏎᎢ, ᎤᏁᎳᏅᎯᏍᎩᏂ ᎾᏪᏥ ᎾᏍᎩᏯ ᏥᎾᎬᏁᎴᎢ, ᎠᏥᎸ-ᎨᎶᎯ ᏤᎭ ᏂᎪᎯᎸᎢ.
4. ᎡᏣᏓᏅᏛᎵᎾᏗ ᏂᎦᎥ ᎠᏥᎸᏉᏗᏳ ᎨᏒ ᎯᎠ ᎾᏍᎩ ᎠᏍᎦᏯ, ᎾᏍᎩ ᎠᎦᏴᎵᎨ ᎡᏆᎭᎻ ᎤᏩᏒ ᎠᏍᎪᎯᏁ ᎪᏣᎴᏛ ᎤᏓᏬᏅᏛ ᎠᏰᎲ ᎤᏁᎸᎢ.
5. ᎠᎴ ᎤᏙᎯᏳᎯ ᎵᏫ ᏧᏪᏥ ᎠᏥᎸᎨᎳᏍᏗ ᏗᎦᎸᏫᏍᏓᏁᏗ ᎨᏒ ᎨᏥᏁᏗ ᎨᏒᎢ ᎨᎦᏒᎦᎸᏗᏍᎨ ᎠᏍᎪᎯᏁ ᎪᏣᎴᏛ ᏧᏂᏂᏢᏗᏱ ᏴᏫ ᎾᏍᎩᏯ ᏂᎬᏅ ᏗᎧᎿᎭᏩᏛᏍᏗ, ᎾᏍᎩ ᎠᎾᎵᏅᏟ ᎨᏒᎢ, ᎾᏍᏉ ᎡᏆᎭᎻ ᎠᏰᎵ ᏅᏓᏳᎾᏓᎴᏅᎯ ᎨᏒᎢ.
6. ᎾᏍᎩᏍᎩᏂ Ꮎ ᎤᎾᏁᏢᏔᏅᏛ ᎨᏒ ᎵᏫ ᎠᏂᎳᏍᏓᎸ ᏅᏧᏓᎴᏅᎲᎾ ᏥᎩ, ᎠᏍᎪᎯᏁ ᎪᏣᎴᏛ ᏚᏓᏂᎸᏤᎴ ᎡᏆᎭᎻ, ᎠᎴ ᎣᏍᏛ ᎤᏁᏤᎴ ᎠᏚᎢᏍᏔᏅᎯ ᎨᏒ ᏣᎦᎨᏅᏯ.
7. ᎠᎴ ᏄᏜᏓᏏᏛᏒᎾ ᎡᏍᎦ ᎢᏯᏥᎸᏉᏗ ᎨᏒ ᎣᏍᏛ ᎤᏁᏤᎰ ᎤᏟ ᎢᏯᏥᎸᏉᏗ.
8. ᎠᎴ ᎠᏂ ᏴᏫ ᏗᏂᏲᎱᏍᎩ ᏥᎩ ᎠᏍᎪᎯᏁ ᎪᏣᎴᏛ ᎢᎨᏥᏁᎰᎢ; ᎾᎿᎭᏍᎩᏂ ᎤᎩᏎᎢ ᎾᏍᎩ Ꮎ ᎡᎭ ᎠᎪᏎᎸᎯ ᏥᎩ.
9. ᎠᎴ ᎯᎠᏉ ᏱᎾᎩᏪᏒ, ᎵᏫ ᎾᏍᏉ ᎠᏍᎪᎯᏁ ᎪᏣᎴᏛ ᏗᏓᏂᎸᎩ ᏥᎩ, ᎠᏍᎪᎯᏁ ᎪᏣᎴᏛ ᎤᎫᏴᎮ ᎾᎯᏳ ᎡᏆᎭᎻ ᎤᎫᏴᎲ.
10. ᎠᏏᏉᏰᏃ ᎤᏙᏓ ᎠᏰᎸ ᎠᏯᎡᎢ ᎾᎯᏳ ᎹᎵᎩᏏᏕᎩ ᏥᏚᏠᏍᎨᎢ.
11. ᎾᏍᎩ ᎢᏳᏍᏗ ᎢᏳᏃ ᎠᏥᎸᎨᎳᏍᏗ ᎨᏒ ᎠᏂᎵᏫ ᏥᎨᎦᏒᎦᎶᏕ, ᏅᏍᎦᏅᎾ ᎢᎬᏩᏓᏛᏁᏗ ᏱᎨᏎᎢ, (ᎠᏥᎸ-ᎨᎳᏍᏗᏰᏃ ᎨᏒ ᎠᎴ ᏗᎧᎿᎭᏩᏛᏍᏗ ᏚᎾᏚᏓᏖ ᏴᏫ ᎦᎾᏓᏂᎸᏨ) ᎦᏙᏃ ᎠᏏ ᎤᏚᎸᏗ ᏂᎦᎵᏍᏗᏍᎨ ᏅᏩᏓᎴ ᎠᏥᎸᎨᎶᎯ ᎤᎾᏄᎪᎢᏍᏗᏱ ᎹᎵᎩᏏᏕᎩ ᏄᏍᏛ ᎾᏍᎩᏯᎢ, ᎡᎳᏂᏃ ᎾᏍᎩᏯ ᎦᏰᎪᏎᏗ ᏂᎨᏒᎾ ᎨᏒᎢ?
12. ᎠᏥᎸ-ᎨᎳᏍᏗᏰᏃ ᎨᏒ ᎤᏓᏁᏟᏴᏛ ᎨᏒᎢ, ᎠᏎ ᎾᏍᏉ ᎦᏁᏟᏴᏛ ᏂᎦᎵᏍᏗᎭ ᏗᎧᎿᎭᏩᏛᏍᏗ.
13. ᎾᏍᎩᏰᏃ Ꮎ ᎯᎠ ᎾᏍᎩ ᎤᎬᏩᎵ ᎠᏥᏁᎢᏍᏔᏅᎯ ᎨᏒ ᎤᏣᏘᏂ ᎠᏂᎳᏍᏓᎸ ᎨᎳ ᎨᏒᎩ, ᎾᏍᎩ [ᎠᏂᎳᏍᏓᎸ] ᎤᏓᎴᏅᎯ ᎥᏝ ᎩᎶ ᎠᏥᎸᎨᎳᏍᏗᏱ ᏱᏚᎸᏫᏍᏓᏁᎮᎢ.
14. ᎬᏂᎨᏒᎢᏳᏰᏃ ᏂᎦᎵᏍᏗᎭ ᎾᏍᎩ ᎢᎦᏤᎵ ᎤᎬᏫᏳᎯ ᏧᏓ ᎠᏂᎳᏍᏓᎸ ᏧᏓᎴᏅᎲᎢ; ᎾᏍᎩ ᎠᏂᎳᏍᏓᎸ ᎼᏏ ᎥᏝ ᏱᏚᏁᎢᏍᏔᏁ ᎠᏥᎸ-ᎨᎳᏍᏗ ᎨᏒ ᎤᎬᏩᎵ.
15. ᎠᎴ ᎠᏏ ᎤᏟ ᎬᏂᎨᏒ ᏂᎦᎵᏍᏗᎭ, ᎢᏳᏃ ᎺᎵᎩᏏᏕᎩ ᏄᏍᏛ ᎾᏍᎩᏯ ᏅᏩᏓᎴ ᎠᏥᎸ-ᎨᎶᎯ ᏱᎦᎾᏄᎪᎦ,
16. ᎾᏍᎩ ᎠᏥᎩ-ᎨᎶᎯ ᎾᎬᏁᎸ ᏗᎧᎿᎭᏩᏛᏍᏗ ᎤᏇᏓᎵ ᎤᎬᏩᎵ ᎾᏍᎩᏯ ᎾᎬᏁᎸᎾ ᎨᏒᎢ, ᎬᏂᏛᏍᎩᏂ ᎠᎵᏍᏆᏗᏍᎩ ᏂᎨᏒᎾ ᎤᎵᏂᎬᎬ ᎾᏍᎩᏯᎢ.
17. ᎯᎠᏰᏃ ᏂᎦᏪᎭ ᎧᏁᎬᎢ, ᎠᏥᎸᎮᎶᎯ ᎨᎭ ᏂᎪᎯᎸᎢ ᎺᎵᎩᏏᏕᎩ ᏄᏍᏛ ᎾᏍᎩᏯᎢ.
18. ᎤᏙᎯᏳᎯᏰᏃ ᎢᏴᏛ ᎢᎬᏁᎸᎯ ᏂᎦᎵᏍᏗᎭ ᎢᎬᏱᏱ ᎤᎵᏁᏨᎯ ᏗᎧᎿᎭᏩᏛᏍᏗ, ᎠᏩᏂᎦᎳᎯᏳ ᎨᏒ ᎠᎴ ᎬᏩᏓᏍᏕᎸᏗ ᏂᎨᏒᎾ ᎨᏒ ᎢᏳᏍᏗ.
19. ᏗᎧᎿᎭᏩᏛᏍᏗᏰᏃ ᎥᏝ ᎦᎷᎶᎩ ᏂᎨᏒᎾ ᎢᎬᏁᎯ ᏱᎨᏎ ᎪᎱᏍᏗ; ᎤᏟᏍᎩᏂ ᎢᏝᏍᏛ ᎤᏚᎩ ᎬᏗ ᎨᏒ ᎠᏴᏔᏂᎸᎯ ᏥᎩ, ᎾᏍᎩ ᎢᏛᏗᏍᎬ ᎾᎥ ᎦᏰᏗᎷᏤᏗ ᏥᏂᎦᎵᏍᏗᎭ ᎤᏁᎳᏅᎯ ᎦᎷᎶᎩ ᏂᎨᏒᎾ ᏂᎬᏁᎭ.
20. ᎠᎴ ᎾᏍᎩ ᎠᏎᎵᏔᏅᎯ ᎨᏒ ᎬᏔᏅᎯ ᏥᎩ [ᎦᎶᏁᏛ ᎠᏥᎸ-ᎨᎶᎯ ᎢᏯᎬᏁᎸᎯ ᏥᎩ,]
21. (ᎾᏍᎩᏰᏃ Ꮎ ᎠᏥᎸ-ᎠᏁᎶᎯ ᏂᎨᎬᏁᎮ ᎠᏎᎵᏔᏅᎯ ᏂᎨᏒᎾ; ᎯᎠᏍᎩᏂ Ꮎ ᎠᏎᎵᏔᏅᎯ ᎨᏒ ᎠᎬᏓᏁᎴᎢ, ᎯᎠ ᎾᏍᎩ ᎢᏳᏪᏎᎸᎯ, ᎤᎬᏫᏳᎯ ᎤᏎᎵᏔᏅ ᎠᎴ ᎥᏝ ᎠᎦᏁᏟᏴᎾ ᏂᎯ ᎠᏥᎸ-ᎮᎶᎯ ᏂᎪᎯᎸᎢ ᎺᎵᎩᏏᏕᎩ ᏄᏍᏛ ᎾᏍᎩᏯᎢ.)
22. ᎾᏍᎩᏯ ᎢᏴᏛ ᎤᎶᏒᏍᏗ ᏔᎵ ᎠᏛᏗᏍᎩ ᏫᎬᏁᎴ ᏥᏌ ᎧᏃᎮᏛ ᏓᏠᎯᏍᏛᎢ.
23. ᎠᎴ ᎾᏍᎩ Ꮎ ᎯᎠ ᎠᏥᎸ-ᎠᏁᎶᎯ ᎤᏂᏣᏛᎩ, ᎥᏝᏰᏃ ᎪᎯᏛ ᎬᏩᎾᏕᏗ ᏱᎨᏎ ᎠᏲᎱᎯᏍᏗ ᎨᏒ ᎢᏳᏍᏗ.
24. ᎯᎠᏍᎩᏂ [ᎠᏍᎦᏯ] ᎠᎵᏍᏆᏗᏍᎩ ᏂᎨᏒᎾ ᏤᎭ ᎤᎶᏏᎲᏍᏗ ᏂᎨᏒᎾ ᎠᏥᎸ-ᎨᎶᎯ ᎨᏒᎢ.
25. ᎾᏍᎩ ᎢᏳᏍᏗ ᏂᎪᎯᎸ ᏰᎵᏉ ᎾᏍᏉ ᏗᎬᏩᏍᏕᎸᏗ ᎾᏍᎩ Ꮎ ᎤᏩᏒ ᎬᏩᎷᎯᏍᏓᏁᎯ ᎤᏁᎳᏅᎯ ᎠᏂᎷᏤᎲᎢ, ᏫᎾᏍᏛᎾᏰᏃ ᎡᎭ ᏧᎵᏍᏗᏰᏓᏁᏗᏱ.
26. ᎾᏍᎩᏰᏃ ᎢᏳᏍᏗ ᎠᏥᎸ-ᎨᎶᎯ ᎢᎩᎵᎶᎲᏍᎩ ᎨᏒᎩ, ᎾᏍᎩ ᎾᏍᎦᏅᎾ, ᎤᏲ ᎢᎬᏩᏓᏛᏁᏗ ᏂᎨᏒᎾ, ᎠᏍᎦᎾ ᏄᏓᏅᎦᎸᎾ, ᎠᏂᏍᎦᎾ ᎠᏁᎲ ᎠᎦᏓᏓᎴᏔᏅᎯ, ᎠᎴ ᎦᎸᎶ ᎤᏗᏗᏢ ᎢᏴᏛ ᎠᏥᏌᎳᏓᏅᎯ;
27. ᎾᏍᎩ Ꮎ ᎤᏚᎸᏗ ᏄᎵᏍᏓᏁᎲᎾ ᏂᏚᎩᏨᏂᏒ ᎠᏥᎸ-ᎤᏪᎳᏍᏗᏱ, ᎾᏍᎩ ᎾᎾᏛᏁᎲ ᏄᏂᎬᏫᏳᏌᏕᎩ ᎠᏥᎸᎠᏁᎶᎯ, ᎢᎬᏱ ᎤᏅᏒ ᎤᏂᏍᎦᏅᏨ ᎠᎫᏴᏙᏗ, ᎢᏉᏃ ᏴᏫ ᎤᏂᏍᎦᏅᏨ ᎠᎫᏴᏙᏗ; ᎾᏍᎩᏰᏃ ᎯᎠ ᏌᏉ ᏄᏛᏁᎴᎢ, ᎾᎯᏳ ᎤᏩᏒ ᎤᏓᎵᏍᎪᎸᏔᏅ.
28. ᏗᎧᎿᎭᏩᏛᏍᏗᏰᏃ ᏴᏫ ᏗᏂᏩᎾᎦᎳ ᏄᏂᎬᏫᏳᏒ ᎠᏥᎸ-ᎠᏁᎶᎯ ᏄᏅᏁᎰᎢ; ᎧᏁᏨᎯᏍᎩᏂ ᎠᏎᎵᏔᏅᎯ ᎠᏍᏓᏱᏗᏍᏔᏅᎯ ᎨᏒᎢ, ᎾᏍᎩ ᏗᎧᎿᎭᏩᏛᏍᏗ ᎤᎵᏁᏨ ᎣᏂ ᏧᎵᏁᏤᎢ, ᎤᏪᏥ [ᎠᏥᎸᎨᎶᎯ] ᏄᏩᏁᎴ ᎾᏍᎩ ᏂᎪᎯᎸ ᎦᎷᎶᎩ ᏂᎨᏒᎾ ᏥᎩ.

== Hebrews 8 ==
1. ᎾᏍᎩᏃ ᎯᎠ ᏥᏗᏃᎮᎭ, ᎯᎠ ᎾᏍᎩ Ꮀ ᏄᎬᏫᏳᏒ ᏂᎦᎵᏍᏗᎭ; ᎾᏍᎩ ᏄᏍᏗ ᎢᎩᎧᎭ ᏄᎬᏫᏳᏒ ᎠᏥᎸ-ᎨᎶᎯ, ᎾᏍᎩ ᎠᎦᏘᏏᏗᏢ ᎦᎸᏉᏗᏳ ᎦᏍᎩᎸ ᎦᎸᎶᎢ ᎤᏪᏅ;
2. ᏧᎸᏫᏍᏓᏁᎯ ᎦᎸᏉᏗᏳ ᏗᎨᏒᎢ ᎠᎴ ᎤᏙᎯᏳᎯ ᏗᎦᎵᏦᏛᎢ, ᎾᏍᎩ ᎤᎬᏫᏳᎯ ᎤᎵᏦᏔᏅᎯ ᎨᏒᎢ, ᎥᏝᏃ ᏴᏫ.
3. ᎾᏂᎥᏰᏃ ᏄᏂᎬᏫᏳᏒ ᎠᏥᎸ-ᎠᏁᎶᎯ ᎨᏥᏁᏤᎸᎯ ᎨᏐ ᏧᎾᎵᏍᎪᎸᏙᏗᏱ ᎠᏓᏁᏗ ᎨᏒ ᎠᎴ ᎠᏥᎸ-ᏗᎨᎳᏍᏙᏗ ᎨᏒᎢ; ᎾᏍᎩ ᎢᏳᏍᏗ ᎯᎠ ᎾᏍᎩ ᎠᏍᎦᏯ ᎾᏍᏉ ᎠᏎ ᎪᎱᏍᏗ ᎤᏲᎯᏍᏗ ᎨᏎ ᎤᎵᏍᎪᎸᏙᏗ.
4. ᎢᏳᏰᏃ ᎡᎶᎯ ᏱᎦᏰᎮᎢ, ᎥᏝ ᎠᏥᎸᎨᎶᎯ ᏱᎦᎨᏎᎢ, ᎢᎠᏁᎭᏰᏃ ᎠᏥᎸ-ᎠᏁᎶᎯ ᎠᏓᏁᏗ ᎨᏒ ᎠᎾᎵᏍᎪᎸᏗᏍᎩ ᏗᎧᎿᎭᏩᏛᏍᏗ ᏂᎬᏅ ᎾᏍᎩᏯᎢ;
5. ᎾᏍᎩ ᎾᎿᎭᏥᏚᏂᎸᏫᏍᏓᏁᎭ ᏗᏟᎶᏍᏔᏅᎯ ᎠᎴ ᎤᏓᏩᏗᏍᏙᏛ ᎦᎸᎳᏗ ᎡᎯ ᎦᎵᏦᏛᎢ, ᎾᏍᎩᏯ [ᎤᏁᎳᏅᎯ] ᎼᏏ ᏧᏁᏤᎴ ᎾᎯᏳ ᎦᎵᏦᏙᏗ ᏨᏗᎪᏢᏂᏎᎢ; ᎭᎦᏌᏯᏍᏔᏅᎭ ᏧᏛᏁᎢ, ᏕᎰᏢᏍᎬ ᏂᎦᏛ ᏧᏓᎴᏅᏛ ᎾᏍᎩᏯ ᏗᏟᎶᏍᏙᏗ ᎠᎲ ᎾᏍᎩ ᏤᏣᎾᏄᎪᏫᏎᎸ ᎣᏓᎸ ᏅᏁᎸᎭ.
6. ᎾᏍᎩᏃ ᏥᏄᏍᏗ ᎪᎯ ᎨᏒ ᎤᏟ ᎢᎦᎸᏉᏗ ᏗᎦᎸᏫᏍᏓᏁᏗ ᎨᏒ ᎤᏩᏛᎲ, ᏅᏗᎦᎵᏍᏙᏗᎭ ᎠᏰᎵ ᎠᎴᎲᏍᎩ ᎨᏒ ᎤᏟ ᎢᏲᏍᏛ ᎧᏃᎮᏛ ᏓᏠᎯᏍᏛ ᎤᎬᏩᎸᎢ, ᎾᏍᎩ ᎤᏟ ᎢᏲᏍᏛ ᏓᏚᎢᏍᏛ ᏧᎵᏍᏓᏱᏍᏗ.
7. ᎢᏳᏰᏃ ᎢᎬᏱᏱ ᎧᏃᎮᏛ ᏓᏠᎯᏍᏛ ᎦᎫᎯᏍᏙᏗ ᏂᎨᏒᎾ ᏱᎨᏎᎢ, ᎥᏝ ᏅᏩᏓᎴ ᎧᏃᎮᏛ ᏗᏠᎯᏍᏙᏗᏱ ᏱᎬᏩᏂᏔᏲᎴᎢ.
8. ᎡᏍᎦᏰᏃ ᎤᏰᎸᏅ ᎯᎠ ᏂᏚᏪᏎᎴᎢ, ᎬᏂᏳᏉ, ᏛᏍᏆᎸᎯ, ᎠᏗᎭ ᎤᎬᏫᏳᎯ, ᎾᏍᎩ ᎢᏤ ᎧᏃᎮᏛ ᏗᎦᏥᏯᏠᎢᏍᏓᏁᏗᏱ ᎢᏏᎵ ᏏᏓᏁᎸᎯ ᎨᏒ ᎠᎴ ᏧᏓ ᏏᏓᏁᎸᎯ ᎨᏒᎢ.
9. ᎥᏝ ᎾᏍᎩᏯ ᎧᏃᎮᏛ ᏕᎦᏥᏯᏠᎢᏍᏓᏁᎸ ᏧᏂᎦᏴᎵᎨᎢ, ᎾᎯᏳ ᎦᏂᏲᏯᏁᏒ ᎦᏥᏄᎪᏫᏍᏗᏱ ᎢᏥᏈᏱ ᎦᏓ ᎠᎲᎢ; ᎥᏝᏰᏃ ᏳᏂᏍᏆᏂᎪᏔᏁ ᎧᏃᎮᏛ ᏕᎦᏥᏯᏠᎢᏍᏓᏁᎸᎢ, ᎠᎴ ᎠᏴ ᎥᏝ ᏱᎦᏥᏯᎦᏌᏯᏍᏔᏁᎢ, ᎠᏗᎭ ᎤᎬᏫᏳᎯ.
10. ᎯᎠᏰᏃ ᎾᏍᎩ ᏄᏍᏕᏍᏗ ᎧᏃᎮᏛ ᏙᏓᎦᏥᏯᏠᎢᏍᏓᏁᎵ ᎢᏏᎵ ᏏᏓᏁᎸᎯ ᎨᏒ ᎾᎯᏳ ᎦᎶᏐᏅᎭ ᎠᏗᎭ ᎤᎬᏫᏳᎯ; ᏚᎾᏓᏅᏛ ᏓᏓᏥᎳᏂ ᏗᏆᏤᎵ ᏗᎧᎿᎭᏩᏛᏍᏗ, ᎠᎴ ᏧᏂᎾᏫᏱ ᏙᏓᎪᏪᎳᏂ; ᎠᎴ ᎠᏴ ᎦᏥᏯᏁᎳᏅᎯ ᎨᏎᏍᏗ, ᎤᏅᏒᏃ ᏗᏆᏤᎵ ᏴᏫ ᎨᏎᏍᏗ;
11. ᎥᏝ ᎠᎴ ᎩᎶ ᎠᏏᏴᏫ ᎨᏒ ᎾᎥ ᎢᏧᎾᏓᎵ, ᎠᎴ ᏗᎾᏓᏅᏟ ᎨᏒ ᏱᎨᏲᎲᏍᎨᏍᏗ, ᎯᎠ ᏱᏂᎦᏪᏍᎨᏍᏗ, ᎯᎦᏙᎥᎯ ᎤᎬᏫᏳᎯ; ᎾᏂᎥᏉᏰᏃ ᎬᎩᎦᏔᎯᏳ ᎨᏎᏍᏗ, ᎤᏍᏗᎧᏂ ᎡᎲ ᏅᏓᎬᏩᏓᎴᏅᏛ, ᎤᏟ ᎢᏯᏥᎸᏉᏗ ᎡᎲ ᏫᎬᏍᏗ.
12. ᏓᎦᏥᏯᏙᎵᏥᏰᏃ ᎤᏣᏘᏂ ᏄᎾᏛᏁᎸᎢ, ᎤᏂᏍᎦᏅᏨᏃ ᎠᎴ ᎤᏲ ᏄᎾᏛᏁᎵᏙᎸ ᎥᏝ ᎿᎭᏉ ᎠᏆᏅᏓᏗᏍᏗ ᏱᎨᏎᏍᏗ.
13. ᎾᏍᎩᏃ ᏌᏉ ᎢᏤ ᏥᎪᏎᎭ, ᏐᎢ ᎤᏪᏘ ᏂᎬᏁᎭ. ᎪᎱᏍᏗᏰᏃ ᎤᏪᏘ ᎢᎬᏁᎸᎯ ᎠᎴ ᎤᏪᏔᏨᎯ ᏥᎨᏐ, ᎤᏲᏥᏕᏅ ᎨᏐᎢ.

== Hebrews 9 ==
1. ᎠᎴᏬ ᎤᏙᎯᏳᎯ ᎢᎬᏱᏱ ᎧᏃᎮᏛ ᏓᏠᎯᏍᏛ ᏗᎧᎿᎭᏩᏛᏍᏗ ᏕᎪᏢᏒᎩ ᎤᏁᎳᏅᎯ ᎤᏤᎵ ᏗᎦᎸᏫᏍᏓᏁᏗ ᎤᎬᏩᎵ, ᎠᎴ ᎡᎶᎯ ᎡᎯ ᎦᎸᏉᏗᏳ ᎦᎵᏦᏛᎢ.
2. ᎦᎵᏦᏙᏗᏰᏃ ᎤᏃᏢᏁᎢ, ᎦᎸᏉᏗᏳ ᎨᏒ ᏣᏃᏎᎮᎢ, ᎾᎿᎭᎢᎬᏱᏱ ᏓᏓᎯᏛᎢ, ᏥᎦᎧᎮ ᎠᏨᏍᏙᏗ ᎦᎪᏗᏱ, ᎠᎴ ᎦᏍᎩᎶᎢ, ᎠᎴ ᎾᎿᎭᏣᏝᎮ ᎠᎦᏙᏗ ᎦᏚ;
3. ᏔᎵᏁᏃ ᎠᏰᏙᎳᏛ ᎤᏗᏗᏢ ᎯᎠ ᎾᏍᎩ ᎦᎵᏦᏛᎢ ᎤᏟ ᎢᎦᎸᏉᏗ ᏣᏃᏎᎮᎢ;
4. ᎾᏍᎩ ᎾᎿᎭᏣᎮ ᎪᎱᏍᏗ ᎬᏙᏗ ᎠᏕᎸ-ᏓᎶᏂᎨ ᎪᏢᏔᏅᎯ ᎦᏩᏒᎩ ᎠᏥᎸᎨᎳᏍᏗ ᎦᎶᏗ, ᎠᎴ ᎾᎿᎭᏥᏥᏰ ᎦᏁᏌᎢ ᏗᎧᎿᎭᏩᏛᏍᏗ ᏗᎦᎶᏗᏱ ᎠᏕᎸ-ᏓᎶᏂᎨ ᎫᏢᏔᏃᏅᎯ ᏥᎨᏎᎢ, ᎾᎿᎭᏂ ᏥᎦᎴ ᎠᏕᎸ-ᏓᎶᏂᎨ ᎪᏢᏔᏅᎯ ᎠᏖᎵᏙ ᎹᎾ ᏥᎦᎶᏕᎢ, ᎠᎴ ᎡᎳᏂ ᎤᏙᎳᏅᏍᏙᏗ ᏣᏥᎸᏍᎨᎢ, ᎠᎴ ᏅᏯ ᏗᏯᏖᏅ ᎾᎿᎭᏥᎪᏪᎴ ᎧᏃᎮᏛ ᏓᏠᎯᏍᏛᎢ.
5. ᎠᎴ [ᎦᏁᏌᎢ] ᏥᏴ ᎦᎸᎳᏗᏢ ᎠᏂᎩᎷᏫ ᎦᎸᏉᏗᏳ ᎢᏯᏅᏁᎯ, ᎾᏍᎩ ᏧᏄᏢᏕ ᎦᏁᏌᎢ ᎫᏢᏗ; ᎾᏍᎩ ᎤᎬᏩᎵ ᎥᏝ ᎪᎯ ᎨᏒ ᏂᎦᏛ ᎦᏁᎢᏍᏙᏗ ᏱᎩ.
6. ᎯᎠᏃ ᎾᏍᎩ ᎣᏍᏛ ᎢᎬᏁᎰᏅᎯ ᎨᏎᎢ, ᎠᏥᎸ-ᎠᏁᎶᎯ ᏂᎪᎯᎸ ᏩᏂᏴᎯᎮ ᎢᎬᏱᏱ ᏓᏓᎯᏢ ᎦᎵᏦᏛᎢ, ᏫᏚᏂᎸᏫᏍᏓᏁᎮ [ᎤᏁᎳᏅᎯ] ᎤᏤᎵ ᎤᎬᏩᎵ.
7. ᏔᎵᏁᏍᎩᏂ ᏫᎦᎵᏦᏛ ᏄᎬᏫᏳᏒ ᎠᏥᎸ-ᎨᎶᎯ ᎤᏩᏒ ᏌᏉ ᏫᎾᏴᎯᎮ ᏂᏓᏕᏘᏴᎯᏒᎢ, ᎥᏝ ᎠᎴ ᎩᎬ ᏂᎦᏁᏤᎲᎾ ᏱᎨᏎᎢ, ᎾᏍᎩ ᎤᏩᏒ ᎤᏍᎦᏅᏨ ᎠᎫᏴᏙᏗ, ᎠᎴ ᎤᏂᏣᏘ ᏴᏫ ᎤᏂᏍᎦᏅᏨ ᎠᎫᏴᏙᏗ.
8. ᎾᏍᎩ ᎦᎸᏉᏗᏳ ᎠᏓᏅᏙ ᎯᎠ ᏄᏍᏕ ᎬᏂᎨᏒ ᏂᎬᏁᎮᎢ, ᎾᏍᎩ Ꮎ ᎤᏟ ᎢᎦᎸᏉᏗ ᏗᎨᏒ ᏫᎦᏅᏅ ᎠᏏ ᎬᏂᎨᏒ ᎢᎬᏁᎸᎯ ᏂᎨᏒᎾ ᎨᏒᎢ, ᎠᏏᏉ ᏥᏂᎬᏩᏍᏕ ᎢᎬᏱᏱ ᎦᎵᏦᏛᎢ;
9. ᎾᏍᎩ ᎦᎵᏦᏛ ᏗᏟᎶᏍᏔᏅᎯᏉ ᏥᎨᏎ ᎾᎯᏳ ᎨᏒᎢ, ᎾᎿᎭᏂ ᏥᏓᎾᎵᏍᎪᎸᏗᏍᎨ ᎠᏓᏁᏗ ᎨᏒ ᎠᎴ ᎾᏍᏉ ᎠᏥᎸ-ᎨᎳᏍᏙᏗ, ᎾᏍᎩ Ꮎ ᎢᏳᏛᏁᎸᎯ ᏰᎵ ᎾᏍᎦᏅᎾ ᎢᎬᏩᏁᏗ ᏂᎨᏒᎾ ᏥᎨᏎ ᎠᏓᏅᏙ ᎤᎬᏩᎵ ᎨᏒᎢ;
10. ᎾᏍᎩ ᏗᎵᏍᏓᏴᏗᏱᏉ ᎨᏒ ᎠᎴ ᎠᏗᏔᏍᏗᏱᏉ ᎨᏒ ᎠᎴ ᏗᎪᏑᎴᏗᏱ ᎨᏒᎢ, ᎠᎴ ᏗᎧᎿᎭᏩᏛᏍᏗ ᎤᏇᏓᎵᏉ ᎨᏒ ᏧᎬᏩᎴᎢ, ᎾᏍᎩ ᎢᏳᎾᏛᏁᏗ ᏥᏂᎨᎬᏁᎴ ᎤᏓᏁᏟᏴᏍᏗ ᎨᏒ ᎤᎵᏰᎢᎶᎯᏍᏗ ᎨᏒ ᎢᎪᎯᏛ.
11. ᎦᎶᏁᏛᏍᎩᏂ ᎤᎷᏨᎯ ᏥᎩ ᏄᎬᏫᏳᏒ ᎠᏥᎸ-ᎨᎶᎯ ᎢᏳᎵᏍᏔᏅᎯ ᏧᎸᏫᏍᏓᏁᏗᏱ ᎣᏍᏛ ᎨᏒ ᎤᎬᏩᎵ ᎤᎵᏰᎢᎶᎯᏍᏗ ᏥᎨᏒᎩ, ᎾᏍᎩ ᎬᏗᏍᎬ ᎢᏟ ᎢᎦᎸᏉᏗ ᎠᎴ ᏂᎦᎷᎶᏥᏙᎲᎾ ᎦᎵᏦᏛᎢ, ᎩᎶ ᏧᏬᏰᏂ ᏧᏮᏔᏅᎯ ᏂᎨᏒᎾ ᎤᏬᏢᏅᎯ, ᎾᏍᎩ ᏯᏛᏅ, ᎠᏁᎳᏅᎯ ᏂᎨᏒᎾ ᎨᏒᎢ,
12. ᎥᏝ ᎠᎴ ᏴᏫ ᏗᏂᎭᏄᎸᎯ ᎠᎴ ᏩᎦ ᎠᏂᎩᎾ ᎤᏂᎩᎬ ᎬᏗᏍᎬᎢ, ᎤᏩᏒᏍᎩᏂ ᎤᎩᎬ ᎬᏗᏍᎬᎢ, ᏌᏉ ᏄᏴᎴ ᎦᎸᏉᏗᏳ ᏗᎨᏒᎢ, ᎿᎭᏉ ᎾᏍᎩ ᏫᎾᏍᏛᎾ ᎠᎫᏴᏙᏗ ᎢᎩᏩᏛᎡᎸ.
13. ᎢᏳᏰᏃ ᏩᎦ ᏧᎾᎪᏅᏍᏓᎵ ᎤᏂᎩᎬ, ᎠᎴ ᎠᏫ ᏗᏂᎭᏄᎸᎯ ᎤᏂᎩᎬ, ᎠᎴ ᏩᎦ ᎠᎩᏏ ᎤᎪᏅᎯ ᎪᏍᏚ ᏕᎨᏥᏆᏲᎥᏍᎬ ᎠᏂᎦᏓᎭ, ᎾᏂᏍᎦᏅᎾ ᎢᎬᏩᏅᏁᏗ ᏱᎩ ᎾᏍᎩ ᎤᏂᏇᏓᎸ ᎤᎬᏩᎵ ᎨᏒᎢ.
14. ᎢᎳᎪ ᎢᏴᏛ ᎢᎦᎢ ᎤᏟᎯᏳ ᎦᎶᏁᏛ ᎤᎩᎬ, ᏗᏣᏓᏅᏙ ᏙᏓᏥᏅᎦᎸᎡᎵ ᏙᏓᏥᎧᎲᏏ ᎠᏓᎯᎯ ᏕᏥᎸᏫᏍᏓᏁᎲᎢ, ᎬᏂᏛᏃ ᎤᏁᎳᏅᎯ ᏤᏣᏁᎶᏙᏗᏱ ᏅᏓᏨᏁᎵ ᎾᏍᎩ ᏫᎾᏍᏛᎾ ᎡᎯ ᎠᏓᏅᏙ ᎬᏗᏍᎬ ᏄᏓᏅᎦᎸᎾ [ᎠᏍᎦᎾ,] ᎦᎶᏁᏛ ᎤᏩᏒ ᎤᏓᎵᏍᎪᎸᏔᏅᎯ ᏥᎩ ᎤᏁᎳᏅᎯ ᎤᏓᎵᏍᎪᎸᏓᏁᎸᎯ ᏥᎩ?
15. ᎾᏍᎩ ᎢᏳᏍᏗ ᎠᏰᎵ ᎠᎴᎲᏍᎩ ᏂᎦᎵᏍᏗᎭ ᎢᏤ ᎧᏃᎮᏛ ᏓᏠᎯᏍᏛᎢ, ᎾᏍᎩ ᎤᏲᎱᏒᎯ ᎨᏒ ᎬᏗᏍᎬ ᏗᎬᏭᏓᎴᏍᏗ ᎢᏳᏓᏍᏙᏗᏱ ᎢᎬᏱᏱ ᎧᏃᎮᏛ ᏓᏠᎯᏍᏛ ᎤᏂᏲᏍᏔᏅᎢ, ᎾᏍᎩ ᎨᏥᏯᏅᏛ ᏥᎩ ᎤᎾᏤᎵ ᎢᏳᎵᏍᏙᏗᏱ ᎠᏚᎢᏍᏛ ᏫᎾᏍᏛᎾ ᎤᎾᏘᏯᏍᏓᏁᏗ ᎨᏒᎢ;
16. ᎧᏃᎮᏛᏰᏃ ᏗᏠᎯᏍᏔᏅᎯ ᏥᎨᏐᎢ, ᎠᏎ ᎠᎯᏍᏗ ᎨᏐ ᎠᏍᏓᏱᏗᏍᎩ ᎧᏃᎮᏛ ᏓᏠᎯᏍᏛᎢ.
17. ᎧᏃᎮᏛᏰᏃ ᏓᏠᎯᏍᏛ ᎠᏍᏓᏱᏳ ᎨᏐ ᎠᎵᏍᎪᎸᏙᏗ ᎨᏒ ᎠᎸᎯ ᏥᎨᏐᎢ; ᎥᏝ ᎠᎴ ᎠᏍᏓᏱᏛᎯ ᏱᎨᏐ ᎠᎵᏍᎪᎸᏙᏗ ᎠᏏᏉ ᏥᎬᏃᎢ.
18. ᎾᏍᎩ ᎢᏳᏍᏗ ᎢᎬᏱᏱ ᎧᏃᎮᏛ ᏗᏠᎯᏍᏔᏅᎯ ᎨᏒ ᎥᏝ ᎠᏍᏓᏱᏛᎯ ᏱᎨᏎ ᎩᎬ ᎬᏔᏅᎾ ᏂᎨᏒᎾ ᏱᎩ.
19. ᎼᏏᏰᏃ ᏂᎦᏛ ᏗᎧᎿᎭᏩᏛᏍᏗ ᏂᎦᏪᏍᎬ ᏚᎾᏄᎪᏫᏎᎸ ᏴᏫ ᎾᏍᎩᏯ ᏂᎬᏅ ᏗᎧᎿᎭᏩᏛᏍᏗ, ᏩᎦ ᎠᏂᎩᎾ ᎤᏂᎩᎬ ᎠᎴ ᎠᏫ ᏗᏂᎭᏄᎸᎯ ᎤᏂᎩᎬ ᎤᏁᎩᏎᎢ, ᎠᎴ ᎠᎹ ᎠᎴ ᎤᏩᏅ ᎩᎦᎨᎢ, ᎠᎴ ᏗᏐᏈ, ᏚᏍᏚᏞᏃ ᎪᏪᎵ ᎠᎴ ᎾᏂᎥ ᏴᏫ.
20. ᎯᎠ ᏂᏪᏍᎨᎢ, ᎯᎠ ᎾᏍᎩ ᎩᎬ, ᎧᏃᎮᏛ ᏓᏠᎯᏍᏛ ᎠᏍᏓᏱᏗᏍᎩ ᎾᏍᎩ ᎤᏁᎳᏅᎯ ᏥᏥᏁᏤ ᏗᏥᎧᎿᎭᏩᏛᏍᏗᏱ.
21. ᎠᎴ ᎾᏍᏉ ᎩᎬ ᏚᏍᏚᏟᏍᏔᏁ ᎦᎵᏦᏛᎢ, ᎠᎴ ᏂᎦᏛ ᎪᎱᏍᏗ ᏗᎬᏔᏂᏓᏍᏗ ᏚᏂᎸᏫᏍᏓᏁᎲᎢ.
22. ᎠᎴ ᏂᎦᎥᏉ ᎢᏳᏍᏗ ᏗᎧᎿᎭᏩᏛᏍᏗ ᏂᎬᏅ ᎩᎬ ᎦᏅᎦᎸᏙᏗ ᎨᏒᎩ; ᎠᎴ ᎩᎬ ᎠᏨᏅᎯ ᏂᎨᏒᎾ ᏱᎩ, ᎠᏍᎦᏅᏨ ᎥᏝ ᏴᎦᏴᏓᏗᏙᎵᎩ.
23. ᎾᏍᎩ ᎢᏳᏍᏗ ᎤᏚᎸᏗ ᏂᎦᎵᏍᏗᏍᎬᎩ ᎯᎠ ᎾᏍᎩ ᏂᎦᏛ ᏄᏍᏗᏓᏅ ᎦᎸᎳᏗ ᏤᎯ ᏗᏟᎶᏍᏔᏅᎯ ᎨᏒ ᏗᎦᏅᎦᎸᏙᏗᏱ ᎯᎠ ᎾᏍᎩ (ᏗᎵᏍᎪᎸᏙᏗ,) ᎦᎸᎳᏗᏍᎩᏂ ᏤᎯ ᎨᏒ ᎾᏲᎪ ᎤᏟ ᎢᏗᎦᎸᏉᏗ ᏗᎵᏍᎪᎸᏔᏅᎯ ᏗᎦᏅᎦᎸᏙᏗ.
24. ᎦᎶᏁᏛᏰᏃ ᎥᏝ ᏱᏭᏴᎸ ᎦᎸᏉᏗᏳ ᏕᎨᏒᎢ ᎩᎶ ᏧᏬᏰᏂ ᏧᏮᏔᏅᎯ ᏧᏬᏢᏅᎯ ᎨᏒᎢ, ᎾᏍᎩ ᎤᏙᎯᏳᎯ (ᎦᎸᏉᏗᏳ ᎨᏒ) ᏗᏟᎶᏍᏔᏅᎯ ᎨᏒᎢ; ᎦᎸᎳᏗᏍᎩᏂ ᏂᎨᏒ ᏭᏴᎸ, ᎪᎯ ᎨᏒ ᎤᏁᎳᏅᎯ ᎠᎦᏔᎲ ᎬᏂᎨᏒ ᎢᎦᏛᏁᏗᏱ;
25. ᎠᎴ ᎥᏝ ᎤᏚᎸᏗ ᏂᎦᎵᏍᏗᏍᎬ ᎢᏳᏍᏗ ᎢᏴᏛᎭᏉ ᎤᏓᎵᏍᎪᎸᏙᏗᏱ, ᎾᏍᎩᏯ ᏂᏓᏕᏘᏴᎮᎬ, ᎪᎱᏍᏗ ᎤᏂᎩᎬ ᎬᏗ ᏄᎬᏫᏳᏒ ᎠᏥᎸ-ᎨᎶᎯ ᏥᎾᏛᏁᎮ ᎦᎸᏉᏗᏳ ᎨᏒ ᏥᏩᏴᎯᎮᎢ;
26. ᎢᏳᏰᏃ ᎾᏍᎩ ᏱᏄᏍᏕᎢ ᎿᎭᏉ ᎤᏣᏘ ᎠᏎ ᎢᏳᎩᎵᏲᏨᎯ ᏱᏂᎦᎵᏍᏗᏍᎨ ᎡᎶᎯ ᏧᏙᏢᏅ ᏅᏓᎬᏩᏓᎴᏅᏛ; ᎪᎯᏍᎩᏂ ᎨᏒ ᎤᏩᏒ ᎠᏓᎵᏍᎪᎸᏗᏍᎬ ᎠᏍᎦᏂ ᎨᏒ ᎠᎲᏍᎬᎢ ᏌᏉ ᎬᏂᎨᏒ ᏄᏓᏛᏁᎸ ᎤᎵᏍᏆᎸᏗ ᏕᎨᏌᏗᏒᎢ.
27. ᎠᎴ ᏧᎦᎪᏔᏅᎯ ᏥᎩ ᏴᏫ ᏌᏉ ᎢᏧᏂᏲᎯᏍᏗᏱ, ᎣᏂᏃ ᏗᎫᎪᏙᏗ ᎢᎦ ᎨᏒᎢ;
28. ᎾᏍᎩᏯ ᎾᏍᏉ ᎦᎶᏁᏛ ᏌᏉ ᎢᏯᎦᎵᏍᎪᎸᏔᏅᎯ ᎤᎩᏍᏗᏱ ᎤᏂᏣᏘ ᎨᏒ ᎤᏂᏍᎦᏅᏨᎢ; ᎾᏍᎩᏃ Ꮎ ᎬᏩᎦᏖᏃᎯ ᎨᏒ ᏔᎵᏁ ᎬᏂᎨᏒ ᏂᏙᏛᎠᏛᏁᎵ ᏧᏍᏕᎸᏗᏱ, ᎠᏍᎦᏂ ᎠᎫᏴᏙᏗ ᎾᏰᎲᎾ

== Hebrews 10 ==
1. ᏗᎧᎿᎭᏩᏛᏍᏗᏰᏃ ᎣᏍᏛ ᎤᎵᏰᎢᎶᎯᏍᏗ ᎨᏒ ᎤᏓᏩᏗᏍᏙᏛ ᏧᏪᎲᎩ, ᎠᎴ ᎠᎧᎵᎢ ᏗᏟᎶᏍᏔᏅᎯ ᏂᎨᏒᎾ ᏥᎨᏒᎩ, ᎥᏝ ᏰᎵᎦ, ᎾᏍᎩ ᏗᏓᏍᎪᎸᏙᏗ ᏓᏅᏗᏍᎬ, ᏂᏓᏕᏘᏴᎯᏒ ᏂᎪᎯᎸ ᏥᏓᎾᎵᏍᎪᎸᏗᏍᎨᎢ ᎾᎿᎭᎠᏂᎷᎩ ᏄᏂᎪᎸᎾ ᎢᎬᏩᏅᏁᏗ ᏱᎨᏎᎢ.
2. ᎢᏳᏰᏃ ᏰᎵᏉ ᏱᎨᏎᎢ, Ꮭ ᏱᎬᏩᏂᏲᎯᏍᏔᏁ ᏧᎾᎵᏍᎪᎸᏗᏍᎬᎢ; ᎠᎾᎵᏍᎪᎸᏗᏍᎩᏰᏃ ᎨᏒ ᏌᏉ ᏱᏄᎾᏓᏅᎦᎸᎮ ᎥᏝ ᎿᎭᏉ ᎠᏂᏍᎦᎾ ᏱᎬᏩᏂᏰᎸᏎᎢ.
3. ᎾᏍᎩᏍᎩᏂ Ꮎ ᏓᎾᎵᏍᎪᎸᏗᏍᎬᎢ, ᏂᏓᏕᏘᏴᎯᏒ ᎤᎾᏅᏓᏗᏏᏐᏗᏉ ᏂᎦᎵᏍᏗᏍᎪ ᎤᏂᏍᎦᏅᏨᎢ.
4. ᎥᏝᏰᏃ ᏩᎦ ᏧᎾᎪᏅᏍᏓᎵ ᎠᎴ ᎠᏫ ᏗᏂᎭᏄᎸᎯ ᎤᏂᎩᎬ ᏰᎵ ᎬᏩᏂᎲᏍᏗ ᏱᎨᏎ ᎠᏍᎦᏂ ᎨᏒᎢ.
5. ᎾᏍᎩ ᎢᏳᏍᏗ (ᎦᎶᏁᏛ) ᎡᎶᎯ ᎤᎾᏄᎪᏥᎸ, ᎯᎠ ᏄᏪᏎᎢ, ᎠᏥᎸ-ᎨᎳᏍᏙᏗ ᎠᎴ ᎢᎵᏍᎪᎸᏙᏗ ᎨᏒ ᎥᏝ ᏰᎵ ᏱᏗᏣᏰᎸᏁᎢ, ᎠᏰᎸᏍᎩᏂ ᏍᏆᏛᏅᎢᏍᏓᏁᎸ.
6. ᏧᏃᏍᏛ ᎠᏥᎸ-ᏗᎨᎳᏍᏙᏗ ᎠᎴ ᏗᎵᏍᎪᎸᏙᏗ ᎠᏍᎦᏂ ᎠᎫᏴᏙᏗ ᎥᏝ ᎣᏏᏳ ᏱᏗᏣᏰᎸᏁᎢ;
7. ᎿᎭᏉᏃ ᎯᎠ ᎾᎩᏪᏒᎩ, ᎬᏂᏳᏉ ᏥᎷᎩ, [ᎪᏪᎵᎯ ᎪᏪᎳ ᎥᎩᏃᎮᏍᎬᎢ,] [ᏥᎷᎩ] ᏄᏍᏛ ᏣᏚᎵᏍᎬ ᎢᏯᏆᏛᏁᏗ Ᏹ, ᏣᏁᎳᏅᎯ.
8. ᎦᏳᎳ ᎯᎠ ᎢᏳᏪᏛ ᏥᎩ, ᎠᏥᎸᎨᎳᏍᏙᏗ ᎠᎴ ᎠᎵᏍᎪᎸᏙᏗ, ᎠᎴ ᏧᏃᏍᏗ ᎠᏥᎸ-ᏗᎨᎳᏍᏙᏗ, ᎠᎴ ᏗᎵᏍᎪᎸᏙᏗ ᎠᏍᎦᏂ ᎠᎫᏴᏙᏗ, ᎥᏝ ᏰᎵ ᏱᏗᏣᏰᎸᏁᎢ, ᎥᏝ ᎠᎴ ᎣᏏᏳ ᏱᏗᏣᏰᎸᏁᎢ; ᎾᏍᎩ ᏗᎧᎿᎭᏩᏛᏍᏗ ᎾᏍᎩᏯ ᏂᎬᏅ ᏗᎵᏍᎪᎸᏔᏅᎯ ᏥᎨᏎᎢ;
9. ᎿᎭᏉ ᎯᎠ ᏄᏪᏎᎢ, ᎬᏂᏳᏉ, ᏥᎷᎩ ᏄᏍᏛ ᏣᏚᎵᏍᎬ ᎢᏯᏆᏛᏁᏗᏱ ᏣᏁᎳᏅᎯ. ᎢᎬᏱᏱ [ᎤᏁᎢᏍᏔᏅ] ᎠᏲᏍᏗᎭ, ᎾᏍᎩ ᏔᎵᏁ [ᎤᏁᎢᏍᏔᏅ] ᎤᏍᏓᏱᏗᏍᏗᏱ.
10. [ᎤᏁᎳᏅᎯᏰᏃ] ᎣᏏᏳ ᎤᏰᎸᏗ ᎡᎩᏅᎦᎸᏗᏱ ᏥᏌ ᎦᎶᏁᏛ ᎠᏰᎸ ᏌᏉ ᎢᏯᎵᏍᎪᎸᏔᏅᎯ ᎨᏒ ᎢᏳᏩᏂᏌᏛ.
11. ᎠᎴ ᎾᏂᎥ ᎠᏥᎸ-ᎠᏁᎶᎯ ᏓᏂᏙᎨ ᏚᏂᎸᏫᏍᏓᏁᎮ ᏂᏓᏙᏓᏈᏒᎢ, ᎠᎴ ᏂᎪᎯᎸ ᎤᏠᏱᏉ ᎠᏥᎸ-ᏗᎨᎳᏍᏙᏗ ᏧᎾᎵᏍᎪᎸᏗᏍᎨᎢ, ᎾᏍᎩ ᎠᏍᎦᏂ ᎨᏒ ᎢᎸᎯᏳ ᏰᎵ ᎬᏩᎲᏍᏗ ᏂᎨᏒᎾ ᎨᏒᎢ.
12. ᎯᎠᏍᎩᏂ ᎠᏍᎦᏯ ᏌᏉ ᎢᏳᎵᏍᎪᎸᏔᏅᎯ ᎨᏎ ᎠᏥᎸ-ᎨᎳᏍᏙᏗ ᎠᏍᎦᏂ ᎠᎫᎪᏙᏗ, ᎤᏪᏁ ᎤᎵᏍᏆᏗᏍᏗ ᏂᎨᏒᎾ ᎠᎦᏗᏏᏗᏢ ᎤᏁᎳᏅᎯ ᎤᏬᎸᎢ;
13. ᎠᎴ ᎿᎭᏉ ᏂᎪᎯᎸ ᎠᎦᏘᏯ ᎬᏂ ᎬᏩᏍᎦᎩ ᏧᎳᏏᏗᏱ ᎦᏍᎩᎶ ᏂᎨᎬᏁᎸᎭ.
14. ᏌᏉᏰᏃ ᎢᏳᎵᏍᎪᎸᏔᏅᎯ ᎨᏒ ᎤᏮᏔᏅ ᎤᎵᏍᏆᏗᏍᏗ ᏂᎨᏒᎾ ᏄᏂᎪᎸᎾ ᏂᏚᏩᏁᎸ ᎾᏍᎩ Ꮎ ᎾᏂᏍᎦᏅᎾ ᎢᎨᎬᏁᎸᎯ.
15. ᎠᎴ ᎾᏍᏉ ᎦᎸᏉᏗ ᎠᏓᏅᏙ ᎣᎪᎯᏳᏓᏁᎯ; ᎦᏳᎳᏰᏃ ᎯᎠ ᎾᏍᎩ ᎢᏳᏪᏛ ᏂᎨᏐᎢ,
16. ᎯᎠ ᎾᏍᎩ ᏄᏍᏕᏍᏗ ᎧᏃᎮᏛ ᏙᏓᎦᏥᏯᏠᎢᏍᏓᏁᎵ ᎾᎯᏳ ᎦᎶᏐᏅᎭ ᎠᏗᎭ ᎤᎬᏫᏳᎯ; ᏗᏆᏤᎵ ᏗᎧᎿᎭᏩᏛᏍᏗ ᏧᏂᎾᏫᏱ ᏙᏓᏥᎳᏂ, ᎠᎴ ᏚᎾᏓᏅᏛ ᏙᏓᎪᏪᎳᏂ.
17. ᎠᎴ ᎤᏂᏍᎦᏅᏨ ᎠᎴ ᎤᏲ ᏄᎾᏛᏁᎵᏙᎸ ᎥᏝ ᎿᎭᏉ ᎠᏆᏅᏓᏗᏍᏗ ᏱᎨᏎᏍᏗ.
18. ᎾᏍᎩᏃ ᎯᎠ ᎾᏍᎩ ᎠᏍᎦᏅᏨᎯ ᎨᏒ ᎦᏴᏓᏗᏁᎸᎯ ᏱᎩ, ᎥᏝ ᎿᎭᏉ ᎠᏍᎦᏂ ᎠᎫᏴᏙᏗ ᎠᎵᏍᎪᎸᏙᏗ ᏱᏂᎦᎵᏍᏗᎭ.
19. ᎾᏍᎩ ᎢᏳᏍᏗ, ᎢᏓᎵᏅᏟ, ᏂᏗᎾᏰᏍᎬᎾ ᏫᎨᎩᏴᏍᏗ ᏥᏄᎵᏍᏔᎤ ᎤᏟ ᎢᎦᎸᏉᏗᎨᏒ ᏥᏌ ᎤᎩᎬ ᎢᏳᏩᏂᏌᏅᎯ.
20. ᎾᏍᎩ Ꮎ ᎢᏤ ᎠᎴ ᎬᏂᏛ ᎠᏓᏁᎯ ᎦᏅᏅ ᎬᏔᏅᎯ, ᎾᏍᎩ ᎢᎩᏍᏓᏱᏕᎸᎯ ᏥᎩ ᎠᏰᏙᎳᏛ ᎤᎶᏒᎢ, ᎾᏍᎩ ᎤᏇᏓᎸ ᏥᎦᏛᎦ;
21. ᎠᎴ [ᏥᎩᎧᎭ] ᏄᎬᏫᏳᏌᏕᎩ ᎠᏥᎸ-ᎨᎶᎯ ᎤᏁᎳᏅᎯ ᎤᏤᎵ ᎠᏓᏁᎸ ᎤᎦᏌᏯᏍᏗᏕᎩ;
22. ᎾᎥ ᎢᏗᎷᎨᏍᏗ ᎢᏛᏗᏍᎨᏍᏗ ᏄᏠᎾᏍᏛᏅ ᏗᎩᎾᏫ, ᎠᎴ ᎤᎵᏂᎩᏛ ᎪᎯᏳᏗ ᎨᏒᎢ, ᎠᎴ ᏗᎩᎾᏫ ᏤᎩᏍᏚᏞᎸᎯ ᏤᎩᏅᎦᎸᎯ ᎤᏲ ᎠᏓᏅᏖᏗ ᎨᏒᎢ, ᎠᎴ ᏗᏗᏰᎸ ᎦᏓᎭ ᏂᎨᏒᎾ ᎠᎹ ᏤᎪᏑᎴᏓᏁᎸᎯ.
23. ᎠᏍᏓᏯ ᏕᎩᏂᏴᏎᏍᏗ ᎬᏂᎨᏒ ᏂᎬᏁᎸ ᎤᏚᎩ ᎢᎬᏒ ᏂᎦᏜᏓᏏᏛᎡᎲᎾ; ᏄᏓᎵᏓᏍᏛᎾᏰᏃ ᎾᏍᎩ Ꮎ ᎤᏚᎢᏍᏔᏅᎯ ᎨᏒᎢ.
24. ᎠᎴ ᏕᏓᏓᏓᏅᏖᏍᎨᏍᏗ, ᎠᏓᎨᏳᏗ ᎨᏒ ᎠᎴ ᏱᏍᏛ ᏗᎦᎸᏫᏍᏓᏁᏗ ᎨᏒ ᏗᎦᏓᏂᎳᏕᏗᏱ ᏗᎩᏄᏫᏍᏓᏁᏗᏱ;
25. ᏞᏍᏗᏉ ᏱᏗᏑᎵᎪᎨᏍᏗ ᎢᏓᏓᏟᏌᏂᏙᎲᎢ, ᎢᎦᏛ ᎾᏍᎩ ᎢᏳᎾᏛᏁᏗ ᏥᎩ; ᏕᏣᏓᏬᏁᏗᏍᎨᏍᏗᏍᎩᏂ; ᎠᎴ Ꮀ ᎤᎬᏫᏳᏎᏍᏗ, ᎾᏍᎩ ᏂᏣᏛᏁᎮᏍᏗ ᏥᏥᎪᏩᏗ ᎤᏍᏆᎸᎯᏗᏒ ᎾᎯᏳ ᎢᎦ.
26. ᎢᏳᏰᏃ ᎢᎬᏒ ᎢᎦᏚᎸᏛ ᏱᏗᏍᎦᏅᎬ ᏚᏳᎳ ᎨᎩᎦᏁᎥᏒᎯ ᏚᏳᎪᏛ ᎨᏒᎢ, ᎥᏝ ᏅᏩᏓᎴ ᏯᎵᏃᎯᏯ ᎠᏥᎸ-ᎨᎳᏍᏗ ᎠᏍᎦᏂ ᎠᎫᏴᏙᏗ,
27. ᎤᎾᏰᎯᏍᏗᏉᏍᎩᏂ ᎣᏓᏅᏛ ᎠᎦᏖᎾᏍᏗᏱ ᏗᎫᎪᏙᏗ ᎢᎦ ᎨᏒᎢ, ᎠᎴ ᎤᏔᎳᏬᎯᏍᏗ ᎨᏒ ᎠᏥᎸ ᎾᏍᎩᏯ, ᎾᏍᎩ ᎤᏂᏛᏙᏗ ᏥᎩ ᎬᏩᏍᎦᎩ.
28. ᎩᎶ ᎼᏏ ᎤᏤᎵ ᏗᎧᎿᎭᏩᏛᏍᏗ ᎢᏴᏛ ᎢᏳᏩᏁᏔᏅᎯ ᏥᎨᏎ ᎠᏲᎱᏍᎨ ᎦᏰᏥᏙᎵᏍᏗ ᏂᎨᏒᎾ ᎠᏂᏔᎵᎭ ᎠᏂᎦᏔᎯ ᎤᏂᏃᎮᎸᎯ ᎬᏔᏅᎯ;
29. ᏝᏍᎪ ᎤᏟ ᎢᎦᎢ ᏱᏂᏙᎬᏩᏳᎪᏗ ᎠᏥᏍᏛᏗᏍᏙᏗᏱ ᎩᎶ ᎤᏁᎳᏅᎯ ᎤᏪᏥ ᎤᎳᏍᏓᎡᎸᎯ, ᎠᎴ ᎾᏍᎩ Ꮎ ᎩᎬᎧᏃᎮᏛ ᏗᏠᎯᏍᏙᏔᏅᎯ ᎾᏍᎩ ᎤᏓᏅᎦᎶᏔᏅᎯ ᎨᏒ ᎦᏓᎭ ᎤᏰᎸᏅᎯ, ᎠᎴ ᎦᎬᏩᏐᏢᏔᏅᎯ ᎬᏩᎦᏘᏯ ᎠᏓᏙᎵᎩ ᎠᏓᏅᏙ.
30. ᎡᏗᎦᏔᎭᏰᏃ ᎾᏍᎩ Ꮎ ᎯᎠ ᎢᏳᏪᏛ ᏥᎩ, ᎠᏞᎢᏍᏗ ᎨᏒ ᎠᏴ ᎠᏆᏤᎵᎦ, ᎠᏴ ᏓᎦᎫᏴᎯ, ᎠᏗᎭ ᏱᎰᏩ. ᎠᎴ ᏔᎵᏁᎢ, ᏱᎰᏩ ᏙᏓᎫᎪᏓᏁᎵ ᏧᏤᎵ ᏴᏫ.
31. ᎤᎾᏰᎯᏍᏗᏳ ᎬᏂᏛ ᎤᏁᎳᏅᎯ ᏧᏬᏰᏂ ᏫᏗᎩᏅᎢᏍᏗᏱ.
32. ᎠᏎᏃ ᎢᏣᏅᏓᏓ ᏧᏩᎫᏔᏅᏒᎢ, ᎾᏍᎩ ᎾᎯᏳ ᎢᎦ ᏂᏕᏣᏗᏍᏓᏁᎶᎢ, ᎤᏣᏘ ᎢᏣᏟᏂᎬᏁᎸ ᏕᏥᎦᏘᎸᏒ ᎠᎩᎵᏲᎢᏍᏗ ᎨᏒᎢ;
33. ᎾᏍᎩ ᎢᎸᎯᏳ ᏥᎦᏰᏥᏐᏢᏛᎢ, ᎠᎴ ᏤᏥᎩᎵᏲᎢᏍᏗᏍᎬᎢ; ᎢᎸᎯᏳᏃ ᏕᏣᎵᎪᏁᎸ ᎾᏍᎩ ᎢᎨᎬᏁᎸᎯ.
34. ᎥᏆᎸᎢᏛᏰᏃ ᎨᏒ ᎢᏳᏍᏗ ᎥᏍᎩᏯᏙᎵᏨᎩ, ᎠᎴ ᎤᎵᎮᎵᏍᏗᏉ ᎥᏣᏓᏅᏛᎩ ᎡᏥᏬᏅᎲ ᏧᎬᏩᎶᏗ ᎢᏥᎲᎢ, ᎢᏥᎦᏔᎲᎩᏰᏃ ᎦᎸᎳᏗ ᏫᏥᏍᏆᏂᎪᏛ ᎤᏟ ᎢᏲᏍᏛ ᎠᎴ ᎠᏲᎩ ᏂᎨᏒᎾ ᏧᎬᏩᎶᏗ.
35. ᎾᏍᎩ ᎢᏳᏍᏗ ᏞᏍᏗ ᎢᏴᏛ ᎢᏨᏁᏔᏅᎩ ᎢᏦᎯᏳᏒᎢ, ᎾᏍᎩ ᎤᏣᏘ ᎤᏓᎫᏴᎡᏗ ᏥᎩ.
36. ᏗᏨᏂᏗᏳ ᎢᏣᎵᏍᏙᏗᏱ ᎤᏚᎸᏗᏳ ᏂᏣᎵᏍᏓᏁᎭ; ᎾᏍᎩ ᎿᎭᏉ ᎤᏁᎳᏅᎯ ᎤᏏᏳ ᎤᏴᎸᏗ ᎨᏒ ᎢᏣᏛᏁᎸᎯ ᎨᏎᏍᏗ, ᎢᏣᏤᎵ ᎢᎬᏩᎵᏍᏙᏗ ᏱᎩ ᏄᏍᏛ ᎠᏚᎢᏍᏛᎢ.
37. ᎿᎭᏉᏰᏃ ᏂᎪᎯᎸᎾᏉ, ᎾᏍᎩ ᎤᎷᎯᏍᏗ ᏥᎩ ᏓᎦᎷᏥ, ᎠᎴ ᎥᏝ ᏴᏛᏙᎯᏗ.
38. ᎤᎾᏓᏅᏘᏃ ᎪᎯᏳᏗ ᎨᏒ ᎤᎾᏛᏂᏗᏍᏕᏍᏗ; ᎩᎶᏍᎩᏂ ᎢᏳᏍᏗ ᎢᎠᏨᏍᎨᏍᏗ ᎠᏆᏓᏅᏙ ᎥᏝ ᎣᏏᏳ ᏳᏰᎸᏎᏍᏗ ᎾᏍᎩ.
39. ᎠᏎᏃ ᎥᏝ ᎠᎾᏨᏍᎩ ᏥᎩ [ᎤᎾᏓᏡᎬ] ᎢᏖᎳ ᏱᎩ, ᎾᏍᎩ ᎨᏥᏛᏙᏗ ᎨᏒ ᎢᏴᏛ ᏥᏩᏂᎷᎦ, ᎾᏍᎩᏍᎩᏂ Ꮎ ᎤᎾᏓᏡᎬ ᎢᏖᎳ, ᎾᏍᎩ ᎤᏃᎯᏳᏒ ᏥᏓᏂᏍᏕᎸᏗ ᏧᎾᏓᏅᏙ.

== Hebrews 11 ==
1. ᎪᎯᏳᏗᏃ ᎨᏒ ᎯᎠ ᏄᏍᏗ ᎦᏛᎬᎢ, ᎤᎵᏂᎩᏛ ᎪᎯᏳᏗᏱ ᎠᎪᏩᏛᏗᏱ ᎨᏒ ᏄᏍᏛ ᎤᏚᎩ ᎣᏩᏒᎢ, ᎠᎴ ᏄᏜᏓᏏᏛᏒᎾ ᎢᏳᏓᎵᏍᏓᏁᏗᏱ ᎡᎲ ᎾᏍᎩ Ꮎ ᎠᏏ ᎠᎪᎲᎯ ᏂᎨᏒᎾ ᎨᏒᎢ.
2. ᎾᏍᎩᏰᏃ ᎠᏅᏗᏍᎬ ᎡᏘ ᎤᎾᏕᏅᎯ ᎣᏍᏛ ᎨᏥᏃᎮᏗᏱ ᎤᏂᏩᏛᎲᎩ.
3. ᎪᎯᏳᏗ ᎨᏒ ᎢᏛᏗᏍᎬ ᎢᏙᎵᎦ ᎤᏁᎳᏅᎯ ᎧᏁᎬ ᎬᏔᏅᎯ ᎨᏒ ᎡᎶᎯ ᏚᏙᏢᏅᎢ, ᎾᏍᎩᏃ ᏧᏓᎴᏅᏛ ᎠᎪᏩᏛᏗ ᏥᎩ ᎥᏝ ᎾᏍᎩ Ꮎ ᎬᏂᎨᏒ ᎢᏳᎵᏍᏔᏅᎯ ᎨᏒ ᏗᎪᏢᏔᏅᎯ ᏱᎩ.
4. ᎪᎯᏳᏗ ᎨᏒ ᎬᏗᏍᎬ ᎡᏈᎵ ᎤᏟ ᎢᏲᏍᏛ ᎤᎵᏍᎪᎸᏓᏁᎴ ᎤᏁᎳᏅᎯ ᎠᏥᎸ-ᎨᎳᏍᏙᏗ ᎨᏒ ᎡᏍᎦᏉ ᎨᏂ, ᎾᏍᎩ ᏄᏛᏁᎸ ᎤᏩᏛᏔᏁ ᎪᎯᏳᏗᏍᎩ ᎤᏓᎤᏗᏳ ᎨᏒᎢ, ᎤᏁᎳᏅᎯ ᎬᏂᎨᏒ ᏄᏩᏁᎴ ᏚᏓᏂᎸᏤᎸ ᎤᎵᏍᎪᎸᏔᏅᎯ ᎨᏒᎢ; ᎾᏍᎩᏃ ᏄᏛᏁᎸ ᎬᏗᎭ ᎧᏁᎦ ᎾᏍᏉ ᎤᏲᎱᏒᎯ ᏥᎩ.
5. ᎦᎯᏳᏗ ᎨᏒ ᎬᏗᏍᎬ ᎢᎾᎩ ᎠᎦᏘᎾᏫᏛᎮ ᎾᏍᎩ ᎠᏲᎱᎯᏍᏗ ᎨᏒ ᎤᎪᏩᏛᏗᏱ ᏂᎨᏒᎾ; ᎠᎴ ᎥᏝ ᏯᏥᏩᏛᎮᎢ, ᎤᏁᎳᏅᎯᏰᏃ ᎤᏘᎾᏫᏛᎮᎢ; ᎠᏏᏉᏰᏃ ᎾᎦᏘᎾᏫᏗᏍᎬᎾ ᎨᏎ ᎤᏁᎳᏅᎯ ᎣᏏᏳ ᎤᏰᎸᏗ ᎨᏒ ᏚᎸᏫᏍᏓᏁᎲ ᎬᏂᎨᏒ ᎾᎬᏁᎴᎢ.
6. ᎪᎯᏳᏗᏍᎩᏂ ᎨᏒ ᏂᏛᏗᏍᎬᎾ ᏱᎩ ᎬᏩᏟᏍᏗ ᎣᏍᏛ ᎤᏰᎸᏗ [ᎤᏁᎳᏅᎯ] ᏗᎩᎸᏫᏍᏓᏁᏗᏱ; ᎩᎶᏰᏃ ᎤᏁᎳᏅᎯ ᏱᎦᎷᏤᎭ ᎠᏎ ᏱᎪᎯᏳᎲᏍᎦ ᎡᎲᎢ, ᎠᎴ ᎾᏍᎩ ᏗᎫᏴᎡᎯ ᎨᏒ ᎤᎵᏂᎩᏛ ᎬᏩᏲᎯ.
7. ᎪᎯᏳᏗ ᎨᏒ ᎬᏗᏍᎬ ᏃᏯ, ᎤᏁᎳᏅᎯ ᎤᏪᏯᏔᏅ ᎤᏁᎢᏍᏓᏁᎸ ᏧᏓᎴᏅᏛ ᎠᏏ ᎤᎪᎲᎯ ᏂᎨᏒᎾ ᎨᏒᎢ, ᎤᎾᏰᏎᎢ, ᎤᏛᏅᎢᏍᏔᏁ ᏥᏳ ᎤᎾᎵᏍᏕᎸᏙᏗ ᏚᏓᏘᎾᎥᎢ; ᎾᏍᎩ ᏄᏛᏁᎸ ᎤᏮᏔᏁ ᏚᏭᎪᏓᏁᎴ ᎡᎶᎯ, ᎠᎴ ᎤᏤᎵ ᏄᎵᏍᏔᏁ ᎾᏍᎩ ᏚᏳᎪᏛ ᎨᏒ ᎪᎯᏳᏗ ᎨᏒ ᏨᏗᏓᎴᎲᏍᎦ.
8. ᎪᎯᏳᏗ ᎨᏒ ᎬᏗᏍᎬ ᎡᏆᎭᎻ ᎾᎯᏳ ᎠᏥᏯᏅᎲ ᎢᎸᎯᏢ ᎤᏪᏅᏍᏗᏱ ᎾᏍᎩ ᎾᎿᎭᎣᏂ ᎢᏴᏛ ᎤᏤᎵᎦ ᎢᏯᎬᏁᏗ ᎨᏒᎢ, ᏧᏬᎯᏳᏁᎢ; ᎠᎴ ᏧᏄᎪᏤᎢ ᎾᎦᏔᎲ ᎾᎿᎭᎠᎢᏒᎢ.
9. ᎪᎯᏳᏗ ᎨᏒ ᎬᏗᏍᎬ ᎡᏙᎯᏉ ᎢᏳᏍᏗ ᎤᏪᏙᎴ ᎾᎿᎭᎠᏥᏚᎢᏍᏓᏁᎸ ᎦᏙᎯ, ᏅᏩᎾᏓᎴ ᎤᎾᏤᎵᎪᎯ ᎾᏍᎩᏯ, ᏕᎦᎵᏦᏛᏉ ᎠᏁᎮ ᎢᏧᎳᎭ ᎡᏏᎩ ᎠᎴ ᏤᎦᏈ, ᎾᏍᎩ ᎤᎾᏠᏯᏍᏗᏍᎩ ᏥᎨᏎ ᎤᏠᏱ ᎠᏚᎢᏍᏔᏅᎯ ᎨᏒᎢ.
10. ᎠᎦᏖᏃᎮᏰᏃ ᎦᏚᎲᎢ ᏗᎦᎫᏍᏓᎢ, ᎾᏍᎩ ᎤᏁᎳᏅᎯ ᎤᏁᏍᎨᎲᎢ ᎠᎴ ᎤᏬᏢᏅᎯ ᏥᎩ.
11. ᎪᎯᏳᏗ ᎨᏒ ᎾᏍᏉ ᎬᏗᏍᎬ ᏎᎵ ᎤᏩᏒ ᏧᎵᏂᎪᏎ ᏰᎵᏉ ᎬᏩᏁᎵᎢᏍᏗ ᏥᏄᎵᏍᏔᏁᎢ, ᎠᎴ ᎠᏲᎵ ᏧᎾᏄᎪᏫᏎ ᎿᎭᏉ ᏧᏓᎾᏄᎪᏫᏍᏗᏱ ᎤᎶᏐᏁᎸᎯ ᏥᎨᏎᎢ, ᏅᏗᎦᎵᏍᏙᏗᏍᎨ ᏄᏓᎵᏓᏍᏛᎾ ᎤᏰᎸᏅ ᎾᏍᎩ Ꮎ ᎤᏚᎢᏍᏔᏅᎯ ᎨᏒᎢ.
12. ᎾᏍᎩᏃ ᎠᏏᏴᏫ ᎨᏒ ᏧᎾᏓᎴᏁᎢ ᎠᎴ ᎾᏍᎩ ᎤᏲᎱᏒᎯᏉ ᎾᏍᎩᏯ ᎨᏒᎢ, ᏃᏈᏏ ᎦᎸᎶ ᏣᏂᎧᎳ ᏥᏄᏂᏧᏈᏍᏗ ᎢᏳᏂᏧᏈᏍᏗ, ᎠᎴ ᏃᏳ ᎠᎺᏉᎯ ᎤᏣᏘ ᏥᎦᎳᎨᏴ ᎬᏎᎰᎲᏍᏗ ᏂᎨᏒᎾ ᏥᎩ ᎢᏳᏂᏧᏈᏍᏗ.
13. ᎯᎠ ᎾᏍᎩ ᏂᎦᏛ ᎬᏩᏃᎯᏳᎯ ᏚᏂᏲᎱᏎᎢ, ᏂᏚᎾᏓᏂᎸᏨᎾ ᎾᏍᎩ Ꮎ ᎨᏥᏚᎢᏍᏓᏁᎸᎯ ᎨᏒᎢ, ᎢᏅᏍᎩᏂ ᏫᏓᏂᎪᏩᏘᏍᎨᎢ ᎠᎴ ᏄᎾᏜᏓᏏᏛᎡᎲᎾ ᎨᏎᎢ, ᎠᎴ ᏚᏂᏂᏴᎮᎢ, ᎠᎴ ᎠᏂᏃᎲᏍᎨ ᏅᏩᎾᏓᎴᏉ ᎠᎴ ᎠᏁᏙᎯᏉ ᎨᏒ ᎠᏂ ᎡᎶᎯ.
14. ᎾᏍᎩᏰᏃ ᎯᎠ ᎢᏯᏂᏪᏍᎩ, ᎬᏂᎨᏒᎢᏳ ᎾᏅᏁᎰ ᎤᎾᏤᎵᎪᎯ ᎤᏂᏲᎲᎢ.
15. ᎢᏳᏰᏃ ᏳᎾᏅᏖ ᎾᎿᎭᏧᏂᏄᎪᏨᎢ ᏳᏫᏜᏓᏅᏓᏕᎴᏉ ᎥᎤᎾᏨᏍᏗᏱ;
16. ᎪᎯᏍᎩᏂ ᎤᏟ ᎢᏲᏍᏛ ᎤᎾᏤᎵᎪᎯ ᎤᏂᏲᎭ, ᎾᏍᎩ ᎦᎸᎶᎢ ᏗᏍᏆᏂᎪᏛᎢ; ᎾᏍᎩ ᎢᏳᏍᏗ ᎤᏁᎳᏅᎯ ᎥᏝ ᏯᏕᎰᏍᎦ ᎾᏍᎩ ᎤᏁᎳᏅᎯ ᎠᎪᏎᏗᏱ; ᏚᏛᏅᎢᏍᏓᏁᎸᏰᏃ ᎦᏚᎲᎢ.
17. ᎪᎯᏳᏗ ᎨᏒ ᎬᏗᏍᎬ ᎡᏆᎭᎻ, ᎾᎯᏳ ᎠᏥᎪᎵᏰᎥ ᎡᏏᎩ ᎤᎵᏍᎪᎸᏔᏁᎢ; ᎠᎴ ᎾᏍᎩ Ꮎ ᎠᏥᏚᎢᏍᏓᏁᎸᎯ ᎨᏒ ᎤᏩᏒᎯᏳ ᎤᏪᏥ ᎤᎵᏍᎪᎸᏔᏁᎢ.
18. ᎾᏍᎩ Ꮎ ᎯᎠ ᎢᏯᏥᏪᏎᎸᎯ ᏥᎨᏎᎢ, ᎾᏍᎩ ᎡᏏᎩ ᏚᏙᎥ ᎨᏥᏯᏅᏗᏍᎨᏍᏗ ᏣᏁᏢᏔᏅᎯ ᎨᏒᎢ;
19. ᎤᏁᏔᏅᎯ ᏰᎵᏉ ᏄᎵᏂᎬᎦ ᏧᎴᏙᏗᏱ ᎡᎵᏍᎨᎢ, ᎾᏍᏉ ᎤᏲᎱᏒᎯ ᏱᎩ; ᎾᎿᎭᎾᏍᏉ ᏥᏚᏓᏂᎸᏤ ᏗᏟᎶᏍᏔᏅᎯ ᎾᏍᎩᏯᎢ.
20. ᎪᎯᏳᏗ ᎨᏒ ᎬᏗᏍᎬ ᎡᏏᎩ ᎣᏍᏛ ᏥᏚᏁᏤᎴ ᏤᎦᏈ ᎠᎴ ᎢᏐ ᎪᎱᏍᏗ ᎠᏏ ᎤᎵᏰᎢᎶᎯᏍᏗ ᎨᏒ ᎤᎬᏩᎵ.
21. ᏤᎦᏈ ᎪᎯᏳᏗ ᎨᏒ ᎬᏗᏍᎬᎢ, ᎿᎭᏉ ᎠᏲᎱᏍᎨᎢ ᎣᏍᏛ ᏚᏁᏤᎴ ᎢᏧᎳ ᏦᏩ ᏧᏪᏥ; ᎠᎴ ᎤᏓᏙᎵᏍᏔᏁ ᎤᏙᎳᏅᏍᏗᏱ ᎤᏍᎪᎵ [ᎤᎵᏍᏕᎸᏕᎢ.]
22. ᎪᎯᏳᏗ ᎨᏒ ᎬᏗᏍᎬ ᏦᏩ ᎿᎭᏉ ᎠᏲᎱᏍᎨᎢ, ᎤᏁᎢᏍᏔᏁ ᎢᏏᎵ ᏧᏪᏥ ᎤᎾᏓᏅᏍᏗᏱ; ᎠᎴ ᏧᏁᏤ ᏧᎪᎳ ᎤᎬᏩᎵ.
23. ᎪᎯᏳᏗ ᎨᏒ ᎠᏅᏗᏍᎬ ᎼᏏ ᏧᎦᏴᎵᎨ ᎾᎯᏳ ᎤᏕᏅ ᏦᎢ ᎢᏯᏅᏙ ᏥᎬᏩᏍᎦᎸᏁᎢ, ᎠᏂᎪᏩᏘᏍᎨᏰᏃ ᎤᏬᏚᎯᏳ ᎨᏒ ᎠᏲᎵ; ᎥᏝ ᎠᎴ ᏯᏂᏍᎦᎢᎮ ᎤᎬᏫᏳᎯ ᎤᏁᏨᎢ.
24. ᎪᎯᏳᏗ ᎨᏒ ᎬᏗᏍᎬ ᎼᏏ ᎿᎭᏉ ᎤᏔᏅ ᏄᎵᏍᏔᏅ ᎤᏲᎢᏎᎴᏉ ᏇᎵᏲ ᎤᏪᏥ ᎠᎨᏴ, ᎤᏪᏥ ᎠᎪᏎᏗᏱ;
25. ᎤᏑᏰᎭ ᎤᏟ ᎤᏰᎸᏁ ᎤᏁᎳᏅᎯ ᏧᏤᎵ ᏴᏫ ᎠᏂᎩᎵᏲᏥᏙᎲ ᎤᏠᏯᏍᏙᏗᏱ, ᎠᏃ ᎠᏍᎦᏂ ᏞᎦ ᎣᏍᏛ ᎤᏓᏓᏅᏓᏗᏍᏙᏗ ᎨᏒᎢ;
26. ᎤᏟ ᎦᎸᏉᏗᏳ ᎡᎵᏍᎨ ᎦᏰᏥᏐᏢᏙᏗᏱ ᎦᎶᏁᏛ ᎨᏒ ᎢᏳᏍᏗ, ᎠᏃ ᏧᎬᏩᎶᏗ ᎠᏍᏆᏂᎪᏛ ᎢᏥᏈᏱ; ᎠᎦᎫᏴᎡᏗᏰᏃ ᎨᏒ ᎢᏴᏛ ᏫᏓᎧᏂᏍᎨᎢ.
27. ᎪᎯᏳᏗ ᎨᏒ ᎬᏗᏍᎬ ᎢᏥᏈᏱ ᎤᏓᏅᏎᎢ, ᎾᏍᎦᎢᎲᎾ ᎨᏎ ᎤᎬᏫᏳᎯ ᎤᏔᎳᏬᏍᎬᎢ; ᎬᏂᏗᏳᏍᎩᏂ ᎨᏒ ᎾᏍᎩᏯᏉ ᏣᎪᏩᏘᏍᎪ ᎾᏍᎩ Ꮎ ᎦᏰᏥᎪᏩᏛᏗ ᏂᎨᏒᎾ ᎨᏒᎢ.
28. ᎪᎯᏳᏗ ᎨᏒ ᎬᏗᏍᎬ ᎤᏁᏤ ᎧᏃᎯᏰᎩ ᏗᎵᏍᏓᏴᏗᏱ ᎤᏂᏍᏆᏂᎪᏙᏗᏱ, ᎠᎴ ᎩᎬ ᎤᏂᏍᏚᏟᏍᏗᏱ [ᎦᎶᎯᏍᏗᏱ,] ᎾᏍᎩ ᎢᎬᏱ ᎤᎾᏕᏅᎯ ᏗᏛᏗᏍᎩ ᎪᎱᏍᏗ ᎤᏅᏁᏗᏱ ᏂᎨᏒᎾ.
29. ᎪᎯᏳᏗ ᎨᏒ ᎠᏅᏗᏍᎬ ᎠᎺᏉᎯᎩᎦᎨᏍᏛᏱ ᎠᏰᎵ ᎤᏂᎶᏎ ᎤᎧᏲᏛᎯ ᏣᏂᎶᏍᎪ ᎾᏍᎩᏯᎢ; ᎢᏥᏈᏱᏃ ᎠᏁᎯ ᎤᎾᏁᎶᏔᏅ ᎾᏍᎩ ᎢᏳᎾᏛᏁᏗᏱ ᏚᏂᎬᏤᎢ.
30. ᎪᎯᏳᏗ ᎨᏒ ᎠᏅᏗᏍᎬ ᏓᏐᏴ ᏤᎵᎪ ᏚᏪᏒᏙᎠᏎᎢ, ᎿᎭᏉ ᎦᎵᏉᎩ ᏧᏒᎯᏛ ᏂᏚᎾᏚᏫᏍᏔᏁᎢ.
31. ᎪᎯᏳᏗ ᎨᏒ ᎬᏗᏍᎬ ᎴᎭᏫ ᎤᏁᎫᏥᏛ ᎥᏝ ᏯᏥᏛᏔᏁ ᎨᏥᏛᏔᏅ ᎾᏍᎩ Ꮎ ᏄᏃᎯᏳᏒᎾ ᏥᎨᏎᎢ, ᎾᏍᎩ ᏙᎯᏱ ᏥᏚᏓᏂᎸᏤ ᎢᏳᏍᏗ ᎤᏂᎦᏛᏂᏙᎯ.
32. ᎠᎴ ᎦᏙ ᎠᏏ ᏓᎦᏛᏂ? ᎥᏝᏰᏃ ᎬᎩᏍᏆᏗᏍᏗ ᏱᎩ ᏱᎦᏥᏃᎮᎸ ᎩᏗᏯᏂ, ᎠᎴ ᏇᎴᎩ, ᎠᎴ ᏌᎻᏏᏂ, ᎠᎴ ᏤᏈᏓ; ᏕᏫ ᎾᏍᏉ, ᎠᎴ ᏌᎻ, ᎠᎴ ᎠᎾᏙᎴᎰᏍᎩ.
33. ᎾᏍᎩ ᎪᎯᏳᏗ ᎨᏒ ᎠᏅᏗᏍᎬ ᎠᏰᎵ ᏕᎪᏢᏒ ᏥᏓᎾᏓᎵᏁᎯᏕᎮᎢ, ᏚᏳᎪᏛ ᏥᏚᏂᎸᏫᏍᏓᏁᎮᎢ, ᎤᎾᏤᎵ ᏥᎾᏅᏁᎮ ᏄᏍᏛ ᎨᏥᏚᎢᏍᏓᎸᎢ, ᏢᏓᏥ ᎤᏂᏃᏕᏅ ᏗᏂᎰᎵ ᏥᏓᏂᏍᏚᎲᏍᎨᎢ,
34. ᎠᏥᎸ ᎤᏍᎦᏎᏗ ᏣᏅᏜᏓᏗᏍᎨᎢ, ᎠᏰᎳᏍᏗ-ᎦᏅᎯᏛ ᏣᎾᏗᏫᏎᎮᎢ, ᏗᏂᏩᎾᎦᎳ ᎨᏒ ᏧᎾᎵᏂᎩᏛ ᏥᏂᎨᎬᏁᎮᎢ, ᎾᏂᏍᎦᎢᎲᎾ ᏂᎾᎾᎵᏍᏗᏍᎨ ᏓᎾᎵᎲᎢ, ᏥᏓᏂᎨᎯᏙᎮ ᏅᏩᎾᏓᎴ ᎠᏂᏯᏫᏍᎩ.
35. ᎠᏂᎨᏴ ᏗᎬᏩᏂᏲᎱᎯᏎᎸᎯ ᏗᏅᏃᏛ ᏔᎵᏁ ᏂᏙᎨᏥᏲᎯᏎᎮᎢ; ᎢᎦᏛᏃ ᏥᎨᏥᎩᎸᏍᎨᎢ, ᏂᏓᎾᏓᏂᎸᎬᎾ ᎨᎫᏓᎴᏍᎬᎢ; ᏅᏗᎦᎵᏍᏙᏗᏍᎨ ᎤᏟ ᎢᏲᏍᏛ ᎤᏂᏩᏛᏗᏱ ᎤᎾᏚᎵᏍᎬ ᏗᎴᎯᏐᏗ ᎨᏒᎢ;
36. ᎢᎦᏛᏃ ᎨᏥᎪᎵᏰᏍᎨ ᎦᎨᏥᏐᏢᏗᏍᎬ ᎠᎴ ᏕᎨᏥᎵᎥᏂᎲᎢ, ᎠᎴ ᎾᏍᏉ ᏕᎨᎦᎸᎢᎲ ᎠᎴ ᏕᎨᏥᏍᏚᎲᏍᎬᎢ;
37. ᏅᏯ ᏕᎨᎬᏂᏍᏗᏍᎨᎢ, ᏗᎦᏄᏙᎩ ᎬᏗ ᏕᎨᏥᎦᎵᏍᎨᎢ, ᏕᎨᏥᎪᎵᏰᏍᎨᎢ, ᎠᏰᎳᏍᏗ-ᎦᏅᎯᏛ ᏕᎨᏥᎢᏍᏗᏍᎨᎢ; ᎠᏫ ᎤᏂᏃᏕᎾ ᎠᎴ ᎠᏫ ᏗᏂᎭᏄᎸᎯ ᏧᏂᏁᎦᎸᏅᎯ ᏧᎾᏄᏩᎢ ᎠᏁᏙᎮᎢ; ᎤᏂᏂᎬᏎᎯ ᎨᏎᎢ, ᎠᏂᎩᎵᏲᏥᏙᎮᎢ.
38. [ᎾᏍᎩ ᎯᎠ ᎥᏝ ᎡᎶᎯ ᎬᏩᎾᏕᏗ ᏱᎨᏎᎢ;] ᎢᎾᎨ ᎠᏁᏙᎮᎢ, ᎠᎴ ᏙᏓᎸᎢ, ᎠᎴ ᏚᏍᏓᎦᎸᎢ, ᎠᎴ ᎦᏙᎯ ᏓᏔᎴᏒᎢ.
39. ᎠᎴ ᎾᏍᎩ ᏂᎦᏛ ᎯᎠ ᎣᏍᏛ ᎨᏥᏃᎮᏍᎩ ᏥᎨᏎ ᎤᏃᎯᏳᏒ ᎢᏳᏩᏂᏌᏛ, ᎥᏝ ᏄᏍᏛ ᎨᏥᏚᎢᏍᏓᏁᎸ ᏱᏚᎾᏓᏂᎸᏤᎢ;
40. ᎾᏍᎩ ᎤᏁᎳᏅᎯ ᎢᎦᏛᏅᎢᏍᏓᏁᎸᎯ ᎨᏒ ᎢᏳᏍᏗ ᎪᎱᏍᏗ ᎤᏟ ᎢᏲᏍᏛ, ᎾᏍᎩ ᏄᏂᎷᎶᏤᎲᎾ ᎢᎨᎬᏁᏗᏱ ᏂᎨᏒᎾ ᎠᏴ ᏂᎦᏠᏯᏍᏗᏍᎬᎾ.

== Hebrews 12 ==
1. ᎾᏍᎩᏃ ᎢᏳᏂᏧᏈᏍᏗ ᎠᏂᎦᏔᎯ ᏥᏕᎨᎦᏚᏫᏍᏗ, ᎢᏴᏛ ᏂᏛᏁᏓ ᏄᏓᎴᏒ ᎦᎨᏛ ᎢᎬᏁᎯ, ᎠᎴ ᎠᏍᎦᏂ ᎠᎯᏛ ᎨᎦᏢᏔᏍᏗ ᏥᎩ, ᎠᎴ ᏗᏛᏂᏗᏳ ᎨᏎᏍᏗ ᎢᏓᏙᎩᏯᏍᎨᏍᏗ ᎠᏙᎩᏯᏍᏗ ᎢᎬᏱᏗᏢ ᏁᎬᏁᎸᎢ,
2. ᏫᏕᏓᎦᏂᏍᎨᏍᏗ ᏥᏌ ᎾᏍᎩ ᎢᏳᏩᏂᏌᏛ, ᎠᎴ ᎠᏍᏆᏗᏍᎩ ᏥᎩ ᎢᎪᎯᏳᏒᎢ. ᎾᏍᎩ ᎤᎵᎮᎵᏍᏗ ᎨᏒ ᎢᎬᏱᏗᏢ ᎾᎬᏁᎸ ᎢᏳᏍᏗ ᎬᏂᏗᏳ ᏓᏓᎿᎭᏩᏍᏛ ᎤᎩᎵᏲᏤᎢ, ᎤᎵᏌᎵᏉ ᎤᏰᎸᏎ ᎤᏕᎰᎯᏍᏗ ᎨᏒᎢ, ᎠᎴ ᎠᎦᏘᏏᏗᏢ ᎤᏪᏅ ᎤᏁᎳᏅᎯ ᎤᏪᏍᎩᎸᎢ.
3. ᎡᏣᏓᏅᏛᎵᏉᏍᎩᏂ Ꮎ ᎾᏍᎩ ᎢᎦᎢ ᎦᎬᏩᏐᏢᏛ ᎠᏂᏍᎦᎾ ᎤᏁᎳᎩ ᏚᏪᎵᏎᎸᎢ, ᎾᏍᎩᏃ ᏞᏍᏗ ᏗᏥᏯᏪᏨᎩ ᎠᎴ ᏞᏍᏗ ᏧᏩᎾᎦᎶᏨᎩ ᏕᏣᏓᏅᏛᎢ.
4. ᎥᏝ ᎠᏏ ᎢᏥᎩᎬ ᎤᏨᎢᏍᏗᏱ ᎢᏴᏛ ᏱᏗᏣᏟᏴᎲ ᎠᏍᎦᏂ ᏕᏣᏟᏴᎡᎲᎢ.
5. ᎠᎴ ᎢᏨᎨᏫᏒᎯ ᎢᎩ ᎡᏥᏬᏁᏗᏍᎬ ᏗᏂᏲᎵ ᏥᎨᏥᏬᏁᏗᏍᎪ ᎾᏍᎩᏯᎢ, ᎯᎠ ᏥᏂᎦᏪᎭ, ᎠᏇᏥ ᏞᏍᏗ ᏅᎵᏌᎵ ᏱᏣᏰᎸᏎᏍᏗ ᎤᎬᏫᏳᎯ ᏣᎩᎵᏲᎢᏍᏗᏍᎬᎢ, ᎠᎴ ᏞᏍᏗ ᏩᎾ ᎯᏳᏏᎦᎶᎨᏍᏗ ᏣᎬᏍᎪᎸᎢᏍᎨᏍᏗ,
6. ᎾᏍᎩᏰᏃ Ꮎ ᎤᎬᏫᏳᎯ ᎤᎨᏳᎯ ᎠᎩᎵᏲᎢᏍᏗᏍᎪᎢ, ᎠᎴ ᏕᎦᎵᎥᏂᎰ ᎾᏂᎥ ᏧᏪᏥ ᎾᏍᎩ ᏧᏓᏂᎸᏨᎯ ᎨᏒᎢ.
7. ᎢᏳᏃ ᎡᏥᎩᎵᏲᎢᏍᏗᏍᎨᏍᏗ, ᎾᏍᎩᏯ ᏧᏪᏥ ᏂᏓᏛᏁᎲ ᏂᏣᏛᏁᎭ ᎤᏁᎳᏅᎯ; ᎦᎪᏰᏃ ᎡᎭ ᎠᏲᎵ ᎾᏍᎩ ᎤᏙᏓ ᏄᎩᎵᏲᎢᏍᏗᏍᎬᎾ?
8. ᎢᏳᏍᎩᏂ ᎢᎸᎯᏳ ᏁᏥᎩᎵᏲᎢᏍᏗᏍᎬᎾ ᏱᎩ, ᎾᏍᎩ ᏂᎦᏗᏳ ᏗᏂᏲᎵ ᎾᏍᎩ ᎢᎨᎬᏁᏗ ᏥᎩ, ᎿᎭᏉ ᎢᏴᏛᏉ ᎢᏣᏕᏂᏙᎸᎯ, ᎥᏝᏃ ᎣᏍᏛ ᎢᏣᏕᏅᎯ ᏱᎩ.
9. ᎠᎴᏬ, ᎤᏇᏓᎵ ᎨᏒ ᏗᎩᏙᏓ ᏕᎨᎲᎩ, ᎾᏍᎩ ᏥᎨᎩᎩᎵᏲᎢᏍᏗᏍᎬᎩ; ᎠᎴ ᎨᏗᎸᏉᏗᏳ ᏥᎨᏒᎩ; ᏝᏍᎪ ᎤᏟ ᏱᏂᏙᎬᏩᏳᎪᏗ ᏤᏓᏓᏲᎯᏎᏗᏱ ᏗᎦᏓᏅᏙ ᏧᏬᏢᏅᎯ ᏥᎩ, ᎠᎴ ᎢᎦᏛᏂᏗᏍᏗᏱ?
10. ᎾᏍᎩᏰᏃ Ꮎ ᎤᏙᎯᏳᎯ ᏞᎦ ᎨᎩᎩᎵᏲᎢᏍᏗᏍᎬᎩ ᎤᏅᏒ ᎠᎾᏓᏅᏖᏍᎬ ᎾᎾᏛᏁᎲᎩ; [ᎤᏁᎳᏅᎯᏍᎩᏂ] ᎣᏍᏛ ᎢᎦᎵᏍᏓᏁᏗ ᎤᎬᏩᎸ, ᎾᏍᎩ ᎢᏣᏠᏯᏍᏗᏍᎩ ᎢᏳᎵᏍᏙᏗᏱ ᎤᏩᏒ ᎠᏍᎦᎾ ᏂᎨᏒᎾ ᎨᏒᎢ.
11. ᎠᎴ ᏂᎦᎥᏉ ᎠᎩᎵᏲᎢᏍᏗ ᎨᏒ ᎪᎯ ᎨᏒ ᎥᏝ ᎣᏍᏛ ᎣᏓᏅᏓᏗᏍᏗᏍᎩ ᏱᎩ, ᎤᏲᏉᏍᎩᏂ; ᎣᏂᏍᎩᏂᏃᏅ ᎢᏴᏛ ᏅᏩᏙᎯᏯᏛ ᎠᏓᏅᏓᏗᏍᏗ ᎨᏒ ᎦᎾᏄᎪᏫᏍᎪ ᏚᏳᎪᏛ ᎨᏒ ᎤᎾᏄᎪᏫᏒᎯ, ᎾᏍᎩ ᎢᏳᎾᎵᏍᏓᏁᎸᎯ.
12. ᎾᏍᎩ ᎢᏳᏍᏗ ᏗᏥᏌᎳᏛᎦ ᏗᏦᏰᏂ ᎡᎳᏗ ᎢᏧᎵᏍᏔᏅᎯ ᏥᎩ, ᎠᎴ ᏗᏥᏂᎨᏂ ᏗᏩᎾᎦᎳᎢ;
13. ᎥᎾᏕᏍᎩ ᏂᏨᎦ ᏕᎦᏅᏅ ᎢᏥᎶᎯᏍᏗᏱ, ᎾᏍᎩᏃ ᎠᏲᎤᎵ ᎨᏒ ᏞᏍᏗ ᏳᏂᎪᎸᏍᏔᏁᏍᏗ; ᎧᏅᏬᏗᏉᏍᎩᏂ ᎨᏎᏍᏗ.
14. ᏅᏩᏙᎯᏯᏛ ᏕᏥᎧᎿᎭᏩᏗᏎᏍᏗ ᎾᏂᎥᏉ ᎪᎱᏍᏗ ᏕᏣᏓᏛᏗᏍᎬᎢ, ᎠᎴ ᎾᏍᎦᏅᎾ ᎨᏒᎢ, ᎧᏂᎩᏛ ᏱᎩ ᎾᏍᎩ, ᎥᏝ ᎩᎶ ᏰᎵ ᎤᎬᏫᏳᎯ ᎬᏩᎪᏩᏛᏗ ᏱᎩ;
15. ᎢᏤᏯᏔᎯᏳ ᎨᏎᏍᏗ ᎾᏍᎩᏃ ᏞᏍᏗ ᎩᎶ ᎡᏍᎦ ᎤᏬᎭᏒᎩ ᎤᏁᎳᏅᎯ ᎬᏩᎦᏘᏯ ᎤᏓᏙᎵᏍᏗ ᎨᏒᎢ; ᏞᏍᏗ ᎤᏴᏍᏗ ᎤᎿᎭᏍᏕᏢ ᎦᎾᏄᎪᎬ ᎢᏣᏕᏯᏙᏔᏅᎩ, ᎠᎴ ᎾᏍᎩ ᎢᏳᏩᏂᏌᏛ ᎤᏂᏣᏘ ᎦᏓᎭ ᎢᏳᎾᎵᏍᏔᏅᎩ;
16. ᏞᏍᏗ ᎩᎶ ᎤᏕᎵᏛ ᏗᏂᏏᎲᏍᎩ ᏱᏣᏓᏑᏰᏍᏗ, ᎠᎴ ᎠᏍᎦᎾ ᏴᏫ, ᎢᏐ ᎾᏍᎩᏯᎢ, ᎤᏍᎩ ᏌᏉᏉ ᎢᏯᎵᏍᏓᏴᏗ ᏥᏚᎬᏩᎶᏔᏁ ᏧᎾᏗᏅᏎ ᎢᎬᏱ ᎡᎯ ᎨᏒᎢ.
17. ᎢᏥᎦᏔᎭᏰᏃ ᎣᏂ ᎢᏴᏛ ᎣᏍᏛ ᎢᏯᎦᏛᏁᏗᏱ ᏧᏚᎵᏍᎨ ᏣᏥᏐᏅᎢᏍᏔᏁᎢ; ᎥᏝᏰᏃ [ᎤᏙᏓ] ᎤᏓᏅᏛ ᎬᏩᏁᏟᏴᏍᏗ ᎨᏒ ᏳᏩᏛᎮᎢ, ᎤᎵᏏᎾᎯᏍᏗᏳᏍᎩᏂᏃᏅ ᎠᎴ ᏗᎬᎦᏌᏬᎢᎯ ᎤᏲᎴᎢ.
18. ᎥᏝᏰᏃ ᎣᏓᎸ ᎬᏒᏂᏍᏗ ᎨᏒ ᏱᏥᎷᏨ, ᎠᎴ ᎾᏍᎩ ᏣᏓᏪᎵᎩᏍᎨᎢ, ᎥᏝ ᎠᎴ ᎬᎿᎭᎨ ᎤᎶᎩᎸᎢ, ᎠᎴ ᎤᎵᏏᎩᏳ ᎰᏒ ᎠᎴ ᎦᏃᎸᎥᏍᎬᎢ,
19. ᎠᎴ ᎠᏤᎷᎩ ᎤᏃᏴᎬᎢ, ᎠᎴ ᎧᏁᎬ ᎤᏃᏴᎬᎢ; ᎾᏍᎩᏃ ᎤᎾᏛᎦᏅᎯ ᎤᏂᏔᏲᎴ ᏔᎵᏁ ᎾᏍᎩ ᎢᎨᏂᏪᏎᏗᏱ ᏂᎨᏒᎾ.
20. ᎥᏝᏰᏃ ᎣᏏᏳ ᏳᏂᏰᎸᏁ ᏄᏍᏛ ᎤᎵᏁᏨᎢ, ᎾᏍᎩ ᎦᎾᏜᏓᎢᏉ ᎾᏍᏉ ᏳᏃᏟᏍᏔ ᎣᏓᎸᎢ ᎠᏎ ᏅᏯ ᏣᎬᏂᏍᏙᏗ ᎨᏒᎢ, ᎠᎴ ᎠᏥᏲᏍᏗᏉ ᎨᏒ ᏗᎬᏩᎶᏒᎯ.
21. ᎠᎴ ᎤᏂᎪᎲ ᎤᏣᏘ ᎤᎾᏰᎯᏍᏗᏳ ᎨᏒ ᎾᏍᎩ ᎢᏳᏍᏗ ᎼᏏ ᎯᎠ ᏄᏪᏎᎢ, ᎤᏣᏘ ᏥᎾᏰᏍᎦ ᎠᎴ ᎠᎩᎾᏫᎭ.
22. ᏌᏯᏂᏍᎩᏂ ᎣᏓᎸ ᎢᏥᎷᏨ, ᎠᎴ ᎬᏂᏛ ᎤᏁᎳᏅᎯ ᎤᏤᎵ ᎦᏚᎲᎢ, ᎾᏍᎩ ᏥᎷᏏᎵᎻ ᎦᎸᎳᏗ ᎡᎯ, ᎠᎴ ᏗᎬᏎᎰᎲᏍᏗ ᏂᎨᏒᎾ ᎨᏥᏅᏏᏓᏍᏗ ᏧᎾᏓᏡᎬᎢ,
23. ᎠᎴ ᎾᎿᎭᏂᎦᏗᏳ ᎤᎾᏓᏟᏌᎲᎢ, ᎠᎴ ᎢᎬᏱ ᎤᎾᏕᏅᎯ ᏧᎾᏁᎶᏗ ᎤᎾᏓᏡᎬᎢ, ᎾᏍᎩ [ᏚᎾᏙᎥ] ᎦᎸᎳᏗ ᏥᏕᎪᏪᎳ, ᎠᎴ ᎾᎿᎭᎤᏁᎳᏅᎯ ᏂᎦᏗᏳ ᏗᎫᎪᏓᏁᎯ [ᎡᎲᎢ,] ᎠᎴ ᎾᎿᎭᏧᎾᏓᏅᏙ ᎤᎾᏓᏅᏘ ᏴᏫ ᎾᏂᏍᎦᏅᎾ ᎢᎨᎬᏁᎸᎯ [ᎠᏁᎲᎢ,]
24. ᎠᎴ ᎾᎿᎭᏥᏌ [ᎡᎲᎢ] ᎾᏍᎩ ᎠᏰᎵ ᎠᎴᎲᏍᎩ ᎢᏤ ᎧᏃᎮᏛ ᏓᏠᎯᏍᏛᎢ, ᎠᎴ ᎾᎿᎭᎩᎬ ᎠᏍᏚᏢᎯ ᎨᏒᎢ, ᎾᏍᎩ ᎤᏟ ᎢᏲᏍᏛ ᎠᏔᏲᎯᎯ ᏥᎩ ᎡᏍᎦᏉ ᎡᏈᎵ [ᎤᎩᎬ.]
25. ᎢᏤᏯᏔᎮᏍᏗ ᏞᏍᏗᏉ ᎡᏥᏲᎢᏎᎸᎩ ᎾᏍᎩ Ꮎ ᏥᎧᏁᎦ. ᎢᏳᏰᏃ ᏄᎾᏓᏗᏫᏎᎸᎾ ᏱᎩ ᎾᏍᎩ Ꮎ ᎤᏂᏲᎢᏎᏛ ᎡᎶᎯ ᎤᏁᏨᎯ, ᎤᏟᎯᏳ ᎬᏩᏟᏍᏗ ᎢᎦᏓᏗᏫᏎᏗᏱ ᎢᏳᏃ ᎢᏴᏛ ᏱᏁᏓᏛᏁᎸ ᎦᎸᎳᏗ ᏨᏗᎧᏁᎦ;
26. ᎾᏍᎩ Ꮎ ᎧᏁᎬ ᎾᎯᏳ ᎡᎶᎯ ᎤᏖᎸᏁᎢ; ᎠᏎᏃ ᎪᎯ ᎨᏒ ᎤᏚᎢᏍᏔᏅ, ᎯᎠ ᏄᏪᏒ, ᎠᏏ ᏌᏉ ᏅᏓᏥᏖᎸᏂ ᎥᏝ ᎡᎶᎯᏉ ᎤᏩᏒ, ᎦᎸᎶᎢᏍᎩᏂ ᎾᏍᏉ.
27. ᎾᏍᎩᏃ ᎯᎠ ᏥᏂᎦᏪᎭ ᎠᏏ ᏌᏉᎢ, ᎾᏍᎩ ᎢᏴᏛ ᎢᏗᎬᏁᏗ ᎨᏒ ᎾᏍᎩ ᏗᏖᎸᏅᎯ ᎨᏒ ᎦᏛᎦ, ᎾᏍᎩ ᏗᎪᏢᏅᎯᏉ ᎾᏍᎩᏯᎢ, ᎾᏍᎩᏃ Ꮎ ᏧᏓᎴᏅᏛ ᏗᎬᏤᎸᏗ ᏂᎨᏒᎾ ᎨᏒ ᎾᎿᎭᏉ ᏗᏍᏆᏂᎪᏙᏗ ᎢᏳᎵᏍᏙᏗᏱ.
28. ᎾᏍᎩ ᎢᏳᏍᏗ ᎾᏍᎩ ᎠᏴ ᏗᎦᏓᏂᎸᏨᎯ ᏥᎩ ᎤᎬᏫᏳᎯ ᎤᏤᎵᎪᎯ ᎨᏒ ᎾᏍᎩ ᎬᏖᎸᏗ ᏂᎨᏒᎾ, ᎬᏩᎦᏘᏯ ᎤᏓᏙᎵᏍᏗ ᎨᏒ ᎢᎩᎮᏍᏗ, ᎾᏍᎩ ᎢᏛᏗᏍᎬ ᎤᏁᎳᏅᎯ ᎣᏍᏛ ᎤᏰᎸᏗ ᏗᎨᎩᎸᏫᏍᏓᏁᏗ ᏱᎩ, ᎦᎸᏉᏗᏳ ᎨᏒ, ᎠᎴ ᎤᏁᎳᏅᎯ ᎦᎾᏰᎯᏍᏗ ᎨᏒ ᏔᎵ ᎢᎬᏗᏕᎬᎢ.
29. ᎢᎦᏁᎳᏅᎯᏰᏃ ᎠᏥᎸ ᎠᏓᎪᎲᏍᏗᏍᎩ.

== Hebrews 13 ==
1. ᎠᎾᎵᏅᏟ ᏗᎨᏳᏗ ᎨᏒ ᏅᏩᏍᏗᏗᏎᏍᏗᏉ.
2. ᏞᏍᏗ ᏱᏨᎨᏫᏍᎨᏍᏗ ᏂᏗᏣᏓᎦᏔᎲᎾ ᏗᏥᏍᏆᏂᎪᏙᏗᏱ; ᎩᎶᏰᏃ ᎾᏍᎩ ᎾᎾᏛᏁᎲ ᎦᎸᎳᏗ ᎠᏁᎯ ᎨᏥᏅᏏᏓᏍᏗ ᏧᏂᏍᏆᏂᎪᏔᏅᎯ ᎢᎩ.
3. ᏕᏣᏅᏓᏗᏍᎨᏍᏗ ᏗᎨᎦᎸᎢᏛ ᎨᏒᎢ, ᎾᏍᎩᏯ ᎢᏧᎳᎭ ᏥᏕᏣᎸᎣᎢ; ᎠᎴ ᎾᏍᎩ Ꮎ ᎤᏲ ᎢᎨᎬᎾᏕᎩ, ᎢᏨᏒᏰᏃ ᎾᏍᏉ ᎠᏰᎸ ᎢᏤᎭ.
4. ᏗᏨᏍᏗ ᎨᏒ ᎾᏂᎥᏉ ᎠᏁᎲ ᎦᎸᏉᏗᏳ ᎨᏎᏍᏗ ᎠᎴ ᏓᎾᏤᎲ ᎦᎳᏫᏎᏗ ᏂᎨᏒᎾ ᎨᏎᏍᏗ; ᎤᏕᎵᏛᏍᎩᏂ ᏗᎾᏂᏏᎲᏍᎩ ᎠᎴ ᏗᎾᏓᏲᏁᎯ ᎤᏁᎳᏅᎯ ᏙᏓᎫᎪᏓᏁᎵ.
5. ᏕᏥᎸᏫᏍᏓᏁᎲ ᏞᏍᏗ ᏧᎬᏩᎶᏗ ᎠᎬᎥᎯᏍᏗ ᎨᏒ ᏳᎵᏠᏯᏍᏕᏍᏗ; ᎠᎴ ᏰᎵᏉ ᎢᏥᏰᎵᏎᏍᏗ ᏄᏍᏛ ᎪᎱᏍᏗ ᎢᏥᎲᎢ; ᎯᎠᏰᏃ ᎢᏳᏪᏛ ᎢᎩ, ᎥᏝ ᎢᎸᎯᏳ ᎤᏁᎳᎩ ᏴᎦᎬᏰᎵᏏ, ᎥᏝ ᎠᎴ ᏴᎦᎬᏴᏕᎩ.
6. ᎾᏍᎩ ᎢᏳᏍᏗ ᏂᏗᎾᏰᏍᎬᎾ ᎯᎠ ᎢᎨᎩᏪᏍᏗ, ᎤᎬᏫᏳᎯ ᎠᎩᏍᏕᎵᏍᎩ, ᎠᎴ ᎥᏝ ᏴᎦᏥᏍᎦᏯ ᏴᏫ ᎢᎦᎬᏋᏁᏗ ᎨᏒᎢ.
7. ᏕᏣᏅᏓᏗᏍᎨᏍᏗ ᎾᏍᎩ Ꮎ ᎨᏣᎦᏌᏯᏍᏗᏕᎩ, ᎾᏍᎩ Ꮎ ᎤᏁᎳᏅᎯ ᎤᏤᎵ ᎧᏃᎮᏛ ᎨᏥᎾᏄᎪᏫᏎᎸᎯ; ᎾᏍᎩ ᏄᏍᏛ ᎤᏃᎯᏳᏒ ᎢᏥᏍᏓᏩᏗᏎᏍᏗ, ᎣᏍᏛ ᎢᏣᏓᏅᏖᎯᏌᏛ ᎨᏎᏍᏗ ᏄᏍᏛ ᏭᎵᏰᎢᎶᎸ ᏚᏂᎸᏫᏍᏓᏁᎸᎢ,
8. ᏥᏌ ᎦᎶᏁᏛ ᏅᏩᏍᏗᏉ ᎤᏒᎯ ᏥᏄᏍᏛ, ᎠᎴ ᎪᎯ ᎢᎦ, ᎠᎴ ᎤᎵᏍᏆᏗᏍᏗ ᏂᎨᏒᎾ.
9. ᏞᏍᏗ ᎫᏓᎴᏅᏛ ᎠᎴ ᏂᏥᎦᏔᎲᎾ ᏗᏕᏲᏗ ᎨᏒ ᏱᏗᏣᏘᏂᏙᎮᏍᏗ; ᎣᏏᏳᏰᏃ ᎬᏩᎦᏘᏯ ᎤᏓᏙᎵᏍᏗ ᎨᏒ ᏳᎵᏍᏓᏱᏗᏍᏗ ᎣᎾᏫ; ᎥᏝᏃ ᏄᏍᏛᏉ ᎥᎵᏍᏓᏴᎲᏍᎬᎢ, ᎾᏍᎩ ᎪᎱᏍᏗ ᎤᎾᎵᏍᏕᎸᏙᏗ ᏭᎵᏰᎢᎶᎸᎯ ᏂᎨᏒᎾ ᎨᏒ ᎾᏍᎩ ᎢᏳᏍᏗ ᎤᎾᎦᏌᏯᏍᏔᏅᎯ ᎨᏒᎢ.
10. ᎠᏥᎸ-ᎨᎳᏍᏗᏱ ᎢᎪᏢᎭ, ᎾᎿᎭᎥᏝ ᏱᏚᏳᎪᏗ ᎤᎾᎵᏍᏓᏴᏗᏱ ᎦᎵᏦᏛᏉ ᎪᎱᏍᏗ ᎠᎾᏛᏁᎯ ᏥᎩ.
11. ᎠᎴᏬ ᏅᎩ ᏗᏂᏅᏌᏗ ᎤᏂᎩᎬ ᎦᎸᏉᏗᏳ ᏗᎨᏒ ᏥᏫᎦᏁᏨᏍᏗᏍᎨ ᏄᎬᏫᏳᏒ ᎠᏥᎸ-ᎨᎶᎯ ᎠᏍᎦᏂ ᎠᎫᏴᏙᏗ, ᎾᏍᎩ ᏗᏂᏰᎸ ᎦᎵᏦᏛ ᏙᏱᏗᏢ ᏓᎾᎪᎲᏍᏗᏍᎨᎢ.
12. ᎾᏍᎩ ᎢᏳᏍᏗ ᏥᏌ ᎾᏍᏉ, ᎾᏍᎩ, ᎾᏂᏍᎦᏅᎾ ᎢᏧᏩᏁᏗᏱ ᏴᏫ ᎤᏩᏒ ᎤᎩᎬ ᎬᏗᏍᎬᎢ, ᎦᎶᎯᏍᏗᏱ [ᏥᎷᏏᎵᎻ] ᏙᏱᏗᏢ ᎤᎩᎵᏲᏤᎢ.
13. ᎾᏍᎩ ᎢᏳᏍᏗ ᎢᏕᎾ ᏪᏗᎷᏥ ᎦᎵᏦᏛ ᏙᏱᏗᏢ, ᎢᎦᏠᏯᏍᏗᏍᎨᏍᏗ ᎦᏰᏥᏐᏢᏗᏍᎬᎢ;
14. ᎠᏂᏰᏃ ᎥᏝ ᎠᏲᎩ ᏂᎨᏒᎾ ᏱᎩᏚᎭ, ᎢᎩᏲᎭᏍᎩᏂ ᎾᏍᎩ ᎢᏳᏍᏗ ᎤᎵᏴᎢᎶᎯᏍᏗ ᎨᏒᎢ.
15. ᎾᏍᎩ ᎢᏳᏍᏗ, ᎾᏍᎩ ᎢᏳᏩᏂᏌᏛ ᏂᎪᎯᎸ ᎤᏁᎳᏅᎯ ᎦᎸᏉᏙᏗ ᎨᏒ ᎢᏓᎵᏍᎪᎸᏗᏍᎨᏍᏗ, ᎾᏍᎩ ᏕᎩᎭᎦᎸ ᏧᎾᏄᎪᏫᏒᎯ ᎢᏓᎵᏍᎪᎸᏗᏍᎨᏍᏗ, ᎾᏍᎩ ᏕᎤᏙᎥ ᎬᏂᎨᏒ ᏂᏛᏁᎲ ᎡᏓᎵᎡᎵᏤᎲᎢ.
16. ᎣᏍᏛᏍᎩᏂ ᏗᏥᎸᏫᏍᏓᏁᏗᏱ ᎠᎴ ᎢᏣᏓᏁᏗᏱ ᏞᏍᏗ ᎢᏨᎨᏫᏒᎩ; ᎾᏍᎩᏰᏃ ᎢᏳᏍᏗ ᏗᎵᏍᎪᎸᏙᏗ ᎨᏒ ᎣᏏᏳ ᎤᏰᎸᎭ ᎤᏁᎳᏅᎯ.
17. ᏕᏦᎯᏳᏎᏍᏗ ᎾᏍᎩ Ꮎ ᎨᏣᎦᏌᏯᏍᏗᏕᎩ, ᎠᎴ ᏕᏣᏓᏲᏍᎨᏍᏗᏉ; ᏗᏣᏓᏅᏙᏰᏃ ᏚᎾᎦᏌᏯᏍᏗᏕᎦ, ᎾᏍᎩᏯ ᎢᏳᎾᏛᏁᏗ ᏥᎩ ᎾᏍᎩ Ꮎ ᎬᏂᎨᏒ ᎢᏳᏅᏁᏗ ᏥᎨᏐ ᏄᎾᏛᏁᎵᏙᎸᎢ; ᎾᏍᎩ ᎠᎾᎵᎮᎵᎬ ᎬᏂᎨᏒ ᎢᎬᏩᏅᏁᏗ ᏱᎩ, ᎥᏝᏃ ᎤᏲᏉ ᏚᎾᏓᏅᏛᎢ; ᎾᏍᎩᏰᏃ ᎥᏝ ᎨᏣᎵᏍᏕᎸᏙᏗ ᏱᎩ.
18. ᎢᏣᏓᏙᎵᏍᏗᏍᎬ ᎠᏴ ᏍᎩᏁᎢᏍᏗᏍᎨᏍᏗ; ᎣᎪᎯᏳᎭᏰᏃ ᎣᏏᏳ ᏂᏙᎬᏅ ᏦᎦᏓᏅᏙ, ᎠᎴ ᎣᎦᏚᎵᎭ ᏂᎦᎥᏉ ᏃᏣᏛᏁᎵᏙᎲ ᏱᏍᏛ ᎢᏲᎦᏛᏁᏗᏱ.
19. ᎯᎠᏍᎩᏂᏃᏅ ᎢᏣᏛᏁᏗᏱ ᎤᏟ ᎢᎦᎢ ᎢᏨᏍᏗᏰᏗᎭ, ᎾᏍᎩ ᏞᎦᎾᎨ ᏗᏤᎲ ᏔᎵᏁ ᏮᏆᏘᏃᎯᏍᏗᏱ.
20. ᎤᏁᎳᏅᏗᏃ ᏅᏩᏙᎯᏯᏛ ᎠᏓᏁᎯ, ᎾᏍᎩ ᎢᎦᏤᎵ ᎤᎬᏫᏳᎯ ᏥᏌ ᎤᏲᎱᏒ ᏔᎵᏁ ᏧᎴᏔᏅᎯ ᏥᎩ, ᎾᏍᎩ Ꮎ ᎠᏥᎸᏉᏗ ᎠᏫ-ᏗᎦᏘᏯ ᎢᏯᎬᏁᎸᎯ, ᎬᏔᏅᎯ ᎩᎬ, ᎠᏲᎩ ᏂᎨᏒᎾ ᎧᏃᎮᏛ ᏓᏠᎯᏍᏛ ᎠᏍᏓᏱᏗᏍᎩ,
21. ᏂᏥᎪᎸᎾ ᎢᏨᏁᏗ ᎨᏎᏍᏗ, ᏂᎦᎥ ᎣᏍᏛ ᏗᎦᎸᏫᏍᏓᏁᏗ ᎨᏒ ᎾᏍᎩ ᏗᎨᏥᎸᏫᏍᏓᏁᏗ ᎣᏏᏳ ᎤᏰᎸᏗ ᎢᏳᎵᏍᏙᏗᏱ, ᎾᏍᎩ ᎣᏍᏛ ᎤᏰᎸᏗ ᎨᏒ ᎢᏣᏛᏁᏗᏱ ᏂᏨᏁᎲ ᏥᏌ ᎦᎶᏁᏛ ᎢᏳᏩᏂᏌᏛ; ᎾᏍᎩ ᎠᏥᎸᏉᏙᏗ ᎨᏎᏍᏗ ᏂᎪᎯᎸ ᎠᎴ ᏂᎪᎯᎸᎢ. ᎠᎺᏅ.
22. ᎠᎴ ᎢᏨᏍᏗᏰᏗᎭ, ᎢᏓᎵᏅᏟ, ᎤᏓᏅᏘ ᏗᏣᏓᏂᎸᎢᏍᏗᏱ ᎢᏨᏬᏁᏗᏍᎬᎢ; ᎢᎸᏍᎩᏉᏰᏃ ᎢᎧᏁᏨᎯ ᎢᏨᏬᏁᏓ ᎠᏂ ᎪᏪᎵᎯ.
23. ᎢᏣᏅᏖᏍᏗ ᎾᏍᎩ ᏗᎹᏗ ᎢᏓᎵᏅᏟ ᎤᏁᎳᏛᎢ; ᎢᏳᏃ ᏂᎪᎯᎸᎾ ᎢᎦᎷᏨᎭ ᎢᏨᎪᏩᏛᏗ ᎢᎨᏎᏍᏗ ᎾᏍᎩ ᎣᏍᏕᎮᏍᏗ.
24. ᏕᏥᏲᎵᎸᎭ ᏂᎦᏛ ᎨᏣᎦᏌᏯᏍᏗᏕᎩ, ᎠᎴ ᏂᎦᏛ ᎤᎾᏓᏅᏘ. ᎢᏓᎵ ᎠᏁᎯ ᏫᎨᏥᏲᎵᎦ.
25. ᎬᏩᎦᏘᏯ ᎤᏓᏙᎵᏍᏗ ᎨᏒ ᏕᏥᎧᎿᎭᏩᏗᏙᎮᏍᏗ ᏂᏥᎥᎢ. ᎡᎺᏅ.

== James 1 ==
1. ᏥᎻ, ᎤᏁᎳᏅᎯ ᎠᎴ ᏥᏌ ᎦᎶᏁᏛ ᎬᏩᏅᏏᏛ, ᏫᏥᏲᎵᎦ ᏔᎳᏚ ᏂᏥᎳᏍᏓᎸ ᎢᏣᏗᎦᎴᏲᏨᎯ ᏥᎩ.
2. ᎢᏓᎵᏅᏟ, ᎤᏣᏘ ᎤᎵᎮᎵᏍᏗᏳ ᎢᏥᏰᎸᏎᏍᏗ, ᎢᏳᏃ ᏧᏓᎴᏅᏛ ᎢᏥᎪᎵᏰᏍᎩ ᎢᏣᎵᏩᏛᎡᎮᏍᏗ.
3. ᎯᎠ ᎾᏍᎩ ᎢᏥᎦᏔᎮᏍᏗ, ᎢᏦᎯᏳᏒ ᎠᎪᎵᏰᏗ ᎨᏒ ᎢᏨᏂᏗᏳ ᏂᏨᏁᎲᎢ.
4. ᎠᏗᎾ ᎢᏨᏂᏗᏳ ᎨᏒ ᎤᎧᎵᏨᎯ ᏧᎸᏫᏍᏓᏁᏗ ᎨᏒ ᏚᎸᏫᏍᏓᏁᎮᏍᏗ; ᎾᏍᎩᏃ ᏂᎯ ᎢᏥᎧᎵᏨᎯ ᎠᎴ ᎢᏥᏃᏍᏛ ᎨᏎᏍᏗ, ᎪᎱᏍᏗ ᏂᏥᎪᎸᎾ.
5. ᎢᏳᏃ ᎩᎶ ᏂᎯ ᎢᏤᎲ ᎠᎦᏙᎥᎯᏍᏗ ᎨᏒ ᎤᏂᎬᎨᏍᏗ, ᎤᏁᎳᏅᎯ ᎠᏔᏲᏎᎮᏍᏗ, ᎾᏍᎩ ᎾᏂᎥ ᏄᎵᏏᏅᏛᎾ ᏗᏁᎯᏥᎩ, ᎠᎴ ᏂᏓᏍᎦᎬᎾ ᏥᎩ; ᎠᎴ ᎠᏎ ᎠᏥᏁᏗ ᎨᏎᏍᏗ.
6. ᎠᏗᎾ ᎤᏬᎯᏳᎯᏳ ᎨᏎᏍᏗ ᎠᏔᏲᎯᎮᏍᏗ, ᎪᎱᏍᏗ ᏄᏜᏓᏏᏛᎡᎲᎾ; ᎤᏜᏓᏏᏛᎡᎯᏰᏃ ᎾᏍᎩᏉ ᎠᎺᏉᎯ ᏓᎵᏍᏗᎳᏁᎬ ᎤᏃᎴ ᏧᏃᎸᏔᏂᏙᎰ ᎠᎴ ᏧᎨᎯᏙᎰᎢ.
7. ᏞᏍᏗ ᎾᏍᎩ ᎠᏍᎦᏯ, ᎤᎬᏫᏳᎯ ᎪᎱᏍᏗ ᏛᎩᏁᎵ, ᏰᎵᏍᎨᏍᏗ.
8. ᎠᏍᎦᏯ ᏔᎵ ᎢᏳᏓᎢ ᎤᏓᏅᏛᎢ ᎤᏁᏟᏴᏌᏘ ᎨᏐᎢ ᏂᎦᎥ ᏚᎸᏫᏍᏓᏁᎲᎢ.
9. ᎢᏣᏓᏅᏟ ᎨᏒ ᎤᏲ ᎢᏳᏛᎿᎭᏕᎩ ᏩᎵᎮᎵᎩ ᎠᏥᏌᎳᏓᏅᎢ,
10. ᎤᏪᎿᎭᎢᏍᎩᏂ ᎡᎳᏗ ᎾᎬᏁᎸᎢ; ᎧᏃᏍᎦᏰᏃ ᎤᏥᎸᏒ ᏥᎦᎶᏍᎪ ᎾᏍᎩᏯ ᏓᎦᎶᏐᏂ.
11. ᎵᎧᎸᎩᏉᏰᏃ ᏅᏙ ᎤᏗᎴᎩ, ᎿᎭᏉ ᎬᏴᏗᏍᎪ ᎧᏃᏍᎦ, ᎠᎴ ᎤᏥᎸᏒ ᎦᏙᎠᏍᎪᎢ, ᎠᎴ ᎤᏬᏚᎯᏳ ᎨᏒ ᎤᏙᏢᏒ ᎠᏲᎪᎢ. ᎾᏍᎩᏯ ᎾᏍᏉ ᎤᏪᎿᎭᎢ ᏓᎬᏴᏏ ᏚᎸᏫᏍᏓᏁᎲᎢ.
12. ᎣᏏᏳ ᎢᏳᎵᏍᏓᏁᏗ ᎾᏍᎩ Ꮎ ᎠᏍᎦᏯ ᎤᎪᎵᏰᏍᎩ ᏧᏱᎵᏙᎰ ᎬᏂᏗᏳ ᏥᎨᏐᎢ, ᎠᏥᎪᎵᏰᎥᎯᏰᏃ ᎨᏎᏍᏗ ᎬᏂᏛ ᎠᎵᏍᏚᎶ ᎠᏥᏅᏁᏗ ᎨᏎᏍᏗ, ᎾᏍᎩ ᎤᎬᏫᏳᎯ ᏧᏚᎢᏍᏓᏁᎸᎯ ᏥᎩ ᎬᏩᎨᏳᎯ.
13. ᏞᏍᏗ ᎩᎶ ᎢᏳᏃ ᎠᏥᎪᎵᏰᏍᎨᏍᏗ, ᎤᏁᎳᏅᎯ ᎠᎩᎪᎵᏰᎭ ᎤᏛᏅᎩ; ᎤᏁᎳᏅᎯᏰᏃ ᎥᏝ ᎦᏰᏥᎪᎵᏰᏗ ᏱᎩ ᎤᏲ ᎠᎬᏓᏁᎲᎢ, ᎥᏝ ᎠᎴ ᎤᏩᏒ ᎩᎶ ᏯᎪᎵᏰᏍᎪᎢ.
14. ᎩᎶᏍᎩᏂ ᎠᏥᎪᎵᏰᏍᎪᎢ ᎢᏳᏃ ᎤᏩᏒ ᎤᏚᎵᏍᎬ ᏧᏘᏁᎯ ᎠᎴ ᏧᏌᏛᎥᏍᎪᎢ.
15. ᎿᎭᏉᏃ ᎠᏚᎸᏗ ᎨᏒ ᎠᏙᏢᎾ ᎠᏍᎦᏂ ᎦᎾᏄᎪᏫᏍᎪᎢ; ᎠᏍᎦᏂᏃ ᎠᏍᏆᏓ ᎿᎭᏉ ᎠᏲᎱᎯᏍᏗ ᎨᏒ ᎦᎾᏄᎪᏫᏍᎪᎢ.
16. ᏞᏍᏗ ᎢᏂᎵᏓᏍᏓᏅᎩ, ᎢᏨᎨᏳᎢ ᎢᏓᏓᏅᏟ;
17. ᏂᎦᎥ ᎣᏍᏛ ᎠᏓᏁᏗ ᎨᏒᎢ, ᎠᎴ ᏂᎦᎥ ᎣᏌᏂ ᎠᏓᏁᏗ ᎨᏒ ᎦᎸᎳᏗ ᏗᏓᎴᎲᏍᎦ ᎠᎴ ᎠᏠᎠᏏᎯᎭ ᏗᏓᎴᎲᏍᎦ ᎠᎦᏴᎵᎨᏍᏛᏱ ᎢᎦᎦᏘ ᎤᏪᎯ, ᎾᏍᎩ ᎬᏩᏓᏁᏟᏴᏍᏗ ᏂᎨᏒᎾ ᎨᏒᎢ, ᎠᎴ ᎬᏩᎦᏔᎲᏍᏗ ᎨᏒ ᏄᏓᏴᎳᏛᏫ ᎨᏒᎢ.
18. ᎤᏩᏒ ᎤᏓᏅᏖᏛ ᎢᎩᎾᏄᎪᏫᏒ ᎤᏩᏔᏅ ᎧᏃᎮᏛ ᎦᏰᎪᎩ ᏂᎨᏒᎾ, ᎾᏍᎩ ᎠᏴ ᎢᎬᏱ ᎡᎦᏁᎳᏅᎯ ᎾᏍᎩᏯ ᎢᎦᎵᏍᏙᏗᏱ ᎾᏍᎩ ᎨᎦᏁᎳᏅᎯ ᎨᏒᎢ.
19. ᎾᏍᎩ ᎢᏳᏍᏗ ᎢᏨᎨᏳᎢ ᎢᏓᎵᏅᏟ, ᎾᏂᎥ ᎣᏏᏄᎵᏳ ᎨᏎᏍᏗ Ꮎ ᎤᏛᎪᏗᏱ, ᎤᏍᎦᏃᎵᏳ ᎨᏎᏍᏗ ᎤᏂᏁᎢᏍᏗᏱ, ᎤᏍᎦᏃᎵᏳ ᎤᏂᏔᎳᏬᎯᏍᏗᏱ.
20. ᏴᏫᏰᏃ ᎤᏔᎳᏬᏍᎬᎢ ᎥᏝ ᏱᎦᎾᏄᎪᏫᏍᎪ ᏚᏳᎪᏛ ᎤᏁᎳᏅᎯ ᎤᏤᎵᎦ.
21. ᎾᏍᎩ ᎢᏳᏍᏗ ᎢᏴᏛ ᏂᏨᏁᎮᏍᏗ ᏂᎦᎥ ᎦᏓᎭ ᎨᏒᎢ ᎠᎴ ᎤᎶᏒᏍᏔᏅᎯ ᎤᏲ ᎨᏒᎢ, ᎠᎴ ᎤᏓᏙᎵᏍᏗ ᎢᏨᏔᏅᎭ ᏕᏣᏓᏂᎸᏨᎭ ᎧᏃᎮᏛ ᎬᏱᏝᏅᎯ, ᎾᏍᎩ ᏰᎵᏉ ᏗᎬᏩᏍᏕᎸᏗ ᏥᎩ ᏗᏣᏓᏅᏙᎩ.
22. ᎠᏎᏃ ᎧᏃᎮᏛ ᏂᎦᏪᏍᎬ ᎢᏣᏛᏁᎯ ᎨᏎᏍᏗ, ᏞᏍᏗᏃ ᎢᏣᏛᎩᏍᎩᏉ ᎤᏩᏒ ᏱᎨᏎᏍᏗ, ᎢᏨᏒ ᏱᏣᏓᎵᏓᏍᏗᏍᎨᏍᏗ.
23. ᎢᏳᏰᏃ ᎩᎶ ᎠᏛᎩᏍᎩᏉ ᏱᎩ ᎢᏯᏛᏁᎯᏃ ᏂᎨᏒᎾ ᏱᎩ ᎧᏃᎮᏛ ᏂᎦᏪᏍᎬᎢ, ᎾᏍᎩ ᎠᏍᎦᏯ ᏓᏤᎸ ᏣᎪᏩᏘᏍᎪ ᏄᏍᏛ ᎤᏩᏒ ᎤᎧᏛᎢ ᎠᏓᎨᏗᏱ;
24. ᎤᏩᏒᏰᏃ ᎠᏓᎪᏩᏘᏍᎪᎢ, ᎠᎴ ᎠᏓᏅᏍᎪᎢ, ᎩᎳᏉᏃ ᎢᏴᏛ ᎤᏩᎨᏫᏍᎪ ᏄᏍᏛᎢ.
25. ᎩᎶᏍᎩᏂ ᎣᏍᏛ ᎠᎪᎵᏰᏍᎨᏍᏗ ᎠᎧᎵᎸᎯ ᏗᎧᎿᎭᏩᏛᏍᏗ ᎬᏓᎧᎲᏍᎩ ᏥᎩ, ᎠᎴ ᎦᏯᎢᏎᏍᏗ, ᎾᏍᎩ ᎠᏍᎦᏯ ᎣᏍᏛ ᎤᏓᏅᏓᏗᏍᏗ ᎨᏎᏍᏗ ᏚᎸᏫᏍᏓᏁᎲᎢ, ᎾᏍᎩᏰᏃ ᎤᏩᎨᏫᏌᏘ ᏂᎨᏒᎾ ᎠᏛᎩᏍᎩ, ᏧᎸᏫᏍᏓᏁᎯᏍᎩᏂ ᏗᎦᎸᏫᏍᏓᏁᏗ ᎨᏒᎢ.
26. ᎢᏳᏃ ᎩᎶ ᎢᏤᎲ ᏳᏓᏑᏯ ᏧᏁᎶᏗ ᏱᏅᏩᏍᏗ, ᏂᎦᎾᎯᏍᏗᏍᎬᎾᏃ ᏱᎩ ᎦᏃᎪᎢ, ᎤᏩᏒᏉᏍᎩᏂ ᎤᎾᏫ ᎦᎵᏓᏍᏗᏍᎩ ᏱᎩ, ᎾᏍᎩ ᎠᏍᎦᏯ ᏧᏁᎶᏗ ᎨᏒ ᎠᏎᏉᎢ.
27. ᎣᏍᏛ ᏗᏁᎶᏙᏗ ᎨᏒ ᎠᎴ ᎦᏓᎭ ᏂᎨᏒᎾ ᎠᎦᏔᎲ ᎤᏁᎳᏅᎯ ᎠᎦᏴᎵᎨᎢ, ᎯᎠ ᏄᏍᏗ, ᏗᏩᏛᎯᏓᏍᏗᏱ ᏧᎾᏓᏂᏯᏛ ᎠᎴ ᏧᏃᏑᎶᏨᎯ ᎤᏲ ᏄᎾᏛᎾᏕᎬᎢ, ᎠᎴ ᎤᎵᏍᏆᏂᎪᏙᏗᏱ ᎤᏩᏒ ᏄᏚᏯᏍᏛᎾ ᎢᏳᎵᏍᏙᏗᏱ ᎡᎶᎯ ᎠᏁᎯ ᏄᎾᏍᏛ ᎢᏳᎵᏍᏙᏗᏱ ᏂᎨᏒᎾ.

== James 2 ==
1. ᎢᏓᎵᏅᏟ, ᎡᏦᏳᏒ ᎦᎸᏉᏗᏳ ᎤᎬᏫᏳᎯ ᎢᎦᏤᎵ ᏥᏌ ᎦᎶᏁᏛ, ᏞᏍᏗ ᏔᎵ ᏳᏛᏕᏍᏗ ᏗᏓᎸᏉᏙᏗ ᎨᏒᎢ.
2. ᎢᏳᏰᏃ ᎩᎶ ᎠᏍᎦᏯ ᏳᏴᎵᎸ ᏕᏥᎳᏫᎥᎢ ᎠᏕᎸ ᏓᎶᏂᎨ ᎤᎵᏰᏑᏍᏙᎩ ᏧᏬᏚᎯ ᏧᏄᏩᎢ, ᎾᏍᏉᏃ ᏳᏴᎵᎸ ᎤᏲ ᎢᏳᏛᎾᏕᎩ ᏗᎦᏓᎭ ᏧᏄᏩᎢ;
3. ᏰᏥᎸᏉᏔᏅᏃ ᏧᏬᏚᎯ ᏧᏄᏩᎢ, ᎠᎴ ᎯᎠ ᏱᏁᏥᏪᏎᎸ, ᎠᏂ ᎣᏍᏛ ᎨᏒ ᎯᎲᎦ, ᎤᏲᏃ ᎢᏳᏛᎿᎭᏕᎩ ᎯᎠ ᏱᏁᏥᏪᏎᎸ, ᎾᎿᎭᎾ ᎯᏙᎨᏍᏗ, ᎠᎴ ᎠᏂ ᎯᎲᎦ ᎯᏆᎳᏏᏗᏱ ᎠᎩᏍᎩᎸ ᎭᏫᏂᏗᏢ;
4. ᏞᏍᏗ ᎿᎭᏉ ᏕᏣᏓᏅᏛ ᏱᏗᏣᏓᎸᏉᏗᎭ, ᎠᎴ ᏝᏍᎪ ᏗᏧᎪᏗᏍᎩ ᎤᏲ ᎢᏣᏓᏅᏖᏍᎩ ᏱᏂᏣᎵᏍᏔᏅ?
5. ᎢᏣᏛᎬᎦ ᎢᏨᎨᏳᎢ ᎢᏓᎵᏅᏟ, ᏝᏍᎪ ᎤᏁᎳᏅᎯ ᏱᏚᏑᏰᏒ ᎤᏲ ᎢᏳᎾᏛᎿᎭᏕᎩ ᎡᎶᎯ ᎠᏁᎯ, ᎤᏁᎿᎭᎢᏳ ᎪᎯᏳᏗ ᎨᏒᎢ, ᎠᎴ ᎤᎾᏙᎵᎦ ᎤᏤᎵᎪᎯ ᎾᏍᎩ ᏧᏚᎢᏍᏓᏁᎸᎯ ᏥᎩ ᎬᏩᎨᏳᎯ?
6. ᏂᎯᏍᎩᏂ ᎥᏝ ᏰᏥᎦᏌᏯᏍᏔᏅ ᎤᏲ ᎢᏳᏛᎿᎭᏕᎩ. ᏝᏍᎪ ᏧᏁᎿᎭᎢ ᎤᏲ ᏱᏂᎨᏨᎿᎭᏕᎪᎢ, ᎠᎴ ᏱᏗᎨᏣᏘᏃᎯᎰ ᏗᎫᎪᏙᏗᏱ?
7. ᏝᏍᎪ ᏯᏂᏐᏢᎢᏍᏗᏍᎪ ᎦᎸᏉᏗᏳ ᏕᎤᏙᎥ ᎾᏍᎩ ᏂᎯ ᏤᏦᏍᏔᏅᎯ ᏥᎩ?
8. ᎢᏳᏃ ᎢᏥᎧᎵᎢᎮᏍᏗ ᎦᎸᏉᏗᏳ ᏗᎧᎿᎭᏩᏛᏍᏗ ᎾᏍᎩᏯ ᏂᎬᏅ ᎪᏪᎸᎢ, “ᏨᏒ ᏥᏂᏣᏓᎨᏳᎭ ᏂᎨᏳᏎᏍᏗ ᎾᎥ ᎢᏗᏍᏓᏓᎳ,” ᏣᏗᎭ, ᎣᏏᏳ ᏱᏂᏣᏛᎦ.
9. ᎢᏳᏍᎩᏂᏃ ᏙᏣᏓᎸᏉᏗᏍᎨᏍᏗᏉ, ᎢᏥᏍᎦᏅᎨᏍᏗ, ᎠᎴ ᏗᎧᎾᏩᏛᏍᏗ ᏕᏧᎪᏓᏁᎮᏍᏗ ᎢᏥᏍᎦᏅᏨᎯ ᎨᏒᎢ.
10. ᎩᎶᏰᏃ ᏂᎦᏛ ᏗᎧᎿᎭᏩᏛᏍᏗ ᏱᏓᎧᎿᎭᏩᏕᎦ, ᏑᏓᎴᎩᏉᏃ ᎪᎱᏍᏗ ᏯᏲᏍᏗᎭ, ᏂᎦᏛ ᏚᏲᏍᏔᏃᎢ.
11. ᎯᎠᏰᏃ ᎢᏳᏪᏛ ᏥᎩ, “ᏞᏍᏗ ᏣᏓᏲᏁᎸᎩ,” ᎾᏍᏉ ᎯᎠ ᎢᏳᏪᏛ ᎢᎩ, “ᏞᏍᏗ ᏣᏓᎸᎩ;” ᎾᏍᎩᏃ ᎢᏳᏃ ᏂᏣᏓᏲᏁᎸᎾ ᏱᎩ, ᎠᏎᏃ ᏱᏣᏓᎸ, ᎿᎭᏉ ᏗᎧᎿᎭᏩᏛᏍᏗ ᎯᏲᏍᏗᏍᎩ ᏄᎵᏍᏔᏅ.
12. ᎢᏥᏁᎬᎢ ᎠᎴ ᏕᏥᎸᏫᏍᏓᏁᎲᎢ ᎾᏍᎩᏯ ᎨᏎᏍᏗ ᏄᏍᏛ ᎤᏂᏁᎢᏍᏗ ᎨᏒ ᎠᎴ ᏧᏂᎸᏫᏍᏓᏁᏗ ᎨᏒ ᎾᏍᎩ Ꮎ ᏗᎨᎫᎪᏓᏁᏗ ᏥᎩ ᏗᎧᎿᎭᏩᏛᏍᏗ ᎬᏓᎧᎲᏍᎩ ᎨᎬᏓᏁᏗ ᏥᎩ.
13. ᎾᏥᏙᎵᎬᎾᏰᏃ ᏣᎫᎪᏓᏁᏗ ᎨᏎᏍᏗ ᏄᏓᏙᎵᏨᎯ; ᎠᏓᏙᎵᏍᏗᏃ ᎨᏒ ᎠᏓᎵᏁᏗᏕᎭ ᏗᎫᎪᏙᏗ ᎨᏒᎢ.
14. ᎦᏙ ᎬᏙᏗ, ᎢᏓᎵᏅᏟ, ᎢᏳᏃ ᎩᎶ ᎠᏉᎯᏳᎭ ᏯᏗᎭ, ᏂᏚᎸᏫᏍᏓᏁᎲᎾᏃ ᏱᎩ? ᎤᏬᎯᏳᏒᏍᎪ ᏰᎵᏉ ᏳᏍᏕᎸ?
15. ᎢᏳᏃ ᎩᎶ ᎢᎩᏅᏟ ᎠᎴ ᎢᎩᏙ ᏧᏂᏰᎸᎭ ᏱᎩ, ᎠᎴ ᏳᏂᏂᎬᎦ ᏂᏚᎩᏨᏂᏒ ᎠᎵᏍᏓᏴᏗ ᎨᏒᎢ,
16. ᎩᎶᏃ ᏂᎯ ᎢᏣᏓᏡᎬ ᎯᎠ ᏱᏂᏚᏪᏎᎸ; ᏅᏩᏙᎯᏯᏛ ᏥᏤᎾ, ᎢᏥᎦᎾᏬᏒᎯ ᎠᎴ ᏗᏦᎸᏒᎯ ᎨᏎᏍᏗ; ᏂᏗᏥᏁᎲᎾᏃ ᎢᎨᏎᏍᏗ ᎠᏰᎸ ᎤᎵᏍᏕᎸᏙᏗ ᎨᏒᎢ; ᎦᏙ ᎬᏙᏗ ᎾᏍᎩ?
17. ᎾᏍᎩᏯ ᎾᏍᏉ ᎪᎯᏳᏗ ᎨᏒᎢ, ᎢᏳᏃ ᏔᎵ ᏄᏛᏛᎾ ᎢᎨᏎᏍᏗ ᏗᎦᎸᏫᏍᏓᏁᏗ ᎨᏒᎢ, ᎤᎵᏬᏨᎯ, ᎤᏩᏒᏉ ᎨᏒ ᎢᏳᏍᏗ.
18. ᎤᏙᎯᏳᎯ ᎩᎶ ᎯᎠ ᏱᏅᎦᏫ, ᏂᎯ ᏦᎯᏳᎭ, ᎠᏴᏃ ᏓᎩᎸᏫᏍᏓᏁᎭ; ᎬᏂᎨᏒ ᏂᏍᏋᏂᏏ ᏦᎯᏳᏒ ᏕᏣᎸᏫᏍᏓᏁᎲ ᏅᏗᏍᎬᎾ ᎨᏒᎢ, ᎠᏴᏃ ᎬᏂᎨᏒ ᏅᏓᎬᏴᏁᎵ ᎠᏉᎯᏳᏒ ᏓᎩᎸᏫᏍᏓᏁᎲ ᎬᏗᏍᎬᎢ.
19. ᏂᎯ ᎰᎯᏳᎲᏍᎦ ᎠᏏᏴᏫ ᎡᎲ ᎤᏁᎳᏅᎯ. ᎣᏏᏳ ᎿᎭᏛᏁᎭ. ᎠᏂᏍᎩᎾ ᎾᏍᏉ ᎠᏃᎯᏳᎲᏍᎦ, ᎠᎴ ᏚᏂᎾᏫᎭ.
20. ᏣᏚᎵᏍᎪᏃ ᏣᎦᏙᎥᎯᏍᏗᏱ, ᏂᏣᏓᏅᏛᎾ ᎯᏍᎦᏯ, ᎪᎯᏳᏗ ᎨᏒ ᎤᎵᏬᏨᎯ ᎨᏒ ᏗᎦᎸᏫᏍᏓᏁᏗ ᎨᏒ ᏔᎵ ᏄᏛᏛᎾ ᏱᎩ?
21. ᏝᏍᎪ ᎡᏆᎭᎻ ᎢᎩᏙᏓ ᏳᏚᏓᎴᏍᏔᏁ ᏚᎸᏫᏍᏓᏁᎲᎢ, ᎤᎵᏍᎪᎸᏔᏅ ᎤᏪᏥ ᎡᏏᎩ ᎠᏥᎸ ᎨᎳᏍᏗᏱ?
22. ᎯᎪᏩᏘᎭ ᎪᎯᏳᏗ ᎨᏒ ᎤᏍᏕᎸᎲ ᏚᎸᏫᏍᏓᏁᎸᎢ, ᎾᏍᎩᏃ ᏚᎸᏫᏍᏓᏁᎸ ᎤᏩᏔᏅ ᎪᎯᏳᏗ ᎨᏒ ᎤᎧᎵᎸᎢ.
23. ᎪᏪᎸᏃ ᎤᏙᎯᏳᏁᎢ ᎯᎠ ᏥᏂᎦᏪᎭ; “ᎡᏆᎭᎻ ᎤᏬᎯᏳᏅᎩ ᎤᏁᎸᏅᎯ, ᎾᏍᎩᏃ ᏚᏳᎪᏛ ᏗᎦᎸᏫᏍᏓᏁᏗ ᎨᏒ ᎤᏠᏱ ᎠᏥᏰᎸᎾᏁᎸᎩ.” ᎾᏍᎩᏃ ᎤᏁᎳᏅᎯ ᎤᎾᎵᎢ ᎠᎪᏎᎲᎩ.
24. ᎾᏍᎩᏃ ᎢᏥᎪᏩᏘᎭ ᏴᏫ ᏕᎤᎸᏫᏍᏓᏁᎲ ᎠᏚᏓᎴᏍᏗᏍᎬᎢ, ᎥᏝᏃ ᎪᎯᏳᏗᏉ ᎨᏒ ᎤᏩᏒ.
25. ᎠᎴ ᎾᏍᏉ ᎴᎭᏫ ᎤᏁᎫᏥᏛ ᏝᏍᎪ ᏕᎤᎸᏫᏍᏓᏁᎲ ᏳᏚᏓᎴᏍᏔᏁᎢ ᏚᏓᏂᎸᏨ ᎾᏍᎩ Ꮎ ᏅᏓᎨᏥᏅᏏᏛ ᎠᎴ ᏚᏅᏫᏍᏔᏅ ᎤᏣᏘᏂ ᎢᏗᏢ ᏭᏂᎶᎯᏍᏗᏱ?
26. ᎠᏰᎸᏰᏃ ᎠᏓᏅᏙ ᏄᏪᎲᎾ ᏱᎩ ᎤᏓᏬᏨᎯ ᏥᎨᏐᎢ, ᎾᏍᎩᏯᏉ ᎪᎯᏳᏗ ᎨᏒ ᏔᎵ ᏄᏛᏛᎾ ᏱᎩ ᏗᎦᎸᏫᏍᏓᏁᏗ ᎨᏒ ᎾᏍᏉ ᎤᎵᏬᏨᎯ ᎨᏐᎢ.

== James 3 ==
1. ᎢᏓᎵᏅᏟ ᏞᏍᏗ ᎢᏥᏣᏘ ᏗᏣᏕᏲᎲᏍᎩ ᏱᎨᏎᏍᏗ, ᎢᏥᎦᏔᎭᏰᏃ ᎤᏟ ᎢᎦᎢ ᎢᎩᏍᏛᏗᏍᏗ ᎨᏒᎢ;
2. ᎤᏣᏘᏰᏃ ᎢᏳᏓᎴᎩ ᏂᏗᎥ ᎢᏗᏍᎦᏅᎪᎢ. ᎢᏳᏃ ᎩᎶ ᎦᏬᏂᏍᎬ ᎾᏍᎦᏅᎬᎾ ᏥᎨᏐᎢ, ᎾᏍᎩ ᏄᎪᎸᎾ ᎨᏐ ᎠᏍᎦᏯ, ᏰᎵᏉ ᎾᏍᏉ ᎬᏪᎾᎯᏍᏙᏗ ᏂᎬ ᎠᏰᎸᎢ.
3. ᎬᏂᏳᏉ ᏕᏗᎭᎾᎳᏗᏍᎪ ᏐᏈᎵ ᎨᎪᎯᏳᏗᏱ, ᎠᎴ ᏂᎬ ᏗᏂᏰᎸ ᏕᏗᎪᎸᏏᏙᎰᎢ.
4. ᎬᏂᏳᏉ ᎾᏍᏉ ᏥᏳᏧᏛᎾ ᏤᏉᎯᏳᏍᎩᏂᏃᏅ ᎠᎴ ᎤᏍᎦᏎᏗ ᎤᏃᎴ ᏕᎦᏂᏙᎰᎢ, ᎠᏎᏃ ᏓᏂᎦᏔᎲᏏᏙᎰ ᎠᏅᏘᏍᎪ ᎤᏍᏗᎩᏳ ᎦᏌᏛᏍᏗ ᎾᎿᎭᏉ ᎢᏗᏢ ᎤᏚᎸ ᎦᏌᏛᏍᎩ.
5. ᎾᏍᎩᏯ ᎾᏍᏉ ᎦᏃᎦ ᎤᏍᏗᎩᏳ, ᎠᏎᏃ ᎡᏉᎯᏳ ᎦᏬᏂᏍᎪᎢ. ᎬᏂᏳᏉ ᎤᏍᏗ ᎠᏥᎸ ᏄᏣᏔ ᎠᏓ ᏓᏥᏍᏢᏍᎪᎢ.
6. ᎠᎴ ᎦᏃᎦ ᎠᏥᎸ ᎾᏍᎩᏯᎢ ᎠᎴ ᎡᎶᎯ ᎠᎧᎵᎢ ᏂᏚᏳᎪᏛᎾ ᎨᏒ ᎾᏍᎩᏯ. ᎾᏍᎩᏯ ᏄᏍᏗ ᎦᏃᎦ ᎤᏓᏑᏴ ᎢᎦᏙᏢᏒᎢ, ᎾᏍᎩ ᎦᏓᎭ ᎢᎬᏁᎯ ᏂᎬ ᎠᏰᎸᎢ, ᎠᎴ ᎠᏥᏍᏢᏍᎩ ᎠᎢᏒ ᎠᏁᎳᏅᎯ ᎨᏒᎢ, ᎠᎴ ᏨᏍᎩᏃᎢ ᎤᏓᏳᏓᎴᏅᎯ ᎠᏥᏥᏍᏝᏫᏍᏗᏍᎩ.
7. ᏄᎾᏓᎴᏒᏰᏃ ᎢᎾᎨ ᎠᏁᎯ ᎠᎴ ᎠᏂᏃᎯᎵᏙᎯ ᎠᎴ ᎠᎾᏓᎾᏏᏂᏙᎯ ᎠᎴ ᎠᎺᏉᎯ ᎠᏁᎯ, ᏗᏓᏅᏘᏐᏙᏗ ᎠᎴ ᏧᏓᏅᏘᏐᏔᏅᎯ ᏴᏫ.
8. ᎦᏃᎦᏍᎩᏂ ᎥᏝ ᎩᎶ ᏰᎵ ᏴᎬᏓᏅᏘᏐᏓ, ᎾᏍᎩ ᎤᏲᎢ ᎬᏎᎪᎩᏍᏗ ᏂᎨᏒᎾ, ᎠᎧᎵᎢ ᎠᏓᎯᎯ ᏅᏬᏘ.
9. ᎾᏍᎩ ᎢᏛᏗᏍᎪᎢ ᎡᏗᎸᏉᏗᏍᎪ ᎤᏁᎳᏅᎯ ᎠᎦᏴᎵᎨᎢ, ᎠᎴ ᎾᏍᎩ ᎢᏛᏗᏍᎪᎢ ᏕᏗᏍᎩᏅᏗᏍᎪ ᏴᏫ ᎾᏍᎩ ᎤᏁᎳᏅᎯ ᏄᏍᏛ ᎢᎨᎬᏁᎸᎯ ᎨᎪᏢᏅᎯ
10. ᎾᏍᎩ ᏌᏉ ᎠᎰᎵ ᏗᎦᏄᎪᎪ ᎦᎸᏉᏙᏗ ᎨᏒ ᎠᎴ ᎠᏍᎩᏅᏗᏍᏗ ᎨᏒᎢ. ᎢᏓᎵᏅᏟ, ᎥᏝ ᎣᏏᏳ ᏱᎩ ᎾᏍᎩ ᏥᏄᏍᏗ.
11. ᏥᎪ ᏌᏉ ᎦᏄᎪᎬ ᏗᎦᏄᎪᎪ ᎤᎦᎾᏍᏛ ᎠᎹ ᎠᎴ ᎤᏴᏍᏗ?
12. ᎢᏓᎵᏅᏟ, ᏥᎪ ᏒᎦᏔ-ᎢᏳᏍᏗ ᏡᎬ ᏰᎵᏉ ᏯᎾᏓᏛᎦ ᎣᎵᏩ ᏡᎬ ᎠᎾᏓᏛᏍᎩ, ᎠᎴ ᏥᎪ ᏖᎸᎳᏗᎯ ᏒᎦᎳ-ᎢᏳᏍᏗ ᏯᎾᏓᏛᎦ? ᎾᏍᏉᏍᎩᏂ ᎥᏝ ᏰᎵ ᏌᏉ ᎦᏄᎪᎬ ᏴᏛᎦᏄᎪᎢ ¯ᎠᎹ ᎤᎶᏥᏛ ᎠᎴ ¯ᎠᎹ ᎤᎶᏥᏛ ᏂᎨᏒᎾ.
13. ᎦᎪ ᏂᎯ ᏂᏣᏛᏅᎢ ᎤᏓᏑᏯ ᎠᏏᎾᏌᏂ ᎠᎴ ᎠᎦᏔᏂᎢ? ᎾᏍᎩ ᏫᎦᎾᏄᎪᏩ ᏕᎤᎸᏫᏍᏓᏁᎲᎢ ᏫᎬᏙᏓ ᎣᏏᏳ ᎾᏛᏁᎲᎢ, ᎠᎴ ᏫᎬᏙᏓ ᎠᏏᎾᏌᏂᏳ ᎨᏒ ᏔᎵ ᎤᏛᏕᏍᏗ ᎤᏓᏅᏘ ᎨᏒᎢ.
14. ᎢᏳᏍᎩᏂ ᎢᏥᏍᏆᏂᎪᏕᏍᏗ ᏙᏗᏣᏓᏅᏛᎢ ᎠᏛᏳᎨᏗ ᎠᎴ ᎠᏗᏒᏍᏗ ᎨᏒᎢ, ᏞᏍᏗ ᏱᏣᏢᏆᏍᎨᏍᏗ ᎠᎴ ᏞᏍᏗ ᏱᏣᏤᎪᎥᏍᎨᏍᏗ ᎤᏙᎯᏳᏒ ᏱᏥᏲᏍᎨᏍᏗ.
15. ᎯᎠ ᎾᏍᎩ ᎠᏏᎾᏌᏂᏳ ᎨᏒ ᎥᏝ ᎦᎸᎳᏗ ᏅᏓᏳᏓᎴᏅᎯ ᏱᎩ, ᎡᎶᎯᏉᏍᎩᏂ ᎡᎯ ᎠᎴ ᎤᏊᏓᎸᏉ ᎡᎯ ᎠᎴ ᎠᏍᎩᎾ ᎢᏳᏍᏗ.
16. ᎾᎿᎭᏰᏃ ᎠᏛᏳᎨᏗ ᎠᎴ ᎠᏗᏒᏍᏗ ᎠᏁᎲᎢ, ᎾᎿᎭᎡᎰ ᏧᏓᎴᏅᏛ ᎠᎴ ᏂᎦᎥ ᎤᏲ ᏗᎦᎸᏫᏍᏓᏁᏗ ᎨᏒᎢ.
17. ᎦᎸᎳᏗᏍᎩᏂ ᏅᏓᏳᏓᎴᏅᎯ ᏥᎩ ᎠᏏᎾᏌᏂᏳ ᎨᏒ ᎢᎬᏱᏱ ᎦᏓᎭ ᏂᎨᏒᎾ ᎨᏐᎢ, ᎿᎭᏉᏃ ᎪᎯᏍᏗᏍᎩ, ᎠᎴ ᎤᏓᏅᏘ, ᎠᎴ ᎤᏬᎯᏳᎯᏍᏛ, ᎠᎴ ᎠᎧᎵᏬᎯ ᎠᏓᏙᎵᏍᏗ ᎨᏒᎢ ᎠᎴ ᎣᏍᏛ ᏗᎦᎸᏫᏍᏓᏁᏗ ᎨᏒᎢ, ᎠᎴ ᏄᏓᎸᏉᏛᎾ, ᎠᎴ ᎤᏠᎾᏍᏗ ᏂᎨᏒᎾ.
18. ᎠᏃᎯᏍᏗᏍᎩᏂ ᎠᏃᎯᏍᏗᏍᎬᎢ ᎠᏂᏫᏍᎪ ᏚᏳᎪᏛ ᎤᎾᏄᎪᏫᏍᏗ ᎨᏒᎢ.

== James 4 ==
1. ᎭᏢ ᏗᏓᎴᎲᏍᎦ ᏓᎿᎭᏩ ᎠᎴ ᏗᎵᏍᏗ ᎨᏒ ᏂᎯ ᎢᏤᎲᎴ? ᏝᏍᎪ ᎾᏍᎩ ᎠᏚᎸᏗ ᎨᏒ ᏗᏥᏰᎸ ᎭᏫᏂ ᏥᏓᎵᎭ ᎾᎿᎭᏴᏗᏓᎴᎲᏍᎦ?
2. ᎢᎦᏚᎵᎪᎢ, ᎠᏎᏃ ᎥᏝ ᏱᏥᏩᏘᏍᎪᎢ; ᏕᏣᏓᎯᎰᎢ ᎠᎴ ᎢᏤᎵᎯᏍᎪ ᎢᏥᏩᏛᏗᏱ ᎠᏎᏃ ᎥᏝ ᏱᏥᏩᏘᏍᎪᎢ; ᏕᏣᎵᎰᎢ ᎠᎴ ᏓᎿᎭᏩ ᎢᏤᎪᎢ, ᎠᏎᏃ ᎥᏝ ᏱᏥᏩᏘᏍᎪ ᏅᏗᎦᎵᏍᏙᏗᏍᎪ ᏂᏥᏔᏲᎯᎲᎾ ᎨᏒᎢ.
3. ᎢᏥᏔᏲᎯᎰᎢ, ᎠᏎᏃ ᎥᏝ ᏱᏥᏩᏘᏍᎪᎢ, ᏅᏗᎦᎵᏍᏙᏗᏍᎪ ᏂᏚᏳᎪᏛᎾ ᎨᏒ ᎢᏥᏔᏲᎯᎲᎢ, ᎢᏣᏚᎵᏍᎬ ᎾᏍᎩ ᎢᏨᏙᏗᏱ ᎣᏍᏛ ᎢᏣᏓᏅᏓᏗᏍᏗᏍᎩ ᎢᏥᏩᏛᏗᏱ.
4. ᏗᏣᏓᏲᏁᎯ ᎢᏥᏍᎦᏯ ᎠᎴ ᎢᏥᎨᏴ, ᏝᏍᎪ ᏱᏥᎦᏔᎭ ᎡᎶᎯ ᎤᎾᎵᎢ ᎨᏒᎢ ᎤᏁᎳᏅᎯ ᎠᏍᎦᎩ ᎨᏒᎢ? ᎾᏍᎩᏃ ᎢᏳᏍᏗ ᎢᏳᏃ ᎩᎶ ᎡᎶᎯ ᎤᎾᎵᎢ ᎢᏳᎵᏍᏙᏗᏱ ᏯᏓᏅᏖᎭ ᎾᏍᎩ ᎤᏁᎳᏅᎯ ᎠᏍᎦᎩ ᎨᏐᎢ.
5. ᎠᏎᏉᏍᎪ ᏂᎦᏪ ᎢᏥᏰᎸᎭ ᎯᎠ ᏥᏂᎦᏪ ᎪᏪᎵ; ᎠᏓᏅᏙ ᏥᎩᏯᎠ ᎤᏚᎵᏍᎬ ᎠᏛᏳᎨᏗ ᎨᏒ ᏩᎦᏘ.
6. ᎠᏎᏃ ᎤᏟ ᎢᎦᎢ ᎬᏩᎦᏘᏯ ᎤᏓᏙᎵᏍᏗ ᎨᏒ ᏓᏁᎰᎢ-ᎾᏍᎩ ᎢᏳᏍᏗ ᎯᎠ ᏂᎦᏪᎭ; ᎤᏁᎳᏅᎯ ᎤᎾᏢᏉᏗ ᏓᏡᏗᏍᎪᎢ, ᎤᎾᏓᏙᎵᏍᏗᏍᎩᏂ ᎬᏩᎦᏘᏯ ᎤᏓᏙᎵᏍᏗ ᎨᏒ ᏓᏁᎰᎢ.
7. ᎾᏍᎩ ᎢᏳᏍᏗ ᏤᏣᎴᏲᎯᏏ ᎤᏁᎳᏅᎯ; ᏤᏣᏟᏴᏏ ᎠᏍᎩᎾ, ᎠᎴ ᎠᏎ ᏓᏣᏓᏅᎡᎵ.
8. ᎾᎥ ᎡᏥᎷᏥᏏ ᎤᏁᎳᏅᎯ ᎾᏍᎩᏃ ᏂᎯ ᎾᎥ ᏓᏥᎷᏤᎵ. ᏗᏦᏑᎵ ᏗᏦᏰᏂ ᎢᏥᏍᎦᎾᎢ, ᎠᎴ ᏗᏥᏅᎦᎸ ᏗᏥᎾᏫ ᏔᎵ ᎢᏧᏓᎢ ᏗᏣᏓᏅᏘ.
9. ᎤᏲ ᎢᏣᏓᏅᏓᏓ ᎠᎴ ᏗᏥᏴᎳ ᎠᎴ ᏗᏣᏠᏱᎦ; ᎢᏥᏰᏣᏍᎬᎢ ᎠᏴᎵᏍᏗ ᎨᏒ ᏩᏓᏁᏟᏴᏍᏓ, ᎠᎴ ᎢᏣᎵᎮᎵᎬ ᎤᏲ ᎠᏓᏅᏓᏗᏍᏗ ᎨᏒ ᏩᏓᏁᏟᏴᏍᏓ.
10. ᎢᏣᏓᏙᎵᏍᏗ ᎨᏎᏍᏗ ᏱᎰᏩ ᏙᏗᎧᏂᏍᎬᎢ, ᎾᏍᎩᏃ ᏓᏥᏌᎳᏓᏂ.
11. ᏞᏍᏗ ᎤᏐᏅ ᏱᏗᏣᏓᏃᎮᏍᎨᏍᏗ ᎢᏓᏓᏅᏟ; ᎤᏐᏅ ᏥᎧᏃᎮᏍᎪ ᏥᎧᏁᎢᏍᏗᏍᎪ ᏗᎾᏓᏅᏟ ᎠᎴ ᏥᏕᎫᎪᏓᏁᎰ ᏗᎾᏓᏅᏟ, ᎾᏍᎩ ᎤᏐᏅ ᎧᏃᎮᏍᎪ ᎧᏁᎢᏍᏗᏍᎪ ᏗᎧᎿᎭᏩᏛᏍᏗ ᎠᎴ ᏕᎫᎪᏓᏁᎰ ᏗᎧᎿᎭᏩᏛᏍᏗ; ᎢᏳᏃ ᏗᎧᎿᎭᏩᏛᏍᏗ ᏱᏚᎪᏓᏁᎭ ᎥᏝ ᏗᎧᎿᎭᏩᏛᏍᏗ ᏘᎧᎿᎭᏩᏕᎩ ᏱᎦᎩ ᏚᎪᏓᏁᎯᏍᎩᏂ.
12. ᎠᏏᏴᏫ ᎡᎭ ᏗᎧᎿᎭᏩᏛᏍᏗ ᎪᏢᏍᎩ ᏰᎵᏉ ᎬᏩᏓᏍᏕᎸᏗ ᎠᎴ ᎬᏩᏓᎯᏍᏗ; ᎦᎪ ᏂᎯ ᏅᏩᏓᎴ ᏥᏕᎯᏳᎪᏓᏁᎭ?
13. Ꭷ ᎯᎠ ᎢᏥᏪᏍᎩ; ᎪᎯ ᎢᎦ ᎠᎴ ᏑᎾᎴᎢ ᏓᏲᏤᏏ ᎨᎯ ᏗᎦᏚᎲᎢ, ᏑᏕᏘᏴᏛᏃ ᏬᏤᎮᏍᏗ ᎠᎴ ᏬᏥᏃᏗᏍᎨᏍᏗ ᎠᎴ ᏬᎩᏁᏉᏤᎮᏍᏗ;
14. ᏂᏥᎦᏔᎲᎾᏃ ᎢᏳᎵᏍᏙᏗ ᎨᏒ ᏑᎾᎴᎢ; ᏕᏨᏅᏰᏃ ᎦᏙ ᎤᏍᏗ? ᎤᎬᎭᏛᏉ ᎾᏍᎩᏯᎢ ᎾᏍᎩ ᏞᎦ ᏥᎦᎾᏄᎪᎪᎢ ᎿᎭᏉᏃ ᏣᎵᏛᏗᏍᎪᎢ.
15. ᎾᏍᎩᏃ ᎢᏳᏍᏗ ᎯᎠ ᏳᎬᏫᏳᎭ ᏱᏂᏥᏪᎭ; ᎢᏳᏃ ᎤᎬᏫᏳᎯ ᎣᏏ ᏳᏰᎸᏅ, ᏙᏨᏁᏍᏗ ᎠᎴ ᎯᎠ ᏃᏣᏛᏁᎮᏍᏗ ᎠᎴ ᎯᎠᏉ.
16. ᎪᎯᏍᎩᏂ ᎨᏒ ᎢᏣᎵᎮᎵᎦ ᎢᏣᏢᏆᏍᎬᎢ; ᏂᎦᏛ ᎾᏍᎩ ᎢᏳᏍᏗ ᎠᎵᎮᎵᏍᏗ ᎨᏒ ᎤᏲᏉ ᎨᏐᎢ.
17. ᎾᏍᎩ ᎢᏳᏍᏗ ᎩᎶ ᏣᎦᏔᎰᎢ ᎣᏍᏛ ᎢᏯᏛᏁᏗ ᎨᏒᎢ, ᎾᏍᎩᏃ ᎾᏛᏁᎲᎾ ᏥᎨᏐᎢ, ᎾᏍᎩ ᎾᎿᎭᎠᏍᎦᏅᎪᎢ.

== James 5 ==
1. Ꭷ ᏂᎯ ᏗᏤᎿᎭᎢ ᏗᏣᏠᏱᎦ ᎠᎴ ᏗᏥᏴᎳ ᏫᏂᎦᎵᏍᏙᏓ ᎢᏥᎩᎵᏲᎢᏍᏗ ᎢᏥᎷᏤᏗ ᏥᎩ.
2. ᏧᎬᏩᎶᏗ ᎢᏥᎲᎢ ᎤᎪᏒ; ᏗᏣᏄᏬᏃ ᏥᏍᎪᏴ ᎦᏂᏯᎥ;
3. ᏗᏣᏤᎵ ᏓᎶᏂᎨ ᎠᏕᎸ ᎠᎴ ᎤᏁᎬ ᎠᏕᎸ ᏚᏯᏍᏜᏓᏛ, ᏚᏯᏍᏜᏓᏛᏃ ᎢᏥᏃᎮᏍᎩ ᎨᏎᏍᏗ, ᎠᎴ ᎤᏪᏰᏍᏗ ᎨᏎᏍᏗ ᎢᏥᏇᏓᎸ ᎠᏥᎸ ᏥᎦᏰᏍᎪ ᎾᏍᎩᏯᎢ. ᎢᏥᏟᏌᏅ ᏧᎬᏩᎶᏗ ᎤᎵᏍᏆᎸᏗ ᎢᎦ ᎨᏒ ᎤᎬᏩᎵ.
4. ᎬᏂᏳᏉ ᎠᏠᏱᎭ ᎨᎦᎫᏴᏓᏁᏗ ᏧᏂᎸᏫᏍᏓᏁᎯ ᎤᏂᏍᎫᏕᏒᎯ ᏕᏥᎶᎨᏒᎢ, ᎾᏍᎩ ᏗᏥᎾᎯᏍᏓᏁᎸᎯ ᏥᎩ, ᎤᎾᎵᏍᏛᏃ ᎾᏍᎩ ᎤᏂᏍᎫᏕᏒᎯ ᏚᎵᎠᏴᎸ ᎤᎬᏫᏳᎯ ᏓᎿᎭᏩ ᎠᏁᎩ ᎤᎾᏤᎵᎦ.
5. ᎤᏢᏉᏗ ᎢᏤᎲᎩ ᎡᎶᎯ ᎠᎴ ᏂᏣᏁᎸᎾ; ᏕᏤᎶᎸ ᏗᏥᎾᏫ, ᎾᏍᎩᏯ ᏥᎾᎾᏛᏁᎰ ᏗᎯᏍᏗᏱ ᎨᏒ ᎢᎦ ᎠᏍᏆᎸ.
6. ᏕᎫᎪᏓᏁᎸ ᎠᎴ ᎡᏥᎸ ᎾᏍᎩᏅᎾ, ᎥᏝᏃ ᏱᏣᏞᏤᎭ.
7. ᎾᏍᎩ ᎢᏳᏍᏗ ᎢᏓᎵᏅᏟ ᏗᏨᏂᏗᏳ ᎨᏎᏍᏗ ᎬᏂ ᎤᎬᏫᏳᎯ ᎦᎷᏨᎭ. ᎬᏂᏳᏉ ᎤᎶᎨᏛ ᎠᎦᏘᏲ ᎦᎸᏉᏗ ᎡᎶᎯ ᎤᎾᏄᎪᏫᏒᎯ, ᎠᎴ ᎬᏂᏗᏳ ᎨᏐ ᎠᎦᏘᏲᎢ, ᎬᏂ ᎤᎦᎾᏏ ᎢᎬᏱᏱ ᎠᎴ ᎣᏂᏱ ᎤᎦᏃᏗ ᎨᏒᎢ.
8. ᏂᎯ ᎾᏍᏉ ᏗᏨᏂᏗᏳ ᎨᏎᏍᏗ; ᏗᏣᎵᏂᎪᎯᏍᏓ ᏗᏥᎾᏫ, ᎤᎬᏫᏳᎯᏰᏃ ᎤᎷᎯᏍᏗᏱ ᎤᏍᏆᎸᎯᏗ.
9. ᎢᏓᏓᏅᏟ ᏞᏍᏗ ᏱᏗᏣᏓᏍᎦᎨᏍᏗ ᏱᏕᏧᎪᏓᏏᏰᏃ ᎢᏥᏍᎦᏅᏨᎢ. ᎬᏂᏳᏉ ᏗᎫᎪᏗᏍᎩ ᎦᎶᎯᏍᏗᏱ ᎦᏙᎦ.
10. ᎢᏓᏓᏅᏟ ᎠᏙᎴᎰᎯᏍᏙᏗ ᎠᎩᎵᏲᎢᏍᏗ ᎨᏒ ᎠᎴ ᎬᏂᏗᏳ ᎨᏒᎢ, ᎠᎾᏙᎴᎰᏍᎩ ᎤᎬᏫᏳᎯ ᏕᎤᏙᏍᏛ ᎤᏂᏁᎢᏍᏔᏅᎯ ᏥᎩ, ᏗᏥᎧᎿᎭᏩᏛᏍᏗ ᎨᏎᏍᏗ.
11. ᎬᏂᏳᏉ ᎣᏏᏳ ᎢᏳᎾᎵᏍᏓᏁᏗ ᎢᎩᏰᎸᏐ ᏗᏅᏂᏗᏳ ᏥᎨᏐᎢ. ᎢᏣᏛᎦᏅ ᎬᏂᏗᏳ ᎨᏒ ᏦᏈ, ᎠᎴ ᎢᏥᎪᎲ ᏄᏍᏛ ᏭᏰᎢᎶᎯᏍᏗ ᎨᏒ ᎤᎬᏫᏳᎯ, ᎠᎴ ᎾᏍᎩ ᎤᎬᏫᏳᎯ ᎤᏣᏘ ᎤᏓᏅᏘᏳ ᎨᏒ ᎠᎴ ᎤᏓᏙᎵᏣᏘᏳ ᎨᏒᎢ.
12. ᎠᏎᏃ ᎢᏓᏓᏅᏟ, ᏭᏓᎪᎾᏛᏛᎢ, ᏞᏍᏗ ᏱᏣᏎᎵᏛᏍᎨᏍᏗ ᏱᏥᏁᎢᏍᏗᏍᎨᏍᏗ ᎦᎸᎶᎢ, ᎠᎴ ᎡᎶᎯ, ᎠᎴ ᏞᏍᏗ ᏄᏓᎴᏒᏉ ᎠᏎᎵᏙᏗ ᎨᏒᎢ; ᎠᎴ ᏞᏍᏗ ᏄᏓᎴᏒᏉ ᎠᏎᎵᏙᏗ ᎨᏒᎢ; ᎢᏣᏤᎵᏍᎩᏂ ᎥᎥ ᎢᏣᏛᏗ ᎨᏒ ᎥᎥ ᎨᏎᏍᏗ, ᎠᎴ ᎢᏣᏤᎵ ᎥᏝ ᎢᏣᏛᏗ ᎨᏒ ᎥᏝ ᎨᏎᏍᏗ; ᎾᏍᎩᏃ ᏞᏍᏗ ᏤᏧᎪᏓᏁᎸᎩ ᎢᏥᏍᎦᏅᏨᎢ.
13. ᎩᎶ ᎢᏤᎲ ᎤᏓᏑᏰᏍᏗ ᎠᎩᎵᏲᎨᏍᏗ, ᎠᏓᏙᎵᏍᏗᏍᎨᏍᏗ; ᎩᎶ ᎤᎦᎵᏍᏗ ᎤᏓᏅᏖᏍᏗ ᏕᎧᏃᎩᏍᎨᏍᏗ.
14. ᎩᎶ ᎢᏤᎲ ᎤᏓᏑᏰᏍᏗ ᎤᏢᎨᏍᏗ, ᏫᏓᏯᏂᏍᎨᏍᏗ ᏗᎨᎦᏗᎶᏗ ᏧᎾᏁᎶᏗ ᎤᎾᏓᏡᎬᎢ, ᎾᏍᎩᏃ ᎠᎾᏓᏙᎵᏍᏗᏍᎨᏍᏗ ᎠᏂᏔᏲᎯᎮᏍᏗ ᎠᏥᏍᏕᎸᏗᏱ, ᎬᏩᎶᏁᏗᏍᎨᏍᏗ ᎠᏠᏁᏗ ᎠᏅᏗᏍᎨᏍᏗ ᎤᎬᏫᏳᎯ ᏚᏙᎥᎢ;
15. ᎪᎯᏳᎯᏃ ᎠᏓᏃᎵᏍᏙᏗ ᎨᏒ ᏓᏳᏍᏕᎸᎯ ᎤᏢᎩ, ᎤᎬᏫᏳᎯᏃ ᏙᏓᏳᎴᏔᏂ; ᎢᏳ ᎠᎴ ᎤᏍᏚᏅᏨᎯ ᎨᏎᏍᏗ ᎾᏍᎩ ᏣᏥᏂᎯᏎᏗ ᎨᏎᏍᏗ.
16. ᎬᏂᎨᏒ ᏂᏕᏣᏓᏛᏁᎮᏍᏗ ᎢᏥᏍᎦᏅᏨᏗ, ᎠᎴ ᏕᏣᏓᏙᎵᏍᏓᏁᎮᏍᏗ, ᎢᏂᏔᏲᎯᎮᏍᏗ ᏗᏣᏗᏫᏍᏗᏱ. ᎤᏙᎯᏳᎯᏯ ᎤᏰᎸᎯ ᎤᏓᏙᎵᏍᏙᏗ ᎨᏒ ᎤᏓᏅᏘ ᎤᏣᏘ ᎠᏓᏍᏕᎵᏍᎪᎢ.
17. ᎢᎳᏯ ᏴᏫᏉ ᎨᏒᎩ ᎠᏴ ᏂᎦᎵᏍᏓᏁᎲ ᎾᏍᎩᏯ ᎢᎬᏩᎵᏍᏓᏁᏗ ᎨᏒᎩ; ᎠᎴ ᎤᎵᏂᎩᏛ ᎤᏓᏅᏛᎩ ᎤᏓᏙᎵᏍᏔᏅᎩ ᎤᏔᏲᎸᎩ ᎤᎦᏃᏗᏱ ᏂᎨᏒᎾ; ᎰᏩᏃ ᏄᏚᎾᏅᎾ ᎨᏒᎩ ᎦᏙᎯ ᏦᎢ ᏧᏕᏘᏴᏛ ᏑᏓᎵᏃ ᎢᏯᏅᏙ ᎢᎪᎯᏛ.
18. ᎠᎴᏬ ᎤᏓᏙᎵᏍᏔᏅᎩ, ᎦᎸᎶᎢᏃ ᎤᎦᏃᏓᏁᎸᎩ, ᎪᏙᎯᏃ ᎤᎾᏄᎪᏫᏒᎩ ᎤᎾᏄᎪᏫᏍᏗ ᎨᏒᎢ.
19. ᎢᏓᎵᏅᏟ, ᎢᏳᏃ ᎩᎶ ᏂᎯ ᏂᏣᏛᏅ ᎠᏞᏍᎨᏍᏗ ᏚᏲᏍᎨᏍᏗ ᏚᏳᎪᏛ ᎨᏒᎢ, ᎩᎶᏃ ᎢᎤᎦᏔᎲᏍᎨᏍᏗ,
20. ᎾᏍᎩ ᎠᎦᏔᎮᏍᏗ, ᎾᏍᎩ ᎠᏍᎦᎾ ᎠᎦᏔᎲᏍᎩ ᎾᎿᎭᎤᎵᏓᏍᏔᏅᎯ ᎠᎢᏒᎢ, ᎾᏍᎩ ᎠᏍᏕᎵᏍᎬ ᎫᏓᎴᏍᎬ ᎠᏓᏅᏙ ᎠᏲᎱᎯᏍᏗ ᎨᏒᎢ, ᎠᎴ ᎤᏣᏘ ᎢᏳᏓᎴᎩ ᎠᏍᏚᏅᏨᎯ ᎨᏒ ᎬᏍᎦᎸᏍᎬᎢ.

== I Peter 1 ==
1. ᎠᏴ ᏈᏓ ᏥᏌ ᎦᎶᏁᏛ ᎠᎩᏅᏏᏛ ᏫᏨᏲᏪᎳᏏ ᎢᏣᏗᎦᎴᏲᏨᎯ ᏋᏗᏱ ᎢᏤᏙᎯ ᎠᎴ ᎨᎴᏏᏱ ᎠᎴ ᎨᏆᏙᏏ ᎠᎴ ᎡᏏᏱ ᎠᎴ ᏈᏗᏂᏱ;
2. ᎡᏣᏑᏰᏛ ᎾᏍᎩᏯ ᎾᎦᏔᎰ ᎤᏁᎳᏅᎯ ᎠᎦᏴᎵᎨᎢ, ᎬᏔᏅᎯ ᎤᏓᏅᎦᎸᏗ ᎨᏒ ᎠᏓᏅᏙ, ᎾᏍᎩ ᎾᎿᎭᏨᏗᏓᎴᎲᏍᎦ ᎪᎯᏳᏗ ᎨᏒ ᎠᎴ ᎠᏍᏚᏟᏍᏗ ᎨᏒ ᎤᎩᎬ ᏥᏌ ᎦᎶᏁᏛ; ᎦᏩᎦᏘᏯ ᎤᏓᏙᎵᏍᏗ ᎨᏒ ᎠᎴ ᏅᏩᏙᎯᏯᏛ ᎤᏣᏘ ᎢᏣᏤᎵ ᎨᏎᏍᏗ.
3. ᎦᎸᏉᏙᏗ ᎨᏎᏍᏗ ᎤᏁᎳᏅᎯ ᎾᏍᎩ ᎤᎦᏴᎵᎨ ᏥᏌ ᎦᎶᏁᏛ ᎤᎬᏫᏳᎯ ᎢᎦᏤᎵᎦ, ᎾᏍᎩ ᎤᏣᏘ ᎤᏓᏙᎵᏣᏘᏳ ᎨᏒ ᏥᏅᏗᎦᎵᏍᏙᏗ ᏔᎵᏁ ᏥᎩᎾᏄᎪᏫᏒ ᎤᏚᎩ ᎬᏗ ᎨᏒ ᏥᎩᏁᎸ ᎬᏂᏛ ᎢᎩᎪᏩᏛᏗᏱ ᏅᏓᏳᏓᎴᏅᎯ ᎤᏲᎱᏒ ᏚᎴᎯᏌᏅ ᏥᏌ ᎦᎶᏁᏛ;—
4. ᏥᎩᏁᎸ ᎢᎦᏤᎵ ᎢᏳᎵᏍᏙᏗ ᏧᎬᏩᎶᏗ ᎠᏲᎩ ᏂᎨᏒᎾ, ᎠᎴ ᎦᏓᎭ ᏂᎨᏒᎾ, ᎠᎴ ᎠᏍᎪᎸᎩ ᏂᎨᏒᎾ, ᏦᏒ ᎡᏥᏍᏆᏂᎪᏓᏁᎸᎯ ᏂᎯ,
5. ᎾᏍᎩ ᎪᎯᏳᏗ ᎨᏒ ᎢᏨᏗᏍᎬ ᎤᏁᎳᏅᎯ ᎤᎵᏂᎩᏗᏳ ᎨᏒ ᎬᏗ ᏤᏥᏍᏆᏂᎪᏗ ᎡᏥᏍᏕᎸᏗ ᎨᏒ ᎬᏗᏍᎩ, ᎾᏍᎩ ᎡᏥᏍᏕᎸᏗ ᎨᏒ ᏣᏛᏅᎢᏍᏗ ᎬᏂᎨᏒ ᎢᎬᏁᏗᏱ ᎤᎵᏍᏆᎸᏗ ᎨᏎᏍᏗ.
6. ᎾᏍᎩ ᎾᎿᎭᎤᏣᏘ ᏥᏣᎵᎮᎵᎦ, ᎪᎯᏍᎩᏂᏃᏅ ᏞᎦ, ᎢᏳᏃ ᎣᏏᏳ ᎨᏎᏍᏗ, ᎡᎯᏍᏗ ᎢᏣᏓᏅᏔᏩᏕᎦ ᎤᏗᎦᎵᏍᏙᏗᎭ ᏧᏓᎴᏅᏛ ᎢᏥᎪᎵᏰᏍᎩ ᎢᏣᎵᏩᏛᎡᎲᎢ,
7. ᎾᏍᎩ ᎢᏦᎯᏳᏒ ᎠᎪᎵᏰᏗ ᎨᏒ ᎤᏟ ᎦᎸᏉᏗᏳ ᎡᏍᎦᏉ ᎠᏕᎸ ᏓᎶᏂᎨ ᎠᎪᎵᏰᏗ ᎨᏒ ᎾᏍᎩ ᎠᏲᎩ ᏥᎩ, ᎾᏍᏉ ᎠᏥᎸ ᎬᏔᏅᎯ ᎠᎪᎵᏰᎥᎯ ᏱᎩ, ᏱᏩᎵᏰᎢᎶᎦ ᎦᎸᏉᏙᏗ ᎨᏒᎢ, ᎠᎴ ᎣᏍᏛ ᎠᏰᎸᏗ ᎨᏒᎢ, ᎠᎴ ᎦᎸᏉᏗᏳ ᎨᏒᎢ, ᏥᏌ ᎦᎶᏁᏛ ᎦᎾᏄᎪᏥᎸ ᎢᏳᎢ.
8. ᎾᏍᎩ [ᏥᏌ ᎦᎶᏁᏛ] ᎡᏥᎪᎥᎯ ᏂᎨᏒᎾ ᎢᎡᏥᎨᏳᎭ; ᎠᎴ ᎾᏍᎩ ᎪᎯ ᎨᏒ ᏁᏥᎪᏩᏘᏍᎬᎾ, ᎠᏎᏃ ᎡᏦᎯᏳᎲᏍᎬᎢ ᎡᏣᎵᎮᎵᎦ ᎢᏨᏗᎭ ᎠᎵᎮᎵᏍᏗ ᎨᏒ ᎦᏃᎮᏗ ᏂᎨᏒᎾ ᎠᎴ ᎦᎸᏉᏔᏅᎯ;
9. ᎠᎴ ᎡᏣᎵᏍᎪᎸᏓᏁᎭ ᎢᏦᎯᏳᏒ ᏄᏍᏛ ᎤᎬᏩᎸᎢ, ᎾᏍᎩ ᏗᏣᏓᏅᏙ ᏗᏍᏕᎸᏗ ᎨᏒᎢ.
10. ᎾᏍᎩ Ꮎ ᎠᎵᏍᏕᎸᏙᏗ ᎨᏒ ᎠᎾᏙᎴᎰᏍᎩ ᎣᏍᏛ ᎣᏂᎨᏛᏅᎯ ᎠᎴ ᎤᏂᏲᎸᎯ, ᎾᏍᎩ ᎤᎾᏙᎴᎰᏒᎯ ᎤᏂᏁᎢᏍᏔᏅᎯ ᏂᎯ ᎡᏥᏙᎵᏍᏗ ᎨᏒᎢ;
11. ᎤᏂᏲᎲᎩ ᎢᏳ ᎨᏒᎢ, ᎠᎴ ᎢᏳᎵᏍᏔᏂᏓᏍᏗ ᎨᏒ ᎦᏛᎬᎢ ᎠᏓᏅᏙ ᎦᎶᏁᏛ ᎤᏤᎵᎦ ᎾᏍᎩ ᎤᏂᏯᎥᎢ, ᎢᎬᏱ ᎦᏰᎯ ᎬᏂᎨᏒ ᏥᏂᎬᏁᎮ ᎤᎩᎵᏲᎢᏍᏗᏱ ᎦᎶᏁᏛ ᎠᎴ ᎦᎸᏉᏗᏳ ᎨᏒ ᎣᏂ ᎤᎾᏄᎪᎢᏍᏗᏱ.
12. ᎾᏍᎩ ᎬᏂᎨᏒ ᎢᎨᎬᏁᎸᎯ ᏥᎨᏎᎢ ᎤᏅᏒᏉ ᎾᎾᎵᏍᏕᎵᏍᎬᎾ ᎨᏒᎢ, ᎠᏴᏍᎩᏂ ᎨᎩᏍᏕᎵᏍᎬᎢ ᎨᎩᏃᎮᎮᎸ ᎾᏍᎩ ᎪᎯ ᎬᏂᎨᏒ ᏥᏂᎨᏨᏁᎭ ᎾᏍᎩ ᎣᏍᏛ ᎧᏃᎮᏛ ᎨᏣᎵᏥᏙᏁᎸᎯ ᏥᎩ, ᎠᏅᏗᏍᎬ ᎦᎸᏉᏗᏳ ᎠᏓᏅᏙ ᎦᎸᎳᏗ ᏅᏓᏰᏥᏅᏏᏛ; ᎾᏍᎩ ᏗᏂᎧᎿᎭᏩᏗᏙᎯ ᏧᎾᏚᎵᎭ ᎤᏂᎪᎵᏰᏗᏱ.
13. ᎾᏍᎩ ᎢᏳᏍᏗ ᏗᏥᏠᎦ ᏕᏣᏓᏅᏛᎢ, ᎢᏣᎵᏏᎾᎯᏍᏗᏳ ᎨᏎᏍᏗ, ᎠᎴ ᎬᎵᏍᏆᏗᏍᎩ ᎤᏚᎩ ᎢᏨᏎᏍᏗ ᎡᏥᏁᏗᏱ ᎬᏩᎦᏘᏯ ᎤᏓᏙᎵᏍᏗ ᎨᏒ ᏂᎯ ᎡᏥᏲᎮᏗ ᏥᎩ ᎾᎯᏳ ᏥᏌ ᎦᎶᏁᏛ ᎬᏂᎨᏒ ᎾᎬᏁᎸᎭ.
14. ᎢᏦᎯᏳᎯᏍᏛ ᎨᏎᏍᏗ, ᏞᏍᏗ ᎢᎸᎯᏳ ᏥᏂᏣᏍᏛ ᏥᏣᏚᎸᏅᎥᏍᎬ ᎾᎯᏳ ᏂᏥᎦᏔᎿᎭᎥᎾ ᏥᎨᏒᎩ;
15. ᎾᏍᎩᏍᎩᏂ ᎢᏥᏯᏅᏛ ᎠᏍᎦᎾᎯ ᏂᎨᏒᎾ ᏥᎩ, ᎾᏍᎩᏯ ᎾᏍᏉ ᏂᎯ ᎢᏥᏍᎦᎾᎯ ᏂᎨᏒᎾ ᎨᏎᏍᏗ ᏂᎦᎥ ᏂᏣᏛᎿᎭᏕᎬᎢ.
16. ᎯᎠᏰᏃ ᏂᎬᏅ ᎪᏪᎳ, “ᎢᏥᏍᎦᎾ ᏂᎨᏒᎾ ᎨᏎᏍᏗ, ᎠᏴᏰᏃ ᏥᏍᎦᎾ ᏂᎨᏒᎾ ᎢᎩ.”
17. ᎢᏳ ᎠᎴ ᎡᏣᏓᏙᎵᏍᏓᏁᎮᏍᏗ ᎠᎦᏴᎵᎨᎢ, ᎾᏍᎩ ᏂᏗᎦᎸᏉᏗᏍᎬᎾ ᏥᏕᎫᎪᏓᏁᎭ ᎾᏂᎥ ᎠᏂᏏᏴᏫᎭ ᏄᏍᏛ ᏚᏂᎸᏫᏍᏓᏁᎲᎢ, ᏂᎪᎯᎸ [ᎠᏂ] ᎢᏣᎴᏂᏙᎲᎢ ᎢᏤᏯᏔᎯ ᎨᏎᏍᏗ ᎢᏤᎲᎢ.
18. ᎢᏥᎦᏔᎭᏰᏃ ᎪᎱᏍᏗ ᎠᏲᎩ, ᎠᏕᎸ ᎤᏁᎬ ᏯᏛᏅ ᎠᎴ ᎠᏕᎸ ᏓᎶᏂᎨ, ᎡᏣᎫᏴᏔᏅᎯ ᏂᎨᏒᎾ ᎨᏒᎢ, ᎡᎫᏓᎴᏒᎢ ᎪᎱᏍᏗ ᎬᏙᏗ ᏂᎨᏒᎾ ᎢᏣᎴᏂᏙᎸᎢ ᏗᏥᎦᏴᎵᎨ ᏗᎨᏥᏲᎯᏎᎸᎯ ᎨᏒᎢ,
19. ᎦᎸᏉᏗᏳᏍᎩᏂ ᎩᎬ ᎡᏣᎫᏴᏔᏅᎯ ᎨᏒᎢ, ᎤᎩᎬ ᎦᎶᏁᏛ ᎾᏍᎩᏯ ᎠᏫ-ᎠᎩᎾ ᎪᎱᏍᏗ ᏄᎪᎸᏫ ᎠᎴ ᏄᏓᏓᎸᎾ;
20. ᎾᏍᎩ ᎤᏙᎯᏳᎯ ᎾᏥᎦᏔᎰᎢ ᎠᏏ ᎡᎶᎯ ᎾᏙᏢᏍᎬᎾ ᏥᎨᏎᎢ; ᎠᏎᏃ ᎬᏂᎨᏒ ᎾᎬᏁᎴ ᎪᎯ ᎤᎵᏍᏆᎸᏗ ᏕᎨᏌᏗᏒᎢ ᏂᎯ ᎢᏣᎵᏍᏕᎸᏙᏗ,
21. ᏂᎯ ᎾᏍᎩ ᎢᏳᏩᏂᏌᏛ ᏤᏦᎯᏳᎲᏍᎦ ᎤᏁᎳᏅᎯ ᎾᏍᎩ ᎤᏲᎱᏒ ᏥᏚᎴᏔᏁᎢ ᎠᎴ ᏧᏁᎴ ᎦᎸᏉᏗᏳ ᎨᏒᎢ; ᎾᏍᎩ ᎢᏦᎯᏳᏒ ᎠᎴ ᎤᏚᎩ ᎢᏨᏒ ᎤᏁᎳᏅᎯ ᎢᏗᏢ ᎢᏳᎵᏍᏙᏗᏱ.
22. ᎾᏍᎩᏃ ᏗᏥᏅᎦᎸᏛ ᏥᎩ ᏗᏣᏓᏅᏙ ᏕᏥᎧᎾᏩᏛᏒ ᏚᏳᎪᏛ ᏥᏅᏧᎵᏍᏙᏔᏅ, [ᎦᎸᏉᏗᏳ] ᎠᏓᏅᏙ ᏥᏨᏔᏅ, ᏄᏠᎾᏍᏛᎾ ᎠᏓᎨᏳᏗ ᎨᏒ ᎢᏨᏙᏗᏱ ᏗᏥᎨᏳᎯᏳ ᎢᏳᎵᏍᏙᏗᏱ ᎢᏣᎵᏅᏟ, ᎤᎵᏂᎩᏛ ᏕᏣᏓᎨᏳᏎᏍᏗ ᎢᏨᏗᏍᎨᏍᏗ ᎦᏓᎭ ᏂᎨᏒᎾ ᎢᏥᎾᏫ.
23. ᏔᎵᏁ ᎢᏣᏕᏅᎯ ᎨᏒᎢ, ᎥᏝ ᎠᏲᎩ ᎤᎦᏔ ᎢᏣᏕᏔᏅᎯ ᏱᎩ, ᎠᏲᎩᏍᎩᏂ ᏂᎨᏒᎾ, ᎧᏃᎥᏛ ᎤᏁᎳᏅᎯ ᎤᏟᎵ ᎢᏳᏩᏂᏌᏛ ᎾᏍᎩ ᎬᏃᏛ ᏥᎩ ᎠᎴ ᏂᎪᎯᎸ ᎡᎯ ᏥᎩ.
24. ᏂᎦᎥᏰᏃ ᎤᏇᏓᎵ ᎨᏒ ᎧᏃᏍᎦᏉ ᎾᏍᎩᏯᎢ, ᎠᎴ ᏂᎦᎥ ᎤᏓᎸᏉᏙᏗ ᎨᏒ ᏴᏫ, ᎧᏁᏍᎦ ᎤᏥᎸᏒ ᎾᏍᎩᏯᎢ. ᎧᏁᏍᎦ ᎧᏴᏍᎪᎢ, ᎠᎴ ᎤᏥᎸᏒᎢ ᎦᏙᎠᏍᎪᎢ, ᎧᏃᎮᏛᏍᎩᏂ ᎤᎬᏫᏳᎯ ᎤᏤᎵᎦ ᏂᎪᎯᎸ ᎡᎭ.
25. ᎾᏍᎩᏃ ᎯᎠ ᎧᏃᎮᏛ ᎾᏍᎩ ᎣᏍᏛ ᎧᏃᎮᏛ ᎡᏣᎵᏥᏙᏁᎲᎢ ᏤᏣᎵᏥᏙᏁᎭ.

== I Peter 2 ==
1. ᎾᏍᎩ ᎢᏳᏍᏗ ᎢᏴᏛ ᏂᏨᎦ ᏄᏓᎴᏒ ᎤᏲ ᎨᏒᎢ ᎠᎴ ᏄᏓᎴᏒ ᎦᎶᏄᎮᏛ ᎠᎴ ᎤᏠᎾᏍᏗ ᎨᏒ ᎠᏛᏳᎨᏗ ᎠᎴ ᏄᏓᎴᏒ ᎤᏲ ᏗᏓᏃᎮᏗ ᎨᏒᎢ,
2. ᎾᏍᎩᏯ ᎩᎳᎢ ᎤᎾᏕᏃᏅᎯ ᏗᏂᏲᎵ ᎤᏅᏗ ᏧᎾᏚᎵᏍᎪᎢ ᎢᏣᏚᎵᏍᎨᏍᏗ ᎦᎶᏄᎮᏛ ᏄᏓᏑᏴᏫ ᎧᏃᎮᏛ, ᎾᏍᎩ ᏗᏣᏛᎯᏍᏙᏗᏱ;
3. ᎢᏳᏃ ᎢᏣᏙᎴᎰᏎᏍᏗ ᎤᎬᏫᏳᎯ ᎤᏓᏅᏘᏳ ᎨᏒᎢ.
4. ᎾᏍᎩ ᎡᏥᎷᏤᎲᎢ, ᎾᏍᎩ ᎬᏃᏛ ᏅᏯ ᎤᏂᏲᎢᏎᎸᎯᏍᎩᏂᏃᏅ ᎤᏙᎯᏳᎯ ᏴᏫ, ᎠᏎᏃ ᎤᏁᎳᏅᎯ ᎤᏑᏰᏛ ᎠᎴ ᎦᎸᏉᏗᏳ,
5. ᏂᎯ ᎾᏍᏉ ᏗᏨᏃᏛ ᏅᏯ ᎡᏣᏁᏍᎨᎲᎯ ᎠᏓᏅᏙ ᎠᏓᏁᎸ ᎢᏰᏨᏁᎸᎯ, ᎡᏥᎸᏉᏔᏅᎯ ᎠᏥᎸᎢᏤᎶᎯ, ᎡᏣᎵᏍᎪᎸᏓᏁᏗᏱ ᎠᏥᎸ-ᎨᎳᏍᏗ ᎠᏓᏅᏙ ᎤᎬᏩᎵ ᏰᎵᏉ ᏗᎬᎠᏓᏂᎸᎢᏍᏗ ᎨᏒ ᎤᏁᎳᏅᎯ, ᏥᏌ ᎦᎶᏁᏛ ᎢᏳᏩᏂᏌᏛ.
6. ᎾᏍᎩ ᎢᏳᏍᏗ ᎾᏍᏉ ᎯᎠ ᏂᎬᏅ ᎪᏪᎵᎯ-ᎬᏂᏳᏉ ᏥᎲᎦ ᏌᏯᏂ ᏄᎬᏫᏳᏒ ᎤᏅᏏᏴ ᎠᏗ ᏅᏯ ᎠᏑᏰᏛ, ᎦᎸᏉᏗ, ᎠᎴ ᎩᎶ ᎾᏍᎩ ᎪᎯᏳᎲᏍᎨᏍᏗ ᎥᏝ ᎤᏕᎰᎯᏍᏗ ᏱᎨᏎᏍᏗ.
7. ᎾᏍᎩ ᎢᏳᏍᏗ ᏂᎯ ᎡᏦᎢᏳᎲᏍᎩ ᏥᎩ ᎦᎸᏉᏗᏳ ᎡᏂᏰᎸᎠ; ᎾᏍᎩᏍᎩᏂ Ꮎ ᎾᏃᎯᏳᎲᏍᎬᎾ, ᎾᏍᎩ Ꮎ “ᏅᏯ ᏗᎾᏁᏍᎨᏍᎩ ᎤᏂᏲᎢᏎᎸᎯ ᏄᎬᏫᏳᏒ ᎤᏅᏏᏴ ᎠᏗ ᏄᎾᎵᏍᏓᏁᎸ;”
8. ᎠᎴ “ᏅᏯ ᎠᏓᎿᎭᏍᏆᎶᏍᏗᏍᎩ ᎠᎴ ᏅᏯ ᏗᏓᏙᏕᏍᏗᏍᎩ,” ᎾᏍᎩ Ꮎ ᎧᏃᎮᏛ ᏥᏚᏂᎾᏍᏆᎶᏍᏗᎭ, ᎾᏃᎯᏳᎲᏍᎬᎾ ᎨᏒ ᎢᏳᏍᏗ, ᎾᏍᎩ ᎢᏳᎾᎵᏍᏓᏁᏗᏱ ᎾᏍᏉ ᏥᏕᎨᏥᎧᏁᎢ.
9. ᏂᎯᏍᎩᏂ ᎡᏣᏑᏰᏛ ᎢᏥᏠᏱ ᎨᏒᎢ, ᎢᏥᎬᏫᏳᎯ ᎠᏥᎸ-ᎢᏤᎶᎯ, ᎡᏥᎸᏉᏔᏅᎯ ᎢᏣᏓᏤᎵᏛ ᎨᏒᎢ, ᎤᏣᏘ ᏗᏣᎬᏩᎳᏅᎯ ᏴᏫ, ᎾᏍᎩ ᎬᏂᎨᏒ ᎢᏨᏁᏗᏱ ᎠᏥᎸᏉᏗᏳ ᎨᏒ ᎾᏍᎩ ᏧᎵᏏᎬᏫᏥᏯᏅᏛ, ᎤᏍᏆᏂᎪᏗᏳᏃ ᎢᎦ ᎦᎸᏌᏛ ᏫᏥᎧᏅᎯ;
10. ᎾᏍᎩ ᎢᎸᎯᏳ ᏥᎨᏒ ᎢᏣᏓᏤᎵᏛ ᏂᎨᏒᎾ ᎨᏎᎢ, ᎪᎯᏍᎩᏂ ᏥᎩ ᎢᏣᏓᏤᎵᏛ ᎤᏁᎳᏅᎯ ᏧᏤᎵ ᏂᏣᎵᏍᏔᏅ; ᎾᏍᎩ ᎥᏝ ᎡᏥᏙᎵᏨᎯ ᏱᎨᏎᎢ, ᎪᎯᏍᎩᏂ ᏥᎩ ᎡᏥᏙᎵᏨᎯ.
11. ᎢᏨᎨᏳᎢ, ᎢᏨᏔᏲᏎᎭ, ᎾᏍᎩᏯ ᏂᎨᏥᎦᏔᎲᎾ ᎠᎴ ᎠᏁᏙᎯ ᎢᏳᎾᏛᏁᏗ ᏂᏣᏛᎦ, ᏗᏥᏲᎯ ᎤᏇᏓᎸ ᎤᎬᎥᎯᏍᏗ ᎨᏒᎢ, ᎾᏍᎩ ᎠᏓᏅᏙ ᏥᏓᏁᏓᎿᎭᏫᏯ.
12. ᎠᎴ ᎢᏣᎴᏂᏙᎲ ᎣᏍᏛ ᎨᏎᏍᏗ ᎠᏁᎲ ᏧᎾᏓᎴᏅᏛ ᏴᎾ, ᎾᏍᎩ ᎨᏣᏡᏗᏍᎬ ᎤᏲ ᏧᏂᎸᏫᏍᏓᏁᎯ ᏥᎨᏦᏎᎭ, ᎾᏍᎩ ᎣᏍᏛ ᏕᏥᎸᏫᏍᏓᏁᎲ ᎠᏂᎪᏩᏘᏍᎬ ᏱᏅᏓᎦᎵᏍᏙᏓ ᏯᏂᎸᏉᏓ ᎤᏁᎳᏅᎯ ᎾᎯᏳ ᎢᎦ ᏓᏩᏛᎯᎸᎭ.
13. ᎤᎬᏫᏳᎯ ᏅᏗᎦᎵᏍᏙᏗᏍᎨᏍᏗ, ᏕᏦᎯᏳᏎᏍᏗ ᎾᏂᎥ ᏴᏫ ᏗᎨᎦᏁᎶᏗ ᎨᏒᎢ—ᎾᏍᏉ ᎤᎬᏫᏳᎯ ᏄᎬᏫᏳᏒ ᎨᏎᏍᏗ,
14. ᎠᎴ ᎾᏍᏉ ᎠᎾᎵᏍᏕᎵᏍᎩᏉ ᎨᏎᏍᏗ ᎾᏍᎩ ᏂᏙᏓᏳᏅᏏᏛ ᎤᎬᏫᏳᎯ ᎨᏥᎩᎵᏲᎢᏍᏙᏗᏱ ᎤᏲ ᏧᏂᎸᏫᏍᏓᏁᎯ, ᎠᎴ ᎨᏥᎸᏉᏙᏗᏱ ᎣᏍᏛ ᏧᏂᎸᏫᏍᏓᏁᎯ.
15. ᎾᏍᎩᏰᏃ ᎯᎠ ᎣᏏᏳ ᎤᏰᎸᏗ ᎤᏁᎳᏅᎯ, ᎾᏍᎩ ᎣᏏᏳ ᏕᏥᎸᏫᏍᏓᏁᎲ ᎡᎳᏪ ᏗᏨᏗᏱ ᎾᏂᎦᏔᎿᎭᎥᎾ ᎠᎴ ᎤᏂᏁᎫ ᏴᏫ.
16. ᎾᏍᎩᏯ ᏂᏗᎨᏥᎾᏝᎥᎾ ᎢᏳᎾᏛᏁᏗ ᏂᏣᏛᏁᎮᏍᏗ, ᎥᏝᏍᏗ ᎠᏗᎾ ᏂᏕᏥᎾᏝᎥᎾ ᎨᏒ ᏱᏨᏗᏍᎨᏍᏗ ᏱᏧᏢᎥᏍᎨᏍᏗ ᎤᏲ ᏗᎦᎸᏫᏍᏓᏁᏗ ᎨᏒᎢ, ᎤᏁᎳᏅᎯᏍᎩᏂ ᏧᏅᏏᏓᏍᏗ ᎢᏳᎾᏛᏁᏗ ᏂᏣᏛᏁᎮᏍᏗ.
17. ᏕᏥᎸᏉᏕᏍᏗ ᎾᏂᎥᎢ; ᏕᏥᎨᏳᏎᏍᏗ ᎠᎾᎵᏅᏢᎢ; ᎤᏁᎳᏅᎯ ᎡᏥᎾᏰᏍᎨᏍᏗ; ᎤᎬᏫᏳᎯ ᎡᏥᎸᏉᏆᏍᏗ.
18. ᏤᏥᎾᏝᎢ, ᏕᏦᎯᏳᏎᏍᏗ ᏗᎨᏥᎾᏝᎢ ᎤᎶᏘ ᎦᎾᏰᎯᏍᏗ ᎢᏨᏗᏍᎨᏍᏗ; ᎥᏞᏍᏗ ᎠᏃᏍᏛ ᎠᎴ ᎤᎾᏓᏅᏘ ᎤᏅᏒ ᏱᏗᏦᎯᏳᏎᏍᏗ, ᎾᏍᏉᏍᎩᏂ ᎤᏂᎾᎸᏣᏘ.
19. ᎾᏍᎩᏰᏃ ᎯᎠ ᎦᎸᏉᏗᏳ, ᎢᏳᏃ ᎩᎶ ᎤᏁᎳᏅᎯ ᏧᏓᏅᏛ ᎤᎸᏉᏗᏳ ᎨᏒ ᏱᏅᏗᎦᎵᏍᏙᏗᎭ ᎬᏂᏗᏳ ᏱᎩ ᎠᎩᎵᏲᎬᎢ, ᏂᏚᏳᎪᏛᎾ ᎠᏥᎩᎵᏲᎢᏍᏗᏍᎬᎢ.
20. ᎦᏙᎨᏃ ᎦᎸᏉᏙᏗ ᏂᎦᎵᏍᏗᎭ, ᎢᏳᏃ ᎤᏣᏘᏂ ᏂᏣᏛᏁᎸ ᎢᏥᏍᏛᏗᏍᎨᏍᏗ ᎡᏥᎵᎥᏂᎮᏍᏗ ᎢᏨᏂᏗᏳ ᎨᏎᏍᏗ; ᎢᏳᏍᎩᏂ ᎣᏍᏛ ᏂᏣᏛᏁᎮᏍᏗ ᎠᎴ ᎢᏥᎩᎵᏲᎨᏍᏗ ᎢᏨᏂᏗᏳ ᎨᏎᏍᏗ, ᎾᏍᎩ ᎣᏍᏛ ᎠᏰᎵ ᎨᏒ ᎤᏁᎳᏅᎯ ᎠᏓᏅᏖᏍᎬᎢ.
21. ᎾᏍᎩᏰᏃ ᎢᏣᎵᏍᏓᏁᏗᏱ ᎡᏥᏯᏅᏛ; ᎦᎶᏁᏛᏰᏃ ᎾᏍᏉ ᎢᎩᎩᎵᏲᏤᎴᎢ, ᎠᎴ ᎢᎩᎯᏰᎴ ᏗᎩᎧᎿᎭᏩᏛᏍᏗ, ᎾᏍᎩ ᎤᏪᏙᎸ ᏗᏥᎧᎿᎭᏩᏛᏍᏗᏱ.
22. ᎾᏍᎩ ᎥᏝ ᏳᏍᎦᏅᏤᎢ, ᎥᏝ ᎠᎴ ᎦᎶᏄᎮᏛ ᏯᏥᏩᏛᎡᎴ ᎠᎰᎵ;
23. ᎾᏍᎩ ᎦᏰᏥᏐᏢᏔᏅ, ᎥᏝ ᏳᏞᏤ ᏱᎬᏩᏓᏐᏢᏔᏁᎢ; ᎤᎩᎵᏲᏨᏃ ᎥᏝ ᏳᏁᏤᎢ; ᏚᏓᏲᎯᏎᎴᏉᏍᎩᏂ ᎾᏍᎩ ᏚᏳᎪᏛ ᏗᎫᎪᏓᏁᎯ.
24. ᎾᏍᎩ ᎤᏩᏒ ᎨᏒ ᎤᎩᏎ ᎢᏗᏍᎦᎾᎯᏳ ᎨᏒ ᎤᏩᏒ ᎠᏰᎸ ᏡᎬ ᏧᎩᎵᏲᏤᎢ, ᎾᏍᎩ ᎠᏴ ᏗᎩᏲᎱᏒᎯ ᎨᏒ ᎠᏍᎦᏅᎢᏍᏗ ᎨᏒ ᎢᏗᏢ, ᏗᏛᏃᏛ ᎢᏳᎵᏍᏙᏗᏱ ᏚᏳᎪᏛ ᎢᏗᏢ ᎨᏒᎢ; ᎾᏍᎩ ᎠᏥᎵᎥᏂᎸᎢ ᎢᏣᏗᏫᏍᏗᎭ.
25. ᏂᎯᏰᏃ ᎠᏫ ᎤᎾᎴᏲᎥᎯ ᎾᏍᎩᏯ ᎨᏎᎢ; ᎪᎯᏍᎩᏂ ᎨᏒ ᎢᏣᏨᏒ ᎡᏥᎷᏤᎸ ᎠᏫ-ᏗᎦᏘᏯ ᎠᎴ ᏗᏣᏓᏅᏙ ᏗᎦᏘᏯ.

== I Peter 3 ==
1. ᎾᏍᏉᏃ ᏂᎯ ᎢᏥᎨᏴ ᏗᏦᎯᏳᎯᏳ ᎨᏎᏍᏗ ᏗᎨᏥᏰᎯ, ᎾᏍᎩ ᎢᏳᏃ ᎩᎶ ᎧᏃᎮᏛ ᏂᏓᏂᎧᎿᎭᏩᏕᎬᎾ ᏱᎩ, ᎾᏍᎩ ᎾᏍᏉ ᎧᏃᎮᏛ ᎬᏗ ᏂᎨᏒᎾ ᏱᎨᏥᏎᎪᎩᏍᏓ [ᎠᏂᎪᏩᏘᏍᎬ] ᏄᏍᏛ ᎢᏣᎴᏂᏙᎲ ᎢᏥᎨᏴ,
2. ᎠᎴ ᎠᏂᎪᏩᏗᏍᎬ ᎤᏲ ᏄᏓᏑᏴᎾ ᎢᏣᎴᏂᏙᎲ ᎤᎵᏠᏯᏍᏛ ᎦᎾᏰᎯᏍᏗ ᎨᏒᎢ.
3. ᎠᎴ ᏕᏣᏣᏅᏍᎬ ᎥᏝᏍᏗ ᎦᏚᎢᏉ ᎡᎯ ᎠᏣᏅᏗ ᎨᏒ ᏱᎨᏎᏍᏗ, ᎾᏍᎩ ᎣᏍᏗᏰᎬ ᎠᏍᏕᏯᏍᏗ ᎨᏒᎢ ᎠᎴ ᎠᏕᎸᏓᎶᏂᎨ ᎠᏣᏅᏙᏗ, ᎠᎴ ᏗᏄᏬ ᏛᏄᏬᏍᎬᎢ,
4. ᎤᏕᎵᏒᏍᎩᏂ ᎣᏓᏅᏛ ᎡᎯ ᏴᏫ ᎨᏎᏍᏗ, ᎾᏍᎩ ᎠᏲᎩ ᏂᎨᏒᎾ ᏥᎩ, ᎾᏍᎩ ᎤᏓᏙᎵᏍᏗ ᎠᎴ ᎤᏓᏅᏘ ᎠᏓᏅᏙ, ᎾᏍᎩ ᎤᏁᎳᏅᎯ ᏙᏗᎧᏂᏍᎬ ᎤᏣᏘ ᏧᎬᏩᎶᏗ ᏥᎩ.
5. ᎾᏍᎩᏰᏃ ᎾᏍᏉ ᎾᎾᏛᏁᎮ ᎡᏘ ᎠᏃᏍᏛ ᎠᏂᎨᏴ ᎤᏁᎳᏅᎯ ᎠᎾᏓᏍᎦᏍᏙᏗᏍᎩ ᏓᎾᏣᏅᏍᎨᎢ, ᏚᏃᎯᏳᎭ ᏗᎬᏩᏂᏰᎯ,
6. ᎾᏍᎩᏯ ᏎᎵ ᎢᎪᎯᏳᎲᏍᎨ ᎡᏆᎭᎻ, ᏍᎩᎾᏝᎢ ᏥᎪᏎᎮᎢ, ᎾᏍᎩ ᏧᏪᏥ ᏥᏂᏣᎵᏍᏗᎭ, ᎢᏳᏃ ᎣᏍᏛ ᏱᏗᏥᎸᏫᏍᏓᏁᎭ, ᎠᎴ ᎪᎱᏍᏗ ᏂᏥᏍᎦᎢᎲᎾ ᏱᎩ.
7. ᏂᎯ ᎾᏍᏉ ᎢᏥᏍᎦᏯ ᎢᏣᏁᎳᏛᎭ ᏗᏣᏓᎵᎢ ᎾᏍᎩᏯ ᎢᏯᏛᏁᏗ ᎨᏒ ᎢᏥᎦᏔᎲᎢ, ᎠᎴ ᏕᏥᎸᏉᏕᏍᏗ ᎾᏍᎩᏯ ᏗᎦᎸᏉᏙᏗ ᏥᎩ ᏗᏂᏩᎾᎦᎳᎢ, ᎠᎴ ᏗᎦᎸᏉᏙᏗ ᏥᎩ ᎠᏖᏆᎶᎯ ᎣᏤᎵ ᎨᏒ ᎬᏩᎦᏗᏯ ᎬᏂᏛ ᎡᏥᏁᎸᎢ; ᎾᏍᎩᏃ ᏞᏍᏗ ᎢᏣᏓᏙᎵᏍᏗᏍᎬ ᎪᎱᏍᏗ ᎠᏲᏍᏙᏗᏍᎩ ᏱᎨᏎᏍᏗ.
8. ᎤᎵᏍᏆᎸᏗᏃ ᎨᏒᎢ ᏂᎦᏗᏳ ᏌᏉᏉ ᏂᏕᏨᏁᏍᏗ ᏕᏣᏓᏅᏛᎢ; ᏕᏣᏓᏙᎵᎨᏍᏗ; ᏕᏣᏓᎨᏳᏎᏍᏗ ᎢᏣᎵᏅᏢᎢ; ᎢᏣᏓᏙᎵᏣᏗᏳ ᎨᏎᏍᏗ; ᎢᏣᏓᏙᎵᏍᏗ ᎨᏎᏍᏗ;
9. ᏞᏍᏗ ᎤᏲ ᏁᏨᏁᎲ ᏱᏣᏞᎨᏍᏗ ᎤᏲ ᏱᏂᏣᏓᏛᏁᎮᏍᏗ, ᎠᎴ ᎦᏰᏥᏐᏢᏔᏅ ᏞᏍᏗ ᏱᏣᏞᎨᏍᏗ ᏱᎨᏣᏓᏐᏢᏗᏍᎨᏍᏗ, ᎣᏍᏛᏉᏍᏗᏂ ᎨᏥᏁᏤᎮᏍᏗ; ᎢᏥᎦᏔᎭᏰᏃ ᎾᏍᎩ ᎢᏣᏛᏁᏗᏱ ᎡᏥᏯᏅᏛ ᎨᏒᎢ, ᎾᏍᎩ ᎢᏣᏤᎵ ᎢᏳᎵᏍᏙᏗᏱ ᎣᏍᏛ ᎡᏥᏁᏤᏗᏱ.
10. “ᎩᎶᏰᏃ ᎬᏅ ᎤᎨᏳᏎᏍᏗ, ᎠᎴ ᎣᏍᏛ ᎢᎦ ᏧᎪᏩᏛᏗᏱ ᎤᏚᎵᏍᎨᏍᏗ, ᏩᏲᏍᏙᏓᏏ ᎦᏃᎪᎢ ᎤᏲ ᎨᏒᎢ, ᏚᎭᏁᎦᎸ ᎦᎶᏄᎮᏛ ᎤᏁᎢᏍᏗᏱ ᏂᎨᏒᎾ;
11. ᎠᏓᏅᎡᎮᏍᏗ ᎤᏲ ᎨᏒᎢ ᎣᏍᏛᏃ ᏚᎸᏫᏍᏓᏁᎮᏍᏗ; ᏅᏩᏙᎯᏯᏛ ᎨᏒ ᎤᏲᎮᏍᏗ ᎠᎴ ᎾᏍᎩ ᏓᎧᎿᎭᏩᏕᎨᏍᏗ.
12. ᏱᎰᏩᏰᏃ ᏗᎦᏙᎵ ᏓᎧᎿᎭᏩᏗᏙ ᎤᎾᏓᏅᏘ, ᎠᎴ ᏗᎦᎴᏂ ᏚᏛᏓᏍᏗ ᎠᎾᏓᏙᎵᏍᏗᏍᎬᎢ, ᎤᎧᏛᏍᎩᏂ ᏱᎰᏩ ᏕᏡᏔᏅ ᎤᏲ ᏧᏂᎸᏫᏍᏓᏁᎯ.”
13. ᎦᎪᏃ ᎾᏍᎩ ᎣᏏᏅ ᏱᏂᏨᎦ ᎢᏳᏃ ᎣᏍᏛ ᎨᏒ ᎢᏥᏍᏓᏩᏕᎩ ᏱᎩ?
14. ᎢᏳ ᎠᎴ ᏚᏳᎪᏛ ᎨᏒ ᏅᏗᎦᎵᏍᏙᏗᏍᎨᏍᏗ ᎢᏥᎩᎵᏲᎨᏍᏗ, ᏅᏩᏙᎯᏯᏛᏉ ᎨᏎᏍᏗ. ᎠᎴ ᏞᏍᏗ ᏱᏥᏍᎦᎢᎮᏍᏗ ᎤᏂᎾᏰᎯᏍᏗᏳ ᎨᏒᎢ, ᎠᎴ ᏞᏍᏗ ᏱᏣᏕᏯᏔᏁᎮᏍᏗ;
15. ᎡᏥᎸᏉᏗᏍᎨᏍᏗᏍᎩᏂ ᏱᎰᏩ ᎤᏁᎳᏅᎯ ᏙᏗᏣᏓᏅᏛᎢ. ᎠᎴ ᏯᏃᏉ ᎢᏨᏛᏅᎢᏍᏕᏍᏗ ᎾᏂᎥ ᎩᎶ ᎨᏣᏛᏛᎲᏍᎩ ᎤᏚᎩ ᎢᏨᏒ ᎤᎬᏩᎵ, ᏗᏥᏃᏁᏗᏱ ᎤᏓᏅᏘ ᎠᎴ ᎤᎾᏰᎯᏍᏗ ᎨᏒ ᎢᏨᏙᏗᏱ.
16. ᎠᎴ ᎢᏥᏍᏆᏂᎪᏕᏍᏗ ᎣᏍᏛ ᏗᎫᎪᏙᏗ ᎨᏒᎢ, ᎾᏍᎩ ᎤᏐᏅ ᏥᎨᏥᏃᎮᎭ ᎤᏲ ᏧᏂᎸᏫᏍᏓᏁᎯ ᏥᎨᏦᏎᎭ, ᏯᎾᏕᎰᎯ ᎾᏍᎩ ᎦᏰᎪᎩ ᎨᏥᏃᎮᏍᎩ ᎣᏍᏛ ᎢᏣᎴᏂᏙᎲ ᎦᎶᏁᏛ ᏕᏥᎧᎿᎭᏩᏗᏒᎢ ᎠᏂᏁᎢᏍᏗᏍᎩ.
17. ᎤᏟᏰᏃ ᎣᏏᏳ, ᎾᏍᎩ ᏱᏄᏍᏗ ᎤᏁᎳᏅᎯ ᎠᏓᏅᏖᏍᎬᎢ, ᎾᏍᎩ ᎢᏥᎩᎵᏲᎢᏍᏗᏱ ᎣᏍᏛ ᏕᏥᎸᏫᏍᏓᏁᎲᎢ, ᎠᏃ ᎤᏲ ᏕᏥᎸᏫᏍᏓᏁᎲ ᎢᏥᎩᎵᏲᎢᏍᏗᏱ.
18. ᎦᎶᏁᏛᏰᏃ ᎾᏍᏉ ᏌᏉ ᏄᎩᎵᏲᏤ ᎠᏍᎦᏅᎢᏍᏗ ᎨᏒ ᎤᏍᏛᏕᎢ, ᎠᏍᎦᎾ ᏂᎨᏒᎾ ᎠᏂᏍᎦᎾ ᏚᎩᎵᏲᏤᎴᎢ, ᎾᏍᎩ ᎤᏁᎳᏅᎯᏱ ᏫᏗᎦᏘᏃᎯᏍᏗᏱ; ᎠᏥᎴᎢ ᎤᏇᏓᎵ ᎨᏒᎢ, ᎠᏎᏃ ᎠᏓᏅᏙ ᎤᏩᏂᏕᎢ.
19. ᎾᏍᎩ ᎾᏍᏉ [ᎠᏓᏅᏙ] ᎤᏩᏔᏁ ᎤᏪᏅᏎ ᏫᏚᎵᏥᏙᏁᎴ ᏗᏓᏅᏙ ᏗᏓᏍᏚᏗᏱ ᏣᏂᏯᎠ,
20. ᎾᏍᎩ ᎢᎸᎯᏳ ᏄᏃᎯᏳᏒᎾ ᏥᎨᏎᎢ, ᎾᎯᏳ ᎤᏁᎳᏅᎯ ᎬᏂᏗᏳ ᎨᏒ ᏣᎦᏘᏰᎢ, ᏃᏯ ᎾᎯᏳ ᏤᎥᎢ, ᏣᏛᏅᎢᏍᏗᏍᎨ ᏥᏳ, ᎾᎿᎭᎢᎸᏍᎩ ᎾᏍᎩ ᏧᏁᎳᏉ ᎢᏯᏂᏛ ᏥᎨᏥᏍᏕᎸᎮᎢ, ᎠᎹ ᏥᎨᏥᏍᏕᎸᏔᏁᎢ;
21. ᎾᏍᎩᏯ ᎾᏍᏉ ᏗᏓᏬᏍᏗ ᎨᏒ ᎪᎯ ᎨᏒ ᎢᎩᏍᏕᎵᎭ; ᎥᏝ ᎢᏴᏛ ᎾᎬᏁᎲ ᎠᏰᎸ ᎦᏓᎭ ᎨᏒᎢ, ᎧᏁᏤᏗᏍᎩᏂ ᎤᏁᎳᏅᎯ ᎬᏙᏗ ᎣᏍᏛ ᎠᏓᏅᏖᏗ ᎨᏒ ᎢᎩᏍᏕᎵᎭ ᏅᏗᎦᎵᏍᏙᏗᎭ ᏚᎴᎯᏌᏅ ᏥᏌ ᎦᎶᏁᏛ,
22. ᎾᏍᎩ ᎦᎸᎳᏗ ᏭᎶᏒ ᎤᏁᎳᏅᎯ ᎤᏬᎸ ᎠᎦᏘᏏᏗᏢ ᏭᏬᎳ, ᏗᏂᎧᎿᎭᏩᏗᏙᎯᏃ ᎠᎴ ᏗᎨᎦᏁᎶᏗ ᎠᎴ ᏄᏂᎬᏫᏳᏒ ᏗᎬᏩᏁᎶᏗ ᏄᎵᏍᏔᏅ.

== I Peter 4 ==
1. ᎦᎶᏁᏛᏃ ᎤᏇᏓᎵ ᎨᏒ ᎢᎩᎩᎵᏲᏤᎸᎯ ᏥᎩ, ᏂᎯ ᎾᏍᏉ ᎾᏍᎩ ᎢᏳᏍᏗ ᎠᏓᏅᏙ ᎢᏣᎵᏍᎦᏍᏙᏙᏗ ᏂᏨᎦ; ᎾᏍᎩᏰᏃ Ꮎ ᎤᏇᏓᎵ ᎨᏒ ᎤᎩᎵᏲᏨᎯ ᏥᎨᏐᎢ ᏚᏲᏐ ᎠᏍᎦᏅᎢᏍᏗ ᎨᏒᎢ,
2. ᎾᏍᎩ ᎿᎭᏉ ᎤᏕᏗᏱ ᏂᎨᏒᎾ ᎢᏳᎵᏍᏙᏗᏱ ᏂᎪᎯᎸ ᎤᏇᏓᎸ ᎢᎪᎯᏛ ᎤᎴᏂᏓᏍᏗ ᎨᏒᎢ, ᎾᏍᎩ ᏴᏫ ᎤᎾᏚᎸᏗ ᎨᏒᎢ, ᎤᏁᎳᏅᎯᏉᏍᎩᏂ ᎣᏏᏳ ᎤᏰᎸᏗ ᎨᏒᎢ.
3. ᏰᎵᏉᏰᏃ ᏱᎩᏰᎸᎭ ᎦᏳᎳ ᎢᎦᎴᏂᏙᎸ ᏕᎩᎸᏫᏍᏓᏁᎸ ᎣᏏᏳ ᎤᏂᏰᎸᏗ ᎨᏒ ᎾᏂᎦᏔᎾᎥᎾ, ᎾᎯᏳ ᏥᏕᏙᎲ ᎤᏕᎵᏛ ᏗᏂᏏᏗ ᎨᏒᎢ, ᎠᎴ ᎠᏚᎸᏗ ᎨᏒᎢ, ᎠᎴ ᎩᎦᎨ-ᎠᏗᏔᏍᏗ ᎬᏓᏴᏍᏕᏍᏗᏍᎩ ᎨᏒᎢ, ᎠᎴ ᎠᎵᏍᎦᎾᏩᏍᏗ ᎨᏒᎢ, ᎠᎴ ᏓᎾᏗᏔᏍᎬ ᎨᎳᏗᏓᏍᏗ ᎨᏒᎢ, ᎠᎴ ᏂᏚᏳᎪᏛᎾ ᎤᏁᎳᏅᎯ ᏗᏰᎸᎯ ᏗᏓᏙᎵᏍᏓᏁᏗ ᎨᏒᎢ;
4. ᎾᏍᎩ ᎤᏍᏆᏂᎪᏗᏳ ᎤᏂᏰᎸᎭ, ᎾᎿᎭᏂᏣᎢᏒᎾ ᎨᏒ ᎠᎾᎢᏒ ᏩᏂᎦᏛ ᎤᎶᏒᏍᏔᏅᎯ ᎤᏲ ᎢᏯᏛᏁᎵᏓᏍᏗ ᏗᎨᏒᎢ, ᎾᏍᎩ ᎤᏐᏅ ᎨᏥᏃᎮᏍᎬᎢ;
5. ᎾᏍᎩ ᎬᏂᎨᏒ ᎢᏳᏅᏁᏗ ᎨᏎᏍᏗ ᎠᎦᏔᎲ ᎾᏍᎩ ᎤᎬᏩᎴᎢ ᏧᎵᏁᏃᏗ ᏧᏭᎪᏓᏁᏗᏱ ᏗᏅᏃᏛ ᎠᎴ ᏧᏂᏲᎱᏒᎯ.
6. ᎾᏍᎩᏰᏃ ᎢᏳᏍᏗ ᎣᏍᏛ ᎧᏃᎮᏛ ᏧᏂᏲᎱᏒᎯ ᎾᏍᏉ ᎨᎦᎵᏥᏙᏁᎴᎢ, ᏗᎨᎫᎪᏓᏁᏗᏱ ᎤᏇᏓᎵ ᎨᏒ ᎾᏍᎩᏯ ᏴᏫ ᏧᏄᎪᏙᏗ ᎨᏒᎢ, ᎤᏁᎳᏅᎯᏍᎩᏂ ᏧᏭᎪᏙᏗ ᎨᏒ ᏗᏅᏃᏛ ᎢᏳᎵᏍᏙᏗᏱ ᏧᎾᏓᏛᏙᎩᎯ ᎨᏒᎢ.
7. ᏄᏓᎴᏒᏍᎩᏂ ᎪᎱᏍᏗ ᎤᎵᏍᏆᏗᏗ, ᎾᏍᎩ ᎢᏳᏍᏗ ᎢᏣᎵᏏᎾᎯᏍᏗ ᎨᏎᏍᏗ, ᎠᎴ ᎢᏥᏯᏫᏍᎬ ᎢᏣᏓᏙᏓᏍᏗᏍᎨᏍᏗ.
8. ᎠᎴ Ꮀ ᎤᎬᏫᏳᏎᏍᏗ ᎤᎵᏂᎩᏛ ᏕᏣᏓᎨᏳᏎᏍᏗ; ᎠᏓᎨᏳᏗᏰᏃ ᎨᏒ ᏓᎫᏢᏂ ᎤᏣᏘ ᎢᏯᏍᎦᏅᎢᏍᏗ ᎨᏒᎢ.
9. ᏗᏣᏓᏍᏆᏂᎪᏗᏳ ᎨᏎᏍᏗ ᎪᎱᏍᏗ ᏂᏗᏣᏓᏕᎵᏎᎲᎾ.
10. ᏂᏥᎥᏃ ᎡᏥᏁᎸᎯ ᏥᎩ, ᎾᏍᎩ ᏕᏣᏓᏁᎮᏍᏗ ᎾᏍᎩᏯ ᎢᏳᎾᏛᏁᏗ ᎠᏃᏍᏛ ᎨᏥᎦᏘᏗᏍᏗ ᏧᏓᎴᏅᏛ ᎤᏁᎳᏅᎯ ᎬᏩᎦᏗᏯ ᎤᏓᏁᏗ ᎨᏒᎢ.
11. ᎢᏳᏃ ᎩᎶ ᎦᏬᏂᏍᎨᏍᏗ, ᎾᏍᎩᏯ ᎤᏁᎳᏅᎯ ᏄᏪᏒ ᎦᏬᏂᏍᎨᏍᏗ. ᎢᏳᏃ ᎩᎶ ᏓᏯᏙᎮᎮᏍᏗ, ᎾᏍᎩ ᏰᎵ ᎢᎬᏩᏛᏁᏗ ᎨᏒ ᎤᎵᏍᎪᎸᏓᏁᎲ ᎤᏁᎳᏅᎯ ᎾᏍᎩ ᎾᏛᏁᎮᏍᏗ; ᎾᏍᎩᏃ ᎤᏁᎳᏅᎯ ᏂᎦᎥ ᏕᏥᎸᏫᏍᏓᏁᎲ ᎠᏥᎸᏉᏗᏳ ᎢᎬᏩᎵᏍᏙᏗ ᏱᎩ ᏥᏌ ᎦᎶᏁᏛ ᎨᏒ ᏱᏅᏗᎦᎵᏍᏙᏗᎭ; ᎾᏍᎩ ᎤᏤᎵᎦ ᎦᎸᏉᏗᏳ ᎨᏒ ᎠᎴ ᎤᎬᏫᏳᎯ ᎨᏒ ᏂᎪᎯᎸ ᎤᎵᏍᏆᏗᏍᏗ ᏂᎨᏒᎾ. ᎡᎺᏅ.
12. ᎢᏨᎨᏳᎢ, ᏞᏍᏗ ᎤᏍᏆᏂᎪᏗ ᏱᏥᏰᎸᏎᏍᏗ ᎦᎵᎬ ᏥᏥᏱᎵᏕᎭ ᎾᏍᎩ ᎢᏥᎪᎵᏰᏗ ᏥᎩ, ᎾᏍᎩᏯ ᎪᎱᏍᏗ ᎤᏍᏆᏂᎪᏗ ᏥᏥᎷᏤᎶᎢ;
13. ᎢᏣᎵᎮᎵᎨᏍᏗᏍᎩᏂ ᏅᏗᎦᎵᏍᏙᏗᏍᎨᏍᏗ ᎦᎶᏁᏛ ᎤᎩᎵᏲᏨ ᎢᏤᎳᏗᏍᏗᏍᎬᎢ, ᎾᏍᎩᏃ ᎤᏤᎵ ᎦᎸᏉᏗᏳ ᎨᏒ ᎬᏂᎨᏒ ᎢᎬᏁᎸᎯ ᎨᏎᏍᏗ ᏂᎯ ᎾᏍᏉ ᎤᏣᏔᏅᎯ ᎨᏣᎵᎮᎵᏍᏗ ᎨᏎᏍᏗ.
14. ᎢᏳᏃ ᎦᏰᏥᏐᏢᏕᏍᏗ ᎦᎶᏁᏛ ᏚᏙᎥ ᏅᏗᎦᎵᏍᏙᏗᏍᎨᏍᏗ ᎣᏏᏳ ᎢᏣᎵᏍᏓᏁᏗ ᎨᏎᏍᏗ, ᎠᏓᏅᏙᏰᏃ ᎦᎸᏉᏗᏳ ᎤᏁᎳᏅᎯ ᎤᏤᎵᎦ ᎢᏤᎳᏗᏙᎭ; ᎾᏍᎩ Ꮎ ᎨᏒ ᎦᎬᏩᏐᏢᏗ, ᏂᎯᏍᎩᏂ ᎨᏒ ᎠᏥᎸᏉᏗᎭ.
15. ᎠᏗᎾ ᏞᏍᏗ ᎩᎶ ᏂᎯ ᏂᏣᏛᏅ ᏳᎩᎵᏲᏤᏍᏗ ᏴᏫ ᎤᎸᎢ ᏳᏍᏛᏗᏍᎨᏍᏗ, ᎠᎴ ᎤᏃᏍᎩᏒᎢ, ᎠᎴ ᎤᏲ ᏚᎸᏫᏍᏓᏁᎸᎢ, ᎠᎴ ᎤᎵᏌᎳᏁᎯ ᎨᏒ ᏅᏩᎾᏓᎴ ᏧᏂᎸᏫᏍᏓᏁᏗ ᎨᏒᎢ.
16. ᎢᏳᏍᎩᏂ ᎩᎶ ᎦᎶᏁᏛ ᎠᏍᏓᏩᏗᏙᎯ ᎨᏒ ᎤᏍᏛᏗᏍᎨᏍᏗ ᎠᎩᎵᏲᎨᏍᏗ, ᏞᏍᏗ ᏯᏕᎰᏍᎨᏍᏗ, ᏫᎦᎸᏉᏓᏉᏍᎩᏂ ᎤᏁᎳᏅᎯ ᎾᏍᎩ ᏫᏂᎦᎵᏍᏙᏓ.
17. ᎤᏍᏆᎸᎲᏰᏃ ᎾᏍᎩ ᏗᎫᎪᏙᏘ ᎨᏒ ᎤᏁᎳᏅᎯ ᎤᏤᎵ ᎠᏓᏁᎸ ᎤᏓᎴᏅᏗᏱ; ᎢᏳᏃ ᎠᏴ ᏰᎦᎴᏅᏔᏅ ᎦᏙ ᎤᏍᏗ ᏭᎾᎵᏱᎶᎯᏍᏗ ᎨᏎᏍᏗ ᎾᏍᎩ Ꮎ ᏄᏃᎯᏳᏒᎾ ᎣᏍᏛ ᎧᏃᎮᏛ ᎤᏁᎳᏅᎯ ᎤᏤᎵᎦ.
18. ᎢᏳ ᎠᎴ ᎤᏓᏅᏘ ᎤᏎᎦᏨᎯ ᎠᏥᏍᏕᎸᏗ ᎨᏎᏍᏗ, ᎭᏢ ᏭᎾᏄᎪᎢᏍᏗ ᎨᏎᏍᏗ ᎤᏁᎳᏅᎯ ᏂᏚᏁᎶᏛᎾ ᎠᎴ ᎠᏍᎦᎾᎢ.
19. ᎾᏍᎩ ᎢᏳᏍᏗ, ᎾᏍᎩ Ꮎ ᏄᏍᏛ ᎠᏓᏅᏖᏍᎬ ᎤᏁᎳᏅᎯ ᎠᏂᎩᎵᏲᎩ, ᏫᏓᏂᏲᎯᏏ ᏧᏍᏆᏂᎪᏙᏗᏱ ᏧᎾᏓᏅᏙ, ᎣᏍᏛ ᏕᎤᏂᎸᏫᏍᏓᏁᎲᎢ, ᎾᏍᎩᏯ ᏄᏓᎵᏓᏍᏛᎾ ᎤᏬᏢᏅᏅᎯ ᏥᏓᏂᏲᎯᏎᎰᎢ.

== I Peter 5 ==
1. ᏗᎨᎦᏁᎶᏗ ᏥᎨᏣᏓᏑᏯ ᎦᏥᏔᏲᏎᎭ, ᎠᏴ ᎾᏍᏉ ᏨᏆᏁᎶᏗ ᎠᎴ ᏥᎦᏔᎯ ᏥᏌ ᎦᎶᏁᏛ ᎤᎩᎵᏲᏨᎢ, ᎠᎴ ᎾᏍᏉ ᎠᏇᏔᏗᏍᏗᏍᎩ ᎦᎸᏉᏗᏳ ᎬᏂᎨᏒ ᎢᎬᏁᏗ ᏥᎩ—
2. ᏕᏤᎶᎮᏍᏗ ᎤᎾᏓᏡᎬ ᎤᏁᎳᏅᎯ ᏧᏤᎵᎦ ᏥᎨᏣᏓᏑᏯ, ᏕᏥᎦᏘᏰᏍᏗ, ᎥᏞᏍᏗ ᎣᏏᏳ ᏂᏥᏰᎸᏒᎾ ᎣᏏᏳᏍᎩᏂ ᎢᏥᏰᎸᎯ ᎨᏎᏍᏗ, ᎠᎴ ᎥᏞᏍᏗ ᏧᎬᏩᎶᏗ ᎢᏥᎬᎥᏍᎬ ᏱᏅᏗᎦᎵᏍᏙᏗᏍᎨᏍᏗ, ᎣᏏᏳᏍᎩᏂ ᎢᏥᏰᎸᏒ ᏅᏗᎦᎵᏍᏙᏗᏍᎨᏍᏗ;
3. ᎠᎴ ᏕᏥᎦᏘᏴ [ᎤᏁᎳᏅᎯ] ᏧᏤᎵᎦ ᏞᏍᏗ ᎤᏂᎬᏫᏳᎯ ᎾᎾᏛᏁᎲ ᏱᏂᏣᏛᏁᎮᏍᏗ, ᎦᎨᏣᏕᎶᏆᎡᏗᏍᎩᏂ ᎨᏎᏍᏗ ᎾᏍᎩ ᎤᎾᏓᏡᎬᎢ.
4. ᏄᎬᏫᏳᏒᏃ ᎠᏫ-ᏗᎦᏘᏯ ᎦᎾᏄᎪᏥᎸᎭ ᎡᏥᏅᏁᏗ ᎨᏎᏍᏗ ᎦᎸᏉᏗ ᎠᎵᏍᏚᎶ ᎠᏍᎪᎸᎩ ᏂᎨᏒᎾ.
5. ᏂᎯ ᎾᏍᏉ ᎢᏥᏫᏅ ᏕᏦᎯᏳᏎᏍᏗ ᏧᎾᏛᏐᏅᎯ; ᎥᎥ, ᏂᏥᎥᎢ ᏕᏣᏓᏙᎯᏳᏎᏍᏗ, ᎠᎴ ᎢᏣᏄᏬᏍᏕᏍᏗ ᎤᏓᏙᎵᏍᏗ ᎠᏓᏅᏓᏗᏍᏗ ᎨᏒᎢ; ᎤᏁᎳᏅᎯᏰᏃ ᎤᎾᏢᏉᏗ ᏓᏡᏗᏍᎪᎢ, ᎤᎾᏓᏙᎵᏍᏗᏍᎩᏂ ᎬᏩᎦᏗᏯ ᎤᏓᏙᎵᏍᏗ ᎨᏒ ᏓᎵᏍᎪᎸᏓᏁᎰᎢ.
6. ᎾᏍᎩ ᎢᏳᏍᏗ ᎢᏣᏓᏙᎵᏍᏗ ᎨᏎᏍᏗ ᎤᏁᎳᏅᎯ ᎤᎵᏂᎩᏛ ᎤᏬᏰᏂ ᎭᏫᏂᏗᏢ ᏂᏣᏛᎾᏕᎬᎢ, ᎾᏍᎩᏃ ᎨᏥᏌᎳᏙᏗ ᎨᏎᏍᏗ ᎠᏎᎸᎯ ᎨᏒ ᎾᎯᏳᎢ.
7. ᎠᎴ ᎾᏍᎩ ᏂᎦᏗᏳ ᎤᏪᎵᎯᏍᏗ ᎢᏤᎲ ᏤᏥᏲᎯᏏ, ᎾᏍᎩᏰᏃ ᎢᏣᏓᏅᏖᏍᎪᎢ.
8. ᎢᏣᎵᏏᎾᎯᏍᏗ ᎨᏎᏍᏗ, ᎢᏥᏯᏫᏍᎨᏍᏗ, ᎢᏣᏡᏗᏍᎩᏰᏃ ᎠᏍᎩᎾ, ᏢᏓᏥ ᎤᏃᏕᎾ ᎤᏪᎷᎩ ᎾᏍᎩᏯ ᎡᏙᎭ ᏚᏲᎭ ᏧᏪᏰᏍᏗ.
9. ᎾᏍᎩ ᏤᏣᏟᏴᏏ, ᎤᎵᏂᎩᏛ ᎨᏎᏍᏗ ᎢᏦᎯᏳᏒᎢ, ᎢᏥᎦᏔᎭᏰᏃ ᎤᏠᏱ ᎠᎩᎵᏲᎢᏍᏗ ᎨᏒ ᎠᏂᎧᎵᎢᎲ ᎢᏣᎵᏅᏟ ᎡᎶᎯ ᏣᏁᎭ.
10. ᎠᏗᎾ ᎤᏁᎳᏅᎯ ᎤᏣᏔᏅᎯ ᎤᏓᏙᎵᏣᏘ ᎾᏍᎩ ᎢᎩᏯᏅᏛ ᏥᎩ ᎤᏤᎵ ᎤᎵᏍᏆᏗᏍᏗ ᏂᎨᏒᎾ ᎦᎸᏉᏗᏳ ᎨᏒ ᏫᎩᎷᎯᏍᏗᏱ, ᏥᏌ ᎦᎶᏁᏛ ᎠᎬᏗᏍᎬᎢ, ᎾᏍᎩ ᏞᎦ ᎢᏥᎩᎵᏲᏨᎯ ᎨᏎᏍᏗ, ᏂᏥᎪᎸᎾ ᏫᏂᏨᎦ, ᎠᎴ ᏫᏣᎵᏂᎪᎯᏍᏓ, ᎠᎴ ᎢᏣᎵᏂᎩᏛ ᏫᏂᏨᎦ, ᎠᎴ ᎦᏰᏥᏖᎸᏗ ᏂᎨᏒᎾ ᏫᏂᏨᎦ.
11. ᎾᏍᎩ ᎤᏤᎵ ᎨᏎᏍᏗ ᎦᎸᏉᏗᏳ ᎨᏒ ᎠᎴ ᎤᎬᏫᏳᎯ ᎨᏒ ᏂᎪᎯᎸ ᎤᎵᏍᏆᏗᏍᏗ ᏂᎨᏒᎾ. ᎡᎺᏅ.
12. ᎢᏨᏲᏪᎳᏏ ᎦᏲᎵ ᏏᎷᏪᏂ ᎤᏅᏍᏗ ᎾᏍᎩ ᎦᎳᏏᏛᏗ ᏂᎨᏒᎾ ᎢᏣᎵᏅᏟ ᎦᏓᏅᏖᏍᎬᎢ, ᎢᏒᏔᏲᏎᎭ, ᎠᎴ ᎬᏂᎨᏒ ᏂᏨᏴᏁᎭ ᎾᏍᎩ ᎯᎠ ᎾᎿᎭᏥᏕᏥᏙᎦ ᎤᏙᎯᏳᏒ ᎤᏁᎳᏅᎯ ᎤᏓᏙᎵᏍᏗ ᎨᏒᎢ.
13. ᏓᏓᎶᏂ ᎠᏁᎯ ᎨᎦᏑᏰᏛ ᏂᎯ ᎡᏣᏑᏰᏛ ᎨᏒ ᎾᏍᎩᏯᎢ ᏫᎨᏥᏲᎵᎭ, ᎠᎴ ᎾᏍᏉ ᎹᎦ ᎠᏇᏥ.
14. ᏕᏣᏓᏲᎵᎸᎭ ᎢᏨᏔᏅᎭ ᎠᏓᎨᏳᏗ ᏗᏓᏙᏪᏙᎥᏍᏗ ᎨᏒᎢ. ᏅᏩᏙᎯᏯᏛ ᎢᏤᎳᏗᏙᎮᏍᏗ ᏂᏥᎥ ᏥᏌ ᎦᎶᏁᏛ ᎡᏥᏯᎢ. ᎡᎺᏅ

== II Peter 1 ==
1. ᎠᏴ ᏌᏩᏂ ᏈᏓ, ᎠᎸᎾᏝᎢ ᎠᎴ ᎠᎩᏅᏏᏛ ᏥᏌ ᎦᎶᏁᏛ, ᎦᏥᏲᏪᎳᏏ ᎾᏍᎩ Ꮎ ᎨᏥᏁᎸᎯ ᏥᎩ ᎣᎩᏁᎸ ᎾᏍᎩᏯᎢ, ᎦᎸᏉᏗᏳ ᎪᎯᏳᏗ ᎨᏒ ᏅᏓᏳᏓᎴᏅᏁ ᎤᏓᏅᏘᏳ ᎨᏒ ᎢᎦᏁᎳᏅᎯ ᎠᎴ ᎢᎩᏍᏕᎵᏍᎩ ᏥᏌ ᎦᎶᏁᏛ.
2. ᎬᏩᎦᏘᏯ ᎤᏓᏙᎵᏍᏗ ᎨᏒ ᎠᎴ ᏅᏩᏙᎯᏯᏛ ᎡᏥᏁᏉᎡᏗ ᎨᏎᏍᏗ ᏅᏓᏳᏓᎴᏅᎯ ᎠᎦᏙᎥᎯᏍᏗ ᎨᏒ ᎤᏁᎳᏅᎯ ᎠᎴ ᏥᏌ ᎢᎦᏤᎵ ᎤᎬᏫᏳᎯ.
3. ᎾᏍᎩᏯ ᎤᏤᎵ ᎤᎵᏂᎩᏗ ᎨᏒ ᎤᏩᏔᏅᎢ ᎢᎩᏁᎸᎯ ᏥᎩ ᏄᏓᎴᏒ ᎪᎱᏍᏗ ᏕᏛᏅ ᎤᎬᏩᎵ ᎠᎴ ᎤᏁᎳᏅᎯ ᎦᎾᏰᎯᏍᏗ ᎨᏒ ᎤᎬᏩᎵ, ᏅᏓᏳᏓᎴᏅᎯ ᎠᎦᏙᎥᎯᏍᏗ ᎨᏒ ᎾᏍᎩ Ꮎ ᎢᎩᏯᏅᏛ ᏥᎩ ᎬᏔᏅᎯ ᎦᎸᏉᏗᏳ ᎨᏒ ᎠᎴ ᏚᏳᎪᏛ ᎢᏍᏛᏁᏗ ᎨᏒᎢ.
4. ᎤᏍᎩ ᎾᎿᎭᏭᏓᎪᎾᏛᏔᏅᎯ ᎡᏉᎯᏳ ᎠᎴ ᎦᎸᏉᏗᏳ ᎡᎩᏚᎢᏍᏓᏁᎸᎯ ᏥᎩ, ᎾᏍᎩ ᎯᎠ ᏕᏨᏗᏍᎬ ᎨᏣᏠᏯ ᏍᏙᏗ ᏱᏂᎦᎵᏍᏓ ᎤᏁᎳᏅᎯ ᏄᏍᏛᎢ, ᎡᏣᏗᏫᏎᎸᎯ ᎨᏒ ᎤᏲᎢ ᎡᎶᎯ ᏤᎭ ᎠᏚᎸᏗ ᎨᏒ ᏨᏗᏓᎴᎲᏍᎦ.
5. ᎾᏍᎩ ᎢᏳᏍᏗ ᎤᏣᏘ ᎢᎶᏟᏂᎬᏁᎲ ᎢᏦᎯᏳᏒ ᏔᎵ ᎢᏨᏗᏍᎨᏍᏗ ᏚᏳᎪᏛ ᎢᏯᏛᏁᏗ ᎨᏒᎢ; ᎠᎴ ᏚᏳᎪᏛ ᎢᏯᏛᏁᏗ ᎨᏒ ᏔᎵ ᎢᏨᏗᏍᎨᏍᏗ ᎠᎦᏙᎥᎯᏍᏗ ᎨᏒᎢ;
6. ᎠᎦᏙᎥᎯᏍᏗᏃ ᎨᏒ ᏔᎵ ᎢᏨᏗᏍᎨᏍᏗ ᎠᎵᏏᎾᎯᏍᏙᏗ ᎨᏒᎢ; ᎠᎵᏏᎾᎯᏍᏙᏗᏃ ᎨᏒ ᏔᎵ ᎢᏨᏗᏍᎨᏍᏗ ᏗᏨᏂᏗᏳ ᎨᏒᎢ; ᏗᏨᏂᏗᏳᏃ ᎨᏒ ᏔᎵ ᎢᏨᏗᏍᎨᏍᏗ ᎤᏁᎳᏅᎯ ᎦᎾᏰᎯᏍᏗ ᎨᏒᎢ;
7. ᎤᏁᎳᏅᎯᏃ ᎦᎾᏰᎯᏍᏗ ᎨᏒ ᏔᎵ ᎢᏨᏗᏍᎨᏍᏗ ᎠᎾᎵᏅᏢ ᏗᎨᏳᏗ ᎨᏒᎢ; ᎠᎾᎵᏅᏢᏃ ᏗᎨᏳᏗ ᎨᏒ ᏔᎵ ᎢᏨᏗᏍᎨᏍᏗ ᎢᎬᏂᎢᏛᏉ ᏗᎨᏳᏗ ᎨᏒᎢ.
8. ᎢᏳᏰᏃ ᎾᏍᎩ ᎯᎠ ᏧᏓᎴᏅᏛ ᎣᏤᎭ ᎠᎴ ᏱᎧᏁᏉᎦ, ᎾᏍᎩ ᏱᏂᎬᏂᏌ ᎥᏝ ᎢᏥᏍᎦᏃᎸ ᎠᎴ ᏂᏥᏁᏉᏣᏛᎾ ᏱᎦᎩ ᎠᎦᏙᎥᎯᏍᏗ ᎨᏒ ᏥᏌ ᎦᎶᏁᏛ ᎤᎬᏫᏳᎯ ᎢᎦᏤᎵᎦ.
9. ᏄᏪᎲᎾᏍᎩᏂ ᎾᏍᎩ ᎯᎠ ᏧᏓᎴᏅᏛ ᎾᏍᎩ ᏗᎨᏫᏉ ᎠᎴ ᎢᏴᏛ ᎬᏩᎪᏩᏛᏗ ᏂᎨᏒᎾ, ᎠᎴ ᎤᏩᎨᏫᏒᎯ ᎠᏥᏅᎦᎸᏛ ᎨᏒ ᎢᎸᎯᏳ ᎤᏍᎦᏅᏥᏙᎸᎢ.
10. ᎾᏍᎩ ᎢᏳᏍᏗ ᎢᏓᎵᏅᏟ ᎤᏟ ᎢᎦᎢ ᎢᏣᏟᏂᎬᏁᎮᏍᏗ ᏄᏜᏓᏏᏛᏒᎾ ᎢᏨᏁᏗᏱ ᎡᏥᏯᏅᎲ ᎠᎴ ᎡᏣᏑᏰᏒᎢ; ᎢᏳᏰᏃ ᎯᎠ ᎾᏍᎩ ᏧᏓᎴᏅᏛ ᏱᏂᏣᏛᏁᎭ, ᎥᏝ ᎢᎸᎯᏳ ᏱᏙᎨᏥᏅᎩ.
11. ᎾᏍᎩᏰᏃ ᏂᏣᏛᏁᎲ ᎤᏣᏔᏅᎯ ᎡᏥᏁᏗ ᎨᏎᏍᏗ ᎢᏥᏴᏍᏗᏱ ᎤᎵᏍᏆᏗᏍᏗ ᏂᎨᏒᎾ ᎤᎬᏫᏳᎯ ᏗᎨᏒ ᎢᎦᏤᎵ ᎤᎬᏫᏳᎯ ᎠᎴ ᎢᎩᏍᏕᎵᏍᎩ ᏥᏌ ᎦᎶᏁᏛ.
12. ᎾᏍᎩ ᎢᏳᏍᏗ ᎥᏝ ᎤᏁᎳᎩ ᏴᏓᎨᎵᏏ ᏂᎪᎯᎸ ᎢᏨᏯᏅᏓᏗᏍᏙᏗᏱ ᎾᏍᎩ ᎯᎠ ᏧᏓᎴᏅᏛ, ᎢᏥᎦᎳᎭᏍᎩᏂᏃᏅ, ᎠᎴ ᏕᏣᎵᏂᎪᏒ ᎾᎿᎭᏚᏳᎪᏛ ᎨᏒ ᎪᎯ ᏥᏣᏛᎩᎭ.
13. ᎥᎥ, ᏚᏳᎪᏗ ᎨᎵᎭ ᎢᎪᎯᏛ ᎠᏂ ᎯᎠ ᎦᎵᏦᏛ ᏥᏯᎥᎢ, ᎢᏨᏰᏍᏛᏙᏗᏱ ᎢᏨᏯᏅᏓᏗᏍᏗᏍᎬᎢ;
14. ᏅᏗᎦᎵᏍᏙᏗᏍᎬ ᏥᎦᏔᎲ ᏂᎪᎯᎸᎾᏉ ᎢᏴᏛ ᎠᎩᏗᏱ ᎨᏒ ᎠᏆᏤᎵ ᎦᎵᏦᏛᎢ, ᎾᏍᎩᏯ ᎤᎬᏫᏳᎯ ᎢᎦᏤᎵ ᏥᏌ ᎦᎶᏁᏛ ᎬᏂᎨᏒ ᎾᏋᏁᎸᎢ.
15. ᎠᎴ ᏓᎦᏟᏂᎬᏁᎵ ᎠᎩᎶᏐᏅᎯ ᎨᏎᏍᏗ ᏂᎪᎯᎸ ᎨᏨᎨᏫᏍᏗ ᏂᎨᏒᎾ ᎢᏳᎵᏍᏙᏗᏱ, ᎾᏍᎩ ᎯᎠ ᏧᏓᎴᏅᏛ.
16. ᎥᏝᏰᏃ ᎠᎵᏏᎾᎯᏍᏔᏅᎯ ᎠᏎᏉ ᎦᏬᏂᎯᏍᏗ ᎨᏒ ᏲᎩᏍᏓᏩᏛᏎ ᎬᏂᎨᏒ ᏂᏨᏴᏁᎸ ᎤᎵᏂᎩᏗ ᎨᏒ ᎠᎴ ᎤᎷᎯᏍᏗ ᎨᏒ ᎢᎦᏤᎵ ᎤᎬᏫᏳᎯ ᏥᏌ ᎦᎶᏁᏛ; ᏱᎩᎪᎲᎯᏍᎩᏂ ᎨᏒᎩ ᎦᎸᏉᏗᏳ ᎨᏒ ᎤᏤᎵᎦ.
17. ᎤᏁᎳᏅᎯᏰᏃ ᎠᎦᏴᎵᎨ ᎤᎵᏍᎪᎸᏓᏁᎸᎩ ᎦᎸᏉᏗᏳ ᎨᏒ ᎠᎴ ᎢᎦᏚᎸᏌᏛᎢ, ᎾᎯᏳ ᎧᏁᎬ ᏧᎷᏤᎸ ᎤᏣᏘ ᎦᎸᏉᏗᏳ ᎢᎦ-ᏚᎸᏌᏛ ᏅᏓᏳᏓᎴᎤᎯ, [ᎯᎠ ᏥᏂᎦᏪᏍᎬᎩ,] ᎯᎠ ᏥᎨᏳᎢ ᎠᏇᏥ, ᎾᏍᎩ ᎣᏏᏳ ᏥᏰᎸᎢ ᏥᎩ.
18. ᎾᏍᎩᏃ ᎯᎠ ᎤᏁᏨ ᎦᎸᎳᏗ ᏅᏓᏳᎶᏒᎯ ᎣᎦᏛᎦᏅᎩ, ᎾᎯᏳ ᎦᎸᏉᏗ ᎣᏓᎸ ᎢᏧᎳᎭ ᎣᏤᏙᎲᎢ.
19. ᎠᎴ ᎾᏍᏉ ᎤᏟ ᎢᎦᎢ ᏄᏜᏓᏏᏛᏒᎾ ᎧᏃᎮᏛ ᎠᏙᎴᎰᏒᎯ ᎢᎩᎭ, ᎾᏍᎩ ᎣᏏᏳ ᏱᏂᏣᏛᎦ ᏱᏣᎦᏌᏯᏍᏔᏅ ᎾᏍᎩᏯ ᎢᎦ-ᏚᎸᏌᏛ ᎤᎵᏏᎬ ᏨᎦᏌᏯᏍᏗᏍᎪᎢ, ᎬᏂ ᎢᎦ ᏓᎦᏙᎩ, ᎠᎴ ᏑᎾᎴ ᎡᎯ ᏃᏈᏏ ᏓᎧᎸᎩ ᏗᏥᎾᏫᏱ;
20. ᎢᎬᏱ ᎾᏍᎩ ᎯᎠ ᏂᏥᎦᏙᎥᏎᏍᏗ ᎾᏍᎩ ᏌᏉ ᎤᏅ ᎠᏙᎴᎰᏒᎯ ᎪᏪᎸᎢ ᎤᏩᏒ ᎨᏒ ᏗᎬᏁᏢᏙᏗ ᏂᎨᏒᎾ ᎨᏒᎢ.
21. ᎤᎾᏙᎴᎰᏒᏰᏃ ᎢᎸᎯᏳ ᏥᎨᏎᎢ ᎥᏝ ᏴᏫᏉ ᎠᏓᏅᏖᏍᎬ ᏴᏗᏓᎴᏁᎢ; ᎠᏃᏍᏛᏍᎩᏂ ᎠᏂᏍᎦᏯ ᎤᏁᎳᏅᎯ ᏧᏤᎵᎦ ᎠᏂᏁᎨ ᎢᏳᏂᏪᏍᏗᏱ ᏄᏅᏁᎲ ᎦᎸᏉᏗᏳ ᎠᏓᏅᏙ.

== II Peter 2 ==
1. ᎠᏎᏃ ᎤᎾᏠᎾᏍᏗ ᎠᎾᏙᎴᎰᏍᎩ ᎢᎬᏩᎾᏓᏑᏰ ᏴᏫ, ᎾᏍᎩᏯ ᎤᎾᏠᎾᏍᏗ ᏗᎾᏕᏲᎲᏍᎩ ᎨᏣᏓᏑᏴᏗ ᏥᎩ, ᎾᏍᎩ ᎤᏕᎵᏛ ᎤᏂᏴᏔᏂᎯᏍᏗ ᎨᏎᏍᏗ ᎤᎾᏓᏤᎵᏛ ᎨᏒ ᎠᏓᏛᏗᏍᎩ, ᎾᏍᎩ ᎠᎾᏓᏱᎮᏍᏗ ᎤᎬᏫᏳᎯ ᎤᎾᎫᏴᏛ, ᎠᎴ ᎤᏅᏒ ᎢᏳᏅᏂᏌᏛ ᎤᏂᎷᏤᏗ ᎨᏎᏍᏗ ᏞᎩᏳ ᎤᏂᏛᏗᏍᎩ.
2. ᎠᎴ ᎤᏂᏣᏖᏍᏗ ᏛᏂᏍᏓᏩᏕᏏ ᎾᏍᎩ ᎤᎾᏤᎵ ᎠᏓᏛᏗᏍᎩ; ᎾᏍᎩ ᏅᏛᏅᏂᏌᏂ ᏚᏳᎪᏛ ᏅᏃᎯ ᎤᏂᏐᏢᎢᏍᏙᏗ ᎨᏎᏍᏗ.
3. ᎠᎴ ᏧᎬᏩᎶᏗ ᎤᏂᎬᎥᏍᎬ ᎢᏳᏍᏗ, ᎠᎴ ᎦᎶᏄᎮᏛ ᎠᏅᏗᏍᎬ ᎠᏂᏬᏂᏍᎬ ᎦᏃᏙᏗ ᏓᎨᏥᏰᎸᏥ; ᎾᏍᎩ ᏧᎾᏚᎪᏓᏁᏗ ᎨᏒ ᎡᏘ ᏅᏓᎬᏩᏓᎴᏅᏛ ᎥᏝ ᏯᎵᎾᎯᏍᏗᎭ, ᎠᎴ ᎤᏂᏛᏗᏍᎩ ᎥᏝ ᏱᎦᎸᏍᎦ.
4. ᎤᏁᎳᏅᎯᏰᏃ ᏂᏚᎨᏳᏅᎾ ᏥᎨᏎ ᏗᏂᎧᎾᏩᏗᏙᎯ ᎤᏂᏍᎦᏅᏨᎯ, ᏨᏍᎩᏃᏉᏍᎩᏂ ᏥᏫᏚᏓᎢᏅᏎᎢ, ᎠᎴ ᏥᏚᏲᏎ ᏧᏓᏕᏒᏛ ᏗᎨᎦᎸᏍᏙᏗᏱ ᎤᎵᏏᎬ ᎨᏥᏍᏆᏂᎪᏙᏗᏱ ᏗᎨᎫᎪᏓᏁᏗ ᎨᏒ ᎢᏳᎢ,
5. ᎠᎴ ᏄᎨᏳᏅᎾ ᏥᎨᏎ ᎡᏘ ᎡᎶᎯ ᏥᎨᏎᎢ, ᏃᏯᏍᎩᏂ ᏧᏁᎳ ᏧᏛᏕᎢ ᎨᏒ ᎾᏍᎩ ᎠᎵᏥᏙᎲᏍᎩ ᏚᏳᎪᏛ ᏗᎧᎾᏩᏗᏙᎯ ᏥᎨᏎᎢ, ᎠᎴ ᏥᏚᏃᎱᎪᏔᏁ ᎡᎶᎯ ᎠᏂᏍᎦᎾ ᎠᏁᎲᎢ,
6. ᏐᏓᎻᏃ ᎠᎴ ᎪᎹᎵ ᏕᎦᏚᎲ ᎪᏍᏚ ᏥᏂᏚᏩᏁᎴᎢ, ᎠᎴ ᏥᏚᏭᎪᏓᏁᎴ ᏧᎷᏆᏗᏅᏗᏱ, ᎠᎴ ᎾᏍᎩ ᎤᏁᏯᏔᎲᏍᎩ ᏥᏂᏚᏩᏁᎴ ᎣᏂ ᎤᎾᏕᏗ ᎤᏁᎳᏅᎯ ᏂᏚᎾᏁᎶᏛᎾ ᎨᏒᎢ,
7. ᎠᎴ ᎶᏗ ᎤᏓᏅᏘ ᏧᏭᏓᎴᏎᎢ, ᎤᏕᏯᏔᏁᎸ ᏄᎾᎵᏏᎾᎯᏍᏛᎾ ᎠᏁᎲ ᎠᏂᏍᏚᎾᎢ.
8. (ᎾᏍᎩᏰᏃ ᎤᏓᏅᏘ ᎠᏍᎦᏯ ᎠᏁᎲ ᏤᎮᎢ, ᎠᎪᏩᏘᏍᎬ ᎠᎴ ᎠᏛᎩᏍᎬ [ᏄᏍᏛ ᏚᏂᎸᏫᏍᏓᏁᎲᎢ] ᎤᏓᏅᏘ ᎤᏓᏅᏙ ᏂᏚᎩᏨᏂᏒ ᎤᏕᏯᏙᏗ ᎤᏓᏅᏖ ᏅᏗᎦᎵᏍᏙᏗᏍᎨ ᏂᏚᏳᎪᏛᎾ ᏚᏂᎸᏫᏍᏓᏁᎲᎢ,)
9. ᎤᎬᏫᏳᎯ ᎠᎦᏔᎭ ᎢᏳᏛᏁᏗᏱ ᏧᏭᏓᎴᏍᏗᏱ ᎤᎾᏓᏅᏘ ᎤᏂᎪᎵᏰᏍᎩ ᎤᏂᏰᎢᎵᏙᎲᎢ, ᎤᏂᏲᏃ ᏧᏍᏆᏂᎪᏙᏗᏱ ᎨᏥᎩᎵᏲᎢᏍᏙᏗᏱ ᏗᎫᎪᏙᏗᏱ ᎢᎦ ᎨᏎᏍᏗ:
10. ᎠᎴ ᎾᏍᎩ Ꮀ ᎤᎬᏫᏳᎭ [ᎨᏂᎩᎵᏲᎢᏍᏙᏗ ᎨᏎᏍᏗ] ᎤᏇᏓᎵ ᎠᏂᏍᏓᏩᏕᎩ ᎤᏂᎬᎥᏍᎬ ᎦᏓᎭ ᎨᏒᎢ, ᎠᎴ ᏗᏂᏍᎦᎩ ᏄᏂᎬᏫᏳᏌᏕᎩ. ᎤᏂᏍᎦᎢᏍᏗ, ᎤᏅᏒ ᎠᎾᏓᏅᏖᏍᎬ ᎤᏂᎸᏉᏗ; ᎥᏝ ᏯᏂᏍᎦᎢᎭ ᏗᎬᏩᏂᏐᏢᏙᏗᏱ ᎨᏥᎸᏉᏗ.
11. ᏗᏂᎧᎿᎭᏩᏗᏙᎯᏍᎩᏂ ᎤᏟ ᎢᏧᎾᎵᏂᎩᏛ ᏥᎩ ᎥᏝ ᎪᎱᏍᏗ ᎤᏐᏅ ᏱᏓᏂᎳᏫᏎᎰ ᎤᎬᏫᏳᎯ ᎠᎦᏔᎲᎢ.
12. ᎯᎠᏍᎩᏂ ᎾᏍᎩᏯ ᎪᎱᏍᏗᏉ ᏤᎿᎭᎠ ᎨᎪᏢᏅᎯ ᎨᎨᎢᏍᏗᏱ ᎠᎴ ᎨᏥᏛᏙᏗᏱ, ᎾᏍᎩ ᎠᏂᏐᏢᎢᏍᏗᎪ ᏧᏓᎴᏅᏛ ᎾᏃᎵᎬᎾ ᎨᏒᎢ, ᎠᎴ ᏛᎾᎵᏛᏔᏂ ᎤᏅᏒ ᎤᏂᏲᎢᏳ ᎨᏒᎢ.
13. ᎠᎴ ᏛᏂᏩᏛᎯ ᎨᎦᎫᏴᏓᏁᏗ ᏂᏚᏳᎪᏛᎾ ᏚᏂᎸᏫᏍᏓᏁᎲᎢ, ᎾᏍᎩᏯ [ᎨᎦᎫᏴᏓᏁᏗ ᏥᎩ] ᎣᏏᏳ ᎤᏥᏰᎸᎯ ᎢᎦ ᎨᏒ ᎣᏍᏛ ᏧᎾᎵᏍᏓᏴᏗᏱ. ᏥᏚᏓᏓᎶᎢ ᎠᎴ ᎪᎱᏍᏗ ᏧᏍᏙᎢ ᎾᏍᎩᏯᎢ, ᎣᏏᏳ ᎤᏂᏰᎸᎭ ᎤᏅᏒ ᎠᎾᏓᎵᏓᏍᏗᏍᎬᎢ, ᎾᎯᏳ ᎢᏧᎳᎭ ᎢᏣᎵᏍᏓᏴᎲᏍᎬᎢ.
14. ᏗᏂᎦᏙᎵ ᏧᎧᎵᏨᎯ ᎠᏓᏲᏁᏗ ᎨᏒᎢ, ᎠᎴ ᏗᎬᏩᏂᏲᎯᏍᏗ ᏂᎨᏒᎾ ᎠᏍᎦᏂ ᎨᏒᎢ: ᏗᏂᎶᏄᎮᏍᎩ ᏂᏚᎾᎵᏂᎬᎬᎾ ᎦᎾᏓᏅᏛᎢ; ᏧᏂᎾᏫ ᏧᎩᏌᏛ ᎠᎬᎥᎯᏍᏗ ᏗᎦᎸᏫᏍᏓᏁᏗ ᎨᏒᎢ; ᎠᎩᎵᏲᎢᏍᏗ ᎨᏒ ᏧᏪᏥ,
15. ᎤᏅᏕᏨ ᏚᏳᎪᏛ ᎦᏅᏅᎢ, ᎠᎴ ᎤᎾᎴᏲᎥ, ᎤᏂᏍᏓᏩᏕᏅ ᎤᎶᏒ ᏇᎳᎻ ᏉᏌ ᎤᏪᏥ, ᎣᏏᏳ ᏧᏰᎸᏎ ᏂᏚᏳᎪᏛᎾ ᏗᎦᎸᏫᏍᏓᏁᏗ ᎨᏒ ᎠᎫᏴᏗ,
16. ᎠᏎᏃ ᎠᏥᎬᏍᎪᎸᏁ ᎤᏍᎦᏅᏨᎢ: ᎤᏩᎨᏫ ᏗᎦᎵᎠᏅᎯᏛ ᏴᏫ ᎤᏁᎢᏍᏗ ᎤᏩᏔᏁ ᎤᏁᏤᎢ, ᎤᏍᎦᏤ ᏄᏓᏅᏛᎾ ᎨᏒ ᎠᏙᎴᎰᏍᎩ.
17. ᎯᎠ ᎾᏍᎩ ᏓᏔᎴᏒ ᎠᎹ-ᏗᏢᏗᏱ ᎠᎹ ᏂᏗᎦᏁᎲᎾ, [ᎠᎴ] ᎤᎶᎩᎸ ᎤᏃᎴ ᏧᏃᎸᏔᏂᏙᎰᎢ, ᎾᏍᎩ Ꮎ ᎬᎾᎨ ᎤᎵᏏᎬ ᏥᎨᎦᏛᏅᎢᏍᏓᏁᎸ ᎤᎵᏍᏆᏗᏍᏗ ᏂᎨᏒᎾ.
18. ᎠᏂᏁᎩᏰᏃ ᎤᏣᏘ ᎠᏢᏆᏍᏗ ᎪᎱᏍᏗ ᎬᏙᏗ ᏂᎨᏒᎾ ᎠᏂᏬᏂᏍᎬᎢ, ᏓᏂᎶᏄᎮᏍᎪ ᎠᏅᏗᏍᎪ ᎤᏇᏓᎵ ᎠᏚᎸᏗ ᎨᏒᎢ, [ᎠᎴ] ᏃᎵᏏᎾᎯᏍᏛᎾ ᏂᏓᏍᏗ ᎨᏒᎢ, ᎾᏍᎩ ᎤᏙᏗᏳᎯ ᏧᎾᏗᏫᏎᎸᎯ ᎾᏍᎩ Ꮎ ᎠᏏ ᎤᏓᎵᏓᏍᏗ ᎨᏒ ᎠᎾᎴᏂᏙᎯ ᏥᎩ.
19. ᏓᏂᏚᎢᏍᏓᏁᎰ ᏗᎨᏥᎾᏝᎢ ᏂᎨᏒᎾ ᎢᏳᎵᏍᏙᏗᏱ, ᎤᏅᏒᏃ ᎤᏲ ᎨᏒ ᏗᎬᏩᏂᎾᏝᎢ ᎨᏐᎢ: ᎩᎶᏰᏃ ᎠᏥᏎᎪᎩ ᎾᏍᎩ Ꮎ ᎤᏎᎪᎩᏛ ᎤᎾᏝᎢ ᏂᎦᎵᏍᏗᏍᎪᎢ.
20. ᎢᏳᏰᏃ ᎤᎾᏗᏫᏎᎸᎯ ᏱᎩ ᎦᏓᎭ ᎨᏒ ᎡᎶᎯ ᎡᎯ, ᎠᏅᏗᏍᎬ ᎠᎦᏙᎥᎯᏍᏗ ᎨᏒ ᎤᎬᏫᏳᎯ ᎠᎴ ᎢᎩᏍᏕᎵᏍᎩ ᏥᏌ ᎦᎶᏁᏛ, ᏔᎵᏁᏃ ᏱᎤᏁᏒ ᎾᎿᎭᏂ ᎠᎴ ᏱᎨᏥᏎᎪᎩᏒ, ᎤᎵᏍᏆᎸᏗ ᏄᎾᎵᏍᏓᏁᎸ ᎤᏟ ᎤᏲᎢᏳ ᎡᏍᎦᏉ ᎢᎬᏱᏱ.
21. ᎤᏟᏰᏃ ᎣᏏᏳ ᎢᏳᎾᎵᏍᏓᏁᏗ ᏱᎨᏎᎢ ᏄᏂᎦᏙᎥᏒᎾ ᏱᎨᏎ ᏚᏳᎪᏛ ᎦᏅᏅᎢ, ᎠᏃ ᎤᏂᎦᏙᎥᏒᎯ ᎨᏒ ᏯᎾᎦᏔᎲ ᏱᏚᏂᏲᏍᎦ ᎦᎸᏉᏗᏳ ᏗᎧᎿᎭᏩᏛᏍᏗ ᎾᏍᎩ ᏗᎨᏥᏲᎯᏎᎸᎯ.
22. ᎠᏎᏃ ᎾᏍᎩᏯ ᏄᎾᎵᏍᏓᏁᎸ ᎯᎠ ᎤᏙᎯᏳᎯ ᎢᎦᏪᏛ ᏥᎩ, ᎩᎵ ᎤᏩᏒ ᏚᎵᎦᏍᏔᏅ ᏔᎵᏁ ᏮᎠᎦᏔᎲᏍᏓ; ᏏᏉᏃ ᎠᎪᏑᎴᎥᎯ ᎤᏓᏬᏍᏗᏱ ᏝᏬᏚᎯ ᏮᎠᎦᏔᎲᏍᏓ.

== II Peter 3 ==
1. ᎯᎠ ᎾᏍᎩ ᏔᎵᏁ ᎪᏪᎵ ᎿᎭᏉ ᎢᏨᏲᏪᎳᏏ ᎢᏨᎨᏳᎢ; ᎾᏍᎩ ᎾᎿᎭᏕᏨᏰᏍᏓᏁ ᎤᏠᎾᏍᏗ ᏂᎨᏒᎾ ᏕᏣᏓᏅᏛ ᎾᏍᎩ ᎢᏨᏯᏅᏓᏗᏍᏗᏍᎬᎢ,
2. ᎾᏍᎩ ᎢᏣᏅᏓᏗᏍᏗᏱ ᎧᏃᎮᏛ ᎢᎸᎯᏳ ᎤᏂᏃᎮᏛ ᎨᏥᎸᏉᏗ ᎠᎾᏙᎴᎰᏍᎩ, ᎠᎴ ᎠᏴ ᏦᎦᏕᏲᏅᎯ ᎣᎩᏅᏏᏛ ᎤᎬᏫᏳᎯ ᎠᎴ ᏗᏍᏕᎵᏍᎩ.
3. ᎯᎠ ᏄᏍᏕᏍᏗ ᎢᎬᏱ ᎢᏣᏅᏖᏍᏗ, ᎾᏍᎩ ᎤᎵᏍᏆᏅᏗ ᎨᏎᏍᏗ ᎤᏂᎷᎯᏍᏗ ᎨᏒ ᎠᏂᏐᏢᎢᏍᏗᏍᎩ ᎤᏅᏒ ᎤᎾᏚᎸᏅᎥᏍᎬ ᎠᏂᏍᏓᏩᏕᎩ,
4. ᎠᎴ ᎯᎠ ᎢᏯᏂᏪᏍᎩ, ᎦᏙ ᎤᎵᏍᏔᏅ ᎤᎷᎯᏍᏗᏱ ᎤᏚᎢᏍᏔᏅᎢ? ᎠᏂᎦᏴᎵᎨᏰᏃ ᎬᏩᏂᎵᏅᏨᎯ ᏅᏓᎬᏩᎴᏅᏛ, ᏅᏩᏍᏗᏉ ᏂᎦᎥ ᎪᎱᏍᏗ ᏥᏄᏍᏛᏉ ᏧᏓᎴᏅᎲ ᎤᏬᏢᏅᏅ ᏅᏓᎬᏩᏓᎴᏅᏛ.
5. ᎯᎠᏰᏃ ᎤᏅᏒ ᎤᎾᏚᎸᏛ ᎾᏂᎦᏔᎲᎾ ᏥᎩ, ᎾᏍᎩ ᎤᏁᎳᏅᎯ ᎤᏁᏨ ᏅᏧᎵᏍᏙᏔᏅ ᎦᎸᎶ ᎢᎸᎯᏳ ᏥᎨᏎᎢ ᎠᎴ ᎡᎶᎯ ᎠᎹᏱ ᎦᏚ ᏧᎦᏚᏕᎢ, ᎠᎴ ᎠᏭᎯ ᏥᎦᏙᎨᎢ;
6. ᎾᏍᎩ ᎡᎶᎯ ᎾᎯᏳ ᏥᎨᏎ ᎠᎹᏱᎭ ᏥᏄᎵᏍᏔᏁᎢ, ᎤᏲᏤᎢ.
7. ᎠᏎᏃ ᎦᎸᎶᎢ ᎠᎴ ᎡᎶᎯ ᎪᎯ ᏥᎩ, ᎾᏍᎩᏉ ᎤᏁᏨ ᏅᏗᎦᎵᏍᏙᏗᎭ ᏓᏍᏆᏂᎪᏗ, ᎠᏥᎸᏱ ᏭᎾᎵᏰᎢᎶᎯᏍᏗᏱ ᏓᏍᏆᏂᎪᏗ ᎬᏂ ᏗᎫᎪᏙᏗᏱ ᎢᎦ ᎨᏎᏍᏗ ᎠᎴ ᎨᏥᏛᏙᏗᏱ ᎠᏂᏍᎦᏯ ᎤᏁᎳᏅᎯ ᏂᏚᎾᏁᎶᏛᎾ.
8. ᎠᏎᏃ ᎢᏨᎨᏳᎢ, ᎯᎠ ᎾᏍᎩ ᏑᏓᎴᎩ ᏞᏍᏗ ᏂᏥᎦᏔᎲᎾᏉ ᏱᎨᏎᏍᏗ, ᎾᏍᎩ ᏌᏉ ᎢᎦ ᎨᏒ ᎤᎬᏫᏳᎯ ᏙᏗᎧᏂᏍᎬ ᏌᏉ ᎢᏯᎦᏴᎵ ᎢᏧᏕᏘᏴᏛ ᎤᏠᏱ, ᏌᏉᏃ ᎢᏯᎦᏴᎵ ᎢᏧᏕᏘᏴᏛ ᏌᏉ ᎢᎦ ᎨᏒ ᎤᏠᏱ.
9. ᎤᎬᏫᏳᎯ ᎥᏝ ᎤᏍᎦᏃᎵᏳ ᏱᎩ ᏄᏍᏛ ᎤᏚᎢᏍᏔᏅ ᎢᏳᏛᏁᏗᏱ, ᎾᏍᎩ ᎩᎶ ᎾᏍᎦᏃᎳ ᏣᏁᎵᎭ, ᎬᏂᏗᏳᏍᎩᏂ ᎠᏴ ᎢᎩᎦᏘᏴᎢ, ᏄᏚᎵᏍᎬᎾ ᎨᏒ ᎩᎶ ᎤᏲᎱᎯᏍᏗᏱ, ᏂᎦᏗᏳᏍᎩᏂ ᎤᏂᎷᎯᏍᏗᏱ ᎦᏁᏟᏴᏍᏗ ᎨᏒ ᎣᏓᏅᏛᎢ.
10. ᎤᎬᏫᏳᎯᏍᎩᏂ ᎤᏤᎵ ᎢᎦ ᎠᏎ ᏓᎦᎷᏥ ᎾᏍᎩᏯ ᎦᏃᏍᎩᏍᎩ ᏒᏃᏱ ᏥᎦᎷᎪᎢ, ᎾᎯᏳ ᎦᎸᎶᎢ ᏓᎦᎶᏐᏂ ᎤᏣᏘ ᎤᏃᏴᎨᏍᏗ, ᎪᏢᏔᏅᎯᏃ ᎠᏓᏪᎵᎩᏍᎬ ᏛᎪᏂ, ᎠᎴ ᎡᎶᎯ ᎾᎿᎭᏃ ᎪᏢᏅᏅᎯ ᎨᏒ ᎠᎪᎲᏍᏙᏗ ᎨᏎᏍᏗ.
11. ᎾᏍᎩᏃ ᏂᎦᏗᏳ ᏧᏓᎴᏅᏛ ᎤᏗᏒᎲᏍᏗ ᏥᎩ, ᏂᎦᎥ ᏂᏥᏍᎦᏅᎾ ᏱᎩ ᎢᏣᎴᏂᏙᎲᎢ ᎠᎴ ᎤᏁᎳᏅᎯ ᎦᎾᏰᎯᏍᏗ ᎨᏒ ᎢᏤᎲᎢ!
12. ᏱᏥᎦᏖᏃᎭ ᎠᎴ ᎤᏣᏘ ᏱᏣᏚᎵᎭ ᎤᎷᎯᏍᏗᏱ ᎤᏁᎳᏅᎯ ᎤᏤᎵ ᎢᎦ, ᎾᎯᏳ ᎦᎸᎶ ᎤᏥᏍᏢ ᏨᏛᏗᏒᏂ, ᎠᎴ ᎾᏍᎩ ᎪᏢᏔᏅᎯ ᎠᏓᏪᎵᎩᏍᎬ ᏛᏗᏌᏂ.
13. ᎠᏎᏃ ᎾᏍᎩᏯ ᏄᏍᏛ ᎤᏚᎢᏍᏔᏅ ᎢᏗᎦᏖᏃᎭ ᎢᏤ ᎦᎸᎶᎢ ᎠᎴ ᎢᏤ ᎡᎶᎯ ᎾᎿᎭᎡᎲ ᏚᏳᎪᏛ ᎨᏒᎢ.
14. ᎾᏍᎩ ᎢᏳᏍᏗ, ᎢᏨᎨᏳᎢ, ᎾᏍᎩ ᎯᎠ ᏧᏓᎴᏅᏛ ᏥᏥᎦᏖᏃᎭ, ᎢᏣᏟᏂᎬᏏ ᎾᏍᎩ ᏅᏩᏙᎯᏯᏛ ᎢᏨᏓᏅᏛ ᎢᏥᏩᏛᏗᏱ ᏄᏓᏓᎸᎾ ᎠᎴ ᎪᎱᏍᏗ ᏁᏤᎵᏎᎲᎾ.
15. ᎾᏍᎩᏃ ᎬᏂᏗᏳ ᎨᏒ ᎤᎬᏫᏳᎯ ᎢᎦᏤᎵᎦ ᎠᎵᏍᏕᎸᏙᏗ ᎢᏥᏰᎸᏎᏍᏗ; ᎾᏍᎩᏯ ᎾᏍᏉ ᎡᏗᎨᏳᎢ ᎢᏓᎵᏅᏟ ᏉᎳ ᎬᏗᏍᎬ ᎠᎦᏙᎥᎯᏍᏗ ᎨᏒ ᎠᏥᏁᎸ ᏥᏦᏪᎳᏁᎸ;
16. ᎠᎴ ᎾᏍᏉ ᏂᎦᏛ ᎾᏍᎩ ᏧᏬᏪᎳᏅᎯ ᎾᏍᎩ ᏂᏕᎬᏁᎰ ᎧᏁᎢᏍᏗᏍᎪ ᎾᏍᎩ ᎯᎠ ᏧᏓᎴᏅᏛ; ᎾᎿᎭᎤᏓᏑᏯ ᎢᎦᏛ ᎠᏍᏓᏱᏳ ᎪᎵᏍᏗᏱ, ᎾᏍᎩ Ꮎ ᏂᏭᎾᏕᎶᏆᎥᎾ ᎠᎴ ᏗᏂᏩᎾᎦᎳ ᏓᏂᏁᏟᏴᎭ, ᎾᏍᎩᏯ ᎾᏍᏉ ᏗᏐᎢ ᎪᏪᎵ ᏂᏓᏅᏁᎲᎢ, ᎤᏅᏒᏉ ᎤᏂᏛᏗᏍᎩ ᎨᏒᎢ.
17. ᎾᏍᎩ ᎢᏳᏍᏗ ᏂᎯ ᎢᏨᎨᏳᎢ, ᎾᏍᎩ ᎦᏳᎳ ᏥᏥᎦᏔᎭ, ᎢᏤᏯᏔᎮᏍᏗ, ᏞᏍᏗ ᎠᏂᎾᎦᎾ ᎤᏂᎵᏓᏍᏔᏅ ᏕᏣᏘᏂᏒ ᏗᏥᏅᏨᎩ ᏗᏥᏲᏒᎩ ᎤᎵᏂᎩᏛ ᏂᏣᏛᏅᎢ.
18. ᎢᏥᏁᏉᎨᏍᏗᏍᎩᏂ ᎬᏩᎦᏘᏯ ᎤᏓᏙᎵᏍᏗ ᎨᏒ ᎤᎬᏩᎵ ᎠᎴ ᎡᏥᎦᏙᎥᎯᏍᏗ ᎨᏒ ᎤᎬᏫᏳᎯ ᎢᎦᏤᎵ ᎠᎴ ᎢᎩᏍᏕᎵᏍᎩ ᏥᏌ ᎦᎶᏁᏛ; ᎾᏍᎩ ᎦᎸᏉᏙᏗ ᎨᏎᏍᏗ ᎪᎯ ᎨᏒ, ᎠᎴ ᎤᎵᏍᏆᏗᏍᏗ ᏂᎨᏒᎾ. ᎡᎺᏅ.

== I John 1 ==
1. ᎾᏍᎩ ᏗᏓᎴᏂᏍᎬ ᏤᎮᎢ, ᎠᏴ ᎣᎦᏛᎦᏅᎯ, ᏦᏥᎦᏙᎵ ᏦᎬᏔᏅᎯ ᎣᎩᎪᎲᎯ, ᎾᏍᎩ ᏦᎦᎧᎿᎭᏅᎯ, ᎠᎴ ᏦᎪᏰᏂ ᏦᎬᏔᏅᎯ ᎣᎦᏒᏂᎵᏙᎸᎯ, ᎧᏃᎮᏛ ᎬᏂᏛ—
2. ᎬᏂᏛᏰᏃ ᎬᏂᎨᏒ ᏄᎵᏍᏔᏅᎩ, ᎠᎴ ᎣᎩᎪᎲᎩ, ᎠᎴ ᎣᏥᏃᎮᎭ, ᎠᎴ ᎢᏨᎾᏄᏫᏎᎭ ᎾᏍᎩ ᎠᎵᏍᏆᏗᏍᎩ ᏂᎨᏒᎾ ᎬᏂᏛ, ᎾᏍᎩ ᎠᎦᏴᎵᎨᎢ ᎡᎲ ᏤᎮᎢ, ᎠᎴ ᎬᏂᎨᏒ ᎢᏲᎬᏁᎸᎯ ᏥᎩ—
3. ᎾᏍᎩ Ꮎ ᎣᎩᎪᎲᎯ ᎠᎴ ᎣᎦᏛᎦᏅᎯ ᎨᏒ ᎢᏨᎾᏄᏫᏎᎭ, ᎾᏍᏉ ᏂᎯ ᎢᏣᏖᎳᏗᏍᏗᏱ ᎣᎦᏚᏓᏕᏫᏒᎢ; ᎠᎴ ᎤᏙᎯᏳᎯᏯ ᎣᎦᏚᏓᏕᏫᏒ ᎠᎦᏴᎵᎨᎢ ᎠᎴ ᎤᏪᏥ ᏥᏌ ᎦᎶᏁᏛ.
4. ᎯᎠ ᎠᎴ ᎾᏍᎩ ᎢᏨᏲᏪᎳᏁᎭ ᎢᏣᎵᎮᎵᎬ ᎤᎧᎵᎢᏍᏗᏱ.
5. ᎯᎠᏃ ᎾᏍᎩ ᎧᏃᎮᏛ ᎣᏣᏛᎦᏁᎸᎯ ᏥᎩ ᎠᎴ ᏥᏨᎾᏄᏫᏎᎭ ᎾᏍᎩ ᎤᏁᎳᏅᎯ ᎢᎦᎦᏘ ᎨᏒᎢ, ᎠᎴ ᎤᏍᏗ ᎤᏅᎤᎵᏏᎩ ᏄᏪᎲᎾ ᎨᏒᎢ.
6. ᎢᏳᏃ ᎾᏍᎩ ᏙᎦᏚᏓᏔ ᏱᏓᏗᎭ, ᎤᎵᏏᎬᏃ ᏱᏕᏙᎭ, ᏱᏓᏥᎪᎥᏍᎦᏉ ᎠᎴ ᎥᏝ ᏱᎨᏗᏍᏓᏩᏕᎦ ᎤᏙᎯᏳᎯ ᎨᏒᎢ.
7. ᎢᎦᎦᏛᏍᎩᏂ ᏱᏕᏙᎭ, ᎾᏍᎩᏯ ᎾᏍᎩ ᎢᎦᎦᏛᎢ ᏤᎭ, ᏕᎦᏚᏓᏕᏫᏒ ᎢᎬᏒ ᎨᏒᎢ; ᎠᎴ ᎤᏪᏥ ᏥᏌ ᎦᎶᏁᏛ ᎤᎩᎬ ᎢᎩᏅᎦᎵᎭ ᏂᎦᎥ ᎢᎩᏍᎦᏅᏨᎢ.
8. ᎢᏳᏃ ᎥᏝ ᎠᏍᎦᏂ ᏲᎨᎭ ᏱᏓᏗᎭ, ᎢᎬᏒ ᏱᏓᏓᎵᏓᏍᏗᎭ, ᎠᎴ ᎥᏝ ᏱᎨᎨᎭ ᎤᏙᎯᏳᎯ ᎨᏒᎢ.
9. ᎢᏳᏃ ᏱᏗᏃᎲᏍᎦ ᎢᎩᏍᎦᏅᏨᎢ, ᏄᏓᎵᏓᏍᏛᎾ ᎠᎴ ᎤᏓᏅᏘᏳ, ᎾᏍᎩ ᎢᎩᏁᏗᏱ ᎢᎩᏍᎦᏅᏨᎢ, ᎠᎴ ᎢᎩᏅᎦᎸᏗᏱ ᏂᎦᎥ ᎤᏲ ᏗᎦᎸᏫᏍᏓᏗ ᎨᏒᎢ.
10. ᎢᏳᏃ ᎥᏝ ᏲᎩᏍᎦᏅᏨ ᏱᏓᏗᎭ, ᎡᏗᏰᎪᎥᏍᎦᏉ, ᎠᎴ ᎧᏃᎮᏛ ᎤᏤᎵᎦ ᎥᏝ ᏱᎨᎨᎭ.

== I John 2 ==
1. ᏗᏥᏲᎵ ᏗᏇᏥ, ᎯᎠ ᎾᏍᎩ ᎢᏨᏲᏪᎳᏁᎭ, ᎢᏥᏍᎦᏅᎢᏍᏗᏱ ᏂᎨᏒᎾ. ᎢᏳᏃ ᎩᎶ ᏯᏍᎦᏅᎦ, ᎢᎨᎭ ᏗᎪᎯᏍᏓᏁᎯ ᎠᎦᏴᎵᎨ ᎡᎲᎢ, ᏥᏌ ᎦᎶᏁᏛ ᎾᏍᎦᏅᎾ.
2. ᎠᎴ ᎾᏍᎩ ᎠᎵᏍᎪᎸᏔᏅᎯ ᎠᎫᏴᏙᏗ ᎠᏴ ᎢᎩᏍᎦᏅᏨᎢ, ᎠᎴ ᎥᏝ ᎠᏴᏉ ᎢᎬᏒ ᎢᎩᏍᎦᏅᏨᎢ, ᎾᏍᏉᏍᎩᏂ ᎡᎶᎯ ᏂᎬᎾᏛᎢ.
3. ᎯᎠᏃ ᎾᏍᎩ ᎢᏓᏙᎴᎰᎯᏍᏗᎭ ᎡᏗᎦᏔᎲᎢ, ᎾᏍᎩ ᏱᏗᎩᏍᏆᏂᎪᏗ ᏧᏤᎵ ᏗᎧᎿᎭᏩᏛᏍᏗ.
4. ᎩᎶ ᏥᎦᏔᎭ ᎠᏗᏍᎩ, ᎠᏎᏃ ᏂᏚᏍᏆᏂᎪᏛᎾ ᏱᎩ ᏧᏤᎵ ᏗᎧᎿᎭᏩᏛᏍᏗ, ᎾᏍᎩ ᎦᏰᎪᎩ ᎠᎴ ᎤᏙᎯᏳᎯ ᎨᏒ ᏄᏪᎲᎾ.
5. ᎩᎶᏍᎩᏂ ᏳᏍᏆᏂᎪᏗ ᎾᏍᎩ ᎤᏁᏨᎯ, ᎾᏍᎩ ᎤᏙᎯᏳᎯᏯ ᎤᏁᎳᏅᎯ ᎠᎨᏳᏗ ᎨᏒ ᎤᎧᎵᏨᎯ ᎨᏐᎢ: ᎾᏍᎩ ᎯᎠ ᎢᏓᏙᎴᎰᎯᏍᏗᎭ ᎡᏗᏯᎥᎢ.
6. ᎩᎶ [ᏥᏌ] ᏥᏯᎠ ᏯᏗᎭ, [ᏥᏌ] ᎤᏪᏙᎸ ᎾᏍᎩᏯ ᎾᏍᏉ ᏰᏙᎭ.
7. ᎢᏓᏓᏅᏟ, ᎥᏝ ᎢᏤ ᏗᎧᎿᎭᏩᏛᏍᏗ ᏱᏨᏲᏪᎳᏁᎭ, ᎤᏪᏘᏉᏍᎩᏂ ᏗᎧᎿᎭᏩᏛᏍᏗ ᎾᏍᎩ ᏥᏥᎲᎩ ᏗᏓᎴᏂᏍᎬᎢ; ᎤᏪᏘ ᏗᎧᎿᎭᏩᏛᏍᏗ ᎾᏍᎩᏉ ᎧᏃᎮᏛ ᏗᏓᎴᏂᏍᎬ ᏅᏓᎬᏩᏓᎴᏅᏛ ᏥᏁᏣᏛᎩᏍᎪᎢ.
8. ᎠᎴᏬ, ᎢᏤ ᏗᎧᎿᎭᏩᏛᏍᏗ ᎢᏨᏲᏪᎳᏁᎭ, ᎾᏍᎩ ᎤᏙᎯᏳᎭ [ᎦᎶᏁᏛ] ᎨᏒᎢ ᎠᎴ ᏂᎯ ᎨᏒᎢ; ᎤᎵᏏᎬᏰᏃ ᎤᎶᏐᏅ, ᎿᎭᏉᏃ ᏚᏳᎪᏛ ᎢᎦᎦᏘ ᏚᎸᏌᏛ.
9. ᎩᎶ ᎢᎦᎦᏛ ᎨᎠ ᏯᏗᎭ, ᏗᎾᏓᏅᏟᏃ ᏯᏍᎦᎦ, ᎤᎵᏏᎬᏉ ᎡᎭ ᎩᎳᎯᏳ.
10. ᎩᎶ ᏗᎾᏓᏅᏟ ᏳᎨᏳᎭ ᎢᎦᎦᏛ ᎡᎭ, ᎥᏝ ᎠᎴ ᎪᎱᏍᏗ ᎠᏓᏙᏕᏍᏗᏍᎩ ᏳᏪᎭ.
11. ᏗᎾᏓᏅᏟᏍᎩᏂ ᎠᏍᎦᎩ ᎤᎵᏏᎬᏉ ᎡᎭ, ᎠᎴ ᎤᎵᏏᎬᏉ ᎡᏙᎭ, ᎥᏝ ᎠᎴ ᏯᎦᏔᎭ ᏩᎦᏛᎢ, ᎤᎵᏏᎬᏰᏃ ᏚᎨᏩᏛ.
12. ᎢᏨᏲᏪᎳᏁᎭ ᏗᏥᏲᎵ ᎢᏥᏍᎦᏅᏨᏰᏃ ᎡᏥᏙᎵᏨ ᏅᏧᎵᏍᏙᏔᏅ ᏥᏌ ᏕᎤᏙᎥᎢ.
13. ᎢᏨᏲᏪᎳᏁᎭ ᎢᏥᎦᏴᎵᎨᎢ, ᎡᏥᎦᏙᎥᏒᏰᏃ ᏗᏓᎴᏂᏍᎬ ᏅᏓᎬᏩᏓᎴᏅᏛ ᏤᎭ. ᎢᏨᏲᏪᎳᏁᎭ ᎢᏥᏫᏅ, ᎡᏥᏎᎪᎩᏒᏰᏃ ᎤᏁᎫᏥᏛ. ᎢᏨᏲᏪᎳᏁᎭ ᏗᏥᏲᎵ, ᎡᏥᎦᏙᎥᏒᏰᏃ ᎠᎦᏴᎵᎨᎢ.
14. ᎢᏨᏲᏪᎳᏏ ᎢᏥᎦᏴᎵᎨᎢ, ᎡᏥᎦᏙᎥᏒᏰᏃ ᏗᏓᎴᏂᏍᎬ ᏅᏓᎬᏩᏓᎴᏅᏛ ᏤᎭ. ᎢᏨᏲᏪᎳᏏ ᎢᏥᏫᏅ, ᏗᏣᎵᏂᎩᏗᏳᏰᏃ, ᎠᎴ ᎧᏃᎮᏛ ᎤᏁᎳᏅᎯ ᎤᏤᎵᎦ ᎢᏥᏯᎠ, ᎠᎴ ᎡᏥᏎᎪᎩᏒ ᎤᏁᏧᏥᏛ.
15. ᏞᏍᏗ ᏱᏥᎨᏳᏎᏍᏗ ᎡᎶᎯ, ᎠᎴ ᎪᎱᏍᏗ ᎡᎶᎯ ᎡᎯ. ᎢᏳᏃ ᎩᎶ ᎡᎶᎯ ᏳᎨᏳᎭ, ᎥᏝ ᏱᎬᏩᎨᏳᎭ ᎠᎦᏴᎵᎨᎢ.
16. ᏥᏄᏓᎴᏰᏃ ᎡᎶᎯ ᏤᎭ, ᎠᏰᎸ ᎤᏚᎸᏗ ᏥᎩ, ᎠᎴ ᏨᎦᏙᎵ ᎤᏙᎸᏗ ᏥᎩ, ᎠᎴ ᎠᏢᏉᏗ ᎠᎴᏂᏓᏍᏗᏱ, ᎾᏍᎩ ᎥᏝ ᎠᎦᏴᎵᎨᏍᏛᏱ ᏅᏓᏳᏓᎴᏅᎯ ᏱᎩ, ᎡᎶᎯᏉᏍᎩᏂ ᎤᏓᎴᏅᎯ.
17. ᎠᎴ ᎡᎶᎯ ᎦᎶᏐᎲᏍᎦ, ᎠᎴ ᎾᏍᎩ ᎾᎿᎭᎠᏚᎸᏗ ᎨᏒᎢ, ᎾᏍᎩᏍᎩᏂ Ꮎ ᎤᏁᎳᏅᎯ ᎠᏓᏅᏖᏍᎬ ᏧᎸᏫᏍᏓᏁᎯ ᏂᎪᎯᎸ ᎡᎭ.
18. ᏗᏥᏲᎵ, ᎿᎭᏉ ᎤᎵᏍᏆᎸᏗ, ᎢᏣᏛᎦᏅᎯᏃ ᏥᎩ ᎤᎷᎯᏍᏗᏱ ᎦᎶᏁᏛ-ᎠᏡᏗᏍᎩ, ᎠᎴ ᎪᎯ ᎨᏒ ᎤᏂᏣᏔ ᎦᎶᏁᏛ-ᎠᎾᏡᏗᏍᎩ; ᎾᏍᎩ ᎢᏳᏍᏗ ᎢᏗᎦᏔᎭ ᎤᎵᏍᏆᎸᏗ ᎨᏒᎢ.
19. ᎨᎦᏙᏣᎳᎡᎸᎩ, ᎠᏎᏃ ᎥᏝ ᎾᎿᎭᎠᏁᎳ ᏱᎨᏎᎢ, ᎢᏳᏰᏃ ᎾᎿᎭᎠᏁᏔ ᏱᎨᏎᎢ, ᎠᏎ ᏱᏂᎬᏩᎾᏛᏁᎢ, ᎠᏎᏃ [ᎤᎾᏙᏣᎴᏒᎩ] ᎬᏂᎨᏒ ᎢᏳᎾᎵᏍᏙᏗᏱ ᎾᎿᎭᏂᎦᏛ ᎠᏁᎳ ᏂᎨᏒᎾ ᎨᏒᎢ.
20. ᏂᎯᏍᎩᏂ ᎾᏍᎦᏅᎾ ᎢᏥᎶᏁᎥ, ᎠᎴ ᎢᏥᎦᏔᎯᏳ ᏂᎦᎥᎢ.
21. ᎯᎠ ᏥᏨᏲᏪᎳᏏ ᎥᏝ ᏱᏅᏓᎦᎵᏍᏙᏓ ᏂᏥᎦᏔᎲᎾ ᎨᏒ ᏚᏳᎪᏛᎢ, ᎢᏥᎦᏔᎯᏳᏍᎩᏂ ᎨᏒᎢ, ᎠᎴ ᎢᏥᎦᏔᎯᏳ ᎨᏒ ᏂᎦᎥ ᎦᏰᎪᎩ ᎧᏃᎮᏛ ᏚᏳᎪᏛ ᏅᏓᏳᏓᎴᏅᎯ ᏂᎨᏒᎾ ᎨᏒᎢ.
22. ᎦᎪ ᎦᏰᎪᎩ, ᎢᏳᏃ ᎾᏍᎩ ᏂᎨᏒᎾ ᏱᎩ Ꮎ ᎠᏓᏱᎯ ᏥᏌ ᎦᎶᏁᏛ ᎨᏒᎢ. ᎾᏍᎩ Ꮎ ᎦᎶᏁᏛᎠᏡᏗᏍᎩ, ᎠᏓᏱᎯ ᎠᎦᏴᎵᎨᎢ ᎠᎴ ᎤᏪᏥ.
23. ᎩᎶ [ᎤᏁᎳᏅᎯ] ᎤᏪᏥ ᎠᏓᏱᎯ, ᎾᏍᎩ ᎥᏝ ᏳᏪᎭ ᎠᎦᏴᎵᎨᎢ; [ᎾᏍᎩᏍᎩᏂ Ꮎ ᎪᎯᏳᎲᏍᎩ ᎤᏪᏥ ᎾᏍᎩ ᎤᏪᎭ ᎾᏍᏉ ᎠᎦᏴᎵᎨᎢ.]
24. ᎾᏍᎩ ᎢᏳᏍᏗ ᏗᏓᎴᏂᏍᎬ ᏅᏓᎬᏩᏓᎴᏅᏛ ᏥᏣᏛᎩᎭ ᎾᏍᎩ ᏂᎯ ᎢᏥᏯᎡᏍᏗ. ᎢᏳᏃ ᎾᏍᎩ ᏗᏓᎴᏂᏍᎬ ᏅᏓᎬᏩᏓᎴᏅᏛ ᏥᏣᏛᎩᎭ ᎢᏥᏯᎡᏍᏗ, ᏂᎯ ᎾᏍᏉ ᎡᏥᏯᎡᏍᏗ ᎤᏪᏥ ᎠᎴ ᎠᎦᏴᎵᎨᎢ.
25. ᎠᎴ ᎯᎠ ᎾᏍᎩ ᎢᎩᏚᎢᏍᏓᏁᎸᎯ ᏥᎩ, ᎾᏍᎩ ᎠᎵᏍᏆᏗᏍᎩ ᏂᎨᏒᎾ ᎬᏂᏛ.
26. ᎾᏍᎩ ᎯᎠ ᏄᏍᏗ ᎢᏨᏲᏪᎳᏏ ᎦᏥᏁᎢᏍᏗᏍᎬ ᎾᏍᎩ Ꮎ ᎨᏥᎵᏓᏍᏗᏍᎩ.
27. ᎾᏍᎩᏍᎩᏂ ᏥᏌ ᎢᏥᎶᏁᏔᏅᎯ ᎨᏒ ᏥᏥᏯᎠ, ᎠᎴ ᎤᏚᎸᏗ ᏂᏣᎵᏍᏓᏁᎲᎾ ᏥᎩ ᎩᎶ ᎢᏤᏲᏗᏱ, ᎾᏍᎩᏰᏃ ᏥᏌ ᎢᏥᎶᏁᏔᏅᎯ ᏥᏤᏲᎲᏍᎦ ᏂᎦᎥᎢ, ᎠᎴ ᎤᏙᎯᏳᏒ ᏥᎩ, ᎠᎴ ᎦᏰᎪᎩ ᏂᎨᏒᎾ ᏥᎩ, ᎾᏍᎩᏯ ᏄᏍᏛ ᎢᏤᏲᎲᏍᎬ ᎡᏥᏯᎡᏍᏗ.
28. Ꭷ, ᏗᏥᏲᎵ, ᏥᏌ ᎡᏥᏯᎡᏍᏗ, ᎾᏍᎩᏃ ᎾᎯᏳ ᎦᎾᏄᎪᏥᎸᎭ ᏂᏗᎾᏰᏍᎬᎾ ᎨᏎᏍᏗ ᎠᎴ ᏂᏓᏕᎰᏍᎬᎾ ᎨᏎᏍᏗ ᎠᎦᏔᎲᎢ ᎾᎯᏳ ᎦᎷᏥᎸᎭ.
29. ᎢᏳᏃ ᏱᏥᎦᏔᎭ ᎾᏍᎦᏅᎾ ᎨᏒ ᏥᏌ, ᎢᏥᎦᏔᎭ [ᎾᏍᏉ] ᎾᏂᎥ ᏚᏳᎪᏛ ᏧᏂᎸᏫᏍᏓᏁᎯ ᎾᏍᎩ ᏧᎾᏄᎪᏫᏒᎯ ᎨᏒᎢ.

== I John 3 ==
1. ᎬᏂᏳᏉ ᏄᏍᏆᏂᎪᏗ ᎠᏓᎨᏳᏗ ᎨᏒ ᎠᎦᏴᎵᎨ ᎢᎩᏁᎸ, ᎾᏍᎩ ᎤᏁᎳᏅᎯ ᏧᏪᏥ ᎦᏰᎪᏎᏗ ᏥᎩ. ᎡᎶᎯ ᎠᏴ ᏂᎩᎦᏔᎲᎾ ᏥᎩ, ᏅᏗᎦᎵᏍᏙᏗᎭ ᎾᏍᎩ ᏄᎦᏔᎲᎾ ᏥᎨᏒᎩ.
2. ᎢᏨᎨᏳᎢ, ᎿᎭᏉ ᎤᏁᎳᏅᎯ ᏧᏪᏥ ᎠᏴ, ᎠᏎᏃ ᎥᏝ ᎠᏏ ᎬᏂᎨᏒ ᏱᏂᎦᎵᏍᏗᎭ ᎢᎦᎵᏍᏙᏗ ᎨᏒᎢ; ᎠᏎᏃ ᎢᏗᎦᏔᎭ ᎾᎯᏳ ᎦᎾᏄᎪᏨᎭ ᎾᏍᎩᏯ ᏄᏍᏛ ᏂᎦᏍᏕᏍᏗ, ᎾᏍᎩᏰᏃ ᏄᏍᏛ ᎾᏍᎩ ᏓᏰᏗᎪᎢ.
3. ᎩᎶᏃ ᎾᏍᎩ ᎯᎠ ᏥᏄᏍᏙ ᎤᏚᎩ ᏧᏩᏐ [ᏥᏌ], ᎤᏩᏒ ᎠᏓᏅᎦᎵᏍᎪᎢ, ᎾᏍᎩᏯ [ᏥᏌ] ᏄᏅᎦᎸᎾ ᏥᎩ ᎾᏍᎩᏯ ᎾᏓᏛᏁᎰᎢ.
4. ᎩᎶ ᏣᏍᎦᏅᎪ ᎠᏲᏍᏗᏍᎪ ᎾᏍᏉ ᏗᎧᎿᎭᏩᏛᏍᏗ, ᎠᏍᎦᏂᏰᏃ ᎠᏲᏍᏗᏍᎩ ᏗᎧᎿᎭᏩᏛᏍᏗ.
5. ᎠᎴ ᎢᏥᎦᏔᎭ ᎾᏍᎩ ᎬᏂᎨᏒ ᎾᎬᏁᎸ ᎢᎩᎲᎡᏗᏱ ᎢᎩᏍᎦᏅᏨᎢ; ᎤᏩᏒᏍᎩᏂ ᎥᏝ ᏳᏪᎭ ᎠᏍᎦᏂ.
6. ᎩᎶ ᏣᏯᎣ [ᎦᎶᏁᏛᏱ] ᎥᏝ ᏯᏍᎦᏅᎪᎢ; ᎩᎶ ᏣᏍᎦᏅᎪᎢ ᎥᏝ ᎤᎪᎲᎯ ᏱᎨᏐᎢ, ᎥᏝ ᎠᎴ ᎤᎦᏙᎥᏒᎯ ᏱᎨᏐᎢ.
7. ᏗᏥᏲᎵ ᏞᏍᏗ ᎩᎶ ᏱᏥᎶᏄᎮᎴᏍᏗ; ᏚᏳᎪᏛ ᏧᎸᏫᏍᏓᏁᎯ ᎾᏍᎩ ᎾᏍᎦᏅᎾ, ᎾᏍᎩᏯ [ᎦᎶᏁᏛ] ᎾᏍᎦᏅᎾ ᏥᎩ.
8. ᎠᏍᎦᏂ ᏧᎸᏫᏍᏓᏁᎯ, ᎠᏍᎩᎾ ᏅᏓᏳᏓᎴᏅᎯ ᎨᏐᎢ, ᏗᏓᎴᏂᏍᎬᏰᏃ ᏅᏓᎬᏩᏓᎴᏅᏛ ᎠᏍᎩᎾ ᎠᏍᎦᏅᎪᎢ. ᎾᏍᎩ ᎢᏳᏍᏗ ᎤᏁᎳᏅᎯ ᎤᏪᏥ ᎬᏂᎨᏒ ᎾᎬᏁᎸᎩ, ᎤᏲᏍᏙᏗᏱ ᎠᏍᎩᎾ ᏚᎸᏫᏍᏓᏁᎸᎢ.
9. ᎩᎶ ᎤᏁᎳᏅᎯ ᎤᏕᏔᏅᎯ ᏥᎨᏐ ᎥᏝ ᎠᏍᎦᏂ ᏱᏚᎸᏫᏍᏓᏁᎰᎢ; ᎾᏍᎩᏰᏃ ᎤᏤᎵᎦ ᎤᎦᏔ ᎤᏪᎰᎢ, ᎥᏝ ᎠᎴ ᏰᎵ ᎬᏩᏍᎦᏅᎢᏍᏗ ᏱᎨᏐᎢ, ᏅᏗᎦᎵᏍᏙᏗᏍᎪ ᎤᏁᎳᏅᎯ ᎤᏕᏔᏅᎯ ᎨᏒᎢ.
10. ᎯᎠ ᎾᏍᎩ ᎾᎿᎭᎤᏁᎳᏅᎯ ᏧᏪᏥ ᎬᏂᎨᏒ ᎾᎾᎵᏍᏗᎭ, ᎠᎴ ᎠᏍᎩᎾ ᏧᏪᏥ; ᎩᎶ ᏚᏳᎪᏛ ᏧᎸᏫᏍᏓᏁᎯ ᏂᎨᏒᎾ ᏥᎨᏐᎢ, ᎥᏝ ᎤᏁᎳᏅᎯ ᏅᏓᏳᏓᎴᏅᎯ ᏱᎨᏐᎢ; ᎠᎴ ᏗᎾᏓᏅᏟ ᎤᎨᏳᎯ ᏂᎨᏒᎾ ᏥᎨᏐᎢ.
11. ᎯᎠᏰᏃ ᎾᏍᎩ ᎧᏃᎮᏛ ᏥᏣᏛᎩᎭ ᏗᏓᎴᏂᏍᎬ ᏂᎨᏣᏛᎩᏍᎪᎢ, ᎾᏍᎩ ᏗᎦᏓᎨᏳᎯ ᎢᏳᎵᏍᏙᏗᏱ.
12. ᎥᏝ ᎾᏍᎩ ᎨᎾ ᏄᏛᏁᎸᎢ, ᎾᏍᎩ ᎤᏁᎫᏥᏛ ᏅᏓᏳᏓᎴᏅᎯ ᏥᎨᏎᎢ, ᎠᎴ ᎤᏅᏟ ᏧᎴ. ᎦᏙᏃ ᎢᎤᎴᎢ? ᏅᏗᎦᎵᏍᏙᏗᏍᎨᏍᎩᏂ ᎤᏩᏒ ᏚᎸᏫᏍᏓᏁᎲ ᎤᏲᎢᏳ ᎨᏒᎢ, ᎤᏅᏟᏃ ᏚᎸᏫᏍᏓᏁᎲ ᎣᏏᏳ ᎨᏒᎢ.
13. ᏞᏍᏗ ᏱᏥᏍᏆᏂᎪᏍᎨᏍᏗ, ᎢᏓᏓᏅᏟ, ᎢᏳᏃ ᎡᎶᎯ ᎢᎩᏍᎦᎩᏳ ᎢᎨᏎᏍᏗ.
14. ᎢᏗᎦᏔᎭ ᎠᏲᎱᎯᏍᏗ ᎨᏒ ᎢᎩᎶᏒᎢ ᎬᏂᏛᏃ ᏫᎩᎾᏄᎪᏨᎢ, ᏅᏗᎦᎵᏍᏙᏗᎭ ᏗᏗᎨᏳᎯᏳ ᎨᏒ ᎢᏓᏓᏅᏟ. ᎩᎶ ᎤᎨᏳᎯᏳ ᏂᎨᏒᎾ ᏱᎩ ᏗᎾᏓᏅᏟ, ᎠᏲᎱᎯᏍᏗ ᎨᏒ ᎡᎭ.
15. ᎩᎶ ᏗᎾᏓᏅᏟ ᎠᏍᎦᎩ ᏱᎩ ᎾᏍᎩ ᏴᏫ ᎠᎯᎯ; ᎢᏥᎦᏔᎭᏃ ᏴᏫ ᎠᎯᎯ ᎬᏂᏛ ᏄᏪᎲᎾ ᎨᏒᎢ.
16. ᎠᏂ ᎢᏗᎪ ᏩᏘᎭ ᎤᏓᎨᏳᏗ ᎨᏒᎢ, ᏅᏗᎦᎵᏍᏙᏗᎭ ᎬᏅ ᎡᎳᏗ ᎢᎩᏁᎸᎢ, ᎠᎴ ᎾᏍᏉ ᎠᏴ ᏕᏛᏅ ᎡᎳᏗ ᏱᏗᏗᏁᎭ ᎢᏓᏓᏅᏟ.
17. ᎩᎶᏍᎩᏂ ᎡᎶᎯ ᎡᎯ ᎠᎵᏍᏕᎸᏙᏗ ᎨᏒ ᏧᏪᎰᎢ, ᎠᎴ ᏣᎪᏩᏘᏍᎪ ᏗᎾᏓᏅᏟ ᎤᏂᎬᎬᎢ, ᎠᏎᏃ ᎾᏍᎩ ᏣᏍᏚᏁᎰᏉ ᎤᎾᏫ, ᎦᏙ ᏱᎦᎵᏍᏙᏓ ᏳᏪᎭ ᎤᏁᎳᏅᎯ ᎠᎨᏳᏗ ᎨᏒᎢ?
18. ᏗᏥᏲᎵ ᏗᏇᏥ, ᏞᏍᏗ ᎢᏗᏁᎬᏉ ᎠᎴ ᏗᏗᏃᎪᎢᏉ ᏱᏗᏛᏗᏍᎨᏍᏗ ᏱᎦᏓᎨᏳᏎᏍᏗ, ᏕᎩᎸᏫᏍᏓᏁᎲᏍᎩᏂ ᎠᎴ ᎤᏙᎯᏳᏒᎢ.
19. ᎠᎴ ᎾᏍᎩ ᎯᎠ ᎢᏓᏙᎴᎰᎯᏍᏗᎭ ᏚᏳᎪᏛ ᏅᏓᎦᏓᎴᏅᎯ ᎨᏒᎢ; ᏙᎯᏱᏃ ᏂᏙᏓᏛᏁᎵ ᏗᎩᎾᏫ ᎾᏍᎩ ᎠᎦᏔᎲᎢ.
20. ᎢᏳᏰᏃ ᏗᎩᎾᏫ ᎢᎩᏍᎦᏅᏨ ᏱᏗᎫᎪᏗᎭ, ᎤᏁᎳᏅᎯ ᎤᏟ ᎦᎸᏉᏗᏳ ᎡᏍᎦᏉ ᏗᎩᎾᏫ, ᎠᎴ ᎠᎦᏔᎯᏳ ᏂᎦᎥᎢ.
21. ᎢᏨᎨᏳᎢ, ᎢᏳᏃ ᏗᎩᎾᏫ ᏂᏗᎫᎪᏓᏁᎲᎾ ᏱᎩ, ᎤᎦᎵᏍᏗᏳ ᎢᎦᏓᏅᏔ ᎤᏁᎳᏅᎯ ᎡᏓᏓᏅᏖᏍᎬᎢ;
22. ᎠᎴ ᏂᎦᎥ ᎪᎱᏍᏗ ᎢᏗᏔᏲᎭ ᎢᎩᏁᎰᎢ, ᏅᏗᎦᎵᏍᏙᏗᏍᎪ ᎢᎩᏍᏆᏂᎪᏛ ᎤᏤᎵᎦ ᏗᎧᎿᎭᏩᏛᏍᏗ, ᎠᎴ ᏕᎩᎸᏫᏓᏁᎲ ᎾᏍᎩ ᎣᏍᏛ ᎤᏰᎸᏗ ᎨᏒ ᏕᎩᎧᏅᎢ.
23. ᎾᏍᎩᏃ ᎯᎠ ᏄᏍᏗ ᎤᏤᎵᎦ ᏗᎧᎿᎭᏩᏛᏍᏗ, ᎢᎪᎯᏳᏗᏱ ᏕᎤᏙᎥ ᎤᏪᏥ ᏥᏌ ᎦᎶᏁᏛ, ᎠᎴ ᏗᎦᏓᎨᏳᎯ ᎢᏳᎵᏍᏙᏗᏱ ᎾᏍᎩᏯ ᎢᎩᏁᏤᎸᎢ.
24. ᎩᎶᏃ ᎾᏍᎩ ᎤᏤᎵᎦ ᏗᎧᎿᎭᏩᏛᏍᏗ ᎠᏍᏆᏂᎪᏗᏍᎩ ᎾᏍᎩ ᎠᏯᎣᎢ [ᎤᏁᎳᏅᎯᏱ], ᎠᎴ ᎾᏍᎩ ᎤᏯᎣᎢ [ᎤᏁᎳᏅᎯ]. ᎠᎴ ᎠᏓᏅᏙ ᎢᎩᏁᎸᎯ ᎨᏒ ᎾᏍᎩ ᎢᏓᏙᎴᎰᎯᏍᏗᎭ ᎠᏴ ᎢᎩᏯᎥᎢ.

== I John 4 ==
1. ᎢᏨᎨᏳᎢ, ᏞᏍᏗ ᎾᏂᎥ ᏗᏓᏅᏙ ᏱᏗᏦᎯᏳᎲᏍᎨᏍᏗ, ᏕᏥᎪᎵᏰᏍᎨᏍᏗᏍᎩᏂ ᏗᏓᏅᏙ, ᎤᏁᎳᏅᎯ ᏅᏓᏳᏓᎴᏅᎯ ᎨᏒ, ᎠᎴ ᎤᏁᎳᏅᎯ ᏅᏓᏳ ᏓᎴᏅᎯ ᏂᎨᏒᎾ ᎨᏒᎢ. ᎤᏂᏣᏔᏰᏃ ᎤᎾᏠᎾᏍᏗ ᎠᎾᏙᎴᎰᏍᎩ ᎠᏁᏙᎭ ᎡᎶᎯ.
2. ᎯᎠ ᎾᏍᎩ ᏄᏍᏗ ᎢᏦᎵᏍᏙᏗ ᎤᏁᎳᏅᎯ ᎤᏤᎵ ᎠᏓᏅᏙ; ᎾᏍᎩ ᎠᏓᏅᏙ ᎯᎠ ᎢᎦᏪᏍᎩ, ᏥᏌ ᎦᎶᏁᏛ ᎤᏇᏓᎵ ᎤᎾᏄᎪᏥᎴᎢ, ᎾᏍᎩ ᎤᏁᎳᏅᎯ ᏅᏓᏳᏓᎴᏅᎯ.
3. ᎾᏍᎩᏃ ᎠᏓᏅᏙ ᎯᎠ ᎢᎦᏪᏍᎩ ᏂᎨᏒᎾ, ᏥᏌ ᎦᎶᏁᏛ ᎤᏇᏓᎵ ᎤᎾᏄᎪᏥᎴᎢ, ᎥᏝ ᎤᏁᎳᏅᎯ ᏅᏓᏳᏓᎴᏅᎯ ᏱᎩ. ᎾᏍᎩᏍᎩᏂ ᎯᎠ ᎦᎶᏁᏛ-ᎠᏡᏗᏍᎩ ᎤᏤᎵᎦ ᎠᏓᏅᏙ, ᎾᏍᎩ ᎤᎷᎯᏍᏗᏱ ᎢᏣᏛᎦᏅᎯ ᏥᎩ, ᎠᎴ ᎿᎭᏉ ᎦᏳᎳ ᎡᎶᎯ ᎡᎭ.
4. ᏂᎯ ᎤᏁᎳᏅᎯ ᏅᏓᏣᏓᎴᏅᎯ, ᏗᏥᏲᎵ, ᎠᎴ ᏕᏥᏎᎪᎩᏒ ᎾᏍᎩ; ᏅᏗᎦᎵᏍᏙᏗᎭ ᎤᏟ ᎤᎵᏂᏗᎩᏗᏳ ᎨᏒ ᎢᏥᏯᎢ ᎡᏍᎦᏉ ᎡᎶᎯ ᎠᏯᎢ.
5. ᎡᎶᎯ ᏅᏓᏳᎾᏓᎴᏅᎯ ᎾᏍᎩ, ᎾᏍᎩ ᎢᏳᏍᏗ ᎡᎶᎯ ᎡᎯ ᎠᏂᏬᏂᎭ, ᎠᎴ ᎡᎶᎯ ᎤᎾᏛᎦᏁᎰᎢ.
6. ᎠᏴ ᎤᏁᎳᏅᎯ ᏅᏓᏲᎦᏓᎴᏅᎯ; ᎾᏍᎩ Ꮎ ᎤᏁᎳᏅᎯ ᎠᎦᏔᎯ ᎣᎦᏛᎦᏁᎰᎢ. ᎾᏃ ᎤᏁᎳᏅᎯ ᏅᏓᏳᏓᎴᏅᎯ ᏂᎨᏒᎾ ᎥᏝ ᏲᎦᏛᎦᏁᎰᎢ. ᎾᏍᎩ ᏅᏗᎦᎵᏍᏙᏗᎭ ᏕᏗᎦᏔᎭ ᏚᏳᎪᏛ ᎢᏯᎾᏛᏁᎯ ᎠᏓᏅᏙ, ᎠᎴ ᏚᏳᎪᏛ ᎢᏯᏌᏛᏁᎯ ᏂᎨᏒᎾ ᏗᏓᏅᏙ.
7. ᎢᏨᎨᏳᎢ, ᏕᎦᏓᎨᏳᏎᏍᏗ; ᎠᏓᎨᏳᏗᏰᏃ ᎨᏒ ᎤᏁᎳᏅᎯ ᎤᏓᏳᏓᎴᏅᎯ, ᎩᎶᏃ ᏧᏓᎨᏳᏐ ᎤᏁᎳᏅᎯ ᎤᎾᏄᎪᏫᏒᎯ ᎨᏐᎢ, ᎠᎴ ᎠᎦᏔᎰ ᎤᏁᎳᏅᎯ.
8. ᎤᏓᎨᏳᎯᏃ ᏂᎨᏒᎾ, ᎥᏝ ᏯᎦᏔᎰ ᎤᏁᎳᏅᎯ; ᎤᏁᎳᏅᎯᏰᏃ ᎤᏓᎨᏳᏗ ᎨᏒ ᏚᏙᎥ.
9. ᎠᏂ ᎯᎠ ᎬᏂᎨᏒ ᏄᎵᏍᏔᏅᎩ ᎤᏁᎳᏅᎯ ᎢᎩᎨᏳᏒᎢ, ᎤᏁᎳᏅᎯᏰᏃ ᏧᏅᏎ ᎤᏩᏒᎯᏳ ᎤᏕᏁᎸᎯ ᎤᏪᏥ ᎡᎶᎯ ᎤᎷᎯᏍᏗᏱ, ᎾᏍᎩ ᎢᏳᏩᏂᏐᏗᏱ ᎬᏂᏛ ᎢᎩᏩᏛᏗᏱ.
10. ᎠᏂ ᎯᎠ ᎠᏓᎨᏳᏗ ᎨᏒᎢ, ᎥᏝ ᎤᏁᎳᏅᎯ ᎡᏗᎨᏳᎢᏳ ᏄᎵᏍᏔᏅᎢ, ᎠᏴᏍᎩᏂ ᎢᎩᎨᏳᎯᏳ ᏄᎵᏍᏔᏅᎢ, ᎠᎴ ᏧᏅᏒ ᎤᏤᎵᎦ ᎤᏪᏥ ᎠᎵᏍᎪᎸᏔᏅᎯ ᎠᎫᏴᏙᏗ ᎢᎩᏍᎦᏍᏨᎢ.
11. ᎢᏨᎨᏳᎢ, ᎢᏳᏃ ᎤᏁᎳᏅᎯ ᎾᏍᎩ ᎢᎦᎢ ᎢᎩᎨᏳᎯᏳ ᎢᏳᎵᏍᏔᏅᎯ ᏱᎩ, ᎠᏴ ᎾᏍᏉ ᏗᎦᏓᎨᏳᎯᏳ ᏱᎩ.
12. ᎥᏝ ᎢᎸᎯᏳ ᎩᎶ ᎤᏁᎳᏅᎯ ᎤᎪᎲᎯ ᏱᎩ. ᎢᏳᏃ ᏗᎦᏓᎨᏳᎯᏳ ᏱᎩ, ᎤᏁᎳᏅᎯ ᎢᎩᏯᎠ, ᎠᎴ ᎠᏴ ᎡᏗᎨᏳᏒ ᎤᎧᎵᏨᎯ ᎨᏐᎢ.
13. ᎯᎠ ᎾᏍᎩ ᎢᏓᏙᎴᎰᎯᏍᏗᎭ ᎡᏗᏯᎥᎢ ᎠᎴ ᎠᏴ ᎢᎩᏯᎥᎢ, ᎾᏍᎩ ᏅᏗᎦᎵᏍᏙᏗᏍᎬ ᎢᎦᎵᏍᎪᎸᏓᏁᎸᎯ ᎨᏒ ᎤᏩᏒ ᎤᏤᎵ ᎠᏓᏅᏙ.
14. ᎠᎴ ᎠᏴ ᎣᎩᎪᎲ ᎠᎴ ᎣᏥᏃᎮᎭ ᎠᎦᏴᎵᎨ ᏧᏅᏒ ᎤᏪᏥ ᎡᎶᎯ ᎠᏍᏕᎵᏍᎩ ᎢᏳᎵᏍᏙᏗᏱ.
15. ᎩᎶ ᎯᎠ ᎢᎦᏪᏍᎩ ᏥᏌ ᎤᏁᎳᏅᎯ ᎤᏪᏥ ᎨᏒᎢ, ᎾᏍᎩ ᎤᏁᎳᏅᎯ ᎣᏯᎣᎢ, ᎠᎴ ᎾᏍᎩ ᎤᏁᎳᏅᎯᏱ ᎠᏯᎣᎢ.
16. ᎠᎴ ᎠᏴ ᎢᎩᎦᏙᎥᏒ ᎠᎴ ᎢᎪᎯᏳᏅ ᎤᏁᎳᏅᎯ ᎢᎩᎨᏳᎯᏳ ᎨᏒᎢ. ᎤᏁᎳᏅᎯ ᎠᏓᎨᏳᏗ ᎨᏒ ᏚᏙᎥ, ᎠᏓᎨᏳᏗᏃ ᎨᏒ ᎡᎯ ᎤᎾᎳᏅᎯ ᎠᏯᎣᎢ, ᎠᎴ ᎤᎾᎳᏅᎯ ᎾᏍᎩ ᎤᏯᎣᎢ.
17. ᎠᏂ ᎯᎠ ᎢᎦᏓᎨᏳᏗ ᎨᏒ ᎤᎧᎵᏨᎯ, ᏄᎵᏍᏔᏅ ᎾᏍᎩ ᏂᏗᎾᏰᏍᎬᎾ ᎢᏳᎵᏍᏙᏗᏱ ᏗᎫᎪᏙᏗᏱ ᎢᎦ ᎨᏎᏍᏗ, ᏅᏗᎦᎵᏍᏙᏗᎭ ᎾᏍᎩᏯ ᏄᏍᏛ ᎾᏍᏉ ᎾᏍᎩ ᏂᎦᏍᏗ ᎠᏴ ᎠᏂ ᎡᎶᎯ.
18. ᎥᏝ ᎦᎾᏰᎯᏍᏗ ᎨᏒ ᏳᏓᏑᏯ ᎠᏓᎨᏳᏗ ᎨᏒᎢ, ᎤᎧᎵᏨᎯᏍᎩᏂ ᎨᏒ ᎠᏓᎨᏳᏗ ᎦᏄᎪᏫᏍᎦ ᎦᎾᏰᎯᏍᏗ ᎨᏒᎢ; ᎦᎾᏰᎯᏍᏗᏰᏃ ᎨᏒ ᎠᎩᎵᏯ ᎤᏪᎭ; ᎩᎶ ᏥᎦᎾᏰᏍᎪᎢ ᎥᏝ ᎤᎧᎵᏨᎯ ᏱᎨᏐ ᎠᏓᎨᏳᏗ ᎨᏒᎢ.
19. ᎡᏗᎨᏳᎠ ᎾᏍᎩ ᏅᏗᎦᎵᏍᏙᏗᎭ ᎠᏴ ᎢᎬᏱ ᎢᎩᎨᏳᎯᏳ ᏄᎵᏍᏔᏅᎢ.
20. ᎢᏳᏃ ᎩᎶ ᎤᏁᎳᏅᎯ ᏥᎨᏳᎠ ᏯᏗᎭ, ᏯᏍᎦᎦᏃ ᏗᎾᏓᏅᏟ, ᎦᏰᎪᎩ ᎾᏍᎩ, ᎤᎨᏳᎯᏰᏃ ᏂᎨᏒᎾ ᏱᎩ ᏗᎾᏓᏅᏟ ᎾᏍᎩ ᎤᎪᎲᎯ, ᎦᏙ ᏱᎦᎵᏍᏙᏓ ᎤᎨᏳᎯᏳ ᏱᎩ ᎤᏁᎳᏅᎯ ᎤᎪᎲᎯ ᏂᎨᏒᎾ ᎨᏒᎢ.
21. ᎯᎠᏃ ᎾᏍᎩ ᏗᎧᎿᎭᏩᏛᏍᏗ ᎢᎩᏁᎸᎯ, ᎾᏍᎩ ᎢᏳᏃ ᎩᎶ ᎤᎨᏳᎯᏳ ᎨᏎᏍᏗ ᎤᏁᎳᏅᎯ, ᎾᏍᏉ ᎤᎨᏳᎯᏳ ᎨᏎᏍᏗ ᏗᎾᏓᏅᏟ.

== I John 5 ==
1. ᎩᎶ ᏱᎪᎯᏳᎲᏍᎦ ᏥᏌ ᎾᏍᎩ ᎦᎶᏁᏛ ᎨᏒᎢ, ᎾᏍᎩ ᎤᏁᎳᏅᎯ ᎤᏕᏔᏅᎯ, ᎩᎶᏃ ᏳᎨᏳᎭ ᎤᏓᎾᏄᎪᏫᏒᎯ, ᎾᏍᏉ ᎠᏥᎾᏄᎪᏫᏒᎯ ᎤᎨᏳᎯᏳ ᎨᏐᎢ.
2. ᎤᏁᎳᏅᎯ ᎡᏗᎨᏳᎢ ᏥᎨᏐᎢ, ᎠᎴ ᏥᎩᏍᏆᏂᎪᏙ ᎤᏤᎵᎦ ᏗᎧᎿᎭᏩᏛᏍᏗ, ᎾᏍᎩ ᎢᏓᏙᎴᎰᎯᏍᏗᏍᎪ ᎨᏗᎨᏳᎢᏳ ᎨᏒ ᎤᏁᎳᏅᎯ ᏧᏪᏥ.
3. ᎾᏍᎩᏰᏃ ᎯᎠ ᏄᏍᏗ ᎤᏁᎳᏅᎯ ᎠᎨᏳᏗ ᎨᏒᎢ, ᎾᏍᎩ ᏗᎩᏍᏆᏂᎪᏙᏗᏱ ᏧᏤᎵ ᏗᎧᎿᎭᏩᏛᏍᏗ; ᎤᏤᎵᏃ ᏗᎧᎿᎭᏩᏛᏍᏗ ᎥᏝ ᎦᎨᏗᏳ ᏱᎩ.
4. ᏂᎦᎥᏰᏃ ᎪᎱᏍᏗ ᎤᏁᎳᏅᎯ ᎤᏕᏔᏅᎯ ᎠᏎᎪᎩᏍᎪ ᎡᎶᎯ. ᎢᎪᎯᏳᏒᏃ ᎾᏍᎩ ᎠᏎᎪᎩᏍᎩ ᎡᎶᎯ.
5. ᎦᎪ Ꮎ ᎡᎶᎯ ᎠᏎᎪᎩᏍᎩ ᎢᏳᏃ ᎾᏍᎩ ᏂᎨᏒᎾ ᏱᎩ ᎾᏍᎩ Ꮎ ᎪᎯᏳᎲᏍᎩ ᏥᏌ ᎤᏁᎳᏅᎯ ᎤᏪᏥ ᎨᏒᎢ?
6. ᎾᏍᎩ ᎠᎹ ᎠᎴ ᎩᎬ ᎤᎷᎯᏍᏔᏅᎯ, ᎯᎠ ᏥᏌ ᎦᎶᏁᏛ; ᎥᏝ ᎠᎹᏉ ᎤᏩᏒ, ᎠᎹᏍᎩᏂ ᎠᎴ ᎩᎬ. ᎬᏩᏠᏯᏍᏗ ᎠᎴ ᎠᏓᏅᏙ ᎾᏍᎩ ᎧᏃᎮᏍᎩ, ᎠᏓᏅᏙᏰᏃ ᎦᏱᎪᎩ ᏂᎨᏒᎾ.
7. ᎠᏂᏦᎢᏰᏃ ᎠᏂᏃᎮᏍᎩ ᎦᎸᎳᏗ; ᎠᎦᏴᎵᎨᎢ, ᎧᏃᎮᏛ, ᎦᎸᏉᏗᏳᏃ ᎠᏓᏅᏙ; ᎾᏍᎩᏃ ᎯᎠ ᎠᏂᏦᎢ ᎨᏒ ᏌᏉᏉ.
8. ᎠᏂᏦᎢᏃ ᎠᏂᏃᎮᏍᎩ ᎡᎶᎯ, ᎠᏓᏅᏙ, ᎠᎹ, ᎠᎴ ᎩᎬ, ᎾᏍᎩᏃ ᎯᎠ ᎠᏂᏦᎢ ᎨᏒ ᎤᏠᏱ ᎠᏂᏃᎮᎭ.
9. ᎢᏳᏃ ᏱᏗᏗᏂᏱᎭ ᏴᏫ ᎤᏂᏃᎮᎸᎯ, ᎤᏁᎳᏅᎯ ᎤᏃᎮᎸᎯ ᎤᏟ ᎦᎸᏉᏗᏳ; ᎯᎠᏰᏃ ᎾᏍᎩ ᎤᏁᎳᏅᎯ ᎤᏃᎮᎸᎯ, ᎾᏍᎩ ᎤᏁᎢᏍᏔᏅᎯ ᏥᎩ ᎤᏪᏥ.
10. ᎪᎯᏳᎲᏍᎩ ᎤᏁᎳᏅᎯ ᎤᏪᏥ ᎾᏍᎩ ᎤᏩᏒ ᎨᏒ ᎤᏪᎭ ᎪᎯᏳᏗᏍᎩ; ᎤᏁᎳᏅᎯ ᎪᎯᏳᎲᏍᎩ ᏂᎨᏒᎾ, ᎾᏍᎩ ᎤᏁᎳᏅᎯ ᎤᏰᎪᏅ, ᏅᏗᎦᎵ ᏍᏙᏗᎭ ᏂᎪᎯᏳᎲᏍᎬᎾ ᎨᏒ ᎤᏁᎳᏅᎯ ᎤᏃᎮᎸᎢ ᎤᏪᏥ ᎤᏁᎢᏍᏔᏅᎢ.
11. ᎯᎠᏃ ᎾᏍᎩ ᏄᏍᏗ ᎧᏃᎮᎸᎯ ᎨᏒᎢ, ᎾᏍᎩ ᎤᏁᎳᏅᎯ ᎢᎩᏁᎸ ᏫᎾᏍᏛᎾ ᎬᏂᏛ, ᎠᎴ ᎾᏍᎩ ᎯᎠ ᎬᏂᏛ ᎤᏪᏥ ᎤᏤᎵᎦ ᎨᏒᎢ.
12. ᎩᎶ ᎤᏁᎳᏅᎯ ᎤᏪᏥ ᎤᏪᎯ, ᎾᏍᎩ ᎬᏂᏛ ᎤᏪᎭ; ᎤᏁᎳᏅᎯᏃ ᎤᏪᏥ ᏄᏪᎲᎾ ᎥᏝ ᏳᏪᎭ ᎬᏂᏛ.
13. ᎾᏍᎩ ᎯᎠ ᏄᏍᏗ ᎢᏨᏲᏪᎳᏏ ᎢᏦᎯᏳᎲᏍᎩ ᏚᏙᎥ ᎤᏁᎳᏅᎯ ᎤᏪᏥ, ᎢᏣᏙᎴᎰᎯᏍᏗᏱ ᎬᏂᏛ ᎢᏤᎲᎢ ᎨᏒᎢ, ᎠᎴ ᎢᏦᎯᏳᏗᏱ ᏚᏙᎥ ᎤᏁᎳᏅᎯ ᎤᏪᏥ.
14. ᎠᎴ ᎾᏍᎩ ᎯᎠ ᏄᏍᏗ ᎡᏙᎢᏳᏒᎢ, ᎾᏍᎩ ᎢᏳᏃ ᏂᎦᎥ ᎪᎱᏍᏗ ᎡᏗᏔᏲᏏ ᎣᏍᏛ ᎤᏰᎸᏗ ᎨᏒᎢ, ᎢᎦᏛᎦᏁᎲᎢ.
15. ᎢᏳᏃ ᏱᏗᎦᏔᎭ ᎢᎦᏛᏁᎲᎢ, ᏂᎦᎥ ᎪᎱᏍᏗ ᎡᏗᏔᏲᏏ ᎢᏗᎦᏔᎰ ᎢᎩᏁᎲ ᎢᏳᏍᏗ ᎡᏗᏔᏲᏎᎸᎢ.
16. ᎢᏳᏃ ᎩᎶ ᏳᎪᎲ ᏗᎾᏓᏅᏟ ᏳᏍᎦᏅᏨ ᎠᏲᎱᎯᏍᏗ ᏂᎨᏒᎾ ᎠᏍᎦᏅᎢᏍᏗ ᎨᏒᎢ, ᎾᏍᎩ ᎠᏔᏲᎯᎮᏍᏗ ᎠᎴ ᎠᏎ ᎬᏂᏛ ᏓᏰᏥᏁᎵ ᎠᏲᎱᎯᏍᏗ ᏂᎨᏒᎾ ᎤᏂᏍᎦᏅᏨᎯ ᏅᏗᎦᎵᏍᏙᏗᏍᎬᎢ. ᎡᎭ ᎠᏍᎦᏅᎢᏍᏗ ᎠᏲᎱᎯᏍᏗ ᎨᏒᎢ, ᎥᏝ ᎠᏔᏲᎯᎮᏍᏗ ᎾᏍᎩ ᎠᏥᏙᎵᏍᏗᏱ ᏱᎦᏗᎭ.
17. ᏂᎦᎥ ᏚᏳᎪᏛ ᏂᎨᏒᎾ ᎾᏍᎩ ᎠᏍᎦᏂ, ᎡᎭᏃ ᎠᏍᎦᏅᎢᏍᏗ ᎨᏒ ᎠᏲᎱᎯᏍᏗ ᏂᎨᏒᎾ.
18. ᎢᏗᎦᏔᎭ ᎩᎶ ᎤᏁᎳᏅᎯ ᎤᏕᏔᏅᎯ ᏥᎨᏐᎢ ᎥᏝ ᏯᏍᎦᏅᎪᎢ, ᎤᏁᎳᏅᎯᏍᎩᏂ ᎤᏕᏔᏅᎯ ᎤᎵᏍᏆᏂᎪᏙᎢ, ᎾᏍᎩᏃ Ꮎ ᎤᏁᎫᏥᏛ ᎥᏝ ᏳᏒᏂᎰᎢ.
19. ᎢᏗᎦᏔᎭ ᎤᏁᎳᏅᎯ ᏅᏓᎦᏓᎴᏅᎯ ᎨᏒᎢ, ᎠᎴ ᏂᎬᎾᏛ ᎡᎶᎯ ᎤᏃᏴᏨ ᎤᏲ ᎨᏒᎢ.
20. ᎢᏗᎦᏔᎭᏃ ᎤᏁᎳᏅᎯ ᎤᏪᏥ ᎤᎷᏨᎢ, ᎠᎴ ᎢᎩᏁᎸ ᎢᎪᎵᏍᏗᏱ, ᎾᏍᎩ ᎡᏙᎵᏍᏗᏱ ᎾᏍᎩ ᎦᏰᎪᎩ ᏂᎨᏒᎾ ᏥᎩ; ᎠᎴ ᎾᏍᎩ ᎡᏗᏯᎠ ᎦᏰᎪᎩ ᏂᎨᏒᎾ ᏥᎩ, ᎾᏍᎩ ᎤᏪᏥ ᏥᏌ ᎦᎶᏁᏛ. ᎾᏍᎩ ᎯᎠ ᎤᏙᎯᏳᎯᏯ ᎤᏁᎳᏅᎯ, ᎠᎴ ᏫᎾᏍᏛᎾ ᎬᏂᏛ.
21. ᏗᏥᏲᎵ, ᏕᏤᏯᏙᏤᎮᏍᏗ ᎤᏁᎳᏅᎯ ᏗᏰᎸᎯ. ᎡᎺᏅ.

== II John 1 ==
1. ᎠᏴ ᎠᏆᏛᏐᏅᎯ ᏫᏥᏲᎵᎦ ᎠᎦᏑᏰᏛ ᎠᎨᏴ ᎠᎴ ᎾᏍᎩ ᏧᏪᏥ, ᎾᏍᎩ ᎦᏥᎨᏳᎢ ᏚᏳᎪᏛ ᎨᏒᎢ, ᎠᎴ ᎥᏝ ᎠᏋᏒᏉ ᏱᎩ ᎾᏍᏉᏍᎩᏂ ᏂᎦᏛ ᎤᏂᎦᏙᎥᏒᎯ ᏚᏳᎪᏛ ᎨᏒᎢ;
2. ᏅᏗᎦᎵᏍᏙᏗᎭ ᎾᏍᎩ ᏚᏳᎪᏛ ᎨᏒ ᏥᎩᏯᎠ, ᎠᎴ ᎾᏍᎩ ᎠᏎ ᏥᎨᎳᏗᏙᎮᏍᏗ ᏂᎪᎯᎸᎢ.
3. ᎬᏩᎦᏗᏯ ᎤᏓᏙᎵᏍᏗ ᎨᏒᎢ ᎢᏤᎳᏗᏙᎮᏍᏗ ᎠᎴ ᎤᏓᏙᎵᏍᏗ ᎨᏒᎢ ᎠᎴ ᏅᏩᏙᎯᏯᏛ ᎨᏒᎢ, ᏅᏓᏳᎾᎵᏍᎪᎸᏔᏅᎯ ᎤᏁᎳᏅᎯ ᎠᎦᏴᎵᎨᎢ ᎠᎴ ᎤᎬᏫᏳᎯ ᏥᏌ ᎦᎶᏁᏛ ᎠᎦᏴᎵᎨ ᎤᏪᏥ, ᏚᏳᎪᏛ ᎨᏒᎢ ᎠᎴ ᎠᏓᎨᏳᏗ ᎨᏒᎢ.
4. ᎤᏣᏔᏅᎯ ᎠᏆᎵᎮᎵᏨᎩ ᎠᏆᏙᎴᎰᏒ ᎢᎦᏛ ᏗᏤᏥ ᏚᏳᎪᏛ ᎨᏒ ᎠᎾᎢᏒᎢ, ᎾᏍᎩᏯ ᏗᎧᎿᎭᏩᏛᏍᏗ ᎢᎩᏁᎸ ᎠᎦᏴᎵᎨᎢ.
5. ᎿᎭᏉᏃ ᎬᏔᏲᏎᎭ ᎯᎨᏴ, ᏗᎦᎵᎨᏳᎯ ᎢᏳᎵᏍᏙᏗᏱ; ᎥᏝ ᎠᏗᎾ ᎢᏤ ᏗᎧᎿᎭᏩᏛᏍᏗ ᏥᎬᏲᏪᎳᏁᎰ ᎢᏳᏍᏗ ᏱᎩ, ᎾᏍᎩᏉᏍᎩᏂ ᏥᏁᎩᎰᎢ, ᏗᎦᏓᎨᏳᎯ ᎢᏳᎵᏍᏙᏗᏱ.
6. ᎠᎴ ᎾᏍᎩ ᎯᎠ ᏄᏍᏗ ᎠᏓᎨᏳᏗ ᎨᏒᎢ, ᎾᏍᎩ ᎢᎨᏓᏍᏗᏱ ᎾᏍᎩᏯ ᏗᎧᎿᎭᏩᏛᏍᏗ ᎤᏤᎵᎦ ᏂᎦᏪᏍᎬᎢ. ᎾᏍᎩ ᎯᎠ ᏗᎧᎿᎭᏩᏛᏍᏗ ᏗᏓᎴᏂᏍᎬ ᏅᏓᎬᏩᏓᎴᏅᏛ ᏥᏁᏣᏛᎩᏍᎪᎢ, ᎾᏍᎩ ᏗᏥᎧᎿᎭᏩᏛᏍᏗᏱ.
7. ᎤᏂᏣᏔᏰᏃ ᎤᏠᎾᏍᏗ ᎠᏁᏙᎭ ᎡᎶᎯ, ᎾᏍᎩ ᎠᏃᎯᏳᎲᏍᎩ ᏂᎨᏒᎾ ᏥᏌ ᎦᎶᏁᏛ ᎤᏇᏓᎵ ᎤᎾᏄᎪᏥᎸᎢ; ᎾᏍᎩ ᎯᎠ ᎤᏠᎾᏍᏗ ᎠᎴ ᎦᎶᏁᏛᎠᏡᏗᏍᎩ.
8. ᎢᏤᏯᏔᎮᏍᏗ ᏞᏍᏗ ᏱᎩᏲᎱᏎᎴᏍᏗ ᏕᎩᎸᏫᏍᏓᏁᎸᎢ, ᎢᏗᏩᏛᎲᏉᏍᎩᏂ ᎤᎧᎵᏨᎯ ᎡᎦᎫᏴᏓᏁᏗ.
9. ᎩᎶ ᏣᏍᎦᏅᎪᎢ ᎠᎴ ᏂᏓᎧᎿᎭᏩᏕᎬᎾ ᏥᎨᏐ ᎦᎶᏁᏛ ᏧᏕᏲᏅᎯ, ᎾᏍᎩ ᎥᏝ ᎤᏁᎳᏅᎢ ᏳᏪᎰᎢ. ᎾᏑᎵᎪᎬᎾᏍᎩᏂ Ꮎ ᏓᎧᎾᏩᏗᏒ ᏗᎧᎿᎭᏩᏕᎩ ᎦᎶᏁᏛ ᏧᏕᏲᏅᎯ, ᎾᏍᎩ ᏚᏪᎭ ᎢᏧᎳ ᎠᎦᏴᎵᎨ ᎠᎴ ᎤᏪᏥ.
10. ᎢᏳᏃ ᎩᎶ ᏱᏥᎷᏤᎸ ᎠᎴ ᏄᏲᎸᎾ ᏱᎩ ᎯᎠ ᎾᏍᎩ ᏗᏕᏲᏗ ᎨᏒᎢ, ᏞᏍᏗ ᏕᏥᏁᎸ ᏱᏕᏣᎵᏂᎸᏤᏍᏗ, ᎠᎴ ᏞᏍᏗ ᏰᏥᏲᎵᎴᏍᏗ;
11. ᎾᏍᎩᏰᏃ Ꮎ ᎠᏲᎵᎯ ᎤᏪᎳᏗᏍᏗᎭ ᎤᏲ ᏚᎸᏫᏍᏓᏁᎲᎢ.
12. ᎤᏣᏛᎩ ᎢᏳᏓᎴᎩ ᎢᏨᏲᏪᎳᏁᏗ ᎠᎩᎲᎩ, ᎠᏎᏃ ᎥᏝ ᎪᏪᎵᏉ ᎠᎴ ᏗᎪᏪᎶᏗ ᏗᎬᏙᏗ ᏯᎩᏰᎸᏎᎢ, ᎤᏚᎩᏰᏃ ᎠᏋᎭ ᎢᏨᏩᏛᎲᏍᏗᏱ, ᎠᎴ ᏗᏗᎰᎵ ᏗᎬᏙᏗᏱ ᎢᎦᎵᏃᎮᏗᏱ, ᎠᎴ ᎢᏓᎵᎮᎵᎬ ᎤᎧᎵᎢᏍᏗᏱ.
13. ᎠᎦᏑᏴᏛ ᎡᏣᎸᎢ ᏧᏪᏥ ᏫᎨᏣᏲᎵᎭ. ᎡᎺᏅ.

== III John 1 ==
1. ᎠᏴ ᎠᎢᏛᏐᏅᎯ ᏫᏥᏲᎵᎦ ᎠᏥᎨᏳᎢ ᎦᏯ, ᎾᏍᎩ ᎠᏴ ᏥᎨᏳᎢ.
2. ᎬᎨᏳᎢ, ᎤᏟ ᎢᎦᎢ ᎠᏆᏚᎵᎭ ᎣᏍᏛ ᏣᏁᏉᏤᏗᏱ ᎠᎴ ᏅᏩᏙᎯᏯᏛ ᏣᎴᏂᏓᏍᏗᏱ, ᎾᏍᎩᏯ ᏣᏓᏅᏙ ᎣᏍᏛ ᎤᏁᏉᏤᎲᎢ.
3. ᎤᏣᏔᏅᎯᏰᏃ ᎠᏆᎵᎮᎵᏨᎩ, ᎢᏓᏓᏅᏟ ᎤᏂᎵᏨ ᎠᎴ ᎤᏂᏃᎮᎸ ᏣᏠᎾᏍᏗ ᏂᎨᏒᎾ ᎨᏒᎢ, ᎾᏍᎩ ᎮᏙᎲ ᏚᏳᎪᏛ ᎨᏒᎢ.
4. ᎥᏝ ᎪᎱᏍᏗ ᎤᏟ ᎢᎦᎢ ᎠᏆᎵᎮᎵᏍᏗ ᏍᎩᏯ ᏱᎩ ᏂᎦᎥ ᎠᏆᎵᎮᎵᏍᏗᎬ ᎦᏛᎬᎦ ᏗᏇᏥ ᏚᏳᎪᏛ ᎨᏒ ᎠᏁᏙᎲᎢ.
5. ᎬᎨᏳᎢ, ᏚᏳᎪᏛ ᎿᎭᏛᏁᎭ ᏂᎦᎥ ᏂᏕᎭᏛᏁᎲ ᎤᎾᎵᎪᎯ ᎠᎴ ᎠᏁᏙᎯ.
6. ᎾᏍᎩ ᎤᏂᏃᎮᎸᎯ ᏥᎩ ᏣᏓᎨᏳᎯᏳ ᎨᏒ ᏧᎾᏁᎶᏗ ᎤᎾᏓᏡᎬ ᎠᏂᎦᏔᎲᎢ; ᎢᏳᏃ ᎾᏍᎩ ᏱᏘᏍᏕᎸᎲ ᎠᎾᎢᏒᎢ, ᎤᏁᎳᏅᎯ ᎬᏩᏍᏓᏩᏗᏙᎯ ᎢᏳᎾᏛᏁᏗ, ᎣᏏᏳ ᏅᏔᏛᏁᎵ.
7. ᎾᏍᎩᏰᏃ ᏚᏙᎥ ᏅᏧᎵᏍᏙᏔᏅ ᎠᏁᏙᎭ ᎪᎱᏍᏗ ᏂᏓᏂᏂᏟᏍᎬᎾ ᏧᎾᏓᎴᏅᏛ ᏴᏫ.
8. ᎾᏍᎩ ᏱᏅᏗᎦᎵᏍᏙᏗᎭ ᏱᏗᏓᏓᏂᎸᎦ ᎾᏍᎩ ᎢᏳᎾᏍᏗ, ᎾᏍᎩ ᎢᏧᎳᎭ ᏕᎩᎸᏫᏍᏓᏁᎲ ᏱᏗᏍᏕᎵᎭ ᏚᏳᎪᏛ ᎨᏒᎢ.
9. ᏧᎾᏁᎶᏗ ᎤᎾᏓᏡᎬ Ꮎ ᎦᏥᏲᏪᎳᏁᎸᎩ, ᎠᏎᏃ ᏓᏯᎶᏈ ᎢᎬᏱ ᎤᎴᏗᏱ ᎤᏚᎵᏍᎩ, ᎥᏝ ᏱᏙᎦᏓᏂᎸᎦ.
10. ᎾᏍᎩ ᎢᏳᏍᏗ ᎢᏳᏃ ᏫᏯᎩᎷᏨ ᏓᎦᏅᏓᏗ ᏚᎸᏫᏍᏓᏁᎲᎢ, ᎾᏍᎩ ᎤᏲ ᎦᏬᏂᏍᎬᎬᏗ ᏦᎦᏡᏗᎭ, ᎠᎴ ᎥᏝ ᎾᏍᎩᏉ ᏰᎵ ᏳᏰᎸᎭ, ᎥᏝᏰᏃ ᏂᏓᏓᏂᎸᎬᎾᏉ ᎤᏩᏒ ᏱᎩ ᎠᎾᏓᏅᏟ, ᎾᏍᏉᏍᎩᏂ ᏕᎦᏅᏍᏓᏕᎭ ᏗᎬᏩᎾᏓᏂᎸᎢᏍᏗ ᏥᎨᏒᎢ, ᎠᎴ ᏕᎦᏄᎪᏫᏍᎦ ᏧᎾᏁᎶᏗ ᎤᏁᏓᏡᎬ.
11. ᎬᎨᏳᎢ, ᏞᏍᏗ ᎤᏐᏅ ᎨᏒ ᏱᏣᏍᏓᏩᏛᏎᏍᏗ, ᎣᏍᏛᏍᎩᏂ ᎨᏒ ᎯᏍᏓᏩᏕᎨᏍᏗ. ᎣᏍᏛ ᏧᎸᏫᏍᏓᏁᎯ ᎾᏍᎩ ᎤᏁᎳᏅᎯ ᏅᏓᏳᏓᎴᏅᎯ; ᎤᏲᏍᎩᏂ ᏧᎸᏫᏍᏓᏁᎯ ᎾᏍᎩ ᎥᏝ ᎤᏁᎳᏅᎯ ᎤᎪᎲᎯ ᏱᎩ.
12. ᏗᎻᏟᏯ ᎾᏂᎥᏉ ᎣᏏᏳ ᎬᏩᏃᎮᎭ, ᎠᎴ ᎾᏍᏉ ᏚᏳᎪᏛ ᎨᏒ ᎣᏏᏳ ᎤᏃᎮᎭ, ᎠᎴ ᎾᏍᏉ ᎠᏴ ᎣᏥᏃᎮᎭ, ᎠᎴ ᎢᏥᎦᏔᎭ ᎣᏥᏃᎮᏍᎬ ᏚᏳᎪᏛ ᎨᏒᎢ.
13. ᎤᏣᏗ ᎢᏳᏓᎴᎩ ᎠᏉᏪᎶᏗ ᎠᎩᎲᎩ, ᎠᏎᏃ ᎥᏝ ᏗᎪᏪᎶᏗ ᏱᏙᏓᎬᏔᏂ Ꮎ ᏴᏓᎬᏲᏪᎳᏁᎵ;
14. ᎠᏎᏃ ᎤᏚᎩ ᎠᏋᎭ ᏞᎩᏳ ᎬᎪᏩᏛᏗᏱ, ᎠᎴ ᎿᎭᏉ ᏗᏂᎰᎵ ᏗᎩᏅᏙᏗᏱ ᎩᎾᎵᏃᎮᏗᏱ. ᏅᏩᏙᎯᏯᏛ ᏂᏣᏛᎢᏕᎨᏍᏗ. ᎢᎦᎵᎢ ᏫᎨᏣᏲᎵᎭ. ᎦᎾᏙᎠᏗᏒ ᎩᏲᎵᎸᎭ ᎢᎦᎵᎢ.

== Jude 1 ==
1. ᎠᏴ ᏧᏓᏏ, ᏥᏌ ᎦᎶᏁᏛ ᎠᎩᏅᏏᏓᏍᏗ ᎠᎴ ᏥᎻ ᏦᏍᏓᏓᏅᏟ, ᏫᏨᏲᎵᎦ ᏂᎯ ᏂᏥᏍᎦᏅᎾ ᎢᏨᏁᎸᎯ ᎤᏁᎳᏅᎯ ᎠᎦᏴᏎᎨᎢ, ᎠᎴ ᏥᏌ ᎦᎶᏁᏛ ᎢᏳᏩᏂᏌᏛ ᎡᏥᏍᏆᏂᎪᏔᏅᎯ, ᎠᎴ ᎡᏥᏯᏅᏛ ᎢᏣᏓᏅᏘ ᎢᏣᎵᏍᏙᏗᏱ;
2. ᎤᏓᏙᎵᏍᏗ ᎨᏒ ᎠᎴ ᏅᏩᏙᎯᏯᏛ ᎠᎴ ᎠᏓᎨᏳᏗ ᎨᏒ ᎡᏥᏁᏉᎡᏗ ᎨᏎᏍᏗ.
3. ᎢᏨᎨᏳᎢ, ᎢᏳᏃ ᎠᏆᏟᏂᎬᏁᎸ ᏫᏨᏲᏪᎳᏁᏗᏱ ᏂᎦᏗᏳᏉ ᎢᎦᏤᎵ ᎢᎦᎵᏍᏕᎸᏙᏗ ᎤᎬᏩᎵ, ᎤᏚᎸᏗ ᎾᏆᎵᏍᏓᏁᎸᎩ ᏫᏨᏲᏪᏔᏁᎲ ᎢᏨᏍᏗᏰᏙᏗᏱ, ᎾᏍᎩ ᎤᎵᏂᎩᏛ ᎢᏣᏗᏒᏎᏗᏱ ᎪᎯᏳᏗ ᎨᏒ ᎾᏍᎩ ᎦᏳᎳ ᏗᎨᏥᏲᎯᏎᎸᎯ ᏥᎩ ᎤᎾᏓᏅᏘ.
4. ᎩᎶᏰᏃ ᎢᏳᎾᏍᏗ ᎠᏂᏍᎦᏯ ᎤᏕᎵᏛ ᎤᏂᏴᎸᎯ ᎢᎩ ᎾᏍᎩ ᎢᎸᎯᏳ ᏅᏓᎬᏩᏓᎴᏅᏛ ᏗᎨᎪᎥᎯ ᏥᎩ ᎾᏍᎩ ᎢᏳᏍᏗ ᏗᎨᎫᎪᏓᏁᏗᏱ; ᎤᏁᎳᏅᎯ ᏂᏚᎾᏁᎶᏛᎾ ᎠᏂᏍᎦᏯ, ᎬᏩᎦᏘᏯ ᎤᏓᏙᎵᏍᏗ ᎨᏒ ᎤᏁᎳᏅᎯ ᎠᏂᏁᏟᏴᏍᎩ ᎾᎵᏏᎾᎯᏍᏛᎾ ᎠᎴᏂᏓᏍᏗ ᎨᏒ ᎢᏯᏅᏁᎯ, ᎠᎴ ᎠᎾᏓᏱᎯ ᎤᏩᏒᎯᏳ ᎤᎬᏫᏳᎯ ᎤᏁᎳᏅᎯ, ᎠᎴ ᎢᎦᏤᎵ ᎤᎬᏫᏳᎯ ᏥᏌ ᎦᎶᏁᏛ.
5. ᎾᏍᎩ ᎢᏳᏍᏗ ᎠᏆᏚᎵᎭ ᎢᏨᏯᏅᏓᏗᏍᏙᏗᏱ ᎾᏍᎩ ᎯᎠ ᎦᏳᎳ ᏥᏥᎦᏔᎭ, ᎾᏍᎩ Ꮎ ᎤᎬᏫᏳᎯ ᏥᏚᏭᏓᏓᏎ ᏴᏫ ᎢᏥᏈᏱ ᎦᏓ ᎠᎲ, ᎣᏂ ᏥᏚᏛᏔᏁ ᎾᏍᎩ Ꮎ ᏄᏃᎯᏳᏅᎾ.
6. ᎠᎴ ᏗᏂᎧᎿᎭᏩᏗᏙᎯ ᏄᏂᏍᏆᏂᎪᏔᏅᎾ ᏥᎨᏎ ᏄᏂᎬᏫᏳᏌᏕᎩ ᏂᎨᎬᏁᎸ ᏧᏅᏕᏤᏉᏍᎩᏂ ᎤᎾᏤᎵᎪᎯ ᎠᏁᎲᎢ, ᏧᏓᏕᏒᏛ ᏗᎬᏩᏲᎢᏍᏗ ᏂᎨᏒᎾ ᏕᎨᎦᎸᏍᏗ ᎤᎵᏏᎬᎢ, ᎦᎸᏉᏗᏳ ᏗᎫᎪᏙᏗᏱ ᎢᎦ ᎠᏍᏆᎸᎲ ᎬᏗᏍᎩ.
7. ᎠᎴ ᎾᏍᏉ ᏐᏓᎻ ᎠᎴ ᎪᎹᎵ, ᎠᎴ ᎾᏍᎩ Ꮎ ᎾᎥ ᏥᏕᎦᏚᎮᎢ, ᎾᏍᎩᏯ ᎾᎾᏛᏁᎮ ᏓᎾᏓᏲᏍᎨ ᎤᏕᎵᏛ ᏗᏂᏏᏗ ᎨᏒ ᏧᏂᎸᏫᏍᏓᏁᏗᏱ, ᎠᎴ ᎠᏂᏍᏓᏩᏗᏙᎮ ᎤᏇᏓᎵ ᎠᏍᏓᏳᏛᏍᏗ ᎤᏇᏓᎵ ᏂᎨᏒᎾ ᎨᏒᎢ, ᎠᏓᏕᏯᏔᎲᏍᎩ ᏂᎨᎬᏁᎴᎢ ᎠᏂᎩᎵᏲᎨ ᎤᏂᏍᏛᏗᏍᏗ ᎨᏒ ᎬᏠᏍᎩ ᏂᎨᏒᎾ ᎠᏥᎸᏱ.
8. ᎾᏍᎩᏯ ᎾᏍᏉ ᎯᎠ ᎠᎾᏍᎩᏓᏒᎥᏍᎩ ᎦᏓᎭ ᎾᏅᏁᎭ ᎤᏂᏇᏓᎸᎢ, ᏗᏂᏍᎦᎩ ᏄᏂᎬᏫᏳᏌᏕᎩ, ᎠᎴ ᏗᎬᏩᏂᏐᏢᏗ ᎨᏥᎸᏉᏗ.
9. ᏑᏱᎩᎵᏍᎩᏂ ᏄᎬᏫᏳᏌᏕᎩ ᏗᎧᎿᎭᏩᏗᏙᎯ ᎠᏍᎩᎾ ᎤᎾᏗᏒᎸ, ᎤᎾᏗᏒᎸ ᎠᏂᏬᏂᏍᎬ ᎼᏏ ᎠᏰᎸᎢ, ᎹᏱᎩᎵ ᎥᏝ ᎪᎱᏍᏗ ᎤᏐᏅ ᏳᎳᏫᏎᎴᎢ, ᎯᎠᏉᏍᎩᏂ ᏄᏪᏎᎢ, ᎤᎬᏫᏳᎯ ᏫᏣᏍᎦᎩ.
10. ᎯᎠᏍᎩᏂ ᎤᏐᏅ ᎠᏂᏃᎮᎭ ᎾᏍᎩ ᎾᏂᎦᏔᎲᎾ; ᎾᏍᎩᏍᎩᏂ ᎤᏅᏒ ᎨᏒ ᏥᎾᎦᏔᎭ, ᎾᏍᎩᏯ ᎦᎪᎵᏍᏗᏉ ᏣᏁᎿᎭᎠ ᎠᏂᎦᏔᎲᎢ, ᎾᏍᎩ ᎾᎿᎭᎤᏲ ᎾᎾᏓᏛᏁᎭ.
11. ᎤᏲ ᏫᏄᎾᎵᏍᏓᏏ! ᎨᎾᏰᏃ ᎤᏅᏅ ᎤᏂᏍᏓᏩᏕᏅ, ᎠᎴ ᎨᎦᎫᏴᏓᏁᏗ ᎤᎾᏚᎵᏍᎬ ᎤᏂᎬᎥᏍᎬ ᎤᏂᎨᎮᎾ ᏇᎳᎻ ᎤᎵᏓᏍᏔᏅ, ᎠᎴ ᎨᏥᏛᏔᏅ, ᏚᏂᎦᏘᎸᏒ ᎪᎵ ᏧᎦᏘᎸᏛ ᎨᏒᎢ.
12. ᎯᎠ ᎾᏍᎩ ᏅᏲᎯ ᏚᏓᏓᎳ ᏗᏣᏁᎶᏗ ᏕᏣᎵᏍᏓᏴᎲᏍᎬᎢ, ᎾᎯᏳ ᎢᏧᎳᏕᏣᎵᏍᏓᏴᎲᎦ ᎾᏂᎾᏰᏍᎬᎾ ᎠᎾᎵᏍᏓᏴᎲᏍᎪᎢ; ᏚᎶᎩᎸ ᎠᎹ ᏂᏚᏁᎲᎾ, ᎤᏃᎴ ᏧᏱᎴᎪᎢ; ᏕᏡᎬ ᏧᎳᏍᏚᏬᎠᏔᎯ, ᎪᎱᏍᏗ ᏄᎾᏓᏓᏁᎲᎾ, ᏔᎵ ᎢᏳᏩᎫᏗ ᎤᏩᏴᏒᎯ ᏥᎨᏐᎢ, ᏗᏰᎯᏛ ᏗᎧᎾᏍᏕᏢᏔᏅᎯ ᏥᎨᏐᎢ.
13. ᎠᎺᏉᎯ ᎤᎿᎭᎸᎯ ᏗᎵᏍᏗᎳᏁᎩ, ᎤᏅᏒ ᎤᎾᏕᎰᎯᏍᏗᏍᎩ ᎠᏂᎾᏄᎪᏫᏍᎩ; ᏃᏈᏏ ᎤᏂᏅᏅ ᎤᎾᏞᏛ, ᎾᏍᎩ ᎤᏣᏘ ᎬᎿᎭᎨ ᎤᎵᏏᎬ ᏥᎨᎦᏛᏅᎢᏍᏓᏁᎸ ᎤᎵᏍᏆᏗᏍᏗ ᏂᎨᏒᎾ.
14. ᎠᎴ ᎢᎾᎩ, ᎠᏓᏫ ᎤᏕᏅ ᎦᎵᏉᎩᏁ ᏪᎯ, ᎾᏍᏉ ᎠᏙᎴᎰᏍᎬ ᎯᎠ ᎾᏍᎩ ᏚᏁᎢᏍᏔᏁ ᎯᎠ ᏄᏪᏎᎢ, ᎬᏂᏳᏉ, ᎤᎬᏫᏳᎯ ᏓᎦᎷᏥ ᏓᏘᏁᎮᏍᏗ ᎠᏍᎪ ᎢᏯᎦᏴᎵ ᏧᏙᎵ ᎤᎾᏓᏅᏘ,
15. ᏧᏭᎪᏓᏁᏗᏱ ᎾᏂᎥᎢ, ᎠᎴ ᏧᎬᏍᎪᎸᏗᏱ ᎾᏂᎥ ᎤᏁᎳᏅᎯ ᏂᏚᎾᏁᎶᏛᎾ ᏅᏗᎦᎵᏍᏙᏗᏍᎬ ᏂᎦᎥ ᎤᏣᏘᏂ ᏗᎦᎸᏫᏍᏓᏁᏗ ᏚᏂᎸᏫᏍᏓᏁᎸᎢ, ᎠᎴ ᏂᎦᎥ ᏂᏚᏳᎪᏛᎾ ᏄᏂᏪᏒ ᎤᏁᎳᏅᎯ ᏂᏚᎾᏁᎶᏛᎾ ᎾᏍᎩ ᎬᏩᏡᏗᏍᎬᎢ.
16. ᎯᎠ ᎾᏍᎩ ᎤᏂᎪᏁᎶᎯᏌᏘ, ᎤᏁᎵᎯᏍᎩ, ᎤᏅᏒ ᎤᎾᏚᎸᏅᎥᏍᎬ ᎠᏂᏍᏓᏩᏕᎩ; ᏗᏂᎰᎵᏃ ᏓᏅᏗᏍᎪ ᎤᏣᏘ ᎠᏢᏈᏍᏗ ᎠᏂᏬᏂᏍᎪᎢ, ᏴᏫ ᏚᎾᎧᏛ ᏓᏂᎸᏉᏗᏍᎪ ᎣᏍᏛ ᎢᎬᏩᎾᎵᏍᏓᏁᏗ ᎤᏚᎩ ᎤᏅᏒ ᎢᏳᏍᏗ.
17. ᎠᏎᏃ, ᎢᏨᎨᏳᎢ, ᎢᏣᏅᏓᏓ ᎧᏃᎮᏛ ᎢᎸᎯᏳ ᎤᏂᏃᎮᏛ ᎨᏥᏅᏏᏛ ᎤᎬᏫᏳᎯ ᎢᎦᏤᎵ ᏥᏌ ᎦᎶᏁᏛ ᏧᏤᎵᎦ;
18. ᎾᏍᎩ ᎯᎠ ᏥᏄᏂᏪᏒᎩ, ᎤᎵᏍᏆᎸᏗ ᎨᏎᏍᏗ ᎠᏁᎮᏍᏗ ᎠᏂᏐᏢᎢᏍᏗᏍᎩ, ᎾᏍᎩ ᎤᏅᏒ ᎤᎾᏚᎸᏅᎥᏍᎬ ᏂᏚᏳᎪᏛᎾ ᎠᏂᏍᏓᏩᏕᎩ.
19. ᎯᎠ ᎾᏍᎩ Ꮎ ᎠᎾᏓᏓᎴᏗᏍᎩ ᏥᎩ, ᎤᏇᏓᎵᏉ ᎠᏂᏍᏓᏩᏕᎩ, ᎠᏓᏅᏙ ᏄᏁᎲᎾ.
20. ᏂᎯᏍᎩᏂ ᎢᏨᎨᏳᎢ, ᎤᏣᏘ ᎦᎸᏉᏗᏳ ᎢᏦᎯᏳᏒ ᎢᏣᎵᎫᏍᏛᏗᏍᎬᎢ, ᏓᎸᏉᏗᏳ ᎠᏓᏅᏙ ᎬᏗ ᎢᏣᏙᎵᏍᏗᏍᎬᎢ,
21. ᎤᏁᎳᏅᎯ ᎡᏥᎨᏳᎢᏳ ᎨᏒ ᏕᏥᏂᏴᏎᏍᏗ, ᎢᏥᎦᏖᏃᎮᏍᏗ ᎢᎦᏤᎵ ᎤᎬᏫᏳᎯ ᏥᏌ ᎦᎶᏁᏛ ᎤᏓᏙᎵᏍᏗ ᎨᏒ ᎬᏂᏛ ᎠᏓᏁᎯ ᏥᎩ.
22. ᎢᎦᏛᏃ ᏕᏥᏙᏓᎨᏍᏗ, ᏧᏓᎴᏅᏛ ᏂᏕᏣᏛᏁᎮᏍᏗ;
23. ᎠᏂᏐᎢᏃ ᎨᏥᎾᏰᏍᎩ ᏕᏥᏍᏕᎵᏍᎨᏍᏗ, ᏕᏨᏕᎨᏍᏗ ᎠᏥᎸᏱ; ᎢᏥᏂᏆᏘᎮᏍᏗ ᎠᏄᏬ ᎤᏇᏓᎸ ᎠᏚᏯᏍᏙᏔᏅᎯ.
24. ᎿᎭᏉᏃ ᎾᏍᎩ Ꮎ ᏰᎵᏉ ᎬᏩᏲᏍᏙᏙᏗ ᏥᎩ ᏗᏥᏅᎢᏍᏗᏱ, ᎠᎴ ᎬᏂᎨᏒ ᎢᎨᏨᏁᏗ ᏥᎩ ᎤᏣᏘ ᎤᎵᎮᎵᏍᏗ ᎢᏣᏓᏅᏛᎢ ᎪᎱᏍᏗ ᏁᏥᎳᏫᏎᎲᎾ ᎢᎬᏱᏗᏢ ᏓᎧᏅ ᎦᎸᏉᏗᏳ ᎨᏒᎢ,
25. ᎾᏍᎩ ᎤᏩᏒᎯ ᎠᎦᏔᎾᎢ ᏥᎩ ᎤᏁᎳᏅᎯ ᎢᎩᏍᏕᎵᏍᎩ, ᎦᎸᏉᏙᏗ ᎨᏎᏍᏗ, ᎠᎴ ᎦᎸᏉᏗᏳ ᎨᏎᏍᏗ, ᏄᎬᏫᏳᏌᏕᎩ ᎨᏎᏍᏗ, ᎠᎴ ᎤᎵᏂᎩᏗᏳ ᎨᏎᏍᏗ, ᎪᎯ ᎨᏒ ᎠᎴ ᎤᎵᏍᏆᏗᏍᏗ ᏂᎨᏒᎾ. ᎡᎺᏅ.

== Revelation of John 1 ==
1. ᏥᏌ ᎦᎶᏁᏛ ᎤᎾᏄᎪᏫᏒᎯ, ᎾᏍᎩ ᎤᏁᎳᏅᎯ ᏧᏲᎯᏎᎸᎯ, ᎬᏂᎨᏒ ᎢᏧᏩᏁᏗᏱ ᏧᏅᏏᏓᏍᏗ ᏧᏓᎴᏅᏛ ᏂᎪᎯᎸᏉ ᎢᏳᎵᏍᏔᏂᏓᏍᏗ ᎨᏒᎢ; ᎠᎴ ᏧᎨᏅᏛ ᎤᏤᎵ ᏗᎧᎿᎭᏩᏗᏙᎯ ᎬᏂᎨᏒ ᎢᏳᏩᏁᏗᏱ ᎤᏅᏏᏓᏍᏗ ᏣᏂ;
2. ᎾᏍᎩ Ꮎ ᏧᏃᎮᎴ ᎧᏃᎮᏛ ᎤᏁᎳᏅᎯ ᎤᏤᎵᎦ, ᎠᎴ ᏥᏌ ᎦᎶᏁᏛ ᎤᏃᎮᎸᎯ, ᎾᏍᎩ ᏂᎦᏗᏳ ᏧᏓᎴᏅᏛ ᎤᎪᎲᎢ.
3. ᎣᏏᏳ ᎢᏳᎵᏍᏓᏁᏗ ᎠᎪᎵᏰᏍᎩ, ᎠᎴ ᎾᏍᎩ ᎠᎾᏛᎩᏍᎩ ᎧᏃᎮᏛ ᎯᎠ ᎾᏍᎩ ᎠᏙᎴᎰᏒᎯ, ᎠᎴ ᎠᏂᏍᏆᏂᎪᏗᏍᎩ ᎾᏍᎩ Ꮎ ᏧᏓᎴᏅᏛ ᎾᎿᎭᎪᏪᎸᎢ; ᎤᏍᏆᎸᎯᏗᏰᏃ.
4. ᎠᏴ ᏣᏂ ᏫᏨᏲᏪᎳᏏ ᏗᏣᏁᎶᏗ ᎦᎵᏉᎩ ᏂᏣᏓᏡᎬ ᎡᏏᏱ; ᎬᏩᎦᏘᏯ ᎤᏓᏙᎵᏍᏗ ᎨᏒ ᎠᎴ ᏅᏩᏙᎯᏯᏛ ᎢᏤᎳᏗᏙᎮᏍᏗ ᏅᏓᏳᎾᎵᏍᎪᎸᏔᏅᎯ ᎾᏍᎩ Ꮎ ᏤᎭ, ᎠᎴ ᏤᎲᎩ, ᎠᎴ ᏤᎮᏍᏗ; ᎠᎴ ᏅᏓᏳᎾᎵᏍᎪᎸᏔᏅᎯ ᎦᎵᏉᎩ ᏗᏓᏅᏙ ᎾᏍᎩ ᎤᏪᏍᎩᎸ ᎢᎬᏱᏗᏢ ᏣᏁᎭ;
5. ᎠᎴ ᏅᏓᏳᎵᏍᎪᎸᏔᏅᎯ ᏥᏌ ᎦᎶᏁᏛ ᎦᏰᎪᎩ ᏂᎨᏒᎾ ᎧᏃᎮᏍᎩ, ᎠᎴ ᏗᏓᎴᏅᏗᏍᎩ ᎠᏲᎱᏒ ᏗᎴᎯᏐᏗ ᎨᏒᎢ, ᎠᎴ ᎤᎬᏫᏳᎯ ᎡᎶᎯ ᎠᏁᎯ ᎤᏂᎬᏫᏳᎯ ᎤᎾᏤᎵᎦ. ᎾᏍᎩ ᎢᎩᎨᏳᎯ ᏥᎨᏒᎩ ᎠᎴ ᎤᏩᏒ ᎤᎩᎬ ᎢᎪᏑᎴᏔᏅᎯ ᎢᎩᏅᎦᎸᏛ ᎢᎩᏍᎦᏅᏨᎢ,
6. ᎠᎴ ᎢᎩᎬᏫᏳᎯ ᎠᎴ ᎠᏥᎸ-ᎢᏕᎶᎯ ᎢᎬᏁᎸᎯ ᏥᎩ ᎤᏁᎳᏅᎯ ᎾᏍᎩ ᎤᏙᏓ ᏧᏤᎵᎦ; ᎾᏍᎩ ᎦᎸᏉᏗᏳ ᎠᎴ ᎤᎵᏂᎩᏗᏳ ᎠᎪᏎᎮᏍᏗ ᎤᎵᏍᏆᏗᏍᏗ ᏂᎨᏒᎾ. ᎡᎺᏅ.
7. ᎬᏂᏳᏉ ᏓᎦᎷᏥ ᎤᎶᎩᎸᎢ, ᎠᎴ ᏂᎦᏗᏳ ᏓᎬᏩᎪᎯ ᎠᎴ ᎾᏍᏉ ᏗᎬᏪᏘᎸᎯ; ᏂᎦᏗᏳᏃ ᏧᎾᏓᎴᏅᏛ ᏴᏫ ᎡᎶᎯ ᎠᏁᎯ ᏙᏛᎾᏠᏱᎵ ᎾᏍᎩ ᎨᏒ ᏅᏗᎦᎵᏍᏙᏗᏍᎨᏍᏗ. ᎰᏩᏉ. ᎡᎺᏅ.
8. ᎠᏴ ᎡᎵᏆ ᎠᎴ ᎣᎻᎦ, ᏗᏓᎴᏅᏗᏍᎩ ᎠᎴ ᎠᏍᏆᏗᏍᏗᏍᎩ, ᎠᏗᎭ ᎤᎬᏫᏳᎯ ᎾᏍᎩ ᏤᎭ, ᎠᎴ ᏤᎲᎩ, ᎠᎴ ᏤᎮᏍᏗ, ᏫᎾᏍᏛᎾ ᎤᎵᏂᎩᏛ ᏥᎩ.
9. ᎠᏴ ᏣᏂ, ᎢᏓᎵᏅᏟ ᎾᏍᏉ ᏥᎩ, ᎠᎴ ᎢᎦᎵᎪ ᏩᏕᎩ ᎢᏗᎩᎵᏲᏥᏙᎲᎢ, ᎠᎴ ᏥᏌ ᎦᎶᏁᏛ ᎤᏤᎵᎪᎯ ᎢᏖᎸᎢ, ᎠᎴ ᎬᏂᏗᏳ ᎨᏒ ᎾᏍᎩ ᎤᏤᎵᎦ, ᎠᏴ ᎨᏙᎲᎩ ᎠᎹᏰᎵ ᏆᏗᎹ ᏥᏚᏙᎥ, ᎧᏃᎮᏛ ᎤᏁᎳᏅᎯ ᎤᏤᎵᎦ ᎠᎩᏍᏛᏗᏍᎬᎩ, ᎠᎴ ᏥᏌ ᎦᎶᏁᏛ ᏥᏃᎮᏍᎬ ᎢᏳᏍᏗ.
10. ᎠᏓᏅᏙ ᎠᏆᏘᏂᏙᎲᎩ ᎤᎬᏫᏳᎯ ᎤᏤᎵ ᎢᎦ ᎨᏒᎢ, ᎠᏆᏛᎦᏅᎩᏃ ᎠᏆᏐᎭᏛ ᎢᏗᏢ ᎠᏍᏓᏯ ᎧᏁᎬ ᎾᏍᎩᏯ ᎠᏤᎷᎩ ᏧᏃᏴᎪᎢ,
11. ᎯᎠ ᏂᎦᏪᏍᎬᎩ, ᎠᏴ ᎡᎵᏆ ᎠᎴ ᎣᎻᎦ, ᎢᎬᏱᏱ ᎨᏒ ᎠᎴ ᎤᎵᏍᏆᎸᏗ ᎨᏒᎢ; ᎠᎴ ᏄᏍᏛ ᎯᎪᏩᏘᏍᎬ ᎰᏪᎸᎦ ᎪᏪᎵᎯ ᎠᎴ ᏫᎩᏅᎥᏏ ᏧᎾᏁᎶᏗ ᎦᎵᏉᎩ ᏄᎾᏓᏡᎬ ᎡᏏᏱ, ᏫᎩᏅᎥᏏ ᎡᏈᏌ ᎠᏁᎯ, ᎠᎴ ᏑᎹᏂ, ᎠᎴ ᏆᎩᎹ, ᎠᎴ ᏓᏱᏓᎵ, ᎠᎴ ᏌᏗᏏ, ᎠᎴ ᏈᎵᏕᎵᏈ, ᎠᎴ ᎴᎣᏗᏏᏯ.
12. ᎠᏆᎦᏔᎲᏒᎩᏃ ᏥᎪᏩᏛᏗᏱ ᎠᎩᏰᎸᏅᎩ ᎤᏪᎷᎩ, ᎾᏍᎩ ᎠᏆᎵᏃᎮᏗᏍᎩ. ᎠᏆᎦᏔᎲᏒᏃ ᏓᎩᎪᎲᎩ ᎦᎵᏉᎩ ᏗᏨᏍᏙᏗ ᏗᎦᎪᏙᏗ ᎠᏕᎸ ᏓᎶᏂᎨ ᏗᎪᏢᏔᏅᎯ;
13. ᎠᏰᎵᏃ ᏕᎦᎧᎲ ᎦᎵᏉᎩ ᏗᏨᏍᏙᏗ ᏗᎦᎪᏙᏗ [ᎦᏙᎬᎩ] ᎩᎶᎢ ᏴᏫ ᎤᏪᏥ ᎾᏍᎩᏯᎢ, ᎤᏄᏩᎥᎩ ᏧᎳᏏᏕᏂ ᏂᏚᎸᎩ, ᎠᏓᏠᏍᏗᏃ ᎠᏕᎸ ᏓᎶᏂᎨ ᎪᏢᏔᏅᎯ ᎤᏓᏠᎲᎩ ᏗᎦᏅᏗᏱ ᏧᏳᎪᏗ.
14. ᎠᏍᎪᎵ ᎠᎴ ᎤᏍᏗᏰᎬ ᎤᏁᎩᏳ ᎨᏒᎩ ᎤᏩᏅ ᎾᏍᎩᏯᎢ, ᎥᏃᏥ ᏥᏄᏁᎩᏴ ᏄᏁᎩᏴᎩ; ᏗᎦᏙᎵᏃ ᎠᏥᎸ ᎠᏓᏪᎵᎩᏍᎩ ᎾᏍᎩᏯ ᎨᏒᎩ;
15. ᏧᎳᏏᏕᏂᏃ ᏗᎬᏩᏔᎷᎩᏍᎩ ᎥᏣᏱ ᎾᏍᎩᏯ ᎨᏒᎩ, ᎠᏥᎸᏱ ᎬᏔᏅᎯ ᎣᏍᏛ ᎢᎬᏁᎸᎯ ᎾᏍᎩᏯᎢ; ᎧᏁᎬᏃ ᎤᏣᏘ ᎠᎹ ᏥᏚᏍᏆᏃᏴᎪ ᎾᏍᎩᏯ ᎨᏒᎩ.
16. ᎠᎦᏘᏏᏗᏢᏃ ᎤᏬᏰᏂ ᎦᎵᏉᎩ ᏃᏈᏏ ᏚᏒᎦᎸᎩ; ᎠᎰᎵᏃ ᏓᏳᎦᏌᏛᎩ ᎠᏰᎳᏍᏗ-ᎦᏅᎯᏛ ᎢᏧᎳᏗᏢ ᏗᎪᏍᏓᏯ; ᎤᎧᏛᏃ ᏅᏙ ᎢᎦ-ᎡᎯ ᎤᎵᏂᎩᏛ ᏣᎦᎵᏍᎪ ᎾᏍᎩᏯ ᎨᏒᎩ.
17. ᏥᎪᎥᏃ ᏚᎳᏍᎬ ᎠᎩᏅᏨᎩ ᎠᎩᏲᎱᏒᎯ ᎢᎦᎦᏛ. ᎠᎦᏘᏏᏗᏢᏃ ᎤᏬᏰᏂ ᎠᏆᏏᏔᏗᏍᏔᏅᎩ, ᎯᎠ ᎾᎩᏪᏎᎸᎩ, ᏞᏍᏗ ᏱᏍᎦᎢᎮᏍᏗ, ᎠᏴ ᎾᏍᎩ Ꮎ ᎢᎬᏱᏱ, ᎠᎴ ᎤᎵᏍᏆᎸᏗ ᏥᎩ.
18. ᎠᏴ ᎬᏃᏛ ᎠᎩᏲᎱᏒᎯ ᏥᎨᏒᎩ; ᎠᎴ ᎬᏂᏳᏉ ᎬᏃᏛ ᎨᏎᏍᏗ ᎾᎵᏍᏆᏗᏍᎬᎾ, ᎡᎺᏅ; ᎠᎴ ᏗᏍᏚᎢᏍᏗ ᏨᏍᎩᏃ ᎠᎴ ᎠᏲᎱᎯᏍᏗ ᎨᏒ ᏕᏥᏁᎠ.
19. ᎰᏪᎸᎦ ᎾᏍᎩ Ꮎ ᏥᎪᏩᏛ, ᎠᎴ ᎪᎯ ᎨᏒ ᏄᏍᏗᏕᎬᎢ, ᎠᎴ ᎣᏂ ᎢᏳᎵᏍᏔᏂᏓᏍᏗ ᎨᏒᎢ.
20. ᎾᏍᎩ ᎤᏕᎵᏛ ᎨᏒ ᎦᎵᏉᎩ ᏃᏈᏏ ᏥᏕᏣᎪᎲᎩ ᏥᎦᏘᏏᏗᏢ ᎠᏉᏰᏂ ᏥᏓᏆᏒᎦᎸᎩ, ᎠᎴ ᎦᎵᏉᎩ ᏗᏨᏍᏙᏗ ᏗᎦᎪᏙᏗ ᎠᏕᎸ ᏓᎶᏂᎨ ᏗᎪᏢᏔᏅᎯ. ᎾᏍᎩ Ꮎ ᎦᎵᏉᎩ ᏃᏈᏏ ᏗᏂᎧᎿᎭᏩᏗᏙᎯ ᎦᎵᏉᎩ ᏄᎾᏓᏡᎬ ᏧᎾᏁᎶᏗ ᎨᏥᏛᎦ; ᎾᏃ ᎦᎵᏉᎩ ᏗᏨᏍᏙᏗ ᏗᎦᎪᏙᏗᏱ ᏥᏕᏣᎪᎲᎩ, ᎾᏍᎩ ᎦᎵᏉᎩ ᏄᎾᏓᏡᎬ ᏧᎾᏁᎶᏗ ᎦᏛᎦ.

== Revelation of John 2 ==
1. ᎡᏈᏌ ᏧᎾᏁᎶᏗ ᎤᎾᏓᏡᎬ ᏗᎧᎿᎭᏩᏗᏙᎯ ᏫᏲᏪᎳᏏ ᎯᎠ ᎾᏍᎩ ᏫᏂᏪᏏ ᎠᏗᎭ ᎾᏍᎩ Ꮎ ᎦᎵᏉᎩ ᏃᏈᏏ ᎠᎦᏘᏏᏗᏢ ᎤᏬᏰᏂ ᏥᏚᏒᎦᎳ, ᎾᏍᎩ Ꮎ ᏤᏙᎭ ᎠᏰᎵ ᏕᎦᎧᎲ ᎦᎵᏉᎩ ᏗᏨᏙᏍᏗ ᏗᎦᎪᏙᏗᏱ ᎠᏕᎸ ᏓᎶᏂᎨ ᏗᎪᏢᏔᏅᎯ.
2. ᏥᎦᏔᎭ ᏄᏍᏛ ᏕᏣᎸᏫᏍᏓᏁᎲᎢ, ᎠᎴ ᎯᎩᎵᏲᎬᎢ, ᎠᎴ ᎲᏂᏗᏳ ᎨᏒᎢ, ᎠᎴ ᎤᏁᎳᎩ ᏗᎦᎮᎵᏎᏗ ᏂᎨᏒᎾ ᎨᏒ ᎾᏍᎩ Ꮎ ᎤᏂᏲ ᏥᎩ; ᎠᎴ ᏘᎪᎵᏰᎥᎯ ᎢᎩ ᎾᏍᎩ ᎣᎩᏅᏏᏛ ᏣᎾᏗᎭ ᎾᏍᎩᏃ ᏄᏍᏛᎾ ᎨᏒᎢ, ᎠᎴ ᏣᏙᎴᎰᏒ ᎠᏂᏰᎪᎩ ᎨᏒᎢ;
3. ᎠᎴ ᎤᏁᎳᎩ ᏤᎵᏎᏅ, ᎠᎴ ᎲᏂᏗᏳ ᎨᏒᎩ, ᎠᎴ ᏓᏆᏙᎥ ᏅᏧᎵᏍᏙᏔᏅ ᎯᎩᎵᏲᎬᎩ, ᎠᎴ ᎥᏝ ᏱᏗᏣᏯᏪᏤᎢ.
4. ᎠᏎᏃ ᎪᎱᏍᏗ ᎢᎬᏰᎵᏎᎭ, ᏅᏗᎦᎵᏍᏙᏗᎭ ᎢᎬᏱᏱ ᏍᎩᎨᏳᎯᏳ ᏄᎵᏍᏔᏅ ᏕᏣᏲᏒᎢ.
5. ᎾᏍᎩ ᎢᏳᏍᏗ ᎭᏅᏓᏓ ᎾᎿᎭᏗᏣᎶᎠᏒᎢ, ᎠᎴ ᎯᏁᏟᏴᎾ ᏣᏓᏅᏛᎢ, ᎠᎴ ᎢᎬᏱᏱ ᏗᎦᎸᏫᏍᏓᏁᏗ ᎨᏒ ᏗᏣᎸᏫᏍᏓᏏ; ᎢᏳᏃ ᎾᏍᎩ ᏂᏣᏛᏁᎸᎾ ᎢᎨᏎᏍᏗ, ᏞᎩᏳ ᏓᎬᎷᏤᎵ, ᎠᎴ ᏓᏥᎧᎲᏏ ᎠᏨᏍᏙᏗ ᎦᎪᏙᏗ ᏣᏤᎵᎦ, ᎢᏳᏃ ᏂᏣᏁᏟᏴᏒᎾ ᎢᎨᏎᏍᏗ ᏣᏓᏅᏛᎢ.
6. ᎯᎠᏍᎩᏂᏃᏅ ᏂᎤᏍᏗ ᎢᏣᎭ, ᎾᏍᎩ ᎢᎯᏂᏆᏘᎭ ᏚᏂᎸᏫᏍᏓᏁᎲ ᎠᏂᏂᎦᎴᏓᏂ, ᎾᏍᎩ ᎾᏍᏉ ᎠᏴ ᏥᏥᏂᏆᏘᎭ.
7. ᎩᎶ ᎦᎵᎷᎨᏍᏗ ᏩᏛᎬᎦ ᎠᏓᏅᏙ ᏂᏕᎦᏪᏎᎲ ᎫᎾᏁᎶᏗ ᏚᎾᏓᏡᏩᏗᏒᎢ; ᎩᎶ ᎠᏓᏎᎪᎩᏍᎨᏍᏗ ᏓᏥᏯᎵᏍᎪᎸᏓᏁᎵ ᎤᎵᏍᏓᏴᏙᏗᏱ ᎤᏓᏔᏅᎯ ᏡᎬ ᎬᏂᏛ ᎠᏓᏁᎯ, ᎾᏍᎩ ᎠᏰᎵ ᎤᏁᎳᏅᎯ ᎤᏤᎵ ᎠᏫᏒᏗᏱ ᏥᏡᎦ.
8. ᏑᎹᏂᏃ ᏧᎾᏁᎶᏗ ᎤᎾᏓᏡᎬ ᏗᎧᎿᎭᏩᏗᏙᎯ ᏫᏲᏪᎳᏏ; ᎯᎠ ᎾᏍᎩ ᏫᏂᏪᏏ ᎠᏗᎭ ᎾᏍᎩ Ꮎ ᎢᎬᏱᏱ ᎠᎴ ᎤᎵᏍᏆᎸᏗ, ᎾᏍᎩ Ꮎ ᎤᏲᎱᏒᎯ ᏥᎨᏒ ᎠᎴ ᎾᏍᎩ ᏤᎭ.
9. ᏥᎦᏔᎭ ᏄᏍᏛ ᏕᏣᎸᏫᏍᏓᏁᎲᎢ, ᎠᎴ ᎤᏕᏯᏙᏗ ᏂᏣᎵᏍᏓᏁᎲᎢ, ᎠᎴ ᎤᏲ ᏂᏣᏛᎿᎭᏕᎬᎢ,—ᎠᏎᏃ ᏤᎿᎭᎢᏳ. ᎠᎴ ᏥᎦᏔᎭ ᎾᏍᎩ ᎤᏂᏐᏢᎢᏍᏙᏗ ᎨᏒ ᎣᏥᏧᏏ ᎠᎾᏗᏍᎩ, ᎾᏍᎩᏃ ᏄᏍᏛᎾ ᏥᎩ, ᏎᏓᏂᏉᏍᎩᏂ ᎤᏤᎵ ᏗᎦᎳᏫᎢᏍᏗᏱ ᎠᏁᎳ ᏥᎩ.
10. ᏞᏍᏗ ᏣᏍᎦᎸᎩ ᎾᏍᎩ Ꮎ ᏧᏓᎴᏅᏛ ᏣᎩᎵᏲᎢᏍᏗ ᏥᎩ; ᎬᏂᏳᏉ ᎠᏍᎩᎾ ᏂᎯ ᎢᏣᏓᏡᎬ ᎩᎶ ᏗᏓᏍᏚᏗᏱ ᏙᏓᏥᏴᏔᏂ ᎡᏥᎪᎵᏰᏗᏱ; ᎠᏍᎪᎯᏃ ᏧᏒᎯᏛ ᏓᏥᎩᎵᏲᏥ; ᎤᎵᏂᎩᏛ ᏘᎧᎿᎭᏩᏚᎦ ᎠᏲᎱᎯᏍᏗ ᎨᏒ ᎬᏗᏍᎩ, ᎠᎵᏍᏚᎶᏃ ᎬᏂᏛ ᎠᏓᏁᎯ ᏓᎬᏅᏁᎵ.
11. ᎩᎶ ᎦᎵᎷᎨᏍᏗ, ᏩᏛᎬᎦ ᎠᏓᏅᏙ ᏂᏕᎦᏪᏎᎲ ᏧᎾᏁᎶᏗ ᏚᎾᏓᏡᏩᏗᏒᎢ; ᎩᎶ ᎠᏓᏎᎪᎩᏍᎨᏍᏗ ᏔᎵᏁ ᎠᏲᎱᎯᏍᏗ ᎨᏒ ᎥᏝ ᎪᎱᏍᏗ ᎤᏩᏁᏗ ᏱᎨᏎᏍᏗ.
12. ᏆᎦᎹᏃ ᏧᎾᏁᎶᏗ ᎤᎾᏓᏡᎬ ᏗᎧᎿᎭᏩᏗᏙᎯ ᏫᏲᏪᎳᏏ, ᎯᎠ ᎾᏍᎩ ᏫᏂᏪᏏ ᎠᏗᎭ ᎾᏍᎩ Ꮎ ᎠᏰᎳᏍᏗ-ᎦᏅᎯᏛ ᎢᏧᎳᏗᏢ ᏗᎪᏍᏓᏯ ᏥᎦᏁᎭ.
13. ᏥᎦᏔᎭ ᏄᏍᏛ ᏕᏣᎸᏫᏍᏓᏁᎲᎢ, ᎠᎴ ᎾᎿᎭᎮᎲᎢ, ᎾᎿᎭᏎᏓᏂ ᎤᏪᏘᏱ ᎨᏒᎢ; ᎠᎴ ᎾᏍᎩ ᎠᏍᏓᏱᏳ ᏕᏣᏂᏴᏒ ᏓᏆᏙᎥᎢ, ᎠᎴ ᏂᏣᏓᏱᎸᎾ ᎨᏒ ᎠᏆᏤᎵ ᎪᎯᏳᏗ ᎨᏒᎢ, ᎾᎯᏳᎢ ᎥᏗᏆᏏ ᎤᏓᎵᏓᏍᏗ ᏂᎨᏒᎾ ᎠᎩᏃᎮᏍᎩ ᏄᎵᏍᏔᏅ, ᎾᏍᎩ ᏂᎯ ᎢᏤᎲ ᏣᏥᎸᎩ, ᎾᎿᎭᏎᏓᏂ ᏒᎲᎢ.
14. ᎠᏎᏃ ᎢᎸᏍᎩ ᎢᏳᏓᎴᎩ ᎡᏍᎦ ᎬᏰᎸᎾᎲ ᎢᎩ, ᏅᏗᎦᎵᏍᏙᏗᎭ ᎾᎿᎭᏕᏣᎧᎲ ᏇᎳᎻ ᏓᏕᏲᎲᏍᎬ ᏧᏂᏂᏴᎯ, ᎾᏍᎩ Ꮎ ᏇᎳᎻ ᏇᎳᎩ ᏧᏪᏲᏁ ᎢᎬᏱᏗᏢ ᏧᏁᏗᏱ ᏧᏃᏕᎯᎯ ᎢᏏᎵ ᏧᏪᏥ, ᎾᏍᎩ ᎤᏂᎩᏍᏗᏱ ᎤᏁᎳᏅᎯ ᏗᏰᎸᎯ ᏗᎵᏍᎪᎸᏓᏁᎸᎯ, ᎠᎴ ᎤᏕᎵᏛ ᏧᎾᏂᏏᏗᏱ.
15. ᎠᎴ ᎾᏍᏉ ᏙᏣᎧᎭ ᎾᏍᎩ Ꮎ ᏧᏂᏂᏴᎯ ᏓᎾᏕᏲᎲᏍᎬ ᎠᏂᏂᎦᎴᏓᏂ, ᎾᏍᎩ ᎠᏴ ᏥᏥᏂᏆᏘᎭ.
16. ᎯᏁᏟᏴᎾ ᏣᏓᏅᏛᎢ; ᎢᏳᏃ ᎾᏍᎩ ᏂᏣᏛᏁᎸᎾ ᎢᎨᏎᏍᏗ ᏞᎩᏳ ᏓᎬᎷᏤᎵ, ᎠᎴ ᏙᏓᎬᏯᏟᏴᎡᎵ ᎠᏰᎳᏍᏗᎦᏅᎯᏛ ᎬᏗ ᏥᎰᎵ ᎤᎦᏌᏛᎢ.
17. ᎩᎶ ᎦᎵᎷᎨᏍᏗ ᏩᏛᎬᎦ ᎠᏓᏅᏙ ᏂᏕᎦᏪᏎᎲ ᏧᎾᏁᎶᏗ ᏚᎾᏓᏡᏩᏗᏒᎢ; ᎩᎶ ᎠᏓᏎᎪᎩᏍᎨᏍᏗ ᏓᏥᏁᎵ ᎤᎵᏍᏓᏴᏙᏗ ᎬᏍᎦᎳᏅᎯ ᎹᎾ, ᎠᎴ ᎤᏁᎬ ᏅᏯ ᏓᏥᏁᎵ, ᎠᎴ ᏅᏲᎯ ᎪᏪᎴᏍᏗ ᎢᏤ ᏧᏙᏍᏙᏗ, ᎾᏍᎩ ᎩᎶ ᎾᎦᏔᎲᎾ Ꮎ ᏅᏯ ᎠᏥᏁᎸᎯ ᎤᏩᏒ.
18. ᏓᏱᏓᎵᏃ ᎤᎾᏓᏡᎬ ᏧᎾᏁᎶᏗ ᏗᎧᎿᎭᏩᏗᏙᎯ ᏫᏲᏪᎳᏏ; ᎯᎠ ᎾᏍᎩ ᏫᏂᏪᏏ ᎠᏗᎭ ᎤᏁᎳᏅᎯ ᎤᏪᏥ, ᎾᏍᎩ Ꮎ ᏗᎦᏙᎵ ᎠᏥᎸ ᎠᏓᏪᎵᎩᏍᎩ ᎾᏍᎩᏯ ᏥᎩ, ᏧᎳᏏᏕᏂᏃ ᎥᏣᏱ ᎬᏩᏔᎷᎩᏍᎩ ᎾᏍᎩᏯ ᏥᎩ;
19. ᏥᎦᏔᎭ ᏄᏍᏛ ᏕᏣᎸᏫᏍᏓᏁᎲᎢ, ᎠᎴ ᏣᏓᎨᏳᏒᎢ, ᎠᎴ ᏕᎭᏓᏁᎳᏁᎲᎢ, ᎠᎴ ᏦᎯᏳᏒᎢ, ᎠᎴ ᎲᏂᏗᏳ ᎨᏒᎢ, ᎠᎴ ᏄᏍᏛ ᏕᏣᎸᏫᏍᏓᏁᎲᎢ; ᎤᎵᏍᏆᎸᏗᏃ ᎤᏟ ᎢᎦᎢ ᎨᏒ ᎡᏍᎦᏉ ᎢᎬᏱᏱ.
20. ᎠᏎᏃ ᎢᎸᏍᎩ ᎢᏳᏓᎴᎩ ᎪᎱᏍᏗ ᎡᏍᎦ ᎬᏰᎸᎾᏁᎲ ᎢᎩ, ᏅᏗᎦᎵᏍᏙᏗᎭ ᎤᏁᎳᎩ ᏥᏰᎵᏎᎭ Ꮎ ᎠᎨᏴ ᏤᏏᏈᎵ, ᎦᏙᎴᎣᏍᎩ ᎠᏴ ᏣᏗᎭ, ᏧᏪᏲᏗᏱ ᎠᎴ ᏧᎶᏄᎮᏗᏱ ᎾᏍᎩ ᎢᏳᏩᏂᏐᏗᏱ ᎤᏕᎴᏛ ᏧᎾᏂᏏᏗᏱ ᏗᏆᏤᎵ ᎦᏥᏅᏏᏛ, ᎠᎴ ᎤᏂᎩᏍᏗᏱ ᎤᏁᎳᏅᎯ ᏗᏰᎸᎯ ᏗᎵᏍᎪᎸᏓᏁᎸᎯ.
21. ᎠᎴ ᏥᎳᏅᏓᏕᎸᎩ ᎤᏲ ᎤᏰᎸᏗᏱ ᎤᏕᎵᏛ ᏚᏂᏏᏂᏙᎸᎢ; ᎠᏎᏃ ᎥᏝ ᎤᏲ ᏳᏰᎸᏁᎢ.
22. ᎬᏂᏳᏉ ᎠᏤᏍᏙᎩᎯ ᏮᏓᏥᏯᏓᎡᏏ, ᎠᎴ ᎾᏍᎩ ᎤᏕᎵᏛ ᏗᎾᏂᏏᎲᏍᎩ ᎤᏣᏘ ᏓᎦᏥᏯᏕᏯᏙᏔᏂ ᎢᏳᏃ ᎤᏲ ᏄᏂᏁᏟᏴᏛ ᎢᎨᏎᏍᏗ ᏚᏂᎸᏫᏍᏓᏁᎲᎢ.
23. ᏧᏪᏥᏃ ᎠᏲᎱᎯᏍᏗ ᎨᏒ ᏙᏓᎦᏥᎢᏍᏔᏂ; ᏂᎦᏗᏳᏃ ᏓᎾᏁᎶᏗ ᏚᎾᏓᏡᏩᏗᏒ ᎠᏂᎦᏔᎮᏍᏗ ᎾᏍᎩ ᎠᏴ ᏗᏥᎪᎵᏰᏍᎩ ᎨᏒ ᎤᏕᎵᏛ ᎨᏒ ᎠᎴ ᏧᏂᎾᏫ; ᎠᎴ ᏓᏨᏁᎵ ᏂᏥᎥ ᎢᏥᏏᏴᏫᎭ ᎨᏒ ᎾᏍᎩᏯ ᏄᏍᏛ ᏕᏥᎸᏫᏍᏓᏁᎸᎢ.
24. ᏂᎯᏍᎩᏂ ᎢᏨᏲᏎᎭ, ᎠᎴ ᎠᏂᏐᎢ ᏓᏱᏓᎵ ᎠᏁᎯ, ᎾᏍᎩ ᎾᏂᎥ ᎯᎠ ᏗᏕᏲᏗ ᎨᏒ ᏄᏂᎲᎾ, ᎠᎴ ᎾᏍᎩ ᏄᏂᎦᏙᎥᏒᎾ ᎾᎭᏫᏂᏴ ᏎᏓᏂ ᎤᏤᎵᎦ, ᏣᎾᏗᎭ; ᎥᏝ ᏅᏩᏓᎴ ᎦᎨᏛ ᏴᎨᏨᏐᏈᎸᎦ;
25. ᎾᏍᎩᏍᎩᏂ Ꮎ ᎦᏳᎳ ᏥᏥᎭ ᏕᏥᏂᏴᏎᏍᏗ ᎬᏂ ᎢᏥᎷᏨᎭ.
26. ᎩᎶᏍᎩᏂ ᎠᏓᏎᎪᎩᏍᎨᏍᏗ ᎠᎴ ᎠᏍᏆᏂᎪᏗᏍᎨᏍᏗ ᎠᏆᏤᎵ ᏗᎦᎸᏫᏍᏓᏁᏗ ᎨᏒ ᎬᎵᏍᏆᏗᏍᎩ, ᎾᏍᎩ ᏓᏥᏁᎵ ᏧᏎᎪᎩᏍᏗᏱ ᏧᎾᏓᎴᏅᏛ ᏴᏫ.
27. ᎠᎴ ᎾᏍᎩ ᏙᏛᏘᏂᏙᎵ ᎠᏙᎳᏅᏍᏗ ᏔᎷᎩᏍᎩ ᎪᏢᎳᏅᎯ ᏓᎬᏔᏂ; ᎠᎴ ᏗᏩᎵ ᏥᏕᎦᏓᏬᏗᏍᎪᎢ ᎾᏍᎩᏯ ᏙᏓᎦᏓᏬᏔᏂ; ᎾᏍᎩᏯ ᏓᎩᏲᎯᏎᎸ ᎡᏙᏓ.
28. ᎠᎴ ᎾᏍᎩ Ꮎ ᏓᏥᏁᎵ ᏑᎾᎴ ᎡᎯᏃᏈᏏ.
29. ᎩᎶ ᎦᎵᎷᎨᏍᏗ ᏩᏛᎬᎦ ᎠᏓᏅᏙ ᏂᏕᎦᏪᏎᎲ ᏧᎾᏁᎶᏗ ᏚᎾᏓᏡᏩᏗᏒᎢ.

== Revelation of John 3 ==
1. ᏌᏗᏏᏃ ᎤᎾᏓᏡᎬ ᏧᎾᏁᎶᏗ ᏗᎧᎿᎭᏩᏗᏙᎯ ᏫᏲᏪᎳᏏ, ᎯᎠ ᎾᏍᎩ ᏫᏂᏪᏏ ᎠᏗᎭ ᎾᏍᎩ Ꮎ ᎦᎵᏉᎩ ᏗᏓᏅᏙ ᎤᏁᎳᏅᎯ ᏧᏤᎵ ᏧᏪᎯ ᏥᎩ, ᎠᎴ ᎦᎵᏉᎩ ᏃᏈᏏ ᏧᏪᎯ ᏥᎩ; ᏥᎦᏔᎭ ᏄᏍᏛ ᏕᏣᎸᏫᏍᏓᏁᎲᎢ, ᎬᏃᏛ ᏥᎨᏦᏎᎭ, ᎠᏎᏃ ᏣᏲᎱᏒᎯᏉ ᏥᎩ.
2. ᎯᏯᏫᏍᎨᏍᏗ, ᎠᎴ ᏔᎵᏂᎪᎯᏍᏓ ᎾᏍᎩ Ꮎ ᏧᎵᏃᎯᏴᎯ, ᎾᏍᎩ ᏧᎵᏬᏥᏕᎾ ᏥᎩ; ᎥᏝᏰᏃ ᏯᎩᏩᏛᎲ ᎤᎧᎵᏨᎯ ᎣᏍᏛ ᎨᏒ ᏕᏣᎸᏫᏍᏓᏁᎲ ᎤᏁᎳᏅᎯ ᏙᏗᎧᏅᎢ.
3. ᎾᏍᎩ ᎢᏳᏍᏗ ᎭᏅᏓᏓ ᏄᏍᏛ ᏕᏣᏓᏂᎸᏨ ᎠᎴ ᏣᏛᎦᏅᎢ, ᎠᎴ ᎠᏍᏓᏯ ᏘᏂᏴ ᎠᎴ ᎯᏁᏟᏴᎾ ᏣᏓᏅᏛᎢ. ᎾᏍᎩ ᎢᏳᏍᏗ ᎢᏳᏃ ᏂᏯᏫᏍᎬᎾ ᎢᎨᏎᏍᏗ ᏓᎬᎷᏤᎵ ᎦᏃᏍᎩᏍᎩ ᏥᎦᎷᎪ ᎾᏍᎩᏯᎢ, ᎥᏝ ᎠᎴ ᏱᎦᏔᎮᏍᏗ ᎢᏳ ᎨᏒ ᏗᎬᎷᏤᎵᏒᎢ.
4. ᎢᎸᏍᎩ ᏂᎦᎥ ᏚᎾᏙᎥ ᏕᏣᏍᏆᏂᎪᏗ ᏌᏗᏏ, ᎾᏍᎩ ᎦᏓᎭ ᎢᏧᏅᏁᎸᎯ ᏂᎨᏒᎾ ᏧᎾᏄᏬ; ᎠᎴ ᎾᏍᎩ ᎢᏧᎳᎭ ᏓᏲᏤᏙᎵ ᏧᏁᎩᏳ ᎨᏎᏍᏗ ᏚᎾᏄᏩᎥᎢ; ᏰᎵᏉᏰᏃ ᎾᏍᎩ ᎢᎬᏩᎾᏛᏁᏗ.
5. ᎩᎶ ᎠᏓᏎᎪᎩᏍᎨᏍᏗ ᎾᏍᎩ ᏧᏁᎬ ᏣᏥᏄᏬᏍᏗ ᎨᏎᏍᏗ, ᎠᎴ ᎥᏝ ᏥᏲᏍᏓᏁᏗ ᏱᎨᏎᏍᏗ ᏚᏙᎥ ᎬᏂᏛ ᎠᏓᏁᎯ ᎪᏪᎵᎯ ᎪᏪᎸᎢ; ᎠᎴ ᎬᏂᎨᏒ ᎢᏥᏴᏁᏗ ᎨᏎᏍᏗ ᏕᎤᏙᎥ ᎡᏙᏓ ᎠᎦᏔᎲᎢ, ᎠᎴ ᏧᏤᎵ ᏗᏂᎧᎿᎭᏩᏗᏙᎯ ᎠᏂᎧᏔᎲᎢ.
6. ᎩᎶ ᏕᎦᎵᎨᏍᏗ ᏩᏛᎬᎦ ᎠᏓᏅᏙ ᏂᏕᎦᏪᏎᎲ ᏧᎾᏁᎶᏗ ᏚᎾᏓᏡᏩᏗᏒᎢ.
7. ᏈᎵᏕᎵᏈᏃ ᎤᎾᏓᏡᎬ ᏧᎾᏁᎶᏗ ᏗᎧᎿᎭᏩᏗᏙᎯ ᏫᏲᏪᎳᏏ; ᎯᎠ ᎾᏍᎩ ᏫᏂᏪᏏ ᎠᏗᎭ ᎾᏍᎩ Ꮎ ᎠᏍᎦᎾ ᏂᎨᏒᎾ, ᎾᏍᎩ ᎦᏰᎪᎩ ᏂᎨᏒᎾ, ᎾᏍᎩ ᎠᏍᏚᎢᏍᏗ ᏕᏫ ᎤᏤᎵᎦ ᎦᏁᎯ, ᎾᏍᎩ ᎠᏍᏚᎢᏍᎩ ᏥᎩ, ᎩᎶᏃ ᎠᏍᏚᎲᏍᎩ ᏂᎨᏒᎾ ᏥᎩ; ᎠᎴ ᎠᏍᏚᎲᏍᎩ, ᎩᎶᏃ ᎠᏍᏚᎢᏍᎩ ᏂᎨᏒᎾ ᏥᎩ.
8. ᏥᎦᏔᎭ ᏄᏍᏛ ᏕᏣᎸᏫᏍᏓᏁᎲᎢ; ᎬᏂᏳᏉ ᎢᎬᏱᏢ ᏂᎬᏴᏂᏏ ᎠᏍᏚᎢᏛ ᎦᎶᎯᏍᏗᏱ, ᎥᏝᏃ ᎩᎶ ᎬᏩᏍᏚᏗ ᏱᎩ; ᎠᏏᏰᏃ ᎤᏍᏗᎩᏛ ᏣᎵᏂᎬᎦ, ᎠᎴ ᏣᏍᏆᏂᎪᏔᏅ ᎧᏃᎮᏛ ᎠᏆᏤᎵᎦ, ᎠᎴ ᎥᏝ ᏱᏣᏓᏱᎸ ᏓᏆᏙᎥᎢ.
9. ᎬᏂᏳᏉ ᏎᏓᏂ ᎤᏤᎵ ᏗᎦᎳᏫᎢᏍᏗᏱ ᎠᏁᎳ ᏅᏓᎦᏥᏴᏁᎵ, ᎾᏍᎩ Ꮎ ᎣᏥᏧᏏ ᏣᎾᏗᎭ, ᎠᏎᏃ ᎾᏍᎩ ᏄᎾᏍᏛᎾ ᏥᎩ, ᎠᎴ ᏣᎾᏥᎪᎥᏍᎦᏉ, ᎬᏂᏳᏉ ᎤᏂᎷᎯᏍᏗᏱ ᏅᏓᎦᏥᏴᏁᎵ ᎠᎴ ᎤᎾᏓᏙᎵᏍᏔᏂᎯᏍᏗᏱ ᏕᏣᎳᏍᎬᎢ, ᎠᎴ ᎤᏂᎦᏙᎥᏍᏗᏱ ᎬᎨᏳᎢᏳ ᎨᏒᎢ.
10. ᎾᏍᎩᏯᏃ ᎲᏂᏗᏳ ᎨᏒ ᏥᏣᏍᏆᏂᎪᏔᏅ ᎠᏆᏤᎵ ᎧᏃᎮᏛ, ᎾᏍᎩ ᎢᏳᏍᏗ ᎾᏍᏉ ᎠᏴ ᏓᎬᏍᏆᏂᎪᏔᏂ ᏓᎬᏳᏓᎴᏏ ᎾᎯᏳ ᎤᏓᎪᎵᏰᏗ ᎨᏒ ᎠᏍᏆᎸᎲᎭ, ᎡᎳᏂᎬ ᎤᏂᎷᏤᏗ ᏥᎩ, ᎤᏂᎪᎵᏰᏗᏱ ᎾᏍᎩ Ꮎ ᎡᎶᎯ ᏣᏁᎭ.
11. ᎬᏂᏳᏉ ᏞᎩᏳ ᏓᏥᎷᏥ; ᎠᏍᏓᏱᏳ ᏕᏣᏂᏴᏎᏍᏗ ᎾᏍᎩ ᏣᎲᎢ, ᎾᏍᎩ ᎩᎶ ᎨᏣᎾᎡᏗ ᏂᎨᏒᎾ ᎢᏳᎵᏍᏙᏗᏱ ᎠᎵᏍᏚᎶ ᏣᏤᎵᎦ.
12. ᎩᎶ ᎠᏓᏎᎪᎩᏍᎨᏍᏗ ᎦᎫᏍᏛᏗ ᏅᏓᏥᏴᏁᎵ ᏗᎦᎳᏫᎢᏍᏗᏱ ᎠᏆᏁᎳᏅᎯ ᎤᏤᎵᎦ, ᎥᏝᏃ ᎿᎭᏉ ᎢᎸᎯᏳ ᎤᏄᎪᎢᏍᏗ ᏱᎨᏎᏍᏗ; ᎠᎴ ᏓᏥᏲᏪᎶᏔᏂ ᏚᏙᎥ ᎠᏆᏁᎳᏅᎯ, ᎠᎴ ᏚᏙᎥ ᎦᏚᎲ ᎠᏆᏁᎳᏅᎯ ᎤᏤᎵᎦ, ᎾᏍᎩ ᎢᏤ ᏥᎷᏏᎵᎻ ᏥᎩ, ᎾᏍᎩ ᎦᎸᎶᎢ ᎤᏁᎳᏅᎯᏱ ᏣᏗᏓᎴᎲᏍᎦ; ᎠᎴ ᏓᏥᏲᏪᎶᏔᏂ ᎢᏤ ᏓᏆᏙᎥᎢ.
13. ᎩᎶ ᎦᎵᎷᎨᏍᏗ ᏩᏛᎬᎦ ᎠᏓᏅᏙ ᏂᏕᎦᏪᏎᎲ ᏧᎾᏁᎶᏗ ᏚᎾᏓᏡᏩᏗᏒᎢ.
14. ᎴᎣᏗᏏᏰᏃ ᏧᎾᏁᎶᏗ ᎤᎾᏓᏡᎬ ᏗᎧᎿᎭᏩᏗᏙᎯ ᏫᏲᏪᎳᏏ; ᎯᎠ ᎾᏍᎩ ᏫᏂᏪᏏ ᎠᏗᎭ ᎾᏍᎩ ᎡᎺᏅ ᏥᏚᏙᎥ, ᎾᏍᎩ Ꮎ ᏄᏓᎵᏓᏍᏛᎾ ᎠᎴ ᎤᏙᎯᏳᎯᏯ ᎧᏃᎮᏍᎩ ᏥᎩ, ᏗᏓᎴᏅᏗᏍᎩ ᎤᏬᏢᏅᏅ ᎤᏁᎳᏅᎯ.
15. ᏥᎦᏔᎭ ᏄᏍᏛ ᏕᏣᎸᏫᏍᏓᏁᎲᎢ, ᎾᏍᎩ ᏂᏣᏴᏢᎾ ᎠᎴ ᏂᏣᏗᎴᎬᎾ ᎨᏒᎢ; ᎤᏟ ᏱᏥᏰᎸᎾ ᏱᏣᏴᏜᏓᎠᎴ ᏱᏣᏗᎴᎦᏉ.
16. ᎾᏍᎩᏃ ᏥᏣᎦᎾᏩᏉ, ᏂᏣᏴᏢᎾ ᎠᎴ ᏂᏣᏗᎴᎬᎾ ᏥᎩ, ᎾᏍᎩ ᎢᏳᏍᏗ ᏓᎬᏯᎵᎦᏍᏔᏂ ᏥᎣᎵ ᏓᎬᏄᎪᏫᏏ.
17. ᏅᏗᎦᎵᏍᏙᏗᎭ ᎯᎠ ᏥᏂᏪᎭ, ᎠᏇᎿᎭᎠ, ᎠᎴ ᎠᏇᏅᏨ, ᎠᎴ ᎥᏝ ᎪᎱᏍᏗ ᏯᎩᏂᎬᏎᎭ; ᏂᎦᏔᎲᎾᏃ ᎢᎩ ᎤᏲ ᏂᏣᏛᎿᎭᏕᎬᎢ, ᎠᎴ ᎤᏪᏙᎵᏍᏗ ᏂᏣᏛᎿᎭᏕᎬᎢ, ᎠᎴ ᎪᎱᏍᏗ ᏂᏣᎲᎾ ᎨᏒᎢ, ᎠᎴ ᏘᎨᏫ ᎨᏒᎢ, ᎠᎴ ᏣᏰᎸᎭ ᎨᏒᎢ,
18. ᎬᏂᏤᎭ ᏍᎩᏩᎯᏎᏗᏱ ᎠᏕᎸ ᏓᎶᏂᎨ ᎠᏥᎸᏱ ᎬᏔᏅᎯ, ᎾᏍᎩ ᎤᏙᎯᏳᎯ ᏤᏅᎢᏍᏗᏱ; ᎠᎴ ᎤᏁᎬ ᎠᏄᏬ ᏣᏄᏬᏍᏗ, ᎾᏍᎩ ᎤᏕᎰᎯᏍᏗ ᏣᏲᏓᎦ ᎨᏒ ᎬᏂᎨᏒ ᎢᏳᎵᏍᏙᏗᏱ ᏂᎨᏒᎾ; ᎠᎴ ᏘᎦᏙᎵ ᏗᏣᎶᏁᏙᏗᏱ ᏗᎦᏔ-ᏗᎦᎶᏁᏗ, ᎾᏍᎩ ᎨᏣᎪᏩᏛᏗ ᎢᏳᎵᏍᏙᏗᏱ.
19. ᎾᏂᎥ ᎦᏥᎨᏳᎢ ᎨᏒ ᏕᏥᎬᏍᎪᎸᎥᏍᎪ ᎠᎴ ᏕᏥᎩᎵᏲᎢᏍᏗᏍᎪᎢ; ᎾᏍᎩ ᎢᏳᏍᏗ ᎤᎵᏂᎩᏛ ᎭᏓᏅᏓᏓ ᎯᏁᏟᏴᎾ ᏣᏓᏅᏛᎢ.
20. ᎬᏂᏳᏉ ᏥᏙᎦ ᎦᎶᎯᏍᏗᏱ ᎠᎴ ᎬᏂᎭ; ᎩᎶ ᎠᏛᎩᏍᎨᏍᏗ ᏥᏁᎬ ᎠᎴ ᎠᏍᏚᎢᏍᎨᏍᏗ ᎦᎶᎯᏍᏗᏱ, ᏓᏥᏴᎵ ᎠᏯᎥᎢ, ᎠᎴ ᏓᎦᎵᏍᏓᏴᏂ ᎠᎵᏍᏓᏴᎲᏍᎬᎢ, ᎠᎴ ᎾᏍᎩ ᏛᎵᏍᏓᏴᏂ ᎦᎵᏍᏓᏴᎲᏍᎬᎢ.
21. ᎩᎶ ᎠᏓᏎᎪᎩᏍᎨᏍᏗ ᏓᏥᏯᎵᎪᎸᏓᏁᎵ ᎤᏪᏗᏱ ᎠᏉᎸᎢ ᎠᏆᏤᎵ ᎦᏍᎩᎸᎢ, ᎾᏍᎩᏯ ᏣᏆᏓᏎᎪᎩᏒ ᎠᎴ ᏣᎩᏅ ᎡᏙᏓ ᎤᏬᎸ ᎾᏍᎩ ᎤᏪᏍᎩᎸᎢ.
22. ᎩᎶ ᎦᎵᎷᎨᏍᏗ ᏩᏛᎬᎦ ᎠᏓᏅᏙ ᏂᏕᎦᏪᏎᎲ ᏧᎾᏁᎶᏗ ᏚᎾᏓᏡᏩᏗᏒᎢ.

== Revelation of John 4 ==
1. ᎣᏂᏃ ᏓᏆᎧᎿᎭᏅᎩ, ᎠᎴ ᎬᏂᏳᏉ ᎦᎶᎯᏍᏗᏱ ᎤᎵᏍᏚᎢᏛ ᎨᏒᎩ ᎦᎸᎳᏗ; ᎢᎬᏱᏱᏃ ᎧᏁᎬ ᎠᏆᏛᎦᏅᎯ ᎠᏤᎷᎩ ᏣᏆᎵᏃᎮᏗᏍᎪ ᎾᏍᎩᏯ ᎨᏒᎩ; ᎯᎠ ᏥᎾᎩᏪᏎᎰᎢ, ᎡᎭᎩᎳᏩ, ᏓᎬᎾᏄᎪᏫᏎᎵᏃ ᏧᏓᎴᏅᏛ ᎾᏍᎩ ᎣᏂ ᎢᏳᎵᏍᏔᏂᏓᏍᏗ ᎨᏒᎢ.
2. ᎩᎳᏉᏃ ᎢᏴᏛ ᎠᏓᏅᏙ ᎠᏆᏘᏂᏙᎲᎩ; ᎠᎴ ᎬᏂᏳᏉ ᎦᏍᎩᎶ ᎦᎸᎶᎢ ᎤᏂᏍᎩᎳᏛᎩ, ᎩᎶᏃ ᎾᎿᎭᎦᏍᎩᎸ ᎤᏪᏅᎩ.
3. ᎤᏬᎵᏃ ᏣᎦᎦᏃᏗᏱ ᏣᏍᏆ ᏅᏯ ᎾᏍᎩᏯ ᎨᏒᎩ, ᎠᎴ ᏌᏗᏂ ᏅᏯ; ᎤᏅᎪᏔᏛᎩᏃ ᎬᏩᏚᏫᏛ ᎦᏍᎩᎸᎢ, ᏗᎧᏃᏗᏱ ᎡᎻᎳ ᏅᏯ ᎾᏍᎩᏯ ᎨᏒᎩ.
4. ᎠᎴ ᎬᏩᏚᏫᏛ ᎾᎿᎭᎦᏍᎩᎸ ᏅᎩᏦᏁ ᏕᎦᎧᎲ ᏗᏍᎩᎳᏗᏍᏗ; ᏗᏍᎩᎳᏗᏍᏗᏱᏃ ᎥᎦᏥᎪᎥᎩ ᏅᎩᏦᏁ ᎢᏯᏂᏛ ᏧᎾᏛᏐᏅᎯ ᎠᏂᏅᎩ ᏧᏁᎬ ᏚᎾᏄᏩᎥᎩ; ᏚᎾᎵᏍᏚᎸᏃ ᏗᎵᏍᏚᎶ ᎠᏕᎸ ᏓᎶᏂᎨ ᏗᎪᏢᏔᏅᎯ.
5. ᎦᏍᎩᎸᏃ ᏓᏓᎴᎲᏍᎬᎩ ᎠᎾᎦᎵᏍᎩ, ᎠᎴ ᎠᏴᏓᏆᎶᏍᎩ ᎠᎴ ᎤᏃᏴᎬᎢ; ᎠᎴ ᎦᎵᏉᎩ ᏗᏨᏍᏙᏗ ᏧᏥᏍᏟ ᏓᏓᏪᎵᎩᏍᎬᎩ ᎢᎬᏱᏗᏢ ᎦᏍᎩᎸᎢ, ᎯᎠ ᎾᏍᎩ ᎦᎵᏉᎩ ᏗᏓᏅᏙ ᎤᏁᎳᏅᎯ ᏧᏤᎵᎦ.
6. ᎦᏍᎩᎸᏃ ᎢᎬᏱᏗᏢ ᎥᏓᎸᎩ ᎠᏓᎰᏗ ᎢᏗᎬᏤᎵᏛ, ᏅᏯ ᏗᎬᏩᎸᏌᏛ ᎾᏍᎩᏯ ᎨᏒᎩ; ᎦᏍᎩᎸᏃ ᎠᏰᎵ, ᎠᎴ ᎬᏩᏚᏫᏛ ᎾᎿᎭᎦᏍᎩᎸ ᏅᎩ ᎢᏯᏂᏛ ᏗᏅᏃᏛ ᎥᎦᏥᎪᎥᎩ, ᎠᎧᎵᏬᎯ ᏓᏂᎧᏅᎩ ᎢᎬᏱᏗᏢ ᎠᎴ ᎣᏂᏗᏢ.
7. ᎢᎬᏱᏱ ᎾᏍᎩ ᎯᎠ ᎬᏃᏛ ᏢᏓᏥ ᎤᏃᏕᎾ ᎾᏍᎩᏯ ᎨᏒᎩ, ᏔᎵᏁᏃ ᎾᏍᎩ ᎯᎠ ᎬᏃᏛ ᏩᎦ ᎠᎩᎾ ᎾᏍᎩᏯ ᎨᏒᎩ, ᏦᎢᏁᏃ ᎾᏍᎩ ᎯᎠ ᎬᏃᏛ ᏴᏫ ᎤᎧᏛ ᎾᏍᎩᏯ ᎤᎧᏛᎩ, ᎤᎩᏁᏃ ᎾᏍᎩ ᎯᎠ ᎬᏃᏛ ᎦᏃᎯᎵᏙᎯ ᎠᏬᎭᎵ ᎾᏍᎩᏯ ᎨᏒᎩ.
8. ᎾᏍᎩᏃ ᏅᎩ ᎢᏯᏂᏛ ᏗᏅᏃᏛ ᎠᏂᏏᏴᏫᎭ ᏑᏓᎵ ᏓᏃᏯᏛᎩ; ᎬᏩᏚᏫᏛᏃ ᎠᎴ ᎭᏫᏂ ᎧᎵᏬᎯ ᎨᏒ ᏗᏂᎧᏅᎢ; ᎠᎴ ᎾᎾᏣᏪᏐᎸᏍᏗᏍᎬᎾ ᎨᏐ ᎢᎦ ᎠᎴ ᏒᏃᏱ ᎯᎠ ᎾᏂᏪᏍᎬᎢ; ᎦᎸᏉᏗᏳ, ᎦᎸᏉᏗᏳ, ᎦᎸᏉᏗᏳ, ᎤᎬᏫᏳᎯ ᎤᏁᎳᏅᎯ ᏫᎾᏍᏛᎾ ᎤᎵᏂᎩᏛ, ᎾᏍᎩ ᏤᎲᎩ, ᎠᎴ ᏤᎭ, ᎠᎴ ᏤᎮᏍᏗ.
9. ᎾᏍᎩᏃ ᏗᏅᏃᏛ ᎠᏂᎸᏉᏓ ᎠᎴ ᎠᎾᎵᎮᎵᏥ ᎾᏍᎩ ᎦᏍᎩᎸ ᎤᏬᎵ, ᎾᏍᎩ ᏂᎪᎯᎸ ᎾᎵᏍᏆᏗᏍᎬᎾ ᏤᎭ,
10. ᎿᎭᏉ ᏅᎩᏦᏁ ᎢᏯᏂᏛ ᏧᎾᏛᏐᏅᎯ ᎡᎳᏗ ᏓᎾᏓᏅᎥᏍᎪ ᎢᎬᏱᏗᏢ ᎤᏬᎸ ᎾᏍᎩ ᎦᏍᎩᎸ ᎤᏬᎵ, ᎠᎴ ᎠᎾᏓᏙᎵᏍᏓᏁᎰ ᎾᏍᎩ Ꮎ ᏂᎪᎯᎸ ᎾᎵᏍᏆᏗᏍᎬᎾ ᏤᎭ, ᎠᎴ ᏧᎾᎵᏍᏚᎶ ᎦᏍᎩᎸ ᎢᎬᏱᏗᏢ ᏚᎾᏓᎡᎯ, ᎯᎠ ᎾᏂᏪᏍᎪᎢ;
11. ᏰᎵᏉ ᏂᎯ ᏣᎬᏫᏳᎯ ᎦᏰᏣᏁᎢᏍᏓᏁᏗ ᎡᏣᎸᏉᏗᏳ ᎨᏒ, ᎠᎴ ᎡᏣᎸᏉᏙᏗ ᎨᏒ, ᎠᎴ ᏣᎵᏂᎩᏗᏳ ᎨᏒᎢ; ᏂᎦᏗᏳᏰᏃ ᎪᎱᏍᏗ ᏦᏢᏅᎯ, ᎠᎴ ᎭᏓᏅᏖᏍᎬ ᎢᏨᏁᎵᏓᏍᏗᏱ ᎡᎭ, ᎠᎴ ᎪᏢᏅᎯ.

== Revelation of John 5 ==
1. ᎠᎴ ᎠᎩᎪᎲᎩ ᎪᏪᎵ ᎠᎦᏘᏏᏗᏢ ᎤᏬᏰᏂ ᎤᏒᎦᎸᎩ ᎾᏍᎩ Ꮎ ᎦᏍᎩᎸ ᎤᏬᎵ, ᎭᏫᏂᏗᏢ, ᎠᎴ ᎦᏚᎢᏗᏢ ᎪᏪᎸᎩ ᎦᎵᏉᎩ ᎪᏪᎵ ᏗᏍᏚᏗ ᏓᏍᏚᏛᎩ.
2. ᎠᎴ ᏗᎧᎿᎭᏩᏗᏙᎯ ᎤᎵᏂᎩᏛ ᎥᏥᎪᎥᎩ ᎤᏪᎷᎬᎩ ᎠᏍᏓᏯ ᎧᏁᎬᎩ, ᎯᎠ ᏂᎦᏪᏍᎬᎩ, ᎦᎪ ᏰᎵ ᎬᏩᏍᏚᎢᏍᏗ ᎪᏪᎵ, ᎠᎴ ᏗᎬᏩᏲᏍᏙᏗ ᎾᏍᎩ ᏓᏍᏚᏛᎢ?
3. ᎥᏝᏃ ᎩᎶ ᎦᎸᎳᏗ, ᎠᎴ ᎡᎶᎯ, ᎠᎴ ᎡᎶᎯ ᎭᏫᏂᏗᏢ ᏰᎵ ᎬᏩᏛᏗ ᏱᎨᏎ ᎪᏪᎵ ᎬᏩᏍᏚᎢᏍᏗ, ᎠᎴ ᎾᏍᎩ ᎾᎿᎭᏗᎬᏩᎧᏃᏗ.
4. ᎤᏣᏘᏃ ᏓᏆᏠᏱᎸᎩ, ᏅᏓᎦᎵᏍᏙᏗᏍᎬᎩ ᎩᎶ ᎬᏩᏛᏗ ᏂᎨᏒᎾ ᎨᏒ ᏰᎵ ᎬᏩᏍᏚᎢᏍᏗ ᎠᎴ ᎬᏩᎪᎵᏰᏗ ᎨᏒ ᎪᏪᎵ, ᎠᎴ ᎾᏍᎩ ᎾᎿᎭᏗᎬᏩᎧᏃᏗ.
5. ᎠᏏᏴᏫᏃ ᎾᏍᎩ ᎫᎾᏛᏐᏅᎯ ᎨᏒ ᎯᎠ ᎾᎩᏪᏎᎸᎩ, ᏞᏍᏗ ᏗᏣᏠᏱᎸᎩ; ᎬᏂᏳᏉ ᏢᏓᏥ ᎤᏃᏕᎾ ᏧᏓ ᎠᏂᎳᏍᏓᎸ ᏅᏓᏳᏓᎴᏅᎯ, ᏕᏫ ᎤᏱᏝᏅᎯ, ᎤᏓᏎᎪᎩᏒ ᎤᏍᏚᎢᏍᏗᏱ ᎪᏪᎵ, ᎠᎴ ᏧᏲᏍᏙᏗᏱ ᎦᎵᏉᎩ ᏂᏓᏍᏚᎲᎢ.
6. ᎠᎴ ᏓᏆᎧᎿᎭᏅᎩ, ᎠᎴ ᎬᏂᏳᏉ, ᎠᏰᎵ ᎦᏍᎩᎸᎢ ᎠᎴ ᎠᏰᎵ ᏄᎾᏛᏅ ᎾᏍᎩ Ꮎ ᏅᎩ ᎢᏯᏂᏛ ᏗᏅᏃᏛ, ᎠᎴ ᎠᏰᎵ ᎠᏂᏅ ᏧᎾᏛᏐᏅᎯ, ᎥᎦᏙᎬᎩ ᎤᏃᏕᎾ ᎠᎩᎾ, ᎠᎸᎯ ᎢᏳᏍᏗ ᎨᏒᎩ, ᎦᎵᏉᎩ ᏚᎷᎬᎩ, ᎠᎴ ᎦᎵᏉᎩ ᏓᎧᏅᎩ, ᎾᏍᎩ ᎦᎵᏉᎩ ᏗᏓᏅᏙ ᎤᏁᎳᏅᎯ ᏧᏤᎵ ᎦᏛᎦ, ᎾᏍᎩ ᏂᎬᎾᏛ ᎡᎶᎯ ᏗᎦᏅᏒᎯ ᏥᎩ.
7. ᎾᏍᎩᏃ Ꮎ ᎤᎷᏨᎩ ᎠᎴ ᎤᏁᏒᎩ ᎪᏪᎵ ᎾᏍᎩ ᎠᎦᏘᏏᏗᏢ ᎤᏬᏰᏂ ᎤᏒᎦᎸ ᎾᏍᎩ Ꮎ ᎦᏍᎩᎸ ᎤᏬᎵ.
8. ᎤᏁᏒᏃ ᎪᏪᎵ, ᎾᏍᎩ Ꮎ ᏅᎩ ᎢᏯᏂᏛ ᏗᏅᏃᏛ ᎠᎴ ᏅᎩᏦᏁ ᎢᏯᏂᏛ ᏧᎾᏛᏐᏅᎯ ᎡᎳᏗ ᏓᎾᏓᏅᏅᎩ ᎠᎦᏔᎲ ᎤᏃᏕᎾ ᎠᎩᎾ, ᏗᏂᏁᎯᎭ ᎨᏒᎩ ᏗᎧᏃᎩᏍᏙᏗ, ᎠᎴ ᏗᏖᎵᏙ ᎠᏕᎸ ᏓᎶᏂᎨ ᏗᎪᏢᏔᏅᎯ ᏗᎧᎵᎢ ᎨᏒᎩ ᎠᏜᏓᎦᏩᏒᎩ, ᎾᏍᎩ ᎤᎾᏓᏅᏘ ᎠᎾᏓᏙᎵᏍᏗᏍᎬ ᏥᎩ.
9. ᎢᏤᏃ ᏗᎧᏃᎩᏍᏗ ᏚᏂᏃᎩᏒᎩ, ᎯᎠ ᏄᏂᏪᏒᎩ; ᏚᏳᎪᏗ ᏂᎯ ᏣᏁᏍᏗᏱ ᎪᏪᎵ ᎠᎴ ᏗᏣᏲᏍᏙᏗᏱ ᏓᏍᏚᎲᎢ; ᎡᏣᎸᎩᏰᏃ, ᎠᎴ ᎤᏁᎳᏅᎯ ᏧᏤᎵ ᏂᏍᎩᏴᏁᎸ ᏣᎩᎬ ᏍᎩᏩᎯᏍᏔᏅ, ᏫᏗᏍᎩᏯᏅᎲ ᏂᎦᏛ ᏓᏂᎳᏍᏓᎳᏩᏗᏒᎢ, ᎠᎴ ᏧᏓᎴᏅᏛ ᏗᏂᏬᏂᏍᎩ ᎨᏒᎢ, ᎠᎴ ᏧᎾᏓᎴᏅᏛ ᏴᏫ, ᎠᎴ ᏧᎾᏓᎴᏅᏛ ᏓᏁᏩᏗᏒᎢ.
10. ᎠᎴ ᎣᎦᏁᎳᏅᎯ ᏧᏤᎵ ᎣᎩᎬᏫᏳᎯ ᎠᎴ ᎠᏥᎸ ᎣᏤᎶᎯ ᏂᏍᎩᏴᏁᎸ; ᎠᎴ ᎣᎩᎬᎾᏳᎯ ᎨᏎᏍᏗ ᎡᎶᎯ.
11. ᎠᎴ ᏓᏆᎧᎿᎭᏅᎩ, ᎠᎴ ᎠᏆᏛᎦᏅᎩ ᎠᏂᏁᎬ ᎤᏂᏣᏘ ᏗᏂᎧᎿᎭᏩᏗᏙᎯ ᏚᎾᏚᏫᏍᏛ ᎦᏍᎩᎸᎢ, ᎠᎴ ᎠᏂᏁᎬ ᏗᏅᏃᏛ ᎠᎴ ᏧᎾᏛᏐᏅᎯ; ᎯᎠᏃ ᎾᏂᎥᎩ, ᎠᏍᎪᎯ ᎢᏯᎦᏴᎵ ᎤᎶᏏᎶᏛ ᎠᏍᎪᎯ ᎢᏯᎦᏴᎵ, ᎠᎴ ᎠᎦᏴᎵ ᎤᎦᏴᎳᏥᎶᏛ.
12. ᎯᎠ ᎾᏂᏪᏍᎬᎩ ᎠᏍᏓᏯ ᎤᏁᎷᎬᎩ; ᎤᏃᏕᎾ ᎠᎩᎾ ᎠᏥᎸᎯ ᏰᎵᏉ ᎦᏁᎢᏍᏓᏁᏗ ᎤᎵᏂᎩᏗᏳ ᎨᏒ, ᎠᎴ ᎤᏪᎿᎭᎢᏳ ᎨᏒ, ᎠᎴ ᎠᏏᎾᏌᏂᏳ ᎨᏒ, ᎠᎴ ᎬᏩᏄᎸᏗ ᏂᎨᏒᎾ ᎨᏒ, ᎠᎴ ᎦᎸᏉᏗᏳ ᎨᏒ, ᎠᎴ ᎣᏍᏛ ᎧᏁᎢᏍᏓᏁᏗ ᎨᏒᎢ.
13. ᏂᎦᏗᏳᏃ ᎪᏢᏅᎯ ᎨᏒ ᎦᎸᎳᏗ ᎡᎲ, ᎠᎴ ᎡᎶᎯ ᎡᎲ, ᎠᎴ ᎡᎶᎯ ᎭᏫᏂᏗᏢ ᎡᎲ, ᎠᎴ ᎾᏍᎩ ᎠᎺᏉᎯ ᎠᏁᎲ, ᎠᎴ ᏂᎦᏛ ᎾᎿᎭᎠᏂᏯᎥᎢ, ᎠᏆᏛᎦᏅᎩ ᎯᎠ ᎾᏂᏪᏍᎬᎢ, ᎣᏍᏛ ᎧᏁᎢᏍᏓᏁᏗ ᎨᏎᏍᏗ, ᎠᎴ ᎦᎸᏉᏗᏳ ᎨᏎᏍᏗ, ᎠᎴ ᎦᎸᏉᏙᏗ ᎨᏎᏍᏗ, ᎠᎴ ᎤᎵᏂᎩᏗᏳ ᎨᏎᏍᏗ ᎾᏍᎩ ᎦᏍᎩᎸ ᎤᏬᎵ, ᎠᎴ ᎾᏍᏉ ᎤᏃᏕᎾ ᎠᎩᎾ ᎤᎵᏍᏆᏗᏍᏗ ᏂᎨᏒᎾ ᏂᎪᎯᎸᎢ.
14. ᏅᎩᏃ ᎢᏯᏂᏛ ᏗᏅᏃᏛ ᎡᎺᏅ ᎤᎾᏛᏅᎩ. ᏅᎩᏦᏁᏃ ᎢᏯᏂᏛ ᏧᎾᏛᏐᏅᎯ ᎡᎳᏗ ᏚᎾᏓᏅᏅᎩ ᎠᎴ ᎤᎾᏓᏙᎵᏍᏓᏁᎸᎩ ᎾᏍᎩ Ꮎ ᏂᎪᎯᎸ ᎤᎵᏍᏆᏗᏍᏗ ᏂᎨᏒᎾ ᎡᎯ.

== Revelation of John 6 ==
1. ᎠᎴ ᏕᏥᎦᏅᎩ ᎤᏃᏕᎾ ᎠᎩᎾ ᎤᏲᏍᏔᏅ ᏌᏉ ᎠᏍᏚᏛ ᎪᏪᎵ; ᎠᎴ ᎠᏆᏛᎦᏅᎩ ᎠᏴᏓᏆᎶᏍᎩ ᏧᏃᏴᎪ ᎾᏍᎩᏯᎢ, ᎾᏍᎩ Ꮎ ᎠᏏᏴᏫ ᏅᎩ ᎢᏯᏂᏛ ᎨᏒ ᏗᏅᏃᏛ, ᎯᎠ ᏂᎦᏪᏍᎬᎩ, ᎡᎭᎦᏔᏄᎦ.
2. ᎠᎴ ᏫᏓᏆᎧᎾᏅᎩ, ᎠᎴ ᎬᏂᏳᏉ ᎤᏁᎬ ᏐᏈᎵ [ᏫᏥᎪᎥᎩ] ᎠᎴ ᎾᎿᎭᎤᎩᎵ ᎦᎶᏣᏗ ᎦᏁᎲᎩ; ᎠᎴ ᎠᎵᏍᏚᎶ ᎠᏥᏅᏁᎸᎩ; ᎠᎴ ᎤᏪᏅᏒᎩ ᏫᏓᏎᎪᎩᏍᎬᎩ, ᎠᎴ ᏫᎬᏓᏎᎪᎩᏏᏒᎩ.
3. ᎠᎴ ᏔᎵᏁ ᎠᏍᏚᎲ ᎤᏍᏚᎢᏒ, ᎠᏆᏛᎦᏅᎩ ᏔᎵᏁ ᎬᏃᏛ ᎯᎠ ᏄᏪᏒᎩ, ᎡᎭᎦᏔᏄᎦ.
4. ᎠᎴ ᏅᏩᏓᎴ ᏐᏈᎵ ᎤᏄᎪᏨᎩ, ᎠᎩᎦᎨᎢ; ᎠᎴ ᎠᎦᎵᏍᎪᎸᏓᏁᎸᎩ ᎾᎿᎭᎤᎩᎵ ᏅᏩᏙᎯᏯᏛ ᎨᏒ ᎤᏄᎪᏫᏍᏗᏱ ᎡᎶᎯ, ᎠᎴ ᎾᏍᎩ ᎢᏳᏩᏂᏐᏗᏱ ᎤᏅᏒᏉ ᏧᎾᏓᎯᏍᏗᏱ; ᎠᎴ ᎡᏆ ᎠᏰᎳᏍᏗᎦᏅᎯᏛ ᎠᏥᏕᎸᎩ.
5. ᎠᎴ ᏦᎢᏁ ᎠᏍᏚᎲ ᎤᏍᏚᎢᏒ, ᎠᏆᏛᎦᏅᎩ ᏦᎢᏁ ᎾᏍᎩ Ꮎ ᎬᏃᏛ ᎯᎠ ᏄᏪᏒᎩ, ᎡᎭᎦᏔᏄᎦ. ᎠᎴ ᏓᏆᎧᎾᏅᎩ, ᎠᎴ ᎬᏂᏳᏉ ᎬᎿᎭᎨ ᏐᏈᎵ; ᎠᎴ ᎾᎿᎭᎤᎩᎵ ᏗᎦᏛᏗ ᏕᎦᏁᎲᎩ.
6. ᎠᎴ ᎧᏁᎬ ᎠᏆᏛᎦᏅᎩ [ᏛᏓᎴᎲᏍᎬᎩ] ᎠᏰᎵ ᏅᎩ ᎢᏯᏂᏛ ᏗᏅᏃᏛ ᏄᎾᏛᏅᎢ, ᎯᎠ ᏅᏓᎦᏪᏍᎬᎩ, ᏥᏂᎩ ᎠᏟᎶᏍᏗ ᎠᎧᎵᎢ ᎤᏣᎴᏍᏗ ᎠᎩᏏᏧᎬᏩᎶᏗ ᎠᎫᏴᏗ, ᎠᎴ ᏥᏂᎩ ᎠᏟᎶᏍᏗ ᏦᎢ ᎢᏯᎧᎵᎢ ᎤᏣᎴᏍᏗ ᎢᏳᏍᏗ ᎠᎩᏏ-ᏧᎬᏩᎶᏗ ᎠᎫᏴᏗ; ᎠᎴ ᏞᏍᏗ ᎪᎱᏍᏗ ᏗᏨᏁᎸᎩ ᎪᎢ ᎠᎴ ᎩᎦᎨ-ᎠᏗᏔᏍᏗ.
7. ᎠᎴ ᏅᎩᏁ ᎠᏍᏚᎲ ᎤᏍᏚᎢᏒ, ᎠᏆᏛᎦᏅᎩ ᎧᏁᎬ ᏅᎩᏁ ᎾᏍᎩ Ꮎ ᎬᏃᏛ ᎯᎠ ᏂᎦᏪᏍᎬᎢ, ᎡᎭᎦᏔᏄᎦ.
8. ᎠᎴ ᏫᏓᏆᎧᎾᏅᎩ, ᎠᎴ ᎬᏂᏳᏉ ᎤᏬᏓᎸ [ᏗᎧᏃᏗᏱ] ᏐᏈᎵ [ᏫᏥᎪᎥᎩ]; ᎠᎴ ᎾᎿᎭᎤᎩᎵ ᎠᏲᎱᎯᏍᏗ ᏚᏙᎥᎩ, ᎠᎴ ᏨᏍᎩᏃ ᎤᏍᏓᏩᏗᏒᎩ; ᎠᎴ ᎨᎦᎵᏍᎪᎸᏓᏁᎸᎩ ᎾᏍᎩ ᏅᎩ ᎢᎦᏛᎯ ᎨᏒ ᎡᎶᎯ ᎾᏍᎩ ᏌᏉ ᏄᏓᎥ ᎾᎿᎭᏧᏂᎯᏍᏗᏱ ᎠᏰᎳᏍᏗᎦᏅᎯᏛ ᎬᏗ, ᎠᎴ ᎠᎪᏄ ᎬᏗ, ᎠᎴ ᎥᏳᎩ ᎬᏗ, ᎠᎴ ᎢᎾᎨ ᎠᏁᎯ ᎤᏂᏍᎦᏎᏗ ᏗᎬᏗ.
9. ᎠᎴ ᎯᏍᎩᏁ ᎠᏍᏚᎲ ᎤᏍᏚᎢᏒ, ᎠᏥᎸᎨᎳᏍᏗᏱ ᎭᏫᏂᏢ ᏓᎩᎪᎲᎩ ᏧᎾᏓᏅᏙ ᎾᏍᎩ Ꮎ ᏗᎨᏥᎸᎯ ᎤᏁᎳᏅᎯ ᎤᏤᎵ ᎧᏃᎮᏛ ᎤᏂᏍᏛᏛᎯ, ᎠᎴ ᏄᏍᏛ ᎤᏃᎯᏳᏔᏅ ᎤᏂᏍᏛᏛᎯ;
10. ᎠᎴ ᎠᏍᏓᏯ ᎤᏁᎷᏅᎩ ᎯᎠ ᏄᏂᏪᏒᎩ, ᎢᎳᎪ ᏅᏓᎪᎯᏥ ᏣᎬᏫᏳᎯ, ᏂᎯ ᏂᏍᎦᏅᎾ ᎠᎴ ᏚᏳᎪᏛ ᎢᎭᏛᏁᎯ, ᎩᎳ ᏙᏓᎩᏳᎪᏓᏁᎸ ᏓᎩᏍᏛᏗᏍᏔᏂ ᎠᎴ ᏓᎩᏯᏞᏤᎢ ᎣᎩᎩᎬ [ᎤᏂᏨᏅ] ᎾᏍᎩ Ꮎ ᎡᎶᎯ ᏣᏁᎭ.
11. ᎠᎴ ᎠᏂᏏᏴᏫᎭ ᎨᏒ ᏧᏁᎬ ᏕᎨᏥᏅᏁᎸᎩ ᏗᏄᏬ; ᎠᎴ ᎨᏥᏃᏁᎸᎩ ᎠᏏ ᏞᎦ ᎤᎾᏣᏪᏐᎸᏍᏙᏗᏱ ᎨᏒ ᎬᏂ ᎢᏧᎳᎭ ᎨᏥᏅᏏᏙᎸᎯ ᎠᎴ ᎾᏍᏉ ᎠᎾᎵᏅᏟ ᏄᏂᎪᎸᎾ ᏂᎨᎬᏁᎸ, ᎾᏍᎩ ᏕᎨᏥᎸ ᎾᏍᎩᏯ ᎤᏅᏒ ᏂᎨᎬᏁᎸᎢ.
12. ᎠᎴ ᏑᏓᎵᏁ ᎠᏍᏚᎲ ᎤᏍᏚᎢᏒ ᏕᏥᎦᏅᎩ, ᎠᎴ ᎬᏂᏳᏉ ᎦᏙᎯ ᎤᏣᏘ ᎤᎵᏖᎸᏅᎩ; ᎠᎴ ᏅᏙ ᎢᎦ-ᎡᎯ ᎬᎿᎭᎨ ᏄᎵᏍᏔᏅᎩ ᎾᏍᎩᏯ ᎤᏏᏕᏅ ᎠᏄᏬ ᎪᏢᏔᏅᎯ, ᏅᏙᏃ ᏒᏃᏱ ᎡᎯ ᎩᎬ ᎾᏍᎩᏯ ᏄᎵᏍᏔᏅᎩ.
13. ᏃᏈᏏᏃ ᎦᎸᎶᎢ ᎠᏂᎧᎸ ᎤᏂᏅᎪᎣᏒᎩ ᎠᎴ ᎡᎶᎯ ᎤᏂᎳᎨᏯᏛᏨᎩ, ᎾᏍᎩᏯ ᏒᎦᏔ-ᎢᏳᏍᏗ ᏡᎬ ᏣᏂᏅᎪᎠᏍᎪ ᎤᎾᏓᏙᏗᏱ ᏂᎨᏒᎾ ᎨᏒ ᎤᎾᏓᏔᏅᎯ, ᎾᎯᏳ ᎤᏣᏘ ᎦᏃᎸᎥᏍᎬ ᏧᏖᎸᎲᏍᎪᎢ;
14. ᎠᎴ ᎦᎸᎶᎢ ᎤᏓᏅᏒᎩ ᎾᏍᎩᏯ ᎪᏪᎵ ᏣᎦᏇᏅᏍᎪᎢ; ᎠᎴ ᏂᎦᏛ ᏕᎣᏓᎸ ᎠᎴ ᎠᎹᏰᎵ ᏚᏪᎧᎲᎢ ᏚᏓᏅᏒᎩ ᎾᎿᎭᏄᎾᏛᏅᎢ.
15. ᎠᎴ ᎤᏂᎬᏫᏳᎯ ᎡᎶᎯ ᎠᏁᎯ, ᎠᎴ ᎨᏥᎸᏉᏗ ᎠᏂᏍᎦᏯ, ᎠᎴ ᏧᏁᎿᎭᎢ ᎠᏂᏍᎦᏯ, ᎠᎴ ᏄᏂᎬᏫᏳᏒ ᏗᎾᏓᏘᏂᏙᎯ, ᎠᎴ ᏧᎾᎵᏂᎩᏛ ᎠᏂᏍᎦᏯ, ᎠᎴ ᎾᏂᎥ ᏗᎨᏥᎾᏝᎢ, ᎠᎴ ᎾᏂᎥ ᏂᏗᎨᏥᎾᏝᎥᎾ, ᎤᎾᏗᏍᎦᎳᏅᎩ ᏚᏍᏓᎦᎸᎢ, ᎠᎴ ᏅᏲᎯ ᏕᎨᏒ ᏙᏓᎸᎢ;
16. ᎠᎴ ᏙᏓᎸ ᎠᎴ ᏅᏯ ᎯᎠ ᏂᏚᏂᏪᏎᎸᎩ, ᏍᎩᏯᏐᎥᎦ, ᎠᎴ ᏍᎩᏴᏍᎦᎸᎥᎦ ᎾᏍᎩ ᎣᎩᎪᏩᏛᏗᏱ ᏂᎨᏒᎾ ᎾᏍᎩ Ꮎ ᎦᏍᎩᎸ ᎤᏬᎵ, ᎠᎴ ᎤᏃᏕᎾ ᎠᎩᎾ ᎤᏔᎳᏬᎯᏍᏗ ᎨᏒ ᎣᎦᏢᏔᏍᏗᏱ ᏂᎨᏒᎾ;
17. ᎦᎸᏉᏗᏳᏰᏃ ᎢᎦ ᎾᎯᏳ ᎤᏔᎳᏬᎯᏍᏗ ᎨᏒ ᎤᏍᏆᎸᎲ; ᎦᎪᏃ ᏰᎵ ᎬᏩᎴᏗ ᎨᏎᏍᏗ?

== Revelation of John 7 ==
1. ᎣᏂᏃ ᏅᎩ ᎢᏯᏂᏛ ᏗᏂᎧᎿᎭᏩᏗᏙᎯ ᎥᎦᏥᎪᎥᎩ ᏅᎩ ᏂᏚᏅᏏᏴ ᎡᎶᎯ ᏓᏂᏙᎬᎩ, ᏚᏂᏂᏴᏒᎩ ᎤᏃᎴ ᏅᎩ ᏂᏙᏗᎦᎶᏍᎬ ᎡᎶᎯ, ᎾᏍᎩ ᎤᏃᎸᏗᏱ ᏂᎨᏒᎾ ᎡᎶᎯ, ᎠᎴ ᎠᎺᏉᎯ, ᎠᎴ ᏕᏡᎬᏉ.
2. ᎠᎴ ᏅᏩᏓᎴ ᏗᎧᎿᎭᏩᏗᏙᎯ ᎥᏨᎪᎥᎩ ᏗᎧᎸᎬ ᎢᏗᏢ ᏧᏳᎵᏌᎳᏓᏩᏗᏒᎩ, ᎬᏂᏛ ᎤᏁᎳᏅᎯ ᎤᏤᎵ ᎤᏓᏰᎸᏙᏗ ᎨᏒ ᎦᏁᎲᎩ; ᎠᎴ ᎠᏍᏓᏯ ᏚᎵᏍᏓᏁᎸᎩ ᏅᎩ ᎢᏯᏂᏛ ᏗᏂᎧᎿᎭᏩᏗᏙᎯ, ᎾᏍᎩ ᎨᏥᏁᎸᎯ ᏥᎨᏎ ᎪᎱᏍᏗ ᎤᏅᏁᏗᏱ ᎡᎶᎯ ᎠᎴ ᎠᎺᏉᎯ,
3. ᎯᎠ ᏂᎨᏥᏪᏎᎸᎩ, ᏞᏍᏗ ᎪᎱᏍᏗ ᎢᏨᏁᎸᎩ ᎡᎶᎯ, ᎠᎴ ᎠᎺᏉᎯ, ᎠᎴ ᏕᏡᎬᎢ, ᎬᏂ ᏗᏗᏰᎸᏔᏅᎯ ᎨᏎᏍᏗ ᏗᏂᎬᏓᎨᏂ ᎢᎦᏁᎳᏅᎯ ᏧᏤᎵ ᏧᏅᏏᏓᏍᏗ.
4. ᎠᎴ ᎠᏆᏛᎦᏅᎩ ᎾᏂᎥ ᎾᏍᎩ ᏗᎨᏥᏰᎸᎳᏅᎯ ᎨᏒᎢ; ᎠᎴ ᎠᏍᎪᎯᏧᏈ ᏅᎦᏍᎪᎯ ᏅᎩᎦᎵ ᎢᏯᎦᏴᎵ ᎾᏂᎥᎩ ᏕᎨᏥᏰᎸᏔᏅᎩ ᏂᎦᏛ ᎢᏏᎵ ᏧᏪᏥ ᏓᏂᎳᏍᏓᎳᏩᏗᏒᎢ.
5. ᏧᏓ ᎠᏂᎳᏍᏓᎸ ᏗᎪᏣᎴᏛ ᏔᎳᏚ ᎢᏯᎦᏴᎵ ᏕᎨᏥᏰᎸᏔᏅᎩ. ᎷᏈᏂ ᎠᏂᎳᏍᏓᎸ ᏗᎪᏣᎴᏛ ᏔᎳᏚ ᎢᏯᎦᏴᎵ ᏕᎨᏥᏰᎸᏔᏅᎩ. ᎦᏗ ᎠᏂᎳᏍᏓᎸ ᏗᎪᏣᎴᏛ ᏔᎳᏚ ᎢᏯᎦᏴᎵ ᏕᎨᏥᏰᎸᏔᏅᎩ.
6. ᎠᏒ ᎠᏂᎳᏍᏓᎸ ᏗᎪᏣᎴᏛ ᏔᎳᏚ ᎢᏯᎦᏴᎵ ᏕᎨᏥᏰᎸᏔᏅᎩ. ᏁᏈᏓᎵ ᎠᏂᎳᏍᏓᎸ ᏗᎪᏣᎴᏛ ᏔᎳᏚ ᎢᏯᎦᏴᎵ ᏕᎨᏥᏰᎸᏔᏅᎩ. ᎻᎾᏒ ᎠᏂᎳᏍᏓᎸ ᏗᎪᏣᎴᏛ ᏔᎳᏚ ᎢᏯᎦᏴᎵ ᏕᎨᏥᏰᎸᏔᏅᎩ.
7. ᏏᎻᏯᏂ ᎠᏂᎳᏍᏓᎸ ᏗᎪᏣᎴᏛ ᏔᎷᏚ ᎢᏯᎦᏴᎵ ᏕᎨᏥᏰᎸᏔᏅᎩ. ᎵᏫ ᎠᏂᎳᏍᏓᎸ ᏗᎪᏣᎴᏛ ᏔᎳᏚ ᎢᏯᎦᏴᎵ ᏕᎨᏥᏰᎸᏔᏅᎩ ᎢᏏᎦ ᎠᏂᎳᏍᏓᎸ ᏗᎪᏣᎴᏛ ᏔᎳᏚ ᎢᏯᎦᏴᎵ ᏕᎨᏥᏰᎸᎳᏅᎩ.
8. ᏤᏈᎳᏂ ᎠᏂᎳᏍᏓᎸ ᏗᎪᏣᎴᏛ ᏔᎳᏚ ᎢᏯᎦᏴᎵ ᏕᎨᏥᏰᎸᏔᏅᎩ. ᏦᏩ ᎠᏂᎳᏍᏓᎸ ᏗᎪᏣᎴᏛ ᏔᎳᏚ ᎢᏯᎦᏴᎵ ᏕᎨᏥᏰᎸᏔᏅᎩ. ᏇᏂ ᎠᏂᎳᏍᏓᎸ ᏗᎪᏣᎴᏛ ᏔᎳᏚ ᎢᏯᎦᏴᎵ ᏕᎨᏥᏰᎸᎳᏅᎩ.
9. ᎣᏂᏃ ᎢᏴᏛ ᏓᏆᎧᎾᏅᎩ, ᎠᎴ ᎬᏂᏳᏉ, ᎤᏂᏧᏈᏍᏗ ᏴᏫ [ᏫᏕᏥᎪᎥᎩ] ᎾᏍᎩ ᎩᎶ ᏗᎬᏩᏎᎰᎲᏍᏗ ᏂᎨᏒᎾ, ᎾᏍᎩ ᏅᏓᏳᎾᏙᏣᎴᏛ ᎾᏂᎥ ᎤᎾᏓᏤᎵᏛ ᏴᏫ ᏓᏁᏩᏗᏒᎢ, ᎠᎴ ᎪᎱᏍᏗ ᏗᎾᏓᏛᎿᎭᎨᏒᎢ, ᎠᎴ ᏴᏫ ᏓᏁᏩᏗᏒᎢ ᎠᎴ ᏧᏓᎴᏅᏛ ᏗᏂᏬᏂᏍᎩ ᎨᏒᎢ, ᎠᏂᏙᎾᎥᎩ ᎦᏍᎩᎸ ᎢᎬᏱᏗᏢ, ᎠᎴ ᎤᏃᏕᎾ ᎠᎩᎾ ᏄᏛᏅ ᎢᎬᏱᏗᏢ, ᏧᏁᎬ ᏚᎾᏄᏩᎥᎩ, ᎠᎴ ᏗᏂᏁᎲᎩ ᏧᏪᏲᏔ ᏧᎦᏄᏓᏅᎯᏛ;
10. ᎠᎴ ᎠᏍᏓᏯ ᎤᏁᎷᏅᎩ, ᎯᎠ ᏄᏂᏪᏒᎩ, ᎠᎵᏍᏕᎸᏙᏗ ᎨᏒ ᎣᎦᏁᎳᏅᎯ ᎧᏁᎢᏍᏓᏁᏗ ᎨᏎᏍᏗ ᎾᏍᎩ ᎦᏍᎩᎸ ᏧᏬᎳ, ᎠᎴ ᎤᏃᏕᎾ ᎠᎩᎾ ᎧᏁᎢᏍᏓᏁᏗ ᎨᏎᏍᏗ.
11. ᎠᎴ ᏂᎦᏛ ᏗᏂᎧᎿᎭᏩᏗᏙᎯ ᎦᏍᎩᎸ ᏚᎾᏚᏫᏍᏛᎩ ᏓᏂᏙᎬᎩ, ᎠᎴ ᏧᎾᏛᏐᏅᎯ ᎠᎴ ᏅᎩ ᎢᏯᏂᏛ ᏗᏅᏃᏛ ᏄᎾᏛᏅᎢ, ᎠᎴ ᎦᏍᎩᎸ ᎢᎬᏱᏗᏢ ᏚᎾᎵᏯᏍᏚᏅᎩ, ᎠᎴ ᎤᏁᎳᏅᎯ ᎤᎾᏓᏙᎵᏍᏓᏁᎸᎩ;
12. ᎯᎠ ᎾᏂᏪᏍᎬᎩ, ᎡᎺᏅ; ᎣᏍᏛ ᎡᏣᏁᎢᏍᏓᏁᏗ ᎨᏒᎢ, ᎠᎴ ᎡᏣᎸᏉᏙᏗ ᎨᏒᎢ, ᎠᎴ ᎯᎦᏔᎾᎢᏳ ᎨᏒᎢ, ᎠᎴ ᎡᏣᎵᎮᎵᏤᏗ ᎨᏒᎢ, ᎠᎴ ᎡᏣᎸᏉᏗᏳ ᎨᏒᎢ, ᎠᎴ ᏣᎵᏂᎩᏗᏳ ᎨᏒᎢ, ᎠᎴ ᏣᎵᏂᎪᎯᏍᏗ ᎨᏒᎢ, ᏣᏤᎵ ᎨᏎᏍᏗ ᏍᎩᏯᏁᎳᏅᎯ ᏂᎪᎯᎸ ᎠᎴ ᏂᎪᎯᎸᎢ. ᎡᎺᏅ.
13. ᎠᏂᏴᏫᏃ ᎾᏍᎩ Ꮎ ᏧᎾᏛᏐᏅᎯ ᎨᏒ ᎤᏁᏨᎩ, ᎯᎠ ᎾᎩᏪᏎᎸᎩ, ᎦᎪ ᎯᎠ Ꮎ ᏧᏁᎬ ᏧᎾᏄᏩᎢ ᏥᎩ? ᎠᎴ ᎭᏢ ᏧᎾᏓᎴᏁᎢ?
14. ᎯᎠᏃ ᏅᏥᏪᏎᎸᎩ, ᏣᎬᏫᏳᎯ ᏂᎯ ᎯᎦᏔᎭ. ᎯᎠᏃ ᎾᎩᏪᏎᎸᎩ, ᎯᎠᏍᎩᏂ Ꮎ ᎤᏣᏘ ᎠᎩᎵᏯ ᎨᏒ ᏅᏓᏳᏂᎶᏒᎯ, ᎠᎴ ᎤᏃᏕᎾ ᎠᎩᎾ ᎤᎩᎬᏱ ᏧᏅᎩᎶᎥᎯ ᏧᎾᏄᏬ ᎠᎴ ᏧᏁᎬ ᎢᏧᏅᏁᎸᎯ.
15. ᎾᏍᎩ ᎢᏳᏍᏗ ᎤᏁᎳᏅᎯ ᎤᏤᎵ ᎦᏍᎩᎸ ᎢᎬᏱᏗᏢ ᏄᎾᏛᏅ, ᎠᎴ ᎪᎱᏍᏗ ᎬᏩᏛᏁᎭ ᎤᏤᎵ ᏗᎦᎳᏫᎢᏍᏗᏱ, ᎢᎦ ᎠᎴ ᎡᏃᏱ ᏗᎬᏩᏜᏓᏍᏗ; ᎠᎴ ᎾᏍᎩ Ꮎ ᎦᏍᎩᎸ ᎤᏬᎵ ᎠᏁᎲ ᎡᎮᏍᏗ.
16. ᎿᎭᏉ ᎥᏝ ᎠᎪᏄ ᏧᏂᏲᏏᏐᏗ ᏱᎨᏎᏍᏗ, ᎥᏝ ᎠᎴ ᎿᎭᏉ ᏧᏂᏔᏕᎪᏗ ᏱᎨᏎᏍᏗ; ᎥᏝ ᎠᎴ ᏅᏙ ᎢᎦ ᎡᎯ ᎤᏗᎴᎩ ᏳᏂᎦᎵᏍᎨᏍᏗ, ᎠᎴ ᎪᎱᏍᏗ ᎤᏗᎴᎩ ᎨᏒᎢ.
17. ᎤᏃᏕᎾᏰᏃ ᎠᎩᎾ ᎾᏍᎩ Ꮎ ᎦᏍᎩᎸ ᎠᏰᎵ ᏥᏄᏛᏅ ᏓᏳᏁᎶᎵ ᎠᎴ ᏙᏓᏳᎾᏘᏁᏏ ᎠᎹ ᎬᏂᏛ ᎠᎹ ᏙᏗᎦᏄᎪᎬᎢ; ᎠᎴ ᎤᏁᎳᏅᎯ ᏙᏓᎦᏅᎦᎸᎯ ᏂᎦᏛ ᏚᏂᎦᏌᏬᎸᎢ.

== Revelation of John 8 ==
1. ᎦᎵᏉᎩᏁᏃ ᎠᏍᏚᎲ ᎤᏍᏚᎢᏒ ᎡᎳᏪ ᎤᏅᏅᎩ ᎦᎸᎳᏗ ᎠᏰᎵ ᎢᏳᏟᎶᏛ ᎢᎪᎯᏛ.
2. ᎦᎵᏉᎩᏃ ᎢᏯᏂᏛ ᏗᏂᎧᎿᎭᏩᏗᏙᎯ ᎥᎦᏥᎪᎥᎩ ᎾᏍᎩ ᎤᏁᎳᏅᎯ ᏄᏛᏅ ᎢᎬᏱᏗᏢ ᏣᏂᏙᎾᎠ; ᎦᎵᏉᎩᏃ ᏗᏤᎷᎩ ᏕᎨᏥᏕᎸᎩ ᎾᏍᎩ.
3. ᎠᎴ ᏅᏩᏓᎴ ᏗᎧᎿᎭᏩᏗᏙᎯ ᎤᎷᏨᎩ ᎠᎴ ᎠᏥᎸ-ᎨᎳᏍᏗᏱ ᎤᎴᏅᎩ, ᎠᏰᎲᎩ ᎠᏕᎸ-ᏓᎶᏂᎨ ᎪᏢᏔᏅᎯ ᎠᏜᏓᎦᏩᏒᎩ ᎠᎪᎲᏍᏙᏗᏱ; ᎤᏣᏘᏃ ᎠᏥᏁᎸᎩ ᎠᏜᏓᎦᏩᏒᎩ ᎾᏍᎩ ᎤᎵᏍᎪᎸᏙᏗᏱ ᎤᏠᏯᏍᏙᏗᏱ ᎠᎾᏓᏙᎵᏍᏗᏍᎬ ᏂᎦᏛ ᎤᎾᏓᏅᏘ, ᎾᎿᎭᎠᏥᎸ-ᎨᎳᏍᏗᏱ ᎠᏕᎸ-ᏓᎶᏂᎨ ᎪᏢᏔᏅᎯ ᎦᏍᎩᎸ ᎢᎬᏱᏗᏢ ᏥᎦᎧᎭ.
4. ᎠᎴ ᎠᏜᏓᎦᏩᏒᎩ ᏚᎦᏒᏍᏛ ᎾᎯᏳ ᎠᎵᏌᎳᏗᏍᎬᎩ ᎤᎾᏓᏅᏘ ᎠᎾᏓᏙᎵᏍᏗᏍᎬ ᏓᎵᏌᎳᏗᏍᎬ ᎤᏁᎳᏅᎯ ᏄᏛᏅ ᎢᎬᏱᏗᏢ ᏫᎦᎷᎬᎩ, ᏗᎧᎿᎭᏩᏗᏙᎯ ᎤᏬᏰᏂ ᎠᏓᎴᎲᏍᎬᎩ.
5. ᏗᎧᎿᎭᏩᏗᏙᎯᏃ ᎠᏜᏓᎦᏩᏒᎩ ᎠᎪᎲᏍᏙᏗᏱ ᎤᎩᏒᎩ, ᎠᎴ ᎠᏥᎸ ᎤᎧᎵᎢᏍᏔᏅᎩ ᎠᏥᎸ-ᎨᎳᏍᏗᏱ ᎠᏞᏛ, ᎠᎴ ᎡᎶᎯ ᏭᏗᏅᏒᎩ; ᏚᏃᏴᎳᏒᎩᏃ, ᎠᎴ ᎤᏴᏓᏆᎶᎥᎩ, ᎠᎴ ᎠᎾᎦᎵᏍᎬᎩ, ᎠᎴ ᎡᎶᎯ ᎤᎵᏖᎸᏅᎩ.
6. ᎠᎴ ᎦᎵᏉᎩ ᎢᏯᏂᏛ ᏗᏂᎧᎿᎭᏩᏗᏙᎯ, ᎾᏍᎩ ᎦᎵᏉᎩ ᏗᏤᎷᎩ ᏗᏂᏁᎯ ᎤᎾᏛᏅᎢᏍᏔᏅᎩ ᏧᏂᏃᏴᎵᏍᏙᏗᏱ.
7. ᎢᎬᏱᏱ ᎨᏒ ᏗᎧᎿᎭᏩᏗᏙᎯ ᎤᏤᎷᎯᏒᎩ, ᎠᎴ ᎤᎨᎲ ᏔᏅᏒᎩ ᎠᏥᎸ ᎠᎴ ᎤᏁᏍᏓᎳ ᎩᎬ ᎤᏓᏑᏱ ᎨᏒᎩ, ᎠᎴ ᎡᎶᎯ ᏫᏕᎨᎦᏗᏅᏒᎩ, ᎠᎴ ᏕᏡᎬ ᏦᎢ ᎢᎦᏛᎯ ᎨᏒ ᎾᏍᎩ ᏌᏉ ᎢᏳᏪᏨᎯ ᏚᎪᏅᎩ, ᎠᎴ ᏂᎦᏛ ᎢᏤ ᎧᏁᏍᎦ ᎤᎪᏅᎩ.
8. ᏔᎵᏁᏃ ᎨᏒ ᏗᎧᎿᎭᏩᏗᏙᎯ ᎤᏤᎷᎯᏒᎩ, ᎣᏓᎸᏃ ᎡᏆ ᏣᏓᏪᎵᎩᏍᎪ ᎾᏍᎩᏯ ᎨᏒᎩ ᎠᎺᏉᎯ ᏭᎾᏗᏅᏒᎩ; ᎠᎺᏉᎯᏃ ᏦᎢ ᎢᎦᏛᎯ ᎨᏒ ᎾᏍᎩ ᏌᏉ ᎢᏳᏪᏨᎯ ᎩᎬ ᏄᎵᏍᏔᏅᎩ;
9. ᎠᎴ ᏦᎢ ᎢᎨᏥᏛᎯ ᎨᏒ ᎾᏍᎩ ᎨᎦᏁᎳᏅᎯ ᎨᏒ ᎠᎺᏉᎯ ᎠᏁᎲᎢ ᎠᎴ ᏗᏅᏃᏛ ᎨᏒ ᎾᏍᎩ ᏌᏉ ᎢᏳᏂᏨᎯ ᏚᏂᎵᏬᏨᎩ; ᎠᎴ ᏥᏳ ᏧᏛᎾ ᏦᎢ ᎢᏗᎦᏛᎯ ᎨᏒ ᎾᏍᎩ ᏌᏉ ᎢᏳᏪᏨᎯ ᏚᏲᏨᎩ.
10. ᏦᎢᏁᏃ ᎨᏒ ᏗᎧᎿᎭᏩᏗᏙᎯ ᎤᏤᎷᎯᏒᎩ, ᎤᏣᏘᏃ ᎡᏆ ᏃᏈᏏ ᎤᏬᎭᏒᎩ ᎦᎸᎳᏗ ᏓᏳᏓᎴᏅᎩ, ᎠᏨᏍᏙᏗ ᏣᏓᏪᎵᎩᏍᎪ ᎾᏍᎩᏯᎢ, ᎡᏉᏂᏃ ᏚᏪᏴ ᏦᎢ ᎢᏗᎦᏛᎯ ᎨᏒ ᎾᏍᎩ ᏌᏉ ᎢᏳᏪᏨᎯ ᏚᏥᏍᏠᏨᎩ, ᎠᎴ ᎠᎹ ᏕᎦᏄᎪᎬ ᏚᏥᏍᏠᏨᎩ.
11. ᎾᏍᎩᏃ Ꮎ ᏃᏈᏏ ᎤᏴᏍᏗ ᎦᏙᎥ; ᏦᎢᏃ ᎢᏗᎦᏛᎯ ᎨᏒ ᎡᏉᏂ ᏚᏪᏴ ᎾᏍᎩ ᏌᏉ ᎢᏳᏪᏨᎯ ᎤᏴᏍᏗ ᏂᏚᎵᏍᏔᏅᎩ; ᎠᎴ ᎤᏂᏣᏘ ᏴᏫ ᎠᎹ ᎤᎾᏗᏔᎲ ᏚᏂᏲᎱᏒᎩ, ᏅᏓᎦᎵᏍᏙᏗᏍᎬᎩ ᎠᎹ ᎤᏴᏍᏗ ᏂᏚᎵᏍᏔᏅᎢ.
12. ᏅᎩᏁᏃ ᎨᏒ ᏗᎧᎿᎭᏩᏗᏙᎯ ᎤᏤᎷᎯᏒᎩ, ᏅᏙᏃ ᎢᎦ ᎡᎯ ᏦᎢ ᎢᎦᏛᎯ ᎨᏒ ᎾᏍᎩ ᏌᏉ ᎢᏳᏪᏨᎯ ᎤᏩᏂᎸᎩ, ᎠᎴ ᏦᎢ ᎢᎦᏛᎯ ᎨᏒ ᎾᏍᎩ ᏌᏉ ᎢᏳᏪᏨᎯ ᏅᏙ ᏒᏃᏱ ᎡᎯ ᎤᏩᏂᎸᎩ, ᎠᎴ ᏦᎢ ᎢᏗᎦᏛᎯ ᎨᏒ ᎾᏍᎩ ᏌᏉ ᎢᏳᏪᏨᎯ ᏃᏈᏏ ᎠᏂᎧᎸ ᏚᏩᏂᎸᎩ; ᎾᏍᎩᏃ ᏦᎢ ᎢᏗᎦᏛᎯ ᎨᏒ ᎾᏍᎩ ᏌᏉ ᎢᏳᏪᏨᎯ ᏚᎵᏏᎲᏒᎩ, ᎠᎴ ᎢᎦ ᏦᎢ ᎢᎦᏛᎯ ᎨᏒ ᎾᏍᎩ ᏌᏉ ᎢᏳᏪᏨᎯ ᎥᏝ ᏯᎦᎵᏍᎨᎢ, ᎠᎴ ᏒᏃᏱ ᏦᎢ ᎢᎦᏛᎯ ᎨᏒ ᎾᏍᎩ ᏌᏉ ᎢᏳᏪᏨᎯ ᎾᏍᏉ ᎥᏝ ᏯᎦᎵᏍᎨᎢ.
13. ᎠᎴ ᏓᏆᎧᎾᏅᎩ, ᎠᎴ ᎠᏆᏛᎦᏅᎩ ᏗᎧᎿᎭᏩᏗᏙᎯ ᎦᎸᎶᎢ ᎠᏰᎵ ᎦᏃᎯᎵᏒᎩ ᎠᏍᏓᏯ ᎤᏪᎷᎬᎩ ᎯᎠ ᏂᎦᏪᏍᎬᎩ, ᎤᏲᎢᏳ, ᎤᏲᎢᏳ ᎤᏲᎢᏳ ᎢᏳᎾᎵᏍᏓᏁᏗ ᎡᎶᎯ ᏓᏁᏩᏗᏒᎢ, ᏅᏗᎦᎵᏍᏙᏗᎭ ᏗᏐᎢ ᎠᏤᎷᎩ ᏗᏤᎷᎯᏍᏗ ᎨᏒ ᎾᏍᎩ ᏗᏂᎧᎿᎭᏩᏗᏙᎯ ᏦᎢ ᎢᏯᏂᏛ ᏓᏂᏁᎲᎢ, ᎠᏏ ᏧᏂᏤᎷᎯᏍᏗ ᏥᎩ.

== Revelation of John 9 ==
1. ᎯᏍᎩᏁᏃ ᎨᏒ ᏗᎧᎿᎭᏩᏗᏙᎯ ᎤᏤᎷᎯᏒᎩ, ᎠᎩᎪᎲᎩᏃ ᏃᏈᏏ ᎦᎸᎶᎢ ᏓᏳᏓᎴᏅᎩ ᎡᎶᎯᏃ ᎤᏬᏥᎸᎩ; ᎠᎴ ᎾᏍᎩ [ᏃᏈᏏ] ᎠᏥᏕᎸᎩ ᎠᏍᏚᎢᏍᏗ ᎾᏍᎩ ᏫᎾᏍᏛᎾ ᎠᏔᎴᏒ ᎠᏍᏚᎢᏍᏙᏗ.
2. ᎠᎴ ᏫᎾᏍᏛᎾ ᎠᏔᎴᏒ ᎤᏍᏚᎢᏒᎩ, ᏧᎦᏒᏍᏗᏃ ᎾᎿᎭᎠᏔᎴᏒ ᏓᏳᎵᏌᎳᏓᏅᎩ, ᎾᏍᎩᏯ ᎡᏆ ᏔᎷᎩᏍᎩ ᎬᎾᏬᏙᏗᏱ ᏥᏚᎦᏒᏍᏙᎢ; ᏅᏙᏃ ᎢᎦ ᎡᎯ ᎠᎴ ᎦᏃᎴᏍᎬ ᎤᏜᏓᏅᏛ ᏚᎵᏏᎲᏒᎩ ᏅᏓᎦᎵᏍᏙᏗᏍᎬᎩ ᏧᎦᏒᏍᏗ ᎠᏔᎴᏒ ᏙᏗᎴᎲᏍᎬᎢ.
3. ᏚᎦᏒᏍᏛᏃ ᏓᏳᏂᏄᎪᏨᎩ ᎥᎴ ᎠᎴ ᎡᎶᎯ ᏚᏂᏰᎵᏒᎩ; ᎠᎴ ᎤᎵᏂᎩᏛ ᎨᏒ ᎨᏥᏁᎸᎩ ᎾᏍᎩᏯ ᏗᏂᏙᎬ ᎠᎾᏓᏨᏯᏍᏗᏍᎩ ᎡᎶᎯ ᎠᏁᎯ ᎤᎵᏂᎩᏛ ᏧᏂᎭ.
4. ᎠᎴ ᎨᏥᏁᏤᎸᎩ ᎪᎱᏍᏗ ᎤᏅᏁᏗᏱ ᏂᎨᏒᎾ ᎧᏁᏍᎦ ᎡᎶᎯ ᎤᏰᎬᎢ, ᎠᎴ ᏂᎦᎥᏉᎪᎱᏍᏗ ᎢᏤ ᎤᏰᎾᎥᎢ, ᎠᎴ ᏂᎦᎥᏉ ᏕᏡᎬᎢ; ᎾᏍᎩᏉᏍᎩᏂ Ꮎ ᎤᏅᏒ ᏴᏫ ᎤᏁᎳᏅᎯ ᎤᏤᎵ ᎤᏓᏰᎸᏙᏗ ᎨᏒ ᏄᏂᏰᎸᏒᎾ ᏗᏂᎬᏓᎨᏂ.
5. ᎠᎴ ᎾᏍᎩ ᎨᏥᏁᎸᎩ ᎾᏍᎩ ᏧᏂᎯᏍᏗᏱ ᏂᎨᏒᎾ ᎨᏒᎢ, ᏧᏂᎩᎸᏗᏉᏍᎩᏂ ᎯᏍᎩ ᎢᏯᏅᏙ; ᎤᎾᏓᎩᎸᏗᏃ ᎨᏒ ᎦᏙᎬ ᎠᏓᏨᏯᏍᏗᏍᎩ ᎤᎾᏓᎩᎸᏗ ᎨᏒ ᎾᏍᎩᏯ ᎨᏒᎩ ᏴᎾ ᎿᎭᏉ ᎤᏪᏨᏯ.
6. ᎾᎯᏳᏃ ᎨᏒ ᎠᏲᎱᎯᏍᏗ ᎨᏒ ᎤᏂᏲᎮᏍᏗ ᏴᏫ, ᎠᎴ ᎥᏝ ᎤᏂᏩᏛᏗ ᏱᎨᏎᏍᏗ; ᎠᎴ ᎤᎾᏚᎵᏍᎨᏍᏗ ᏧᏂᏲᎱᎯᏍᏗᏱ, ᎠᏎᏃ ᎠᏲᎱᎯᏍᏗ ᎨᏒ ᎤᎾᎵᏘᎡᏗ ᎨᏎᏍᏗ.
7. ᎥᎴᏃ ᎤᎾᏙᏢᏒ ᎾᏍᎩᏯ ᎨᏒᎩ, ᏐᏈᎵ ᏓᏅᏩ ᎤᏁᏅᏍᏗᏱ ᏥᎨᎦᏛᏅᎢᏍᏙᎢ; ᏚᏄᎵᏍᏚᎸᎩᏃ ᏗᎵᏍᏚᎶ ᎠᏕᎸᏓᎶᏁᎨ ᏗᎪᏢᏔᏅᎯ ᎾᏍᎩᏯᎢ, ᏚᎾᎧᏛᏃ ᏴᏫ ᏚᎾᎧᏛ ᎾᏍᎩᏯ ᎨᏒᎩ.
8. ᎠᎴ ᏚᏂᏍᏗᏰᎬᎩ ᎠᏂᎨᏴ ᏥᏚᏂᏍᏗᏰᎦ ᎾᏍᎩᏯᎢ, ᎠᎴ ᏓᏂᏄᏙᎬ ᏢᏓᏥ ᎤᏂᏃᏕᎾ ᏥᏓᏂᏄᏙᎦ ᎾᏍᎩᏯ ᎨᏒᎩ.
9. ᎠᎴ ᏚᎾᏓᏁᏣᏍᏚᎸᎩ ᏔᎷᎩᏍᎩ ᏗᎪᏢᏔᏅᎯ ᏗᏓᏁᏣᏍᏚᎶ ᎾᏍᎩᏯᎢ; ᏗᏂᏃᎨᏂᏃ ᏚᏃᏴᎬ ᎤᏂᏣᏘ ᏐᏈᎵ ᏓᏆᎴᎷ ᏥᏓᏂᎾᏏᏂᏐ ᏓᎿᎭᏩ ᏣᎾᎢᏐ ᎾᏍᎩᏯ ᎨᏒᎩ.
10. ᏗᏂᏙᎬᏃ ᏗᎾᏓᏨᏯᏍᎩ ᏥᎩ ᎾᏍᎩᏯ ᏓᏂᏂᏓᏛᎩ, ᎠᎴ ᏧᎾᏓᏨᏯᏍᏙᏗ ᏗᏂᏙᎬ ᏚᏙᏢᏒᎩ; ᎠᎴ ᎤᏂᎲᎩ ᎪᎱᏍᏗ ᏧᏅᏁᏗᏱ ᏴᏫ ᎯᏍᎩ ᎢᏯᏅᏙ.
11. ᎠᎴ ᎤᎬᏫᏳᎯ ᎤᏂᎧᎲᎩ ᎾᏍᎩ ᏗᎧᎿᎭᏩᏗᏙᎯ ᏥᎩ ᎾᏍᎩ ᏫᎾᏍᏛᎾ ᎠᏔᎴᏒᎢ, ᎾᏍᎩᏃ ᎠᏂᏈᎷ ᎤᏂᏬᏂᎯᏍᏗ ᎠᏆᏙᎾ ᏚᏙᎥ, ᎠᏂᎪᎢᏍᎩᏂ ᎤᏂᏬᏂᎯᏍᏗ ᎨᏒ ᎠᏉᎵᏯᏂ ᏚᏙᎥ.
12. ᏌᏉ ᎤᏲ ᎨᏒ ᎤᎶᏐᏅ; ᎬᏂᏳᏉᏃ ᎠᏏ ᏔᎵ ᎤᏲ ᎨᏒ ᏙᏛᏍᏆᎸᎯ.
13. ᏑᏓᎵᏁᏃ ᎨᏒ ᏗᎧᎿᎭᏩᏗᏙᎯ ᎤᏤᎷᎯᏒᎩ, ᎩᎶᏃ ᎧᏁᎬ ᎠᏆᏛᎦᏅᎩ ᏛᏓᎴᎲᏍᎬᎩ ᏅᎩ ᏂᏕᎤᎷᎬ ᎠᏕᎸᏓᎶᏂᎨ ᎪᏢᏔᏅᎯ ᎠᏥᎸ-ᎨᎳᏍᏗᏱ ᎾᏍᎩ ᎤᏁᎳᏅᎯ ᏄᏛᏅ ᎢᎬᏱᏗᏢ ᏥᎦᎧᎭ,
14. ᎯᎠ ᎾᏥᏪᏎᎲᎩ ᏑᏓᎵᏁ ᎨᏒ ᏗᎧᎿᎭᏩᏗᏙᎯ ᎠᏤᎷᎩ ᎦᏁᎯ, ᏔᎸᏒ ᎾᏍᎩ Ꮎ ᏅᎩ ᎢᏯᏂᏛ ᏗᏂᎧᎿᎭᏩᏗᏙᎯ ᎤᏔᏅ ᎡᏉᏂ ᎤᏪᏴ ᎷᏇᏗ ᏥᏕᎨᎦᎸᎥ.
15. ᎠᎴ ᎾᏍᎩ Ꮎ ᏅᎩ ᎢᏯᏂᏛ ᏗᎾᎧᎿᎭᏩᏗᏙᎯ ᏕᎨᎦᎸᏒᎲᎩ, ᎾᏍᎩ ᎨᎦᏛᏅᎢᏍᏔᏅᎩ ᏌᏉ ᏅᏙ ᎢᏳᏟᎶᏛ ᎢᎪᎯᏛ ᎨᏒᎢ, ᎠᎴ ᏏᎦ ᎨᏒ, ᎠᎴ ᏏᏅᏙ ᎨᏒ, ᎠᎴ ᏑᏕᏘᏴᏛ ᎨᏒᎢ, ᎾᏍᎩ ᏧᏂᎯᏍᏗᏱ ᏦᎢ ᎢᎨᏥᏛᎯ ᏴᏫ ᎾᏍᎩ ᏌᏉ ᎢᏳᏂᏨᎯ ᎨᏒᎢ.
16. ᎠᎴ ᎠᏂᏯᏫᏍᎩ ᏐᏈᎵ ᏧᎾᎩᎸᏗ ᏔᎵᏧᏈ ᎢᏳᏆᏗᏅᏛ ᎾᏂᎥᎩ; ᎠᎴ ᎠᏆᏛᎦᏅᎩ ᎾᏂᎥᎢ.
17. ᎾᏍᎩᏃ ᎯᎠ ᏄᎾᏍᏛᎩ ᎥᎦᏥᎪᎥᎩ ᏐᏈᎵ ᎠᏆᏁᎳᏫᏎᎲᎢ, ᎠᎴ ᎾᏍᎩ ᎾᎿᎭᏧᎾᎩᎵ, ᏮᎾᏓᏁᏣᏍᏚᎸᎩ ᎠᏥᎸ ᎠᎴ ᏅᏯ ᏤᏏᏂ ᏧᏙᎢᏛ, ᎠᎴ ᏌᎪᏂᎨ ᎠᏓᏪᎳᎩᏍᎩ ᏗᎪᏢᏔᏅᎯ. ᏗᏂᏍᎪᎵᏃ ᏐᏈᎵ ᎠᏓᏥ ᎤᏂᏃᏕᏅ ᏥᏓᏂᏍᎫᏓᏛ ᎾᏍᎩᏯ ᎨᏒᎩ; ᏗᏂᎰᎵᏃ ᏓᎦᏄᎪᎬᎩ ᎠᏥᎸ ᎠᎴ ᏧᎦᏒᏍᏗ ᎠᎴ ᏌᎪᏂᎨ ᎠᏓᏪᎳᎩᏍᎩ.
18. ᎯᎠ ᎾᏍᎩ ᏦᎢ ᎢᏳᏓᎴᎩ ᎨᏒ ᏓᏅᏗᏍᎬ, ᏴᏫ ᏦᎢ ᎢᎨᏥᏛᎯ ᎨᏒ ᎾᏍᎩ ᏌᏉ ᎢᏳᏂᏨᎯ ᏕᎨᏥᎸᎩ, ᎾᏍᎩ ᎠᏥᎸ ᎬᏗ, ᎠᎴ ᏧᎦᏒᏍᏗ ᎬᏗ, ᎠᎴ ᏌᎪᏂᎨ ᎠᏓᏪᎳᎩᏍᎩ ᎬᏗ, ᎾᏍᎩ ᏗᏂᎰᎵ ᏥᏙᏓᎦᏄᎪᎬᎢ.
19. ᎪᎱᏍᏗᏰᏃ ᎤᎾᏓᏛᏁᏗᏱ ᏗᏂᎰᎵ ᎠᎴ ᏓᏂᏂᏓᏛ ᏛᏓᎴᎲᏍᎬᎩ; ᏓᏂᏂᏓᏛᏰᏃ ᎢᎾᏛ ᏥᏄᏍᏗ ᎾᏍᎩᏯ ᎨᏒᎩ, ᎠᎴ ᏓᏂᏍᎫᏓᏛᎩ, ᎠᎴ ᎾᏍᎩ ᏓᏅᏗᏍᎬᎩ ᎪᎱᏍᏗ ᎠᎾᏓᏛᏁᎲᎩ.
20. ᎠᎴ ᎠᏂᏐᎢ ᏴᏫ ᎯᎠ ᎾᏍᎩ ᎤᏕᏯᏙᏗ ᎨᏒ ᏧᏂᎸᎯ ᏂᎨᏒᎾ, ᎠᏏᏉ ᎥᏝ ᏱᏓᏂᏁᏟᏴᏍᎨ ᏚᎾᏓᏅᏛ ᎤᏲ ᏯᏂᏰᎸᏍᎨ ᏧᏃᏰᏂ ᎬᏗ ᏚᏂᎸᏫᏍᏓᏁᎸᎢ, ᎾᏍᎩ ᎠᏂᏍᎩᎾ ᏧᎾᏓᏙᎵᏍᏓᏁᏗᏱ ᏂᎨᏒᎾ ᎢᏳᎵᏍᏙᏗᏱ, ᎠᎴ ᎤᏁᎳᏅᎯ ᏗᏰᎸᎯ ᎠᏕᎸ ᏓᎶᏂᎨ ᏗᎪᏢᏔᏅᎯ, ᎠᎴ ᎠᏕᎸ ᎤᏁᎬ, ᎠᎴ ᎥᏣᏱ, ᎠᎴ ᏅᏯ, ᎠᎴ ᎠᏓ ᏗᎪᏢᏔᏅᎯ; ᎾᏍᎩ ᎬᏩᏂᎪᏩᏗ ᏂᎨᏒᎾ ᏥᎩ, ᎠᎴ ᎬᏩᎾᏛᎪᏗ ᏂᎨᏒᎾ ᏥᎩ, ᎠᎴ ᎬᏩᏁᏓᏍᏗ ᏂᎨᏒᎾ ᏥᎩ.
21. ᎥᏝ ᎠᎴ ᎤᏲ ᏳᏂᏰᎸᏅ ᏚᎾᏓᎸᎢ, ᎠᎴ ᏚᎾᏙᏅᎸᎢ, ᎠᎴ ᎤᏕᎵᏛ ᏚᎾᏂᏏᏂᏙᎸᎢ, ᎠᎴ ᎤᏂᏃᏍᎩᏒᎢ.

== Revelation of John 10 ==
1. ᎠᎴ ᏅᏩᏓᎴ ᎤᎵᏂᎩᏛ ᏗᎧᎿᎭᏩᏗᏙᎯ ᎥᏥᎪᎥᎩ ᎦᎸᎳᏗ ᏓᏳᏠᎠᏒᎩ, ᎤᎶᎩᎸ ᎤᏄᏬᏍᏛᎩ; ᎠᎴ ᎠᏍᎪᎵ ᎤᏅᎪᎳᏛᎩ, ᎠᎴ ᎤᎧᏛ ᏅᏙ ᎢᎦ ᎡᎯ ᎾᏍᎩᏯ ᎨᏒᎩ, ᏧᎳᏏᏕᏂᏃ ᏗᎦᎫᏍᏛᏗ ᎠᏥᎸ ᏗᎪᏢᏔᏅᎯ ᎾᏍᎩᏯ ᎨᏒᎩ.
2. ᎪᏪᎵᏃ ᎤᏍᏗ ᎤᏒᎦᎸᎩ ᎠᏍᏚᎢᏛ; ᎠᎦᏘᏏᏃ ᎤᎳᏏᏕᏂ ᎠᎺᏉᎯ ᎤᎳᏏᏅᎩ, ᎠᎦᏍᎦᏂᏃ [ᎤᎳᏏᏕᏂ] ᎦᏙᎯ ᎤᎳᏏᏅᎩ,
3. ᎠᎴ ᎠᏍᏓᏯ ᎤᏪᎷᏅᎩ, ᏢᏓᏥ ᎤᏃᏕᏅ ᏣᏴᎪ ᎾᏍᎩᏯᎢ; ᎾᏍᎩᏃ ᎤᏪᎷᏅ, ᎦᎵᏉᎩ ᎠᏂᏴᏓᏆᎶᏍᎩ ᎤᏂᏴᏓᏆᎶᎥᎩ.
4. ᎠᎴ ᎦᎵᏉᎩ ᎠᏂᏴᏓᏆᎶᏍᎩ ᎤᏂᏴᏓᏆᎶᎥ, ᏓᎪᏪᎳᏂᏒᎩ; ᎠᏆᏛᎦᏅᎩᏃ ᎧᏁᎬ ᎦᎸᎳᏗ ᏓᏳᎶᏒᎩ ᎯᎠ ᏅᏛᎩᏪᏎᎲᎩ, ᏘᏍᏚᎲᎦᏉ ᎾᏍᎩ ᎦᎵᏉᎩ ᎠᏂᏴᏓᏆᏍᎩ ᏄᏂᏪᏒᎢ, ᎠᎴ ᏞᏍᏗ ᏦᏪᎳᏅᎩ.
5. ᏗᎧᎿᎭᏩᏗᏙᎯᏃ ᏥᎪᎥᎯ ᎠᎺᏉᎯ ᎠᎴ ᎦᏙᎯ ᏧᏔᏏᏅᎯ, ᎦᎸᎳᏗ ᎢᏗᏢ ᎤᏌᎳᏓᏅᎩ ᎤᏬᏰᏂ,
6. ᎠᎴ ᎤᏁᎢᏍᏔᏅᎩ, ᎾᏍᎩ Ꮎ ᏂᎪᎯᎸ ᎠᎴ ᏂᎪᎯᎸ ᏤᎭ, ᎾᏍᎩ ᎦᎸᎶᎢ ᎤᏬᏢᏅᎯ ᏥᎩ, ᎠᎴ ᎾᏍᎩ ᎾᎿᎭᏤᎿᎭᎠ, ᎠᎴ ᎡᎶᎯ, ᎠᎴ ᎾᏍᎩ ᎾᎿᎭᏤᎿᎭᎠ, ᎠᎴ ᎠᎺᏉᎯ, ᎠᎴ ᎾᏍᎩ ᎾᎿᎭᏤᎿᎭᎠ, ᎥᏝ ᎿᎭᏉ ᎤᏟ ᎢᎪᎯᏛ ᏱᎪᎯᏗᏏᏎᏍᏗ ᎤᏛᏅᎩ.
7. ᎦᎵᏉᎩᏁᏍᎩᏂ ᏗᎧᎿᎭᏩᏗᏙᎯ ᎧᏁᏨᎭ ᎢᏳᎢ, ᎿᎭᏉ ᎠᎴᏅᎲᎭ ᎠᏤᎷᎯᏒᎭ, ᎤᏕᎵᏛ ᎤᏁᎳᏅᎯ ᎤᏤᎵᎦ ᎤᎵᏰᎢᎶᎯᏍᏗ ᎨᏎᏍᏗ, ᎾᏍᎩᏯ ᎬᏂᎨᏒ ᏂᏚᏩᏁᎸ ᏧᏅᏏᏓᏍᏗ ᎠᎾᏙᎴᎰᏍᎩ.
8. ᎧᏁᎬᏃ ᎠᏆᏛᎦᏅᎯ ᎦᎸᎳᏗ ᏅᏓᏳᏓᎴᏅᎯ ᏔᎵᏁ ᎠᎩᏁᏤᎸᎩ, ᎠᎴ ᎯᎠ ᏄᏪᏒᎩ, ᎮᎾ, ᎠᎴ ᏫᎾᎩ ᎤᏍᏗ ᎪᏪᎵ ᎠᏍᏚᎢᏛ ᏧᏒᎦᎸ ᏗᎧᎿᎭᏩᏗᏙᎯ ᏥᎦᏙᎦ ᏥᏚᎳᏍᎦ ᎠᎺᏉᎯ ᎠᎴ ᎦᏙᎯ.
9. ᎠᏇᏅᏒᎩᏃ ᏗᎧᎿᎭᏩᏗᏙᎯ ᏗᎦᏙᎬᎢ, ᎠᎴ ᎯᎠ ᏅᏥᏪᏎᎸᎩ, ᏍᎩᏅᎥᏏ Ꮎ ᎤᏍᏗ ᎪᏪᎵ. ᎯᎠᏃ ᎾᎩᏪᏎᎸᎩ, ᎯᎾᎩ ᎠᎴ ᎯᏯᎣᎾ; ᏣᏍᏉᎵᏱᏃ ᏩᏚᎵᏏ ᏥᏄᎦᎾᎯ ᎢᏳᎦᎾᏍᏛ ᏅᏓᏨᏁᎵ.
10. ᎪᏪᎵᏃ ᎤᏍᏗ ᏗᎧᎿᎭᏩᏗᏙᎯ ᎤᏒᎦᎸ ᏩᎩᏁᏒᎩ, ᎠᎴ ᎠᎩᏯᎣᏅᎩ; ᏥᎰᎵᏃ ᎠᏆᏅᏍᎦᎸ ᏩᏚᎵᏏ ᏥᏄᎦᎾᎯ ᏄᎦᎾᏒᎩ; ᎠᎩᏯᎥᏃ ᎠᎩᏍᏉᎵᏱ ᎡᎯᏍᏗᏳ ᏄᏩᏁᎸᎩ.
11. ᎯᎠᏃ ᎾᎩᏪᏎᎸᎩ, ᏔᎵᏁ ᏛᎭᏙᎴᎰᏏ ᎤᏂᏣᏘ ᎠᏂᎦᏔᎲᎢ, ᎠᎴ ᏑᎾᏓᎴᎩ ᎠᏁᎲ ᏴᏫ, ᎠᎴ ᏧᏓᎴᏅᏛ ᏗᏂᏬᏂᏍᎩ ᎨᏒ ᏴᏫ, ᎠᎴ ᏧᎾᏓᎴᏅᏛ ᎤᏂᎬᏫᏳᎯ.

== Revelation of John 11 ==
1. ᎠᎴ ᎦᎾᏍᏓ ᎥᎩᏕᎸᎩ ᎠᏙᎳᏅᏍᏗ ᎾᏍᎩᏯᎢ; ᏗᎧᎿᎭᏩᏗᏙᎯᏃ ᎤᎴᏅᎩ, ᎯᎠ ᏄᏪᏒᎩ, ᏔᎴᎲᎦ, ᎠᎴ ᎭᏟᎶᏣ ᎤᏁᎳᏅᎯ ᎤᏤᎵ ᏗᎦᎳᏫᎢᏍᏗᏱ, ᎠᎴ ᎠᏥᎸ-ᎨᎳᏍᏗᏱ, ᎠᎴ ᎾᏍᎩ Ꮎ ᎠᎾᏓᏙᎵᏍᏗᏍᎩ ᏥᎩ ᎾᎿᎭᏂ.
2. ᎤᏜᏓᏅᏛᏍᎩᏂ ᏗᎦᎳᏫᎢᏍᏗᏱ ᏙᏱᏗᏢ ᏥᎪᏢᎭ, ᎯᏃᎯᏴᎭ, ᎠᎴ ᏞᏍᏗ ᏣᏟᎶᎥᎩ, ᏧᎾᏓᎴᏅᏛᏰᏃ ᏴᏫ ᎨᏥᏁᎸᎯ ᎾᏍᎩ; ᎠᎴ ᎦᎸᏉᏗᏳ ᎦᏚᎲ ᎤᎾᎳᏍᏓᎡᏗ ᎨᏎᏍᏗ ᏅᎦᏍᎪᎯ ᏔᎵᎦᎵ ᎢᏯᏅᏙ.
3. ᏗᏆᏤᎵᏃ ᎠᏂᏔᎵ ᎠᏂᎦᏔᎯ ᏓᎦᏥᏁᎵ [ᎤᎾᏙᎴᎰᎯᏍᏗᏱ] ᎠᎴ ᎠᎾᏙᎴᎰᏍᎨᏍᏗ ᏌᏉ ᎢᏯᎦᏴᎵ ᏔᎵᏧᏈ ᏑᏓᎵᏍᎪᎯᏃ ᏧᏒᎯᏛ, ᏧᏏᏕᏅ ᏚᎾᏄᏩᎡᏍᏗ.
4. ᎯᎠ ᎾᏍᎩ ᎣᎵᏩ ᏔᎵ ᏕᏡᎬᎢ, ᎠᎴ ᏔᎵ ᏗᏨᏍᏙᏗ ᏗᎦᎪᏙᏗᏱ ᏥᏕᎦᎧᎭ ᎤᏁᎳᏅᎯ ᎡᎶᎯ ᎤᏬᏢᏅᎯ ᏄᏛᏅ ᎢᎬᏱᏗᏢ.
5. ᎢᏳᏃ ᎩᎶ ᎪᎱᏍᏗ ᏙᎬᏁᎮᏍᏗ ᎾᏍᎩ, ᎠᏥᎸ ᏗᏂᎰᎵ ᏗᎦᏄᎪᎨᏍᏗ, ᎠᎴ ᎤᏂᏛᏗᏍᎨᏍᏗ ᎬᏩᏂᏍᎦᎩ; ᎢᏳ ᎠᎴ ᎩᎶ ᎪᎱᏍᏗ ᏧᏩᏁᏗᏱ ᎤᏚᎵᏍᎨᏍᏗ, ᎾᏍᎩ ᎢᏯᎬᏁᏗ ᎠᏥᎢᏍᏗ ᎨᏎᏍᏗ.
6. ᎯᎠ ᎾᏍᎩ ᎤᏂᎭ ᎦᎸᎳᏗ ᎤᏂᏍᏚᏗᏱ, ᎾᏍᎩ ᎤᎦᏅᏗᏱ ᏂᎨᏒᎾ ᎠᎾᏙᎡᎰᏍᎬ ᎢᎪᎯᏛ; ᎠᎴ ᎤᏂᎭ ᎠᎹᏱ ᏚᏪᏯᏗᏒ ᎩᎬ ᎢᏧᏅᏁᏗᏱ, ᎠᎴ ᎾᏍᎩ ᎢᏳᏅᏂᏐᏗᏱ ᏂᎦᎥᏉ ᎤᏕᏯᏙᏗ ᎨᏒ ᎡᎶᎯ ᎤᎷᏤᏗᏱ ᎢᎦᎢᏉ ᎠᏁᎵᏍᎬᎢ.
7. ᎿᎭᏉᏃ ᎤᏂᏍᏆᏛ ᎾᏍᎩ ᎤᏂᏃᎮᏗ ᎨᏒᎢ, ᏅᎩ-ᏗᎦᏅᏌᏗ ᎾᏍᎩ ᏫᎾᏍᏛᎾ ᎠᏔᎴᏒ ᏨᏗᎦᎾᏄᎪᎦ ᏓᎿᎭᏩ ᏅᏓᎬᏁᎵ ᏓᏳᎾᏡᏔᏂ, ᎠᎴ ᏓᏳᏂᏎᎪᎩᏏ, ᎠᎴ ᏙᏓᏳᏂᎵ.
8. ᎾᏍᎩᏃ ᏧᏂᏲᎱᏒᎯ ᏗᏂᏰᎸᎢ ᏕᎦᏁᏍᏗ ᏕᎦᎳᏅᏛ ᎡᏓᏍᏗᏱ ᎡᏆ ᎦᏚᎲᎢ, ᎾᏍᎩ ᏓᏟᎶᏍᏛ ᏐᏓᎻ ᏣᏃᏎᎭ ᎠᎴ ᎢᏥᏈ, ᎾᎿᎭᎾᏍᏉ ᎤᎬᏫᏳᎯ ᎢᎦᏤᎵ ᎠᏥᎸᎢ.
9. ᎢᎦᏛᏃ ᎾᏍᎩ Ꮎ ᏴᏫ, ᎠᎴ ᎪᎱᏍᏗ ᏗᎾᏓᏛᎿᎭᎨᏒᎢ, ᎠᎴ ᏧᏓᎴᏅᏛ ᏗᏂᏬᏂᏍᎩ ᎨᏒᎢ, ᎠᎴ ᎤᎾᏓᏤᎵᏛ ᏴᏫ ᏓᏁᏩᏗᏒᎢ, ᏓᏂᎪᏩᏗᏍᎨᏍᏗ ᏧᏂᏲᎱᏒᎯ ᏗᏂᏰᎸᎢ ᏦᎢ ᎢᎦ ᏅᎩᏁᏃ ᎠᏰᎵ, ᎥᏝᏃ ᎤᏁᎳᎩ ᎤᏁᎵᏍᏗ ᏱᎨᏎᏍᏗ ᏧᏂᏲᎱᏒᎯ ᏗᏂᏰᎸ ᏗᏓᏂᏐᏗᏱ ᏧᏂᏅᏗᏱ.
10. ᎿᎭᏃ ᎡᎶᎯ ᎠᏁᎯ ᏛᎾᎵᎮᎵᏥ ᎾᏍᎩ ᎨᏒ ᏅᏗᎦᏍᏙᏗᏍᎨᏍᏗ, ᎠᎴ ᎣᏍᏛ ᎤᎾᏓᏅᏔᏩᏕᎨᏍᏗ, ᎠᎴ ᎪᎱᏍᏗ ᏓᎾᏓᏁᎸᎥᏍᎨᏍᏗ; ᎯᎠᏰᏃ ᎠᏂᏔᎵ ᎠᎾᏙᎴᎰᏍᎩ ᎬᏩᏂᎩᎵᏲᎢᏍᏔᏅᎩ ᎾᏍᎩ Ꮎ ᎡᎶᎯ ᎠᏁᎯ.
11. ᏦᎢᏃ ᎢᎦ ᏅᎩᏁᏃ ᎠᏰᎵ ᎤᎶᏐᏅ ᎠᏓᏅᏙ ᎬᏂᏛ ᎠᏓᏁᎯ ᎤᏁᎳᏅᎯ ᏅᏓᏳᎵᏍᎪᎸᏔᏅᎯ ᎬᏩᏂᏴᎸᎩ, ᎠᎴ ᏚᎾᎴᏅᎩ, ᎾᏍᎩᏃ ᎬᏩᏂᎪᎲᎯ ᎤᏣᏘ ᎤᏂᎾᏰᏒᎩ.
12. ᎤᎾᏛᎦᏅᎩᏃ ᎠᏍᏓᏯ ᏗᎧᏁᎬ ᎦᎸᎳᏗ ᏅᏓᏳᏓᎴᏅᎯ, ᎯᎠ ᏄᏂᏪᏎᎲᎢ, ᎡᏍᏓᎩᎳᏩ ᎠᏂ ᎢᏍᏗᎷᎩ. ᎦᎸᎳᏗᏃ ᏭᏂᎶᏒᎩ ᎤᎶᎩᎸ ᎤᎾᎵᏌᎳᏓᏅᎩ. ᎠᎴ ᎬᏩᏂᏍᎦᎩ ᎬᏩᏂᎪᎲᎩ.
13. ᎾᎯᏳᏉᏃ ᎧᎳᏩᏗᏒ ᎤᏣᏘ ᎤᎵᏖᎸᏅᎩ ᎦᏙᎯ, ᎠᏍᎪᎯᏃ ᎢᎦᏛᎯ ᎨᏒ ᎦᏚᎲ ᎾᏍᎩ ᏌᏉ ᎢᏳᏪᏨᎯ ᎤᏲᏨᎩ, ᎦᏙᎯᏃ ᎠᎵᏖᎸᎲᏍᎬ ᎢᏳᎢ ᎦᎸᏉᎩ ᎢᏯᎦᏴᎵ ᏴᏫ ᏙᎨᏥᎸᎩ; ᎤᎾᎵᏃᎯᏴᎯᏃ ᎤᏂᏍᎦᎸᎩ, ᎠᎴ ᎦᎸᎳᏗ ᎡᎯ ᎤᏁᎳᏅᎯ ᎤᏂᎸᏉᏔᏅᎩ.
14. ᏔᎵᏁ ᎤᏲ ᎨᏒ ᎤᎶᏐᏅ; ᎬᏂᏳᏉ ᏦᎢᏁ ᎤᏲ ᎬᏒ ᏞᎩᏳ ᏓᎦᎷᏥ.
15. ᎦᎵᏉᎩᏁᏃ ᎨᏒ ᏗᎧᎿᎭᏩᏗᏙᎯ ᎤᏤᎷᎯᏒᎩ; ᎠᎴ ᎦᎸᎳᏗ ᎢᏴᏛ ᎠᏍᏓᏯ ᏗᎧᏁᎬᎩ ᎩᎶᎢ, ᎯᎠ ᏅᏓᎦᏪᏍᎬᎩ, ᎠᏰᎵ ᏕᎪᏢᏩᏗᏒ ᎠᏂ ᎡᎶᎯ, ᎢᎦᏤᎵ ᎤᎬᏫᏳᎯ, ᎠᎴ ᎾᏍᎩ Ꮎ ᎤᏤᎵ ᎦᎶᏁᏛ ᏧᎾᏤᎵ ᏂᏕᎦᎵᏍᏓ; ᎠᎴ ᎾᏍᎩ Ꮎ ᏂᎪᎯᎸ ᎠᎴ ᏂᎪᎯᎸ ᎤᎬᏫᏳᎯ ᎨᏎᏍᏗ.
16. ᏅᎩᏦᏁᏃ ᎢᏯᏂᏛ ᏧᎾᏛᏐᏅᎯ ᎾᏍᎩ ᎤᏁᎳᏅᎯ ᏄᏛᏅ ᎢᎬᏱᏗᏢ ᏕᎦᏍᎩᎸ ᏣᏂᏅᎩ, ᏚᎾᎵᏯᏍᏚᏅᎩ, ᎠᎴ ᎤᎾᏓᏙᎵᏍᏓᏁᎸᎩ ᎤᏁᎳᏅᎯ,
17. ᎯᎠ ᏄᏂᏪᏒᎩ, ᎢᏨᏯᎵᏒᎵᏤᎭ, ᏂᎯ ᏣᎬᏫᏳᎯ ᏣᏁᎳᏅᎯ, ᏫᎾᏍᏛᎾ ᏣᎵᏂᎩᏛ, ᏂᎯ ᎾᏍᎩ ᏤᎭ, ᎠᎴ ᎾᏍᎩ ᏤᎲᎩ, ᎠᎴ ᎾᏍᎩ ᏤᎮᏍᏗ; ᏅᏗᎦᎵᏍᏙᏗᎭ ᏥᏣᎩᏒ ᎤᏣᏘ ᏣᎵᏂᎩᏗᏳ ᎨᏒᎢ, ᎠᎴ ᏣᎬᏫᏳᎯ ᏥᏂᏣᎵᏍᏔᏅ.
18. ᎤᎾᏓᏤᎵᏛᏃ ᏴᏫ ᏓᏁᏩᏗᏒ ᎤᏂᎿᎭᎸᏨᎩ, ᎠᎴ ᏂᎯ ᎾᎯᏳ ᏣᏔᎳᏬᎯᏍᏗ ᎨᏒ ᎤᏍᏆᎸᎲ, ᎠᎴ ᎾᎯᏳ ᏧᏂᏲᎱᏒᎯ ᏗᎨᎫᎪᏓᏁᏗ ᎨᏒᎢ, ᎠᎴ ᎾᏍᎩ ᏔᎫᏴᎡᏗ ᎨᏒ ᏘᏅᏏᏓᏍᏗ ᎠᎾᏙᎴᎰᏍᎩ, ᎠᎴ ᎤᎾᏓᏅᏘ, ᎠᎴ ᎾᏍᎩ Ꮎ ᏕᏣᏙᎥ ᎠᏂᎾᏰᏍᎩ, ᏧᎾᏍᏗ ᎠᎴ ᎾᏍᏉ ᏧᎾᏛᎾ; ᎠᎴ ᏗᏛᏙᏗᏱ ᎾᏍᎩ Ꮎ ᎡᎶᎯ ᎠᏂᏛᏗᏍᎩ ᎨᏒᎢ.
19. ᎤᏁᎳᏅᎯᏃ ᎤᏤᎵ ᏗᎦᎳᏫᎢᏍᏗᏱ ᏓᏳᏂᏍᏚᎢᏒᎩ ᎦᎸᎳᏗ, ᎠᎴ ᏩᎪᏩᏛᏗ ᎨᏒᎩ ᎾᎿᎭᎤᏤᎵ ᏗᎦᎳᏫᎢᏍᏗᏱ ᎦᏁᏌᎢ ᏗᎧᎿᎭᏩᏛᏍᏗ ᏗᎦᎶᏗ; ᎠᎴ ᏚᎾᎦᎸᎲᎩ, ᎠᎴ ᏚᏂᏁᏨᎩ, ᎠᎴ ᏚᏴᏓᏆᎶᎥᎩ, ᎠᎴ ᎪᏙᎯ ᎤᎵᏖᎸᏅᎩ, ᎠᎴ ᎤᏍᎦᏎᏗ ᎤᏁᏐᎠᏒᎩ.

== Revelation of John 12 ==
1. ᎦᎸᎶᎢᏃ ᎦᎸᏉᏗ ᎤᏰᎸᏛ ᎤᎾᏄᎪᏨᎩ; ᎠᎨᏴ ᏅᏙ ᎢᎦ-ᎡᎯ ᎤᏄᏬᏍᏛᎩ, ᏅᏙᏃ ᏒᏃᏱ-ᎡᎯ ᎤᎳᏍᏓᎥᎩ, ᎤᎵᏍᏚᎸᎩᏃ ᎠᎵᏍᏚᎶ ᏔᏔᏚ ᏃᏈᏏ ᏗᎪᏢᏔᏅᎯ.
2. ᎾᏍᎩᏃ ᎦᏁᎵᏛ ᎨᏒ ᎢᏳᏍᏗ, ᎤᏪᎷᏅᎩ ᎠᎴ ᎤᎾᏄᎪᏫᏏᏕᎾ ᎨᏒᎩ, ᎠᎴ ᎡᎯᏍᏗ ᎤᏓᏅᏛ ᎤᏚᎵᏍᎬᎩ ᎤᎾᏄᎪᏫᏍᏗᏱ [ᎠᏲᎵ.]
3. ᎠᎴ ᏅᏩᏓᎴ ᎤᏍᏆᏂᎪᏗ ᎤᎾᏄᎪᏨᎩ ᎦᎸᎳᏗ; ᎠᎴ ᎬᏂᏳᏉ ᎤᏔᏅ ᎩᎦᎨ ᎢᎾᏛ [ᏫᏥᎪᎥᎩ,] ᎦᎸᏉᎩ ᏓᏍᎫᏓᏛᎩ, ᎠᎴ ᎠᏍᎪᎯ ᏕᎤᎷᎬᎩ, ᎠᎴ ᎦᎵᏉᎩ ᏚᎵᏍᏚᎸᎩ ᏓᏍᎫᏓᏛᎢ.
4. ᎦᏂᏓᏛᏃ ᏃᏈᏏ ᎦᎸᎳᏗ ᎠᏂᎧᎸ ᏦᎢ ᎢᏗᎦᏛᎯ ᎨᏒ ᎾᏍᎩ ᏌᏉ ᎢᏳᏪᏨᎯ ᏕᎤᏎᏒᏔᏅᎩ, ᎠᎴ ᎦᏙᎯ ᏫᏚᏗᏅᏒᎩ; ᎢᎾᏛᏃ ᎢᎬᏱᏗᏢ ᎤᎴᏅᎩ ᎠᎨᏴ ᏄᏛᏅᎢ, ᎾᏍᎩ ᎤᎾᏄᎪᏫᏏᏕᎾ [ᎠᏲᎵ] ᎾᏍᎩ ᎤᏕᏃᏅᎯᏉ ᎤᏪᏯᎣᎲᏍᏗᏱ ᎤᏰᎸᏒᎩ.
5. ᎠᏍᎦᏯᏃ ᎠᏲᎵ ᎤᎾᏄᎪᏫᏒᎩ ᎾᏍᎩ ᎠᏙᎳᏅᏍᏗ ᏔᎷᎩᏍᎩ ᎪᏢᏔᏅᎯ ᎤᏮᏙᏗ ᎨᏒᎩ ᏗᎬᏩᏁᎶᏙᏗᏱ ᎢᏳᏩᏁᏗᏱ ᏂᎦᏛ ᎤᎾᏓᏤᎵᏛ ᏓᏁᏩᏗᏒ ᏴᏫ; ᎾᏍᎩ ᎤᏪᏥ ᎤᏁᎳᏅᏱ ᏩᏥᏅᏍᏔᏅᎩ, ᎠᎴ ᎤᎾᎳᏅᎯ ᎤᏪᏍᎩᎸᎢ.
6. ᎠᎨᏴᏃ ᎤᎵᏘᏒᎩ ᎢᎾᎨ ᏭᎶᏒᎩ, ᎾᎿᎭᎤᏁᎳᏅᎯ ᎤᏛᏅᎢᏍᏓᏁᎸᎢ, ᎾᏍᎩ ᎠᎨᎳᏍᏗᏱ ᏌᏉ ᎢᏯᎦᏴᎵ ᏔᎵᏧᏈ ᏑᏓᎵᏍᎪᎯ ᏧᏒᎯᏛ.
7. ᏓᎿᎭᏩᏃ ᏄᎵᏍᏔᏅᎩ ᎦᎸᎳᏗ; ᎹᏱᎩᎵ ᎠᎴ ᎾᏍᎩ ᏧᏤᎵ ᏗᏂᎧᎿᎭᏩᏗᏙᎯ ᏚᎾᎵᎸᎩ ᏚᏂᎦᏘᎸᏒᎩ ᎢᎾᏛ; ᎢᎾᏛᏃ ᎠᎴ ᎾᏍᎩ ᏧᏤᎵ ᏗᏂᎧᎿᎭᏩᏗᏙᎯ ᏚᎾᏟᏴᎲᎩ,
8. ᎠᎴ ᎥᏝ ᏳᎾᏓᏎᎪᎩᏎᎢ; ᎥᏝ ᎠᎴ ᎿᎭᏉ ᎢᎸᎯᏳ ᏳᏂᏩᏛᎮ ᎦᎸᎳᏗ ᎤᎾᏕᏗᏱ.
9. ᎾᏍᎩᏃ Ꮎ ᎤᏔᏅ ᎢᎾᏛ ᎠᏥᏄᎪᏫᏒᎩ, ᎾᏍᎩ Ꮎ ᎠᎦᏴᎵ ᎢᎾᏛ, ᎠᏍᎩᎾ ᏣᎪᏎᎭ, ᎠᎴ ᏎᏓᏂ, ᎾᏍᎩ ᏥᏕᎦᎶᏄᎮᎭ ᏂᎬᎾᏛ ᎡᎶᎯ [ᎠᏁᎯ;] ᎾᏍᎩ ᏓᏰᏥᏄᎪᏫᏒᎩ ᎡᎶᎯ ᏓᏰᎦᏓᎢᏅᏒᎩ, ᎠᎴ ᎾᏍᎩ ᏧᏤᎵ ᏗᏂᎧᎿᎭᏩᏗᏙᎯ ᎢᏧᎳᎭ ᏓᎨᏥᏄᎪᏫᏒᎩ.
10. ᎠᏆᏛᎦᏅᎩᏃ ᎠᏍᏓᏯ ᎧᏁᎬ ᎯᎠ ᏅᏗᎦᏪᏍᎬ ᎦᎸᎳᏗ, ᎿᎭᏉ ᎠᎵᏰᎢᎶᎦ ᎠᎵᏍᏕᎸᏙᏗ ᎨᏒ ᎠᎴ ᎤᎵᏂᎩᏛ ᎨᏒᎢ, ᎠᎴ ᎢᎦᏁᎳᏅᎯ ᎾᎿᎭᎤᎬᏫᏳᎯ ᎨᏒᎢ, ᎠᎴ ᎤᎵᏂᎩᏗᏳ ᎨᏒ ᎦᎶᏁᏛ ᎾᏍᎩ ᎤᏤᎵᎦ; ᎢᏓᎵᏅᏟᏰᏃ ᎨᏒ ᎤᏄᎯᏍᏗᏍᎩ ᎡᎳᏗ ᏩᎦᏓᎤᎦ; ᎾᏍᎩ ᏧᏄᎯᏍᏗᏍᎬ ᎢᎦᏁᎳᏅᎯ ᎠᎦᏔᎲᎢ ᎢᎦ ᎠᎴ ᏒᏃᏱ ᏗᎬᏩᏜᏓᏍᏗ.
11. ᎠᎴ ᎬᏩᏎᎪᎩᏍᏔᏅᎩ ᎤᏃᏕᎾ ᎠᎩᎾ ᎤᎩᎬ, ᎠᎴ ᎬᏂᎨᏒ ᎾᏅᏁᎲ ᎤᏃᎯᏳᏒᎢ, ᎾᏍᎩ ᏓᏅᏅ ᏂᏚᏂᎸᏉᏛᎾ ᎨᏒᎢ.
12. ᎾᏍᎩ ᎢᏳᏍᏗ ᎢᏣᎵᎮᎵᎩ ᏂᎦ ᎦᎸᎶᎢ ᎨᏒᎢ, ᎠᎴ ᏂᎯ ᎾᎿᎭᏥᏤᎭ. ᎤᏲᎢᏳ ᎢᏣᎵᏍᏓᏁᏗ ᎡᎶᎯ ᎢᏤᎯ, ᎠᎴ ᎠᎺᏉᎯ ᎢᏤᎯ! ᎠᏍᎩᎾᏰᏃ ᎢᏣᏠᎠᏎᎵᎦ, ᎤᏣᏘ ᎤᏔᎳᏬᏍᎬᎢ ᎠᎦᏔᎭᏰᏃ ᎤᏍᏆᎳᎯᏳ ᎨᏒ ᎠᎦᎵᏍᎪᎸᏓᏁᎸᎢ.
13. ᎢᎾᏛᏃ ᎤᏙᎴᎰᏒ ᎦᏙᎯ ᏣᎦᏓᎢᏅᏒᎢ, ᎤᏕᏯᏙᏔᏅᎩ ᎠᎨᏴ ᎾᏍᎩ Ꮎ ᎠᏍᎦᏯ ᎤᎾᏄᎪᏫᏒᎯ.
14. ᎠᎨᏴᏃ ᏔᎵ ᏓᏥᏕᎸᎩ ᎠᏬᏎᎵ ᎤᏔᏅ ᏗᎧᏃᎨ, ᎾᏍᎩ ᎢᎾᎨ ᏭᏃᎯᎸᏍᏙᏗᏱ ᎠᏥᏰᎸᎾᏁᎸᎩ, ᎾᎿᎭᎤᏤᎵᎪᎯ ᏗᎨᏒᎢ, ᎾᎿᎭᎠᎨᎳᏍᏗᏱ ᏑᏕᏘᏴᏛ, ᎠᎴ ᏔᎵ ᏧᏕᏘᏴᏛ, ᎠᎴ ᎠᏰᎵ ᎢᏳᏕᏘᏴᏛ, ᎾᏍᎩ ᎠᏥᎧᎲᏍᏗᏱ ᎢᎾᏛ ᎠᎦᏔᎲᎢ.
15. ᎢᎾᏛᏃ ᎠᎰᎵ ᏓᏳᏄᎪᏫᏒᎩ ᎠᎹ ᏥᎦᏃᎱᎩᏍᎪ ᎾᏍᎩᏯᎢ, ᎠᎨᏴ ᎤᎨᎮᎩ ᎾᏍᎩ ᎦᏃᎱᎩᏍᎬ ᎤᏅᏍᏙᏗᏱ ᎤᏰᎸᏅᎩ.
16. ᎦᏙᎯᏃ ᎤᏍᏕᎸᎲᎩ ᎠᎨᏴ, ᎠᎴ ᎦᏙᎯ ᎤᏍᏚᎢᏒᎩ ᎠᎰᎵ ᎠᎴ ᎤᎩᏐᏅᎩ ᎦᏃᎱᎩᏍᎬ ᎾᏍᎩ ᎢᎾᏛ ᎠᎰᎵ ᏅᏓᏳᏄᎪᏫᏒᎯ.
17. ᎠᎴ ᎢᎾᏛ ᎤᎿᎭᎸᏤᎸᎩ ᎠᎨᏴ, ᎠᎴ ᏓᎿᎭᏩ ᎢᏧᏩᏁᏗᏱ ᎤᏰᎸᏅᎩ ᎤᎾᎵᏃᎯᏴᎯ ᎾᏍᎩ [ᎠᎨᏴ] ᎤᏁᏢᏔᏅᎯ ᎨᏒᎢ, ᎾᏍᎩ Ꮎ ᎠᏂᏍᏆᏂᎪᏗᏍᎩ ᏗᎧᎿᎭᏩᏛᏍᏗ ᎤᏁᎳᏅᎯ ᏧᏤᎵᎦ, ᎠᎴ ᎤᏂᎯ ᏥᏌ ᎦᎶᏁᏛ ᎤᏤᎵ ᎪᎯᏳᏗᏍᎩ.

== Revelation of John 13 ==
1. ᎠᎺᏉᎯᏃ ᎤᎶᏗ ᏃᏳᎯ ᎨᏒ ᎥᏆᎴᏔᏅᎩ, ᎠᎴ ᏅᎩ ᏗᎦᏅᏌᏗ ᏥᎪᎥᎩ ᎠᎺᏉᎯ ᏓᏳᏚᎩᏒᎩ, ᎦᎵᏉᎩ, ᏓᏍᎫᏓᏛᎩ ᎠᎴ ᎠᏍᎪᎯ ᏚᎷᎬᎩ, ᏚᎷᎬᏃ ᎠᏍᎪᎯ ᏚᎵᏍᏚᎸᎩ, ᏓᏍᎫᏓᏛᏃ ᎤᏁᎳᏅᎯ ᏚᏙᎥ ᎠᏐᏢᎢᏍᏙᏗ ᎨᏒ ᎪᏪᎸᎩ.
2. ᎿᎭᏃ ᏅᎩ ᏗᎦᏅᏌᏗ ᏥᎪᎥᎯ ᏢᏓᏥᏧᎶᎸᏗ ᎾᏍᎩᏯ ᎨᏒᎩ, ᏚᎳᏍᎬᏃ ᏲᏅᏥᏚᎳᏍᎦ ᎾᏍᎩᏯ ᎨᏒᎩ, ᎠᎰᎵᏃ ᏢᏓᏥ ᎤᏃᏕᏅ ᎠᎰᎵ ᏥᏄᏍᏙ ᎾᏍᎩᏯ ᎨᏒᎩ, ᎢᎾᏛᏃ ᎤᏁᎸᎩ ᎤᏤᎵ ᎤᎵᏂᎬᎬᎢ ᎠᎴ ᎤᏤᎵ ᎤᏪᏗᏱ ᎨᏒᎢ, ᎠᎴ ᎤᏣᏗ ᎢᏳᏛᏁᎵᏓᏍᏗᏱ ᎤᎵᏍᎪᎸᏓᏁᎸᎩ.
3. ᏌᏉᏃ ᎠᏍᎫᏓᏛ ᎠᎩᎪᎲᎩ ᎬᏩᏲᎱᎯᏍᏗ ᎢᏴᏛ ᏣᏥᏐᏅᏃ ᏓᏤᎸᎩ; ᎠᎴ ᎾᏍᎩ ᎬᏩᏲᎱᎯᏍᏗ ᎢᏴᏛ ᎠᏥᏐᏅᏅ ᎤᏗᏩᏒᎯ ᎨᏒᎩ; ᎠᎴ ᏂᎬᎾᏛ ᎡᎶᎯ [ᎠᏁᎯ] ᎠᏂᏍᏆᏂᎪᏍᎬᎩ [ᎠᎴ] ᎠᏂᏍᏓᏩᏗᏒᎩ ᎾᏍᎩ Ꮎ ᏅᎩ-ᏗᎦᏅᏌᏗ.
4. ᎠᎴ ᎤᎾᏓᏙᎵᏍᏓᏁᎸᎩ ᎢᎾᏛ ᎾᏍᎩ ᏅᎩ-ᏓᎦᏅᏌᏗ ᎤᎵᏂᎬᎬ ᎤᏁᎸᎯ ᎨᏒᎢ; ᎠᎴ ᎾᏍᎩ ᏅᎩ-ᏗᎦᏅᏌᏗ ᎤᎾᏓᏙᎵᏍᏓᏁᎸᎩ, ᎯᎠ ᎾᏂᏪᏍᎬᎩ, ᎦᎪ ᏅᎩ-ᏗᎦᏅᏌᏗ ᏄᏍᏛ ᎾᏍᎩᏯ ᏄᏍᏗ? ᎦᎪ ᏰᎵ ᎾᏍᎩ ᏓᎿᎭᏩ ᏱᎾᏅᎦ?
5. ᎠᎴ ᎠᎰᎵ ᎠᏥᏁᎸᎩ ᎾᏍᎩ ᎬᏗᏍᎬ ᎤᏣᏘ ᎠᏢᏈᏍᏗ ᎨᏒ ᎦᏬᏂᏍᎬᎩ ᎠᎴ ᎠᏐᏢᎢᏍᏗᏍᎬᎩ; ᎠᎴ ᎠᎦᎵᏍᎪᎸᏓᏁᎸᎩ ᏅᎦᏍᎪᎯ ᏔᎵᎦᎵ ᎢᏯᏅᏙ ᎤᏕᏗᏱ.
6. ᎠᎴ ᎠᎰᎵ ᎤᏍᏚᎢᏒᎩ ᎤᏁᎳᏅᎯ ᎠᏐᏢᎢᏍᏗᏍᎬᎢ, ᏚᏙᎥ ᎦᎬᏩᏐᏢᏙᏗᏱ, ᎠᎴ ᎾᏍᎩ ᎤᏤᎵ ᎦᎵᏦᏛᎢ, ᎠᎴ ᎾᏍᎩ Ꮎ ᎦᎸᎳᏗ ᎠᏁᎯ.
7. ᎠᎴ ᎾᏍᎩ ᎠᏥᏁᎸᎩ ᎤᎾᏓᏅᏘ ᏓᎿᎭᏩ ᎢᏳᏅᏁᏗᏱ, ᎠᎴ ᎾᏍᎩ ᏧᏎᎪᎩᏍᏗᏱ; ᎠᎴ ᎠᏥᏁᎸᎩ ᎾᏍᎩ ᎢᏳᏩᏂᏐᏗᏱ ᏗᎬᏩᏁᎶᏙᏗᏱ ᎾᏂᎥ ᏓᏂᎳᏍᏓᎳᏩᏗᏒᎢ, ᎠᎴ ᏧᏓᎴᏅᏛ ᏗᏂᏬᏂᏍᎩ ᎨᏒᎢ, ᎠᎴ ᎤᎾᏓᏤᎵᏛ ᏴᏫ ᏓᏁᏩᏗᏒᎢ.
8. ᎠᎴ ᎾᏂᎥ ᎡᎶᎯ ᏓᏁᏩᏗᏒ ᏓᎬᏩᏓᏙᎵᏍᏓᏁᎵ, ᎾᏍᎩ ᏚᎾᏙᎥ ᏂᏗᎪᏪᎸᎾ ᎬᏂᏛ ᎪᏪᎵᎯ ᎾᏍᎩ ᎤᏃᏕᎾ ᎠᎩᎾ ᎤᏤᎵᎦ, ᎾᏍᎩ [ᎤᏃᏕᎾ ᎠᎩᎾ] ᎡᎶᎯ ᏧᏙᏢᏅ ᏅᏓᎬᏩᏓᎴᏅᏛ ᎠᏥᎸᎯ ᏥᎨᏎᎢ.
9. ᎩᎶ ᎦᎵᎷᎨᏍᏗ ᎾᏍᎩ ᏩᏛᎬᎦ.
10. ᎩᎶ ᎠᏂᏴᎩ ᏓᏘᎾᏫᏗᏍᎨᏍᏗ ᎾᏍᎩ ᎠᏴᎩ ᎠᎦᏘᏁᏫᏛᏗ ᎨᏎᏍᏗ; ᎩᎶ ᎭᏰᎳᏍᏗ-ᎦᏅᎯᏛ ᎠᏓᎯᏍᏗᏍᎨᏍᏗ ᎾᏍᎩ ᎠᏎ ᎭᏰᎳᏍᏗ-ᎦᏅᎯᏛ ᎬᏗ ᎠᏥᎢᏍᏗ ᎨᏎᏍᏗ. ᎠᏂ ᎾᏍᎩ ᏗᏅᏂᏗᏳ ᎨᏒ ᎠᎴ ᎤᏃᎯᏳᏒ ᎤᎾᏓᏅᏘ [ᎬᏂᎨᏒ ᏂᎦᎵᏍᏗᎭ.]
11. ᎠᎴ ᏅᏩᏓᎴ ᏅᎩ-ᏗᎦᏅᏌᏗ ᎥᏥᎪᎥᎩ ᎦᏙᎯ ᏓᏳᏄᎪᏥᏗᏒᎩ; ᎠᎴ ᏔᎵ ᏚᎷᎬᎩ ᎤᏃᏕᎾ ᎠᎩᎾ ᏥᏚᎷᎪ ᎾᏍᎩᏯᎢ, ᎠᎴ ᎢᎾᏛ ᎦᏬᏂᏍᎬ ᎾᏍᎩᏯ ᎦᏬᏂᏍᎬᎩ.
12. ᎠᎴ ᎢᎬᏱ ᎤᎾᏄᎪᏨᎯ ᏅᎩ-ᏗᎦᏅᏌᏗ ᎾᏍᎩᏯ ᏄᎵᏂᎬᎬ ᏄᎵᏂᎬᎬᎩ, ᎠᎴ ᎡᎶᎯ ᎠᎴ ᎾᏍᎩ ᎾᎿᎭᎠᏁᎯ ᎤᎾᏓᏙᎵᏍᏓᏁᏗᏱ ᏂᏕᎬᏁᎲᎩ ᎢᎬᏱ ᎤᎾᏄᎪᏨᎯ ᏅᎩ-ᏗᎦᏅᏌᏗ, ᎾᏍᎩ ᎬᏩᏲᎱᎯᏍᏗ ᎨᏒ ᎢᏴᏛ ᎠᏥᏐᏅᏅ ᎤᏗᏩᏒᎯ.
13. ᎠᎴ ᎤᏣᏘ ᎤᏍᏆᏂᎪᏗ ᏕᎤᎸᏫᏍᏓᏁᎭ, ᎾᏍᎩ ᎠᏥᎸ ᎦᎸᎳᏗ ᏅᏓᏳᎶᎯᏍᏗᏱ ᎠᏂᏃ ᎡᎶᎯ ᎤᏬᏥᎯᏍᏗᏱ ᏂᎬᏁᎭ ᏴᏫ ᎠᏥᎦᏔᎲᎢ,
14. ᎠᎴ ᎡᎶᎯ ᎠᏁᎯ ᏕᎦᎶᏄᎮᎭ ᎬᏗᏍᎬ ᎤᏍᏆᏂᎪᏗ ᏗᎬᏩᎸᏫᏍᏓᏁᏗ ᎨᏒ ᎠᎦᏔᎲ ᏅᎩ-ᏗᎦᏅᏌᏗ; ᎯᎠ ᏂᏕᎦᏪᏎᎭ ᎾᏍᎩ Ꮎ ᎡᎶᎯ ᎠᏁᎯ, ᎾᏍᎩ ᏅᎩ-ᏗᎦᏅᏌᏗ ᏗᏟᎶᏍᏔᏅᎯ ᎢᏦᏢᎾ, ᎾᏍᎩ ᎭᏰᎳᏍᏗ-ᎦᏅᎯᏛ ᎬᏗ ᎠᏥᏐᏅᏅᎯ ᎠᎴ ᏧᏛᏂᏛᎩ.
15. ᎠᎴ ᎤᎲᎩ ᎬᏃᏛ ᎢᏳᏩᏁᏗᏱ ᎾᏍᎩ Ꮎ ᏅᎩ-ᏗᎦᏅᏌᏗ ᏣᎦᏟᎶᏍᏔᏅᎯ, ᎾᏍᎩ ᎬᏩᏬᏂᎯᏍᏗ ᎢᏳᎵᏍᏙᏗᏱ ᎾᏍᎩ Ꮎ ᏅᎩ-ᏗᎦᏅᏌᏗ ᏣᎦᏟᎶᏍᏔᏅᎯ, ᎠᎴ ᎾᏍᎩ ᎢᏳᏩᏂᏐᏗᏱ ᏗᎨᏥᎢᏍᏗᏱ ᎾᏂᎥ ᎾᎾᏓᏙᎵᏍᏓᏁᎲᎾ ᎾᏍᎩ Ꮎ ᏅᎩᏗᎦᏅᏌᏗ ᏣᎦᏟᎶᏍᏔᏅᎯ.
16. ᎠᎴ ᎾᏍᎩ ᏄᏩᏂᏌᏅᎩ ᏂᎦᏗᏳ ᏧᎾᏍᏗᏱ ᎠᎴ ᏧᎾᏛᎾ, ᏧᏁᎿᎭᎢ ᎠᎴ ᎤᏲ ᎢᏳᎾᏛᎿᎭᏕᎩ, ᏂᏗᎨᏥᎾᏝᎥᎾ ᎠᎴ ᏗᎨᏥᎾᏝᎢ, ᏗᎨᎪᏪᎶᏗᏱ ᏗᏂᎦᏘᏏᏗᏢ ᏧᏃᏰᏂ, ᎠᎴ ᏗᏂᎬᏓᎨᏂ;
17. ᎠᎴ ᎾᏍᎩ ᎩᎶ ᎬᏩᏩᎯᏍᏗ ᏂᎨᏒᎾ ᎠᎴ ᎬᏩᎾᏗᏅᏗ ᏂᎨᏒᎾ ᎢᏳᎵᏍᏙᏗᏱ, ᎾᏍᎩ Ꮎ ᎤᏩᏒ ᎠᎪᏪᎵ, ᎠᎴ ᏚᏙᎥᏉ ᏅᎩ-ᏗᎦᏅᏌᏗ ᎠᎪᏪᎶᏔᏅᎯ, ᎠᎴ ᏚᏙᎥ ᎢᎦᎢ ᎠᏎᏍᏗᏱ ᎨᏒ ᎠᎪᏪᎶᏔᏅᎯ.
18. ᎠᏂ ᎠᎦᏙᎥᎯᏍᏗ ᎨᏒ ᎪᎱᏍᏗ ᎢᏛᏓ. ᎩᎶ ᎤᏬᎵᏣᏘ ᎨᏎᏍᏗ ᏩᏎᎦ ᎢᎦᎢ ᎨᏒ ᎠᎦᏎᏍᏗᏱ ᏅᎩ-ᏗᎦᏅᏎᏗ; ᏴᏫᏰᏃ ᎤᏎᏍᏗ ᎨᏒ ᎤᎬᏩᎳ; ᎠᎴ ᎾᏍᎩ ᎠᎦᏎᏍᏗ ᎨᏒ ᎯᎠ ᏂᎦᎥ, ᏑᏓᎵᏧᏈ ᏑᏓᎳᏍᎪᎯ ᏑᏓᎵᎦᎵ.

== Revelation of John 14 ==
1. ᏫᏓᏆᎧᎾᏅᎩᏃ, ᎠᎴ ᎬᏂᏳᏉ ᎤᏃᏕᎾ ᎠᎩᎾ ᏌᏯᏂ ᎣᏓᎸ ᎦᏙᎬᎩ, ᎠᎴ ᎤᎾᎵᎪᏒᎩ ᎠᏍᎪᎯᏧᏈ ᏅᎦᏍᎪᎯ ᏅᎩᎦᎵ ᎢᏯᎦᎵ ᎢᏯᏂᏛ, ᎾᏍᎩ ᎤᏙᏓ ᏚᏙᎥ ᏚᏃᏪᎸᎩ ᏗᏂᎬᏓᎨᏂ.
2. ᎠᎴ ᎠᏆᏛᎦᏅᎩ ᎩᎶ ᎧᏁᎬ ᎦᎸᎳᏗ ᏅᏓᏳᏓᎴᏅᎯ, ᎠᎹ ᎤᏣᏘ ᏥᏚᏍᏆᏃᏴᎪ ᎾᏍᎩᏯᎢ, ᎠᎴ ᎾᏍᎩᏯ ᎠᏴᏓᏆᎶᏍᎩ ᎤᏣᏘ ᏧᏍᏆᏃᏴᎪᎢ; ᎠᎴ ᏗᏂᏃᎩᏍᎩ ᏗᎧᏃᎩᏍᏙᏗ ᏗᏂᏃᎩᏍᏗᏍᎬ ᎤᏃᏴᎬ ᎠᏆᏛᎦᏅᎩ.
3. ᎠᎴ ᎢᏤ ᏥᏓᏂᏃᎩᏍᎪ ᎾᏍᎩᏯ ᎨᏒᎩ ᎢᎬᏱᏗᏢ ᎦᏍᎩᎸᎢ, ᎠᎴ ᏅᎩ ᎢᏯᏂᏛ ᏗᏅᏃᏛ ᏄᎾᏛᏅ ᎢᎬᏱᏗᏢ, ᎠᎴ ᏧᎾᏛᏐᏅᎯ ᏄᎾᏛᏅᎢ; ᎥᏝ ᎠᎴ ᎩᎶ ᎬᏩᏕᎶᏆᏍᏗ ᏱᎨᏎ ᎾᏍᎩ Ꮎ ᏗᎧᏃᎩᏍᏗ Ꮎ ᎤᏅᏒ ᎠᏍᎪᎯᏧᏈ ᏅᎦᏍᎪᎯ ᏅᎩᎦᎵ ᎢᏯᎦᏴᎵ ᎢᏯᏂᏛ, ᎾᏍᎩ ᎡᎶᎯ ᎨᎪᏣᎴᏛ ᎨᎦᎫᏴᏛ ᎨᏒᎢ.
4. ᎯᎠ ᎾᏍᎩ Ꮎ ᎠᏂᎨᏴ ᎦᏓᎭ ᎢᎬᏩᏅᏁᎸᎯ ᏂᎨᏒᎾ; ᎤᎾᏓᏅᎦᎸᏛᏰᏃ ᎨᏒᎩ ᎾᏍᎩ. ᎯᎠ ᎾᏍᎩ Ꮎ ᎤᏃᏕᎾ ᎠᎩᎾ ᏥᎬᏩᏍᏓᏩᏗᏙᎭ ᏂᎦᎥ ᎡᏙᎲᎢ. ᎯᎠ ᎾᏍᎩ ᏴᏫ ᎠᏁᎲ ᎨᎪᏣᎴᏛ ᎨᎦᎫᏴᏛ, ᎢᎬᏱ ᎬᏩᎾᏓᏓᏁᎸᎯ ᎢᏳᎾᎵᏍᏔᏅᎯ ᏥᎩ ᎤᏁᎳᏅᎯ ᎠᎴ ᎤᏃᏕᎾ ᎠᎩᎾ.
5. ᎠᎴ ᎾᏍᎩ ᏗᏂᎰᎵ ᎨᏒ ᎥᏝ ᎦᎶᏄᎮᏛ ᎬᏩᏛᏗ ᏱᎨᏎᎢ; ᎾᏂᏍᎦᏅᎾᏰᏃ ᎤᏁᎳᏅᎯ ᎤᏪᏍᎩᎸ ᎢᎬᏱᏗᏢ ᏄᎾᏛᏅᎢ.
6. ᎠᎴ ᏅᏩᏓᎴ ᏗᎧᎿᎭᏩᏗᏙᎯ ᎥᏥᎪᎥᎩ ᎦᎸᎶᎢ ᎠᏰᎵ ᎨᏒ ᎦᏃᎯᎵᏒᎩ, ᎠᎵᏍᏆᏗᏍᎩ ᏂᎨᏒᎾ ᎣᏍᏛ ᎧᏃᎮᏛ ᎦᏁᎲᎩ ᏧᎵᏥᏙᏁᏗ ᎾᏍᎩ Ꮎ Ꮎ ᎡᎶᎯ ᎠᏁᎯ, ᎠᎴ ᏂᎦᏗᏳ ᎤᎾᏓᏤᎵᏛ ᏓᏁᏩᏗᏒ ᏴᏫ, ᎠᎴ ᏗᏂᎳᏍᏓᎳᏩᏗᏒᎢ, ᎠᎴ ᏧᏓᎴᏅᏛ ᏗᏂᏬᏂᏍᎩ ᎨᏒᎢ, ᎠᎴ ᏧᎾᏓᎴᏅᏛ ᏴᏫ,
7. ᎯᎠ ᏂᎦᏪᏍᎬᎩ ᎠᏍᏓᏯ ᎧᏁᎬᎩ, ᎤᏁᎳᏅᎯ ᎡᏥᎾᏰᏍᎨᏍᏗ, ᎠᎴ ᎾᏍᎩ ᎡᏥᎸᏉᏗᏍᎨᏍᏗ; ᎾᎯᏳᏰᏃ ᏧᏭᎪᏙᏗ ᎨᏒ ᎠᎵᏰᎢᎶᎦ; ᎠᎴ ᎡᏣᏓᏙᎵᏍᏓᏏ ᎾᏍᎩ Ꮎ ᎦᎸᎶᎢ ᎤᏬᏢᏅᎯ, ᎠᎴ ᎡᎶᎯ, ᎠᎴ ᎠᎺᏉᎯ, ᎠᎴ ᎠᎹ ᏕᎦᏄᎪᎬᎢ.
8. ᏅᏩᏓᎴᏃ ᏗᎧᎿᎭᏩᏗᏙᎯ ᎠᎵᏍᏓᏩᏗᏒᎩ, ᎯᎠ ᏂᎦᏪᏍᎬᎩ, ᏓᏓᎶᏂ ᎠᏲᎩ, ᎠᏲᎩ, ᎾᏍᎩ Ꮎ ᎡᏆ ᏥᎦᏚᎲᎩ, ᏅᏓᎦᎵᏍᏙᏓ ᏂᎦᏗᏳ ᎤᎾᏓᏤᎵᏛ ᏴᏫ ᏓᏁᏩᏗᏒ ᎤᎾᏗᏔᏍᏗᏱ ᏂᏚᏩᏁᎸ ᎩᎦᎨ-ᎠᏗᏔᏍᏗ ᎤᏔᎳᏬᎯᏍᏗ ᎨᏒ ᎤᏓᏑᏱ ᎤᏕᎵᏛ ᏚᏂᏏᏂᏙᎸ ᎢᏳᏩᏂᏌᏛ.
9. ᏦᎢᏁᏃ ᎨᏒ ᏗᎧᎿᎭᏩᏗᏙᎯ ᎤᏂᏍᏓᏩᏛᏒᎩ, ᎯᎠ ᏂᎦᏪᏍᎬᎩ ᎠᏍᏓᏯ ᎧᏁᎬᎩ, ᎢᏳᏃ ᎩᎶ ᎾᏍᎩ Ꮎ ᏅᎩ-ᏗᎦᏅᏌᏗ ᎠᏓᏙᎵᏍᏓᏁᎮᏍᏗ, ᎠᎴ ᎾᏍᎩ ᏣᎦᏟᎶᏍᏔᏅᎯ, ᎠᎴ ᎠᎬᏓᎨᏂ ᎠᎴ ᎤᏬᏰᏂᏉ ᎠᎪᏪᎵᏍᎨᏍᏗ,
10. ᎾᏍᎩ ᎤᏗᏔᏍᏗ ᎨᏎᏍᏗ ᎨᎦᎨᎠᏗᏔᏍᏗ ᎤᏁᎳᏅᎯ ᎤᏔᎳᏬᎯᏍᏗ ᎨᏒ ᎤᏓᏑᏱ, ᎾᏍᎩ ᎠᎹ ᎾᏑᏴᎾ ᎦᏐᏅᏴᎯ ᏥᎩ, ᎾᏍᎩ ᎤᎿᎭᎸᏒ ᎠᏩᏘᏍᎩ ᎤᎵᏍᏈᏗᎯ ᎠᏢᎯ ᏥᎩ; ᎠᎴ ᎾᏍᎩ ᎠᏥᎸ ᎠᎴ ᏌᎪᏂᎨ ᎠᏓᏪᎳᎩᏍᎩ ᎠᏥᎩᎵᏲᎢᏍᏙᏗ ᎨᏎᏍᏗ ᎨᏥᎸᏉᏗ ᏗᏂᎧᎿᎭᏩᏗᏙᎯ ᎠᏂᎦᏔᎲᎢ, ᎠᎴ ᎤᏃᏕᎾ-ᎠᎩᎾ ᎠᎦᏔᎲᎢ;
11. ᎠᎴ ᎾᏍᎩ ᎠᏂᎩᎵᏲᎬ ᏚᎦᏒᏍᏛ ᏓᎴᎲᏍᎦ ᏂᎪᎯᎸ ᎠᎴ ᏂᎪᎯᎸᎢ; ᎠᎴ ᎥᏝ ᎬᏩᎾᏣᏪᏐᎸᏍᏙᏗ ᏱᎩ, ᎢᎦ ᎠᎴ ᏒᏃᏱ, ᎾᏍᎩ Ꮎ ᏅᎩ-ᏗᎦᏅᏌᏗ ᎠᎾᏓᏙᎵᏍᏓᏁᎯ ᎠᎴ ᎾᏍᎩ ᏣᎦᏟᎶᏍᏔᏅᎯ, ᎠᎴ ᎾᏂᎥᏉ ᎩᎶ ᎾᏍᎩ ᏚᏙᎥ ᎨᎪᏪᎶᏔᏅᎯ.
12. ᎠᏂ ᎬᏂᎨᏒ ᏂᎦᎵᏍᏗᎭ ᏗᏅᏂᏗᏳ ᎨᏒ ᎤᎾᏓᏅᏘ; ᎠᏁ ᎠᏁᎭ ᏗᏂᏍᏆᏂᎪᏗᏍᎩ ᏗᎧᎿᎭᏩᏛᏍᏗ ᎤᏁᎳᏅᎯ ᏧᏤᎵᎦ, ᎠᎴ ᎪᎯᏳᏗ ᎨᏒ ᏥᏌ ᎤᏤᎵᎦ.
13. ᎠᎴ ᎠᏆᏛᎦᏅᎩ ᎩᎶ ᎧᏁᎬ ᎦᎸᎳᏗ ᏛᏓᎴᎲᏍᎬᎩ ᎯᎠ ᏅᏛᎩᏪᏎᎲᎩ, ᎰᏪᎸᎩ, [ᎯᎠ ᏅᎦ,] ᎣᏏᏳ ᎢᏳᎾᎵᏍᏓᏁᏗ ᏧᏂᏲᎱᏒᎯ ᎾᏍᎩ ᎤᎬᏫᏳᎯ ᏚᎾᏁᎶᏛ ᏗᏂᏲᎱᏍᎩ ᎪᎯ ᎢᏳᏓᎴᏅᏛ; ᎤᏙᎯᏳᎯ ᎠᏗᎭ ᎠᏓᏅᏙ ᎾᏍᎩ ᎬᏩᎾᏣᏪᏐᎸᏍᏙᏗ ᎢᏳᎵᏍᏙᏗᏱ ᏚᏂᎸᏫᏍᏓᏁᎸᎢ; ᎠᎴ ᏚᏂᎸᏫᏍᏓᏁᎸ ᏓᏳᏂᏍᏓᏩᏕᏏ.
14. ᎠᎴ ᏫᏓᏆᎧᎾᏅᎩ, ᎠᎴ ᎬᏂᏳᏉ ᎤᏁᎬ ᎤᎶᎩᎸᎩ, ᎠᎴ ᎤᎶᎩᎸ ᎩᎶ ᎤᏬᎸᎩ ᏴᏫ ᎤᏪᏥ ᎾᏍᎩᏯᎢ, ᎤᎵᏍᏚᎸᎩ ᎠᏕᎸ-ᏓᎶᏂᎨ ᎪᏢᏔᏅᎯ ᎠᎵᏍᏚᎶ, ᎠᎴ ᎪᏍᏓᏯ ᎠᏍᎫᏕᏍᏗ ᎦᏁᎲᎩ.
15. ᎠᎴ ᏅᏩᏓᎴ ᏗᎧᎿᎭᏩᏗᏙᎯ ᏗᎦᎳᏫᎢᏍᏗᏱ ᎢᏳᏄᎪᏨᎩ ᎠᏍᏓᏯ ᎤᏪᎷᎬᎩ ᎯᎠ ᏂᎦᏪᏎᎲᎩ ᎤᎶᎩᎸ ᎤᏬᎵ, ᎠᏍᎫᏕᏍᏗ ᎲᏓ ᎠᎴ ᎯᏍᎫᏛᎦ; ᏣᏍᎫᏕᏍᏗᏱᏰᏃ ᎨᏒ ᎿᎭᏉ ᎠᏍᏆᎸᎯᎦ; ᎡᎶᎯᏰᏃ ᎠᏍᎫᏕᏍᏗᏱ ᎨᏒ ᎤᎦᏛᎾᏨ.
16. ᎤᎶᎩᎸᏃ ᎤᏬᎵ ᎠᏍᎫᏕᏍᏗ ᎤᏤᎵ ᎤᏮᏔᏅᎩ; ᎠᎴ ᎡᎶᎯ ᎤᏍᎫᏕᏐᏅᎩ.
17. ᎠᎴ ᏅᏩᏓᎴ ᏗᎧᎿᎭᏩᎯᏙᎯ ᏗᎦᎳᏫᎢᏍᏗᏱ ᎦᎸᎳᏗ ᏨᏗᏓᏁᎸ ᏓᏳᏄᎪᏨᎩ, ᎾᏍᎩ ᎾᏍᏉ ᎦᏁᎲᎩ ᎪᏍᏓᏯ ᎠᏍᎫᏕᏍᏗ.
18. ᎠᎴ ᏅᏩᏓᎴ ᏗᎧᎿᎭᏩᏗᏙᎯ ᎠᏥᎸᎨᎳᏍᏗᏱ ᎾᎥ ᏓᏳᏄᎪᏨᎩ, ᎾᏍᎩ ᎤᎲᎩ ᎠᏓᏅᏖᏍᎬᏉ ᎢᏳᏩᏗᏱ ᎠᏥᎸ; ᎠᎴ ᎠᏍᏓᏯ ᎤᎵᏍᏓᏁᎸᎩ ᎪᏍᏓᏯ ᎠᏍᎫᏕᏍᏗ ᎦᏁᎯ, ᎯᎠ ᏂᎦᏪᏍᎬᎩ, ᎠᏍᎫᏕᏍᏗ ᏣᏤᎵ ᎪᏍᏓᏯ ᎲᏓ, ᎠᎴ ᎯᏟᏌ ᏖᎸᎳᏗ ᎡᎶᎯ ᎤᏛᏒᎯ; ᏖᎸᎳᏗᏰᏃ ᎿᎭᏉ ᎤᏅᎾᏏᏌᏛ.
19. ᏗᎧᎿᎭᏩᏗᏙᎯᏃ ᎠᏍᎫᏕᏍᏗ ᎤᏤᎵ ᎤᏪᏂᏙᎸᎩ ᎡᎶᎯ, ᎠᎴ ᎤᏪᏟᏌᏅᎩ ᏖᎸᎳᏗ ᎡᎶᎯ ᎤᏛᏒᎯ, ᎠᎴ ᏭᏓᎢᏅᏒᎩ ᏭᎸᏅᎩ ᎤᏔᏅ ᏖᎸᎳᏗ-ᎦᏨᏩᏍᏙᏗᏱ ᎤᏁᎳᏅᎯ ᎤᏔᎳᏬᎯᏍᏗ ᎨᏒ ᎤᏤᎵᎦ.
20. ᏖᎸᎳᏗ-ᎦᏨᏩᏍᏙᏗᏱ ᎦᏚᎲ ᏙᏱᏗᏢ ᎤᎾᎳᏍᏓᎡᎸᎩ, ᎩᎬᏃ ᏓᏳᏨᏨᎩ ᏖᎸᎳᏗ-ᎦᏨᏩᏍᏙᏗᏱ, ᎠᎴ ᏐᏈᎵ ᏚᎾᏔᎾᎸ ᎢᏴᏛ ᏂᏚᏂᎶᏨᎩ, ᎾᏍᎩ ᏔᎵᏧᏈ ᎢᏳᏟᎶᏛ ᎢᎬᎾᏕᏅ.

== Revelation of John 15 ==
1. ᏅᏩᏓᎴᏃ ᎤᏰᎸᏛ ᎦᎸᎳᏗ ᎠᎩᎪᎲᎩ, ᎦᎸᏉᏗ ᎠᎴ ᎤᏍᏆᏂᎪᏗ, ᎾᏍᎩ ᎦᎵᏉᎩ ᎢᏯᏂᏛ ᏗᏂᎧᎿᎭᏩᏗᏙᎯ ᏓᏂᏰᎲᎩ ᎦᎵᏉᎩ ᎢᏳᏓᎴᎩ ᎤᎵᏍᏆᎸᏗ ᎤᏕᏔᏙᏗ; ᎾᏍᎩᏰᏃ ᎤᏁᎳᏅᎯ ᎤᏔᎳᏬᎯᏍᏗ ᎨᏒ ᎠᏂᎧᎵᏏᏏᎭ.
2. ᎠᎴ ᎠᎩᎪᎲᎩ ᎥᏓᎸ ᎠᏓᎨᏗ ᏗᎬᏩᎸᏌᏛ ᎾᏍᎩᏯᎢ ᎠᏥᎸ ᎤᏓᏑᏱ ᎨᏒᎩ; ᎠᎴ ᎾᏍᎩ Ꮎ [ᎥᎦᏥᎪᎥᎩ] ᏅᎩᏗᎦᏅᏌᏗ ᎤᎾᏓᎵᏁᎯᏕᎸᎯ, ᎠᎴ ᎾᏍᎩ Ꮎ ᏣᎦᏟᎶᏍᏔᏅᎯ, ᎠᎴ ᎤᏤᎵ ᏧᏬᏪᎶᏙᏗ, ᎠᎴ ᎾᏍᎩ ᏚᏙᎥ ᎢᎦᎢ ᎠᏎᏍᏗ ᎨᏒᎢ, ᎠᏂᏙᎾᎥᎩ ᎥᏓᎸ ᎠᏓᎨᏗ ᏗᎬᏩᎸᏌᏛ ᎾᏍᎩᏯᎢ, ᎤᏁᎳᏅᎯ ᏧᏤᎵ ᏗᎧᏃᎩᏍᏙᏗ ᏓᏂᏁᎲᎩ
3. ᎠᎴ ᏚᏂᏃᎩᏒᎩ ᎼᏏ ᎤᏁᎳᏅᎯ ᎤᏤᎵ ᎤᏅᏏᏓᏍᏗ ᏧᏃᎩᏛ, ᎠᎴ ᎤᏃᏕᎾ ᎠᎩᎾ ᎤᏤᎵ ᏗᎧᏃᎩᏍᏗ, ᎯᎠ ᎾᏂᏪᏍᎬᎩ, ᎦᎸᏉᏗᏳ ᎠᎴ ᎤᏍᏆᏂᎪᏗᏳ ᏗᏣᎸᏫᏍᏓᏁᏗ ᎨᏒ ᏣᎬᏫᏳᎯ ᎠᎴ ᏣᏁᎳᏅᎯ ᏫᎾᏍᏛᎾ ᏣᎵᏂᎩᏛ; ᎣᏍᏛ ᎠᎴ ᏚᏳᎪᏛ ᎢᎭᏛᏁᎵᏙᎯ ᏂᎯ ᏣᎬᏫᏳᎯ ᎤᎾᏓᏅᏘ ᎤᎾᏤᎵᎦ.
4. ᎦᎪ ᏂᏣᎾᏰᏍᎬᎾ ᎨᏎᏍᏗ ᏂᎯ ᏣᎬᏫᏳᎯ, ᎠᎴ ᏂᎦᎸᏉᏗᏍᎬᎾ ᎨᏎᏍᏗ ᏕᏣᏙᎥᎢ? ᏂᎯᏰᏃ ᏨᏒᎯᏳ ᏂᏍᎦᏅᎾ, ᏂᎦᏗᏳᏰᏃ ᎤᎾᏓᏤᎵᏛ ᏴᏫ ᏓᏁᏩᏗᏒ ᏛᏂᎷᏥ ᎠᎴ ᏂᏣᏛᏅ ᎢᎬᏱᏢ ᏛᎾᏓᏙᎵᏍᏔᏂ; ᏂᎯᏰᏃ ᏗᏧᎪᏙᏗ ᎨᏒ ᎬᏂᎨᏒ ᏄᎵᏍᏔᏅ.
5. ᎣᏂᏃ ᎢᏴᏛ ᏓᏆᎧᎾᏅᎩ, ᎠᎴ ᎬᏂᏳᏉ ᏗᎦᎳᏫᎢᏍᏗᏱ ᏗᎧᎿᎭᏩᏛᏍᏗ ᏗᏗᏱ ᎦᎵᏦᏛ ᎤᎵᏍᏚᎢᏛ ᎨᏒᎩ ᎦᎸᎳᏗ;
6. ᎦᎵᏉᎩᏃ ᎢᏯᏂᏛ ᏗᏂᎧᎿᎭᏩᏗᏙᎯ ᏗᎦᎳᏫᎢᏍᏗᏱ ᏓᏳᏂᏄᎪᏨᎩ, ᏓᏂᏰᎲᎩ ᎦᎵᏉᎩ ᎤᏕᏯᏙᏗ, ᏚᎾᏄᏮᎩ ᏂᏚᏓᏅᎦᎸᎾ ᎠᎴ ᏧᏁᎬ ᏙᎴᏛ ᏗᏄᏬ, ᎠᎴ ᏗᏂᏁᏥᏱ ᏚᎾᏓᏠᎲᎩ ᎠᏕᎸ-ᏓᎶᏂᎨ ᏗᎪᏢᏅᎯ ᏗᏓᏠᏍᏗ.
7. ᎠᏏᏴᏫᏃ ᎾᏍᎩ Ꮎ ᏅᎩ ᎢᏯᏂᏛ ᎨᏒ ᏗᏅᏃᏛ ᎦᎵᏉᎩ ᎢᏯᏂᏛ ᏗᏂᎧᎿᎭᏩᏗᏙᎯ ᏚᏁᎸᎩ ᎦᎵᏉᎩ ᎫᎫ ᎠᏕᎸᏓᎶᏂᎨ ᏗᎪᏢᏔᏅᎯ, ᏗᎧᎵᎢ ᎤᏁᎳᏅᎯ ᎤᏔᎳᏬᎯᏍᏗ ᎨᏒᎢ, ᎾᏍᎩ ᏂᎪᎯᎸ ᎠᎴ ᏂᎪᎯᎸ ᏤᎭ.
8. ᏗᎦᎳᏫᎢᏍᏗᏱᏃ ᎤᎧᎵᏨᎩ ᏧᎧᎵᏨᎩ ᏧᎦᏒᏍᏗ ᎤᏁᎳᏅᎯ ᎠᏥᎸᏉᏗᏳ ᎨᏒ ᎠᎴ ᎤᎵᏂᎩᏗᏳ ᎨᏒ ᏅᏓᏳᏓᎴᏅᎯ; ᎥᏝ ᎠᎴ ᎩᎶ ᏫᎬᏩᏴᏍᏗ ᏱᎨᏎ ᏗᎦᎳᏫᎢᏍᏗᏱ, ᎬᏂ ᎾᏍᎩ Ꮎ ᎦᎵᏉᎩ ᏧᏕᏯᏙᏗ ᎨᏒ ᎦᎵᏉᎩ ᎢᏯᏂᏛ ᏗᏂᎧᎿᎭᏩᏗᏙᎯ ᏥᏚᎾᏒᎦᎸ ᏱᏚᎵᏍᏆᏛ.

== Revelation of John 16 ==
1. ᎠᏆᏛᎦᏅᎩᏃ ᎩᎶ ᎠᏍᏓᏯ ᏓᎧᏁᎬᎩ ᏗᎦᎳᏫᎢᏍᏗᏱ ᏛᏓᎴᎲᏍᎩ ᎯᎠ ᏂᏕᎦᏪᏎᎲᎩ ᎦᎵᏉᎩ ᎢᏯᏂᏛ ᏗᏂᎧᎿᎭᏩᏗᏙᎯ, ᎢᏤᎾ, ᎠᎴ ᎡᎶᎯ ᏫᏂᏐᏅᏯ ᎤᏁᎳᏅᎯ ᎤᏔᎳᏬᎯᏍᏗ ᎨᏒ ᎫᎫ ᏓᏟᏍᏛᎢ.
2. ᎢᎬᏱᏱᏃ ᎨᏒ ᎤᏪᏅᏒᎩ, ᎠᎴ ᎦᏙᎯ ᎤᏪᏐᏅᏴᎩ ᎫᎫ ᎠᏰᎲ ᎠᏟᏍᏛᎢ; ᎤᏕᏯᏙᏗᏃ ᎠᎴ ᎡᎯᏍᏗ ᏚᏂᏣᏍᏓᎳᏛᎩ ᏴᏫ ᎾᏍᎩ Ꮎ ᏅᎩ-ᏗᎦᏅᏌᏗ ᎤᏤᎵ ᏗᎨᎪᏪᎶᏔᏅᎯ, ᎠᎴ ᎾᏍᎩ ᏣᎦᏟᎶᏍᏔᏅᎯ ᎠᎾᏓᏙᎵᏍᏓᏁᎯ.
3. ᏔᎵᏁᏃ ᎨᏒ ᏗᎧᎿᎭᏩᏗᏙᎯ ᎠᎺᏉᎯ ᎤᏪᏐᏅᏴᎩ ᎫᎫ ᎠᏰᎲ ᎠᏟᏍᏛᎢ; ᎤᏲᎱᏒᎯᏃ ᏴᏫ ᎤᎩᎬ ᎾᏍᎩᏯ ᏄᎵᏍᏔᏅᎩ; ᎠᎴ ᏂᎦᏗᏳ ᏗᏅᏃᏛ ᎨᏒ ᎠᎺᏉᎯ ᎠᏁᎲ ᏚᏂᎵᏬᏨᎩ.
4. ᏦᎢᏁᏃ ᎨᏒ ᏗᎧᎿᎭᏩᏗᏙᎯ ᎡᏉᏂ ᏕᎨᏴ ᎠᎴ ᎠᎹ ᏕᎦᏄᎪᎬ ᎤᏪᏐᏅᏴᎩ ᎫᎫ ᎠᏰᎲ ᎠᏟᏍᏛᎢ; ᎩᎬᏃ ᏂᏚᎵᏍᏔᏅᎩ.
5. ᎠᎴ ᎠᎹᏱ ᏗᎦᏘᏯ ᏗᎧᎿᎭᏩᏗᏙᎯ ᎥᏥᏯᏛᎦᏁᎸᎩ, ᎯᎠ ᏄᏪᏒᎩ, ᏂᏍᎦᎤᎾ ᏣᎬᏫᏳᎯ, ᏂᎯ ᎾᏍᎩ ᏤᎭ, ᎠᎴ ᏤᎲᎩ, ᎠᎴ ᏤᎮᏍᏗ, ᏅᏗᎦᎵᏍᏙᏗᎭ ᏄᏍᏛ ᏕᏧᎪᏔᏅᎢ.
6. ᎤᎾᏓᏅᏘᏰᏃ ᎠᎴ ᎠᎾᏙᎴᎰᏍᎩ ᎤᏂᎩᎬ ᎤᏂᏨᏅ, ᎠᎴ ᎩᎬ ᏕᎯᏁᏁᎸ ᎤᎾᏘᏔᏍᏗ; ᏰᎵᎦᏯᏰᏃ ᏚᏳᎪᏗ ᎾᏍᎩ ᎢᏳᎾᎵᏍᏓᏁᏗᏱ.
7. ᏅᏩᏓᎴᏃ [ᏗᎧᎿᎭᏩᏗᏙᎯ] ᎥᏥᏯᏛᎦᏁᎸᎩ ᎠᏥᎸ-ᎨᎳᏍᏗᏱ ᎯᎠ ᏅᏓᏳᏪᏒᎩ, ᎾᏍᎩᏯ ᏄᏍᏕᏍᏗ, ᏣᎬᏫᏳᎯ ᏣᏁᎳᏅᎯ ᏫᎾᏍᏛᎾ ᏣᎵᏂᎩᏛ, ᎣᏏᏳ ᎠᎴ ᏚᏳᎪᏛ ᏂᎯ ᏗᎫᎪᏙᏗ ᎨᏒᎢ.
8. ᏅᎩᏁᏃ ᎨᏒ ᏗᎧᎿᎭᏩᏗᏙᎯ ᏅᏙ ᎢᎦ-ᎡᎯ ᎧᎸ ᎤᏪᏐᏴᏅᎩ ᎫᎫ ᎠᏰᎲ ᎠᏟᏍᏛᎢ; ᎠᎴ ᎠᎦᎵᏍᎪᎸᏓᏁᎸᎩ ᎠᏥᎸ ᎬᏗ ᏧᎴᏴᏙᏗᏱ ᏴᏫ.
9. ᎠᎴ ᎤᏣᏘ ᎤᏗᎴᎩ ᎨᏒ ᏕᎨᏥᎴᏴᏙᏔᏅᎩ ᏴᏫ, ᎠᎴ ᎤᏁᎳᏅᎯ ᏚᏙᎥ ᎤᏂᏐᏢᎢᏍᏔᏅᎩ, ᎾᏍᎩ ᎠᏓᏅᏖᏍᎬᏉ ᎢᎬᏩᏁᎵᏓᏍᏗ ᏥᎩ ᎯᎠ ᎾᏍᎩ ᎤᏕᏯᏙᏗ ᎨᏒᎢ; ᎠᎴ ᎥᏝ ᏱᏚᏂᏁᏟᏴᏎ ᏚᎾᏓᏅᏛ ᎾᏍᎩ ᎬᏩᎸᏉᏙᏗᏱ.
10. ᎯᏍᎩᏁᏃ ᎨᏒ ᏗᎧᎿᎭᏩᏗᏙᎯ ᏅᎩ-ᏗᎦᏅᏌᏗ ᎤᏪᏗᏱ ᎤᏪᏐᏅᏴᎩ ᎫᎫ ᎠᏰᎲ ᎠᏟᏍᏛᎢ, ᎤᏥᎵᎪᎯᏃ ᎨᏒ ᎤᎧᎵᏦᏅᎩ ᎤᎵᏏᎩ; ᏓᏂᏃᏓᏛᏃ ᏚᏂᎩᏍᏙᎥᎩ ᏚᏁᎯᏍᏓᏁᎲ ᎢᏳᏍᏗ,
11. ᎠᎴ ᎤᏁᎳᏅᎯ ᎦᎸᎳᏗ ᎡᎯ ᎤᏂᏐᏢᎢᏍᏔᏅᎩ, ᏅᏓᎦᎵᏍᏙᏗᏍᎬᎩ ᏚᏁᎯᏍᏓᏁᎲᎢ ᎠᎴ ᏚᏂᏥᏍᏓᎸᎢ, ᎠᎴ ᎥᏝ ᎤᏲ ᏳᏂᏰᎸᏁ ᏄᏍᏛ ᏚᏂᎸᏫᏍᏓᏁᎸᎢ.
12. ᏑᏓᎵᏁᏃ ᎨᏒ ᏗᎧᎿᎭᏩᏗᏙᎯ ᎡᏆ ᎡᏉᏂ ᎤᏪᏴ ᏳᏇᏗ ᎤᏪᏐᏅᏴᎩ ᎫᎫ ᎠᏰᎲ ᎠᏟᏍᏛᎢ; ᎠᎹᏃ ᎾᎿᎭᎡᎬ ᎤᎶᏐᏅᎩ, ᎾᏍᎩ ᎤᏂᎬᏫᏳᎯ ᏗᎧᎸᎬ ᎢᏗᏢ ᎠᏁᎯ ᎤᏂᏅᏅ ᎨᎦᏛᏅᎢᏍᏓᏁᏗᏱ ᎠᏰᎸᏒᎩ.
13. ᎠᎴ ᏦᎢ ᎢᏯᏂᏛ ᎠᏂᎦᏓᎭ ᏗᏓᏅᏙ ᎦᏥᎪᎥᎩ ᏩᎶᏏ ᏗᎾᏤᎵᏛ, ᎢᎾᏛ ᎠᎰᎵ ᏓᏳᏂᏄᎪᏨᎩ, ᎠᎴ ᏅᎩ-ᏗᎦᏅᏌᏗ ᎠᎰᎵ, ᎠᎴ ᎤᏠᎾᏍᏗ ᎠᏙᎴᎰᏍᎩ ᎠᎰᎵ.
14. ᎠᏂᏍᎩᎾᏰᏃ ᏧᎾᏓᏅᏙ ᎾᏍᎩ, ᎤᏍᏆᏂᎪᏗ ᏚᏂᎸᏫᏍᏓᏁᎭ, ᎡᎶᎯ ᎠᏁᎯ ᎤᏂᎬᏫᏳᎯ ᎠᎴ ᎡᎳᏂᎬ ᏓᏂᏩᏛᎮᎦ, ᎾᏍᎩ ᏧᏂᏟᏐᏗᏱ ᏧᎾᎵᏍᏗᏱ ᎤᏂᏰᎸᎭ ᎦᎸᏉᏗ ᎢᎦ ᎨᏒ ᎤᏁᎳᏅᎯ ᎤᏤᎵᎦ ᏫᎾᏍᏛᎾ ᎤᎵᏂᎩᏛ ᏥᎩ.
15. ᎬᏂᏳᏉ, ᎦᏃᏍᎩᏍᎩ ᏥᎦᎷᎪ ᎾᏍᎩᏯ ᏓᏥᎷᏥ. ᎣᏏᏳ ᎢᏳᎵᏍᏓᏁᏗ ᎾᏍᎩ Ꮎ ᎠᏯᏫᏍᎩ, ᎠᎴ ᏧᏄᏬ ᏗᏍᏆᏂᎪᏗᏍᎩ, ᎾᏍᎩ ᎤᏰᎸᎭ ᎤᏪᏓᏍᏗᏱ ᏂᎨᏒᎾ, ᎠᎴ ᎤᏕᎰᎯᏍᏗ ᎨᏒ ᎠᏥᎪᏩᏛᎡᏗᏱ ᏂᎨᏒᎾ.
16. ᎠᎴ ᏚᏪᏟᏌᏅᎩ ᎠᎹᎨᏙᏂ ᏚᏙᎥ ᎠᏂᏈᎷ ᎤᏂᏬᏂᎯᏍᏗ ᎨᏒ ᏯᎬᏗᎭ.
17. ᎦᎵᏉᎩᏁᏃ ᎨᏒ ᏗᎧᎿᎭᏩᏗᏙᎯ ᎦᎳᏅᏛᏉ ᎦᎸᎶᎢ ᎤᏪᏐᏅᏴᎩ ᎫᎫ ᎠᏰᎲ ᎠᏟᏍᏛᎢ; ᎠᎴ ᎠᏍᏓᏯ ᏗᎧᏁᎬ ᎩᎶ ᎦᎸᎳᏗ ᏗᎦᎳᏫᎢᏍᏗᏱ ᎠᎴ ᎾᎿᎭᏗᎦᏍᎩᎸ ᏓᏳᏓᎴᏅᎩ, ᎯᎠ ᏅᏓᎦᏪᏍᎬᎩ, ᎿᎭᏉ ᎠᎵᏍᏆᏓ.
18. ᎿᎭᏉᏃ ᏚᏍᏆᏃᏴᎳᏒᎩ, ᎠᎴ ᏚᏴᏓᏉᎶᎥᎩ, ᎠᎴ ᏚᎾᎦᎸᎲᎩ; ᎠᎴ ᎦᏙᎯ ᎤᏣᏘ ᎤᎵᏖᎸᏅᎩ, ᎾᏍᎩ ᎢᎦᎢ ᎥᏝ ᎢᎸᎯᏳ ᏱᎬᏩᎵᏖᎸᏃ ᏴᏫ ᎡᎶᎯ ᎤᎾᏕᏅ ᏅᏓᎬᏩᏓᎴᏅᏛ, ᎾᏍᎩ ᎢᏳᎵᏂᎩᏛ ᎠᎴ ᎾᏍᎩ ᎢᏳᏍᎦᏎᏗ.
19. ᎠᎴ ᎾᏍᎩ ᎡᏆ ᎦᏚᎲ ᏦᎢ ᏄᏓᏛᎩ, ᎠᎴ ᎤᎾᏓᏤᎵᏛ ᏴᏫ ᏓᏁᏩᏗᏒ ᏚᏂᏚᎲ ᏚᏲᏨᎩ; ᎠᎴ ᏓᏓᎶᏂ ᎦᎸᏉᏗ ᎦᏚᎲ ᎠᏅᏓᏗᏍᏗ ᏄᎵᏍᏔᏅᎩ ᎤᏁᎳᏅᎯ ᏄᏛᏅᎢ, ᎾᏍᎩ ᎠᏥᏁᏗᏱ [ᏓᏓᎶᏂ] ᎤᎵᏍᏈᏗ ᎩᎦᎨ-ᎠᏗᏔᏍᏗ ᎠᏟᏍᏛ ᎤᏣᏘ ᎤᏔᎳᏬᎯᏍᏗ ᎨᏒ ᎤᏩᏛᏗ.
20. ᎠᎴ ᏂᎦᏛ ᎠᎹᏰᎵ ᏚᏪᎧᏩᏗᏒ ᎤᎾᎵᏒᎩ, ᎠᎴ ᏙᏓᎸ ᎥᏝ ᏗᎬᏩᏛᏗ ᏱᎨᏎᎢ.
21. ᎡᏆᏃ ᎤᏁᏐᎠᏒᎩ ᏴᏫ ᎠᏁᎲ ᎦᎸᎳᏗ ᏅᏓᏳᏓᎴᏅᎯ, ᏌᏉᎭ ᎨᏒ ᏔᎸᏗ ᏄᏓᎨᏒ ᏄᏓᎨᏒᎩ; ᏴᏫᏃ ᎤᏁᎳᏅᎯ ᎤᏂᏐᏢᎢᏍᏔᏅᎩ ᏅᏓᎦᎵᏍᏙᏗᏍᎬᎩ ᎤᏁᏍᏓᎳ ᎤᎾᏕᏯᏙᏗᏍᎬᎢ; ᎤᏣᏘᏰᏃ ᎤᎾᏕᏯᏙᏗᏍᎬᎩ ᎾᏍᎩ.

== Revelation of John 17 ==
1. ᎠᏏᏴᏫᏃ ᎾᏍᎩ Ꮎ ᎦᎵᏉᎩ ᎢᏯᏂᏛ ᎨᏒ ᏗᏂᎧᎿᎭᏩᏗᏙᎯ, ᎾᏍᎩ ᎦᎵᏉᎩ ᎫᎫ ᏥᏓᏂᏰᎲᎩ, ᎤᎷᏨᎩ ᎠᎴ ᎠᏆᎵᏃᎮᏔᏅᎩ, ᎯᎠ ᎾᎩᏪᏎᎸᎩ, ᎡᎮᎾ; ᏓᎬᎾᏄᎪᏫᏎᎵ ᏄᏍᏛ ᏣᎫᎪᏓᏁᏗ ᎨᏒ ᎤᏣᏘ ᎤᏁᎫᏥᏛ ᎠᎨᏴ, ᎤᏣᏘ ᎠᎹ ᏚᏪᏴ ᏧᏬᎳ;
2. ᎤᏂᎬᏫᏳᎯ ᎡᎶᎯ ᎠᏁᎯ ᎤᏕᎵᏛ ᏧᎾᏂᏏᏅᎯ ᏥᎩ, ᎠᎴ ᎡᎶᎯ ᏓᏁᏩᏗᏒ ᏧᏂᏴᏍᏕᏍᏔᏅᎯ ᏥᎩ ᎩᎦᎨ-ᎠᏗᏔᏍᏗ ᎤᏕᎵᏛ ᏚᏂᏏᏂᏙᎸ ᎤᏩᏛᏛ.
3. ᎾᏍᎩᏃ ᎠᏓᏅᏙ ᎬᏗ ᎢᎾᎨ ᏩᏆᏘᏅᏍᏔᏅᎩ; ᎠᎨᏴᏃ ᎥᏥᎪᎲᎩ ᎩᎦᎨ ᏗᎧᏃᏗᏱ ᏅᎩ-ᏗᎦᏅᏌᏗ ᎤᎩᎸᏛᎩ ᎾᏍᎩ ᎤᎧᎵᏨᎯ ᎨᏒᎩ ᎤᏁᎳᏅᎯ ᏚᏙᎥ ᎠᏐᏢᎢᏍᏙᏗ ᎨᏒᎢ ᎦᎵᏉᎩ ᏓᏍᎫᏓᏛᎩ, ᎠᎴ ᎠᏍᎪᎯ ᏕᎤᎷᎬᎩ.
4. ᎠᎨᏴᏃ ᏗᏕᎭᎷᎨ ᎠᎴ ᏗᎩᎦᎨ ᏚᏄᏩᎥᎩ, ᎠᎴ ᎠᏕᎸ-ᏓᎶᏂᎨ ᎠᎴ ᏗᎦᎸᏉᏗ, ᏅᏯ ᎠᎴ ᏓᎬᎾ-ᎢᏳᎾᏍᏗ ᏚᏣᏅᏛᎩ, ᎠᎴ ᎠᏕᎸ-ᏓᎶᏂᎨ ᎠᏢᎳᏅᎯ ᎤᎵᏍᏈᏗ ᎠᏰᎲᎩ ᎠᎧᎵᎢ ᎤᏂᏆᏘᏍᏗ ᎨᏒ, ᎠᎴ ᎤᏁᎢᎸᏗ ᎾᏍᎩ ᎤᏕᎵᏛ ᏚᏂᏏᏂᏙᎸ ᎤᏩᏛᏛ.
5. ᎠᎬᏓᎨᏂᏃ ᏚᏙᎥ ᎪᏪᎸᎩ, [ᎯᎠ ᏂᎬᏅᎩ] ᎤᏕᎵᏛ ᎨᏒᎢ, ᏓᏓᎶᏂ ᎡᏆ, ᎤᏂᏁᎫᏥᏛ ᎠᏂᎨᏴ ᎤᏂᏥ ᎠᎴ ᎤᏂᏆᏘᏍᏗ ᎡᎶᎯ ᎡᎯ.
6. ᎠᎴ ᎠᎨᏴ ᎥᏥᎪᎥᎩ ᎤᎾᏓᏅᏘ ᎤᏂᎩᎬ, ᎠᎴ ᏥᏌ ᎬᏩᏃᎮᏍᎩ ᎤᏂᎩᎬ ᎤᏴᏍᏕᏍᏗᏍᎬᎩ; ᏥᎪᎥᏃ ᎤᏣᏘ ᎠᏍᏆᏂᎪᎯᏍᏗ ᎨᏒ ᎬᏗ ᎠᎩᏍᏆᏂᎪᏒᎩ.
7. ᏗᎧᎿᎭᏩᏗᏙᎯᏃ ᎯᎠ ᎾᎩᏪᏎᎸᎩ, ᎦᏙᏃ ᎥᏣᏍᏆᏂᎪᎵ? ᏓᎬᏃᏁᎵ ᏄᏍᏛ ᎦᏛᎬ ᎠᎨᏴ, ᎠᎴ ᏄᏍᏛ ᎦᏛᎬ ᏅᎩᏗᎦᏅᏌᏗ ᎾᏍᎩ ᏧᎩᎸᏗ, ᎾᏍᎩ ᎦᎵᏉᎩ ᏥᏓᏍᎫᏓᏛ ᎠᎴ ᎠᏍᎪᎯ ᏥᏚᎷᎦ.
8. ᎾᏍᎩ Ꮎ ᏅᎩ-ᏗᎦᏅᏌᏗ ᏥᎪᎥᎩ, ᎡᎲᎩ, ᎠᎴ ᎥᏝ ᏰᎭ; ᎠᎴ ᏙᏛᎴᏂ ᏫᎾᏍᏛᎾ ᏗᏔᎴᏒ ᏓᎦᏄᎪᏥ, ᎠᎴ ᎠᏥᏛᏙᏗᏱ ᏮᏓᎦᎶᏏ, ᎾᏍᎩᏃ Ꮎ ᎡᎶᎯ ᎠᏁᎯ ᎾᏍᎩ ᏚᎾᏙᎥ ᏂᏗᎪᏪᎳᏅ Ꮎ ᎬᏂᏛ ᎪᏪᎵᎯ ᎡᎶᎯ ᏧᏙᏢᏅ ᏅᏓᎬᏩᎴᏅᏛ ᏛᏂᏍᏆᏂᎪᏏ ᎠᏂᎪᎲᎭ ᏅᎩ-ᏗᎦᏅᏌᏗ ᎾᏍᎩ ᏤᎲᎩ, ᎠᎴ ᏁᎲᎾ ᏥᎩ, ᎠᏎᏃ ᎾᏍᎩ ᏤᎭ.
9. ᎠᏂ ᎠᎦᏙᎲᎯᏍᏗ ᎨᏒ ᎠᏓᏅᏙ ᎬᏙᏗ ᎪᎵᏍᏗ. ᎾᏍᎩ Ꮎ ᎦᎵᏉᎩ ᏓᏍᎫᏓᏛ ᎦᎵᏉᎩ ᏙᏓᎸ ᎦᏛᎦ, ᎾᎿᎭᎠᎨᏴ ᏧᏬᎳ.
10. ᎠᎴ ᎦᎵᏉᎩ ᎾᏂᎥ ᎤᏂᎬᏫᏳᎯ; ᎯᏍᎩ ᎢᏯᏂᏛ ᎤᎾᎵᏛᏔᏅ, ᎠᎴ ᎠᏏᏴᏫ ᎡᎭ, ᏐᎢᏃ ᎥᏝ ᎠᏏ ᏱᎦᎾᏄᎪᎦ; ᎠᎴ ᎦᎷᏨᎭ ᏝᎦ ᎤᏕᏗ ᎨᏎᏍᏗ.
11. ᎾᏍᎩᏃ Ꮎ ᏅᎩ-ᏗᎦᏅᏌᏗ ᏤᎲᎩ, ᎠᎴ ᎾᏍᎩ ᏁᎲᎾ ᏥᎩ, ᎾᏍᎩ ᏧᏁᎵᏁᎢ, ᎠᎴ ᎾᏍᎩ ᏚᎵᏉᎩ ᎢᏯᏂᏛ ᎨᏒ ᎨᎳ, ᎠᎴ ᎠᏥᏛᏙᏗᏱ ᏮᏓᎦᎶᏏ.
12. ᎠᏍᎪᎯᏃ ᏕᎤᎷᎬ ᏥᏕᏣᎪᎲᎩ, ᎾᏍᎩ ᎠᏍᎪᎯ ᎤᏂᎬᏫᏳᎯ ᎦᏛᎦ, ᎾᏍᎩ ᎤᏂᎬᏫᏳᎯ ᎢᏳᎾᎵᏍᏙᏗᏱ ᎨᏒ ᎠᏏ ᎨᏥᏁᎸᎯ ᏂᎨᏒᎾ ᎨᏒᎢ; ᎨᎦᎵᏍᎪᎸᏓᏁᎭᏍᎩᏂᏃᏅ ᎤᏂᎬᏫᏳᎯ ᎤᏂᏁᎢᏍᏗ ᎨᏒ ᎤᏂᏁᎢᏍᏗᏱ ᏌᏉ ᎢᏳᏟᎶᏛ ᏅᎩ-ᏗᎦᏅᏌᏗ ᎤᏠᏱ ᎧᏁᎬᎢ.
13. ᎯᎠ ᎾᏍᎩ ᏌᏉ ᏄᏅᏅ ᏚᎾᏓᏅᏛᎢ, ᎠᎴ ᏅᎩ-ᏗᎦᏅᏌᏗ ᏄᏍᏛ ᎤᎾᏒᎦᎸ ᎠᎴ ᏚᎾᎵᏂᎬᎬ ᏙᏛᏂᏲᎯᏎᎵ.
14. ᎯᎠ ᎾᏍᎩ ᏓᎿᎭᏩ ᏅᏛᏅᏁᎵ ᎤᏃᏕᎾ ᎠᎩᎾ, ᎠᎴ ᎤᏃᏕᎾ ᎠᎩᎾ ᏙᏛᏎᎪᎩᏏ ᎾᏍᎩ; ᎾᏍᎩᏰᏃ ᎤᏂᎬᏫᏳᎯ ᎠᏁᎲ ᎤᎬᏫᏳᎯ; ᎠᎴ ᏄᏂᎬᏫᏳᏒ ᎠᏁᎲ ᎾᏍᎩ ᏄᎬᏫᏳᏌᏕᎩ; ᎠᎴ ᎾᏍᎩ ᎬᏩᏜᏓᏩᏍᏗᏕᎩ ᏥᎩ ᎨᏥᏯᏅᏛ, ᎠᎴ ᎨᎦᏑᏰᏛ, ᎠᎴ ᏄᎾᏓᎵᏓᏍᏛᎾ.
15. ᎠᎴ ᎯᎠ ᎾᎩᏪᏎᎸᎩ, ᎠᎹ ᏥᏕᏣᎪᎲᎩ, ᎾᎿᎭᎤᏁᎫᏥᏛ ᎠᎨᏴ ᏧᏬᎳ, ᏴᏫ ᎦᏛᎦ, ᎠᎴ ᎤᏂᏣᏘ ᎨᏒᎢ, ᎠᎴ ᎤᎾᏓᏤᎵᏗ ᏴᏫ, ᎠᎴ ᏧᏓᎴᏅᏛ ᏗᏂᏬᏂᏍᎩ ᎨᏒᎢ.
16. ᎠᎴ ᎠᏍᎪᎯ ᏕᎤᎷᎬ ᏥᏕᏣᎪᎲᎩ, ᎾᏍᎩ ᏅᎩ-ᏗᎦᏅᏌᏗ ᏚᎷᎬᎢ, ᎾᏍᎩ ᏓᎬᏩᏂᏆᏘᎵ ᎤᏁᎫᏥᏛ ᎠᎨᏴ, ᎠᎴ ᏅᏔ ᎠᎴ ᎤᏰᎸᎭ ᏅᏓᏰᎬᏁᎵ, ᎠᎴ ᎤᏇᏓᎸ ᏓᎬᏩᎨᎵ, ᎠᎴ ᎠᏥᎸ ᎬᏗ ᏓᎬᏩᎪᎲᏍᏔᏂ.
17. ᎤᏁᎳᏅᎯᏰᏃ ᏚᎳᏁᎸ ᎫᏂᎾᏫᏱ ᏄᏍᏛ ᎠᏓᏅᏖᏍᎬ ᎤᏂᏍᏆᏗᏍᏗᏱ, ᎠᎴ ᏌᏉ ᎢᏳᏅᏁᏗᏱ ᏚᎾᏓᏅᏛᎢ, ᎠᎴ ᏧᏂᏲᎯᏎᏗᏱ ᏅᎩ-ᏗᎦᏅᏌᏗ ᎾᎿᎭᎤᏂᎬᏫᏳᎯ ᎨᏒᎢ, ᎬᏂ ᎤᏁᎳᏅᎯ ᎤᏁᏨ ᎾᏍᎩ ᎢᏳᎵᏍᏔᏅᎯ ᎨᏎᏍᏗ.
18. ᎠᎨᏴᏃ Ꮎ ᏥᎪᏩᏘᏍᎬᎩ ᎾᏍᎩ Ꮎ ᎡᏆ ᎦᏚᎲ ᎦᏛᎦ, ᎾᏍᎩ ᎤᏂᎬᏫᏳᎯ ᎡᎶᎯ ᎠᏁᎲ ᎤᎬᏫᏳᏌᏕᎩ ᏥᎩ.

== Revelation of John 18 ==
1. ᎾᏍᎩᏃ ᎯᎠ ᏄᎵᏍᏔᏂᏙᎸ ᏅᏩᏓᎴ ᏗᎧᎿᎭᏩᏗᏙᎯ ᎥᏥᎪᎥᎩ ᎦᎸᎳᏗ ᏓᏳᏠᎠᏒᎩ, ᎤᏣᏘ ᎤᎵᏂᎩᏛ ᎨᏒᎩ; ᎾᏍᎩᏃ ᎤᏤᎵ ᎦᎸᏉᏗᏳ ᎨᏒ ᎡᎶᎯ ᎢᎦ ᎤᏘᏍᏔᏅᎩ.
2. ᎠᎴ ᎠᏍᏓᏯ ᎤᏪᎷᏅᎩ ᎤᎵᏂᎩᏛ ᎧᏁᎬ ᎬᏗ, ᎯᎠ ᏂᎦᏪᏍᎬᎩ, ᏓᏓᎶᏂ ᎡᏆ ᎠᏲᎩ, ᎠᏲᎩ, ᎠᎴ ᎠᏂᏍᎩᎾ ᎤᎾᏕᏗᏱ ᏂᎦᎵᏍᏓ, ᎠᎴ ᎾᏂᎥ ᎠᏂᎦᏓᎭ ᏗᏓᏅᏙ ᎤᏂᏴᏍᏗᏱ, ᎠᎴ ᎾᏂᎥ ᎠᏂᎦᏓᎭ ᎠᎴ ᎤᏂᏂᏆᏘᏍᏗ ᏥᏍᏆ ᎤᎾᏁᎳᏗᏍᏗᏱ.
3. ᏂᎦᏗᏳᏰᏃ ᎤᎾᏓᏤᎵᏛ ᏴᏫ ᏓᏁᏩᏗᏒ ᎤᎾᏗᏔᎲ ᎩᎦᎨ-ᎠᏗᏔᏍᏗ ᎤᏔᎳᏬᎯᏍᏗ ᎨᏒ ᎤᏓᏑᏱ ᎾᏍᎩ ᎤᏕᎵᏛ ᏚᏂᏏᏂᏙᎸ ᎢᏳᏩᏂᏌᏛ, ᎠᎴ ᎤᏂᎬᏫᏳᎯ ᎡᎶᎯ ᎠᏁᎯ ᎾᏍᎩ ᎤᏕᎵᏛ ᏚᎾᏂᏏᏂᏙᎸ, ᎠᎴ ᎠᏂᏃᏗᏍᎩ ᎡᎶᎯ ᎠᏁᎯ ᏚᏁᏅᎢᏍᏔᏅ ᎾᏍᎩ ᎤᏣᏘ ᎤᏢᏉᏗ ᎡᎲᎢ.
4. ᎠᎴ ᏅᏩᏓᎴ ᎩᎶ ᏗᎧᏁᎬ ᎦᎸᎳᏗ ᎠᏆᏛᎦᏅᎩ, ᎯᎠ ᏅᏓᎦᏪᏍᎬᎩ, ᏂᎯ ᏗᏆᏤᎵᎦ ᏴᏫ ᎡᏥᏄᎪᎢ, ᎾᏍᎩ ᎢᏣᏠᏯᏍᏙᏗᏱ ᏂᎨᏒᎾ ᎾᏍᎩ ᎤᏍᎦᏅᏥᏙᎸᎢ, ᎠᎴ ᎾᏍᎩ ᎤᏤᎵ ᎤᏕᏯᏙᏗ ᎨᏒ ᎢᏣᏠᏯᏍᏙᏗᏱ ᏂᎨᏒᎾ.
5. ᎤᏍᎦᏅᏥᏙᎸᏰᏃ ᎦᎸᎳᏗ ᎢᏴᏛ ᏭᎷᏨ, ᎠᎴ ᎤᏁᎳᏅᎯ ᎤᏅᏓᏛ ᎤᏲᏚᎸᏫᏍᏓᏁᎵᏙᎸᎢ.
6. ᎡᏣᎫᏴᏏ ᎾᏍᎩᏯ ᎢᏣᎫᏴᎡᎸᎢ, ᎠᎴ ᏔᎵ ᎢᏳᏩᎫᏗ ᎡᏣᎫᏴᏏ ᎾᏍᎩᏯ ᏚᎸᏫᏍᏓᏁᎸᎢ; ᎤᎵᏍᏈᏗ ᎤᎧᎵᎸᎯ ᎾᏍᎩ ᏔᎵ ᎢᏳᏩᎫᏗ ᎡᏥᎧᎵᎢᏏ.
7. ᎾᏍᎩ ᏂᎦᎥ ᎤᏩᏒ ᎤᏓᎸᏉᏔᏅᎢ ᎠᎴ ᎤᏢᏉᏗ ᎤᏕᏅᎢ, ᎾᏍᎩ ᎢᎦᎢ ᎠᎩᎵᏯ ᎠᎴ ᎤᏲ ᎠᏓᏅᏓᏗᏍᏗ ᎨᏒ ᎡᏥᎥᏏ; ᎤᎾᏫᏱᏰᏃ ᎯᎠ ᏂᎦᏪᎭ, ᎠᎩᎬᏫᏳᎯ ᎠᏉᎳ, ᎥᏝ ᎠᏉᏑᎶᏨᎯ ᏱᎩ, ᎥᏝ ᎠᎴ ᎤᏲ ᎠᏓᏅᏓᏗᏍᏗ ᎨᏒ ᏴᎦᏥᎪᏩᏛ.
8. ᎾᏍᎩ ᎢᏳᏍᏗ ᎤᏕᏯᏙᏗᏍᎩ ᎨᏒ ᏏᏉᏃ ᎤᎷᎯᏍᏗ ᎨᏎᏍᏗ, ᎠᏲᎱᎯᏍᏗ ᎨᏒ, ᎠᎴ ᏗᏴᎳᏍᏗ ᎨᏒ, ᎠᎴ ᎠᎪᎸ; ᎠᎴ ᎠᎦᎪᎲᏍᏙᏗ ᎨᏎᏍᏗ ᎠᏥᎸ ᎬᏗ; ᎤᎵᏂᎩᏗᏳᏰᏃ ᎤᎬᏫᏳᎯ ᎤᏁᎳᏅᎯ ᎾᏍᎩ ᏧᏭᎪᏓᏁᎯ ᏥᎩ.
9. ᎠᎴ ᎤᏂᎬᏫᏳᎯ ᎡᎶᎯ ᎠᏁᎯ, ᎾᏍᎩ ᎤᏕᎵᏛ ᏧᎾᏂᏏᏂᏙᎸᎯ ᎨᏒᎢ, ᎠᎴ ᎤᏢᏉᏗ ᎢᏧᎳᎭ ᎤᎾᏕᏅᎯ, ᎾᏍᎩ ᏓᎬᏩᏍᎪᏂᎵ, ᎠᎴ ᎾᏍᎩ ᏅᏓᎦᎵᏍᏙᏔᏂ ᏙᏛᏂᏴᎳᏏ, ᎿᎭᏉ ᎠᏂᎪᎲᎭ ᏚᎦᏒᏍᏛ ᎾᏍᎩ ᎠᎪᎲᏍᎬᎢ,
10. ᎢᏅ ᏗᏂᏙᎾᎡᏍᏗ ᎠᏂᏍᎦᎢᎲ ᎠᎩᎵᏲᎬ ᏅᏗᎦᎵᏍᏙᏗᏍᎬᎢ, ᎯᎠ ᎾᏂᏪᏍᎨᏍᏗ, ᎤᏲᏍᏛᏉ, ᎤᏲᏍᏛᏉ, ᎾᏍᎩ Ꮎ ᎡᏆ ᏓᏓᎶᏂ, ᎾᏍᎩ ᎤᎵᏂᎩᏛ ᎦᏚᎲᎢ! ᏑᏟᎶᏛᏉᏰᏃ ᎢᎪᎯᏛ ᏗᏣᏚᎪᏓᏁᏗ ᎨᏒ ᏣᎷᏥᏏ.
11. ᎠᏂᏃᏔᏅᎲᏍᎩᏃ ᎡᎶᎯ ᎠᏁᎯ ᏙᏛᎾᏠᏱᎵ ᎠᎴ ᏙᏛᏂᏴᎳᏏ ᏓᎬᏩᏍᎪᏂᎵ ᎾᏍᎩ; ᎥᏝᏰᏃ ᎿᎭᏉ ᎩᎶ ᏱᎬᏩᏂᏩᎯᏎᎭ ᎦᏃᏙᏗ;
12. ᎾᏍᎩ ᎠᏕᎸ-ᏓᎶᏂᎨ ᎦᏃᏙᏗ ᎨᏒᎢ, ᎠᎴ ᎠᏕᎸ-ᎤᏁᎬ, ᎠᎴ ᎤᏣᏘ ᏧᎬᏩᎶᏗ ᏅᏯ, ᎠᎴ ᏓᎬᎾ-ᎢᏳᎾᏍᏗ, ᎠᎴ ᎤᏏᏙᎵ ᏙᎴᏛ, ᎠᎴ ᏗᏕᎭᎷᎨᎢ, ᎠᎴ ᏗᏩᎾᎨᎢ, ᎠᎴ ᏗᎩᎦᎨᎢ, ᎠᎴ ᎾᎦᎥ ᏗᎦᎸᏉᏗ ᎠᏓ, ᎠᎴ ᏂᎦᎥ ᏗᏖᎵᏙ ᎧᎹᎹ ᏧᏓᏄᏙᏅᎯ ᏗᎪᏢᏔᏅᎯ, ᎠᎴ ᏂᎦᎥ ᏗᏖᎵᏙ ᎤᏣᏘ ᏧᎬᏩᎶᏗ ᎠᏓ ᏗᎪᏢᏔᏅᎯ, ᎠᎴ ᎥᏣᏱ, ᎠᎴ ᏔᎷᎩᏍᎩ, ᎠᎴ ᎠᏂᏓᏫᏍᎦᎨ ᏅᏯ,
13. ᎠᎴ ᏏᏂᎹᏂ, ᎠᎴ ᏗᎦᏩᏒᎩ, ᎠᎴ ᎠᏠᏁᏗ, ᎠᎴ ᎠᏜᏓᎤᎦᎾᏍᏛ ᎦᏩᏒᎩ, ᎠᎴ ᎩᎦᎨ-ᎠᏗᏔᏍᏗ, ᎠᎴ ᎪᎢ, ᎠᎴ ᏩᎾᎨ ᎤᏣᎴᏍᏗ ᎢᏒ, ᎠᎴ ᎤᏣᎴᏍᏗᎤᎦᏛ, ᎠᎴ ᎦᎾᏝᎢ, ᎠᎴ ᎠᏫ-ᎤᏂᏃᏕᏅ, ᎠᎴ ᏐᏈᎵ, ᎠᎴ ᏧᏍᏗ-ᏓᏆᎴᎷ, ᎠᎴ ᏴᏫ-ᏗᎦᎾᏝᎢ, ᎠᎴ ᏴᏫ ᏧᎾᏓᏅᏙ.
14. ᎠᎴ ᎤᏓᏔᏅᎯ ᎾᏍᎩ ᏣᏓᏅᏙ ᏧᎬᎥᏍᎬᎩ ᏣᏓᏅᎡᎸ, ᎠᎴ ᏂᎦᎥ ᎤᏢᏉᏗ ᎠᎴ ᏗᎦᎸᏉᏗ ᏥᎨᏒ ᎨᏣᏓᏅᎡᎸ, ᎠᎴ ᎥᏝ ᎿᎭᏉ ᏫᏗᎨᏣᏩᏛᏗ ᏱᎨᏎᏍᏗ.
15. ᎯᎠ ᎾᏍᎩ ᏧᏓᎴᏛ ᎠᏂᏃᏔᏅᎥᏍᎩ, ᎾᏍᎩ ᏧᏪᏅᎢᏍᏔᏅᎯ, ᎢᏅ ᏗᏂᏙᎾᎡᏍᏗ ᏅᏗᎦᎵᏍᏙᏗᏍᎨᏍᏗ ᎠᎩᎵᏲᎬ ᎠᏂᏍᎦᎢᎲᎢ, ᏓᎾᏠᏱᎮᏍᏗ ᎠᎴ ᏓᏂᏴᎨᏍᏗ,
16. ᎠᎴ ᎯᎠ ᎾᏂᏪᏍᎨᏍᏗ, ᎤᏲᏍᏛᏉ, ᎤᏲᏍᏛᏉ, ᎾᏍᎩ Ꮎ ᎡᏆ ᎦᏚᎲ ᎾᏍᎩ ᎤᏏᏙᎵ ᏙᎴᏛ, ᎠᎴ ᏕᎭᎷᎨᎢ, ᎠᎴ ᎩᎦᎨᎢ ᏥᏚᏣᏃᏛᎩ, ᎠᎴ ᎠᏕᎸᏓᎶᏂᎨᎢ, ᎠᎴ ᎤᏣᏘ ᏧᎾᎬᏩᎶᏗ ᏅᏯ, ᎠᎴ ᏓᎬᎾ-ᎢᏳᎾᏍᏗ, ᏥᏚᏣᏃᏛᎩ!
17. ᏑᏟᎶᏛᏉᏰᏃ ᎢᎪᎯᏛ ᎾᏍᎩ ᎢᎦᎢ ᏧᎬᏩᎶᏗ ᎠᏎᏉ ᏂᎦᎵᏍᏔᏂᏛ. ᎠᎴ ᎾᏂᎥ ᎤᏂᎬᏫᏳᏌᏕᎩ ᏥᏳ ᏧᏔᏅ ᏓᏂᏂᏙᎲᎢ, ᎠᎴ ᎾᏂᎥ ᏥᏳᎯ ᎤᎾᏣᎢ, ᎠᎴ ᏥᏳ ᏗᏂᏂᏙᎯ, ᎠᎴ ᎾᏂᎥᏉ ᎠᎺᏉᎯ ᎠᏂᏃᏔᏂᏙᎯ, ᎢᏅ ᏛᏂᏙᎾᎥᎩ,
18. ᎠᎴ ᎤᏁᎷᏅᎩ ᎢᏳᏃ ᎤᏂᎪᎲ ᏚᎦᏒᏍᏛ ᎾᏍᎩ ᎠᎪᎲᏍᎬᎢ, ᎯᎠ ᎾᏂᏪᏍᎬᎩ, ᎦᏙ ᎤᏍᏗ ᎾᏍᎩᏯ ᎨᏎ ᎾᏍᎩ ᎯᎠ ᎡᏆ ᎦᏚᎲ ᏄᏍᏛᎢ?
19. ᏗᏂᏍᎪᎵᏃ ᎪᏍᏚ ᏚᏂᏝᏅᎩ, ᎠᎴ ᎤᏁᎷᏅᎩ ᏓᎾᏠᏱᎲᎢ, ᎠᎴ ᏓᏂᏴᎬᎢ, ᎯᎠ ᎾᏂᏪᏍᎬᎩ, ᎤᏲᏍᏛᏉ, ᎤᏲᏍᏛᏉ, ᎾᏍᎩ Ꮎ ᎡᏆ ᎦᏚᎲᎢ, ᎾᎿᎭᏧᏁᎿᎭᎢ ᏥᏄᎾᎵᏍᏔᏅᎩ ᏂᎦᏛ ᎠᎺᏉᎯ ᏥᏳ ᏗᏂᏂᏙᎯ, ᏅᏗᎦᎵᏍᏙᏗᏍᎬ ᎤᏣᏘ ᎤᏪᎿᎭᎢᏳ ᎨᏒᎢ, ᏑᏟᎶᏛᏉᏰᏃ ᎢᎪᎯᏛ ᏅᏔ ᎾᎬᏁᎸ.
20. ᎢᏣᎵᎮᎵᎩ ᎾᏍᎩ ᏄᎵᏍᏓᏁᎸ ᎢᏳᏍᏗ, ᏂᎯ ᎦᎸᎶᎢ ᎠᎴ ᏂᎯ ᎢᏣᏓᏅᏘ ᎠᎴ ᎡᏥᏅᏏᏛ, ᎠᎴ ᎢᏣᏙᎴᎰᏍᎩ; ᎤᏁᎳᏅᎯᏰᏃ ᏂᎯ ᎨᏒ ᎢᏳᏍᏗ ᎾᏍᎩ ᎠᎦᏞᏥ.
21. ᎤᎵᏂᎩᏛᏃ ᏗᎧᎿᎭᏩᏗᏙᎯ ᏅᏯ ᎤᎩᏒᎩ, ᎤᏔᏅ ᏗᏍᏙᏍᎩ ᏅᏯ ᎾᏍᎩᏯᎢ, ᎠᎺᏉᎯᏃ ᏭᏗᏅᏒᎩ, ᎯᎠ ᏄᏪᏒᎩ, ᎾᏍᎩᏯ ᎬᏍᎦᎢᏍᏓᎩ ᎾᏍᎩ Ꮎ ᎡᏆ ᎦᏚᎲ ᏓᏓᎶᏂ ᎠᏥᏲᏍᏙᏗ ᎨᏎᏍᏗ, ᎥᏝ ᎠᎴ ᎿᎭᏉ ᎬᏩᏛᏗ ᏱᎨᏎᏍᏗ.
22. ᎠᎴ ᏗᎧᏃᎩᏍᏙᏗ ᏗᏂᏃᎩᏍᏗᏍᎩ, ᎠᎴ ᏗᏂᏃᎩᏍᎩ, ᎠᎴ ᎠᏦᏔᏍᏗ ᏗᏂᏃᎩᏍᏗᏍᎩ, ᎠᎴ ᏗᏂᏤᎷᎯᏍᎩ ᎤᎾᏓᏃᏴᎵᏍᏛ ᎥᏝ ᎿᎭᏉ ᎡᏣᏛᎦᏁᏗ ᏱᎨᏎᏍᏗ; ᎢᏝ ᎠᎴ ᎪᏢᏅᎥᏍᎩ ᏄᏓᎴᏒᏉ ᎪᎱᏍᏗ ᎪᏢᏍᎩ ᎿᎭᏉ ᏰᏣᏩᏛᎡᎴᏍᏗ; ᎠᎴ ᏅᏯ ᎠᏍᏙᏍᎩ ᎤᏃᏴᎬ ᎥᏝ ᎿᎭᏉ ᎡᏣᏛᎦᏁᏗ ᏱᎨᏎᏍᏗ;
23. ᎠᎴ ᎠᏨᏍᏙᏗ ᏚᎸᏌᏛ ᎥᏝ ᎿᎭᏉ ᏗᏣᎸᏌᏓᏕᏗ ᏱᎨᏎᏍᏗ; ᎠᎴ ᎠᏕᏒᎲᏍᎩ ᎠᎴ ᎠᏥᏰᎯ ᎠᏂᏁᎬ ᎥᏝ ᎿᎭᏉ ᎡᏣᏛᎦᏁᏗ ᏱᎨᏎᏍᏗ; ᏗᏣᏤᎵᏰᏃ ᎠᏂᏃᏗᏍᎩ ᎨᏥᎸᏉᏗ ᎨᏒᎩ ᏴᏫ ᎡᎶᎯ ᏓᏁᏩᏗᏒᎢ; ᏂᎦᏗᏳᏰᏃ ᎤᎾᏓᏤᎵᏛ ᎨᏒ ᏴᏫ ᏓᏁᏩᏗᏒ ᎠᏙᏅᏗ ᏕᏣᎸᏫᏍᏓᏁᎲ ᏕᎯᎶᏄᎮᏔᏅᎩ.
24. ᎠᎴ ᎾᏍᎩ ᎠᏥᏩᏛᎡᎸᎩ ᎤᏂᎩᎬ ᎠᎾᏙᎴᎰᏍᎩ, ᎠᎴ ᎤᎾᏓᏅᏘ, ᎠᎴ ᏂᎦᏛ ᎡᎶᎯ ᏗᎨᏥᎸᎯ ᎨᏒᎢ.

== Revelation of John 19 ==
1. ᎾᏍᎩᏃ ᏄᎵᏍᏔᏂᏙᎸ ᎠᏆᏛᎦᏅᎩ ᎠᏍᏓᏯ ᎠᏂᏁᎬ ᎤᏂᏣᏘ ᏴᏫ ᎦᎸᎳᏗ ᎢᏴᏛ, ᎯᎠ ᏅᏛᏂᏪᏍᎬᎩ, ᏱᎰᏩ ᎡᏗᎸᏉᏓ; ᎠᎵᏍᏕᎸᏙᏗ ᎨᏒᎢ, ᎠᎴ ᎠᏥᎸᏉᏙᏗ ᎨᏒᎢ, ᎠᎴ ᎣᏍᏛ ᎠᏥᏰᎸᏗ ᎨᏒᎢ, ᎠᎴ ᎤᎵᏂᎩᏛ ᎨᏒᎢ, ᎤᏤᎵᎦ ᎨᏎᏍᏗ ᎤᎬᏫᏳᎯ ᎢᎦᏁᎳᏅᎯ;
2. ᎾᏍᎩᏰᏃ ᏧᏭᎪᏙᏗ ᎨᏒ ᏚᏳᎪᏛᎢ ᎠᎴ ᎣᏍᏛ; ᎾᏍᎩᏰᏃ ᏚᏭᎪᏓᏁᎸ ᎤᏣᏘ ᎤᏁᎫᏥᏛ ᎠᎨᏴ, ᎾᏍᎩ ᎤᏕᎵᏛ ᏓᏂᏏᏂᏙᎲ ᎤᏂᏲ ᏥᏂᏚᏩᏁᎸ ᎡᎶᎯ ᎠᏁᎯ, ᎠᎴ ᎤᏞᏨ ᏧᏅᏏᏓᏍᏗ ᎤᏂᎩᎬ ᏚᏨᏁᎸᎢ.
3. ᎠᎴ ᏔᎵᏁ ᏱᎰᏩ ᎡᏗᎸᏉᏓ ᎤᎾᏛᏅᎩ. ᎠᎴ ᎾᏍᎩ ᎤᏤᎵ ᏧᎦᏒᏍᏗ ᏓᎴᎲᏍᎬᎩ ᏂᎪᎯᎸ ᎠᎴ ᏂᎪᎯᎸᎢ.
4. ᎾᏍᎩᏃ Ꮎ ᏅᎩᏦᏁ ᎢᏯᏂᏛ ᏧᎾᏛᏐᏅᎯ, ᎠᎴ Ꮎ ᏅᎩ ᎢᏯᏂᏛ ᏗᏅᏃᏛ ᎡᎳᏗ ᏚᎾᏓᏅᏅᎩ, ᎠᎴ ᎤᏁᎳᏅᎯ ᎤᎾᏓᏙᎵᏍᏓᏁᎸᎩ, ᎾᏍᎩ ᎦᏍᎩᎸ ᎤᏪᎵ, ᎯᎠ ᎾᏂᏪᏍᎬᎩ, ᎡᎺᏅ; ᏱᎰᏩ ᎡᏗᎸᏉᏓ.
5. ᎠᎴ ᎩᎶ ᎧᏁᎬ ᎦᏍᎩᎸ ᏓᏳᏓᎴᏅᎩ, ᎯᎠ ᏂᎦᏪᏍᎬᎩ, ᎡᏥᎸᏉᏓ ᎣᎦᏁᎳᏅᎯ ᏂᎯ ᏂᏥᎥ ᎢᏥᏅᏏᏓᏍᏗ ᏥᎩ, ᎠᎴ ᏂᎯ ᎡᏥᎾᏰᏍᎩ ᏥᎩ, ᏗᏣᏍᏗᎦ ᎠᎴ ᏗᏣᏔᏅ.
6. ᎠᎴ ᎠᏆᏛᎦᏅᎩ ᎤᏂᏣᏘ ᏣᏂᏁᎪ ᎾᏍᎩᏯᎢ, ᎠᎴ ᎤᏣᏘ ᎠᎹ ᏧᏍᏆᏃᏴᎪ ᎾᏍᎩᏯᎢ, ᎠᎴ ᎤᏣᏘ ᏓᏴᏓᏆᎶᏍᎬ ᏥᏚᏍᏆᏃᏴᎪ ᎾᏍᎩᏯᎢ, ᎯᎠ ᎾᏂᏪᏍᎬᎩ, ᏱᎰᏩ ᎡᏗᎸᏉᏓ; ᎤᎬᏫᏳᎯᏰᏃ ᎤᏁᎳᏅᎯ ᏫᎾᏍᏛᎾ ᎤᎵᏂᎩᏛ ᎤᎬᏫᏳᏌᏕᎦ.
7. ᎣᏍᏛ ᎢᏓᏓᏅᏓᏓ ᎠᎴ ᎢᏓᎵᎮᎵᎩ, ᎠᎴ ᎾᏍᎩ ᎡᏗᎸᏉᏓ; ᎤᏃᏕᎾᏰᏃ-ᎠᎩᎾ ᏣᎦᏨᏍᏙᏗᏱ ᎠᏍᏆᎸ, ᎤᏓᎵᎢᏃ ᎠᏛᏅᎢᏍᏔᏃᎾ.
8. ᎠᎴ ᎾᏍᎩ ᎠᎦᎵᏍᎪᎸᏓᏁᎸᎩ ᎤᏏᏙᎵ ᏙᎴᏛ ᏧᏄᏬᏍᏗᏱ, ᏗᎦᏓᎭ ᏂᎨᏒᎾ ᎠᎴ ᏧᏁᎬ; ᎤᏏᏙᎵᏰᏃ ᏙᎴᏛ ᏚᏳᎪᏛ ᏄᎾᏛᏁᎵᏙᎸ ᎤᎾᏓᏅᏘ ᎦᏛᎦ.
9. ᎯᎠᏃ ᎾᎩᏪᏎᎸᎩ, ᎰᏪᎸᎦ, (ᎯᎠᏅᎦ,) ᎣᏏᏳ ᎢᏳᎾᎵᏍᏓᏁᏗ ᎾᏍᎩ Ꮎ ᎤᏃᏕᎾ-ᎠᎩᎾ ᏣᎦᏨᏍᏙᏗᏱ ᏧᎾᎵᏍᏓᏴᏗᏱ ᎨᏒ ᎤᏂᎷᎯᏍᏗᏱ ᎨᏥᏯᏅᏛ ᎨᏎᏍᏗ. ᎯᎠᏃ ᎾᎩᏪᏎᎸᎩ, ᎯᎠ ᎾᏍᎩ ᎤᏙᎯᏳᎯ ᎢᏳᏪᏛ ᎤᏁᎳᏅᎯ.
10. ᏚᎳᏍᎬᏃ ᎠᏆᏓᏅᏅᎩ ᏓᏥᏯᏓᏙᎵᏍᏓᏁᎵᏒᎩ. ᎯᎠᏃ ᎾᎩᏪᏎᎸᎩ, ᎥᏞᏍᏗ. ᎠᏴᏰᏃ ᎤᏠᏱᏉ ᎡᎩᏂᏅᏏᏓᏍᏗ, ᎠᎴ ᎠᏴ ᎾᏍᎩ ᎢᏣᎵᏅᏟ ᏥᎨᏒ ᎾᏍᎩ ᏥᏌ ᎤᏤᎵ ᎪᎯᏳᏗᏍᎩ ᎤᏂᎯ; ᎤᏁᎳᏅᎯ ᎯᏯᏓᏙᎵᏍᏓᏏ; ᎠᏙᎴᎰᎯᏍᏙᏗᏰᏃ ᎨᏒ ᎠᏓᏅᏙ ᎠᎴ ᏥᏌ ᎪᎯᏳᏓᏁᏗᏱ ᎤᏠᏱᏉ.
11. ᎠᎩᎪᎲᎩᏃ ᎦᎸᎶᎢ ᎤᎵᏍᏚᎢᏛ ᎨᏒᎩ, ᎠᎴ ᎬᏂᏳᏉ ᎤᏁᎬ ᏐᏈᎵ (ᎥᏥᎪᎥᎩ;) ᎠᎴ ᎾᏍᎩ ᎾᎿᎭᎤᎩᎵ, ᏄᏓᎵᏓᏍᏛᎾ ᎠᎴ ᏚᏳᎪᏛ (ᎢᏯᏛᏁᎯ) ᎠᎪᏎᎲᎩ, ᎠᎴ ᏚᏳᎪᏛ ᎬᏗᏍᎬ ᏕᎫᎪᏗᎭ ᎠᎴ ᏓᎿᎭᏩ ᎪᏢᏍᎦ.
12. ᏗᎦᏙᎵ ᎠᏥᎸ ᎠᏓᏪᎵᎩᏍᎩ ᎾᏍᎩᏯ ᎨᏒᎩ, ᎠᏍᎪᎵᏃ ᎤᏣᏘ ᏚᎵᏍᏚᎸᎩ; ᎠᎴ ᏚᏙᎥ ᎪᏪᎸᎩ ᎾᏍᎩ ᎩᎶ ᎬᏬᎵᏍᏗ ᏂᎨᏒᎾ ᎤᏩᏒᏍᎩᏂᏃᏅ ᎪᎵᎬᎩ.
13. ᎠᎴ ᎩᎬᎯ ᎬᏅᎯ ᎠᏄᏬ ᎤᏄᏩᎥᎩ; ᎠᎴ ᎤᏁᎳᏅᎯ ᎤᏤᎵ ᎧᏃᎮᏛ ᎠᎪᏎᎭ ᎠᏥᏯᏂᏍᎬᎢ.
14. ᎠᎴ ᎠᏂᏯᏫᏍᎩ ᎦᎸᎳᏗ ᎠᏁᎲ ᎬᏩᏍᏓᏩᏛᏒᎩ ᎤᏂᏁᎬ ᏐᏈᎵ ᏧᎾᎩᎸᏗ, ᏧᏏᏙᎵ ᏙᎴᏛ ᏗᏄᏬ ᏚᎾᏄᏬᏍᏛᎩ, ᏧᏁᎬ ᎠᎴ ᏗᎦᏓᎭ ᏂᎨᏒᎾ.
15. ᎠᎴ ᎠᎰᎵ ᏗᎦᏄᎪᎦ ᎪᏍᏓᏯ ᎭᏰᎳᏍᏗᎦᏅᎯᏛ, ᎾᏍᎩ ᏧᏩᏂᏍᏙᏗᏱ ᎤᎾᏓᏤᎵᏛ ᏴᏫ ᏓᏁᏩᏗᏒᎢ; ᎠᎴ ᏔᎷᎩᏍᎩ ᎬᏗ ᏗᎬᏩᏁᎶᏙᏗᏱ ᏅᏓᎬᏁᎵ; ᎠᎴ ᏖᎸᎳᏗ ᎦᏨᏩᏍᏙᏗᏱ ᎠᎳᏍᏓᎡᎭ ᎾᏍᎩ ᎤᏓᏑᏱ ᎤᏍᎦᏎᏗ ᎠᎴ ᎤᏔᎳᏬᎯᏍᏗ ᎨᏒ ᏫᎾᏍᏛᎾ ᎤᎵᏂᎩᏛ ᎤᏁᎳᏅᎯ ᎤᏤᎵᎦ.
16. ᎠᎴ ᎤᏄᏬᎩᎯ ᎠᎴ ᎦᎦᎶᎢ ᏧᏙᏍᏙᏗ ᎪᏪᎸᎩ, (ᎯᎠ ᏂᎬᏅᎩ,) ᏄᏂᎬᏫᏳᏌᏕᎩ ᎠᏁᎲ ᏄᎬᏫᏳᏌᏕᎩ, ᎠᎴ ᎤᏂᎬᏫᏳᎯ ᎠᏁᎲ ᎤᎬᏫᏳᎯ.
17. ᏗᎧᎿᎭᏩᏗᏙᎯᏃ ᎥᏥᎪᎥᎩ ᏅᏙ ᎢᎦᎡᎯ ᎧᎸ ᎬᏙᎬᎩ; ᎠᎴ ᎤᏪᎷᏅᎩ ᎠᏍᏓᏯ ᎤᏁᏨᎩ, ᎯᎠ ᏂᏚᏪᏎᎸᎩ ᎾᎯᎥ ᏥᏍᏆ ᎦᎸᎶ ᎠᏰᎵ ᎠᏂᏃᎯᎵᏙᎯ, ᎡᏤᎾ ᎢᏣᏓᏟᏌ ᎠᏥᎸᏉᏗ ᎤᏁᎳᏅᎯ ᎤᏤᎵ ᎠᎵᏍᏓᏴᏗᏱ ᎨᏒᎢ;
18. ᎾᏍᎩ ᎢᏥᎩᏍᏗᏱ ᎤᏂᎬᏫᏳᎯ ᎤᏂᏇᏓᎸᎢ, ᎠᎴ ᎠᏂᏍᎦᏰᎬᏍᏓ ᎤᏂᏇᏓᎸᎢ, ᎠᎴ ᏧᎾᎵᏂᎩᏛ ᎠᏂᏍᎦᏯ ᎤᏂᏇᏓᎸᎢ, ᎠᎴ ᏐᏈᎵ ᎤᏂᏇᏓᎸᎢ, ᎠᎴ ᎾᏍᎩ Ꮎ ᏧᎾᎩᎸᏗ, ᏂᏗᎨᏥᎾᏝᎥᎾ ᎠᎴ ᏗᎨᏥᎾᏝᎢ, ᎾᏍᏉ ᏧᎾᏍᏗ ᎠᎴ ᏧᎾᏔᏅ.
19. ᎠᎴ ᎾᏍᎩ Ꮎ ᏅᎩ-ᏗᎦᏅᏌᏗ ᎥᏥᎪᎥᎩ, ᎠᎴ ᎤᏂᎬᏫᏳᎯ ᎡᎶᎯ ᏓᏁᏩᏗᏒᎢ, ᎠᎴ ᎾᏍᎩ ᏧᎾᏤᎵ ᎠᏂᏯᏫᏍᎩ, ᎤᎾᏓᏟᏌᏅᎩ ᏓᎿᎭᏩ ᎢᏳᏅᏁᏗᏱ ᎤᏂᏰᎸᏒᎩ ᎾᏍᎩ Ꮎ ᏐᏈᎵᎯ ᎤᎩᎵ, ᎠᎴ ᎾᏍᎩ ᏧᏤᎵ ᎠᏂᏯᏫᏍᎩ.
20. ᏅᎩᏃ-ᏗᎦᏅᏌᏗ ᎠᏥᏴᎩᏅᎩ, ᎠᎴ ᎠᎦᏠᏯᏍᏔᏅᎩ ᎤᏠᎾᏍᏗ ᎠᏙᎴᎰᏍᎩ ᎾᏍᎩ ᎠᎦᏔᎲ ᎤᏍᏆᏂᎪᏗ ᏥᏚᎸᏫᏍᏓᏁᎲᎩ, ᎾᏍᎩ ᏥᏕᎦᎶᏄᎮᏗᏍᎬᎩ ᎾᏍᎩ Ꮎ ᏅᎩ-ᏗᎦᏅᏌᏗ ᎤᏤᎵ ᎤᏓᏰᎸᏙᏗ ᏗᎨᏥᏰᎸᏔᏅᎯ, ᎠᎴ ᎾᏍᎩ Ꮎ ᏣᎦᏟᎶᏍᏔᏅᎯ ᎠᎾᏓᏙᎵᏍᏓᏁᎯ. ᎯᎠ ᎾᏍᎩ ᎢᏧᎳ ᏗᎬᏅᏃᏛ ᏫᏕᎨᎦᏓᎢᏅᏒᎩ ᎠᏥᎸ ᏨᏓᎸ ᎾᎿᎭᏌᎪᏂᎨ ᎠᏓᏪᎳᎩᏍᎩ ᏗᏓᏪᎳᎩᏍᎬᎢ.
21. ᎤᎾᎵᏃᎯᏴᎯᏃ ᎭᏰᎳᏍᏗ-ᎦᏅᎯᏛ ᏐᏈᎵᎯ ᎤᎩᎵ ᎤᏤᎵᎦ ᏕᎨᏥᎢᏍᏔᏅᎩ, ᎾᏍᎩ ᎠᎰᎵ ᏨᏓᎦᏄᎪᎬᎩ; ᏂᎦᏛᏃ ᏥᏍᏆ ᎾᏍᎩ ᎤᏂᏇᏓᎸ ᏚᏃᎸᎯᏍᏔᏅᎩ.

== Revelation of John 20 ==
1. ᏗᎧᎿᎭᏩᏗᏙᎯᏃ ᎥᏥᎪᎥᎩ ᎦᎸᎳᏗ ᏓᏳᏠᎠᏒᎩ, ᎦᏁᎲᎩ ᎠᏍᏚᎢᏍᏗ ᏫᎾᏍᏛᎾ ᎠᏔᎴᏒᎢ, ᎠᎴ ᎤᏣᏘ ᎡᏆ ᏧᏓᏕᏒᏛ ᎤᏒᎦᎸᎩ.
2. ᎤᏂᏴᎲᎩᏃ ᎢᎾᏛ, ᎾᏍᎩ ᎠᎦᏴᎵ ᎢᎾᏛ, ᎾᏍᎩ ᎠᏍᎩᎾ ᎠᎴ ᏎᏓᏂ ᏣᎪᏎᎰᎢ, ᏌᏉᏃ ᎢᏯᎦᏴᎵ ᎢᏧᏕᏘᏴᏛ ᎠᎦᎸᎸᎩ,
3. ᎠᎴ ᏫᎾᏍᏛᎾ ᏗᏔᎴᏒ ᏩᎦᏓᎢᏅᏒᎩ, ᎠᎴ ᎠᏥᏍᏚᏅᎩ, ᎠᎴ ᎤᏰᎸᏔᏅᎩ ᎠᏍᏚᎲᎢ, ᎾᏍᎩ ᏗᎬᏩᎶᏄᎮᏗ ᎿᎭᏉ ᏂᎨᏒᎾ ᎢᏳᎵᏍᏙᏗᏱ ᏧᎾᏓᎴᏅᏛ ᏴᏫ ᏓᏁᏩᏗᏒᎢ, ᎬᏂ ᏌᏉ ᎢᏯᎦᏴᎵ ᎢᏧᏕᏘᏴᏛ ᏳᎶᏐᏅ; ᎣᏂᏃ ᎿᎭᏉ ᎠᏥᎪᏗ ᎢᎨᏎᏍᏗ ᏞᎦ.
4. ᎠᎴ ᏓᎩᎪᎲ ᏕᎦᏍᎩᎸᎢ, ᎾᎿᎭᏃ ᎤᎾᏅᏅᎩ ᎠᎴ ᏧᏄᎪᏙᏗᏱ ᎥᎨᎦᎵᏍᎪᎸᏓᏁᎸᎩ; ᎠᎴ ᏙᏥᎪᎥᎩ ᏧᎾᏓᏅᏙ ᏗᎨ ᏥᏍᎫᏕᏒᎯ ᎾᏍᎩ ᏥᏌ ᎠᏂᏃᎮᏍᎬ ᎤᏂᏍᏛᏛᎯ ᎠᎴ ᎧᏃᎮᏛ ᎤᏁᎳᏅᎯ ᎤᏤᎵ ᎠᏂᏃᎮᏍᎬᎢ, ᎠᎴ ᎾᏍᎩ ᎤᎾᏓᏙᎵᏍᏓᏁᎸᎯ ᏂᎨᏒᎾ ᏅᎩ-ᏗᎦᏅᏌᏗ, ᎠᎴ ᎾᏍᎩ ᏣᎦᏟᎶᏍᏔᏅᎯ, ᎠᎴ ᏗᎨᎪᏪᎳᏅᎯ ᏂᎨᏒᎾ ᏗᏂᎬᏓᎨᏂ, ᎠᎴ ᏧᏃᏰᏂ; ᎠᎴ ᎾᏍᎩ ᎦᎶᏁᏛ ᎢᏧᎳᎭ ᎠᏁᎲᎩ ᎠᎴ ᎤᏂᎬᏫᏳᎯ ᎥᎨᏒᎩ ᏌᏉ ᎢᏯᎦᏴᎵ ᎢᏧᏕᏘᏴᏛ.
5. ᎠᏂᏐᎢᏍᎩᏂ ᏧᏂᏲᎱᏒᎯ ᎥᏝ ᏯᏁᎮ ᎬᏂ ᏌᏉ ᎢᏯᎦᏴᎵ ᎢᏧᏕᏘᏴᏛ ᏚᎶᏐᏅ. ᎯᎠ ᎾᏍᎩ ᎢᎬᏱᏱ ᏗᎴᎯᏐᏗ ᎨᏒᎢ.
6. ᎣᏏᏳ ᎢᏳᎵᏍᏓᏁᏗ ᎠᎴ ᎾᏍᎦᏅᎾ ᎾᏍᎩ Ꮎ ᎤᏪᎳᏗᏍᏗᏍᎩ ᎢᎬᏱᏱ ᏗᎴᎯᏐᏗ ᎨᏒᎢ; ᎾᏍᎩ ᎥᏝ ᎪᎱᏍᏗ ᏴᎬᏩᏅᎦ ᏔᎵᏁ ᎠᏲᎱᎯᏍᏗ ᎨᏒᎢ, ᎠᏥᎸᏍᎩᏂ-ᏗᏁᎶᎯ ᎨᏎᏍᏗ ᎤᏁᎳᏅᎯ ᎠᎴ ᎦᎶᏁᏛ, ᎠᎴ [ᎦᎶᏁᏛ] ᎢᏧᎳᎭ ᎤᏂᎬᏫᏳᎯ ᎨᏎᏍᏗ ᏌᏉ ᎢᏯᎦᏴᎵ ᎢᏧᏕᏘᏴᏛ.
7. ᏌᏉᏃ ᎢᏯᎦᏴᎵ ᎢᏧᏕᏘᏴᏛ ᎦᎶᏐᏅ, ᏎᏓᏂ ᏛᎠᏥᎧᏂ ᏛᎠᏥᏄᎪᏫᏏ ᎠᏥᏍᏚᎲᎢ;
8. ᎠᎴ ᏛᎡᏙᎵ ᏧᎶᏄᎮᏗᏱ ᏧᎾᏓᎴᏅᏛ ᏴᏫ ᎾᏍᎩ ᏅᎩ ᏂᏚᏓᎠᏗᏒ ᏓᏁᏩᏗᏒᎢ ᎡᎶᎯ ᏣᏁᎭ ᎾᏍᎩ ᎪᎦ ᎠᎴ ᎺᎪᎦ, ᎾᏍᎩ ᏧᏪᏟᏐᏗᏱ ᏧᎾᎵᏍᏗᏱ; ᎾᏂᎥᏃ ᏃᏳ ᎠᎺᏉᎯ ᎠᎲ ᎾᏂᎥ.
9. ᎠᎴ ᏂᎬᎾᏛ ᎡᎶᎯ ᎤᏁᏙᎸᎩ, ᎠᎴ ᏚᎾᏚᏫᏍᏔᏅᎩ ᎠᏂᏅ ᎤᎾᏓᏅᏘ, ᎠᎴ ᎣᏍᏛ ᎠᏰᎸᏗ ᎦᏚᎲᎢ; ᎠᏥᎸᏃ ᎤᎯᎳᏅᎯᏱ ᎦᎸᎳᏗ ᏛᎤᎶᏒᎩ ᎠᎴ ᏚᏂᎰᏅᎩ.
10. ᎠᏍᎩᎾᏃ ᎾᏍᎩ ᎤᏂᎶᏄᎮᎸᎯ ᎠᏥᎸ ᎠᎴ ᏌᎪᏂᎨ ᎠᏓᏪᎳᎩᏍᎩ ᎥᏓᎸ ᏩᎦᏓᎢᏅᏒᎩ, ᎾᎿᎭᎠᏁᎲ ᏅᎩ-ᏗᎦᏅᏌᏗ ᎠᎴ ᎤᏠᎾᏍᏗ ᎠᏙᎴᎰᏍᎩ, ᎠᎴ ᎨᏥᎩᎵᏲᎢᏍᏙᏗ ᎨᏎᏍᏗ ᏂᎪᎯᎸ ᎠᎴ ᏂᎪᎯᎸᎢ.
11. ᎠᎴ ᎠᎩᎪᎲᎩ ᎡᏆ ᎤᏁᎬ ᎦᏍᎩᎶ, ᎠᎴ ᎾᏍᎩ ᎾᎿᎭᎤᏬᎵ, ᎾᏍᎩ ᎤᎧᏛᎢ ᎡᎶᎯ ᎠᎴ ᎦᎸᎶᎢ ᎬᏩᎵᎡᎸᎩ, ᎥᏝ ᎠᎴ ᎢᎸᎯᏢ ᎬᏩᎵᎡᎸᎩ, ᎥᏝ ᎠᎴ ᎢᎸᎯᏢ ᎬᏩᏛᏗ ᏱᎨᏎ ᏭᏂᎶᎯᏍᏗᏱ.
12. ᎠᎴ ᏧᏂᏲᎱᏒᎯ ᎥᎦᏥᎪᎥᎩ, ᏧᎾᏍᏗ ᎠᎴ ᏧᎾᏛᎾ, ᎤᏁᎳᏅᎯ ᎤᏬᎸ ᎢᎬᏱᏗᏢ ᏚᎾᎴᏅᎩ; ᎪᏪᎵᏃ ᏚᏂᏍᏚᎢᏒᎩ; ᎠᎴ ᏅᏩᏓᎴ ᎪᏪᎵ ᎤᏂᏍᏚᎢᏒᎩ, ᎾᏍᎩ ᎬᏂᏛ ᎠᏓᏁᎯ ᏥᎩ; ᏧᏂᏲᎱᏒᎯᏃ ᏙᎨᎫᎪᏓᏁᎸᎩ ᎾᏍᎩᏯ ᏂᎬᏅ ᎪᏪᎸ ᎪᏪᎵᎯ, ᎾᏍᎩᏯ ᏄᏍᏛ ᏚᏂᎸᏫᏍᏓᏁᎸᎢ.
13. ᎠᎺᏉᎯᏃ ᏚᏲᏒᎩ ᏧᏂᏲᎱᏒᎯ ᎾᎿᎭᏄᎾᏛᏅᎢ; ᎠᏲᎱᎯᏍᏗᏃ ᎠᎴ ᏨᏍᎩᏃ ᏚᏂᏲᏒ ᏧᏂᏲᎱᏒᎯ ᎾᎿᎭᎠᏁᎲᎢ; ᎠᎴ ᏕᎨᎫᎪᏓᏁᎸᎩ ᏂᎦᏗᏳ ᎠᏂᏏᏴᏫᎭ ᎾᏍᎩᏯ ᏄᏍᏛ ᏚᏂᎸᏫᏍᏓᏁᎸᎢ.
14. ᎠᏲᎱᎯᏍᏗᏃ ᎨᏒ ᎠᎴ ᏨᏍᎩᏃ ᎠᏥᎸ ᏨᏓᎸ ᏫᏕᎨᎦᏓᎢᏅᏒᎩ. ᎯᎠ ᎾᏍᎩ ᏔᎵᏁ ᎠᏲᎱᎯᏍᏗ ᎨᏒᎢ.
15. ᎾᏂᎥᏃ ᎩᎶ (ᏚᎾᏙᎥ) ᏂᏗᎪᏪᎸᎾ ᎨᏒ ᎯᎠ ᎾᏍᎩ ᎬᏂᏛ ᎠᏓᏁᎯ ᎪᏪᎵᎯ, ᏫᏕᎨᎦᏓᎢᎡᎬᎩ ᎠᏥᎸ ᏨᏓᎸᎢ.

== Revelation of John 21 ==
1. ᏓᎩᎪᎲᎩᏃ ᎢᏤ ᎦᎸᎶᎢ ᎠᎴ ᎢᏤ ᎦᏙᎯ; ᎢᎬᏱᏱᏰᏃ ᎦᎸᎶᎢ ᎠᎴ ᎢᎬᏱᏱ ᎦᏙᎯ ᏥᎨᏒᎩ ᎤᏂᎶᏐᏅᎩ; ᎠᎴ ᎥᏝ ᎿᎭᏉ ᎠᎺᏉᎯ ᏱᎨᏎᎢ.
2. ᎠᎴ ᎠᏴ ᏣᏂ ᎠᎩᎪᎲᎩ ᎦᎸᏉᏗᏳ ᎦᏚᎲ ᎾᏍᎩ ᎢᏤ ᏥᎷᏏᎵᎻ ᏓᏳᏠᎠᏒᎩ ᎤᏁᎳᏅᎯᏱ ᎦᎸᎶᎢ, ᎤᏛᏅᎢᏍᏛᎩ ᎾᏍᎩᏯ ᎠᏥᏰᎯ ᏣᏙᏚᎢᏍᏗᏍᎪ ᏣᏛᏅᎢᏍᏓᏁᎰ ᎤᏰᎯ.
3. ᎠᏆᏛᎦᏅᎩᏃ ᎠᏍᏓᏯ ᎧᏁᎬ ᎩᎶ ᎦᎸᎳᏗ ᏛᏓᎴᎲᏍᎬᎩ ᎯᎠ ᏂᎦᏪᏍᎬᎩ, ᎬᏂᏳᏉ ᎤᏁᎳᏅᎯ ᎤᎵᏦᏛ ᏴᏫ ᎠᏁᎲ ᎤᏓᏑᏯ, ᎠᎴ ᎤᏁᎳᏅᎯ ᎾᏍᎩ ᎠᏁᎲ ᏛᏕᏂ, ᎠᎴ ᎾᏍᎩ ᏧᏤᎵ ᎨᏎᏍᏗ ᏴᏫ, ᎤᏁᎳᏅᎯᏃ ᎤᏩᏒ ᎾᏍᎩ ᎠᏁᎲ ᎡᎮᏍᏗ ᎤᎾᏤᎵ ᎤᏁᎳᏅᎯ ᎨᏎᏍᏗ.
4. ᎠᎴ ᎤᏁᎳᏅᎯ ᏙᏓᎦᏅᎦᎸᎯ ᏂᎦᏛ ᏓᏂᎦᏌᏬᎢᎲᎢ; ᎥᏝ ᎠᎴ ᎿᎭᏉ ᏰᎮᏍᏗ ᎠᏲᎱᎯᏍᏗ, ᎠᎴ ᎤᏲ ᎠᏰᎸᏗ ᎨᏒ, ᎠᎴ ᏗᏠᏯᏍᏗ ᎨᏒᎢ, ᎥᏝ ᎠᎴ ᎿᎭᏉ ᏰᎮᏍᏗ ᎡᎯᏍᏗ ᎨᏒᎢ; ᎢᎬᏱᏱᏰᏃ ᏧᏓᎴᏅᏛ ᏤᎲ ᎤᎶᏐᏅ.
5. ᎦᏍᎩᎸᏃ ᎤᏬᎵ, ᎯᎠ ᏄᏪᏒᎩ, ᎬᏂᏳᏉ ᏂᎦᏗᏳ ᏧᏓᎴᏅᏛ ᎢᏤ ᏂᎬᏁᎭ. ᎠᎴ ᎯᎠ ᎾᎩᏪᏎᎸᎩ, ᎰᏪᎸᎦ; ᎯᎠᏰᏃ ᎾᏍᎩ ᎧᏃᎮᏛ ᎬᏜᏓᏏᏛᎡᏗ ᏂᎨᏒᎾ ᎠᎴ ᎤᏙᎯᏳᎯᏯ.
6. ᎠᎴ ᎯᎠ ᎾᎩᏪᏎᎸᎩ; ᎾᏍᎩ ᏂᏌᎵᏍᏓ. ᎠᏴ ᎡᎵᏆ ᎠᎴ ᎣᎻᎦ, ᎢᎬᏱᏱ ᎨᏒ ᎠᎴ ᎤᎵᏍᏆᎸᏗ ᎨᏒᎢ. ᎤᏔᏕᎩᏍᎩ ᎠᎹ ᎬᏂᏛ ᎠᏓᏁᎯ ᎦᏄᎪᎬ ᏓᏥᏁᏁᎵ ᏧᎬᏩᎶᏗ ᏂᎨᏒᎾ.
7. ᎩᎶ ᎠᏓᏎᎪᎩᏍᎨᏍᏗ ᏂᎦᏗᏳ ᏧᏓᎴᏅᏛ ᎤᏤᎵ ᎢᏳᎵᏍᏙᏗ ᎨᏎᏍᏗ; ᎠᎴ ᎠᏴ ᏥᏯᏁᎳᏅᎯ ᎨᏎᏍᏗ, ᎤᏩᏒᏃ ᎠᏴ ᎠᏇᏥ ᎨᏎᏍᏗ.
8. ᎤᏂᏍᎦᎡᎾᏍᎩᏂ. ᎠᎴ ᏄᏃᎯᏳᏒᎾ, ᎠᎴ ᎤᏂᏍᎦᎢᏍᏗ, ᎠᎴ ᏗᎾᏓᎯᎯ, ᎠᎴ ᎤᏂᏁᎫᏥᏛ, ᎠᎴ ᏗᎾᏙᏂᏍᎩ, ᎠᎴ ᎤᏁᎳᏅᎯ ᏗᏰᎸᎯ ᏗᎾᏓᏙᎵᏍᏓᏁᎯ, ᎠᎴ ᏂᎦᏗᏳ ᎠᏂᏰᎪᎩ, ᎤᎾᏤᎵ ᎢᎨᎬᏁᏗ ᎨᏎᏍᏗ ᎥᏓᎸ ᎾᎿᎭᎠᏓᏪᎵᎩᏍᎬ ᎠᏥᎸ ᎠᎴ ᏌᎪᏂᎨ ᎠᏓᏪᎵᎩᏍᎩ; ᎾᏍᎩ ᏔᎵᏁ ᎠᏲᎱᎯᏍᏗ ᏥᎩ.
9. ᎠᎩᎷᏤᎸᎩᏃ ᎠᏏᏴᏫ ᎾᏍᎩ Ꮎ ᎦᎵᏉᎩ ᎢᏯᏂᏛ ᏗᏂᎧᎿᎭᏩᏗᏙᎯ, ᎾᏍᎩ ᏥᏓᏂᏰᎲᎩ ᏚᎵᏉᎩ ᎫᎫ ᎦᎵᏉᎩ ᎤᎵᏍᏆᎸᏗ ᎤᏕᏯᏙᏗ ᏗᏟᏍᏗ, ᎠᎴ ᎠᏆᎵᏃᎮᏔᏅᎩ, ᎯᎠ ᏄᏪᏒᎩ; ᎡᎮᎾ, ᏓᎬᏯᏎᎮᎵᏃ ᎠᏥᏰᎯ ᎤᏃᏕᎾ ᎠᎩᎾ ᎤᏓᎵᎢ.
10. ᎠᏆᏘᎾᏫᏛᎲᎩᏃ ᏗᏆᏓᏅᏛ ᎡᏆ ᎠᎴ ᎢᏅ ᎢᎦᏘ ᏦᏓᎸᎢ ᏩᏆᏘᏅᏍᏔᏅᎩ, ᎠᎴ ᎠᎩᎾᏄᎪᏫᏎᎸᎩ Ꮎ ᎡᏆ ᎦᏚᎲᎢ, ᎾᏍᎩ ᎦᎸᏉᏗ ᏥᎷᏏᎵᎻ, ᎡᎳᏗ ᏅᏓᏳᏍᏗᏗᏒᎩ ᎦᎸᎳᏗ ᎤᏁᎳᏅᎯᏱ ᏛᏓᎴᎲᏍᎬᎩ.
11. ᎦᎸᏉᏗᏳ ᎨᏒ ᎤᏁᎳᏅᎯ ᎤᏤᎵᎦ ᎤᏣᏃᏛᎩ; ᎠᎴ ᎾᏍᎩ ᏚᎸᏌᏛ, ᏅᏯ ᎤᏣᏘ ᏧᎬᏩᎶᏗ ᎾᏍᎩᏯ ᎨᏒᎩ, ᎾᏍᎩ ᏣᏍᏆ ᏅᏯ ᎾᏍᎩᏯᎢ ᏗᎬᏩᎸᏌᏛ ᎨᏒᎩ.
12. ᎠᏐᏴᎩᏃ ᎡᏆ ᎢᏅ ᎢᎦᏘ, ᎦᎶᎯᏍᏗᏱᏃ ᏔᎳᏚ ᏕᎪᏢᏒᎩ, ᎠᎴ ᎦᎶᎯᏍᏗᏱ ᏔᎳᏚ ᎢᏯᏂᏛ ᏗᏂᎧᎿᎭᏩᏗᏙᎯ [ᏓᏂᏙᎬᎩ,] ᏚᎾᏙᎥᏃ ᏕᎪᏪᎸᎩ ᎦᎶᎯᏍᏗᏱ, ᎾᏍᎩ ᏔᎳᏚ ᎾᏂᎳᏍᏓᎸ ᎢᏏᎵ ᏧᏪᏥ ᏚᎾᏙᎥᎢ.
13. ᏅᏙ ᏗᎧᎸᎬ ᎢᏗᏢ ᏦᎢ ᎦᎶᎯᏍᏗᏱ [ᏕᎪᏢᏒᎩ,] ᏧᏴᏢᏃ ᎢᏗᏢ ᏦᎢ ᎦᎶᎯᏍᏗᏱ; ᏧᎦᎾᏮᏃ ᎢᏗᏢ ᏦᎢ ᎦᎶᎯᏍᏗᏱ; ᏭᏕᎵᎬᏃ ᎢᏗᏢ ᏦᎢ ᎦᎶᎯᏍᏗᏱ.
14. ᎠᏐᏴᏃ ᎦᏚᎲ ᏔᎳᏚ ᏕᎦᎫᏍᏓᎥᎩ, ᏕᎦᎫᏍᏓᎥᏃ ᏔᎳᏚ ᏚᎾᏙᎥᎢ [ᏕᎪᏪᎸᎩ,] ᎾᏍᎩ ᏔᎳᏚ ᎢᏯᏂᏛ ᎤᏃᏕᎾ ᎠᎩᎾ ᏧᏅᏏᏛ ᏚᎾᏙᎥᎢ.
15. ᎾᏍᎩᏃ ᎠᏆᎵᏃᎮᏔᏅᎯ ᎦᏁᎲᎩ ᎠᏕᎸᏓᎶᏂᎨ ᎠᏢᏔᏅᎯ ᎠᏟᎶᏍᏗ, ᎦᏚᎲ ᎠᏟᎶᏍᏗ, ᎠᎴ ᎦᎶᎯᏍᏗᏱ ᏗᏟᎶᏍᏗ, ᎠᎴ ᎠᏐᏴ ᎠᏟᎶᏍᏗ.
16. ᎦᏚᎲᏃ ᏅᎩ ᏧᏅᏏᏴ ᎨᏒᎩ, ᎦᏅᎯᏒ ᎠᎴ ᎠᏯᏛᎥ ᎤᏠᏱᏉ ᎨᏒᎩ. ᎤᏟᎶᎥᎩᏃ ᎦᏚᎲ ᎤᏩᏔᏅᎩ ᎠᏟᎶᏍᏗ, ᎯᏍᎩᎦᏚ ᎢᏯᏍᎪᎯᏧᏈ ᎢᏳᏟᎶᏛ ᏂᎬᎩ. ᏂᎦᏅᎯᏒ ᎠᎴ ᎾᏯᏛᎲ ᎠᎴ ᏂᎦᏛᎢ ᎤᏠᏱᏉ ᎨᏒᎩ.
17. ᎠᏎᏴᏃ ᎤᏟᎶᎥᎩ ᎠᏍᎪᎯᏧᏈ ᏅᎦᏍᎪᎯ ᏅᎩᎦᎵ ᎢᏯᎩᏳᏍᏈᏛ ᎤᏟᎶᎥᎩ, ᎾᏍᎩ ᏴᏫ ᎤᏟᎶᏍᏗ ᎢᎦᏅᎯᏛ, ᎾᏍᎩ ᏗᎧᎿᎭᏩᏗᏙᎯ ᎤᏟᎶᏍᏗ.
18. ᎠᏐᏴᏃ ᏣᏍᏆ ᏅᏯ ᎠᏁᏍᎨᏛᎩ; ᎦᏚᎲᏃ ᎪᎱᏍᏗ ᎾᏑᏴᎾ ᎠᏕᎸ ᏓᎶᏂᎨ ᎪᏢᏛᎩ, ᏧᎸᏌᏛ ᎠᏓᎨᏗ ᎾᏍᎩᏯᎢ.
19. ᏕᎦᎫᏍᏓᎥᏃ ᎠᏐᏴ ᎦᏚᎲᎢ ᏕᎪᏚᎢᏍᏛᎩ ᏄᏓᎴᏒ ᏗᎦᎸᏉᏗ ᏅᏯ; ᎢᎬᏱᏱ ᎦᎫᏍᏓᎥ ᏣᏍᏆ ᎨᏒᎩ, ᏔᎵᏁᏃ ᏌᏆᏯ, ᏦᎢᏁᏃ ᎦᎵᏏᏙᏂ, ᏅᎩᏁᏃ ᎡᎻᎳ,
20. ᎯᏍᎩᏃ ᏌᏙᏂᎩ, ᏑᏓᎵᏁᏃ ᏌᏗᏱ, ᎦᎵᏉᎩᏁᏃ ᎩᏐᎳᏗ, ᏧᏁᎵᏁᏃ ᏇᎵ, ᏐᎣᏁᎵᏁᏃ ᏙᏆᏏ, ᎠᏍᎪᎯᏁᏃ ᏟᏌᏇᏌ, ᏌᏚᏏᏁᏃ ᏤᏏᏂ, ᏔᎳᏚᏏᏁᏃ ᎠᎻᏗᏏ.
21. ᏔᎳᏚᏃ ᏕᎪᏢᏒ ᏗᏍᏚᏗ ᏔᎳᏚ ᏓᎬᎾᎢᏳᎾᏍᏗ ᏕᎪᏢᏛᎩ; ᏌᏉ ᎠᏍᏚᏗ ᏌᏉ ᏓᎬᎾᎢᏳᏍᏗ ᎪᏢᏛᎩ ᎡᏓᏍᏗᏱ ᎤᏜᏓᏅᏛ ᎦᏚᎲ ᎪᎱᏍᏗ ᎾᏑᏴᎾ ᎠᏕᎸ ᏓᎶᏂᎨ ᎠᏢᏛᎩ, ᏧᎸᏌᏛ ᎠᏓᎨᏗ ᎾᏍᎩᏯᎢ.
22. ᎥᏝ ᎠᎴ ᏯᎩᎪᎮ ᎾᎿᎭᏗᎦᎳᏫᎢᏍᏗᏱ; ᎤᎬᏫᏳᎯᏰᏃ ᎤᏁᎳᏅᎯ ᏫᎾᏍᏛᎾ ᎤᎵᏂᎩᏛ ᎠᎴ ᎤᏃᏕᎾ-ᎠᎩᎾ ᎾᏍᎩ ᏗᎦᎳᏫᎢᏍᏗᏱ ᎢᎩ.
23. ᎦᏚᎲᏃ ᎥᏝ ᏳᎾᏚᎵ ᏅᏙ-ᎢᎦ-ᎡᎯ ᎠᎴ ᏅᏙ-ᎡᏃᏱ-ᎡᎯ ᎤᎦᎵᎯᏍᏗᏱ ᎾᎿᎭᏂ; ᎦᎸᏉᏗᏳᏰᏃ ᎨᏒ ᎤᏁᎳᏅᎯ ᎤᏤᎵ ᎢᎦ ᎤᏘᏍᏛ ᎾᎿᎭᏂ, ᎠᎴ ᎤᏃᏕᎾ-ᎠᎩᎾ ᎢᎦ ᎠᏘᏍᏗᏍᎩ ᎢᎩ ᎾᎿᎭᏂ.
24. ᏧᎾᏓᎴᏅᏛᏃ ᏴᏫ ᎾᏍᎩ ᎨᏥᏍᏕᎸᏛ ᎨᏒ ᎾᏍᎩ ᏚᎸᏌᏛ ᎠᏁᏙᎮᏍᏗ; ᎤᏂᎬᏫᏳᏃ ᎡᎶᎯ ᎠᏁᎯ ᎾᎿᎭᎠᏂᏴᎯᎭ ᎨᏥᎸᏉᏛ ᎠᎴ ᏧᎾᏤᎵ ᏧᏓᎴᏅᏛ ᏗᎦᎸᏉᏗ.
25. ᎠᎴ ᎦᎶᎯᏍᏗᏱ ᎾᎿᎭᏕᎪᏢᏒ ᎥᏝ ᏧᏂᏍᏚᏗ ᏱᎨᏎᏍᏗ ᎢᎦ, ᎥᏝᏰᏃ ᏒᏃᏱ ᏱᎨᏎᏍᏗ ᎾᎿᎭᏂ.
26. ᎠᎴ ᎾᎿᎭᎠᏂᏲᎯᎮᏍᏗ ᏧᎾᏓᎴᏅᏛ ᎠᏴ ᎤᎾᏤᎵ ᎦᎸᏉᏗᏳ ᎨᏒ ᎠᎴ ᏣᏓᎴᏅᏛ ᏗᎦᎸᏉᏗ.
27. ᎠᎴ ᎥᏝ ᎠᏎ ᎾᎿᎭᎤᏴᏍᏗ ᏱᎨᏎᏍᏗ ᎪᎱᏍᏗ ᎦᏓᎭ, ᎠᎴ ᎤᏂᏆᏘᏍᏗ ᏧᎸᏫᏍᏓᏁᎯ, ᎠᎴ ᎦᏰᎪᎩ; ᎤᏅᏒᏍᎩᏂ [ᎤᏂᏴᏍᏗ ᎨᏎᏍᏗ ᏚᎾᏙᎥ] ᏗᎪᏪᎵ ᎬᏂᏛ ᎠᏓᏁᎯ ᎪᏪᎵᎯ ᎤᏃᏕᎾᎠᎩᎾ ᎤᏤᎵᎦ.

== Revelation of John 22 ==
1. ᎠᎩᎾᏄᎪᏫᏎᎸᎩᏃ ᎤᏁᎬ ᎤᏪᏴ ᎠᎹ ᎬᏂᏛ ᎠᏓᏁᎯ, ᏗᎬᏩᎸᏌᏛ ᎨᏒᎩ, ᏓᎦᎾᏄᎪᎬᎩ ᎦᏍᎩᎸ ᎤᏁᎳᏅᎯ ᎠᎴ ᎤᏃᏕᎾ ᎠᎩᎾ ᎤᎾᏤᎵᎦ.
2. ᎠᏰᎵᏃ ᎤᏜᏓᏅᏛ ᎾᎿᎭᎡᏓᏍᏗᏱ, ᎠᎴ ᎢᏧᎳᏗᏢ ᎤᏪᏴᎢ, ᏡᎬᎩ ᎬᏂᏛ ᎠᏓᏁᎯ ᏡᎬᎢ, ᎾᏍᎩ ᏔᎳᏚ ᎢᏳᏓᎴᎩ ᎠᏓᏛᏍᎬᎩ ᎠᎴ ᏂᏓᏦᎳᏂᏒ ᎬᎾᏍᎬᎩ ᎤᏓᏔᏅᎯ; ᎤᎳᏍᏚᏒᏃ ᎤᎾᏅᏬᏗ ᎨᏒᎩ ᏧᎾᏓᎴᏅᏛ ᏴᏫ.
3. ᎥᏝ ᎠᎴ ᎿᎭᏉ ᏰᎮᏍᏗ ᎤᏐᏅᎢ; ᎤᏁᎳᏅᎯᏍᎩᏂ ᎤᏤᎵ ᎠᎴ ᎤᏃᏕᎾ ᎠᎩᎾ ᎤᏤᎵ ᎦᏍᎩᎶ ᎾᎿᎭᎦᏍᎩᎴᏍᏗ; ᏧᏤᎵᏃ ᏧᏅᏏᏓᏍᏗ ᎬᏩᏓᏙᎵᏍᏓᏁᎮᏍᏗ;
4. ᎤᎧᏛᏃ ᎠᏂᎪᏩᏘᏍᎨᏍᏗ; ᏚᏙᎥᏃ ᎾᏍᎩ ᏗᏂᎬᏓᎨᏂ ᏕᎪᏪᎴᏍᏗ.
5. ᎥᏝ ᎠᎴ ᏒᏃᏱ ᏱᎨᏎᏍᏗ ᎾᎿᎭᏂ, ᎥᏝ ᎠᎴ ᏳᎾᏚᎵ ᎠᏨᏍᏙᏗ, ᎠᎴ ᏅᏙ ᎢᎦᎡᎯ ᎢᎦ ᎤᏘᏍᏛᎢ; ᎤᎬᏫᏳᎯᏰᏃ ᎤᏁᎳᏅᎯ ᎢᎦ ᏓᏘᏍᏓᏁᎭ, ᎤᏂᎬᏫᏳᎯᏃ ᎨᏎᏍᏗ ᎤᎵᏍᏆᏗᏍᏗ ᏂᎨᏒᎾ.
6. ᎯᎠᏃ ᎾᎩᏪᏎᎸᎩ, ᎯᎠ ᎾᏍᎩ ᎧᏃᎮᏛ ᎬᏜᏓᏏᏛᎡᏗ ᏂᎨᏒᎾ ᎠᎴ ᎤᏙᎯᏳᎯᏯ. ᎤᎬᏫᏳᎯᏃ ᎤᏁᎳᏅᎯ ᎨᏥᎸᏉᏗ ᎠᎾᏙᎴᎰᏍᎩ ᎤᎾᏤᎵᎦ ᏧᏅᏎ ᎤᏤᎵ ᏗᎧᎿᎭᏩᏗᏙᎯ ᎬᏂᎨᏒ ᎢᏧᏩᏁᏗᏱ ᏧᏤᎵ ᏧᏅᏏᏓᏍᏗ, ᎾᏍᎩ ᏧᏓᎴᏅᏛ ᏂᎪᎯᎸᎾᏉ ᎢᏳᎵᏍᏙᏗ ᎨᏒᎢ.
7. ᎬᏂᏳᏉ ᏞᎩᏳ ᏓᏥᎷᏥ; ᎣᏏᏳ ᎢᏳᎵᏍᏓᏁᏗ ᎠᏍᏆᏂᎪᏗᏍᎩ ᎧᏃᎮᏛ ᎠᏙᎴᎰᏒᎯ ᎠᏂ ᎪᏪᎵᎯ ᎪᏪᎸᎢ.
8. ᎠᎴ ᎠᏴ ᏣᏂ ᎠᎩᎪᎲᎩ ᎯᎠ ᎾᏍᎩ ᏧᏓᎴᏅᏛ, ᎠᎴ ᎠᏆᏛᎦᏅᎩ. ᎠᏆᏛᎦᏅᏃ ᎠᎴ ᎠᎩᎪᎲ, ᎡᎳᏗ ᎠᏆᏓᏅᏅᎩ ᏓᎦᏓᏙᎵᏍᏔᏂᏒᎩ ᏚᎳᏍᎬ ᎾᏍᎩ Ꮎ ᏗᎧᎿᎭᏩᏗᏙᎯ ᎯᎠ ᎾᏍᎩ ᏧᏓᎴᏅᏛ ᎠᎩᎾᏄᎪᏫᏎᎸᎯ.
9. ᎯᎠᏃ ᎾᎩᏪᏎᎸᎩ, ᎥᏞᏍᏗ. ᎠᏴᏰᏃ ᎤᏠᏱᏉ ᎡᎩᏂᏅᏏᏓᏍᏗ, ᎠᎴ ᎠᏴ ᎾᏍᎩ ᎠᎾᏙᎴᎰᏍᎩ ᏥᎨᏒ ᎢᏣᎵᏅᏟ, ᎠᎴ ᎾᏍᎩ ᎠᏂᏍᏆᏂᎪᏗᏍᎩ ᎧᏃᎮᏛ ᎠᏂ ᎪᏪᎵᎯ ᎪᏪᎸᎢ; ᎤᏁᎳᏅᎯ ᎯᏯᏓᏙᎵᏍᏓᏏ.
10. ᎯᎠᏃ ᎾᎩᏪᏎᎸᎩ, ᏞᏍᏗ ᏣᏍᏚᏅᎩ ᎧᏃᎮᏛ ᎠᏙᎴᎰᏒᎯ ᎠᏂ ᎯᎠ ᎪᏪᎵᎯ; ᎤᏍᏆᎸᎯᏗᏰᏃ.
11. ᎩᎶ ᎠᏍᎦᎾ ᎨᏎᏍᏗ, ᎠᏏᏉ ᎠᏍᎦᎾ ᎨᏎᏍᏗ; ᎩᎶᏃ ᎦᏓᎭ ᎨᏎᏍᏗ, ᎠᏏᏉ ᎦᏓᎭ ᎨᏎᏍᏗ; ᎩᎶᏃ ᎣᏏᏳ ᎢᏯᏛᏁᎯ ᎨᏎᏍᏗ, ᎠᏏᏉ ᎣᏏᏳ ᎢᏯᏛᏁᎯ ᎨᏎᏍᏗ; ᎩᎶᏃ ᎠᏍᎦᎾ ᏂᎨᏒᎾ ᎨᏎᏍᏗ, ᎠᏏᏉ ᎠᏍᎦᎾ ᏂᎨᏒᎾ ᎨᏎᏍᏗ.
12. ᎠᎴ ᎬᏂᏳᏉ ᏞᎩᏳ ᏓᏥᎷᏥ; ᎠᎴ ᎠᏆᎫᏴᏗ ᏥᏰᎮᏍᏗ, ᎦᏥᏁᏗᏱ ᎾᏂᎥ ᎠᏂᏏᏴᏫᎭ ᎾᏍᎩᏯ ᏄᏍᏛ ᏚᏂᎸᏫᏍᏓᏁᎸᎢ.
13. ᎠᏴ ᎡᎵᏆ ᎠᎴ ᎣᎻᎦ, ᏗᏓᎴᏅᏗᏍᎩ ᎠᎴ ᎠᏍᏆᏗᏍᏗᏍᎩ, ᎠᎴ ᎢᎬᏱᏱ ᎠᎴ ᎤᎵᏍᏆᎸᎢ.
14. ᎣᏏᏳ ᎢᏳᎾᎵᏍᏓᏁᏗ ᎾᏍᎩ Ꮎ ᎤᏤᎵ ᏗᎧᎿᎭᏩᏛᏍᏗ ᏂᎦᏪᏍᎬ ᎢᏯᎾᏛᏁᎯ, ᎾᏍᎩ ᎬᏂᏛ ᏡᎬ ᎤᎾᏤᎵ ᎢᏳᎵᏍᏙᏗᏱ, ᎠᎴ ᏫᎬᏩᏂᏴᏍᏗ ᎢᏳᎵᏍᏙᏗᏱ ᎦᎶᎯᏍᏗᏱ ᎪᏢᏒ ᎦᏚᎲᎢ.
15. ᏙᏱᏗᏢᏰᏃ ᎠᏁᏙᎭ ᎩᎶ, ᎠᎴ ᏗᎾᏙᏂᏍᎩ, ᎠᎴ ᎤᏂᏁᎫᏥᏛ, ᎠᎴ ᏗᎾᏓᎯᎯ, ᎠᎴ ᎤᏁᎳᏅᎯ ᏗᏰᎸᎯ ᏗᎾᏓᏙᎵᏍᏓᏁᎯ, ᎠᎴ ᏂᎦᏗᏳ ᎣᏏᏳ ᎤᏂᏰᎸᎯ ᎦᏰᎪᎩ ᎨᏒ, ᎠᎴ ᎦᏰᎪᎩ ᎠᏃᏢᏍᎩ.
16. ᎠᏴ ᏥᏌ ᏗᏥᏅᏒ ᎠᏆᏤᎵ ᏗᎧᎿᎭᏩᏗᏙᎯ ᎬᏂᎨᏒ ᎢᏨᏁᏗᏱ ᎯᎠ ᎾᏍᎩ ᏧᏓᎴᏅᏛ ᏧᎾᏁᎶᏗ ᏚᎾᏓᏡᏩᏗᏒᎢ. ᎠᏴ ᏕᏫ ᎤᏪᏥ ᎠᎴ ᎾᏍᎩ ᎤᏁᏢᏔᏅᏛ ᎨᏒᎢ, ᎠᎴ ᏃᏈᏏ ᏧᎦᏙᏴᎢᏍᏗ ᎠᎴ ᏑᎾᎴ ᎡᎯ.
17. ᎠᏓᏅᏙᏃ ᎠᎴ ᎠᏥᏰᎯ ᎡᎮᎾ ᎠᎾᏗᎭ. ᎠᎴ ᎠᏛᎩᏍᎩ ᎡᎮᎾ ᎠᏗᏍᎨᏍᏗ. ᎠᎴ ᎩᎶ ᎤᏔᏕᎩᏍᎩ ᏫᎦᎷᎩ; ᎠᎴ ᎩᎶ ᎤᏚᎵᏍᎨᏍᏗ ᎦᏁᎩᏍᎨᏍᏗ ᎠᎹ ᎬᏂᏛ ᎠᏓᏁᎯ ᏧᎬᏩᎶᏗ ᏂᎨᏒᎾ.
18. ᎬᏂᎨᏒᏰᏃ ᏂᎦᏥᏴᏁᎭ ᎾᏂᎥᏉ ᎩᎶ ᎠᎾᏛᎩᏍᎩ ᎧᏃᎮᏛ ᎠᏙᎴᎰᏒᎯ ᎠᏂ ᎪᏪᎵᎯ ᏥᎪᏪᎳ, ᎾᏍᎩ ᎢᏳᏃ ᎩᎶ ᎢᎧᏁᏉᏍᎨᏍᏗ ᎯᎠ ᎾᏍᎩ ᏧᏓᎴᏅᏛ ᎠᏂ ᎪᏪᎵᎯ ᏥᎪᏪᎳ, ᎤᏁᎳᏅᎯ ᎠᏎ ᎤᏁᏉᎡᏗ ᎨᏎᏍᏗ ᎤᏕᏯᏙᏗ ᎨᏒ ᎠᏂ ᎪᏪᎵᎯ ᏥᎪᏪᎳ;
19. ᎢᏳ ᎠᎴ ᎩᎶ ᎢᎪᏣᎴᏍᎨᏍᏗ ᎢᎦᏛ ᎧᏃᎮᏛ ᎪᏪᎵᎯ ᎯᎠ ᎾᏍᎩ ᎠᏙᎴᎰᏒᎯ ᎨᏒᎢ, ᎤᏁᎳᏅᎯ ᎠᏎ ᏓᏳᏬᏣᎳᎡᎵ ᎤᏤᎵ ᎨᏒ ᎬᏂᏛ ᎠᏓᏁᎯ ᎪᏪᎵᎯ, ᎠᎴ ᎦᎸᏉᏗᏳ ᎦᏚᎲᎢ, ᎠᎴ ᏧᏓᎴᏅᏛ ᎪᏪᎸ ᎠᏂ ᎪᏪᎵᎯ.
20. ᎯᎠ ᎾᏍᎩ ᏧᏓᎴᏅᏛ ᎬᏂᎨᏒ ᎢᎬᏁᎯ, ᎯᎠ ᏂᎦᏪᎭ, ᎤᏙᎯᏳᎯᏯ ᏞᎩᏳ ᏓᏥᎷᏥ. ᎡᎺᏅ; ᎰᏩᏉ; ᏞᎩᏳ ᎯᎷᎩ ᏣᎬᏫᏳᎯ ᏥᏌ.
21. ᎬᏩᎦᏘᏯ ᎤᏓᏙᎵᏍᏗ ᎨᏒ ᎤᎬᏫᏳᎯ ᏥᏌ ᎦᎶᏁᏛ ᎢᎦᏤᎵᎦ ᎢᏤᎳᏗᏙᎮᏍᏗ ᏂᏥᎥᎢ. ᎡᎺᏅ.

